index,stage,path,channel,x,y,travel_m,travel_s,switch_s,measure_s,clear_s,total_s,result
2,discovery,/measure,1,0.0,0.0,0.0,0.0,0,5,0,5.0,no_signal
3,discovery,/measure,2,0.0,0.0,0.0,0.0,1,5,0,6.0,no_signal
4,discovery,/measure,3,0.0,0.0,0.0,0.0,1,5,0,6.0,no_signal
5,discovery,/measure,4,0.0,0.0,0.0,0.0,1,5,0,6.0,no_signal
6,discovery,/measure,5,0.0,0.0,0.0,0.0,1,5,0,6.0,no_signal
7,discovery,/measure,6,0.0,0.0,0.0,0.0,1,5,0,6.0,no_signal
8,discovery,/measure,7,0.0,0.0,0.0,0.0,1,5,0,6.0,no_signal
9,discovery,/measure,8,0.0,0.0,0.0,0.0,1,5,0,6.0,no_signal
10,discovery,/measure,9,0.0,0.0,0.0,0.0,1,5,0,6.0,no_signal
11,discovery,/measure,10,0.0,0.0,0.0,0.0,1,5,0,6.0,no_signal
12,discovery,/measure,11,0.0,0.0,0.0,0.0,1,5,0,6.0,no_signal
13,discovery,/measure,12,0.0,0.0,0.0,0.0,1,5,0,6.0,no_signal
14,discovery,/measure,13,0.0,0.0,0.0,0.0,1,5,0,6.0,direction
15,discovery,/measure,14,0.0,0.0,0.0,0.0,1,5,0,6.0,no_signal
16,discovery,/measure,15,0.0,0.0,0.0,0.0,1,5,0,6.0,no_signal
17,discovery,/measure,16,0.0,0.0,0.0,0.0,1,5,0,6.0,no_signal
18,discovery,/measure,17,0.0,0.0,0.0,0.0,1,5,0,6.0,no_signal
19,discovery,/measure,18,0.0,0.0,0.0,0.0,1,5,0,6.0,no_signal
20,discovery,/measure,19,0.0,0.0,0.0,0.0,1,5,0,6.0,no_signal
21,discovery,/measure,20,0.0,0.0,0.0,0.0,1,5,0,6.0,no_signal
22,discovery,/measure,20,-700.0,0.0,700.0,140.0,0,5,0,145.0,no_signal
23,discovery,/measure,1,-700.0,0.0,0.0,0.0,1,5,0,6.0,no_signal
24,discovery,/measure,2,-700.0,0.0,0.0,0.0,1,5,0,6.0,no_signal
25,discovery,/measure,3,-700.0,0.0,0.0,0.0,1,5,0,6.0,no_signal
26,discovery,/measure,4,-700.0,0.0,0.0,0.0,1,5,0,6.0,direction
27,discovery,/measure,5,-700.0,0.0,0.0,0.0,1,5,0,6.0,no_signal
28,discovery,/measure,6,-700.0,0.0,0.0,0.0,1,5,0,6.0,no_signal
29,discovery,/measure,7,-700.0,0.0,0.0,0.0,1,5,0,6.0,no_signal
30,discovery,/measure,8,-700.0,0.0,0.0,0.0,1,5,0,6.0,no_signal
31,discovery,/measure,9,-700.0,0.0,0.0,0.0,1,5,0,6.0,direction
32,discovery,/measure,10,-700.0,0.0,0.0,0.0,1,5,0,6.0,direction
33,discovery,/measure,11,-700.0,0.0,0.0,0.0,1,5,0,6.0,no_signal
34,discovery,/measure,12,-700.0,0.0,0.0,0.0,1,5,0,6.0,no_signal
35,discovery,/measure,13,-700.0,0.0,0.0,0.0,1,5,0,6.0,no_signal
36,discovery,/measure,14,-700.0,0.0,0.0,0.0,1,5,0,6.0,no_signal
37,discovery,/measure,15,-700.0,0.0,0.0,0.0,1,5,0,6.0,no_signal
38,discovery,/measure,16,-700.0,0.0,0.0,0.0,1,5,0,6.0,no_signal
39,discovery,/measure,17,-700.0,0.0,0.0,0.0,1,5,0,6.0,no_signal
40,discovery,/measure,18,-700.0,0.0,0.0,0.0,1,5,0,6.0,direction
41,discovery,/measure,19,-700.0,0.0,0.0,0.0,1,5,0,6.0,no_signal
42,active_localization,/measure,9,-830.1851172600661,-254.89636641880386,286.2172642758055,57.2434528551611,1,5,0,63.2434528551611,direction
43,active_localization,/measure,9,-1633.5586673342168,-500.0385716482731,839.9427133700912,167.98854267401822,0,5,0,172.98854267401822,direction
44,certified_clear,/clear,9,-1678.3674736301687,-455.11642102706014,63.44941873731451,12.689883747462902,0,0,5,17.6898837474629,success
45,discovery,/measure,1,-700.0,-700.0,1008.5488985210756,201.70977970421512,1,5,0,207.70977970421512,no_signal
46,discovery,/measure,2,-700.0,-700.0,0.0,0.0,1,5,0,6.0,no_signal
47,discovery,/measure,3,-700.0,-700.0,0.0,0.0,1,5,0,6.0,no_signal
48,discovery,/measure,4,-700.0,-700.0,0.0,0.0,1,5,0,6.0,no_signal
49,discovery,/measure,5,-700.0,-700.0,0.0,0.0,1,5,0,6.0,no_signal
50,discovery,/measure,6,-700.0,-700.0,0.0,0.0,1,5,0,6.0,no_signal
51,discovery,/measure,7,-700.0,-700.0,0.0,0.0,1,5,0,6.0,no_signal
52,discovery,/measure,8,-700.0,-700.0,0.0,0.0,1,5,0,6.0,no_signal
53,discovery,/measure,10,-700.0,-700.0,0.0,0.0,1,5,0,6.0,direction
54,discovery,/measure,11,-700.0,-700.0,0.0,0.0,1,5,0,6.0,no_signal
55,discovery,/measure,12,-700.0,-700.0,0.0,0.0,1,5,0,6.0,no_signal
56,discovery,/measure,13,-700.0,-700.0,0.0,0.0,1,5,0,6.0,no_signal
57,discovery,/measure,14,-700.0,-700.0,0.0,0.0,1,5,0,6.0,no_signal
58,discovery,/measure,15,-700.0,-700.0,0.0,0.0,1,5,0,6.0,no_signal
59,discovery,/measure,16,-700.0,-700.0,0.0,0.0,1,5,0,6.0,no_signal
60,discovery,/measure,17,-700.0,-700.0,0.0,0.0,1,5,0,6.0,no_signal
61,discovery,/measure,18,-700.0,-700.0,0.0,0.0,1,5,0,6.0,no_signal
62,discovery,/measure,19,-700.0,-700.0,0.0,0.0,1,5,0,6.0,no_signal
63,discovery,/measure,20,-700.0,-700.0,0.0,0.0,1,5,0,6.0,no_signal
64,active_localization,/measure,10,-823.9684021614022,-856.4316574110858,199.59716474647243,39.91943294929449,1,5,0,45.91943294929449,direction
65,active_localization,/measure,10,-728.9858875538365,-1264.369670647737,418.84973525674167,83.76994705134834,0,5,0,88.76994705134834,direction
66,certified_clear,/clear,10,-705.4686255912115,-1295.8832985149081,39.321372707082276,7.864274541416455,0,0,5,12.864274541416455,success
67,discovery,/measure,1,-1400.0,-700.0,915.1233444116524,183.02466888233047,1,5,0,189.02466888233047,no_signal
68,discovery,/measure,2,-1400.0,-700.0,0.0,0.0,1,5,0,6.0,no_signal
69,discovery,/measure,3,-1400.0,-700.0,0.0,0.0,1,5,0,6.0,no_signal
70,discovery,/measure,4,-1400.0,-700.0,0.0,0.0,1,5,0,6.0,no_signal
71,discovery,/measure,5,-1400.0,-700.0,0.0,0.0,1,5,0,6.0,no_signal
72,discovery,/measure,6,-1400.0,-700.0,0.0,0.0,1,5,0,6.0,no_signal
73,discovery,/measure,7,-1400.0,-700.0,0.0,0.0,1,5,0,6.0,no_signal
74,discovery,/measure,8,-1400.0,-700.0,0.0,0.0,1,5,0,6.0,no_signal
75,discovery,/measure,11,-1400.0,-700.0,0.0,0.0,1,5,0,6.0,no_signal
76,discovery,/measure,12,-1400.0,-700.0,0.0,0.0,1,5,0,6.0,no_signal
77,discovery,/measure,13,-1400.0,-700.0,0.0,0.0,1,5,0,6.0,no_signal
78,discovery,/measure,14,-1400.0,-700.0,0.0,0.0,1,5,0,6.0,no_signal
79,discovery,/measure,15,-1400.0,-700.0,0.0,0.0,1,5,0,6.0,no_signal
80,discovery,/measure,16,-1400.0,-700.0,0.0,0.0,1,5,0,6.0,no_signal
81,discovery,/measure,17,-1400.0,-700.0,0.0,0.0,1,5,0,6.0,no_signal
82,discovery,/measure,18,-1400.0,-700.0,0.0,0.0,1,5,0,6.0,no_signal
83,discovery,/measure,19,-1400.0,-700.0,0.0,0.0,1,5,0,6.0,no_signal
84,discovery,/measure,20,-1400.0,-700.0,0.0,0.0,1,5,0,6.0,no_signal
85,discovery,/measure,20,-1400.0,-1400.0,700.0,140.0,0,5,0,145.0,no_signal
86,discovery,/measure,1,-1400.0,-1400.0,0.0,0.0,1,5,0,6.0,no_signal
87,discovery,/measure,2,-1400.0,-1400.0,0.0,0.0,1,5,0,6.0,no_signal
88,discovery,/measure,3,-1400.0,-1400.0,0.0,0.0,1,5,0,6.0,no_signal
89,discovery,/measure,4,-1400.0,-1400.0,0.0,0.0,1,5,0,6.0,no_signal
90,discovery,/measure,5,-1400.0,-1400.0,0.0,0.0,1,5,0,6.0,no_signal
91,discovery,/measure,6,-1400.0,-1400.0,0.0,0.0,1,5,0,6.0,no_signal
92,discovery,/measure,7,-1400.0,-1400.0,0.0,0.0,1,5,0,6.0,no_signal
93,discovery,/measure,8,-1400.0,-1400.0,0.0,0.0,1,5,0,6.0,no_signal
94,discovery,/measure,11,-1400.0,-1400.0,0.0,0.0,1,5,0,6.0,no_signal
95,discovery,/measure,12,-1400.0,-1400.0,0.0,0.0,1,5,0,6.0,no_signal
96,discovery,/measure,13,-1400.0,-1400.0,0.0,0.0,1,5,0,6.0,no_signal
97,discovery,/measure,14,-1400.0,-1400.0,0.0,0.0,1,5,0,6.0,no_signal
98,discovery,/measure,15,-1400.0,-1400.0,0.0,0.0,1,5,0,6.0,no_signal
99,discovery,/measure,16,-1400.0,-1400.0,0.0,0.0,1,5,0,6.0,no_signal
100,discovery,/measure,17,-1400.0,-1400.0,0.0,0.0,1,5,0,6.0,no_signal
101,discovery,/measure,18,-1400.0,-1400.0,0.0,0.0,1,5,0,6.0,no_signal
102,discovery,/measure,19,-1400.0,-1400.0,0.0,0.0,1,5,0,6.0,no_signal
103,discovery,/measure,19,-700.0,-1400.0,700.0,140.0,0,5,0,145.0,no_signal
104,discovery,/measure,1,-700.0,-1400.0,0.0,0.0,1,5,0,6.0,no_signal
105,discovery,/measure,2,-700.0,-1400.0,0.0,0.0,1,5,0,6.0,no_signal
106,discovery,/measure,3,-700.0,-1400.0,0.0,0.0,1,5,0,6.0,no_signal
107,discovery,/measure,4,-700.0,-1400.0,0.0,0.0,1,5,0,6.0,no_signal
108,discovery,/measure,5,-700.0,-1400.0,0.0,0.0,1,5,0,6.0,no_signal
109,discovery,/measure,6,-700.0,-1400.0,0.0,0.0,1,5,0,6.0,no_signal
110,discovery,/measure,7,-700.0,-1400.0,0.0,0.0,1,5,0,6.0,no_signal
111,discovery,/measure,8,-700.0,-1400.0,0.0,0.0,1,5,0,6.0,no_signal
112,discovery,/measure,11,-700.0,-1400.0,0.0,0.0,1,5,0,6.0,no_signal
113,discovery,/measure,12,-700.0,-1400.0,0.0,0.0,1,5,0,6.0,no_signal
114,discovery,/measure,13,-700.0,-1400.0,0.0,0.0,1,5,0,6.0,no_signal
115,discovery,/measure,14,-700.0,-1400.0,0.0,0.0,1,5,0,6.0,no_signal
116,discovery,/measure,15,-700.0,-1400.0,0.0,0.0,1,5,0,6.0,no_signal
117,discovery,/measure,16,-700.0,-1400.0,0.0,0.0,1,5,0,6.0,no_signal
118,discovery,/measure,17,-700.0,-1400.0,0.0,0.0,1,5,0,6.0,no_signal
119,discovery,/measure,18,-700.0,-1400.0,0.0,0.0,1,5,0,6.0,no_signal
120,discovery,/measure,20,-700.0,-1400.0,0.0,0.0,1,5,0,6.0,no_signal
121,discovery,/measure,20,-700.0,-2100.0,700.0,140.0,0,5,0,145.0,no_signal
122,discovery,/measure,1,-700.0,-2100.0,0.0,0.0,1,5,0,6.0,no_signal
123,discovery,/measure,2,-700.0,-2100.0,0.0,0.0,1,5,0,6.0,no_signal
124,discovery,/measure,3,-700.0,-2100.0,0.0,0.0,1,5,0,6.0,no_signal
125,discovery,/measure,4,-700.0,-2100.0,0.0,0.0,1,5,0,6.0,no_signal
126,discovery,/measure,5,-700.0,-2100.0,0.0,0.0,1,5,0,6.0,no_signal
127,discovery,/measure,6,-700.0,-2100.0,0.0,0.0,1,5,0,6.0,no_signal
128,discovery,/measure,7,-700.0,-2100.0,0.0,0.0,1,5,0,6.0,no_signal
129,discovery,/measure,8,-700.0,-2100.0,0.0,0.0,1,5,0,6.0,no_signal
130,discovery,/measure,11,-700.0,-2100.0,0.0,0.0,1,5,0,6.0,no_signal
131,discovery,/measure,12,-700.0,-2100.0,0.0,0.0,1,5,0,6.0,no_signal
132,discovery,/measure,13,-700.0,-2100.0,0.0,0.0,1,5,0,6.0,no_signal
133,discovery,/measure,14,-700.0,-2100.0,0.0,0.0,1,5,0,6.0,no_signal
134,discovery,/measure,15,-700.0,-2100.0,0.0,0.0,1,5,0,6.0,no_signal
135,discovery,/measure,16,-700.0,-2100.0,0.0,0.0,1,5,0,6.0,no_signal
136,discovery,/measure,17,-700.0,-2100.0,0.0,0.0,1,5,0,6.0,no_signal
137,discovery,/measure,18,-700.0,-2100.0,0.0,0.0,1,5,0,6.0,no_signal
138,discovery,/measure,19,-700.0,-2100.0,0.0,0.0,1,5,0,6.0,no_signal
139,discovery,/measure,19,-1400.0,-2100.0,700.0,140.0,0,5,0,145.0,no_signal
140,discovery,/measure,1,-1400.0,-2100.0,0.0,0.0,1,5,0,6.0,no_signal
141,discovery,/measure,2,-1400.0,-2100.0,0.0,0.0,1,5,0,6.0,no_signal
142,discovery,/measure,3,-1400.0,-2100.0,0.0,0.0,1,5,0,6.0,no_signal
143,discovery,/measure,4,-1400.0,-2100.0,0.0,0.0,1,5,0,6.0,no_signal
144,discovery,/measure,5,-1400.0,-2100.0,0.0,0.0,1,5,0,6.0,no_signal
145,discovery,/measure,6,-1400.0,-2100.0,0.0,0.0,1,5,0,6.0,no_signal
146,discovery,/measure,7,-1400.0,-2100.0,0.0,0.0,1,5,0,6.0,no_signal
147,discovery,/measure,8,-1400.0,-2100.0,0.0,0.0,1,5,0,6.0,no_signal
148,discovery,/measure,11,-1400.0,-2100.0,0.0,0.0,1,5,0,6.0,no_signal
149,discovery,/measure,12,-1400.0,-2100.0,0.0,0.0,1,5,0,6.0,no_signal
150,discovery,/measure,13,-1400.0,-2100.0,0.0,0.0,1,5,0,6.0,no_signal
151,discovery,/measure,14,-1400.0,-2100.0,0.0,0.0,1,5,0,6.0,no_signal
152,discovery,/measure,15,-1400.0,-2100.0,0.0,0.0,1,5,0,6.0,no_signal
153,discovery,/measure,16,-1400.0,-2100.0,0.0,0.0,1,5,0,6.0,no_signal
154,discovery,/measure,17,-1400.0,-2100.0,0.0,0.0,1,5,0,6.0,no_signal
155,discovery,/measure,18,-1400.0,-2100.0,0.0,0.0,1,5,0,6.0,no_signal
156,discovery,/measure,20,-1400.0,-2100.0,0.0,0.0,1,5,0,6.0,no_signal
157,discovery,/measure,20,-2100.0,-1400.0,989.9494936611666,197.9898987322333,0,5,0,202.9898987322333,no_signal
158,discovery,/measure,1,-2100.0,-1400.0,0.0,0.0,1,5,0,6.0,no_signal
159,discovery,/measure,2,-2100.0,-1400.0,0.0,0.0,1,5,0,6.0,no_signal
160,discovery,/measure,3,-2100.0,-1400.0,0.0,0.0,1,5,0,6.0,no_signal
161,discovery,/measure,4,-2100.0,-1400.0,0.0,0.0,1,5,0,6.0,no_signal
162,discovery,/measure,5,-2100.0,-1400.0,0.0,0.0,1,5,0,6.0,no_signal
163,discovery,/measure,6,-2100.0,-1400.0,0.0,0.0,1,5,0,6.0,no_signal
164,discovery,/measure,7,-2100.0,-1400.0,0.0,0.0,1,5,0,6.0,no_signal
165,discovery,/measure,8,-2100.0,-1400.0,0.0,0.0,1,5,0,6.0,no_signal
166,discovery,/measure,11,-2100.0,-1400.0,0.0,0.0,1,5,0,6.0,no_signal
167,discovery,/measure,12,-2100.0,-1400.0,0.0,0.0,1,5,0,6.0,no_signal
168,discovery,/measure,13,-2100.0,-1400.0,0.0,0.0,1,5,0,6.0,no_signal
169,discovery,/measure,14,-2100.0,-1400.0,0.0,0.0,1,5,0,6.0,no_signal
170,discovery,/measure,15,-2100.0,-1400.0,0.0,0.0,1,5,0,6.0,no_signal
171,discovery,/measure,16,-2100.0,-1400.0,0.0,0.0,1,5,0,6.0,no_signal
172,discovery,/measure,17,-2100.0,-1400.0,0.0,0.0,1,5,0,6.0,no_signal
173,discovery,/measure,18,-2100.0,-1400.0,0.0,0.0,1,5,0,6.0,no_signal
174,discovery,/measure,19,-2100.0,-1400.0,0.0,0.0,1,5,0,6.0,no_signal
175,discovery,/measure,19,-2100.0,-700.0,700.0,140.0,0,5,0,145.0,no_signal
176,discovery,/measure,1,-2100.0,-700.0,0.0,0.0,1,5,0,6.0,no_signal
177,discovery,/measure,2,-2100.0,-700.0,0.0,0.0,1,5,0,6.0,no_signal
178,discovery,/measure,3,-2100.0,-700.0,0.0,0.0,1,5,0,6.0,no_signal
179,discovery,/measure,4,-2100.0,-700.0,0.0,0.0,1,5,0,6.0,no_signal
180,discovery,/measure,5,-2100.0,-700.0,0.0,0.0,1,5,0,6.0,no_signal
181,discovery,/measure,6,-2100.0,-700.0,0.0,0.0,1,5,0,6.0,no_signal
182,discovery,/measure,7,-2100.0,-700.0,0.0,0.0,1,5,0,6.0,no_signal
183,discovery,/measure,8,-2100.0,-700.0,0.0,0.0,1,5,0,6.0,no_signal
184,discovery,/measure,11,-2100.0,-700.0,0.0,0.0,1,5,0,6.0,no_signal
185,discovery,/measure,12,-2100.0,-700.0,0.0,0.0,1,5,0,6.0,no_signal
186,discovery,/measure,13,-2100.0,-700.0,0.0,0.0,1,5,0,6.0,no_signal
187,discovery,/measure,14,-2100.0,-700.0,0.0,0.0,1,5,0,6.0,no_signal
188,discovery,/measure,15,-2100.0,-700.0,0.0,0.0,1,5,0,6.0,no_signal
189,discovery,/measure,16,-2100.0,-700.0,0.0,0.0,1,5,0,6.0,no_signal
190,discovery,/measure,17,-2100.0,-700.0,0.0,0.0,1,5,0,6.0,no_signal
191,discovery,/measure,18,-2100.0,-700.0,0.0,0.0,1,5,0,6.0,no_signal
192,discovery,/measure,20,-2100.0,-700.0,0.0,0.0,1,5,0,6.0,no_signal
193,discovery,/measure,20,-2100.0,0.0,700.0,140.0,0,5,0,145.0,no_signal
194,discovery,/measure,1,-2100.0,0.0,0.0,0.0,1,5,0,6.0,no_signal
195,discovery,/measure,2,-2100.0,0.0,0.0,0.0,1,5,0,6.0,no_signal
196,discovery,/measure,3,-2100.0,0.0,0.0,0.0,1,5,0,6.0,no_signal
197,discovery,/measure,4,-2100.0,0.0,0.0,0.0,1,5,0,6.0,no_signal
198,discovery,/measure,5,-2100.0,0.0,0.0,0.0,1,5,0,6.0,no_signal
199,discovery,/measure,6,-2100.0,0.0,0.0,0.0,1,5,0,6.0,no_signal
200,discovery,/measure,7,-2100.0,0.0,0.0,0.0,1,5,0,6.0,no_signal
201,discovery,/measure,8,-2100.0,0.0,0.0,0.0,1,5,0,6.0,no_signal
202,discovery,/measure,11,-2100.0,0.0,0.0,0.0,1,5,0,6.0,no_signal
203,discovery,/measure,12,-2100.0,0.0,0.0,0.0,1,5,0,6.0,no_signal
204,discovery,/measure,13,-2100.0,0.0,0.0,0.0,1,5,0,6.0,no_signal
205,discovery,/measure,14,-2100.0,0.0,0.0,0.0,1,5,0,6.0,no_signal
206,discovery,/measure,15,-2100.0,0.0,0.0,0.0,1,5,0,6.0,no_signal
207,discovery,/measure,16,-2100.0,0.0,0.0,0.0,1,5,0,6.0,no_signal
208,discovery,/measure,17,-2100.0,0.0,0.0,0.0,1,5,0,6.0,no_signal
209,discovery,/measure,18,-2100.0,0.0,0.0,0.0,1,5,0,6.0,no_signal
210,discovery,/measure,19,-2100.0,0.0,0.0,0.0,1,5,0,6.0,no_signal
211,discovery,/measure,19,-1400.0,0.0,700.0,140.0,0,5,0,145.0,no_signal
212,discovery,/measure,1,-1400.0,0.0,0.0,0.0,1,5,0,6.0,direction
213,discovery,/measure,2,-1400.0,0.0,0.0,0.0,1,5,0,6.0,no_signal
214,discovery,/measure,3,-1400.0,0.0,0.0,0.0,1,5,0,6.0,no_signal
215,discovery,/measure,4,-1400.0,0.0,0.0,0.0,1,5,0,6.0,direction
216,discovery,/measure,5,-1400.0,0.0,0.0,0.0,1,5,0,6.0,no_signal
217,discovery,/measure,6,-1400.0,0.0,0.0,0.0,1,5,0,6.0,no_signal
218,discovery,/measure,7,-1400.0,0.0,0.0,0.0,1,5,0,6.0,no_signal
219,discovery,/measure,8,-1400.0,0.0,0.0,0.0,1,5,0,6.0,no_signal
220,discovery,/measure,11,-1400.0,0.0,0.0,0.0,1,5,0,6.0,no_signal
221,discovery,/measure,12,-1400.0,0.0,0.0,0.0,1,5,0,6.0,no_signal
222,discovery,/measure,13,-1400.0,0.0,0.0,0.0,1,5,0,6.0,no_signal
223,discovery,/measure,14,-1400.0,0.0,0.0,0.0,1,5,0,6.0,no_signal
224,discovery,/measure,15,-1400.0,0.0,0.0,0.0,1,5,0,6.0,no_signal
225,discovery,/measure,16,-1400.0,0.0,0.0,0.0,1,5,0,6.0,no_signal
226,discovery,/measure,17,-1400.0,0.0,0.0,0.0,1,5,0,6.0,no_signal
227,discovery,/measure,18,-1400.0,0.0,0.0,0.0,1,5,0,6.0,no_signal
228,discovery,/measure,20,-1400.0,0.0,0.0,0.0,1,5,0,6.0,no_signal
229,active_localization,/measure,4,-1261.7324404981634,232.73171906864553,270.70642968212053,54.141285936424104,1,5,0,60.141285936424104,direction
230,certified_clear,/clear,4,-989.1051352279883,573.1058837873106,436.0965713999667,87.21931427999334,0,0,5,92.21931427999334,success
231,discovery,/measure,1,-1400.0,700.0,430.04268000444944,86.00853600088989,1,5,0,92.00853600088989,direction
232,discovery,/measure,2,-1400.0,700.0,0.0,0.0,1,5,0,6.0,no_signal
233,discovery,/measure,3,-1400.0,700.0,0.0,0.0,1,5,0,6.0,no_signal
234,discovery,/measure,5,-1400.0,700.0,0.0,0.0,1,5,0,6.0,no_signal
235,discovery,/measure,6,-1400.0,700.0,0.0,0.0,1,5,0,6.0,no_signal
236,discovery,/measure,7,-1400.0,700.0,0.0,0.0,1,5,0,6.0,no_signal
237,discovery,/measure,8,-1400.0,700.0,0.0,0.0,1,5,0,6.0,no_signal
238,discovery,/measure,11,-1400.0,700.0,0.0,0.0,1,5,0,6.0,no_signal
239,discovery,/measure,12,-1400.0,700.0,0.0,0.0,1,5,0,6.0,no_signal
240,discovery,/measure,13,-1400.0,700.0,0.0,0.0,1,5,0,6.0,no_signal
241,discovery,/measure,14,-1400.0,700.0,0.0,0.0,1,5,0,6.0,no_signal
242,discovery,/measure,15,-1400.0,700.0,0.0,0.0,1,5,0,6.0,no_signal
243,discovery,/measure,16,-1400.0,700.0,0.0,0.0,1,5,0,6.0,no_signal
244,discovery,/measure,17,-1400.0,700.0,0.0,0.0,1,5,0,6.0,no_signal
245,discovery,/measure,18,-1400.0,700.0,0.0,0.0,1,5,0,6.0,no_signal
246,discovery,/measure,19,-1400.0,700.0,0.0,0.0,1,5,0,6.0,no_signal
247,discovery,/measure,20,-1400.0,700.0,0.0,0.0,1,5,0,6.0,no_signal
248,active_localization,/measure,1,-545.1629867883904,765.6048029172205,857.3507504646817,171.47015009293634,1,5,0,177.47015009293634,direction
249,certified_clear,/clear,1,-537.1897915343625,742.1501545480735,24.772815194870013,4.954563038974003,0,0,5,9.954563038974003,success
250,optical_fallback,/clear,18,-280.0588738679088,477.0398590975798,369.32340512596903,73.8646810251938,0,0,3,76.8646810251938,no_target_in_range
251,optical_fallback,/clear,18,-294.6990345900358,463.4139391642216,19.99999999999997,3.9999999999999942,0,0,3,6.999999999999995,no_target_in_range
252,optical_fallback,/clear,18,-265.4187131457817,490.6657790309379,39.999999999999986,7.999999999999997,0,0,3,10.999999999999996,no_target_in_range
253,optical_fallback,/clear,18,-309.3391953121629,449.78801923086337,60.0,12.0,0,0,3,15.0,no_target_in_range
254,optical_fallback,/clear,18,-250.77855242365465,504.29169896429613,79.99999999999999,15.999999999999996,0,0,3,18.999999999999996,no_target_in_range
255,optical_fallback,/clear,18,-323.97935603428994,436.16209929750516,100.0,20.0,0,0,3,23.0,no_target_in_range
256,optical_fallback,/clear,18,-236.13839170152758,517.9176188976543,119.99999999999997,23.999999999999993,0,0,3,26.999999999999993,no_target_in_range
257,optical_fallback,/clear,18,-338.619516756417,422.53617936414696,140.0,28.0,0,0,3,31.0,no_target_in_range
258,optical_fallback,/clear,18,-221.49823097940052,531.5435388310125,160.0,32.0,0,0,3,35.0,no_target_in_range
259,optical_fallback,/clear,18,-353.25967747854406,408.9102594307888,179.99999999999997,35.99999999999999,0,0,3,38.99999999999999,no_target_in_range
260,optical_fallback,/clear,18,-206.85807025727345,545.1694587643707,199.99999999999997,39.99999999999999,0,0,3,42.99999999999999,no_target_in_range
261,optical_fallback,/clear,18,-367.8998382006711,395.2843394974306,220.0,44.0,0,0,3,47.0,no_target_in_range
262,optical_fallback,/clear,18,-266.4329539345506,462.39969837545266,121.65525060596435,24.33105012119287,0,0,3,27.33105012119287,no_target_in_range
263,optical_fallback,/clear,18,-281.07311465667766,448.7737784420945,19.999999999999975,3.999999999999995,0,0,3,6.999999999999995,no_target_in_range
264,optical_fallback,/clear,18,-251.79279321242356,476.02561830881086,39.999999999999964,7.999999999999993,0,0,3,10.999999999999993,no_target_in_range
265,optical_fallback,/clear,18,-295.7132753788047,435.1478585087363,59.99999999999998,11.999999999999996,0,0,3,14.999999999999996,no_target_in_range
266,optical_fallback,/clear,18,-192.21790953514642,558.7953786977289,161.245154965971,32.249030993194204,0,0,3,35.249030993194204,no_target_in_range
267,optical_fallback,/clear,18,-237.1526324902965,489.65153824216907,82.46211251235323,16.492422502470646,0,0,3,19.492422502470646,no_target_in_range
268,optical_fallback,/clear,18,-382.5399989227982,381.6584195640724,181.1077027627483,36.221540552549655,0,0,3,39.221540552549655,no_target_in_range
269,optical_fallback,/clear,18,-310.3534361009318,421.5219385753781,82.46211251235319,16.49242250247064,0,0,3,19.49242250247064,no_target_in_range
270,optical_fallback,/clear,18,-222.51247176816943,503.2774581755273,120.00000000000001,24.000000000000004,0,0,3,27.000000000000004,no_target_in_range
271,optical_fallback,/clear,18,-324.99359682305885,407.89601864201995,140.0,28.0,0,0,3,31.0,no_target_in_range
272,optical_fallback,/clear,18,-177.57774881301935,572.4212986310871,220.90722034374522,44.181444068749045,0,0,3,47.181444068749045,no_target_in_range
273,optical_fallback,/clear,18,-207.87231104604237,516.9033781088855,63.245553203367585,12.649110640673516,0,0,3,15.649110640673516,no_target_in_range
274,optical_fallback,/clear,18,-397.18015964492525,368.03249963071426,240.83189157584587,48.166378315169176,0,0,3,51.166378315169176,no_target_in_range
275,optical_fallback,/clear,18,-339.6337575451859,394.27009870866175,63.24555320336755,12.64911064067351,0,0,3,15.64911064067351,no_target_in_range
276,optical_fallback,/clear,18,-193.2321503239153,530.5292980422437,200.00000000000003,40.00000000000001,0,0,3,43.00000000000001,no_target_in_range
277,optical_fallback,/clear,18,-354.273918267313,380.64417877530354,220.00000000000003,44.00000000000001,0,0,3,47.00000000000001,no_target_in_range
278,optical_fallback,/clear,18,-162.9375880908923,586.0472185644453,280.71337695236406,56.14267539047281,0,0,3,59.14267539047281,no_target_in_range
279,optical_fallback,/clear,18,-411.8203203670523,354.40657969735605,340.0,68.0,0,0,3,71.0,no_target_in_range
280,optical_fallback,/clear,18,-252.80703400119242,447.75953765332565,184.39088914585773,36.87817782917155,0,0,3,39.87817782917155,no_target_in_range
281,optical_fallback,/clear,18,-267.44719472331946,434.13361771996745,19.999999999999993,3.9999999999999987,0,0,3,6.999999999999998,no_target_in_range
282,optical_fallback,/clear,18,-178.59198960178827,544.1552179756018,141.42135623730942,28.284271247461884,0,0,3,31.284271247461884,no_target_in_range
283,optical_fallback,/clear,18,-238.16687327906536,461.3854575866838,101.98039027185565,20.39607805437113,0,0,3,23.39607805437113,no_target_in_range
284,optical_fallback,/clear,18,-282.0873554454465,420.50769778660924,59.99999999999998,11.999999999999996,0,0,3,14.999999999999996,no_target_in_range
285,optical_fallback,/clear,18,-368.91407898944004,367.01825884194534,101.98039027185573,20.396078054371145,0,0,3,23.396078054371145,no_target_in_range
286,optical_fallback,/clear,18,-223.5267125569383,475.011377520042,181.10770276274835,36.22154055254967,0,0,3,39.22154055254967,no_target_in_range
287,optical_fallback,/clear,18,-296.7275161675736,406.88177785325104,100.0,20.0,0,0,3,23.0,no_target_in_range
288,optical_fallback,/clear,18,-148.29742736876523,599.6731384978034,243.31050121192877,48.662100242385755,0,0,3,51.662100242385755,no_target_in_range
289,optical_fallback,/clear,18,-208.88655183481123,488.6372974534002,126.49110640673511,25.298221281347022,0,0,3,28.298221281347022,no_target_in_range
290,optical_fallback,/clear,18,-311.36767688970065,393.25585791989283,140.00000000000003,28.000000000000007,0,0,3,31.000000000000007,no_target_in_range
291,optical_fallback,/clear,18,-163.9518288796612,557.7811379089601,220.90722034374525,44.18144406874905,0,0,3,47.18144406874905,no_target_in_range
292,optical_fallback,/clear,18,-426.4604810891794,340.78065976399785,340.58772731852804,68.11754546370561,0,0,3,71.11754546370561,no_target_in_range
293,optical_fallback,/clear,18,-383.5542397115671,353.39233890858713,44.72135954999575,8.94427190999915,0,0,3,11.94427190999915,no_target_in_range
294,optical_fallback,/clear,18,-194.24639111268417,502.26321738675836,240.83189157584593,48.16637831516918,0,0,3,51.16637831516918,no_target_in_range
295,optical_fallback,/clear,18,-326.0078376118277,379.6299379865347,179.99999999999997,35.99999999999999,0,0,3,38.99999999999999,no_target_in_range
296,optical_fallback,/clear,18,-179.6062303905571,515.8891373201166,199.99999999999997,39.99999999999999,0,0,3,42.99999999999999,no_target_in_range
297,optical_fallback,/clear,18,-133.65726664663816,613.2990584311617,107.70329614269016,21.540659228538033,0,0,3,24.540659228538033,no_target_in_range
298,optical_fallback,/clear,18,-149.31166815753414,571.4070578423182,44.721359549995896,8.944271909999179,0,0,3,11.944271909999179,no_target_in_range
299,optical_fallback,/clear,18,-340.6479983339548,366.0040180531765,280.71337695236394,56.14267539047279,0,0,3,59.14267539047279,no_target_in_range
300,optical_fallback,/clear,18,-398.19440043369417,339.766418975229,63.2455532033676,12.64911064067352,0,0,3,15.64911064067352,no_target_in_range
301,optical_fallback,/clear,18,-441.10064181130645,327.15473983063964,44.72135954999577,8.944271909999154,0,0,3,11.944271909999154,no_target_in_range
302,optical_fallback,/clear,18,-164.96606966843007,529.5150572534748,342.3448553724738,68.46897107449476,0,0,3,71.46897107449476,no_target_in_range
303,optical_fallback,/clear,18,-239.18111406783422,433.11937693119853,121.65525060596441,24.33105012119288,0,0,3,27.33105012119288,no_target_in_range
304,optical_fallback,/clear,18,-253.82127478996125,419.4934569978404,19.999999999999954,3.9999999999999907,0,0,3,6.999999999999991,no_target_in_range
305,optical_fallback,/clear,18,-355.28815905608184,352.3780981198183,121.65525060596444,24.331050121192888,0,0,3,27.331050121192888,no_target_in_range
306,optical_fallback,/clear,18,-224.54095334570715,446.74529686455674,161.245154965971,32.249030993194204,0,0,3,35.249030993194204,no_target_in_range
307,optical_fallback,/clear,18,-268.4614355120883,405.8675370644822,59.99999999999998,11.999999999999996,0,0,3,14.999999999999996,no_target_in_range
308,optical_fallback,/clear,18,-209.9007926235801,460.37121679791494,79.99999999999999,15.999999999999996,0,0,3,18.999999999999996,no_target_in_range
309,optical_fallback,/clear,18,-134.67150743540708,585.0329777756764,145.60219778561034,29.12043955712207,0,0,3,32.12043955712207,no_target_in_range
310,optical_fallback,/clear,18,-283.1015962342154,392.241617131124,243.31050121192877,48.662100242385755,0,0,3,51.662100242385755,no_target_in_range
311,optical_fallback,/clear,18,-119.0171059245111,626.9249783645198,286.35642126552705,57.27128425310541,0,0,3,60.27128425310541,no_target_in_range
312,optical_fallback,/clear,18,-412.83456115582123,326.1404990418708,420.47592083257274,84.09518416651454,0,0,3,87.09518416651454,no_target_in_range
313,optical_fallback,/clear,18,-195.26063190145302,473.99713673127314,263.0589287593182,52.611785751863636,0,0,3,55.611785751863636,no_target_in_range
314,optical_fallback,/clear,18,-150.325908946303,543.140977186833,82.4621125123532,16.49242250247064,0,0,3,19.49242250247064,no_target_in_range
315,optical_fallback,/clear,18,-297.74175695634244,378.6156971977658,220.9072203437452,44.18144406874904,0,0,3,47.18144406874904,no_target_in_range
316,optical_fallback,/clear,18,-455.74080253343345,313.52881989728144,170.88007490635061,34.17601498127012,0,0,3,37.17601498127012,no_target_in_range
317,optical_fallback,/clear,18,-369.9283197782089,338.7521781864601,89.44271909999154,17.888543819998308,0,0,3,20.888543819998308,no_target_in_range
318,optical_fallback,/clear,18,-180.62047117932596,487.62305666463135,240.83189157584593,48.16637831516918,0,0,3,51.16637831516918,no_target_in_range
319,optical_fallback,/clear,18,-312.3819176784695,364.9897772644076,180.0,36.0,0,0,3,39.0,no_target_in_range
320,optical_fallback,/clear,18,-120.03134671328002,598.6588977090346,302.6549190084311,60.53098380168622,0,0,3,63.53098380168622,no_target_in_range
321,optical_fallback,/clear,18,-135.68574822417594,556.7668971201912,44.72135954999577,8.944271909999154,0,0,3,11.944271909999154,no_target_in_range
322,optical_fallback,/clear,18,-165.9803104571989,501.2489765979895,63.24555320336761,12.649110640673523,0,0,3,15.649110640673523,no_target_in_range
323,optical_fallback,/clear,18,-427.4747218779483,312.5145791085126,322.4903099319421,64.49806198638842,0,0,3,67.49806198638842,no_target_in_range
324,optical_fallback,/clear,18,-327.02207840059657,351.3638573310494,107.70329614269012,21.540659228538026,0,0,3,24.540659228538026,no_target_in_range
325,optical_fallback,/clear,18,-384.56848050033597,325.1262582531019,63.2455532033676,12.64911064067352,0,0,3,15.64911064067352,no_target_in_range
326,optical_fallback,/clear,18,-104.37694520238404,640.550898297878,421.90046219457975,84.38009243891595,0,0,3,87.38009243891595,no_target_in_range
327,optical_fallback,/clear,18,-470.3809632555606,299.9028999639233,500.0,100.0,0,0,3,103.0,no_target_in_range
328,optical_fallback,/clear,18,-151.34014973507186,514.8748965313478,384.7076812334269,76.94153624668539,0,0,3,79.94153624668539,no_target_in_range
329,optical_fallback,/clear,18,-341.66223912272363,337.7379373976912,260.0,52.0,0,0,3,55.0,no_target_in_range
330,optical_fallback,/clear,18,-225.555194134476,418.4792162090715,141.42135623730954,28.28427124746191,0,0,3,31.28427124746191,no_target_in_range
331,optical_fallback,/clear,18,-240.19535485660305,404.8532962757134,19.999999999999954,3.9999999999999907,0,0,3,6.999999999999991,no_target_in_range
332,optical_fallback,/clear,18,-210.91503341234895,432.1051361424297,39.999999999999964,7.999999999999993,0,0,3,10.999999999999993,no_target_in_range
333,optical_fallback,/clear,18,-121.04558750204887,570.3928170535494,164.9242250247064,32.98484500494128,0,0,3,35.98484500494128,no_target_in_range
334,optical_fallback,/clear,18,-254.8355155787301,391.22737634235517,223.60679774997894,44.72135954999579,0,0,3,47.72135954999579,no_target_in_range
335,optical_fallback,/clear,18,-105.39118599115295,612.2848176423928,266.8332812825266,53.36665625650532,0,0,3,56.36665625650532,no_target_in_range
336,optical_fallback,/clear,18,-196.27487269022188,445.73105607578793,189.73665961010272,37.947331922020545,0,0,3,40.947331922020545,no_target_in_range
337,optical_fallback,/clear,18,-399.20864122246303,311.5003383197437,243.31050121192885,48.66210024238577,0,0,3,51.66210024238577,no_target_in_range
338,optical_fallback,/clear,18,-269.4756763008572,377.60145640899697,145.60219778561043,29.120439557122086,0,0,3,32.12043955712208,no_target_in_range
339,optical_fallback,/clear,18,-442.11488260007536,298.88865917515443,189.73665961010283,37.94733192202057,0,0,3,40.94733192202057,no_target_in_range
340,optical_fallback,/clear,18,-136.6999890129448,528.5008164647058,382.099463490856,76.4198926981712,0,0,3,79.4198926981712,no_target_in_range
341,optical_fallback,/clear,18,-181.63471196809482,459.35697600914614,82.4621125123531,16.49242250247062,0,0,3,19.49242250247062,no_target_in_range
342,optical_fallback,/clear,18,-284.11583702298424,363.9755364756388,140.0,28.0,0,0,3,31.0,no_target_in_range
343,optical_fallback,/clear,18,-356.3023998448507,324.112017464333,82.46211251235329,16.492422502470657,0,0,3,19.492422502470657,no_target_in_range
344,optical_fallback,/clear,18,-89.73678448025697,654.1768182312362,424.26406871192853,84.8528137423857,0,0,3,87.8528137423857,no_target_in_range
345,optical_fallback,/clear,18,-166.99455124596776,472.98289594250434,196.977156035922,39.3954312071844,0,0,3,42.3954312071844,no_target_in_range
346,optical_fallback,/clear,18,-298.7559977451113,350.3496165422806,180.0,36.0,0,0,3,39.0,no_target_in_range
347,optical_fallback,/clear,18,-485.0211239776876,286.2769800305651,196.97715603592206,39.395431207184416,0,0,3,42.395431207184416,no_target_in_range
348,optical_fallback,/clear,18,-106.40542677992181,584.0187369869075,481.66378315169175,96.33275663033835,0,0,3,99.33275663033835,no_target_in_range
349,optical_fallback,/clear,18,-122.05982829081773,542.126736398064,44.72135954999577,8.944271909999154,0,0,3,11.944271909999154,no_target_in_range
350,optical_fallback,/clear,18,-413.8488019445901,297.8744183863855,380.52595180880894,76.10519036176179,0,0,3,79.10519036176179,no_target_in_range
351,optical_fallback,/clear,18,-90.75102526902589,625.910737575751,460.4345773288536,92.08691546577072,0,0,3,95.08691546577072,no_target_in_range
352,optical_fallback,/clear,18,-152.3543905238407,486.6088158758625,152.31546211727814,30.463092423455628,0,0,3,33.46309242345563,no_target_in_range
353,optical_fallback,/clear,18,-370.94256056697776,310.48609753097486,280.71337695236406,56.14267539047281,0,0,3,59.14267539047281,no_target_in_range
354,optical_fallback,/clear,18,-313.39615846723837,336.7236966089224,63.24555320336763,12.649110640673525,0,0,3,15.649110640673525,no_target_in_range
355,optical_fallback,/clear,18,-456.75504332220237,285.2627392417962,152.3154621172782,30.46309242345564,0,0,3,33.46309242345564,no_target_in_range
356,optical_fallback,/clear,18,-137.71422980171366,500.2347358092207,384.7076812334269,76.94153624668539,0,0,3,79.94153624668539,no_target_in_range
357,optical_fallback,/clear,18,-75.09662375812991,667.8027381645944,178.88543819998316,35.77708763999663,0,0,3,38.77708763999663,no_target_in_range
358,optical_fallback,/clear,18,-91.76526605779475,597.6446569202658,72.11102550927973,14.422205101855946,0,0,3,17.422205101855944,no_target_in_range
359,optical_fallback,/clear,18,-328.03631918936543,323.0977766755642,362.2154055254967,72.44308110509934,0,0,3,75.44308110509934,no_target_in_range
360,optical_fallback,/clear,18,-107.41966756869067,555.7526563314223,320.6243908376279,64.12487816752558,0,0,3,67.12487816752558,no_target_in_range
361,optical_fallback,/clear,18,-385.5827212891048,296.86017759761666,380.0,76.0,0,0,3,79.0,no_target_in_range
362,optical_fallback,/clear,18,-428.48896266671716,284.2484984530273,44.721359549995825,8.944271909999165,0,0,3,11.944271909999165,no_target_in_range
363,optical_fallback,/clear,18,-499.6612846998147,272.6510600972069,72.11102550927976,14.422205101855951,0,0,3,17.42220510185595,no_target_in_range
364,optical_fallback,/clear,18,-76.11086454689882,639.5366575091091,560.357029044876,112.07140580897519,0,0,3,115.07140580897519,no_target_in_range
365,optical_fallback,/clear,18,-123.0740690795866,513.860655742579,134.1640786499872,26.832815729997442,0,0,3,29.832815729997442,no_target_in_range
366,optical_fallback,/clear,18,-342.6764799114925,309.471856742206,300.00000000000006,60.000000000000014,0,0,3,63.000000000000014,no_target_in_range
367,optical_fallback,/clear,18,-471.3952040443295,271.636819308438,134.16407864998746,26.832815729997492,0,0,3,29.832815729997492,no_target_in_range
368,optical_fallback,/clear,18,-92.7795068465636,569.3785762647805,481.66378315169186,96.33275663033837,0,0,3,99.33275663033837,no_target_in_range
369,optical_fallback,/clear,18,-77.12510533566768,611.2705768536239,44.72135954999577,8.944271909999154,0,0,3,11.944271909999154,no_target_in_range
370,optical_fallback,/clear,18,-400.2228820112319,283.23425766425845,460.43457732885355,92.08691546577072,0,0,3,95.08691546577072,no_target_in_range
371,optical_fallback,/clear,18,-108.43390835745953,527.486575675937,380.525951808809,76.1051903617618,0,0,3,79.1051903617618,no_target_in_range
372,optical_fallback,/clear,18,-60.456463036002845,681.4286580979526,161.245154965971,32.249030993194204,0,0,3,35.249030993194204,no_target_in_range
373,optical_fallback,/clear,18,-443.12912338884416,270.62257851966916,561.426753904728,112.2853507809456,0,0,3,115.2853507809456,no_target_in_range
374,optical_fallback,/clear,18,-357.31664063361956,295.84593680884785,89.44271909999159,17.88854381999832,0,0,3,20.88854381999832,no_target_in_range
375,optical_fallback,/clear,18,-514.3014454219417,259.02514016384873,161.24515496597098,32.2490309931942,0,0,3,35.2490309931942,no_target_in_range
376,optical_fallback,/clear,18,-61.47070382477176,653.1625774424674,600.3332407921454,120.06664815842908,0,0,3,123.06664815842908,no_target_in_range
377,optical_fallback,/clear,18,-78.13934612443654,583.0044961981387,72.11102550927983,14.422205101855965,0,0,3,17.422205101855965,no_target_in_range
378,optical_fallback,/clear,18,-486.0353647664565,258.0108993750798,521.5361924162119,104.30723848324237,0,0,3,107.30723848324237,no_target_in_range
379,optical_fallback,/clear,18,-93.79374763533247,541.1124956092953,483.735464897913,96.7470929795826,0,0,3,99.7470929795826,no_target_in_range
380,optical_fallback,/clear,18,-414.86304273335895,269.6083377309003,420.4759208325728,84.09518416651456,0,0,3,87.09518416651456,no_target_in_range
381,optical_fallback,/clear,18,-371.9568013557466,282.22001687548965,44.721359549995825,8.944271909999165,0,0,3,11.944271909999165,no_target_in_range
382,optical_fallback,/clear,18,-62.48494461354062,624.8964967869821,461.73585522460775,92.34717104492155,0,0,3,95.34717104492155,no_target_in_range
383,optical_fallback,/clear,18,-457.7692841109713,256.99665858631096,540.0,108.0,0,0,3,111.0,no_target_in_range
384,optical_fallback,/clear,18,-45.81630231387578,695.0545780313107,601.3318551349163,120.26637102698325,0,0,3,123.26637102698325,no_target_in_range
385,optical_fallback,/clear,18,-79.1535869132054,554.7384155426535,144.22205101855945,28.84441020371189,0,0,3,31.84441020371189,no_target_in_range
386,optical_fallback,/clear,18,-63.49918540230948,596.6304161314969,44.72135954999577,8.944271909999154,0,0,3,11.944271909999154,no_target_in_range
387,optical_fallback,/clear,18,-46.8305431026447,666.7884973758255,72.11102550927971,14.422205101855942,0,0,3,17.422205101855944,no_target_in_range
388,optical_fallback,/clear,18,-528.9416061440688,245.39922023049053,640.3124237432849,128.06248474865697,0,0,3,131.06248474865697,no_target_in_range
389,optical_fallback,/clear,18,-386.5969620778737,268.59409694213144,144.2220510185596,28.84441020371192,0,0,3,31.84441020371192,no_target_in_range
390,optical_fallback,/clear,18,-429.50320345548596,255.9824177975421,44.72135954999577,8.944271909999154,0,0,3,11.944271909999154,no_target_in_range
391,optical_fallback,/clear,18,-500.6755254885836,244.38497944172164,72.11102550927988,14.422205101855976,0,0,3,17.422205101855976,no_target_in_range
392,optical_fallback,/clear,18,-47.844783891413556,638.5224167203403,600.3332407921455,120.0666481584291,0,0,3,123.0666481584291,no_target_in_range
393,optical_fallback,/clear,18,-472.4094448330983,243.37073865295275,580.0,116.0,0,0,3,119.0,no_target_in_range
394,optical_fallback,/clear,18,-64.51342619107834,568.3643354760117,521.536192416212,104.3072384832424,0,0,3,107.3072384832424,no_target_in_range
395,optical_fallback,/clear,18,-401.23712280000075,254.96817700877327,460.0,92.0,0,0,3,95.0,no_target_in_range
396,optical_fallback,/clear,18,-48.859024680182415,610.2563360648551,500.39984012787215,100.07996802557443,0,0,3,103.07996802557443,no_target_in_range
397,optical_fallback,/clear,18,-31.176141591748717,708.680497964669,100.00000000000001,20.000000000000004,0,0,3,23.000000000000004,no_target_in_range
398,optical_fallback,/clear,18,-444.1433641776131,242.3564978641839,622.8964600958976,124.57929201917952,0,0,3,127.57929201917952,no_target_in_range
399,optical_fallback,/clear,18,-32.19038238051763,680.4144173091837,601.3318551349163,120.26637102698325,0,0,3,123.26637102698325,no_target_in_range
400,optical_fallback,/clear,18,-543.5817668661958,231.77330029713232,680.2940540677979,136.05881081355957,0,0,3,139.05881081355957,no_target_in_range
401,optical_fallback,/clear,18,-515.3156862107106,230.75905950836346,28.284271247461863,5.656854249492373,0,0,3,8.656854249492373,no_target_in_range
402,optical_fallback,/clear,18,-33.20462316928649,652.1483366536985,640.3124237432849,128.06248474865697,0,0,3,131.06248474865697,no_target_in_range
403,optical_fallback,/clear,18,-49.873265468951274,581.9902554093699,72.11102550927971,14.422205101855942,0,0,3,17.422205101855944,no_target_in_range
404,optical_fallback,/clear,18,-487.0496055552254,229.74481871959458,561.4267539047281,112.28535078094562,0,0,3,115.28535078094562,no_target_in_range
405,optical_fallback,/clear,18,-415.87728352212775,241.3422570754151,72.11102550927988,14.422205101855976,0,0,3,17.422205101855976,no_target_in_range
406,optical_fallback,/clear,18,-34.21886395805535,623.8822559982132,540.3702434442517,108.07404868885035,0,0,3,111.07404868885035,no_target_in_range
407,optical_fallback,/clear,18,-458.7835248997401,228.7305779308257,580.0,116.0,0,0,3,119.0,no_target_in_range
408,optical_fallback,/clear,18,-16.53598086962171,722.3064178980271,662.7216610312356,132.54433220624713,0,0,3,135.54433220624713,no_target_in_range
409,optical_fallback,/clear,18,-17.55022165839057,694.0403372425419,28.284271247461863,5.656854249492373,0,0,3,8.656854249492373,no_target_in_range
410,optical_fallback,/clear,18,-35.23310474682421,595.616175342728,100.0,20.0,0,0,3,23.0,no_target_in_range
411,optical_fallback,/clear,18,-18.56446244715943,665.7742565870567,72.11102550927983,14.422205101855965,0,0,3,17.422205101855965,no_target_in_range
412,optical_fallback,/clear,18,-558.2219275883228,218.14738036377412,701.141925718324,140.2283851436648,0,0,3,143.2283851436648,no_target_in_range
413,optical_fallback,/clear,18,-529.9558469328376,217.13313957500526,28.284271247461863,5.656854249492373,0,0,3,8.656854249492373,no_target_in_range
414,optical_fallback,/clear,18,-430.5174442442549,227.7163371420569,99.99999999999994,19.99999999999999,0,0,3,22.99999999999999,no_target_in_range
415,optical_fallback,/clear,18,-501.6897662773524,216.1188987862364,72.11102550927977,14.422205101855955,0,0,3,17.422205101855955,no_target_in_range
416,optical_fallback,/clear,18,-19.578703235928288,637.5081759315715,640.312423743285,128.062484748657,0,0,3,131.062484748657,no_target_in_range
417,optical_fallback,/clear,18,-473.4236856218672,215.1046579974675,620.0000000000001,124.00000000000003,0,0,3,127.00000000000003,no_target_in_range
418,optical_fallback,/clear,18,-20.592944024697147,609.2420952760863,600.3332407921455,120.0666481584291,0,0,3,123.0666481584291,no_target_in_range
419,optical_fallback,/clear,18,-1.8958201474946463,735.9323378313854,128.06248474865694,25.612496949731387,0,0,3,28.612496949731387,no_target_in_range
420,optical_fallback,/clear,18,-2.9100609362635623,707.6662571759001,28.284271247461977,5.656854249492396,0,0,3,8.656854249492396,no_target_in_range
421,optical_fallback,/clear,18,-445.1576049663819,214.09041720869868,662.7216610312356,132.54433220624713,0,0,3,135.54433220624713,no_target_in_range
422,optical_fallback,/clear,18,-3.9243017250323646,679.4001765204148,641.2487816752558,128.24975633505116,0,0,3,131.24975633505116,no_target_in_range
423,optical_fallback,/clear,18,-544.5960076549648,203.50721964164705,720.2777242147642,144.05554484295286,0,0,3,147.05554484295286,no_target_in_range
424,optical_fallback,/clear,18,-572.86208831045,204.52146043041594,28.284271247461863,5.656854249492373,0,0,3,8.656854249492373,no_target_in_range
425,optical_fallback,/clear,18,-4.938542513801224,651.1340958649296,722.4956747275377,144.49913494550754,0,0,3,147.49913494550754,no_target_in_range
426,optical_fallback,/clear,18,-516.3299269994795,202.4929788528782,680.2940540677979,136.05881081355957,0,0,3,139.05881081355957,no_target_in_range
427,optical_fallback,/clear,18,-488.0638463439942,201.47873806410934,28.284271247461977,5.656854249492396,0,0,3,8.656854249492396,no_target_in_range
428,optical_fallback,/clear,18,-5.952783302570083,622.8680152094444,640.3124237432849,128.06248474865697,0,0,3,131.06248474865697,no_target_in_range
429,optical_fallback,/clear,18,-459.797765688509,200.4644972753405,620.0,124.0,0,0,3,127.0,no_target_in_range
430,optical_fallback,/clear,18,11.730099785863501,721.2921771092583,702.5667228100118,140.51334456200237,0,0,3,143.51334456200237,no_target_in_range
431,optical_fallback,/clear,18,12.744340574632417,749.5582577647435,28.284271247461866,5.6568542494923735,0,0,3,8.656854249492373,no_target_in_range
432,optical_fallback,/clear,18,10.715858997094642,693.0260964537731,56.568542494923726,11.313708498984745,0,0,3,14.313708498984745,no_target_in_range
433,optical_fallback,/clear,18,9.70161820832584,664.7600157982878,28.284271247461973,5.656854249492395,0,0,3,8.656854249492394,no_target_in_range
434,optical_fallback,/clear,18,-559.2361683770919,189.88129970828888,741.0802925459562,148.21605850919124,0,0,3,151.21605850919124,no_target_in_range
435,optical_fallback,/clear,18,-530.9700877216065,188.86705891952,28.284271247461977,5.656854249492396,0,0,3,8.656854249492396,no_target_in_range
436,optical_fallback,/clear,18,-587.5022490325771,190.89554049705777,56.56854249492384,11.313708498984768,0,0,3,14.313708498984768,no_target_in_range
437,optical_fallback,/clear,18,-502.7040070661213,187.85281813075113,84.85281374238576,16.970562748477153,0,0,3,19.970562748477153,no_target_in_range
438,optical_fallback,/clear,18,8.68737741955698,636.4939351428026,680.2940540677979,136.05881081355957,0,0,3,139.05881081355957,no_target_in_range
439,optical_fallback,/clear,18,-474.437926410636,186.83857734198233,660.0,132.0,0,0,3,135.0,no_target_in_range
440,optical_fallback,/clear,18,26.370260507990565,734.9180970426165,742.4284477308232,148.48568954616465,0,0,3,151.48568954616465,no_target_in_range
441,optical_fallback,/clear,18,25.356019719221706,706.6520163871312,28.284271247461977,5.656854249492396,0,0,3,8.656854249492396,no_target_in_range
442,optical_fallback,/clear,18,27.38450129675948,763.1841776981017,56.56854249492384,11.313708498984768,0,0,3,14.313708498984768,no_target_in_range
443,optical_fallback,/clear,18,24.341778930452847,678.385935731646,84.85281374238569,16.97056274847714,0,0,3,19.97056274847714,no_target_in_range
444,optical_fallback,/clear,18,-545.6102484437336,175.24113898616181,760.2631123499285,152.0526224699857,0,0,3,155.0526224699857,no_target_in_range
445,optical_fallback,/clear,18,-573.8763290992189,176.2553797749307,28.284271247461977,5.656854249492396,0,0,3,8.656854249492396,no_target_in_range
446,optical_fallback,/clear,18,23.327538141684045,650.1198550761608,762.3647421018368,152.47294842036735,0,0,3,155.47294842036735,no_target_in_range
447,optical_fallback,/clear,18,-517.3441677882483,174.22689819739293,720.2777242147644,144.05554484295288,0,0,3,147.05554484295288,no_target_in_range
448,optical_fallback,/clear,18,-602.1424097547041,177.26962056369956,84.85281374238569,16.97056274847714,0,0,3,19.97056274847714,no_target_in_range
449,optical_fallback,/clear,18,-489.0780871327631,173.21265740862412,113.13708498984762,22.627416997969526,0,0,3,25.627416997969526,no_target_in_range
450,optical_fallback,/clear,18,39.99618044134877,720.2779363204895,761.0519036176179,152.21038072352357,0,0,3,155.21038072352357,no_target_in_range
451,optical_fallback,/clear,18,41.01042123011763,748.5440169759747,28.284271247461863,5.656854249492373,0,0,3,8.656854249492373,no_target_in_range
452,optical_fallback,/clear,18,38.98193965257991,692.0118556650042,56.56854249492384,11.313708498984768,0,0,3,14.313708498984768,no_target_in_range
453,optical_fallback,/clear,18,42.024662018886545,776.8100976314599,84.85281374238569,16.97056274847714,0,0,3,19.97056274847714,no_target_in_range
454,optical_fallback,/clear,18,37.96769886381105,663.745775009519,113.13708498984757,22.62741699796951,0,0,3,25.62741699796951,no_target_in_range
455,optical_fallback,/clear,18,-560.2504091658607,161.61521905280364,781.0249675906655,156.2049935181331,0,0,3,159.2049935181331,no_target_in_range
456,optical_fallback,/clear,18,-531.9843285103755,160.60097826403475,28.284271247461863,5.656854249492373,0,0,3,8.656854249492373,no_target_in_range
457,optical_fallback,/clear,18,-588.5164898213459,162.6294598415725,56.568542494923726,11.313708498984745,0,0,3,14.313708498984745,no_target_in_range
458,optical_fallback,/clear,18,-503.71824785489014,159.58673747526592,84.85281374238569,16.97056274847714,0,0,3,19.97056274847714,no_target_in_range
459,optical_fallback,/clear,18,-616.7825704768311,163.64370063034136,113.13708498984757,22.62741699796951,0,0,3,25.62741699796951,no_target_in_range
460,optical_fallback,/clear,18,54.636341163475834,733.9038562538476,880.9086218218097,176.18172436436194,0,0,3,179.18172436436194,no_target_in_range
461,optical_fallback,/clear,18,53.622100374706974,705.6377755983624,28.284271247461863,5.656854249492373,0,0,3,8.656854249492373,no_target_in_range
462,optical_fallback,/clear,18,55.65058195224469,762.1699369093328,56.568542494923726,11.313708498984745,0,0,3,14.313708498984745,no_target_in_range
463,optical_fallback,/clear,18,52.607859585938115,677.3716949428772,84.85281374238558,16.970562748477114,0,0,3,19.970562748477114,no_target_in_range
464,optical_fallback,/clear,18,-546.6244892325025,146.97505833067657,800.2499609497023,160.04999218994047,0,0,3,163.04999218994047,no_target_in_range
465,optical_fallback,/clear,18,-574.8905698879878,147.98929911944543,28.284271247461977,5.656854249492396,0,0,3,8.656854249492396,no_target_in_range
466,optical_fallback,/clear,18,56.66482274101361,790.4360175648181,900.8884503644166,180.1776900728833,0,0,3,183.1776900728833,no_target_in_range
467,optical_fallback,/clear,18,-518.3584085770171,145.96081754190774,863.7129152675673,172.74258305351344,0,0,3,175.74258305351344,no_target_in_range
468,optical_fallback,/clear,18,-603.156650543473,149.0035399082143,84.8528137423858,16.97056274847716,0,0,3,19.97056274847716,no_target_in_range
469,optical_fallback,/clear,18,-631.4227311989582,150.01778069698318,28.284271247461863,5.656854249492373,0,0,3,8.656854249492373,no_target_in_range
470,optical_fallback,/clear,18,68.26226109683404,719.2636955317205,901.9977827023744,180.39955654047486,0,0,3,183.39955654047486,no_target_in_range
471,optical_fallback,/clear,18,69.2765018856029,747.5297761872058,28.284271247461977,5.656854249492396,0,0,3,8.656854249492396,no_target_in_range
472,optical_fallback,/clear,18,67.24802030806518,690.9976148762354,56.568542494923726,11.313708498984745,0,0,3,14.313708498984745,no_target_in_range
473,optical_fallback,/clear,18,70.29074267437176,775.7958568426911,84.85281374238569,16.97056274847714,0,0,3,19.97056274847714,no_target_in_range
474,optical_fallback,/clear,18,-561.2646499546295,133.34913839731837,900.8884503644166,180.1776900728833,0,0,3,183.1776900728833,no_target_in_range
475,optical_fallback,/clear,18,-532.9985692991443,132.33489760854957,28.28427124746186,5.656854249492372,0,0,3,8.656854249492373,no_target_in_range
476,optical_fallback,/clear,18,-589.5307306101148,134.36337918608723,56.56854249492383,11.313708498984766,0,0,3,14.313708498984766,no_target_in_range
477,optical_fallback,/clear,18,71.30498346314067,804.0619374981763,940.850678907126,188.17013578142522,0,0,3,191.17013578142522,no_target_in_range
478,optical_fallback,/clear,18,-617.7968112656001,135.37761997485612,960.2083107326243,192.04166214652486,0,0,3,195.04166214652486,no_target_in_range
479,optical_fallback,/clear,18,-646.0628919210853,136.391860763625,28.284271247461863,5.656854249492373,0,0,3,8.656854249492373,no_target_in_range
480,optical_fallback,/clear,18,82.9024218189611,732.8896154650788,941.9129471453294,188.3825894290659,0,0,3,191.3825894290659,no_target_in_range
481,optical_fallback,/clear,18,81.88818103019224,704.6235348095936,28.284271247461863,5.656854249492373,0,0,3,8.656854249492373,no_target_in_range
482,optical_fallback,/clear,18,83.91666260772996,761.155696120564,56.568542494923726,11.313708498984745,0,0,5,16.313708498984745,success
483,optical_fallback,/clear,13,244.15428318021156,701.1338574086672,171.11024565784348,34.222049131568696,0,0,3,37.222049131568696,no_target_in_range
484,optical_fallback,/clear,13,236.072200415412,682.8395977028761,20.000000000000043,4.000000000000009,0,0,3,7.000000000000009,no_target_in_range
485,optical_fallback,/clear,13,252.2363659450112,719.4281171144581,40.00000000000001,8.000000000000002,0,0,3,11.000000000000002,no_target_in_range
486,optical_fallback,/clear,13,227.99011765061243,664.5453379970851,59.99999999999995,11.99999999999999,0,0,3,14.99999999999999,no_target_in_range
487,optical_fallback,/clear,13,260.31844870981075,737.7223768202492,80.0,16.0,0,0,3,19.0,no_target_in_range
488,optical_fallback,/clear,13,219.9080348858128,646.251078291294,100.00000000000006,20.00000000000001,0,0,3,23.00000000000001,no_target_in_range
489,optical_fallback,/clear,13,268.4005314746104,756.0166365260402,120.00000000000001,24.000000000000004,0,0,3,27.000000000000004,no_target_in_range
490,optical_fallback,/clear,13,211.82595212101324,627.956818585503,139.99999999999997,27.999999999999993,0,0,3,30.999999999999993,no_target_in_range
491,optical_fallback,/clear,13,262.4485428860026,693.0517746438675,82.46211251235312,16.492422502470625,0,0,3,19.492422502470625,no_target_in_range
492,optical_fallback,/clear,13,254.36646012120303,674.7575149380764,20.000000000000043,4.000000000000009,0,0,3,7.000000000000009,no_target_in_range
493,optical_fallback,/clear,13,276.48261423940994,774.3108962318313,101.98039027185584,20.396078054371166,0,0,3,23.396078054371166,no_target_in_range
494,optical_fallback,/clear,13,270.5306256508022,711.3460343496585,63.245553203367734,12.649110640673547,0,0,3,15.649110640673547,no_target_in_range
495,optical_fallback,/clear,13,203.74386935621368,609.6625588797119,121.6552506059643,24.33105012119286,0,0,3,27.33105012119286,no_target_in_range
496,optical_fallback,/clear,13,246.28437735640347,656.4632552322854,63.24555320336756,12.649110640673511,0,0,3,15.649110640673511,no_target_in_range
497,optical_fallback,/clear,13,278.6127084156018,729.6402940554495,80.0,16.0,0,0,3,19.0,no_target_in_range
498,optical_fallback,/clear,13,238.20229459160385,638.1689955264943,100.00000000000006,20.00000000000001,0,0,3,23.00000000000001,no_target_in_range
499,optical_fallback,/clear,13,284.5646970042095,792.6051559376223,161.2451549659711,32.24903099319422,0,0,3,35.24903099319422,no_target_in_range
500,optical_fallback,/clear,13,286.6947911804014,747.9345537612405,44.72135954999589,8.944271909999177,0,0,3,11.944271909999177,no_target_in_range
501,optical_fallback,/clear,13,195.66178659141409,591.368299173921,181.1077027627482,36.22154055254964,0,0,3,39.22154055254964,no_target_in_range
502,optical_fallback,/clear,13,230.12021182680428,619.8747358207033,44.721359549995725,8.944271909999145,0,0,3,11.944271909999145,no_target_in_range
503,optical_fallback,/clear,13,294.776873945201,766.2288134670316,160.0,32.0,0,0,3,35.0,no_target_in_range
504,optical_fallback,/clear,13,222.0381290620047,601.5804761149122,180.00000000000003,36.00000000000001,0,0,3,39.00000000000001,no_target_in_range
505,optical_fallback,/clear,13,280.74280259179363,684.9696918790679,101.98039027185573,20.396078054371145,0,0,3,23.396078054371145,no_target_in_range
506,optical_fallback,/clear,13,272.66071982699407,666.6754321732768,20.000000000000043,4.000000000000009,0,0,3,7.000000000000009,no_target_in_range
507,optical_fallback,/clear,13,288.82488535659326,703.2639515848589,40.00000000000001,8.000000000000002,0,0,3,11.000000000000002,no_target_in_range
508,optical_fallback,/clear,13,264.5786370621945,648.3811724674858,59.99999999999995,11.99999999999999,0,0,3,14.99999999999999,no_target_in_range
509,optical_fallback,/clear,13,292.64677976900913,810.8994156434134,164.9242250247065,32.9848450049413,0,0,3,35.9848450049413,no_target_in_range
510,optical_fallback,/clear,13,187.5797038266145,573.0740394681299,260.00000000000006,52.000000000000014,0,0,3,55.000000000000014,no_target_in_range
511,optical_fallback,/clear,13,296.9069681213928,721.55821129065,184.39088914585773,36.87817782917155,0,0,3,39.87817782917155,no_target_in_range
512,optical_fallback,/clear,13,256.4965542973949,630.0869127616947,100.00000000000006,20.00000000000001,0,0,3,23.00000000000001,no_target_in_range
513,optical_fallback,/clear,13,302.85895671000054,784.5230731728226,161.24515496597098,32.2490309931942,0,0,3,35.2490309931942,no_target_in_range
514,optical_fallback,/clear,13,213.95604629720512,583.2862164091213,219.99999999999994,43.999999999999986,0,0,3,46.999999999999986,no_target_in_range
515,optical_fallback,/clear,13,304.98905088619244,739.852470996441,181.10770276274832,36.22154055254966,0,0,3,39.22154055254966,no_target_in_range
516,optical_fallback,/clear,13,248.41447153259531,611.7926530559038,139.99999999999997,27.999999999999993,0,0,3,30.999999999999993,no_target_in_range
517,optical_fallback,/clear,13,300.7288625338087,829.1936753492045,223.6067977499791,44.721359549995825,0,0,3,47.721359549995825,no_target_in_range
518,optical_fallback,/clear,13,179.4976210618149,554.7797797623389,300.00000000000006,60.000000000000014,0,0,3,63.000000000000014,no_target_in_range
519,optical_fallback,/clear,13,313.071133650992,758.146730702232,243.31050121192874,48.66210024238575,0,0,3,51.66210024238575,no_target_in_range
520,optical_fallback,/clear,13,240.33238876779575,593.4983933501127,180.00000000000003,36.00000000000001,0,0,3,39.00000000000001,no_target_in_range
521,optical_fallback,/clear,13,310.94103947480016,802.8173328786137,220.90722034374525,44.18144406874905,0,0,3,47.18144406874905,no_target_in_range
522,optical_fallback,/clear,13,205.87396353240553,564.9919567033302,260.00000000000006,52.000000000000014,0,0,3,55.000000000000014,no_target_in_range
523,optical_fallback,/clear,13,299.03706229758467,676.8876091142683,145.60219778561043,29.120439557122086,0,0,3,32.12043955712208,no_target_in_range
524,optical_fallback,/clear,13,290.9549795327851,658.5933494084773,20.000000000000043,4.000000000000009,0,0,3,7.000000000000009,no_target_in_range
525,optical_fallback,/clear,13,307.1191450623843,695.1818688200593,40.00000000000001,8.000000000000002,0,0,3,11.000000000000002,no_target_in_range
526,optical_fallback,/clear,13,282.87289676798554,640.2990897026863,59.99999999999995,11.99999999999999,0,0,3,14.99999999999999,no_target_in_range
527,optical_fallback,/clear,13,315.20122782718386,713.4761285258504,80.0,16.0,0,0,3,19.0,no_target_in_range
528,optical_fallback,/clear,13,274.7908140031859,622.0048299968952,100.00000000000006,20.00000000000001,0,0,3,23.00000000000001,no_target_in_range
529,optical_fallback,/clear,13,321.1532164157916,776.440990408023,161.24515496597098,32.2490309931942,0,0,3,35.2490309931942,no_target_in_range
530,optical_fallback,/clear,13,232.25030600299615,575.2041336443217,219.99999999999994,43.999999999999986,0,0,3,46.999999999999986,no_target_in_range
531,optical_fallback,/clear,13,308.81094529860826,847.4879350549954,282.8427124746191,56.56854249492382,0,0,3,59.56854249492382,no_target_in_range
532,optical_fallback,/clear,13,171.4155382970153,536.4855200565478,340.00000000000006,68.00000000000001,0,0,3,71.00000000000001,no_target_in_range
533,optical_fallback,/clear,13,323.2833105919835,731.7703882316414,247.3863375370596,49.47726750741192,0,0,3,52.47726750741192,no_target_in_range
534,optical_fallback,/clear,13,266.70873123838635,603.7105702911042,139.99999999999997,27.999999999999993,0,0,3,30.999999999999993,no_target_in_range
535,optical_fallback,/clear,13,319.02312223959973,821.1115925844048,223.606797749979,44.721359549995796,0,0,3,47.721359549995796,no_target_in_range
536,optical_fallback,/clear,13,197.79188076760593,546.6976969975392,300.00000000000006,60.000000000000014,0,0,3,63.000000000000014,no_target_in_range
537,optical_fallback,/clear,13,329.2352991805912,794.7352501138141,280.713376952364,56.1426753904728,0,0,3,59.1426753904728,no_target_in_range
538,optical_fallback,/clear,13,331.36539335678304,750.0646479374325,44.72135954999577,8.944271909999154,0,0,3,11.944271909999154,no_target_in_range
539,optical_fallback,/clear,13,224.16822323819656,556.9098739385306,220.90722034374528,44.18144406874906,0,0,3,47.18144406874906,no_target_in_range
540,optical_fallback,/clear,13,258.6266484735868,585.4163105853131,44.72135954999582,8.944271909999163,0,0,3,11.944271909999163,no_target_in_range
541,optical_fallback,/clear,13,316.8930280634079,865.7821947607865,286.3564212655272,57.27128425310544,0,0,3,60.27128425310544,no_target_in_range
542,optical_fallback,/clear,13,327.1052050043993,839.4058522901958,28.284271247462026,5.6568542494924055,0,0,3,8.656854249492405,no_target_in_range
543,optical_fallback,/clear,13,163.33345553221574,518.1912603507568,360.5551275463988,72.11102550927976,0,0,3,75.11102550927976,no_target_in_range
544,optical_fallback,/clear,13,339.4474761215826,768.3589076432235,305.941170815567,61.18823416311339,0,0,3,64.18823416311339,no_target_in_range
545,optical_fallback,/clear,13,189.70979800280634,528.4034372917481,282.8427124746191,56.56854249492382,0,0,3,59.56854249492382,no_target_in_range
546,optical_fallback,/clear,13,250.5445657087872,567.1220508795221,72.11102550927986,14.42220510185597,0,0,3,17.422205101855972,no_target_in_range
547,optical_fallback,/clear,13,337.31738194539076,813.0295098196052,260.768096208106,52.1536192416212,0,0,3,55.1536192416212,no_target_in_range
548,optical_fallback,/clear,13,216.08614047339697,538.6156142327396,300.00000000000006,60.000000000000014,0,0,3,63.000000000000014,no_target_in_range
549,optical_fallback,/clear,13,347.52955888638223,786.6531673490146,280.713376952364,56.1426753904728,0,0,3,59.1426753904728,no_target_in_range
550,optical_fallback,/clear,13,242.4624829439876,548.827791173731,260.00000000000006,52.000000000000014,0,0,3,55.000000000000014,no_target_in_range
551,optical_fallback,/clear,13,335.1872877691989,857.7001119959868,322.4903099319421,64.49806198638842,0,0,3,67.49806198638842,no_target_in_range
552,optical_fallback,/clear,13,181.62771523800677,510.1091775859572,380.0,76.0,0,0,3,79.0,no_target_in_range
553,optical_fallback,/clear,13,324.97511082820745,884.0764544665775,400.49968789001576,80.09993757800315,0,0,3,83.09993757800315,no_target_in_range
554,optical_fallback,/clear,13,345.39946471019033,831.3237695253962,56.56854249492386,11.313708498984772,0,0,3,14.313708498984772,no_target_in_range
555,optical_fallback,/clear,13,155.25137276741614,499.8970006449657,382.099463490856,76.4198926981712,0,0,3,79.4198926981712,no_target_in_range
556,optical_fallback,/clear,13,208.00405770859737,520.3213545269485,56.56854249492376,11.313708498984752,0,0,3,14.313708498984752,no_target_in_range
557,optical_fallback,/clear,13,355.6116416511818,804.9474270548056,320.6243908376281,64.12487816752562,0,0,3,67.12487816752562,no_target_in_range
558,optical_fallback,/clear,13,234.380400179188,530.5335314679401,300.00000000000006,60.000000000000014,0,0,3,63.000000000000014,no_target_in_range
559,optical_fallback,/clear,13,343.2693705339985,875.9943717017778,362.21540552549664,72.44308110509932,0,0,3,75.44308110509932,no_target_in_range
560,optical_fallback,/clear,13,353.48154747498995,849.6180292311873,28.284271247461838,5.656854249492367,0,0,3,8.656854249492367,no_target_in_range
561,optical_fallback,/clear,13,173.54563247320718,491.81491788016615,400.49968789001576,80.09993757800315,0,0,3,83.09993757800315,no_target_in_range
562,optical_fallback,/clear,13,199.9219749437978,502.02709482115756,28.284271247461895,5.656854249492379,0,0,3,8.65685424949238,no_target_in_range
563,optical_fallback,/clear,13,333.057193593007,902.3707141723686,421.90046219457986,84.38009243891597,0,0,3,87.38009243891597,no_target_in_range
564,optical_fallback,/clear,13,363.69372441598136,823.2416867605966,84.8528137423858,16.97056274847716,0,0,3,19.97056274847716,no_target_in_range
565,optical_fallback,/clear,13,147.16929000261655,481.6027409391747,404.4749683231337,80.89499366462674,0,0,3,83.89499366462674,no_target_in_range
566,optical_fallback,/clear,13,226.2983174143884,512.239271762149,84.85281374238568,16.970562748477136,0,0,3,19.970562748477136,no_target_in_range
567,optical_fallback,/clear,13,361.5636302397895,867.9122889369783,380.525951808809,76.1051903617618,0,0,3,79.1051903617618,no_target_in_range
568,optical_fallback,/clear,13,191.8398921789982,483.7328351153665,420.0,84.0,0,0,3,87.0,no_target_in_range
569,optical_fallback,/clear,13,351.35145329879805,894.2886314075689,440.45431091090484,88.09086218218097,0,0,3,91.09086218218097,no_target_in_range
570,optical_fallback,/clear,13,371.775807180781,841.5359464663877,56.568542494923776,11.313708498984756,0,0,3,14.313708498984756,no_target_in_range
571,optical_fallback,/clear,13,165.46354970840758,473.5206581743751,421.9004621945798,84.38009243891597,0,0,3,87.38009243891597,no_target_in_range
572,optical_fallback,/clear,13,218.21623464958884,493.945012056358,56.56854249492381,11.313708498984763,0,0,3,14.313708498984763,no_target_in_range
573,optical_fallback,/clear,13,341.13927635780664,920.6649738781596,444.0720662234904,88.81441324469809,0,0,3,91.81441324469809,no_target_in_range
574,optical_fallback,/clear,13,139.08720723781695,463.30848123338365,500.00000000000006,100.00000000000001,0,0,3,103.00000000000001,no_target_in_range
575,optical_fallback,/clear,13,369.6457130045891,886.2065486427693,481.66378315169186,96.33275663033837,0,0,3,99.33275663033837,no_target_in_range
576,optical_fallback,/clear,13,379.85788994558055,859.8302061721787,28.28427124746194,5.656854249492389,0,0,3,8.656854249492389,no_target_in_range
577,optical_fallback,/clear,13,183.75780941419862,465.4385754095755,440.45431091090484,88.09086218218097,0,0,3,91.09086218218097,no_target_in_range
578,optical_fallback,/clear,13,210.13415188478925,475.65075235056696,28.284271247461916,5.656854249492383,0,0,3,8.656854249492383,no_target_in_range
579,optical_fallback,/clear,13,359.43353606359767,912.5828911133599,461.7358552246078,92.34717104492157,0,0,3,95.34717104492157,no_target_in_range
580,optical_fallback,/clear,13,157.381466943608,455.2263984685841,499.99999999999994,99.99999999999999,0,0,3,102.99999999999999,no_target_in_range
581,optical_fallback,/clear,13,349.2213591226062,938.9592335839507,520.3844732503076,104.07689465006152,0,0,3,107.07689465006152,no_target_in_range
582,optical_fallback,/clear,13,131.0051244730174,445.0142215275926,540.0000000000001,108.00000000000003,0,0,3,111.00000000000003,no_target_in_range
583,optical_fallback,/clear,13,387.9399727103801,878.1244658779698,503.58713248056694,100.71742649611339,0,0,3,103.71742649611339,no_target_in_range
584,optical_fallback,/clear,13,202.05206911998965,457.3564926447759,460.00000000000006,92.00000000000001,0,0,3,95.00000000000001,no_target_in_range
585,optical_fallback,/clear,13,377.7277957693887,904.5008083485603,480.41648597857255,96.08329719571451,0,0,3,99.08329719571451,no_target_in_range
586,optical_fallback,/clear,13,175.67572664939902,447.14431570378446,500.0,100.0,0,0,3,103.0,no_target_in_range
587,optical_fallback,/clear,13,367.51561882839724,930.877150819151,520.3844732503075,104.07689465006149,0,0,3,107.07689465006149,no_target_in_range
588,optical_fallback,/clear,13,149.29938417880842,436.93213876279304,540.0,108.0,0,0,3,111.0,no_target_in_range
589,optical_fallback,/clear,13,357.3034418874058,957.2534932897416,560.3570290448761,112.07140580897521,0,0,3,115.07140580897521,no_target_in_range
590,optical_fallback,/clear,13,122.9230417082178,426.7199618218016,580.0,116.0,0,0,3,119.0,no_target_in_range
591,optical_fallback,/clear,13,396.02205547517974,896.4187255837608,543.323108288245,108.664621657649,0,0,3,111.664621657649,no_target_in_range
592,optical_fallback,/clear,13,193.96998635519006,439.0622329389849,500.0,100.0,0,0,3,103.0,no_target_in_range
593,optical_fallback,/clear,13,385.8098785341883,922.7950680543514,520.3844732503075,104.07689465006149,0,0,3,107.07689465006149,no_target_in_range
594,optical_fallback,/clear,13,167.59364388459946,428.8500559979934,540.0,108.0,0,0,3,111.0,no_target_in_range
595,optical_fallback,/clear,13,375.59770159319686,949.171410524942,560.357029044876,112.07140580897519,0,0,3,115.07140580897519,no_target_in_range
596,optical_fallback,/clear,13,141.21730141400883,418.637879057002,580.0,116.0,0,0,3,119.0,no_target_in_range
597,optical_fallback,/clear,13,365.3855246522054,975.5477529955327,600.3332407921455,120.0666481584291,0,0,3,123.0666481584291,no_target_in_range
598,optical_fallback,/clear,13,114.8409589434182,408.4257021160105,620.0000000000002,124.00000000000004,0,0,3,127.00000000000004,no_target_in_range
599,optical_fallback,/clear,13,404.1041382399793,914.7129852895519,583.0951894845301,116.61903789690602,0,0,3,119.61903789690602,no_target_in_range
600,optical_fallback,/clear,13,185.8879035903905,420.76797323319386,540.0,108.0,0,0,3,111.0,no_target_in_range
601,optical_fallback,/clear,13,393.8919612989879,941.0893277601424,560.357029044876,112.07140580897519,0,0,3,115.07140580897519,no_target_in_range
602,optical_fallback,/clear,13,159.51156111979986,410.5557962922024,580.0,116.0,0,0,3,119.0,no_target_in_range
603,optical_fallback,/clear,13,383.6797843579964,967.465670230733,600.3332407921454,120.06664815842908,0,0,3,123.06664815842908,no_target_in_range
604,optical_fallback,/clear,13,133.13521864920924,400.3436193512109,620.0000000000001,124.00000000000003,0,0,3,127.00000000000003,no_target_in_range
605,optical_fallback,/clear,13,412.18622100477893,933.0072449953428,601.3318551349164,120.26637102698328,0,0,3,123.26637102698328,no_target_in_range
606,optical_fallback,/clear,13,177.8058208255909,402.4737135274028,580.0,116.0,0,0,3,119.0,no_target_in_range
607,optical_fallback,/clear,13,373.46760741700496,993.8420127013237,622.8964600958974,124.57929201917948,0,0,3,127.57929201917948,no_target_in_range
608,optical_fallback,/clear,13,106.75887617861864,390.13144241021945,660.0000000000001,132.00000000000003,0,0,3,135.00000000000003,no_target_in_range
609,optical_fallback,/clear,13,401.97404406378746,959.3835874659335,641.2487816752559,128.2497563350512,0,0,3,131.2497563350512,no_target_in_range
610,optical_fallback,/clear,13,151.42947835500027,392.2615365864113,620.0000000000002,124.00000000000004,0,0,3,127.00000000000004,no_target_in_range
611,optical_fallback,/clear,13,391.761867122796,985.759929936524,640.312423743285,128.062484748657,0,0,3,131.062484748657,no_target_in_range
612,optical_fallback,/clear,13,125.05313588440967,382.0493596454199,660.0000000000001,132.00000000000003,0,0,3,135.00000000000003,no_target_in_range
613,optical_fallback,/clear,13,420.2683037695785,951.3015047011339,641.2487816752559,128.2497563350512,0,0,3,131.2497563350512,no_target_in_range
614,optical_fallback,/clear,13,169.7237380607913,384.17945382161173,620.0000000000002,124.00000000000004,0,0,3,127.00000000000004,no_target_in_range
615,optical_fallback,/clear,13,381.5496901818046,1012.1362724071148,662.7216610312357,132.54433220624713,0,0,3,135.54433220624713,no_target_in_range
616,optical_fallback,/clear,13,98.67679341381904,371.8371827044284,700.0000000000001,140.00000000000003,0,0,3,143.00000000000003,no_target_in_range
617,optical_fallback,/clear,13,410.056126828587,977.6778471717245,681.1754546370561,136.23509092741122,0,0,3,139.23509092741122,no_target_in_range
618,optical_fallback,/clear,13,143.3473955902007,373.96727688062026,660.0000000000001,132.00000000000003,0,0,3,135.00000000000003,no_target_in_range
619,optical_fallback,/clear,13,399.8439498875956,1004.0541896423151,680.294054067798,136.0588108135596,0,0,3,139.0588108135596,no_target_in_range
620,optical_fallback,/clear,13,116.97105311961008,363.75509993962885,700.0000000000001,140.00000000000003,0,0,3,143.00000000000003,no_target_in_range
621,optical_fallback,/clear,13,428.35038653437806,969.5957644069249,681.1754546370561,136.23509092741122,0,0,3,139.23509092741122,no_target_in_range
622,optical_fallback,/clear,13,161.64165529599174,365.8851941158207,660.0000000000001,132.00000000000003,0,0,3,135.00000000000003,no_target_in_range
623,optical_fallback,/clear,13,389.63177294660414,1030.4305321129057,702.5667228100118,140.51334456200237,0,0,3,143.51334456200237,no_target_in_range
624,optical_fallback,/clear,13,90.59471064901945,353.5429229986374,740.0000000000001,148.00000000000003,0,0,3,151.00000000000003,no_target_in_range
625,optical_fallback,/clear,13,418.13820959338665,995.9721068775156,721.1102550927978,144.22205101855957,0,0,3,147.22205101855957,no_target_in_range
626,optical_fallback,/clear,13,135.2653128254011,355.6730171748292,700.0000000000001,140.00000000000003,0,0,3,143.00000000000003,no_target_in_range
627,optical_fallback,/clear,13,407.9260326523952,1022.3484493481061,720.2777242147644,144.05554484295288,0,0,3,147.05554484295288,no_target_in_range
628,optical_fallback,/clear,13,108.88897035481048,345.4608402338378,740.0000000000001,148.00000000000003,0,0,3,151.00000000000003,no_target_in_range
629,optical_fallback,/clear,13,436.4324692991777,987.890024112716,721.1102550927978,144.22205101855957,0,0,3,147.22205101855957,no_target_in_range
630,optical_fallback,/clear,13,153.55957253119215,347.59093441002966,700.0000000000001,140.00000000000003,0,0,3,143.00000000000003,no_target_in_range
631,optical_fallback,/clear,13,397.7138557114037,1048.7247918186968,742.4284477308235,148.48568954616468,0,0,3,151.48568954616468,no_target_in_range
632,optical_fallback,/clear,13,426.2202923581862,1014.2663665833065,44.72135954999582,8.944271909999163,0,0,3,11.944271909999163,no_target_in_range
633,optical_fallback,/clear,13,82.51262788421985,335.24866329284635,761.0519036176179,152.21038072352357,0,0,3,155.21038072352357,no_target_in_range
634,optical_fallback,/clear,13,127.18323006060152,337.3787574690382,44.7213595499958,8.944271909999161,0,0,3,11.944271909999161,no_target_in_range
635,optical_fallback,/clear,13,416.00811541719474,1040.642709053897,760.2631123499285,152.0526224699857,0,0,3,155.0526224699857,no_target_in_range
636,optical_fallback,/clear,13,100.80688759001089,327.1665805280468,779.9999999999999,155.99999999999997,0,0,3,158.99999999999997,no_target_in_range
637,optical_fallback,/clear,13,444.51455206397725,1006.184283818507,761.0519036176179,152.21038072352357,0,0,3,155.21038072352357,no_target_in_range
638,optical_fallback,/clear,13,145.47748976639255,329.2966747042386,740.0000000000001,148.00000000000003,0,0,3,151.00000000000003,no_target_in_range
639,optical_fallback,/clear,13,434.3023751229858,1032.5606262890976,760.2631123499285,152.0526224699857,0,0,3,155.0526224699857,no_target_in_range
640,optical_fallback,/clear,13,119.10114729580192,319.08449776324716,780.0000000000001,156.00000000000003,0,0,3,159.00000000000003,no_target_in_range
641,optical_fallback,/clear,13,405.79593847620333,1067.0190515244878,800.9993757800316,160.19987515600633,0,0,3,163.19987515600633,no_target_in_range
642,optical_fallback,/clear,13,74.43054511942029,316.9544035870553,820.0000000000001,164.00000000000003,0,0,3,167.00000000000003,no_target_in_range
643,optical_fallback,/clear,13,424.09019818199437,1058.9369687596882,820.2438661763952,164.04877323527904,0,0,3,167.04877323527904,no_target_in_range
644,optical_fallback,/clear,13,92.72480482521132,308.87232082225574,820.0000000000001,164.00000000000003,0,0,3,167.00000000000003,no_target_in_range
645,optical_fallback,/clear,13,452.5966348287768,1024.478543524298,800.9993757800315,160.1998751560063,0,0,3,163.1998751560063,no_target_in_range
646,optical_fallback,/clear,13,137.39540700159296,311.0024149984476,779.9999999999999,155.99999999999997,0,0,3,158.99999999999997,no_target_in_range
647,optical_fallback,/clear,13,442.3844578877854,1050.8548859948887,800.2499609497023,160.04999218994047,0,0,3,163.04999218994047,no_target_in_range
648,optical_fallback,/clear,13,111.01906453100236,300.7902380574561,820.0000000000002,164.00000000000006,0,0,3,167.00000000000006,no_target_in_range
649,optical_fallback,/clear,13,413.8780212410029,1085.313311230279,840.9518416651457,168.19036833302914,0,0,3,171.19036833302914,no_target_in_range
650,optical_fallback,/clear,13,66.3484623546207,298.6601438812643,860.0000000000001,172.00000000000003,0,0,3,175.00000000000003,no_target_in_range
651,optical_fallback,/clear,13,432.17228094679393,1077.2312284654793,860.2325267042628,172.04650534085255,0,0,3,175.04650534085255,no_target_in_range
652,optical_fallback,/clear,13,460.67871759357644,1042.772803230089,44.72135954999582,8.944271909999163,0,0,3,11.944271909999163,no_target_in_range
653,optical_fallback,/clear,13,84.64272206041173,290.5780611164647,840.9518416651456,168.1903683330291,0,0,3,171.1903683330291,no_target_in_range
654,optical_fallback,/clear,13,129.3133242367934,292.70815529265656,44.7213595499958,8.944271909999161,0,0,3,11.944271909999161,no_target_in_range
655,optical_fallback,/clear,13,450.46654065258497,1069.1491457006798,840.2380615040004,168.04761230080007,0,0,3,171.04761230080007,no_target_in_range
656,optical_fallback,/clear,13,102.93698176620276,282.4959783516651,860.0000000000001,172.00000000000003,0,0,3,175.00000000000003,no_target_in_range
657,optical_fallback,/clear,13,421.96010400580246,1103.60757093607,880.9086218218098,176.18172436436197,0,0,3,179.18172436436197,no_target_in_range
658,optical_fallback,/clear,13,58.26637958982109,280.36588417547324,900.0000000000002,180.00000000000006,0,0,3,183.00000000000006,no_target_in_range
659,optical_fallback,/clear,13,468.760800358376,1061.0670629358801,882.043082847998,176.4086165695996,0,0,3,179.4086165695996,no_target_in_range
660,optical_fallback,/clear,13,121.2312414719938,274.4138955868655,860.0000000000001,172.00000000000003,0,0,3,175.00000000000003,no_target_in_range
661,optical_fallback,/clear,13,440.2543637115935,1095.5254881712704,880.9086218218098,176.18172436436197,0,0,3,179.18172436436197,no_target_in_range
662,optical_fallback,/clear,13,76.56063929561213,272.2838014106737,900.0000000000001,180.00000000000003,0,0,3,183.00000000000003,no_target_in_range
663,optical_fallback,/clear,13,458.54862341738453,1087.443405406471,900.2221947941521,180.04443895883043,0,0,3,183.04443895883043,no_target_in_range
664,optical_fallback,/clear,13,94.85489900140317,264.20171864587405,900.0000000000002,180.00000000000006,0,0,3,183.00000000000006,no_target_in_range
665,optical_fallback,/clear,13,430.0421867706021,1121.901830641861,920.8691546577071,184.17383093154143,0,0,3,187.17383093154143,no_target_in_range
666,optical_fallback,/clear,13,50.18429682502151,262.07162446968226,939.9999999999999,187.99999999999997,0,0,3,190.99999999999997,no_target_in_range
667,optical_fallback,/clear,13,476.84288312317557,1079.3613226416712,921.9544457292888,184.39088914585776,0,0,3,187.39088914585776,no_target_in_range
668,optical_fallback,/clear,13,113.1491587071942,256.1196358810745,900.0000000000002,180.00000000000006,0,0,3,183.00000000000006,no_target_in_range
669,optical_fallback,/clear,13,448.3364464763931,1113.8197478770612,920.8691546577071,184.17383093154143,0,0,3,187.17383093154143,no_target_in_range
670,optical_fallback,/clear,13,68.47855653081255,253.98954170488264,939.9999999999999,187.99999999999997,0,0,3,190.99999999999997,no_target_in_range
671,optical_fallback,/clear,13,466.63070618218416,1105.7376651122618,940.2127418834527,188.04254837669055,0,0,3,191.04254837669055,no_target_in_range
672,optical_fallback,/clear,13,86.77281623660359,245.90745894008307,940.0000000000001,188.00000000000003,0,0,3,191.00000000000003,no_target_in_range
673,optical_fallback,/clear,13,438.12426953540165,1140.196090347652,960.8329719571452,192.16659439142904,0,0,3,195.16659439142904,no_target_in_range
674,optical_fallback,/clear,13,42.10221406022192,243.7773647638912,980.0000000000001,196.00000000000003,0,0,3,199.00000000000003,no_target_in_range
675,optical_fallback,/clear,13,484.9249658879752,1097.655582347462,961.8731725128838,192.37463450257675,0,0,3,195.37463450257675,no_target_in_range
676,optical_fallback,/clear,13,105.06707594239462,237.82537617528348,939.9999999999999,187.99999999999997,0,0,3,190.99999999999997,no_target_in_range
677,optical_fallback,/clear,13,456.4185292411927,1132.1140075828523,960.8329719571451,192.16659439142902,0,0,5,197.16659439142902,success
678,discovery,/measure,2,-2100.0,700.0,2592.681664261352,518.5363328522704,1,5,0,524.5363328522704,no_signal
679,discovery,/measure,3,-2100.0,700.0,0.0,0.0,1,5,0,6.0,no_signal
680,discovery,/measure,5,-2100.0,700.0,0.0,0.0,1,5,0,6.0,no_signal
681,discovery,/measure,6,-2100.0,700.0,0.0,0.0,1,5,0,6.0,no_signal
682,discovery,/measure,7,-2100.0,700.0,0.0,0.0,1,5,0,6.0,no_signal
683,discovery,/measure,8,-2100.0,700.0,0.0,0.0,1,5,0,6.0,no_signal
684,discovery,/measure,11,-2100.0,700.0,0.0,0.0,1,5,0,6.0,no_signal
685,discovery,/measure,12,-2100.0,700.0,0.0,0.0,1,5,0,6.0,no_signal
686,discovery,/measure,14,-2100.0,700.0,0.0,0.0,1,5,0,6.0,no_signal
687,discovery,/measure,15,-2100.0,700.0,0.0,0.0,1,5,0,6.0,no_signal
688,discovery,/measure,16,-2100.0,700.0,0.0,0.0,1,5,0,6.0,no_signal
689,discovery,/measure,17,-2100.0,700.0,0.0,0.0,1,5,0,6.0,no_signal
690,discovery,/measure,19,-2100.0,700.0,0.0,0.0,1,5,0,6.0,no_signal
691,discovery,/measure,20,-2100.0,700.0,0.0,0.0,1,5,0,6.0,no_signal
692,discovery,/measure,20,-2100.0,1400.0,700.0,140.0,0,5,0,145.0,no_signal
693,discovery,/measure,2,-2100.0,1400.0,0.0,0.0,1,5,0,6.0,no_signal
694,discovery,/measure,3,-2100.0,1400.0,0.0,0.0,1,5,0,6.0,no_signal
695,discovery,/measure,5,-2100.0,1400.0,0.0,0.0,1,5,0,6.0,no_signal
696,discovery,/measure,6,-2100.0,1400.0,0.0,0.0,1,5,0,6.0,no_signal
697,discovery,/measure,7,-2100.0,1400.0,0.0,0.0,1,5,0,6.0,no_signal
698,discovery,/measure,8,-2100.0,1400.0,0.0,0.0,1,5,0,6.0,no_signal
699,discovery,/measure,11,-2100.0,1400.0,0.0,0.0,1,5,0,6.0,no_signal
700,discovery,/measure,12,-2100.0,1400.0,0.0,0.0,1,5,0,6.0,no_signal
701,discovery,/measure,14,-2100.0,1400.0,0.0,0.0,1,5,0,6.0,no_signal
702,discovery,/measure,15,-2100.0,1400.0,0.0,0.0,1,5,0,6.0,no_signal
703,discovery,/measure,16,-2100.0,1400.0,0.0,0.0,1,5,0,6.0,no_signal
704,discovery,/measure,17,-2100.0,1400.0,0.0,0.0,1,5,0,6.0,no_signal
705,discovery,/measure,19,-2100.0,1400.0,0.0,0.0,1,5,0,6.0,no_signal
706,discovery,/measure,19,-1400.0,1400.0,700.0,140.0,0,5,0,145.0,no_signal
707,discovery,/measure,2,-1400.0,1400.0,0.0,0.0,1,5,0,6.0,no_signal
708,discovery,/measure,3,-1400.0,1400.0,0.0,0.0,1,5,0,6.0,no_signal
709,discovery,/measure,5,-1400.0,1400.0,0.0,0.0,1,5,0,6.0,no_signal
710,discovery,/measure,6,-1400.0,1400.0,0.0,0.0,1,5,0,6.0,no_signal
711,discovery,/measure,7,-1400.0,1400.0,0.0,0.0,1,5,0,6.0,no_signal
712,discovery,/measure,8,-1400.0,1400.0,0.0,0.0,1,5,0,6.0,direction
713,discovery,/measure,11,-1400.0,1400.0,0.0,0.0,1,5,0,6.0,no_signal
714,discovery,/measure,12,-1400.0,1400.0,0.0,0.0,1,5,0,6.0,no_signal
715,discovery,/measure,14,-1400.0,1400.0,0.0,0.0,1,5,0,6.0,no_signal
716,discovery,/measure,15,-1400.0,1400.0,0.0,0.0,1,5,0,6.0,no_signal
717,discovery,/measure,16,-1400.0,1400.0,0.0,0.0,1,5,0,6.0,no_signal
718,discovery,/measure,17,-1400.0,1400.0,0.0,0.0,1,5,0,6.0,no_signal
719,discovery,/measure,20,-1400.0,1400.0,0.0,0.0,1,5,0,6.0,no_signal
720,discovery,/measure,20,-1400.0,2100.0,700.0,140.0,0,5,0,145.0,no_signal
721,discovery,/measure,2,-1400.0,2100.0,0.0,0.0,1,5,0,6.0,no_signal
722,discovery,/measure,3,-1400.0,2100.0,0.0,0.0,1,5,0,6.0,no_signal
723,discovery,/measure,5,-1400.0,2100.0,0.0,0.0,1,5,0,6.0,no_signal
724,discovery,/measure,6,-1400.0,2100.0,0.0,0.0,1,5,0,6.0,no_signal
725,discovery,/measure,7,-1400.0,2100.0,0.0,0.0,1,5,0,6.0,no_signal
726,discovery,/measure,8,-1400.0,2100.0,0.0,0.0,1,5,0,6.0,direction
727,discovery,/measure,11,-1400.0,2100.0,0.0,0.0,1,5,0,6.0,no_signal
728,discovery,/measure,12,-1400.0,2100.0,0.0,0.0,1,5,0,6.0,no_signal
729,discovery,/measure,14,-1400.0,2100.0,0.0,0.0,1,5,0,6.0,no_signal
730,discovery,/measure,15,-1400.0,2100.0,0.0,0.0,1,5,0,6.0,no_signal
731,discovery,/measure,16,-1400.0,2100.0,0.0,0.0,1,5,0,6.0,no_signal
732,discovery,/measure,17,-1400.0,2100.0,0.0,0.0,1,5,0,6.0,no_signal
733,discovery,/measure,19,-1400.0,2100.0,0.0,0.0,1,5,0,6.0,no_signal
734,discovery,/measure,19,-700.0,2100.0,700.0,140.0,0,5,0,145.0,no_signal
735,discovery,/measure,2,-700.0,2100.0,0.0,0.0,1,5,0,6.0,no_signal
736,discovery,/measure,3,-700.0,2100.0,0.0,0.0,1,5,0,6.0,no_signal
737,discovery,/measure,5,-700.0,2100.0,0.0,0.0,1,5,0,6.0,no_signal
738,discovery,/measure,6,-700.0,2100.0,0.0,0.0,1,5,0,6.0,no_signal
739,discovery,/measure,7,-700.0,2100.0,0.0,0.0,1,5,0,6.0,no_signal
740,discovery,/measure,8,-700.0,2100.0,0.0,0.0,1,5,0,6.0,direction
741,discovery,/measure,11,-700.0,2100.0,0.0,0.0,1,5,0,6.0,no_signal
742,discovery,/measure,12,-700.0,2100.0,0.0,0.0,1,5,0,6.0,no_signal
743,discovery,/measure,14,-700.0,2100.0,0.0,0.0,1,5,0,6.0,no_signal
744,discovery,/measure,15,-700.0,2100.0,0.0,0.0,1,5,0,6.0,no_signal
745,discovery,/measure,16,-700.0,2100.0,0.0,0.0,1,5,0,6.0,no_signal
746,discovery,/measure,17,-700.0,2100.0,0.0,0.0,1,5,0,6.0,no_signal
747,discovery,/measure,20,-700.0,2100.0,0.0,0.0,1,5,0,6.0,no_signal
748,active_localization,/measure,8,-71.71770005324393,1710.3760675526319,739.2871276859464,147.85742553718927,1,5,0,153.85742553718927,direction
749,certified_clear,/clear,8,-81.26915776368429,1683.41106161913,28.606675608817724,5.721335121763545,0,0,5,10.721335121763545,success
750,discovery,/measure,2,-700.0,1400.0,680.5510157089936,136.11020314179873,1,5,0,142.11020314179873,no_signal
751,discovery,/measure,3,-700.0,1400.0,0.0,0.0,1,5,0,6.0,no_signal
752,discovery,/measure,5,-700.0,1400.0,0.0,0.0,1,5,0,6.0,no_signal
753,discovery,/measure,6,-700.0,1400.0,0.0,0.0,1,5,0,6.0,no_signal
754,discovery,/measure,7,-700.0,1400.0,0.0,0.0,1,5,0,6.0,no_signal
755,discovery,/measure,11,-700.0,1400.0,0.0,0.0,1,5,0,6.0,no_signal
756,discovery,/measure,12,-700.0,1400.0,0.0,0.0,1,5,0,6.0,no_signal
757,discovery,/measure,14,-700.0,1400.0,0.0,0.0,1,5,0,6.0,no_signal
758,discovery,/measure,15,-700.0,1400.0,0.0,0.0,1,5,0,6.0,no_signal
759,discovery,/measure,16,-700.0,1400.0,0.0,0.0,1,5,0,6.0,no_signal
760,discovery,/measure,17,-700.0,1400.0,0.0,0.0,1,5,0,6.0,no_signal
761,discovery,/measure,19,-700.0,1400.0,0.0,0.0,1,5,0,6.0,no_signal
762,discovery,/measure,20,-700.0,1400.0,0.0,0.0,1,5,0,6.0,no_signal
763,discovery,/measure,20,-700.0,700.0,700.0,140.0,0,5,0,145.0,no_signal
764,discovery,/measure,2,-700.0,700.0,0.0,0.0,1,5,0,6.0,no_signal
765,discovery,/measure,3,-700.0,700.0,0.0,0.0,1,5,0,6.0,no_signal
766,discovery,/measure,5,-700.0,700.0,0.0,0.0,1,5,0,6.0,no_signal
767,discovery,/measure,6,-700.0,700.0,0.0,0.0,1,5,0,6.0,no_signal
768,discovery,/measure,7,-700.0,700.0,0.0,0.0,1,5,0,6.0,no_signal
769,discovery,/measure,11,-700.0,700.0,0.0,0.0,1,5,0,6.0,no_signal
770,discovery,/measure,12,-700.0,700.0,0.0,0.0,1,5,0,6.0,no_signal
771,discovery,/measure,14,-700.0,700.0,0.0,0.0,1,5,0,6.0,no_signal
772,discovery,/measure,15,-700.0,700.0,0.0,0.0,1,5,0,6.0,no_signal
773,discovery,/measure,16,-700.0,700.0,0.0,0.0,1,5,0,6.0,no_signal
774,discovery,/measure,17,-700.0,700.0,0.0,0.0,1,5,0,6.0,no_signal
775,discovery,/measure,19,-700.0,700.0,0.0,0.0,1,5,0,6.0,no_signal
776,discovery,/measure,19,0.0,700.0,700.0,140.0,0,5,0,145.0,no_signal
777,discovery,/measure,2,0.0,700.0,0.0,0.0,1,5,0,6.0,no_signal
778,discovery,/measure,3,0.0,700.0,0.0,0.0,1,5,0,6.0,no_signal
779,discovery,/measure,5,0.0,700.0,0.0,0.0,1,5,0,6.0,no_signal
780,discovery,/measure,6,0.0,700.0,0.0,0.0,1,5,0,6.0,no_signal
781,discovery,/measure,7,0.0,700.0,0.0,0.0,1,5,0,6.0,no_signal
782,discovery,/measure,11,0.0,700.0,0.0,0.0,1,5,0,6.0,direction
783,discovery,/measure,12,0.0,700.0,0.0,0.0,1,5,0,6.0,no_signal
784,discovery,/measure,14,0.0,700.0,0.0,0.0,1,5,0,6.0,no_signal
785,discovery,/measure,15,0.0,700.0,0.0,0.0,1,5,0,6.0,no_signal
786,discovery,/measure,16,0.0,700.0,0.0,0.0,1,5,0,6.0,no_signal
787,discovery,/measure,17,0.0,700.0,0.0,0.0,1,5,0,6.0,no_signal
788,discovery,/measure,20,0.0,700.0,0.0,0.0,1,5,0,6.0,no_signal
789,discovery,/measure,20,0.0,1400.0,700.0,140.0,0,5,0,145.0,no_signal
790,discovery,/measure,2,0.0,1400.0,0.0,0.0,1,5,0,6.0,no_signal
791,discovery,/measure,3,0.0,1400.0,0.0,0.0,1,5,0,6.0,direction
792,discovery,/measure,5,0.0,1400.0,0.0,0.0,1,5,0,6.0,no_signal
793,discovery,/measure,6,0.0,1400.0,0.0,0.0,1,5,0,6.0,no_signal
794,discovery,/measure,7,0.0,1400.0,0.0,0.0,1,5,0,6.0,no_signal
795,discovery,/measure,11,0.0,1400.0,0.0,0.0,1,5,0,6.0,direction
796,discovery,/measure,12,0.0,1400.0,0.0,0.0,1,5,0,6.0,no_signal
797,discovery,/measure,14,0.0,1400.0,0.0,0.0,1,5,0,6.0,no_signal
798,discovery,/measure,15,0.0,1400.0,0.0,0.0,1,5,0,6.0,no_signal
799,discovery,/measure,16,0.0,1400.0,0.0,0.0,1,5,0,6.0,no_signal
800,discovery,/measure,17,0.0,1400.0,0.0,0.0,1,5,0,6.0,no_signal
801,discovery,/measure,19,0.0,1400.0,0.0,0.0,1,5,0,6.0,no_signal
802,active_localization,/measure,11,759.0191213334965,1596.5561225054262,784.0563346113856,156.81126692227713,1,5,0,162.81126692227713,direction
803,certified_clear,/clear,11,742.9349365374973,1561.849688136257,38.25228865274983,7.650457730549967,0,0,5,12.650457730549967,success
804,active_localization,/measure,3,767.5061898283902,1517.3777264660575,50.80848219619356,10.161696439238712,1,5,0,16.16169643923871,direction
805,active_localization,/measure,3,1341.5360045837112,1173.8652968673966,668.9626428409908,133.79252856819818,0,5,0,138.79252856819818,direction
806,certified_clear,/clear,3,1302.7470628412807,1152.8126657427108,44.13383371937863,8.826766743875726,0,0,5,13.826766743875726,success
807,discovery,/measure,2,0.0,2100.0,1610.6873551124108,322.13747102248215,1,5,0,328.13747102248215,no_signal
808,discovery,/measure,5,0.0,2100.0,0.0,0.0,1,5,0,6.0,no_signal
809,discovery,/measure,6,0.0,2100.0,0.0,0.0,1,5,0,6.0,no_signal
810,discovery,/measure,7,0.0,2100.0,0.0,0.0,1,5,0,6.0,no_signal
811,discovery,/measure,12,0.0,2100.0,0.0,0.0,1,5,0,6.0,no_signal
812,discovery,/measure,14,0.0,2100.0,0.0,0.0,1,5,0,6.0,no_signal
813,discovery,/measure,15,0.0,2100.0,0.0,0.0,1,5,0,6.0,no_signal
814,discovery,/measure,16,0.0,2100.0,0.0,0.0,1,5,0,6.0,no_signal
815,discovery,/measure,17,0.0,2100.0,0.0,0.0,1,5,0,6.0,no_signal
816,discovery,/measure,19,0.0,2100.0,0.0,0.0,1,5,0,6.0,no_signal
817,discovery,/measure,20,0.0,2100.0,0.0,0.0,1,5,0,6.0,no_signal
818,discovery,/measure,20,700.0,2100.0,700.0,140.0,0,5,0,145.0,no_signal
819,discovery,/measure,2,700.0,2100.0,0.0,0.0,1,5,0,6.0,no_signal
820,discovery,/measure,5,700.0,2100.0,0.0,0.0,1,5,0,6.0,no_signal
821,discovery,/measure,6,700.0,2100.0,0.0,0.0,1,5,0,6.0,no_signal
822,discovery,/measure,7,700.0,2100.0,0.0,0.0,1,5,0,6.0,no_signal
823,discovery,/measure,12,700.0,2100.0,0.0,0.0,1,5,0,6.0,no_signal
824,discovery,/measure,14,700.0,2100.0,0.0,0.0,1,5,0,6.0,no_signal
825,discovery,/measure,15,700.0,2100.0,0.0,0.0,1,5,0,6.0,no_signal
826,discovery,/measure,16,700.0,2100.0,0.0,0.0,1,5,0,6.0,no_signal
827,discovery,/measure,17,700.0,2100.0,0.0,0.0,1,5,0,6.0,no_signal
828,discovery,/measure,19,700.0,2100.0,0.0,0.0,1,5,0,6.0,no_signal
829,discovery,/measure,19,700.0,1400.0,700.0,140.0,0,5,0,145.0,no_signal
830,discovery,/measure,2,700.0,1400.0,0.0,0.0,1,5,0,6.0,direction
831,discovery,/measure,5,700.0,1400.0,0.0,0.0,1,5,0,6.0,no_signal
832,discovery,/measure,6,700.0,1400.0,0.0,0.0,1,5,0,6.0,no_signal
833,discovery,/measure,7,700.0,1400.0,0.0,0.0,1,5,0,6.0,no_signal
834,discovery,/measure,12,700.0,1400.0,0.0,0.0,1,5,0,6.0,no_signal
835,discovery,/measure,14,700.0,1400.0,0.0,0.0,1,5,0,6.0,no_signal
836,discovery,/measure,15,700.0,1400.0,0.0,0.0,1,5,0,6.0,no_signal
837,discovery,/measure,16,700.0,1400.0,0.0,0.0,1,5,0,6.0,no_signal
838,discovery,/measure,17,700.0,1400.0,0.0,0.0,1,5,0,6.0,no_signal
839,discovery,/measure,20,700.0,1400.0,0.0,0.0,1,5,0,6.0,no_signal
840,discovery,/measure,20,700.0,700.0,700.0,140.0,0,5,0,145.0,no_signal
841,discovery,/measure,2,700.0,700.0,0.0,0.0,1,5,0,6.0,no_signal
842,discovery,/measure,5,700.0,700.0,0.0,0.0,1,5,0,6.0,no_signal
843,discovery,/measure,6,700.0,700.0,0.0,0.0,1,5,0,6.0,no_signal
844,discovery,/measure,7,700.0,700.0,0.0,0.0,1,5,0,6.0,no_signal
845,discovery,/measure,12,700.0,700.0,0.0,0.0,1,5,0,6.0,no_signal
846,discovery,/measure,14,700.0,700.0,0.0,0.0,1,5,0,6.0,no_signal
847,discovery,/measure,15,700.0,700.0,0.0,0.0,1,5,0,6.0,no_signal
848,discovery,/measure,16,700.0,700.0,0.0,0.0,1,5,0,6.0,no_signal
849,discovery,/measure,17,700.0,700.0,0.0,0.0,1,5,0,6.0,no_signal
850,discovery,/measure,19,700.0,700.0,0.0,0.0,1,5,0,6.0,no_signal
851,discovery,/measure,19,700.0,0.0,700.0,140.0,0,5,0,145.0,no_signal
852,discovery,/measure,2,700.0,0.0,0.0,0.0,1,5,0,6.0,no_signal
853,discovery,/measure,5,700.0,0.0,0.0,0.0,1,5,0,6.0,no_signal
854,discovery,/measure,6,700.0,0.0,0.0,0.0,1,5,0,6.0,no_signal
855,discovery,/measure,7,700.0,0.0,0.0,0.0,1,5,0,6.0,no_signal
856,discovery,/measure,12,700.0,0.0,0.0,0.0,1,5,0,6.0,no_signal
857,discovery,/measure,14,700.0,0.0,0.0,0.0,1,5,0,6.0,no_signal
858,discovery,/measure,15,700.0,0.0,0.0,0.0,1,5,0,6.0,direction
859,discovery,/measure,16,700.0,0.0,0.0,0.0,1,5,0,6.0,direction
860,discovery,/measure,17,700.0,0.0,0.0,0.0,1,5,0,6.0,no_signal
861,discovery,/measure,20,700.0,0.0,0.0,0.0,1,5,0,6.0,no_signal
862,discovery,/measure,20,700.0,-700.0,700.0,140.0,0,5,0,145.0,no_signal
863,discovery,/measure,2,700.0,-700.0,0.0,0.0,1,5,0,6.0,no_signal
864,discovery,/measure,5,700.0,-700.0,0.0,0.0,1,5,0,6.0,no_signal
865,discovery,/measure,6,700.0,-700.0,0.0,0.0,1,5,0,6.0,no_signal
866,discovery,/measure,7,700.0,-700.0,0.0,0.0,1,5,0,6.0,direction
867,discovery,/measure,12,700.0,-700.0,0.0,0.0,1,5,0,6.0,direction
868,discovery,/measure,14,700.0,-700.0,0.0,0.0,1,5,0,6.0,no_signal
869,discovery,/measure,15,700.0,-700.0,0.0,0.0,1,5,0,6.0,direction
870,discovery,/measure,16,700.0,-700.0,0.0,0.0,1,5,0,6.0,direction
871,discovery,/measure,17,700.0,-700.0,0.0,0.0,1,5,0,6.0,no_signal
872,discovery,/measure,19,700.0,-700.0,0.0,0.0,1,5,0,6.0,no_signal
873,certified_clear,/clear,15,1152.4014209817626,-397.42793767727255,544.258117628526,108.8516235257052,0,0,5,113.8516235257052,success
874,certified_clear,/clear,16,464.2781970395404,8.091566268242993,798.7237566323257,159.74475132646515,0,0,5,164.74475132646515,success
875,discovery,/measure,19,0.0,-700.0,846.72776644356,169.34555328871198,0,5,0,174.34555328871198,no_signal
876,discovery,/measure,2,0.0,-700.0,0.0,0.0,1,5,0,6.0,no_signal
877,discovery,/measure,5,0.0,-700.0,0.0,0.0,1,5,0,6.0,no_signal
878,discovery,/measure,6,0.0,-700.0,0.0,0.0,1,5,0,6.0,no_signal
879,discovery,/measure,7,0.0,-700.0,0.0,0.0,1,5,0,6.0,no_signal
880,discovery,/measure,12,0.0,-700.0,0.0,0.0,1,5,0,6.0,direction
881,discovery,/measure,14,0.0,-700.0,0.0,0.0,1,5,0,6.0,no_signal
882,discovery,/measure,17,0.0,-700.0,0.0,0.0,1,5,0,6.0,no_signal
883,discovery,/measure,20,0.0,-700.0,0.0,0.0,1,5,0,6.0,no_signal
884,discovery,/measure,20,0.0,-1400.0,700.0,140.0,0,5,0,145.0,no_signal
885,discovery,/measure,2,0.0,-1400.0,0.0,0.0,1,5,0,6.0,no_signal
886,discovery,/measure,5,0.0,-1400.0,0.0,0.0,1,5,0,6.0,no_signal
887,discovery,/measure,6,0.0,-1400.0,0.0,0.0,1,5,0,6.0,no_signal
888,discovery,/measure,7,0.0,-1400.0,0.0,0.0,1,5,0,6.0,no_signal
889,discovery,/measure,12,0.0,-1400.0,0.0,0.0,1,5,0,6.0,no_signal
890,discovery,/measure,14,0.0,-1400.0,0.0,0.0,1,5,0,6.0,no_signal
891,discovery,/measure,17,0.0,-1400.0,0.0,0.0,1,5,0,6.0,no_signal
892,discovery,/measure,19,0.0,-1400.0,0.0,0.0,1,5,0,6.0,no_signal
893,discovery,/measure,19,0.0,-2100.0,700.0,140.0,0,5,0,145.0,no_signal
894,discovery,/measure,2,0.0,-2100.0,0.0,0.0,1,5,0,6.0,no_signal
895,discovery,/measure,5,0.0,-2100.0,0.0,0.0,1,5,0,6.0,no_signal
896,discovery,/measure,6,0.0,-2100.0,0.0,0.0,1,5,0,6.0,no_signal
897,discovery,/measure,7,0.0,-2100.0,0.0,0.0,1,5,0,6.0,no_signal
898,discovery,/measure,12,0.0,-2100.0,0.0,0.0,1,5,0,6.0,no_signal
899,discovery,/measure,14,0.0,-2100.0,0.0,0.0,1,5,0,6.0,no_signal
900,discovery,/measure,17,0.0,-2100.0,0.0,0.0,1,5,0,6.0,no_signal
901,discovery,/measure,20,0.0,-2100.0,0.0,0.0,1,5,0,6.0,no_signal
902,discovery,/measure,20,700.0,-2100.0,700.0,140.0,0,5,0,145.0,no_signal
903,discovery,/measure,2,700.0,-2100.0,0.0,0.0,1,5,0,6.0,no_signal
904,discovery,/measure,5,700.0,-2100.0,0.0,0.0,1,5,0,6.0,no_signal
905,discovery,/measure,6,700.0,-2100.0,0.0,0.0,1,5,0,6.0,no_signal
906,discovery,/measure,7,700.0,-2100.0,0.0,0.0,1,5,0,6.0,no_signal
907,discovery,/measure,12,700.0,-2100.0,0.0,0.0,1,5,0,6.0,no_signal
908,discovery,/measure,14,700.0,-2100.0,0.0,0.0,1,5,0,6.0,no_signal
909,discovery,/measure,17,700.0,-2100.0,0.0,0.0,1,5,0,6.0,no_signal
910,discovery,/measure,19,700.0,-2100.0,0.0,0.0,1,5,0,6.0,no_signal
911,discovery,/measure,19,700.0,-1400.0,700.0,140.0,0,5,0,145.0,no_signal
912,discovery,/measure,2,700.0,-1400.0,0.0,0.0,1,5,0,6.0,no_signal
913,discovery,/measure,5,700.0,-1400.0,0.0,0.0,1,5,0,6.0,no_signal
914,discovery,/measure,6,700.0,-1400.0,0.0,0.0,1,5,0,6.0,no_signal
915,discovery,/measure,7,700.0,-1400.0,0.0,0.0,1,5,0,6.0,direction
916,discovery,/measure,12,700.0,-1400.0,0.0,0.0,1,5,0,6.0,no_signal
917,discovery,/measure,14,700.0,-1400.0,0.0,0.0,1,5,0,6.0,no_signal
918,discovery,/measure,17,700.0,-1400.0,0.0,0.0,1,5,0,6.0,no_signal
919,discovery,/measure,20,700.0,-1400.0,0.0,0.0,1,5,0,6.0,no_signal
920,optical_fallback,/clear,12,974.0688915580954,-1248.034372322647,313.3804545839688,62.67609091679376,0,0,3,65.67609091679375,no_target_in_range
921,optical_fallback,/clear,12,987.3455615700173,-1262.9919801993942,19.999999999999915,3.999999999999983,0,0,3,6.999999999999983,no_target_in_range
922,optical_fallback,/clear,12,1000.6222315819391,-1277.9495880761417,20.000000000000085,4.000000000000017,0,0,3,7.000000000000017,no_target_in_range
923,optical_fallback,/clear,12,1013.8989015938612,-1292.907195952889,20.000000000000068,4.000000000000013,0,0,3,7.000000000000013,no_target_in_range
924,optical_fallback,/clear,12,989.0264994348427,-1234.7577023107249,63.245553203367834,12.649110640673566,0,0,3,15.649110640673566,no_target_in_range
925,optical_fallback,/clear,12,1002.3031694467645,-1249.7153101874721,19.999999999999915,3.999999999999983,0,0,3,6.999999999999983,no_target_in_range
926,optical_fallback,/clear,12,1027.175571605783,-1307.8648038296362,63.245553203367834,12.649110640673566,0,0,3,15.649110640673566,no_target_in_range
927,optical_fallback,/clear,12,1015.5798394586864,-1264.6729180642196,44.72135954999589,8.944271909999177,0,0,3,11.944271909999177,no_target_in_range
928,optical_fallback,/clear,12,1040.4522416177049,-1322.8224117063835,63.24555320336762,12.649110640673523,0,0,3,15.649110640673523,no_target_in_range
929,optical_fallback,/clear,12,1028.8565094706084,-1279.630525940967,44.72135954999583,8.944271909999166,0,0,3,11.944271909999166,no_target_in_range
930,optical_fallback,/clear,12,1003.98410731159,-1221.481032298803,63.24555320336758,12.649110640673516,0,0,3,15.649110640673516,no_target_in_range
931,optical_fallback,/clear,12,1017.2607773235119,-1236.4386401755503,19.999999999999915,3.999999999999983,0,0,3,6.999999999999983,no_target_in_range
932,optical_fallback,/clear,12,1042.1331794825303,-1294.5881338177142,63.24555320336758,12.649110640673516,0,0,3,15.649110640673516,no_target_in_range
933,optical_fallback,/clear,12,1053.728911629627,-1337.7800195831308,44.72135954999589,8.944271909999177,0,0,3,11.944271909999177,no_target_in_range
934,optical_fallback,/clear,12,1030.5374473354336,-1251.3962480522978,89.44271909999155,17.88854381999831,0,0,3,20.88854381999831,no_target_in_range
935,optical_fallback,/clear,12,1055.4098494944521,-1309.5457416944614,63.245553203367415,12.649110640673483,0,0,5,17.649110640673484,success
936,active_localization,/measure,7,1180.6145066106005,-1234.4756612624246,145.9853524832021,29.197070496640418,1,5,0,35.19707049664042,direction
937,certified_clear,/clear,7,1367.2460542804747,-1058.7921994173992,256.31233554299536,51.26246710859907,0,0,5,56.26246710859907,success
938,discovery,/measure,2,1400.0,-1400.0,342.77628876369715,68.55525775273944,1,5,0,74.55525775273944,no_signal
939,discovery,/measure,5,1400.0,-1400.0,0.0,0.0,1,5,0,6.0,no_signal
940,discovery,/measure,6,1400.0,-1400.0,0.0,0.0,1,5,0,6.0,no_signal
941,discovery,/measure,14,1400.0,-1400.0,0.0,0.0,1,5,0,6.0,no_signal
942,discovery,/measure,17,1400.0,-1400.0,0.0,0.0,1,5,0,6.0,no_signal
943,discovery,/measure,19,1400.0,-1400.0,0.0,0.0,1,5,0,6.0,no_signal
944,discovery,/measure,20,1400.0,-1400.0,0.0,0.0,1,5,0,6.0,no_signal
945,discovery,/measure,20,1400.0,-2100.0,700.0,140.0,0,5,0,145.0,no_signal
946,discovery,/measure,2,1400.0,-2100.0,0.0,0.0,1,5,0,6.0,no_signal
947,discovery,/measure,5,1400.0,-2100.0,0.0,0.0,1,5,0,6.0,no_signal
948,discovery,/measure,6,1400.0,-2100.0,0.0,0.0,1,5,0,6.0,no_signal
949,discovery,/measure,14,1400.0,-2100.0,0.0,0.0,1,5,0,6.0,no_signal
950,discovery,/measure,17,1400.0,-2100.0,0.0,0.0,1,5,0,6.0,no_signal
951,discovery,/measure,19,1400.0,-2100.0,0.0,0.0,1,5,0,6.0,no_signal
952,discovery,/measure,19,2100.0,-1400.0,989.9494936611666,197.9898987322333,0,5,0,202.9898987322333,no_signal
953,discovery,/measure,2,2100.0,-1400.0,0.0,0.0,1,5,0,6.0,no_signal
954,discovery,/measure,5,2100.0,-1400.0,0.0,0.0,1,5,0,6.0,no_signal
955,discovery,/measure,6,2100.0,-1400.0,0.0,0.0,1,5,0,6.0,no_signal
956,discovery,/measure,14,2100.0,-1400.0,0.0,0.0,1,5,0,6.0,no_signal
957,discovery,/measure,17,2100.0,-1400.0,0.0,0.0,1,5,0,6.0,no_signal
958,discovery,/measure,20,2100.0,-1400.0,0.0,0.0,1,5,0,6.0,no_signal
959,discovery,/measure,20,2100.0,-700.0,700.0,140.0,0,5,0,145.0,no_signal
960,discovery,/measure,2,2100.0,-700.0,0.0,0.0,1,5,0,6.0,no_signal
961,discovery,/measure,5,2100.0,-700.0,0.0,0.0,1,5,0,6.0,no_signal
962,discovery,/measure,6,2100.0,-700.0,0.0,0.0,1,5,0,6.0,no_signal
963,discovery,/measure,14,2100.0,-700.0,0.0,0.0,1,5,0,6.0,no_signal
964,discovery,/measure,17,2100.0,-700.0,0.0,0.0,1,5,0,6.0,no_signal
965,discovery,/measure,19,2100.0,-700.0,0.0,0.0,1,5,0,6.0,no_signal
966,discovery,/measure,19,1400.0,-700.0,700.0,140.0,0,5,0,145.0,no_signal
967,discovery,/measure,2,1400.0,-700.0,0.0,0.0,1,5,0,6.0,no_signal
968,discovery,/measure,5,1400.0,-700.0,0.0,0.0,1,5,0,6.0,no_signal
969,discovery,/measure,6,1400.0,-700.0,0.0,0.0,1,5,0,6.0,no_signal
970,discovery,/measure,14,1400.0,-700.0,0.0,0.0,1,5,0,6.0,no_signal
971,discovery,/measure,17,1400.0,-700.0,0.0,0.0,1,5,0,6.0,no_signal
972,discovery,/measure,20,1400.0,-700.0,0.0,0.0,1,5,0,6.0,no_signal
973,discovery,/measure,20,1400.0,0.0,700.0,140.0,0,5,0,145.0,no_signal
974,discovery,/measure,2,1400.0,0.0,0.0,0.0,1,5,0,6.0,no_signal
975,discovery,/measure,5,1400.0,0.0,0.0,0.0,1,5,0,6.0,no_signal
976,discovery,/measure,6,1400.0,0.0,0.0,0.0,1,5,0,6.0,no_signal
977,discovery,/measure,14,1400.0,0.0,0.0,0.0,1,5,0,6.0,no_signal
978,discovery,/measure,17,1400.0,0.0,0.0,0.0,1,5,0,6.0,no_signal
979,discovery,/measure,19,1400.0,0.0,0.0,0.0,1,5,0,6.0,no_signal
980,discovery,/measure,19,1400.0,700.0,700.0,140.0,0,5,0,145.0,no_signal
981,discovery,/measure,2,1400.0,700.0,0.0,0.0,1,5,0,6.0,no_signal
982,discovery,/measure,5,1400.0,700.0,0.0,0.0,1,5,0,6.0,no_signal
983,discovery,/measure,6,1400.0,700.0,0.0,0.0,1,5,0,6.0,no_signal
984,discovery,/measure,14,1400.0,700.0,0.0,0.0,1,5,0,6.0,no_signal
985,discovery,/measure,17,1400.0,700.0,0.0,0.0,1,5,0,6.0,no_signal
986,discovery,/measure,20,1400.0,700.0,0.0,0.0,1,5,0,6.0,no_signal
987,discovery,/measure,20,1400.0,1400.0,700.0,140.0,0,5,0,145.0,no_signal
988,discovery,/measure,2,1400.0,1400.0,0.0,0.0,1,5,0,6.0,direction
989,discovery,/measure,5,1400.0,1400.0,0.0,0.0,1,5,0,6.0,no_signal
990,discovery,/measure,6,1400.0,1400.0,0.0,0.0,1,5,0,6.0,no_signal
991,discovery,/measure,14,1400.0,1400.0,0.0,0.0,1,5,0,6.0,no_signal
992,discovery,/measure,17,1400.0,1400.0,0.0,0.0,1,5,0,6.0,no_signal
993,discovery,/measure,19,1400.0,1400.0,0.0,0.0,1,5,0,6.0,no_signal
994,certified_clear,/clear,2,1130.996767517835,894.9528607782036,572.2196710372463,114.44393420744925,0,0,5,119.44393420744925,success
995,discovery,/measure,19,1400.0,2100.0,1234.706988249637,246.9413976499274,0,5,0,251.9413976499274,no_signal
996,discovery,/measure,5,1400.0,2100.0,0.0,0.0,1,5,0,6.0,no_signal
997,discovery,/measure,6,1400.0,2100.0,0.0,0.0,1,5,0,6.0,no_signal
998,discovery,/measure,14,1400.0,2100.0,0.0,0.0,1,5,0,6.0,no_signal
999,discovery,/measure,17,1400.0,2100.0,0.0,0.0,1,5,0,6.0,no_signal
1000,discovery,/measure,20,1400.0,2100.0,0.0,0.0,1,5,0,6.0,no_signal
1001,discovery,/measure,20,2100.0,1400.0,989.9494936611666,197.9898987322333,0,5,0,202.9898987322333,no_signal
1002,discovery,/measure,5,2100.0,1400.0,0.0,0.0,1,5,0,6.0,no_signal
1003,discovery,/measure,6,2100.0,1400.0,0.0,0.0,1,5,0,6.0,no_signal
1004,discovery,/measure,14,2100.0,1400.0,0.0,0.0,1,5,0,6.0,no_signal
1005,discovery,/measure,17,2100.0,1400.0,0.0,0.0,1,5,0,6.0,no_signal
1006,discovery,/measure,19,2100.0,1400.0,0.0,0.0,1,5,0,6.0,no_signal
1007,discovery,/measure,19,2100.0,700.0,700.0,140.0,0,5,0,145.0,no_signal
1008,discovery,/measure,5,2100.0,700.0,0.0,0.0,1,5,0,6.0,no_signal
1009,discovery,/measure,6,2100.0,700.0,0.0,0.0,1,5,0,6.0,no_signal
1010,discovery,/measure,14,2100.0,700.0,0.0,0.0,1,5,0,6.0,no_signal
1011,discovery,/measure,17,2100.0,700.0,0.0,0.0,1,5,0,6.0,no_signal
1012,discovery,/measure,20,2100.0,700.0,0.0,0.0,1,5,0,6.0,no_signal
1013,discovery,/measure,20,2100.0,0.0,700.0,140.0,0,5,0,145.0,no_signal
1014,discovery,/measure,5,2100.0,0.0,0.0,0.0,1,5,0,6.0,no_signal
1015,discovery,/measure,6,2100.0,0.0,0.0,0.0,1,5,0,6.0,no_signal
1016,discovery,/measure,14,2100.0,0.0,0.0,0.0,1,5,0,6.0,no_signal
1017,discovery,/measure,17,2100.0,0.0,0.0,0.0,1,5,0,6.0,no_signal
1018,discovery,/measure,19,2100.0,0.0,0.0,0.0,1,5,0,6.0,no_signal
