index,stage,path,channel,x,y,travel_m,travel_s,switch_s,measure_s,clear_s,total_s,result
2,discovery,/measure,1,0.0,0.0,0.0,0.0,0,5,0,5.0,no_signal
3,discovery,/measure,2,0.0,0.0,0.0,0.0,1,5,0,6.0,no_signal
4,discovery,/measure,3,0.0,0.0,0.0,0.0,1,5,0,6.0,no_signal
5,discovery,/measure,4,0.0,0.0,0.0,0.0,1,5,0,6.0,no_signal
6,discovery,/measure,5,0.0,0.0,0.0,0.0,1,5,0,6.0,no_signal
7,discovery,/measure,6,0.0,0.0,0.0,0.0,1,5,0,6.0,no_signal
8,discovery,/measure,7,0.0,0.0,0.0,0.0,1,5,0,6.0,no_signal
9,discovery,/measure,8,0.0,0.0,0.0,0.0,1,5,0,6.0,no_signal
10,discovery,/measure,9,0.0,0.0,0.0,0.0,1,5,0,6.0,no_signal
11,discovery,/measure,10,0.0,0.0,0.0,0.0,1,5,0,6.0,no_signal
12,discovery,/measure,11,0.0,0.0,0.0,0.0,1,5,0,6.0,no_signal
13,discovery,/measure,12,0.0,0.0,0.0,0.0,1,5,0,6.0,no_signal
14,discovery,/measure,13,0.0,0.0,0.0,0.0,1,5,0,6.0,no_signal
15,discovery,/measure,14,0.0,0.0,0.0,0.0,1,5,0,6.0,no_signal
16,discovery,/measure,15,0.0,0.0,0.0,0.0,1,5,0,6.0,no_signal
17,discovery,/measure,16,0.0,0.0,0.0,0.0,1,5,0,6.0,no_signal
18,discovery,/measure,17,0.0,0.0,0.0,0.0,1,5,0,6.0,no_signal
19,discovery,/measure,18,0.0,0.0,0.0,0.0,1,5,0,6.0,no_signal
20,discovery,/measure,19,0.0,0.0,0.0,0.0,1,5,0,6.0,no_signal
21,discovery,/measure,20,0.0,0.0,0.0,0.0,1,5,0,6.0,no_signal
22,discovery,/measure,20,-700.0,0.0,700.0,140.0,0,5,0,145.0,no_signal
23,discovery,/measure,1,-700.0,0.0,0.0,0.0,1,5,0,6.0,no_signal
24,discovery,/measure,2,-700.0,0.0,0.0,0.0,1,5,0,6.0,no_signal
25,discovery,/measure,3,-700.0,0.0,0.0,0.0,1,5,0,6.0,no_signal
26,discovery,/measure,4,-700.0,0.0,0.0,0.0,1,5,0,6.0,no_signal
27,discovery,/measure,5,-700.0,0.0,0.0,0.0,1,5,0,6.0,no_signal
28,discovery,/measure,6,-700.0,0.0,0.0,0.0,1,5,0,6.0,no_signal
29,discovery,/measure,7,-700.0,0.0,0.0,0.0,1,5,0,6.0,no_signal
30,discovery,/measure,8,-700.0,0.0,0.0,0.0,1,5,0,6.0,no_signal
31,discovery,/measure,9,-700.0,0.0,0.0,0.0,1,5,0,6.0,no_signal
32,discovery,/measure,10,-700.0,0.0,0.0,0.0,1,5,0,6.0,no_signal
33,discovery,/measure,11,-700.0,0.0,0.0,0.0,1,5,0,6.0,no_signal
34,discovery,/measure,12,-700.0,0.0,0.0,0.0,1,5,0,6.0,no_signal
35,discovery,/measure,13,-700.0,0.0,0.0,0.0,1,5,0,6.0,no_signal
36,discovery,/measure,14,-700.0,0.0,0.0,0.0,1,5,0,6.0,no_signal
37,discovery,/measure,15,-700.0,0.0,0.0,0.0,1,5,0,6.0,no_signal
38,discovery,/measure,16,-700.0,0.0,0.0,0.0,1,5,0,6.0,no_signal
39,discovery,/measure,17,-700.0,0.0,0.0,0.0,1,5,0,6.0,no_signal
40,discovery,/measure,18,-700.0,0.0,0.0,0.0,1,5,0,6.0,no_signal
41,discovery,/measure,19,-700.0,0.0,0.0,0.0,1,5,0,6.0,no_signal
42,discovery,/measure,19,-700.0,-700.0,700.0,140.0,0,5,0,145.0,no_signal
43,discovery,/measure,1,-700.0,-700.0,0.0,0.0,1,5,0,6.0,no_signal
44,discovery,/measure,2,-700.0,-700.0,0.0,0.0,1,5,0,6.0,no_signal
45,discovery,/measure,3,-700.0,-700.0,0.0,0.0,1,5,0,6.0,no_signal
46,discovery,/measure,4,-700.0,-700.0,0.0,0.0,1,5,0,6.0,no_signal
47,discovery,/measure,5,-700.0,-700.0,0.0,0.0,1,5,0,6.0,no_signal
48,discovery,/measure,6,-700.0,-700.0,0.0,0.0,1,5,0,6.0,no_signal
49,discovery,/measure,7,-700.0,-700.0,0.0,0.0,1,5,0,6.0,no_signal
50,discovery,/measure,8,-700.0,-700.0,0.0,0.0,1,5,0,6.0,no_signal
51,discovery,/measure,9,-700.0,-700.0,0.0,0.0,1,5,0,6.0,no_signal
52,discovery,/measure,10,-700.0,-700.0,0.0,0.0,1,5,0,6.0,no_signal
53,discovery,/measure,11,-700.0,-700.0,0.0,0.0,1,5,0,6.0,no_signal
54,discovery,/measure,12,-700.0,-700.0,0.0,0.0,1,5,0,6.0,no_signal
55,discovery,/measure,13,-700.0,-700.0,0.0,0.0,1,5,0,6.0,no_signal
56,discovery,/measure,14,-700.0,-700.0,0.0,0.0,1,5,0,6.0,no_signal
57,discovery,/measure,15,-700.0,-700.0,0.0,0.0,1,5,0,6.0,no_signal
58,discovery,/measure,16,-700.0,-700.0,0.0,0.0,1,5,0,6.0,no_signal
59,discovery,/measure,17,-700.0,-700.0,0.0,0.0,1,5,0,6.0,no_signal
60,discovery,/measure,18,-700.0,-700.0,0.0,0.0,1,5,0,6.0,no_signal
61,discovery,/measure,20,-700.0,-700.0,0.0,0.0,1,5,0,6.0,no_signal
62,discovery,/measure,20,-1400.0,-700.0,700.0,140.0,0,5,0,145.0,no_signal
63,discovery,/measure,1,-1400.0,-700.0,0.0,0.0,1,5,0,6.0,no_signal
64,discovery,/measure,2,-1400.0,-700.0,0.0,0.0,1,5,0,6.0,no_signal
65,discovery,/measure,3,-1400.0,-700.0,0.0,0.0,1,5,0,6.0,no_signal
66,discovery,/measure,4,-1400.0,-700.0,0.0,0.0,1,5,0,6.0,no_signal
67,discovery,/measure,5,-1400.0,-700.0,0.0,0.0,1,5,0,6.0,no_signal
68,discovery,/measure,6,-1400.0,-700.0,0.0,0.0,1,5,0,6.0,no_signal
69,discovery,/measure,7,-1400.0,-700.0,0.0,0.0,1,5,0,6.0,no_signal
70,discovery,/measure,8,-1400.0,-700.0,0.0,0.0,1,5,0,6.0,no_signal
71,discovery,/measure,9,-1400.0,-700.0,0.0,0.0,1,5,0,6.0,no_signal
72,discovery,/measure,10,-1400.0,-700.0,0.0,0.0,1,5,0,6.0,no_signal
73,discovery,/measure,11,-1400.0,-700.0,0.0,0.0,1,5,0,6.0,no_signal
74,discovery,/measure,12,-1400.0,-700.0,0.0,0.0,1,5,0,6.0,no_signal
75,discovery,/measure,13,-1400.0,-700.0,0.0,0.0,1,5,0,6.0,no_signal
76,discovery,/measure,14,-1400.0,-700.0,0.0,0.0,1,5,0,6.0,no_signal
77,discovery,/measure,15,-1400.0,-700.0,0.0,0.0,1,5,0,6.0,no_signal
78,discovery,/measure,16,-1400.0,-700.0,0.0,0.0,1,5,0,6.0,no_signal
79,discovery,/measure,17,-1400.0,-700.0,0.0,0.0,1,5,0,6.0,no_signal
80,discovery,/measure,18,-1400.0,-700.0,0.0,0.0,1,5,0,6.0,no_signal
81,discovery,/measure,19,-1400.0,-700.0,0.0,0.0,1,5,0,6.0,no_signal
82,discovery,/measure,19,-1400.0,-1400.0,700.0,140.0,0,5,0,145.0,direction
83,discovery,/measure,1,-1400.0,-1400.0,0.0,0.0,1,5,0,6.0,no_signal
84,discovery,/measure,2,-1400.0,-1400.0,0.0,0.0,1,5,0,6.0,no_signal
85,discovery,/measure,3,-1400.0,-1400.0,0.0,0.0,1,5,0,6.0,no_signal
86,discovery,/measure,4,-1400.0,-1400.0,0.0,0.0,1,5,0,6.0,no_signal
87,discovery,/measure,5,-1400.0,-1400.0,0.0,0.0,1,5,0,6.0,no_signal
88,discovery,/measure,6,-1400.0,-1400.0,0.0,0.0,1,5,0,6.0,no_signal
89,discovery,/measure,7,-1400.0,-1400.0,0.0,0.0,1,5,0,6.0,no_signal
90,discovery,/measure,8,-1400.0,-1400.0,0.0,0.0,1,5,0,6.0,no_signal
91,discovery,/measure,9,-1400.0,-1400.0,0.0,0.0,1,5,0,6.0,no_signal
92,discovery,/measure,10,-1400.0,-1400.0,0.0,0.0,1,5,0,6.0,no_signal
93,discovery,/measure,11,-1400.0,-1400.0,0.0,0.0,1,5,0,6.0,no_signal
94,discovery,/measure,12,-1400.0,-1400.0,0.0,0.0,1,5,0,6.0,no_signal
95,discovery,/measure,13,-1400.0,-1400.0,0.0,0.0,1,5,0,6.0,no_signal
96,discovery,/measure,14,-1400.0,-1400.0,0.0,0.0,1,5,0,6.0,no_signal
97,discovery,/measure,15,-1400.0,-1400.0,0.0,0.0,1,5,0,6.0,no_signal
98,discovery,/measure,16,-1400.0,-1400.0,0.0,0.0,1,5,0,6.0,direction
99,discovery,/measure,17,-1400.0,-1400.0,0.0,0.0,1,5,0,6.0,direction
100,discovery,/measure,18,-1400.0,-1400.0,0.0,0.0,1,5,0,6.0,no_signal
101,discovery,/measure,20,-1400.0,-1400.0,0.0,0.0,1,5,0,6.0,no_signal
102,active_localization,/measure,17,-1459.754992425591,-1061.7183648185007,343.5187386749832,68.70374773499664,1,5,0,74.70374773499664,no_signal
103,active_localization,/measure,17,-1753.1612169194511,-670.8600113562159,488.7304625690831,97.74609251381662,0,5,0,102.74609251381662,direction
104,certified_clear,/clear,17,-1678.6943783991132,-636.1759829761334,82.14798758268182,16.429597516536365,0,0,5,21.429597516536365,success
105,active_localization,/measure,19,-1639.1842892916418,-682.618320326488,60.97489516058618,12.194979032117235,1,5,0,18.194979032117235,no_signal
106,active_localization,/measure,19,-1749.4877284859829,-623.4388231106911,125.17612227902812,25.035224455805626,0,5,0,30.035224455805626,no_signal
107,active_localization,/measure,19,-1462.4075939950048,-755.8416250298511,316.14159102434206,63.228318204868415,0,5,0,68.22831820486842,no_signal
108,optical_fallback,/clear,19,-1455.006587746992,-754.0264117475298,7.620360407713119,1.5240720815426239,0,0,3,4.524072081542624,no_target_in_range
109,optical_fallback,/clear,19,-1474.966129848376,-755.2978987128878,20.000000000000053,4.000000000000011,0,0,3,7.000000000000011,no_target_in_range
110,optical_fallback,/clear,19,-1453.735100781634,-773.9859538489139,28.284271247461973,5.656854249492395,0,0,3,8.656854249492394,no_target_in_range
111,optical_fallback,/clear,19,-1473.694642883018,-775.257440814272,20.000000000000053,4.000000000000011,0,0,3,7.000000000000011,no_target_in_range
112,optical_fallback,/clear,19,-1456.27807471235,-734.0668696461457,44.7213595499958,8.944271909999161,0,0,3,11.944271909999161,no_target_in_range
113,optical_fallback,/clear,19,-1476.2376168137341,-735.3383566115037,20.000000000000053,4.000000000000011,0,0,3,7.000000000000011,no_target_in_range
114,optical_fallback,/clear,19,-1435.0470456456078,-752.7549247821717,44.72135954999582,8.944271909999163,0,0,3,11.944271909999163,no_target_in_range
115,optical_fallback,/clear,19,-1494.9256719497603,-756.5693856782459,60.00000000000017,12.000000000000034,0,0,3,15.000000000000034,no_target_in_range
116,optical_fallback,/clear,19,-1433.7755586802498,-772.7144668835558,63.24555320336769,12.649110640673538,0,0,3,15.649110640673538,no_target_in_range
117,optical_fallback,/clear,19,-1436.3185326109658,-732.7953826807876,39.99999999999999,7.999999999999998,0,0,3,10.999999999999998,no_target_in_range
118,optical_fallback,/clear,19,-1493.6541849844023,-776.5289277796301,72.11102550928004,14.422205101856008,0,0,3,17.422205101856008,no_target_in_range
119,optical_fallback,/clear,19,-1496.1971589151183,-736.6098435768619,39.99999999999999,7.999999999999998,0,0,3,10.999999999999998,no_target_in_range
120,optical_fallback,/clear,19,-1452.4636138162757,-793.945495950298,72.11102550927984,14.422205101855969,0,0,3,17.42220510185597,no_target_in_range
121,optical_fallback,/clear,19,-1472.4231559176599,-795.216982915656,20.000000000000053,4.000000000000011,0,0,3,7.000000000000011,no_target_in_range
122,optical_fallback,/clear,19,-1457.549561677708,-714.1073275447616,82.46211251235316,16.49242250247063,0,0,3,19.49242250247063,no_target_in_range
123,optical_fallback,/clear,19,-1477.5091037790921,-715.3788145101196,20.000000000000053,4.000000000000011,0,0,3,7.000000000000011,no_target_in_range
124,optical_fallback,/clear,19,-1432.5040717148916,-792.6740089849399,89.44271909999163,17.888543819998326,0,0,3,20.888543819998326,no_target_in_range
125,optical_fallback,/clear,19,-1437.5900195763238,-712.8358405794035,80.0,16.0,0,0,3,19.0,no_target_in_range
126,optical_fallback,/clear,19,-1492.382698019044,-796.4884698810141,100.00000000000014,20.00000000000003,0,0,3,23.00000000000003,no_target_in_range
127,optical_fallback,/clear,19,-1497.4686458804763,-716.6503014754777,80.0,16.0,0,0,3,19.0,no_target_in_range
128,optical_fallback,/clear,19,-1451.1921268509177,-813.9050380516821,107.70329614269015,21.54065922853803,0,0,3,24.54065922853803,no_target_in_range
129,optical_fallback,/clear,19,-1471.1516689523019,-815.1765250170401,20.000000000000053,4.000000000000011,0,0,3,7.000000000000011,no_target_in_range
130,optical_fallback,/clear,19,-1458.821048643066,-694.1477854433775,121.65525060596435,24.33105012119287,0,0,3,27.33105012119287,no_target_in_range
131,optical_fallback,/clear,19,-1478.7805907444501,-695.4192724087355,20.000000000000053,4.000000000000011,0,0,3,7.000000000000011,no_target_in_range
132,optical_fallback,/clear,19,-1431.2325847495335,-812.633551086324,126.49110640673517,25.298221281347033,0,0,3,28.298221281347033,no_target_in_range
133,optical_fallback,/clear,19,-1491.111211053686,-816.4480119823983,60.00000000000017,12.000000000000034,0,0,3,15.000000000000034,no_target_in_range
134,optical_fallback,/clear,19,-1438.8615065416818,-692.8762984780194,134.16407864998754,26.83281572999751,0,0,3,29.83281572999751,no_target_in_range
135,optical_fallback,/clear,19,-1498.7401328458343,-696.6907593740937,60.00000000000017,12.000000000000034,0,0,3,15.000000000000034,no_target_in_range
136,optical_fallback,/clear,19,-1449.9206398855597,-833.8645801530662,145.6021977856103,29.120439557122058,0,0,3,32.120439557122054,no_target_in_range
137,optical_fallback,/clear,19,-1469.8801819869439,-835.1360671184242,20.000000000000053,4.000000000000011,0,0,3,7.000000000000011,no_target_in_range
138,optical_fallback,/clear,19,-1460.0925356084242,-674.1882433419934,161.24515496597093,32.24903099319418,0,0,3,35.24903099319418,no_target_in_range
139,optical_fallback,/clear,19,-1480.0520777098084,-675.4597303073514,20.000000000000053,4.000000000000011,0,0,3,7.000000000000011,no_target_in_range
140,optical_fallback,/clear,19,-1429.9610977841755,-832.5930931877081,164.92422502470646,32.98484500494129,0,0,3,35.98484500494129,no_target_in_range
141,optical_fallback,/clear,19,-1489.839724088328,-836.4075540837823,60.00000000000017,12.000000000000034,0,0,3,15.000000000000034,no_target_in_range
142,optical_fallback,/clear,19,-1440.13299350704,-672.9167563766352,170.88007490635073,34.17601498127014,0,0,3,37.17601498127014,no_target_in_range
143,optical_fallback,/clear,19,-1500.0116198111925,-676.7312172727095,60.00000000000017,12.000000000000034,0,0,3,15.000000000000034,no_target_in_range
144,optical_fallback,/clear,19,-1448.6491529202017,-853.8241222544503,184.3908891458578,36.87817782917156,0,0,3,39.87817782917156,no_target_in_range
145,optical_fallback,/clear,19,-1468.6086950215858,-855.0956092198084,20.000000000000053,4.000000000000011,0,0,3,7.000000000000011,no_target_in_range
146,optical_fallback,/clear,19,-1461.3640225737822,-654.2287012406093,200.99751242241774,40.199502484483546,0,0,3,43.199502484483546,no_target_in_range
147,optical_fallback,/clear,19,-1481.3235646751664,-655.5001882059673,20.000000000000053,4.000000000000011,0,0,3,7.000000000000011,no_target_in_range
148,optical_fallback,/clear,19,-1428.6896108188175,-852.5526352890922,203.9607805437114,40.792156108742276,0,0,3,43.792156108742276,no_target_in_range
149,optical_fallback,/clear,19,-1488.56823712297,-856.3670961851665,60.00000000000017,12.000000000000034,0,0,3,15.000000000000034,no_target_in_range
150,optical_fallback,/clear,19,-1441.404480472398,-652.9572142752512,208.8061301782111,41.761226035642224,0,0,3,44.761226035642224,no_target_in_range
151,optical_fallback,/clear,19,-1501.2831067765505,-656.7716751713255,60.00000000000017,12.000000000000034,0,0,3,15.000000000000034,no_target_in_range
152,optical_fallback,/clear,19,-1447.3776659548435,-873.7836643558344,223.60679774997897,44.721359549995796,0,0,3,47.721359549995796,no_target_in_range
153,optical_fallback,/clear,19,-1467.3372080562276,-875.0551513211924,20.000000000000053,4.000000000000011,0,0,3,7.000000000000011,no_target_in_range
154,optical_fallback,/clear,19,-1462.6355095391402,-634.2691591392252,240.83189157584584,48.16637831516917,0,0,3,51.16637831516917,no_target_in_range
155,optical_fallback,/clear,19,-1427.4181238534593,-872.5121773904763,240.83189157584584,48.16637831516917,0,0,3,51.16637831516917,no_target_in_range
156,optical_fallback,/clear,19,-1482.5950516405244,-635.5406461045832,243.3105012119288,48.66210024238576,0,0,3,51.66210024238576,no_target_in_range
157,optical_fallback,/clear,19,-1487.2967501576118,-876.3266382865505,240.83189157584596,48.16637831516919,0,0,3,51.16637831516919,no_target_in_range
158,optical_fallback,/clear,19,-1442.675967437756,-632.997672173867,247.38633753705972,49.477267507411945,0,0,3,52.477267507411945,no_target_in_range
159,optical_fallback,/clear,19,-1502.5545937419085,-636.8121330699413,60.00000000000017,12.000000000000034,0,0,3,15.000000000000034,no_target_in_range
160,optical_fallback,/clear,19,-1446.1061789894854,-893.7432064572185,263.0589287593182,52.611785751863636,0,0,3,55.611785751863636,no_target_in_range
161,optical_fallback,/clear,19,-1466.0657210908696,-895.0146934225766,20.000000000000053,4.000000000000011,0,0,3,7.000000000000011,no_target_in_range
162,optical_fallback,/clear,19,-1426.1466368881013,-892.4717194918604,40.000000000000114,8.000000000000023,0,0,3,11.000000000000023,no_target_in_range
163,optical_fallback,/clear,19,-1463.9069965044982,-614.3096170378411,280.7133769523639,56.142675390472775,0,0,3,59.142675390472775,no_target_in_range
164,optical_fallback,/clear,19,-1483.8665386058824,-615.5811040031991,20.000000000000053,4.000000000000011,0,0,3,7.000000000000011,no_target_in_range
165,optical_fallback,/clear,19,-1486.0252631922538,-896.2861803879347,280.71337695236406,56.14267539047281,0,0,3,59.14267539047281,no_target_in_range
166,optical_fallback,/clear,19,-1443.947454403114,-613.038130072483,286.35642126552716,57.271284253105435,0,0,3,60.271284253105435,no_target_in_range
167,optical_fallback,/clear,19,-1503.8260807072666,-616.8525909685573,60.00000000000017,12.000000000000034,0,0,3,15.000000000000034,no_target_in_range
168,optical_fallback,/clear,19,-1444.8346920241274,-913.7027485586026,302.654919008431,60.530983801686205,0,0,3,63.530983801686205,no_target_in_range
169,optical_fallback,/clear,19,-1464.7942341255116,-914.9742355239606,20.000000000000053,4.000000000000011,0,0,3,7.000000000000011,no_target_in_range
170,optical_fallback,/clear,19,-1424.8751499227433,-912.4312615932445,40.000000000000114,8.000000000000023,0,0,3,11.000000000000023,no_target_in_range
171,optical_fallback,/clear,19,-1465.1784834698565,-594.350074936457,320.62439083762786,64.12487816752557,0,0,3,67.12487816752557,no_target_in_range
172,optical_fallback,/clear,19,-1485.1380255712406,-595.621561901815,20.000000000000053,4.000000000000011,0,0,3,7.000000000000011,no_target_in_range
173,optical_fallback,/clear,19,-1484.7537762268958,-916.2457224893187,320.62439083762797,64.1248781675256,0,0,3,67.1248781675256,no_target_in_range
174,optical_fallback,/clear,19,-1445.2189413684723,-593.0785879710988,325.5764119219942,65.11528238439884,0,0,3,68.11528238439884,no_target_in_range
175,optical_fallback,/clear,19,-1505.0975676726248,-596.8930488671731,60.00000000000017,12.000000000000034,0,0,3,15.000000000000034,no_target_in_range
176,optical_fallback,/clear,19,-1443.5632050587694,-933.6622906599868,342.34485537247383,68.46897107449476,0,0,3,71.46897107449476,no_target_in_range
177,optical_fallback,/clear,19,-1463.5227471601536,-934.9337776253448,20.000000000000053,4.000000000000011,0,0,3,7.000000000000011,no_target_in_range
178,optical_fallback,/clear,19,-1423.6036629573853,-932.3908036946286,40.000000000000114,8.000000000000023,0,0,3,11.000000000000023,no_target_in_range
179,optical_fallback,/clear,19,-1466.4499704352145,-574.3905328350728,360.5551275463989,72.11102550927978,0,0,3,75.11102550927978,no_target_in_range
180,optical_fallback,/clear,19,-1483.4822892615377,-936.2052645907029,362.21540552549675,72.44308110509935,0,0,3,75.44308110509935,no_target_in_range
181,optical_fallback,/clear,19,-1486.4095125365986,-575.6620198004309,360.555127546399,72.1110255092798,0,0,3,75.1110255092798,no_target_in_range
182,optical_fallback,/clear,19,-1446.4904283338303,-573.1190458697148,40.000000000000114,8.000000000000023,0,0,3,11.000000000000023,no_target_in_range
183,optical_fallback,/clear,19,-1506.3690546379828,-576.9335067657889,60.00000000000016,12.000000000000032,0,0,3,15.000000000000032,no_target_in_range
184,optical_fallback,/clear,19,-1442.2917180934114,-953.6218327613709,382.0994634908561,76.41989269817122,0,0,3,79.41989269817122,no_target_in_range
185,optical_fallback,/clear,19,-1462.2512601947956,-954.8933197267289,20.000000000000053,4.000000000000011,0,0,3,7.000000000000011,no_target_in_range
186,optical_fallback,/clear,19,-1422.3321759920273,-952.3503457960128,40.000000000000114,8.000000000000023,0,0,3,11.000000000000023,no_target_in_range
187,optical_fallback,/clear,19,-1482.2108022961797,-956.164806692087,60.00000000000017,12.000000000000034,0,0,3,15.000000000000034,no_target_in_range
188,optical_fallback,/clear,19,-1467.7214574005725,-554.4309907336888,401.9950248448357,80.39900496896715,0,0,3,83.39900496896715,no_target_in_range
189,optical_fallback,/clear,19,-1487.6809995019566,-555.7024776990468,20.000000000000053,4.000000000000011,0,0,3,7.000000000000011,no_target_in_range
190,optical_fallback,/clear,19,-1447.7619152991883,-553.1595037683306,40.000000000000114,8.000000000000023,0,0,3,11.000000000000023,no_target_in_range
191,optical_fallback,/clear,19,-1507.6405416033408,-556.9739646644049,60.00000000000017,12.000000000000034,0,0,3,15.000000000000034,no_target_in_range
192,optical_fallback,/clear,19,-1441.0202311280532,-973.581374862755,421.9004621945798,84.38009243891597,0,0,3,87.38009243891597,no_target_in_range
193,optical_fallback,/clear,19,-1460.9797732294373,-974.852861828113,20.000000000000053,4.000000000000011,0,0,3,7.000000000000011,no_target_in_range
194,optical_fallback,/clear,19,-1421.060689026669,-972.3098878973968,40.000000000000114,8.000000000000023,0,0,3,11.000000000000023,no_target_in_range
195,optical_fallback,/clear,19,-1480.9393153308215,-976.1243487934711,60.00000000000017,12.000000000000034,0,0,3,15.000000000000034,no_target_in_range
196,optical_fallback,/clear,19,-1468.9929443659305,-534.4714486323046,441.8144406874905,88.3628881374981,0,0,3,91.3628881374981,no_target_in_range
197,optical_fallback,/clear,19,-1488.9524864673147,-535.7429355976627,20.00000000000006,4.000000000000012,0,0,3,7.000000000000012,no_target_in_range
198,optical_fallback,/clear,19,-1449.0334022645463,-533.1999616669466,40.000000000000114,8.000000000000023,0,0,3,11.000000000000023,no_target_in_range
199,optical_fallback,/clear,19,-1508.9120285686988,-537.0144225630207,60.00000000000016,12.000000000000032,0,0,3,15.000000000000032,no_target_in_range
200,optical_fallback,/clear,19,-1439.7487441626952,-993.5409169641391,461.735855224608,92.3471710449216,0,0,3,95.3471710449216,no_target_in_range
201,optical_fallback,/clear,19,-1459.7082862640793,-994.8124039294971,20.000000000000053,4.000000000000011,0,0,3,7.000000000000011,no_target_in_range
202,optical_fallback,/clear,19,-1419.789202061311,-992.269429998781,40.000000000000114,8.000000000000023,0,0,3,11.000000000000023,no_target_in_range
203,optical_fallback,/clear,19,-1479.6678283654635,-996.0838908948552,60.00000000000017,12.000000000000034,0,0,3,15.000000000000034,no_target_in_range
204,optical_fallback,/clear,19,-1470.2644313312885,-514.5119065309206,481.6637831516919,96.33275663033838,0,0,3,99.33275663033838,no_target_in_range
205,optical_fallback,/clear,19,-1490.2239734326727,-515.7833934962786,20.000000000000053,4.000000000000011,0,0,3,7.000000000000011,no_target_in_range
206,optical_fallback,/clear,19,-1450.3048892299043,-513.2404195655624,40.000000000000114,8.000000000000023,0,0,3,11.000000000000023,no_target_in_range
207,optical_fallback,/clear,19,-1510.1835155340568,-517.0548804616367,60.00000000000017,12.000000000000034,0,0,3,15.000000000000034,no_target_in_range
208,optical_fallback,/clear,19,-1438.4772571973372,-1013.5004590655232,501.5974481593781,100.31948963187561,0,0,3,103.31948963187561,no_target_in_range
209,optical_fallback,/clear,19,-1458.4367992987213,-1014.7719460308812,20.000000000000053,4.000000000000011,0,0,3,7.000000000000011,no_target_in_range
210,optical_fallback,/clear,19,-1418.517715095953,-1012.228972100165,40.000000000000114,8.000000000000023,0,0,3,11.000000000000023,no_target_in_range
211,optical_fallback,/clear,19,-1478.3963414001055,-1016.0434329962393,60.00000000000017,12.000000000000034,0,0,3,15.000000000000034,no_target_in_range
212,optical_fallback,/clear,19,-1471.5359182966467,-494.5523644295364,521.536192416212,104.3072384832424,0,0,3,107.3072384832424,no_target_in_range
213,optical_fallback,/clear,19,-1491.495460398031,-495.82385139489446,20.000000000000057,4.0000000000000115,0,0,3,7.0000000000000115,no_target_in_range
214,optical_fallback,/clear,19,-1451.5763761952626,-493.2808774641784,40.00000000000011,8.000000000000021,0,0,3,11.000000000000021,no_target_in_range
215,optical_fallback,/clear,19,-1511.455002499415,-497.0953383602525,60.00000000000016,12.000000000000032,0,0,3,15.000000000000032,no_target_in_range
216,optical_fallback,/clear,19,-1437.2057702319792,-1033.4600011669072,541.4794548272354,108.29589096544707,0,0,3,111.29589096544707,no_target_in_range
217,optical_fallback,/clear,19,-1457.1653123333633,-1034.7314881322654,20.000000000000068,4.000000000000013,0,0,3,7.000000000000013,no_target_in_range
218,optical_fallback,/clear,19,-1417.246228130595,-1032.1885142015492,40.00000000000012,8.000000000000025,0,0,3,11.000000000000025,no_target_in_range
219,optical_fallback,/clear,19,-1477.1248544347475,-1036.0029750976234,60.00000000000017,12.000000000000034,0,0,3,15.000000000000034,no_target_in_range
220,optical_fallback,/clear,19,-1472.8074052620047,-474.59282232815235,561.4267539047281,112.28535078094562,0,0,3,115.28535078094562,no_target_in_range
221,optical_fallback,/clear,19,-1492.766947363389,-475.86430929351036,20.000000000000053,4.000000000000011,0,0,3,7.000000000000011,no_target_in_range
222,optical_fallback,/clear,19,-1452.8478631606206,-473.32133536279423,40.000000000000114,8.000000000000023,0,0,3,11.000000000000023,no_target_in_range
223,optical_fallback,/clear,19,-1512.726489464773,-477.1357962588684,60.00000000000016,12.000000000000032,0,0,3,15.000000000000032,no_target_in_range
224,optical_fallback,/clear,19,-1435.9342832666212,-1053.4195432682914,581.3776741499454,116.27553482998908,0,0,3,119.27553482998908,no_target_in_range
225,optical_fallback,/clear,19,-1455.8938253680053,-1054.6910302336494,20.000000000000053,4.000000000000011,0,0,3,7.000000000000011,no_target_in_range
226,optical_fallback,/clear,19,-1415.974741165237,-1052.1480563029334,40.00000000000011,8.000000000000021,0,0,3,11.000000000000021,no_target_in_range
227,optical_fallback,/clear,19,-1475.8533674693895,-1055.9625171990074,60.000000000000156,12.000000000000032,0,0,3,15.000000000000032,no_target_in_range
228,optical_fallback,/clear,19,-1474.0788922273628,-454.6332802267682,601.3318551349163,120.26637102698325,0,0,3,123.26637102698325,no_target_in_range
229,optical_fallback,/clear,19,-1494.038434328747,-455.90476719212626,20.000000000000057,4.0000000000000115,0,0,3,7.0000000000000115,no_target_in_range
230,optical_fallback,/clear,19,-1454.1193501259786,-453.3617932614102,40.00000000000011,8.000000000000021,0,0,3,11.000000000000021,no_target_in_range
231,optical_fallback,/clear,19,-1513.997976430131,-457.1762541574843,60.00000000000016,12.000000000000032,0,0,3,15.000000000000032,no_target_in_range
232,optical_fallback,/clear,19,-1434.662796301263,-1073.3790853696755,621.2889826803628,124.25779653607256,0,0,3,127.25779653607256,no_target_in_range
233,optical_fallback,/clear,19,-1454.622338402647,-1074.6505723350335,20.000000000000053,4.000000000000011,0,0,3,7.000000000000011,no_target_in_range
234,optical_fallback,/clear,19,-1414.7032541998788,-1072.1075984043175,40.00000000000011,8.000000000000021,0,0,3,11.000000000000021,no_target_in_range
235,optical_fallback,/clear,19,-1474.5818805040312,-1075.9220593003915,60.000000000000156,12.000000000000032,0,0,3,15.000000000000032,no_target_in_range
236,optical_fallback,/clear,19,-1475.3503791927208,-434.67373812538415,641.2487816752558,128.24975633505116,0,0,3,131.24975633505116,no_target_in_range
237,optical_fallback,/clear,19,-1495.309921294105,-435.94522509074216,20.000000000000053,4.000000000000011,0,0,3,7.000000000000011,no_target_in_range
238,optical_fallback,/clear,19,-1455.3908370913366,-433.402251160026,40.000000000000114,8.000000000000023,0,0,3,11.000000000000023,no_target_in_range
239,optical_fallback,/clear,19,-1515.269463395489,-437.2167120561002,60.00000000000016,12.000000000000032,0,0,3,15.000000000000032,no_target_in_range
240,optical_fallback,/clear,19,-1433.391309335905,-1093.3386274710595,661.2110101926614,132.2422020385323,0,0,5,137.2422020385323,success
241,active_localization,/measure,16,-1193.2978072855028,-894.2554766275937,311.89580099223616,62.37916019844723,1,5,0,68.37916019844724,no_signal
242,active_localization,/measure,16,-1480.8999660727068,-714.2046184044818,339.31300194059645,67.86260038811929,0,5,0,72.86260038811929,no_signal
243,active_localization,/measure,16,-1598.57557458052,-620.2128093840071,150.60547467016437,30.121094934032875,0,5,0,35.121094934032875,no_signal
244,optical_fallback,/clear,16,-1370.908222682628,-656.8185784378802,230.59142535711084,46.118285071422164,0,0,3,49.118285071422164,no_target_in_range
245,optical_fallback,/clear,16,-1368.4552456859233,-636.9695758469782,19.99999999999998,3.9999999999999956,0,0,3,6.999999999999996,no_target_in_range
246,optical_fallback,/clear,16,-1373.361199679333,-676.6675810287823,39.99999999999996,7.999999999999991,0,0,3,10.999999999999991,no_target_in_range
247,optical_fallback,/clear,16,-1366.0022686892185,-617.1205732560761,59.999999999999936,11.999999999999988,0,0,3,14.999999999999988,no_target_in_range
248,optical_fallback,/clear,16,-1375.8141766760375,-696.5165836196843,79.99999999999989,15.999999999999977,0,0,3,18.99999999999998,no_target_in_range
249,optical_fallback,/clear,16,-1363.5492916925139,-597.2715706651738,100.00000000000006,20.00000000000001,0,0,3,23.00000000000001,no_target_in_range
250,optical_fallback,/clear,16,-1378.2671536727423,-716.3655862105863,120.00000000000004,24.000000000000007,0,0,3,27.000000000000007,no_target_in_range
251,optical_fallback,/clear,16,-1361.096314695809,-577.4225680742718,140.0,28.0,0,0,3,31.0,no_target_in_range
252,optical_fallback,/clear,16,-1380.7201306694471,-736.2145888014884,160.0,32.0,0,0,3,35.0,no_target_in_range
253,optical_fallback,/clear,16,-1358.6433376991042,-557.5735654833697,179.99999999999997,35.99999999999999,0,0,3,38.99999999999999,no_target_in_range
254,optical_fallback,/clear,16,-1351.059220091726,-659.2715554345849,101.98039027185571,20.39607805437114,0,0,3,23.39607805437114,no_target_in_range
255,optical_fallback,/clear,16,-1348.6062430950212,-639.4225528436829,19.99999999999998,3.9999999999999956,0,0,3,6.999999999999996,no_target_in_range
256,optical_fallback,/clear,16,-1353.5121970884309,-679.120558025487,39.99999999999996,7.999999999999991,0,0,3,10.999999999999991,no_target_in_range
257,optical_fallback,/clear,16,-1346.1532660983164,-619.5735502527808,59.999999999999936,11.999999999999988,0,0,3,14.999999999999988,no_target_in_range
258,optical_fallback,/clear,16,-1383.173107666152,-756.0635913923904,141.4213562373094,28.28427124746188,0,0,3,31.28427124746188,no_target_in_range
259,optical_fallback,/clear,16,-1355.9651740851355,-698.9695606163891,63.24555320336752,12.649110640673504,0,0,3,15.649110640673504,no_target_in_range
260,optical_fallback,/clear,16,-1343.7002891016118,-599.7245476618787,100.00000000000006,20.00000000000001,0,0,3,23.00000000000001,no_target_in_range
261,optical_fallback,/clear,16,-1356.1903607023994,-537.7245628924677,63.24555320336752,12.649110640673504,0,0,3,15.649110640673504,no_target_in_range
262,optical_fallback,/clear,16,-1358.4181510818403,-718.8185632072912,181.10770276274835,36.22154055254967,0,0,3,39.22154055254967,no_target_in_range
263,optical_fallback,/clear,16,-1341.247312104907,-579.8755450709766,140.0,28.0,0,0,3,31.0,no_target_in_range
264,optical_fallback,/clear,16,-1385.6260846628566,-775.9125939832927,200.99751242241788,40.199502484483574,0,0,3,43.199502484483574,no_target_in_range
265,optical_fallback,/clear,16,-1353.7373837056948,-517.8755603015657,260.00000000000006,52.000000000000014,0,0,3,55.000000000000014,no_target_in_range
266,optical_fallback,/clear,16,-1360.871128078545,-738.6675657981932,220.9072203437452,44.18144406874904,0,0,3,47.18144406874904,no_target_in_range
267,optical_fallback,/clear,16,-1338.7943351082022,-560.0265424800746,179.99999999999997,35.99999999999999,0,0,3,38.99999999999999,no_target_in_range
268,optical_fallback,/clear,16,-1331.210217500824,-661.7245324312896,101.9803902718556,20.39607805437112,0,0,3,23.39607805437112,no_target_in_range
269,optical_fallback,/clear,16,-1328.7572405041192,-641.8755298403876,19.99999999999998,3.9999999999999956,0,0,3,6.999999999999996,no_target_in_range
270,optical_fallback,/clear,16,-1333.6631944975288,-681.5735350221917,39.99999999999996,7.999999999999991,0,0,3,10.999999999999991,no_target_in_range
271,optical_fallback,/clear,16,-1326.3042635074144,-622.0265272494855,59.999999999999936,11.999999999999988,0,0,3,14.999999999999988,no_target_in_range
272,optical_fallback,/clear,16,-1363.32410507525,-758.5165683890953,141.4213562373095,28.284271247461902,0,0,3,31.284271247461902,no_target_in_range
273,optical_fallback,/clear,16,-1388.0790616595614,-795.7615965741948,44.72135954999581,8.944271909999163,0,0,3,11.944271909999163,no_target_in_range
274,optical_fallback,/clear,16,-1336.3413581114974,-540.1775398891725,260.768096208106,52.1536192416212,0,0,3,55.1536192416212,no_target_in_range
275,optical_fallback,/clear,16,-1336.1161714942334,-701.4225376130939,161.24515496597104,32.24903099319421,0,0,3,35.24903099319421,no_target_in_range
276,optical_fallback,/clear,16,-1323.8512865107098,-602.1775246585835,100.00000000000006,20.00000000000001,0,0,3,23.00000000000001,no_target_in_range
277,optical_fallback,/clear,16,-1351.28440670899,-498.02655771066355,107.70329614269008,21.540659228538015,0,0,3,24.540659228538015,no_target_in_range
278,optical_fallback,/clear,16,-1338.5691484909382,-721.271540203996,223.60679774997905,44.72135954999581,0,0,3,47.72135954999581,no_target_in_range
279,optical_fallback,/clear,16,-1321.398309514005,-582.3285220676814,140.0,28.0,0,0,3,31.0,no_target_in_range
280,optical_fallback,/clear,16,-1365.7770820719545,-778.3655709799974,200.99751242241777,40.19950248448355,0,0,3,43.19950248448355,no_target_in_range
281,optical_fallback,/clear,16,-1333.8883811147928,-520.3285372982704,260.00000000000006,52.000000000000014,0,0,3,55.000000000000014,no_target_in_range
282,optical_fallback,/clear,16,-1341.022125487643,-741.120542794898,220.9072203437453,44.18144406874906,0,0,3,47.18144406874906,no_target_in_range
283,optical_fallback,/clear,16,-1390.5320386562662,-815.6105991650968,89.44271909999156,17.88854381999831,0,0,3,20.88854381999831,no_target_in_range
284,optical_fallback,/clear,16,-1318.9453325173001,-562.4795194767794,263.05892875931806,52.611785751863614,0,0,3,55.611785751863614,no_target_in_range
285,optical_fallback,/clear,16,-1348.8314297122852,-478.1775551197615,89.44271909999162,17.888543819998326,0,0,3,20.888543819998326,no_target_in_range
286,optical_fallback,/clear,16,-1311.361214909922,-664.1775094279944,189.7366596101027,37.94733192202054,0,0,3,40.94733192202054,no_target_in_range
287,optical_fallback,/clear,16,-1308.9082379132171,-644.3285068370924,19.99999999999998,3.9999999999999956,0,0,3,6.999999999999996,no_target_in_range
288,optical_fallback,/clear,16,-1368.2300590686593,-798.2145735708995,164.9242250247064,32.98484500494128,0,0,3,35.98484500494128,no_target_in_range
289,optical_fallback,/clear,16,-1343.4751024843479,-760.9695453858001,44.72135954999571,8.944271909999141,0,0,3,11.944271909999141,no_target_in_range
290,optical_fallback,/clear,16,-1313.8141919066268,-684.0265120188965,82.46211251235324,16.49242250247065,0,0,3,19.49242250247065,no_target_in_range
291,optical_fallback,/clear,16,-1306.4552609165123,-624.4795042461903,59.999999999999936,11.999999999999988,0,0,3,14.999999999999988,no_target_in_range
292,optical_fallback,/clear,16,-1316.4923555205953,-542.6305168858773,82.46211251235314,16.492422502470628,0,0,3,19.492422502470628,no_target_in_range
293,optical_fallback,/clear,16,-1331.435404118088,-500.4795347073683,44.72135954999593,8.944271909999186,0,0,3,11.944271909999186,no_target_in_range
294,optical_fallback,/clear,16,-1316.2671689033314,-703.8755146097986,203.96078054371145,40.79215610874229,0,0,3,43.79215610874229,no_target_in_range
295,optical_fallback,/clear,16,-1304.0022839198077,-604.6305016552882,100.00000000000006,20.00000000000001,0,0,3,23.00000000000001,no_target_in_range
296,optical_fallback,/clear,16,-1392.985015652971,-835.4596017559988,247.38633753705966,49.47726750741193,0,0,3,52.47726750741193,no_target_in_range
297,optical_fallback,/clear,16,-1318.7201459000362,-723.7245172007007,134.1640786499874,26.83281572999748,0,0,3,29.83281572999748,no_target_in_range
298,optical_fallback,/clear,16,-1301.549306923103,-584.7814990643861,140.0,28.0,0,0,3,31.0,no_target_in_range
299,optical_fallback,/clear,16,-1345.9280794810525,-780.8185479767021,200.99751242241777,40.19950248448355,0,0,3,43.19950248448355,no_target_in_range
300,optical_fallback,/clear,16,-1346.3784527155804,-458.32855252885946,322.4903099319419,64.49806198638838,0,0,3,67.49806198638838,no_target_in_range
301,optical_fallback,/clear,16,-1314.0393785238907,-522.7815142949751,72.11102550927956,14.422205101855912,0,0,3,17.422205101855912,no_target_in_range
302,optical_fallback,/clear,16,-1370.6830360653641,-818.0635761618015,300.66592756745825,60.133185513491654,0,0,3,63.133185513491654,no_target_in_range
303,optical_fallback,/clear,16,-1328.9824271213831,-480.63053211646627,340.0,68.0,0,0,3,71.0,no_target_in_range
304,optical_fallback,/clear,16,-1321.173122896741,-743.5735197916027,263.05892875931806,52.611785751863614,0,0,3,55.611785751863614,no_target_in_range
305,optical_fallback,/clear,16,-1299.096329926398,-564.9324964734841,179.99999999999997,35.99999999999999,0,0,3,38.99999999999999,no_target_in_range
306,optical_fallback,/clear,16,-1348.3810564777573,-800.6675505676042,240.83189157584584,48.16637831516917,0,0,3,51.16637831516917,no_target_in_range
307,optical_fallback,/clear,16,-1323.6260998934458,-763.4225223825048,44.72135954999571,8.944271909999141,0,0,3,11.944271909999141,no_target_in_range
308,optical_fallback,/clear,16,-1311.586401527186,-502.9325117040731,260.76809620810593,52.153619241621186,0,0,3,55.153619241621186,no_target_in_range
309,optical_fallback,/clear,16,-1291.5122123190197,-666.6304864246993,164.9242250247065,32.9848450049413,0,0,3,35.9848450049413,no_target_in_range
310,optical_fallback,/clear,16,-1289.0592353223149,-646.7814838337972,19.99999999999998,3.9999999999999956,0,0,3,6.999999999999996,no_target_in_range
311,optical_fallback,/clear,16,-1395.4379926496758,-855.3086043469009,234.09399821439254,46.81879964287851,0,0,3,49.81879964287851,no_target_in_range
312,optical_fallback,/clear,16,-1296.6433529296933,-545.083493882582,325.5764119219941,65.11528238439882,0,0,3,68.11528238439882,no_target_in_range
313,optical_fallback,/clear,16,-1293.9651893157245,-686.4794890156013,141.42135623730948,28.284271247461895,0,0,3,31.284271247461895,no_target_in_range
314,optical_fallback,/clear,16,-1286.60625832561,-626.9324812428952,59.999999999999936,11.999999999999988,0,0,3,14.999999999999988,no_target_in_range
315,optical_fallback,/clear,16,-1343.9254757188758,-438.4795499379573,196.97715603592232,39.395431207184465,0,0,3,42.395431207184465,no_target_in_range
316,optical_fallback,/clear,16,-1373.136013062069,-837.9125787527036,400.4996878900157,80.09993757800314,0,0,3,83.09993757800314,no_target_in_range
317,optical_fallback,/clear,16,-1296.418166312429,-706.3284916065033,152.3154621172783,30.463092423455656,0,0,3,33.463092423455656,no_target_in_range
318,optical_fallback,/clear,16,-1284.1532813289055,-607.0834786519929,100.00000000000006,20.00000000000001,0,0,3,23.00000000000001,no_target_in_range
319,optical_fallback,/clear,16,-1326.5294501246783,-460.7815295255642,152.31546211727803,30.463092423455606,0,0,3,33.463092423455606,no_target_in_range
320,optical_fallback,/clear,16,-1326.0790768901504,-783.2715249734069,322.49030993194197,64.4980619863884,0,0,3,67.4980619863884,no_target_in_range
321,optical_fallback,/clear,16,-1298.871143309134,-726.1774941974054,63.24555320336772,12.649110640673545,0,0,3,15.649110640673545,no_target_in_range
322,optical_fallback,/clear,16,-1350.834033474462,-820.5165531585062,107.70329614269016,21.540659228538033,0,0,3,24.540659228538033,no_target_in_range
323,optical_fallback,/clear,16,-1281.7003043322006,-587.2344760610908,243.31050121192882,48.66210024238576,0,0,3,51.66210024238576,no_target_in_range
324,optical_fallback,/clear,16,-1294.1903759329887,-525.2344912916799,63.245553203367606,12.649110640673522,0,0,3,15.649110640673522,no_target_in_range
325,optical_fallback,/clear,16,-1309.133424530481,-483.08350911317103,44.72135954999569,8.944271909999138,0,0,3,11.944271909999138,no_target_in_range
326,optical_fallback,/clear,16,-1301.3241203058387,-746.0264967883074,263.058928759318,52.6117857518636,0,0,3,55.6117857518636,no_target_in_range
327,optical_fallback,/clear,16,-1279.2473273354958,-567.3854734701888,179.99999999999997,35.99999999999999,0,0,3,38.99999999999999,no_target_in_range
328,optical_fallback,/clear,16,-1397.8909696463804,-875.1576069378029,329.84845004941286,65.96969000988257,0,0,3,68.96969000988257,no_target_in_range
329,optical_fallback,/clear,16,-1375.5889900587736,-857.7615813436057,28.28427124746187,5.656854249492374,0,0,3,8.656854249492374,no_target_in_range
330,optical_fallback,/clear,16,-1328.5320538868552,-803.120527564309,72.11102550927973,14.422205101855946,0,0,3,17.422205101855944,no_target_in_range
331,optical_fallback,/clear,16,-1341.472498722171,-418.63054734705526,384.7076812334269,76.94153624668539,0,0,3,79.94153624668539,no_target_in_range
332,optical_fallback,/clear,16,-1291.7373989362839,-505.38548870077784,99.99999999999996,19.999999999999993,0,0,3,22.999999999999993,no_target_in_range
333,optical_fallback,/clear,16,-1324.0764731279737,-440.93252693466206,72.11102550927981,14.422205101855962,0,0,3,17.422205101855962,no_target_in_range
334,optical_fallback,/clear,16,-1303.7770973025436,-765.8754993792095,325.57641192199407,65.11528238439881,0,0,3,68.11528238439881,no_target_in_range
335,optical_fallback,/clear,16,-1353.287010471167,-840.3655557494083,89.44271909999168,17.888543819998336,0,0,3,20.888543819998336,no_target_in_range
336,optical_fallback,/clear,16,-1276.794350338791,-547.5364708792868,302.65491900843114,60.530983801686226,0,0,3,63.530983801686226,no_target_in_range
337,optical_fallback,/clear,16,-1306.6804475337763,-463.234506522269,89.44271909999159,17.88854381999832,0,0,3,20.88854381999832,no_target_in_range
338,optical_fallback,/clear,16,-1330.98503088356,-822.969530155211,360.55512754639886,72.11102550927977,0,0,3,75.11102550927977,no_target_in_range
339,optical_fallback,/clear,16,-1306.2300742992481,-785.7245019701118,44.72135954999587,8.944271909999173,0,0,3,11.944271909999173,no_target_in_range
340,optical_fallback,/clear,16,-1274.3413733420864,-527.6874682883847,260.00000000000006,52.000000000000014,0,0,3,55.000000000000014,no_target_in_range
341,optical_fallback,/clear,16,-1289.284421939579,-485.5364861098758,44.721359549995825,8.944271909999165,0,0,3,11.944271909999165,no_target_in_range
342,optical_fallback,/clear,16,-1400.3439466430852,-895.0066095287052,424.26406871192864,84.85281374238573,0,0,3,87.85281374238573,no_target_in_range
343,optical_fallback,/clear,16,-1378.0419670554784,-877.6105839345076,28.28427124746208,5.656854249492416,0,0,3,8.656854249492415,no_target_in_range
344,optical_fallback,/clear,16,-1321.623496131269,-421.08352434376,459.9999999999999,91.99999999999997,0,0,3,94.99999999999997,no_target_in_range
345,optical_fallback,/clear,16,-1339.0195217254661,-398.7815447561532,28.284271247461824,5.656854249492365,0,0,3,8.656854249492365,no_target_in_range
346,optical_fallback,/clear,16,-1355.7399874678717,-860.2145583403105,461.7358552246079,92.34717104492158,0,0,3,95.34717104492158,no_target_in_range
347,optical_fallback,/clear,16,-1304.2274705370717,-443.3855039313668,420.0000000000001,84.00000000000003,0,0,3,87.00000000000003,no_target_in_range
348,optical_fallback,/clear,16,-1308.683051295953,-805.5735045610138,362.2154055254968,72.44308110509937,0,0,3,75.44308110509937,no_target_in_range
349,optical_fallback,/clear,16,-1271.8883963453816,-507.8384656974826,300.00000000000006,60.000000000000014,0,0,3,63.000000000000014,no_target_in_range
350,optical_fallback,/clear,16,-1333.4380078802649,-842.8185327461131,340.58772731852804,68.11754546370561,0,0,3,71.11754546370561,no_target_in_range
351,optical_fallback,/clear,16,-1286.8314449428742,-465.68748351897375,379.99999999999994,75.99999999999999,0,0,3,78.99999999999999,no_target_in_range
352,optical_fallback,/clear,16,-1380.4949440521832,-897.4595865254099,441.8144406874905,88.3628881374981,0,0,3,91.3628881374981,no_target_in_range
353,optical_fallback,/clear,16,-1311.1360282926578,-825.4225071519159,100.00000000000014,20.00000000000003,0,0,3,23.00000000000003,no_target_in_range
354,optical_fallback,/clear,16,-1402.79692363979,-914.8556121196073,128.06248474865714,25.61249694973143,0,0,3,28.61249694973143,no_target_in_range
355,optical_fallback,/clear,16,-1358.1929644645763,-880.0635609312124,56.56854249492402,11.313708498984804,0,0,3,14.313708498984804,no_target_in_range
356,optical_fallback,/clear,16,-1269.4354193486768,-487.98946310658056,401.9950248448355,80.39900496896709,0,0,3,83.39900496896709,no_target_in_range
357,optical_fallback,/clear,16,-1319.170519134564,-401.234521752858,100.00000000000006,20.00000000000001,0,0,3,23.00000000000001,no_target_in_range
358,optical_fallback,/clear,16,-1301.7744935403668,-423.5365013404648,28.284271247461824,5.656854249492365,0,0,3,8.656854249492365,no_target_in_range
359,optical_fallback,/clear,16,-1336.5665447287613,-378.93254216525116,56.56854249492365,11.31370849898473,0,0,3,14.31370849898473,no_target_in_range
360,optical_fallback,/clear,16,-1335.8909848769695,-862.6675353370152,483.735464897913,96.7470929795826,0,0,3,99.7470929795826,no_target_in_range
361,optical_fallback,/clear,16,-1284.3784679461696,-445.8384809280716,420.00000000000006,84.00000000000001,0,0,3,87.00000000000001,no_target_in_range
362,optical_fallback,/clear,16,-1313.5890052893626,-845.2715097428179,400.49968789001576,80.09993757800315,0,0,3,83.09993757800315,no_target_in_range
363,optical_fallback,/clear,16,-1266.982442351972,-468.1404605156785,379.99999999999994,75.99999999999999,0,0,3,78.99999999999999,no_target_in_range
364,optical_fallback,/clear,16,-1382.947921048888,-917.308589116312,463.89654018972817,92.77930803794564,0,0,3,95.77930803794564,no_target_in_range
365,optical_fallback,/clear,16,-1360.6459414612812,-899.9125635221146,28.28427124746194,5.656854249492389,0,0,3,8.656854249492389,no_target_in_range
366,optical_fallback,/clear,16,-1405.2499006364947,-934.7046147105093,56.568542494923705,11.313708498984742,0,0,3,14.313708498984742,no_target_in_range
367,optical_fallback,/clear,16,-1299.321516543662,-403.68749874956274,541.4794548272354,108.29589096544707,0,0,3,111.29589096544707,no_target_in_range
368,optical_fallback,/clear,16,-1316.7175421378593,-381.3855191619559,28.284271247461824,5.656854249492365,0,0,3,8.656854249492365,no_target_in_range
369,optical_fallback,/clear,16,-1338.3439618736743,-882.5165379279172,501.59744815937796,100.3194896318756,0,0,3,103.3194896318756,no_target_in_range
370,optical_fallback,/clear,16,-1281.9254909494648,-425.98947833716954,459.9999999999999,91.99999999999997,0,0,3,94.99999999999997,no_target_in_range
371,optical_fallback,/clear,16,-1334.1135677320567,-359.083539574349,84.8528137423857,16.970562748477143,0,0,3,19.970562748477143,no_target_in_range
372,optical_fallback,/clear,16,-1316.0419822860672,-865.12051233372,506.35955604688655,101.27191120937731,0,0,3,104.27191120937731,no_target_in_range
373,optical_fallback,/clear,16,-1264.5294653552673,-448.29145792477635,420.0,84.0,0,0,3,87.0,no_target_in_range
374,optical_fallback,/clear,16,-1363.098918457986,-919.7615661130167,481.6637831516919,96.33275663033838,0,0,3,99.33275663033838,no_target_in_range
375,optical_fallback,/clear,16,-1385.4008980455928,-937.157591707214,28.28427124746194,5.656854249492389,0,0,3,8.656854249492389,no_target_in_range
376,optical_fallback,/clear,16,-1340.796938870379,-902.3655405188194,56.56854249492381,11.313708498984763,0,0,3,14.313708498984763,no_target_in_range
377,optical_fallback,/clear,16,-1296.8685395469572,-383.8384961586607,520.3844732503075,104.07689465006149,0,0,3,107.07689465006149,no_target_in_range
378,optical_fallback,/clear,16,-1279.47251395276,-406.1404757462675,28.284271247461824,5.656854249492365,0,0,3,8.656854249492365,no_target_in_range
379,optical_fallback,/clear,16,-1314.2645651411547,-361.53651657105377,56.56854249492388,11.313708498984777,0,0,3,14.313708498984777,no_target_in_range
380,optical_fallback,/clear,16,-1407.7028776331995,-954.5536173014114,600.3332407921455,120.0666481584291,0,0,3,123.0666481584291,no_target_in_range
381,optical_fallback,/clear,16,-1318.494959282772,-884.969514924622,113.13708498984776,22.627416997969554,0,0,3,25.627416997969554,no_target_in_range
382,optical_fallback,/clear,16,-1262.0764883585625,-428.4424553338743,459.99999999999994,91.99999999999999,0,0,3,94.99999999999999,no_target_in_range
383,optical_fallback,/clear,16,-1331.660590735352,-339.23453698344696,113.13708498984766,22.627416997969533,0,0,3,25.627416997969533,no_target_in_range
384,optical_fallback,/clear,16,-1365.5518954546906,-939.6105687039187,601.3318551349163,120.26637102698325,0,0,3,123.26637102698325,no_target_in_range
385,optical_fallback,/clear,16,-1343.249915867084,-922.2145431097215,28.284271247461692,5.656854249492339,0,0,3,8.656854249492339,no_target_in_range
386,optical_fallback,/clear,16,-1387.8538750422974,-957.006594298116,56.56854249492363,11.313708498984727,0,0,3,14.313708498984727,no_target_in_range
387,optical_fallback,/clear,16,-1320.9479362794768,-904.8185175155243,84.85281374238568,16.970562748477136,0,0,3,19.970562748477136,no_target_in_range
388,optical_fallback,/clear,16,-1277.0195369560552,-386.29147315536545,520.3844732503076,104.07689465006152,0,0,3,107.07689465006152,no_target_in_range
389,optical_fallback,/clear,16,-1294.4155625502526,-363.98949356775853,28.284271247462055,5.656854249492411,0,0,3,8.656854249492412,no_target_in_range
390,optical_fallback,/clear,16,-1259.6235113618577,-408.59345274297226,56.56854249492402,11.313708498984804,0,0,3,14.313708498984804,no_target_in_range
391,optical_fallback,/clear,16,-1311.8115881444498,-341.6875139801517,84.85281374238585,16.97056274847717,0,0,3,19.97056274847717,no_target_in_range
392,optical_fallback,/clear,16,-1410.1558546299043,-974.4026198923134,640.312423743285,128.062484748657,0,0,3,131.062484748657,no_target_in_range
393,optical_fallback,/clear,16,-1329.207613738647,-319.3855343925449,660.0,132.0,0,0,3,135.0,no_target_in_range
394,optical_fallback,/clear,16,-1345.7028928637887,-942.0635457006235,622.8964600958974,124.57929201917948,0,0,3,127.57929201917948,no_target_in_range
395,optical_fallback,/clear,16,-1368.0048724513954,-959.4595712948208,28.284271247461692,5.656854249492339,0,0,3,8.656854249492339,no_target_in_range
396,optical_fallback,/clear,16,-1323.4009132761817,-924.6675201064263,56.56854249492374,11.313708498984749,0,0,3,14.313708498984749,no_target_in_range
397,optical_fallback,/clear,16,-1274.5665599593506,-366.4424705644633,560.3570290448761,112.07140580897521,0,0,3,115.07140580897521,no_target_in_range
398,optical_fallback,/clear,16,-1257.170534365153,-388.7444501520702,28.284271247462193,5.656854249492438,0,0,3,8.656854249492438,no_target_in_range
399,optical_fallback,/clear,16,-1291.9625855535478,-344.1404909768565,56.56854249492402,11.313708498984804,0,0,3,14.313708498984804,no_target_in_range
400,optical_fallback,/clear,16,-1390.3068520390023,-976.8555968890181,640.3124237432849,128.06248474865697,0,0,3,131.06248474865697,no_target_in_range
401,optical_fallback,/clear,16,-1309.358611147745,-321.8385113892497,660.0,132.0,0,0,3,135.0,no_target_in_range
402,optical_fallback,/clear,16,-1412.6088316266091,-994.2516224832154,680.2940540677979,136.05881081355957,0,0,3,139.05881081355957,no_target_in_range
403,optical_fallback,/clear,16,-1326.7546367419422,-299.5365318016428,700.0,140.0,0,0,3,143.0,no_target_in_range
404,optical_fallback,/clear,16,-1348.1558698604933,-961.9125482915256,662.7216610312356,132.54433220624713,0,0,3,135.54433220624713,no_target_in_range
405,optical_fallback,/clear,16,-1325.8538902728865,-944.5165226973284,28.28427124746187,5.656854249492374,0,0,3,8.656854249492374,no_target_in_range
406,optical_fallback,/clear,16,-1370.4578494481002,-979.3085738857228,56.56854249492374,11.313708498984749,0,0,3,14.313708498984749,no_target_in_range
407,optical_fallback,/clear,16,-1254.7175573684483,-368.89544756116806,621.2889826803627,124.25779653607253,0,0,3,127.25779653607253,no_target_in_range
408,optical_fallback,/clear,16,-1272.1135829626458,-346.59346797356125,28.284271247461966,5.656854249492393,0,0,3,8.656854249492394,no_target_in_range
409,optical_fallback,/clear,16,-1289.509608556843,-324.29148838595444,28.284271247461824,5.656854249492365,0,0,3,8.656854249492365,no_target_in_range
410,optical_fallback,/clear,16,-1392.759829035707,-996.7045994799201,680.2940540677978,136.05881081355955,0,0,3,139.05881081355955,no_target_in_range
411,optical_fallback,/clear,16,-1306.9056341510402,-301.9895087983476,699.9999999999999,139.99999999999997,0,0,3,142.99999999999997,no_target_in_range
412,optical_fallback,/clear,16,-1415.061808623314,-1014.1006250741175,720.2777242147644,144.05554484295288,0,0,3,147.05554484295288,no_target_in_range
413,optical_fallback,/clear,16,-1324.3016597452377,-279.68752921074076,740.0,148.0,0,0,3,151.0,no_target_in_range
414,optical_fallback,/clear,16,-1328.306867269591,-964.3655252882304,684.6897107449477,136.93794214898952,0,0,3,139.93794214898952,no_target_in_range
415,optical_fallback,/clear,16,-1350.6088468571982,-981.7615508824276,28.28427124746205,5.65685424949241,0,0,3,8.65685424949241,no_target_in_range
416,optical_fallback,/clear,16,-1252.2645803717435,-349.046444970266,640.3124237432849,128.06248474865697,0,0,3,131.06248474865697,no_target_in_range
417,optical_fallback,/clear,16,-1269.660605965941,-326.7444653826592,28.284271247461966,5.656854249492393,0,0,3,8.656854249492394,no_target_in_range
418,optical_fallback,/clear,16,-1372.910826444805,-999.1575764766249,680.2940540677978,136.05881081355955,0,0,3,139.05881081355955,no_target_in_range
419,optical_fallback,/clear,16,-1287.0566315601382,-304.44248579505233,699.9999999999999,139.99999999999997,0,0,3,142.99999999999997,no_target_in_range
420,optical_fallback,/clear,16,-1395.2128060324117,-1016.5536020708222,720.2777242147641,144.05554484295283,0,0,3,147.05554484295283,no_target_in_range
421,optical_fallback,/clear,16,-1304.4526571543356,-282.1405062074455,739.9999999999999,147.99999999999997,0,0,3,150.99999999999997,no_target_in_range
422,optical_fallback,/clear,16,-1417.5147856200185,-1033.9496276650195,760.2631123499285,152.0526224699857,0,0,3,155.0526224699857,no_target_in_range
423,optical_fallback,/clear,16,-1330.7598442662959,-984.2145278791324,100.0,20.0,0,0,3,23.0,no_target_in_range
424,optical_fallback,/clear,16,-1353.061823853903,-1001.6105534733297,28.28427124746205,5.65685424949241,0,0,3,8.65685424949241,no_target_in_range
425,optical_fallback,/clear,16,-1249.8116033750387,-329.19744237936396,680.2940540677979,136.05881081355957,0,0,3,139.05881081355957,no_target_in_range
426,optical_fallback,/clear,16,-1321.8486827485328,-259.83852661983866,100.00000000000014,20.00000000000003,0,0,3,23.00000000000003,no_target_in_range
427,optical_fallback,/clear,16,-1267.207628969236,-306.8954627917571,72.1110255092798,14.42220510185596,0,0,3,17.42220510185596,no_target_in_range
428,optical_fallback,/clear,16,-1375.3638034415098,-1019.0065790675269,720.2777242147641,144.05554484295283,0,0,3,147.05554484295283,no_target_in_range
429,optical_fallback,/clear,16,-1284.6036545634336,-284.5934832041503,739.9999999999999,147.99999999999997,0,0,3,150.99999999999997,no_target_in_range
430,optical_fallback,/clear,16,-1397.6657830291165,-1036.4026046617241,760.2631123499283,152.05262246998566,0,0,3,155.05262246998566,no_target_in_range
431,optical_fallback,/clear,16,-1301.9996801576308,-262.2915036165434,779.9999999999998,155.99999999999994,0,0,3,158.99999999999994,no_target_in_range
432,optical_fallback,/clear,16,-1333.2128212630007,-1004.0635304700345,742.4284477308235,148.48568954616468,0,0,3,151.48568954616468,no_target_in_range
433,optical_fallback,/clear,16,-1419.9677626167233,-1053.7986302559218,100.00000000000011,20.00000000000002,0,0,3,23.00000000000002,no_target_in_range
434,optical_fallback,/clear,16,-1247.3586263783338,-309.34843978846186,764.1989269817121,152.83978539634242,0,0,3,155.83978539634242,no_target_in_range
435,optical_fallback,/clear,16,-1355.5148008506076,-1021.4595560642317,720.2777242147642,144.05554484295286,0,0,3,147.05554484295286,no_target_in_range
436,optical_fallback,/clear,16,-1264.7546519725315,-287.04646020085505,739.9999999999999,147.99999999999997,0,0,3,150.99999999999997,no_target_in_range
437,optical_fallback,/clear,16,-1319.395705751828,-239.98952402893661,72.11102550927963,14.422205101855926,0,0,3,17.422205101855926,no_target_in_range
438,optical_fallback,/clear,16,-1377.8167804382144,-1038.855581658429,800.9993757800313,160.19987515600627,0,0,3,163.19987515600627,no_target_in_range
439,optical_fallback,/clear,16,-1282.1506775667287,-264.7444806132482,779.9999999999998,155.99999999999994,0,0,3,158.99999999999994,no_target_in_range
440,optical_fallback,/clear,16,-1400.1187600258213,-1056.2516072526264,800.2499609497022,160.04999218994044,0,0,3,163.04999218994044,no_target_in_range
441,optical_fallback,/clear,16,-1335.6657982597053,-1023.9125330609365,72.11102550928001,14.422205101856003,0,0,3,17.422205101856,no_target_in_range
442,optical_fallback,/clear,16,-1299.546703160926,-242.44250102564138,782.3042886243178,156.46085772486356,0,0,3,159.46085772486356,no_target_in_range
443,optical_fallback,/clear,16,-1244.9056493816292,-289.4994371975598,72.1110255092798,14.42220510185596,0,0,3,17.42220510185596,no_target_in_range
444,optical_fallback,/clear,16,-1357.9677778473124,-1041.3085586551338,760.2631123499283,152.05262246998566,0,0,3,155.05262246998566,no_target_in_range
445,optical_fallback,/clear,16,-1422.4207396134282,-1073.6476328468239,72.11102550927991,14.422205101855983,0,0,3,17.422205101855983,no_target_in_range
446,optical_fallback,/clear,16,-1262.3016749758267,-267.19745760995295,822.1921916437786,164.43843832875572,0,0,3,167.43843832875572,no_target_in_range
447,optical_fallback,/clear,16,-1316.9427287551232,-220.1405214380345,72.11102550927963,14.422205101855926,0,0,3,17.422205101855926,no_target_in_range
448,optical_fallback,/clear,16,-1380.2697574349193,-1058.7045842493312,840.9518416651456,168.1903683330291,0,0,3,171.1903683330291,no_target_in_range
449,optical_fallback,/clear,16,-1279.697700570024,-244.89547802234614,819.9999999999999,163.99999999999997,0,0,3,166.99999999999997,no_target_in_range
450,optical_fallback,/clear,16,-1402.5717370225261,-1076.1006098435287,840.2380615040004,168.04761230080007,0,0,3,171.04761230080007,no_target_in_range
451,optical_fallback,/clear,16,-1338.1187752564101,-1043.7615356518386,72.11102550928011,14.422205101856022,0,0,3,17.422205101856022,no_target_in_range
452,optical_fallback,/clear,16,-1297.0937261642212,-222.59349843473927,822.1921916437785,164.4384383287557,0,0,3,167.4384383287557,no_target_in_range
453,optical_fallback,/clear,16,-1242.4526723849244,-269.6504346066577,72.1110255092798,14.42220510185596,0,0,3,17.42220510185596,no_target_in_range
454,optical_fallback,/clear,16,-1360.4207548440172,-1061.157561246036,800.2499609497024,160.0499921899405,0,0,3,163.0499921899405,no_target_in_range
455,optical_fallback,/clear,16,-1259.8486979791219,-247.3484550190509,820.0000000000001,164.00000000000003,0,0,3,167.00000000000003,no_target_in_range
456,optical_fallback,/clear,16,-1424.8737166101328,-1093.496635437726,862.0904824900922,172.41809649801843,0,0,3,175.41809649801843,no_target_in_range
457,optical_fallback,/clear,16,-1382.722734431624,-1078.5535868402333,44.72135954999561,8.944271909999122,0,0,3,11.944271909999122,no_target_in_range
458,optical_fallback,/clear,16,-1314.4897517584186,-200.29151884713247,880.9086218218097,176.18172436436194,0,0,3,179.18172436436194,no_target_in_range
459,optical_fallback,/clear,16,-1277.244723573319,-225.04647543144404,44.72135954999587,8.944271909999173,0,0,3,11.944271909999173,no_target_in_range
460,optical_fallback,/clear,16,-1340.571752253115,-1063.6105382427409,840.9518416651457,168.19036833302914,0,0,3,171.19036833302914,no_target_in_range
461,optical_fallback,/clear,16,-1405.024714019231,-1095.9496124344305,72.11102550927991,14.422205101855983,0,0,3,17.422205101855983,no_target_in_range
462,optical_fallback,/clear,16,-1239.9996953882196,-249.80143201575567,862.0904824900922,172.41809649801843,0,0,3,175.41809649801843,no_target_in_range
463,optical_fallback,/clear,16,-1294.6407491675166,-202.74449584383723,72.11102550927997,14.422205101855994,0,0,3,17.422205101855994,no_target_in_range
464,optical_fallback,/clear,16,-1362.873731840722,-1081.006563836938,880.9086218218097,176.18172436436194,0,0,3,179.18172436436194,no_target_in_range
465,optical_fallback,/clear,16,-1257.395720982417,-227.4994524281488,860.0000000000001,172.00000000000003,0,0,3,175.00000000000003,no_target_in_range
466,optical_fallback,/clear,16,-1427.3266936068376,-1113.345638028628,901.9977827023746,180.39955654047492,0,0,3,183.39955654047492,no_target_in_range
467,optical_fallback,/clear,16,-1385.1757114283287,-1098.4025894311353,44.721359549995825,8.944271909999165,0,0,3,11.944271909999165,no_target_in_range
468,optical_fallback,/clear,16,-1312.0367747617138,-180.44251625623036,920.869154657707,184.1738309315414,0,0,3,187.1738309315414,no_target_in_range
469,optical_fallback,/clear,16,-1274.7917465766145,-205.197472840542,44.72135954999571,8.944271909999141,0,0,3,11.944271909999141,no_target_in_range
470,optical_fallback,/clear,16,-1343.0247292498198,-1083.459540833643,880.9086218218097,176.18172436436194,0,0,3,179.18172436436194,no_target_in_range
471,optical_fallback,/clear,16,-1407.4776910159355,-1115.7986150253328,72.11102550927981,14.422205101855962,0,0,3,17.422205101855962,no_target_in_range
472,optical_fallback,/clear,16,-1237.5467183915148,-229.95242942485356,901.9977827023746,180.39955654047492,0,0,3,183.39955654047492,no_target_in_range
473,optical_fallback,/clear,16,-1292.1877721708117,-182.89549325293513,72.11102550927997,14.422205101855994,0,0,3,17.422205101855994,no_target_in_range
474,optical_fallback,/clear,16,-1365.3267088374268,-1100.8555664278401,920.8691546577071,184.17383093154143,0,0,3,187.17383093154143,no_target_in_range
475,optical_fallback,/clear,16,-1254.9427439857125,-207.65044983724675,900.0000000000001,180.00000000000003,0,0,3,183.00000000000003,no_target_in_range
476,optical_fallback,/clear,16,-1429.7796706035424,-1133.19464061953,941.9129471453294,188.3825894290659,0,0,3,191.3825894290659,no_target_in_range
477,optical_fallback,/clear,16,-1387.6286884250335,-1118.2515920220374,44.721359549995825,8.944271909999165,0,0,3,11.944271909999165,no_target_in_range
478,optical_fallback,/clear,16,-1309.583797765009,-160.59351366532832,960.832971957145,192.166594391429,0,0,3,195.166594391429,no_target_in_range
479,optical_fallback,/clear,16,-1272.3387695799097,-185.3484702496399,44.72135954999568,8.944271909999136,0,0,3,11.944271909999136,no_target_in_range
480,optical_fallback,/clear,16,-1345.4777062465246,-1103.308543424545,920.8691546577072,184.17383093154143,0,0,3,187.17383093154143,no_target_in_range
481,optical_fallback,/clear,16,-1235.0937413948102,-210.10342683395152,900.0000000000001,180.00000000000003,0,0,3,183.00000000000003,no_target_in_range
482,optical_fallback,/clear,16,-1409.9306680126404,-1135.6476176162346,941.9129471453292,188.38258942906583,0,0,3,191.38258942906583,no_target_in_range
483,optical_fallback,/clear,16,-1367.7796858341314,-1120.7045690187422,44.721359549995746,8.944271909999149,0,0,3,11.944271909999149,no_target_in_range
484,optical_fallback,/clear,16,-1289.734795174107,-163.04649066203308,960.8329719571451,192.16659439142902,0,0,3,195.16659439142902,no_target_in_range
485,optical_fallback,/clear,16,-1252.4897669890076,-187.80144724634465,44.72135954999568,8.944271909999136,0,0,3,11.944271909999136,no_target_in_range
486,optical_fallback,/clear,16,-1432.2326476002472,-1153.043643210432,981.8350166906862,196.36700333813724,0,0,3,199.36700333813724,no_target_in_range
487,optical_fallback,/clear,16,-1390.0816654217383,-1138.1005946129394,44.721359549995825,8.944271909999165,0,0,3,11.944271909999165,no_target_in_range
488,optical_fallback,/clear,16,-1269.8857925832049,-165.49946765873784,980.0,196.0,0,0,3,199.0,no_target_in_range
489,optical_fallback,/clear,16,-1307.1308207683041,-140.7445110744262,44.72135954999571,8.944271909999141,0,0,3,11.944271909999141,no_target_in_range
490,optical_fallback,/clear,16,-1347.9306832432292,-1123.157546015447,983.2598842625484,196.65197685250968,0,0,3,199.65197685250968,no_target_in_range
491,optical_fallback,/clear,16,-1232.6407643981054,-190.2544242430494,940.0,188.0,0,0,3,191.0,no_target_in_range
492,optical_fallback,/clear,16,-1412.3836450093452,-1155.4966202071369,981.8350166906862,196.36700333813724,0,0,3,199.36700333813724,no_target_in_range
493,optical_fallback,/clear,16,-1370.2326628308363,-1140.5535716096442,44.721359549995825,8.944271909999165,0,0,5,13.944271909999165,success
494,discovery,/measure,1,-700.0,-1400.0,718.6962303573224,143.7392460714645,1,5,0,149.7392460714645,no_signal
495,discovery,/measure,2,-700.0,-1400.0,0.0,0.0,1,5,0,6.0,no_signal
496,discovery,/measure,3,-700.0,-1400.0,0.0,0.0,1,5,0,6.0,no_signal
497,discovery,/measure,4,-700.0,-1400.0,0.0,0.0,1,5,0,6.0,no_signal
498,discovery,/measure,5,-700.0,-1400.0,0.0,0.0,1,5,0,6.0,no_signal
499,discovery,/measure,6,-700.0,-1400.0,0.0,0.0,1,5,0,6.0,no_signal
500,discovery,/measure,7,-700.0,-1400.0,0.0,0.0,1,5,0,6.0,no_signal
501,discovery,/measure,8,-700.0,-1400.0,0.0,0.0,1,5,0,6.0,no_signal
502,discovery,/measure,9,-700.0,-1400.0,0.0,0.0,1,5,0,6.0,no_signal
503,discovery,/measure,10,-700.0,-1400.0,0.0,0.0,1,5,0,6.0,no_signal
504,discovery,/measure,11,-700.0,-1400.0,0.0,0.0,1,5,0,6.0,no_signal
505,discovery,/measure,12,-700.0,-1400.0,0.0,0.0,1,5,0,6.0,no_signal
506,discovery,/measure,13,-700.0,-1400.0,0.0,0.0,1,5,0,6.0,no_signal
507,discovery,/measure,14,-700.0,-1400.0,0.0,0.0,1,5,0,6.0,no_signal
508,discovery,/measure,15,-700.0,-1400.0,0.0,0.0,1,5,0,6.0,no_signal
509,discovery,/measure,18,-700.0,-1400.0,0.0,0.0,1,5,0,6.0,no_signal
510,discovery,/measure,20,-700.0,-1400.0,0.0,0.0,1,5,0,6.0,no_signal
511,discovery,/measure,20,-700.0,-2100.0,700.0,140.0,0,5,0,145.0,no_signal
512,discovery,/measure,1,-700.0,-2100.0,0.0,0.0,1,5,0,6.0,no_signal
513,discovery,/measure,2,-700.0,-2100.0,0.0,0.0,1,5,0,6.0,no_signal
514,discovery,/measure,3,-700.0,-2100.0,0.0,0.0,1,5,0,6.0,no_signal
515,discovery,/measure,4,-700.0,-2100.0,0.0,0.0,1,5,0,6.0,no_signal
516,discovery,/measure,5,-700.0,-2100.0,0.0,0.0,1,5,0,6.0,no_signal
517,discovery,/measure,6,-700.0,-2100.0,0.0,0.0,1,5,0,6.0,no_signal
518,discovery,/measure,7,-700.0,-2100.0,0.0,0.0,1,5,0,6.0,no_signal
519,discovery,/measure,8,-700.0,-2100.0,0.0,0.0,1,5,0,6.0,no_signal
520,discovery,/measure,9,-700.0,-2100.0,0.0,0.0,1,5,0,6.0,no_signal
521,discovery,/measure,10,-700.0,-2100.0,0.0,0.0,1,5,0,6.0,direction
522,discovery,/measure,11,-700.0,-2100.0,0.0,0.0,1,5,0,6.0,no_signal
523,discovery,/measure,12,-700.0,-2100.0,0.0,0.0,1,5,0,6.0,no_signal
524,discovery,/measure,13,-700.0,-2100.0,0.0,0.0,1,5,0,6.0,no_signal
525,discovery,/measure,14,-700.0,-2100.0,0.0,0.0,1,5,0,6.0,no_signal
526,discovery,/measure,15,-700.0,-2100.0,0.0,0.0,1,5,0,6.0,no_signal
527,discovery,/measure,18,-700.0,-2100.0,0.0,0.0,1,5,0,6.0,no_signal
528,discovery,/measure,18,-1400.0,-2100.0,700.0,140.0,0,5,0,145.0,no_signal
529,discovery,/measure,1,-1400.0,-2100.0,0.0,0.0,1,5,0,6.0,no_signal
530,discovery,/measure,2,-1400.0,-2100.0,0.0,0.0,1,5,0,6.0,no_signal
531,discovery,/measure,3,-1400.0,-2100.0,0.0,0.0,1,5,0,6.0,no_signal
532,discovery,/measure,4,-1400.0,-2100.0,0.0,0.0,1,5,0,6.0,no_signal
533,discovery,/measure,5,-1400.0,-2100.0,0.0,0.0,1,5,0,6.0,no_signal
534,discovery,/measure,6,-1400.0,-2100.0,0.0,0.0,1,5,0,6.0,no_signal
535,discovery,/measure,7,-1400.0,-2100.0,0.0,0.0,1,5,0,6.0,no_signal
536,discovery,/measure,8,-1400.0,-2100.0,0.0,0.0,1,5,0,6.0,no_signal
537,discovery,/measure,9,-1400.0,-2100.0,0.0,0.0,1,5,0,6.0,no_signal
538,discovery,/measure,10,-1400.0,-2100.0,0.0,0.0,1,5,0,6.0,no_signal
539,discovery,/measure,11,-1400.0,-2100.0,0.0,0.0,1,5,0,6.0,no_signal
540,discovery,/measure,12,-1400.0,-2100.0,0.0,0.0,1,5,0,6.0,no_signal
541,discovery,/measure,13,-1400.0,-2100.0,0.0,0.0,1,5,0,6.0,no_signal
542,discovery,/measure,14,-1400.0,-2100.0,0.0,0.0,1,5,0,6.0,no_signal
543,discovery,/measure,15,-1400.0,-2100.0,0.0,0.0,1,5,0,6.0,no_signal
544,discovery,/measure,20,-1400.0,-2100.0,0.0,0.0,1,5,0,6.0,no_signal
545,discovery,/measure,20,-2100.0,-1400.0,989.9494936611666,197.9898987322333,0,5,0,202.9898987322333,no_signal
546,discovery,/measure,1,-2100.0,-1400.0,0.0,0.0,1,5,0,6.0,no_signal
547,discovery,/measure,2,-2100.0,-1400.0,0.0,0.0,1,5,0,6.0,no_signal
548,discovery,/measure,3,-2100.0,-1400.0,0.0,0.0,1,5,0,6.0,no_signal
549,discovery,/measure,4,-2100.0,-1400.0,0.0,0.0,1,5,0,6.0,no_signal
550,discovery,/measure,5,-2100.0,-1400.0,0.0,0.0,1,5,0,6.0,no_signal
551,discovery,/measure,6,-2100.0,-1400.0,0.0,0.0,1,5,0,6.0,no_signal
552,discovery,/measure,7,-2100.0,-1400.0,0.0,0.0,1,5,0,6.0,no_signal
553,discovery,/measure,8,-2100.0,-1400.0,0.0,0.0,1,5,0,6.0,no_signal
554,discovery,/measure,9,-2100.0,-1400.0,0.0,0.0,1,5,0,6.0,no_signal
555,discovery,/measure,10,-2100.0,-1400.0,0.0,0.0,1,5,0,6.0,no_signal
556,discovery,/measure,11,-2100.0,-1400.0,0.0,0.0,1,5,0,6.0,no_signal
557,discovery,/measure,12,-2100.0,-1400.0,0.0,0.0,1,5,0,6.0,no_signal
558,discovery,/measure,13,-2100.0,-1400.0,0.0,0.0,1,5,0,6.0,no_signal
559,discovery,/measure,14,-2100.0,-1400.0,0.0,0.0,1,5,0,6.0,no_signal
560,discovery,/measure,15,-2100.0,-1400.0,0.0,0.0,1,5,0,6.0,no_signal
561,discovery,/measure,18,-2100.0,-1400.0,0.0,0.0,1,5,0,6.0,no_signal
562,discovery,/measure,18,-2100.0,-700.0,700.0,140.0,0,5,0,145.0,no_signal
563,discovery,/measure,1,-2100.0,-700.0,0.0,0.0,1,5,0,6.0,no_signal
564,discovery,/measure,2,-2100.0,-700.0,0.0,0.0,1,5,0,6.0,no_signal
565,discovery,/measure,3,-2100.0,-700.0,0.0,0.0,1,5,0,6.0,no_signal
566,discovery,/measure,4,-2100.0,-700.0,0.0,0.0,1,5,0,6.0,no_signal
567,discovery,/measure,5,-2100.0,-700.0,0.0,0.0,1,5,0,6.0,no_signal
568,discovery,/measure,6,-2100.0,-700.0,0.0,0.0,1,5,0,6.0,no_signal
569,discovery,/measure,7,-2100.0,-700.0,0.0,0.0,1,5,0,6.0,no_signal
570,discovery,/measure,8,-2100.0,-700.0,0.0,0.0,1,5,0,6.0,no_signal
571,discovery,/measure,9,-2100.0,-700.0,0.0,0.0,1,5,0,6.0,no_signal
572,discovery,/measure,10,-2100.0,-700.0,0.0,0.0,1,5,0,6.0,no_signal
573,discovery,/measure,11,-2100.0,-700.0,0.0,0.0,1,5,0,6.0,no_signal
574,discovery,/measure,12,-2100.0,-700.0,0.0,0.0,1,5,0,6.0,no_signal
575,discovery,/measure,13,-2100.0,-700.0,0.0,0.0,1,5,0,6.0,no_signal
576,discovery,/measure,14,-2100.0,-700.0,0.0,0.0,1,5,0,6.0,no_signal
577,discovery,/measure,15,-2100.0,-700.0,0.0,0.0,1,5,0,6.0,no_signal
578,discovery,/measure,20,-2100.0,-700.0,0.0,0.0,1,5,0,6.0,no_signal
579,discovery,/measure,20,-2100.0,0.0,700.0,140.0,0,5,0,145.0,no_signal
580,discovery,/measure,1,-2100.0,0.0,0.0,0.0,1,5,0,6.0,no_signal
581,discovery,/measure,2,-2100.0,0.0,0.0,0.0,1,5,0,6.0,no_signal
582,discovery,/measure,3,-2100.0,0.0,0.0,0.0,1,5,0,6.0,no_signal
583,discovery,/measure,4,-2100.0,0.0,0.0,0.0,1,5,0,6.0,no_signal
584,discovery,/measure,5,-2100.0,0.0,0.0,0.0,1,5,0,6.0,no_signal
585,discovery,/measure,6,-2100.0,0.0,0.0,0.0,1,5,0,6.0,direction
586,discovery,/measure,7,-2100.0,0.0,0.0,0.0,1,5,0,6.0,no_signal
587,discovery,/measure,8,-2100.0,0.0,0.0,0.0,1,5,0,6.0,no_signal
588,discovery,/measure,9,-2100.0,0.0,0.0,0.0,1,5,0,6.0,no_signal
589,discovery,/measure,10,-2100.0,0.0,0.0,0.0,1,5,0,6.0,no_signal
590,discovery,/measure,11,-2100.0,0.0,0.0,0.0,1,5,0,6.0,no_signal
591,discovery,/measure,12,-2100.0,0.0,0.0,0.0,1,5,0,6.0,no_signal
592,discovery,/measure,13,-2100.0,0.0,0.0,0.0,1,5,0,6.0,no_signal
593,discovery,/measure,14,-2100.0,0.0,0.0,0.0,1,5,0,6.0,no_signal
594,discovery,/measure,15,-2100.0,0.0,0.0,0.0,1,5,0,6.0,no_signal
595,discovery,/measure,18,-2100.0,0.0,0.0,0.0,1,5,0,6.0,no_signal
596,discovery,/measure,18,-1400.0,0.0,700.0,140.0,0,5,0,145.0,no_signal
597,discovery,/measure,1,-1400.0,0.0,0.0,0.0,1,5,0,6.0,no_signal
598,discovery,/measure,2,-1400.0,0.0,0.0,0.0,1,5,0,6.0,no_signal
599,discovery,/measure,3,-1400.0,0.0,0.0,0.0,1,5,0,6.0,no_signal
600,discovery,/measure,4,-1400.0,0.0,0.0,0.0,1,5,0,6.0,no_signal
601,discovery,/measure,5,-1400.0,0.0,0.0,0.0,1,5,0,6.0,no_signal
602,discovery,/measure,6,-1400.0,0.0,0.0,0.0,1,5,0,6.0,no_signal
603,discovery,/measure,7,-1400.0,0.0,0.0,0.0,1,5,0,6.0,no_signal
604,discovery,/measure,8,-1400.0,0.0,0.0,0.0,1,5,0,6.0,no_signal
605,discovery,/measure,9,-1400.0,0.0,0.0,0.0,1,5,0,6.0,no_signal
606,discovery,/measure,10,-1400.0,0.0,0.0,0.0,1,5,0,6.0,no_signal
607,discovery,/measure,11,-1400.0,0.0,0.0,0.0,1,5,0,6.0,no_signal
608,discovery,/measure,12,-1400.0,0.0,0.0,0.0,1,5,0,6.0,no_signal
609,discovery,/measure,13,-1400.0,0.0,0.0,0.0,1,5,0,6.0,no_signal
610,discovery,/measure,14,-1400.0,0.0,0.0,0.0,1,5,0,6.0,no_signal
611,discovery,/measure,15,-1400.0,0.0,0.0,0.0,1,5,0,6.0,no_signal
612,discovery,/measure,20,-1400.0,0.0,0.0,0.0,1,5,0,6.0,no_signal
613,discovery,/measure,20,-1400.0,700.0,700.0,140.0,0,5,0,145.0,no_signal
614,discovery,/measure,1,-1400.0,700.0,0.0,0.0,1,5,0,6.0,no_signal
615,discovery,/measure,2,-1400.0,700.0,0.0,0.0,1,5,0,6.0,no_signal
616,discovery,/measure,3,-1400.0,700.0,0.0,0.0,1,5,0,6.0,no_signal
617,discovery,/measure,4,-1400.0,700.0,0.0,0.0,1,5,0,6.0,no_signal
618,discovery,/measure,5,-1400.0,700.0,0.0,0.0,1,5,0,6.0,no_signal
619,discovery,/measure,6,-1400.0,700.0,0.0,0.0,1,5,0,6.0,no_signal
620,discovery,/measure,7,-1400.0,700.0,0.0,0.0,1,5,0,6.0,direction
621,discovery,/measure,8,-1400.0,700.0,0.0,0.0,1,5,0,6.0,no_signal
622,discovery,/measure,9,-1400.0,700.0,0.0,0.0,1,5,0,6.0,no_signal
623,discovery,/measure,10,-1400.0,700.0,0.0,0.0,1,5,0,6.0,no_signal
624,discovery,/measure,11,-1400.0,700.0,0.0,0.0,1,5,0,6.0,no_signal
625,discovery,/measure,12,-1400.0,700.0,0.0,0.0,1,5,0,6.0,no_signal
626,discovery,/measure,13,-1400.0,700.0,0.0,0.0,1,5,0,6.0,no_signal
627,discovery,/measure,14,-1400.0,700.0,0.0,0.0,1,5,0,6.0,no_signal
628,discovery,/measure,15,-1400.0,700.0,0.0,0.0,1,5,0,6.0,no_signal
629,discovery,/measure,18,-1400.0,700.0,0.0,0.0,1,5,0,6.0,no_signal
630,active_localization,/measure,6,-1668.804801791155,949.3361804443948,366.6395400725103,73.32790801450206,1,5,0,79.32790801450206,direction
631,active_localization,/measure,6,-1643.688327478907,770.8203947884298,180.27402200606792,36.05480440121359,0,5,0,41.05480440121359,direction
632,certified_clear,/clear,6,-1617.9150693579886,786.3612155565448,30.096145007528165,6.019229001505633,0,0,5,11.019229001505632,success
633,active_localization,/measure,7,-1586.4078740920256,913.2338193528522,130.72628254326784,26.145256508653567,1,5,0,32.14525650865357,direction
634,active_localization,/measure,7,-1190.521548241559,1298.6600564175674,552.5209201589093,110.50418403178188,0,5,0,115.50418403178188,direction
635,certified_clear,/clear,7,-1211.3946429545806,1322.20459311584,31.46476269154237,6.292952538308474,0,0,5,11.292952538308473,success
636,discovery,/measure,1,-2100.0,700.0,1084.7847879944968,216.95695759889935,1,5,0,222.95695759889935,no_signal
637,discovery,/measure,2,-2100.0,700.0,0.0,0.0,1,5,0,6.0,no_signal
638,discovery,/measure,3,-2100.0,700.0,0.0,0.0,1,5,0,6.0,no_signal
639,discovery,/measure,4,-2100.0,700.0,0.0,0.0,1,5,0,6.0,no_signal
640,discovery,/measure,5,-2100.0,700.0,0.0,0.0,1,5,0,6.0,no_signal
641,discovery,/measure,8,-2100.0,700.0,0.0,0.0,1,5,0,6.0,no_signal
642,discovery,/measure,9,-2100.0,700.0,0.0,0.0,1,5,0,6.0,no_signal
643,discovery,/measure,10,-2100.0,700.0,0.0,0.0,1,5,0,6.0,no_signal
644,discovery,/measure,11,-2100.0,700.0,0.0,0.0,1,5,0,6.0,no_signal
645,discovery,/measure,12,-2100.0,700.0,0.0,0.0,1,5,0,6.0,no_signal
646,discovery,/measure,13,-2100.0,700.0,0.0,0.0,1,5,0,6.0,no_signal
647,discovery,/measure,14,-2100.0,700.0,0.0,0.0,1,5,0,6.0,no_signal
648,discovery,/measure,15,-2100.0,700.0,0.0,0.0,1,5,0,6.0,no_signal
649,discovery,/measure,18,-2100.0,700.0,0.0,0.0,1,5,0,6.0,direction
650,discovery,/measure,20,-2100.0,700.0,0.0,0.0,1,5,0,6.0,no_signal
651,discovery,/measure,20,-2100.0,1400.0,700.0,140.0,0,5,0,145.0,no_signal
652,discovery,/measure,1,-2100.0,1400.0,0.0,0.0,1,5,0,6.0,no_signal
653,discovery,/measure,2,-2100.0,1400.0,0.0,0.0,1,5,0,6.0,no_signal
654,discovery,/measure,3,-2100.0,1400.0,0.0,0.0,1,5,0,6.0,no_signal
655,discovery,/measure,4,-2100.0,1400.0,0.0,0.0,1,5,0,6.0,no_signal
656,discovery,/measure,5,-2100.0,1400.0,0.0,0.0,1,5,0,6.0,no_signal
657,discovery,/measure,8,-2100.0,1400.0,0.0,0.0,1,5,0,6.0,no_signal
658,discovery,/measure,9,-2100.0,1400.0,0.0,0.0,1,5,0,6.0,no_signal
659,discovery,/measure,10,-2100.0,1400.0,0.0,0.0,1,5,0,6.0,no_signal
660,discovery,/measure,11,-2100.0,1400.0,0.0,0.0,1,5,0,6.0,no_signal
661,discovery,/measure,12,-2100.0,1400.0,0.0,0.0,1,5,0,6.0,no_signal
662,discovery,/measure,13,-2100.0,1400.0,0.0,0.0,1,5,0,6.0,no_signal
663,discovery,/measure,14,-2100.0,1400.0,0.0,0.0,1,5,0,6.0,no_signal
664,discovery,/measure,15,-2100.0,1400.0,0.0,0.0,1,5,0,6.0,no_signal
665,discovery,/measure,18,-2100.0,1400.0,0.0,0.0,1,5,0,6.0,direction
666,active_localization,/measure,18,-1347.5660517008873,1198.6463042767139,778.9095950971572,155.78191901943143,0,5,0,160.78191901943143,direction
667,certified_clear,/clear,18,-1361.0843048857623,1176.0567022527762,26.325525422492,5.2651050844983995,0,0,5,10.2651050844984,success
668,discovery,/measure,1,-1400.0,1400.0,227.29943231809014,45.45988646361803,1,5,0,51.45988646361803,no_signal
669,discovery,/measure,2,-1400.0,1400.0,0.0,0.0,1,5,0,6.0,no_signal
670,discovery,/measure,3,-1400.0,1400.0,0.0,0.0,1,5,0,6.0,no_signal
671,discovery,/measure,4,-1400.0,1400.0,0.0,0.0,1,5,0,6.0,no_signal
672,discovery,/measure,5,-1400.0,1400.0,0.0,0.0,1,5,0,6.0,no_signal
673,discovery,/measure,8,-1400.0,1400.0,0.0,0.0,1,5,0,6.0,no_signal
674,discovery,/measure,9,-1400.0,1400.0,0.0,0.0,1,5,0,6.0,no_signal
675,discovery,/measure,10,-1400.0,1400.0,0.0,0.0,1,5,0,6.0,no_signal
676,discovery,/measure,11,-1400.0,1400.0,0.0,0.0,1,5,0,6.0,no_signal
677,discovery,/measure,12,-1400.0,1400.0,0.0,0.0,1,5,0,6.0,no_signal
678,discovery,/measure,13,-1400.0,1400.0,0.0,0.0,1,5,0,6.0,no_signal
679,discovery,/measure,14,-1400.0,1400.0,0.0,0.0,1,5,0,6.0,no_signal
680,discovery,/measure,15,-1400.0,1400.0,0.0,0.0,1,5,0,6.0,no_signal
681,discovery,/measure,20,-1400.0,1400.0,0.0,0.0,1,5,0,6.0,no_signal
682,discovery,/measure,20,-1400.0,2100.0,700.0,140.0,0,5,0,145.0,no_signal
683,discovery,/measure,1,-1400.0,2100.0,0.0,0.0,1,5,0,6.0,no_signal
684,discovery,/measure,2,-1400.0,2100.0,0.0,0.0,1,5,0,6.0,no_signal
685,discovery,/measure,3,-1400.0,2100.0,0.0,0.0,1,5,0,6.0,no_signal
686,discovery,/measure,4,-1400.0,2100.0,0.0,0.0,1,5,0,6.0,no_signal
687,discovery,/measure,5,-1400.0,2100.0,0.0,0.0,1,5,0,6.0,no_signal
688,discovery,/measure,8,-1400.0,2100.0,0.0,0.0,1,5,0,6.0,no_signal
689,discovery,/measure,9,-1400.0,2100.0,0.0,0.0,1,5,0,6.0,no_signal
690,discovery,/measure,10,-1400.0,2100.0,0.0,0.0,1,5,0,6.0,no_signal
691,discovery,/measure,11,-1400.0,2100.0,0.0,0.0,1,5,0,6.0,no_signal
692,discovery,/measure,12,-1400.0,2100.0,0.0,0.0,1,5,0,6.0,no_signal
693,discovery,/measure,13,-1400.0,2100.0,0.0,0.0,1,5,0,6.0,no_signal
694,discovery,/measure,14,-1400.0,2100.0,0.0,0.0,1,5,0,6.0,no_signal
695,discovery,/measure,15,-1400.0,2100.0,0.0,0.0,1,5,0,6.0,no_signal
696,discovery,/measure,15,-700.0,2100.0,700.0,140.0,0,5,0,145.0,no_signal
697,discovery,/measure,1,-700.0,2100.0,0.0,0.0,1,5,0,6.0,no_signal
698,discovery,/measure,2,-700.0,2100.0,0.0,0.0,1,5,0,6.0,no_signal
699,discovery,/measure,3,-700.0,2100.0,0.0,0.0,1,5,0,6.0,direction
700,discovery,/measure,4,-700.0,2100.0,0.0,0.0,1,5,0,6.0,no_signal
701,discovery,/measure,5,-700.0,2100.0,0.0,0.0,1,5,0,6.0,no_signal
702,discovery,/measure,8,-700.0,2100.0,0.0,0.0,1,5,0,6.0,no_signal
703,discovery,/measure,9,-700.0,2100.0,0.0,0.0,1,5,0,6.0,direction
704,discovery,/measure,10,-700.0,2100.0,0.0,0.0,1,5,0,6.0,no_signal
705,discovery,/measure,11,-700.0,2100.0,0.0,0.0,1,5,0,6.0,no_signal
706,discovery,/measure,12,-700.0,2100.0,0.0,0.0,1,5,0,6.0,no_signal
707,discovery,/measure,13,-700.0,2100.0,0.0,0.0,1,5,0,6.0,no_signal
708,discovery,/measure,14,-700.0,2100.0,0.0,0.0,1,5,0,6.0,no_signal
709,discovery,/measure,20,-700.0,2100.0,0.0,0.0,1,5,0,6.0,no_signal
710,discovery,/measure,20,-700.0,1400.0,700.0,140.0,0,5,0,145.0,no_signal
711,discovery,/measure,1,-700.0,1400.0,0.0,0.0,1,5,0,6.0,no_signal
712,discovery,/measure,2,-700.0,1400.0,0.0,0.0,1,5,0,6.0,no_signal
713,discovery,/measure,3,-700.0,1400.0,0.0,0.0,1,5,0,6.0,direction
714,discovery,/measure,4,-700.0,1400.0,0.0,0.0,1,5,0,6.0,no_signal
715,discovery,/measure,5,-700.0,1400.0,0.0,0.0,1,5,0,6.0,no_signal
716,discovery,/measure,8,-700.0,1400.0,0.0,0.0,1,5,0,6.0,no_signal
717,discovery,/measure,9,-700.0,1400.0,0.0,0.0,1,5,0,6.0,direction
718,discovery,/measure,10,-700.0,1400.0,0.0,0.0,1,5,0,6.0,no_signal
719,discovery,/measure,11,-700.0,1400.0,0.0,0.0,1,5,0,6.0,no_signal
720,discovery,/measure,12,-700.0,1400.0,0.0,0.0,1,5,0,6.0,no_signal
721,discovery,/measure,13,-700.0,1400.0,0.0,0.0,1,5,0,6.0,no_signal
722,discovery,/measure,14,-700.0,1400.0,0.0,0.0,1,5,0,6.0,no_signal
723,discovery,/measure,15,-700.0,1400.0,0.0,0.0,1,5,0,6.0,no_signal
724,active_localization,/measure,3,-42.8105222496692,1768.7619894273796,753.5803968470725,150.7160793694145,1,5,0,156.7160793694145,direction
725,certified_clear,/clear,3,-44.81051030573131,1792.300447379841,23.62327147124597,4.724654294249194,0,0,5,9.724654294249195,success
726,active_localization,/measure,9,384.2009964970937,1775.9831723019888,429.3217050595004,85.86434101190008,1,5,0,91.86434101190008,direction
727,certified_clear,/clear,9,399.8373769127382,1744.4024724829928,35.23970762591943,7.0479415251838855,0,0,5,12.047941525183886,success
728,discovery,/measure,1,-700.0,700.0,1516.7131502637146,303.34263005274295,1,5,0,309.34263005274295,no_signal
729,discovery,/measure,2,-700.0,700.0,0.0,0.0,1,5,0,6.0,no_signal
730,discovery,/measure,4,-700.0,700.0,0.0,0.0,1,5,0,6.0,no_signal
731,discovery,/measure,5,-700.0,700.0,0.0,0.0,1,5,0,6.0,no_signal
732,discovery,/measure,8,-700.0,700.0,0.0,0.0,1,5,0,6.0,no_signal
733,discovery,/measure,10,-700.0,700.0,0.0,0.0,1,5,0,6.0,no_signal
734,discovery,/measure,11,-700.0,700.0,0.0,0.0,1,5,0,6.0,no_signal
735,discovery,/measure,12,-700.0,700.0,0.0,0.0,1,5,0,6.0,no_signal
736,discovery,/measure,13,-700.0,700.0,0.0,0.0,1,5,0,6.0,no_signal
737,discovery,/measure,14,-700.0,700.0,0.0,0.0,1,5,0,6.0,no_signal
738,discovery,/measure,15,-700.0,700.0,0.0,0.0,1,5,0,6.0,no_signal
739,discovery,/measure,20,-700.0,700.0,0.0,0.0,1,5,0,6.0,no_signal
740,discovery,/measure,20,0.0,700.0,700.0,140.0,0,5,0,145.0,no_signal
741,discovery,/measure,1,0.0,700.0,0.0,0.0,1,5,0,6.0,no_signal
742,discovery,/measure,2,0.0,700.0,0.0,0.0,1,5,0,6.0,no_signal
743,discovery,/measure,4,0.0,700.0,0.0,0.0,1,5,0,6.0,no_signal
744,discovery,/measure,5,0.0,700.0,0.0,0.0,1,5,0,6.0,no_signal
745,discovery,/measure,8,0.0,700.0,0.0,0.0,1,5,0,6.0,no_signal
746,discovery,/measure,10,0.0,700.0,0.0,0.0,1,5,0,6.0,no_signal
747,discovery,/measure,11,0.0,700.0,0.0,0.0,1,5,0,6.0,no_signal
748,discovery,/measure,12,0.0,700.0,0.0,0.0,1,5,0,6.0,no_signal
749,discovery,/measure,13,0.0,700.0,0.0,0.0,1,5,0,6.0,no_signal
750,discovery,/measure,14,0.0,700.0,0.0,0.0,1,5,0,6.0,no_signal
751,discovery,/measure,15,0.0,700.0,0.0,0.0,1,5,0,6.0,no_signal
752,discovery,/measure,15,0.0,1400.0,700.0,140.0,0,5,0,145.0,no_signal
753,discovery,/measure,1,0.0,1400.0,0.0,0.0,1,5,0,6.0,no_signal
754,discovery,/measure,2,0.0,1400.0,0.0,0.0,1,5,0,6.0,no_signal
755,discovery,/measure,4,0.0,1400.0,0.0,0.0,1,5,0,6.0,no_signal
756,discovery,/measure,5,0.0,1400.0,0.0,0.0,1,5,0,6.0,no_signal
757,discovery,/measure,8,0.0,1400.0,0.0,0.0,1,5,0,6.0,no_signal
758,discovery,/measure,10,0.0,1400.0,0.0,0.0,1,5,0,6.0,no_signal
759,discovery,/measure,11,0.0,1400.0,0.0,0.0,1,5,0,6.0,no_signal
760,discovery,/measure,12,0.0,1400.0,0.0,0.0,1,5,0,6.0,no_signal
761,discovery,/measure,13,0.0,1400.0,0.0,0.0,1,5,0,6.0,no_signal
762,discovery,/measure,14,0.0,1400.0,0.0,0.0,1,5,0,6.0,no_signal
763,discovery,/measure,20,0.0,1400.0,0.0,0.0,1,5,0,6.0,no_signal
764,discovery,/measure,20,0.0,2100.0,700.0,140.0,0,5,0,145.0,no_signal
765,discovery,/measure,1,0.0,2100.0,0.0,0.0,1,5,0,6.0,no_signal
766,discovery,/measure,2,0.0,2100.0,0.0,0.0,1,5,0,6.0,no_signal
767,discovery,/measure,4,0.0,2100.0,0.0,0.0,1,5,0,6.0,no_signal
768,discovery,/measure,5,0.0,2100.0,0.0,0.0,1,5,0,6.0,no_signal
769,discovery,/measure,8,0.0,2100.0,0.0,0.0,1,5,0,6.0,no_signal
770,discovery,/measure,10,0.0,2100.0,0.0,0.0,1,5,0,6.0,no_signal
771,discovery,/measure,11,0.0,2100.0,0.0,0.0,1,5,0,6.0,no_signal
772,discovery,/measure,12,0.0,2100.0,0.0,0.0,1,5,0,6.0,no_signal
773,discovery,/measure,13,0.0,2100.0,0.0,0.0,1,5,0,6.0,no_signal
774,discovery,/measure,14,0.0,2100.0,0.0,0.0,1,5,0,6.0,no_signal
775,discovery,/measure,15,0.0,2100.0,0.0,0.0,1,5,0,6.0,no_signal
776,discovery,/measure,15,700.0,2100.0,700.0,140.0,0,5,0,145.0,no_signal
777,discovery,/measure,1,700.0,2100.0,0.0,0.0,1,5,0,6.0,no_signal
778,discovery,/measure,2,700.0,2100.0,0.0,0.0,1,5,0,6.0,no_signal
779,discovery,/measure,4,700.0,2100.0,0.0,0.0,1,5,0,6.0,no_signal
780,discovery,/measure,5,700.0,2100.0,0.0,0.0,1,5,0,6.0,no_signal
781,discovery,/measure,8,700.0,2100.0,0.0,0.0,1,5,0,6.0,no_signal
782,discovery,/measure,10,700.0,2100.0,0.0,0.0,1,5,0,6.0,no_signal
783,discovery,/measure,11,700.0,2100.0,0.0,0.0,1,5,0,6.0,no_signal
784,discovery,/measure,12,700.0,2100.0,0.0,0.0,1,5,0,6.0,no_signal
785,discovery,/measure,13,700.0,2100.0,0.0,0.0,1,5,0,6.0,direction
786,discovery,/measure,14,700.0,2100.0,0.0,0.0,1,5,0,6.0,no_signal
787,discovery,/measure,20,700.0,2100.0,0.0,0.0,1,5,0,6.0,no_signal
788,discovery,/measure,20,700.0,1400.0,700.0,140.0,0,5,0,145.0,no_signal
789,discovery,/measure,1,700.0,1400.0,0.0,0.0,1,5,0,6.0,no_signal
790,discovery,/measure,2,700.0,1400.0,0.0,0.0,1,5,0,6.0,no_signal
791,discovery,/measure,4,700.0,1400.0,0.0,0.0,1,5,0,6.0,no_signal
792,discovery,/measure,5,700.0,1400.0,0.0,0.0,1,5,0,6.0,no_signal
793,discovery,/measure,8,700.0,1400.0,0.0,0.0,1,5,0,6.0,no_signal
794,discovery,/measure,10,700.0,1400.0,0.0,0.0,1,5,0,6.0,no_signal
795,discovery,/measure,11,700.0,1400.0,0.0,0.0,1,5,0,6.0,no_signal
796,discovery,/measure,12,700.0,1400.0,0.0,0.0,1,5,0,6.0,no_signal
797,discovery,/measure,13,700.0,1400.0,0.0,0.0,1,5,0,6.0,no_signal
798,discovery,/measure,14,700.0,1400.0,0.0,0.0,1,5,0,6.0,no_signal
799,discovery,/measure,15,700.0,1400.0,0.0,0.0,1,5,0,6.0,no_signal
800,active_localization,/measure,13,1119.9619743480143,1360.8371318391992,421.7840562904939,84.35681125809877,1,5,0,90.35681125809877,no_signal
801,active_localization,/measure,13,1241.5965199869174,1329.1635636739404,125.69080162486709,25.13816032497342,0,5,0,30.13816032497342,no_signal
802,optical_fallback,/clear,13,1104.0538758857901,1260.263876789922,153.83480035104262,30.766960070208523,0,0,3,33.766960070208526,no_target_in_range
803,optical_fallback,/clear,13,1095.4180051806616,1278.3033262594681,20.0000000000001,4.0000000000000195,0,0,3,7.0000000000000195,no_target_in_range
804,optical_fallback,/clear,13,1112.6897465909187,1242.2244273203762,40.0,8.0,0,0,3,11.0,no_target_in_range
805,optical_fallback,/clear,13,1086.7821344755328,1296.342775729014,59.99999999999999,11.999999999999998,0,0,3,14.999999999999998,no_target_in_range
806,optical_fallback,/clear,13,1121.3256172960473,1224.1849778508304,79.99999999999989,15.999999999999977,0,0,3,18.99999999999998,no_target_in_range
807,optical_fallback,/clear,13,1078.1462637704042,1314.3822251985598,99.99999999999979,19.999999999999957,0,0,3,22.999999999999957,no_target_in_range
808,optical_fallback,/clear,13,1129.9614880011761,1206.1455283812843,119.99999999999999,23.999999999999996,0,0,3,26.999999999999996,no_target_in_range
809,optical_fallback,/clear,13,1069.5103930652754,1332.4216746681059,140.00000000000017,28.000000000000036,0,0,3,31.000000000000036,no_target_in_range
810,optical_fallback,/clear,13,1086.0144264162443,1251.6280060847935,82.46211251235331,16.492422502470664,0,0,3,19.492422502470664,no_target_in_range
811,optical_fallback,/clear,13,1138.5973587063047,1188.1060789117385,82.4621125123531,16.49242250247062,0,0,3,19.49242250247062,no_target_in_range
812,optical_fallback,/clear,13,1077.3785557111155,1269.6674555543393,101.98039027185563,20.396078054371124,0,0,3,23.396078054371124,no_target_in_range
813,optical_fallback,/clear,13,1094.650297121373,1233.5885566152474,40.0000000000001,8.00000000000002,0,0,3,11.00000000000002,no_target_in_range
814,optical_fallback,/clear,13,1068.742685005987,1287.7069050238852,59.99999999999999,11.999999999999998,0,0,3,14.999999999999998,no_target_in_range
815,optical_fallback,/clear,13,1103.2861678265017,1215.5491071457016,79.99999999999999,15.999999999999996,0,0,3,18.999999999999996,no_target_in_range
816,optical_fallback,/clear,13,1060.8745223601468,1350.4611241376517,141.42135623730962,28.284271247461923,0,0,3,31.284271247461923,no_target_in_range
817,optical_fallback,/clear,13,1060.1068143008583,1305.7463544934312,44.72135954999579,8.944271909999157,0,0,3,11.944271909999157,no_target_in_range
818,optical_fallback,/clear,13,1111.9220385316303,1197.5096576761557,119.99999999999999,23.999999999999996,0,0,3,26.999999999999996,no_target_in_range
819,optical_fallback,/clear,13,1147.2332294114335,1170.0666294421926,44.721359549995746,8.944271909999149,0,0,3,11.944271909999149,no_target_in_range
820,optical_fallback,/clear,13,1051.4709435957298,1323.785803962977,181.10770276274812,36.22154055254963,0,0,3,39.22154055254963,no_target_in_range
821,optical_fallback,/clear,13,1120.5579092367589,1179.4702082066096,159.99999999999997,31.999999999999993,0,0,3,34.99999999999999,no_target_in_range
822,optical_fallback,/clear,13,1052.2386516550182,1368.5005736071976,200.99751242241786,40.199502484483574,0,0,3,43.199502484483574,no_target_in_range
823,optical_fallback,/clear,13,1067.9749769466982,1242.992135379665,126.491106406735,25.298221281347,0,0,3,28.298221281347,no_target_in_range
824,optical_fallback,/clear,13,1059.3391062415694,1261.0315848492107,19.999999999999993,3.9999999999999987,0,0,3,6.999999999999998,no_target_in_range
825,optical_fallback,/clear,13,1076.6108476518268,1224.9526859101188,40.0000000000001,8.00000000000002,0,0,3,11.00000000000002,no_target_in_range
826,optical_fallback,/clear,13,1155.869100116562,1152.0271799726465,107.70329614269018,21.540659228538036,0,0,3,24.540659228538036,no_target_in_range
827,optical_fallback,/clear,13,1050.7032355364408,1279.0710343187566,164.9242250247065,32.9848450049413,0,0,3,35.9848450049413,no_target_in_range
828,optical_fallback,/clear,13,1085.2467183569556,1206.913236440573,79.99999999999999,15.999999999999996,0,0,3,18.999999999999996,no_target_in_range
829,optical_fallback,/clear,13,1042.835072890601,1341.825253432523,141.42135623730934,28.284271247461866,0,0,3,31.284271247461866,no_target_in_range
830,optical_fallback,/clear,13,1129.1937799418874,1161.4307587370638,199.9999999999999,39.99999999999998,0,0,3,42.99999999999998,no_target_in_range
831,optical_fallback,/clear,13,1042.0673648313123,1297.1104837883026,161.2451549659711,32.24903099319422,0,0,3,35.24903099319422,no_target_in_range
832,optical_fallback,/clear,13,1093.8825890620842,1188.8737869710271,119.99999999999999,23.999999999999996,0,0,3,26.999999999999996,no_target_in_range
833,optical_fallback,/clear,13,1043.6027809498896,1386.5400230767436,203.96078054371134,40.79215610874227,0,0,3,43.79215610874227,no_target_in_range
834,optical_fallback,/clear,13,1033.4314941261837,1315.1499332578485,72.11102550927986,14.42220510185597,0,0,3,17.422205101855972,no_target_in_range
835,optical_fallback,/clear,13,1034.1992021854724,1359.864702902069,44.72135954999579,8.944271909999157,0,0,3,11.944271909999157,no_target_in_range
836,optical_fallback,/clear,13,1164.5049708216907,1133.9877305031007,260.7680962081058,52.153619241621165,0,0,3,55.153619241621165,no_target_in_range
837,optical_fallback,/clear,13,1102.5184597672128,1170.834337501481,72.1110255092798,14.42220510185596,0,0,3,17.42220510185596,no_target_in_range
838,optical_fallback,/clear,13,1137.8296506470163,1143.391309267518,44.721359549995924,8.944271909999184,0,0,3,11.944271909999184,no_target_in_range
839,optical_fallback,/clear,13,1049.9355274771524,1234.356264674536,126.49110640673516,25.298221281347033,0,0,3,28.298221281347033,no_target_in_range
840,optical_fallback,/clear,13,1041.2996567720238,1252.395714144082,19.999999999999897,3.9999999999999796,0,0,3,6.99999999999998,no_target_in_range
841,optical_fallback,/clear,13,1058.571398182281,1216.3168152049902,39.999999999999794,7.999999999999959,0,0,3,10.99999999999996,no_target_in_range
842,optical_fallback,/clear,13,1024.7956234210549,1333.1893827273943,121.65525060596431,24.331050121192863,0,0,3,27.331050121192863,no_target_in_range
843,optical_fallback,/clear,13,1032.663786066895,1270.435163613628,63.245553203367514,12.649110640673502,0,0,3,15.649110640673502,no_target_in_range
844,optical_fallback,/clear,13,1067.2072688874096,1198.2773657354442,80.00000000000009,16.000000000000018,0,0,3,19.000000000000018,no_target_in_range
845,optical_fallback,/clear,13,1111.1543304723414,1152.7948880319352,63.245553203367415,12.649110640673483,0,0,3,15.649110640673483,no_target_in_range
846,optical_fallback,/clear,13,1034.9669102447608,1404.5794725462895,263.058928759318,52.6117857518636,0,0,3,55.6117857518636,no_target_in_range
847,optical_fallback,/clear,13,1024.0279153617664,1288.4746130831738,116.61903789690606,23.323807579381214,0,0,3,26.323807579381214,no_target_in_range
848,optical_fallback,/clear,13,1025.5633314803435,1377.9041523716148,89.44271909999158,17.888543819998315,0,0,3,20.888543819998315,no_target_in_range
849,optical_fallback,/clear,13,1075.8431395925384,1180.2379162658983,203.9607805437114,40.792156108742276,0,0,3,43.792156108742276,no_target_in_range
850,optical_fallback,/clear,13,1173.1408415268193,1115.9482810335548,116.61903789690578,23.323807579381157,0,0,3,26.323807579381157,no_target_in_range
851,optical_fallback,/clear,13,1146.4655213521448,1125.3518597979719,28.284271247461678,5.656854249492335,0,0,3,8.656854249492335,no_target_in_range
852,optical_fallback,/clear,13,1016.1597527159263,1351.2288321969404,260.76809620810616,52.15361924162123,0,0,3,55.15361924162123,no_target_in_range
853,optical_fallback,/clear,13,1015.3920446566377,1306.5140625527197,44.72135954999601,8.944271909999202,0,0,3,11.944271909999202,no_target_in_range
854,optical_fallback,/clear,13,1084.479010297667,1162.1984667963525,159.99999999999983,31.999999999999964,0,0,3,34.999999999999964,no_target_in_range
855,optical_fallback,/clear,13,1119.7902011774702,1134.7554385623894,44.721359549995746,8.944271909999149,0,0,3,11.944271909999149,no_target_in_range
856,optical_fallback,/clear,13,1031.8960780076065,1225.7203939694073,126.49110640673483,25.298221281346965,0,0,3,28.298221281346965,no_target_in_range
857,optical_fallback,/clear,13,1016.927460775215,1395.9436018411607,170.88007490635067,34.176014981270136,0,0,3,37.176014981270136,no_target_in_range
858,optical_fallback,/clear,13,1023.2602073024779,1243.7598434389533,152.31546211727806,30.463092423455613,0,0,3,33.46309242345561,no_target_in_range
859,optical_fallback,/clear,13,1026.3310395396322,1422.6189220158353,178.88543819998316,35.77708763999663,0,0,3,38.77708763999663,no_target_in_range
860,optical_fallback,/clear,13,1006.756173951509,1324.5535120222657,99.99999999999993,19.999999999999986,0,0,3,22.999999999999986,no_target_in_range
861,optical_fallback,/clear,13,1040.5319487127351,1207.6809444998617,121.65525060596431,24.331050121192863,0,0,3,27.331050121192863,no_target_in_range
862,optical_fallback,/clear,13,1014.6243365973492,1261.7992929084994,59.99999999999999,11.999999999999998,0,0,3,14.999999999999998,no_target_in_range
863,optical_fallback,/clear,13,1093.1148810027958,1144.1590173268064,141.4213562373097,28.28427124746194,0,0,3,31.28427124746194,no_target_in_range
864,optical_fallback,/clear,13,1007.5238820107976,1369.2682816664862,240.8318915758461,48.16637831516922,0,0,3,51.16637831516922,no_target_in_range
865,optical_fallback,/clear,13,1049.167819417864,1189.6414950303156,184.39088914585784,36.87817782917157,0,0,3,39.87817782917157,no_target_in_range
866,optical_fallback,/clear,13,1155.1013920572736,1107.312410328426,134.16407864998735,26.83281572999747,0,0,3,29.83281572999747,no_target_in_range
867,optical_fallback,/clear,13,1181.776712231948,1097.9088315640088,28.284271247461753,5.65685424949235,0,0,3,8.656854249492351,no_target_in_range
868,optical_fallback,/clear,13,1128.4260718825988,1116.7159890928433,56.56854249492393,11.313708498984786,0,0,3,14.313708498984786,no_target_in_range
869,optical_fallback,/clear,13,1005.9884658922206,1279.838742378045,203.9607805437111,40.79215610874222,0,0,3,43.79215610874222,no_target_in_range
870,optical_fallback,/clear,13,1057.8036901229925,1171.6020455607695,119.99999999999999,23.999999999999996,0,0,3,26.999999999999996,no_target_in_range
871,optical_fallback,/clear,13,998.1203032463804,1342.5929614918118,181.1077027627487,36.22154055254974,0,0,3,39.22154055254974,no_target_in_range
872,optical_fallback,/clear,13,997.3525951870919,1297.878191847591,44.72135954999601,8.944271909999202,0,0,3,11.944271909999202,no_target_in_range
873,optical_fallback,/clear,13,1101.7507517079243,1126.1195678572606,200.99751242241777,40.19950248448355,0,0,3,43.19950248448355,no_target_in_range
874,optical_fallback,/clear,13,1066.439560828121,1153.562596091224,44.72135954999588,8.944271909999177,0,0,3,11.944271909999177,no_target_in_range
875,optical_fallback,/clear,13,1008.2915900700864,1413.9830513107067,266.8332812825265,53.3666562565053,0,0,3,56.3666562565053,no_target_in_range
876,optical_fallback,/clear,13,998.8880113056689,1387.307731136032,28.284271247462044,5.656854249492409,0,0,3,8.656854249492408,no_target_in_range
877,optical_fallback,/clear,13,1017.6951688345035,1440.6583714853814,56.568542494923975,11.313708498984795,0,0,3,14.313708498984795,no_target_in_range
878,optical_fallback,/clear,13,1163.7372627624022,1089.2729608588802,380.525951808809,76.1051903617618,0,0,3,79.1051903617618,no_target_in_range
879,optical_fallback,/clear,13,1137.0619425877276,1098.6765396232975,28.284271247461966,5.656854249492393,0,0,3,8.656854249492394,no_target_in_range
880,optical_fallback,/clear,13,988.7167244819632,1315.9176413171372,263.0589287593181,52.61178575186362,0,0,3,55.61178575186362,no_target_in_range
881,optical_fallback,/clear,13,1013.8566285380605,1217.0845232642787,101.98039027185588,20.396078054371177,0,0,3,23.396078054371177,no_target_in_range
882,optical_fallback,/clear,13,989.4844325412517,1360.6324109613574,145.60219778561034,29.12043955712207,0,0,3,32.12043955712207,no_target_in_range
883,optical_fallback,/clear,13,1005.2207578329318,1235.1239727338248,126.491106406735,25.298221281347,0,0,3,28.298221281347,no_target_in_range
884,optical_fallback,/clear,13,1190.4125829370766,1079.869382094463,241.66091947189145,48.33218389437829,0,0,3,51.33218389437829,no_target_in_range
885,optical_fallback,/clear,13,1022.4924992431891,1199.045073794733,205.91260281974013,41.182520563948025,0,0,3,44.182520563948025,no_target_in_range
886,optical_fallback,/clear,13,1075.0754315332497,1135.5231466216778,82.46211251235341,16.49242250247068,0,0,3,19.49242250247068,no_target_in_range
887,optical_fallback,/clear,13,996.5848871278031,1253.1634222033708,141.4213562373097,28.28427124746194,0,0,3,31.28427124746194,no_target_in_range
888,optical_fallback,/clear,13,1110.386622413053,1108.0801183877147,184.3908891458579,36.87817782917158,0,0,3,39.87817782917158,no_target_in_range
889,optical_fallback,/clear,13,1031.1283699483179,1181.005624325187,107.70329614269001,21.540659228538,0,0,3,24.540659228538,no_target_in_range
890,optical_fallback,/clear,13,987.9490164226745,1271.2028716729164,99.99999999999989,19.99999999999998,0,0,3,22.99999999999998,no_target_in_range
891,optical_fallback,/clear,13,1039.7642406534464,1162.966174855641,119.99999999999999,23.999999999999996,0,0,3,26.999999999999996,no_target_in_range
892,optical_fallback,/clear,13,980.0808537768346,1333.957090786683,181.1077027627484,36.22154055254968,0,0,3,39.22154055254968,no_target_in_range
893,optical_fallback,/clear,13,990.2521406005403,1405.3471806055782,72.11102550927983,14.422205101855965,0,0,3,17.422205101855965,no_target_in_range
894,optical_fallback,/clear,13,999.6557193649577,1432.0225007802526,28.284271247461792,5.656854249492358,0,0,3,8.656854249492358,no_target_in_range
895,optical_fallback,/clear,13,1083.7113022383785,1117.483697152132,325.576411921994,65.1152823843988,0,0,3,68.1152823843988,no_target_in_range
896,optical_fallback,/clear,13,979.3131457175458,1289.2423211424625,200.99751242241788,40.199502484483574,0,0,3,43.199502484483574,no_target_in_range
897,optical_fallback,/clear,13,980.848561836123,1378.6718604309035,89.44271909999158,17.888543819998315,0,0,3,20.888543819998315,no_target_in_range
898,optical_fallback,/clear,13,1009.0592981293748,1458.6978209549272,84.85281374238569,16.97056274847714,0,0,3,19.97056274847714,no_target_in_range
899,optical_fallback,/clear,13,1145.6978132928562,1080.6370901537516,401.9950248448355,80.39900496896709,0,0,3,83.39900496896709,no_target_in_range
900,optical_fallback,/clear,13,1048.400111358575,1144.9267253860953,116.6190378969061,23.323807579381217,0,0,3,26.323807579381217,no_target_in_range
901,optical_fallback,/clear,13,1172.3731334675308,1071.2335113893341,144.22205101855982,28.844410203711966,0,0,3,31.844410203711966,no_target_in_range
902,optical_fallback,/clear,13,1119.0224931181815,1090.0406689181686,56.56854249492393,11.313708498984786,0,0,3,14.313708498984786,no_target_in_range
903,optical_fallback,/clear,13,1199.0484536422055,1061.829932624917,84.85281374238582,16.970562748477164,0,0,3,19.970562748477164,no_target_in_range
904,optical_fallback,/clear,13,971.4449830717059,1351.9965402562289,368.78177829171534,73.75635565834307,0,0,3,76.75635565834307,no_target_in_range
905,optical_fallback,/clear,13,970.6772750124171,1307.2817706120086,44.72135954999556,8.944271909999113,0,0,3,11.944271909999113,no_target_in_range
906,optical_fallback,/clear,13,1057.0359820637036,1126.8872759165492,200.00000000000009,40.000000000000014,0,0,3,43.000000000000014,no_target_in_range
907,optical_fallback,/clear,13,1092.347172943507,1099.444247682586,44.72135954999606,8.944271909999213,0,0,3,11.944271909999213,no_target_in_range
908,optical_fallback,/clear,13,981.6162698954116,1423.386630075124,342.34485537247394,68.46897107449479,0,0,3,71.46897107449479,no_target_in_range
909,optical_fallback,/clear,13,972.2126911309945,1396.7113099004496,28.284271247461717,5.656854249492343,0,0,3,8.656854249492344,no_target_in_range
910,optical_fallback,/clear,13,991.019848659829,1450.0619502497984,56.568542494923506,11.3137084989847,0,0,3,14.3137084989847,no_target_in_range
911,optical_fallback,/clear,13,962.0414043072885,1325.3212200815544,128.06248474865674,25.612496949731348,0,0,3,28.612496949731348,no_target_in_range
912,optical_fallback,/clear,13,1154.3336839979847,1062.5976406842055,325.5764119219941,65.11528238439882,0,0,3,68.11528238439882,no_target_in_range
913,optical_fallback,/clear,13,1127.6583638233103,1072.0012194486228,28.284271247461753,5.65685424949235,0,0,3,8.656854249492351,no_target_in_range
914,optical_fallback,/clear,13,962.8091123665772,1370.035989725775,340.5877273185281,68.11754546370562,0,0,3,71.11754546370562,no_target_in_range
915,optical_fallback,/clear,13,1065.6718527688324,1108.8478264470034,280.7133769523639,56.142675390472775,0,0,3,59.142675390472775,no_target_in_range
916,optical_fallback,/clear,13,1181.0090041726596,1053.1940619197883,128.06248474865723,25.612496949731444,0,0,3,28.612496949731444,no_target_in_range
917,optical_fallback,/clear,13,1000.4234274242463,1476.737270424473,460.4345773288535,92.0869154657707,0,0,3,95.0869154657707,no_target_in_range
918,optical_fallback,/clear,13,1100.9830436486359,1081.40479821304,407.9215610874228,81.58431221748455,0,0,3,84.58431221748455,no_target_in_range
919,optical_fallback,/clear,13,1207.684324347334,1043.790483155371,113.13708498984744,22.627416997969487,0,0,3,25.627416997969487,no_target_in_range
920,optical_fallback,/clear,13,953.4055336021598,1343.3606695511003,392.93765408777006,78.58753081755401,0,0,3,81.58753081755401,no_target_in_range
921,optical_fallback,/clear,13,963.5768204258658,1414.7507593699952,72.11102550927963,14.422205101855926,0,0,3,17.422205101855926,no_target_in_range
922,optical_fallback,/clear,13,972.9803991902829,1441.4260795446698,28.28427124746193,5.656854249492386,0,0,3,8.656854249492387,no_target_in_range
923,optical_fallback,/clear,13,1074.307723473961,1090.8083769774573,364.96575181789314,72.99315036357862,0,0,3,75.99315036357862,no_target_in_range
924,optical_fallback,/clear,13,954.1732416614486,1388.0754391953208,320.6243908376279,64.12487816752558,0,0,3,67.12487816752558,no_target_in_range
925,optical_fallback,/clear,13,982.3839779547004,1468.1013997193445,84.85281374238569,16.97056274847714,0,0,3,19.97056274847714,no_target_in_range
926,optical_fallback,/clear,13,1136.294234528439,1053.961769979077,441.81444068749033,88.36288813749806,0,0,3,91.36288813749806,no_target_in_range
927,optical_fallback,/clear,13,1162.9695547031135,1044.5581912146597,28.284271247461966,5.656854249492393,0,0,3,8.656854249492394,no_target_in_range
928,optical_fallback,/clear,13,1109.6189143537645,1063.3653487434942,56.56854249492372,11.313708498984743,0,0,3,14.313708498984743,no_target_in_range
929,optical_fallback,/clear,13,1189.6448748777882,1035.1546124502424,84.85281374238569,16.97056274847714,0,0,3,19.97056274847714,no_target_in_range
930,optical_fallback,/clear,13,944.7696628970311,1361.4001190206463,407.921561087423,81.58431221748461,0,0,3,84.58431221748461,no_target_in_range
931,optical_fallback,/clear,13,991.7875567191176,1494.7767198940192,141.42135623730945,28.28427124746189,0,0,3,31.28427124746189,no_target_in_range
932,optical_fallback,/clear,13,1082.9435941790898,1072.7689275079115,431.7406628984581,86.34813257969162,0,0,3,89.34813257969162,no_target_in_range
933,optical_fallback,/clear,13,1216.3201950524626,1025.7510336858252,141.4213562373094,28.28427124746188,0,0,3,31.28427124746188,no_target_in_range
934,optical_fallback,/clear,13,954.9409497207371,1432.7902088395413,483.7354648979129,96.74709297958258,0,0,3,99.74709297958258,no_target_in_range
935,optical_fallback,/clear,13,945.5373709563199,1406.1148886648666,28.28427124746193,5.656854249492386,0,0,3,8.656854249492387,no_target_in_range
936,optical_fallback,/clear,13,964.3445284851543,1459.465529014216,56.568542494923896,11.313708498984779,0,0,3,14.313708498984779,no_target_in_range
937,optical_fallback,/clear,13,1144.9301052335677,1035.922320509531,460.4345773288537,92.08691546577074,0,0,3,95.08691546577074,no_target_in_range
938,optical_fallback,/clear,13,1118.254785058893,1045.3258992739482,28.284271247461966,5.656854249492393,0,0,3,8.656854249492394,no_target_in_range
939,optical_fallback,/clear,13,936.1337921919026,1379.4395684901922,380.5259518088091,76.10519036176183,0,0,3,79.10519036176183,no_target_in_range
940,optical_fallback,/clear,13,973.7481072495717,1486.1408491888903,113.13708498984748,22.627416997969497,0,0,3,25.627416997969497,no_target_in_range
941,optical_fallback,/clear,13,1171.6054254082421,1026.5187417451139,500.39984012787187,100.07996802557437,0,0,3,103.07996802557437,no_target_in_range
942,optical_fallback,/clear,13,1091.5794648842184,1054.7294780383656,84.85281374238569,16.97056274847714,0,0,3,19.97056274847714,no_target_in_range
943,optical_fallback,/clear,13,1198.2807455829168,1017.1151629806964,113.13708498984774,22.627416997969547,0,0,3,25.627416997969547,no_target_in_range
944,optical_fallback,/clear,13,983.1516860139889,1512.816169363565,540.370243444252,108.0740486888504,0,0,3,111.0740486888504,no_target_in_range
945,optical_fallback,/clear,13,936.9015002511912,1424.1543381344127,99.99999999999989,19.99999999999998,0,0,3,22.99999999999998,no_target_in_range
946,optical_fallback,/clear,13,946.3050790156085,1450.8296583090873,28.284271247461966,5.656854249492393,0,0,3,8.656854249492394,no_target_in_range
947,optical_fallback,/clear,13,927.4979214867739,1397.479017959738,56.568542494923975,11.313708498984795,0,0,3,14.313708498984795,no_target_in_range
948,optical_fallback,/clear,13,1224.9560657575914,1007.7115842162792,490.30602688525056,98.06120537705011,0,0,3,101.06120537705011,no_target_in_range
949,optical_fallback,/clear,13,955.7086577800256,1477.5049784837618,541.4794548272354,108.29589096544707,0,0,3,111.29589096544707,no_target_in_range
950,optical_fallback,/clear,13,1126.8906557640219,1027.2864498044023,481.6637831516919,96.33275663033838,0,0,3,99.33275663033838,no_target_in_range
951,optical_fallback,/clear,13,1153.5659759386963,1017.882871039985,28.284271247461753,5.65685424949235,0,0,3,8.656854249492351,no_target_in_range
952,optical_fallback,/clear,13,1100.215335589347,1036.6900285688196,56.56854249492393,11.313708498984786,0,0,3,14.313708498984786,no_target_in_range
953,optical_fallback,/clear,13,1180.2412961133707,1008.4792922755678,84.85281374238569,16.97056274847714,0,0,3,19.97056274847714,no_target_in_range
954,optical_fallback,/clear,13,965.112236544443,1504.1802986584362,540.3702434442516,108.07404868885033,0,0,3,111.07404868885033,no_target_in_range
955,optical_fallback,/clear,13,1206.9166162880456,999.0757135111505,559.9999999999999,111.99999999999997,0,0,3,114.99999999999997,no_target_in_range
956,optical_fallback,/clear,13,928.2656295460627,1442.1937876039585,523.4500931320961,104.69001862641922,0,0,3,107.69001862641922,no_target_in_range
957,optical_fallback,/clear,13,918.8620507816452,1415.518467429284,28.28427124746183,5.656854249492366,0,0,3,8.656854249492365,no_target_in_range
958,optical_fallback,/clear,13,937.6692083104798,1468.869107778633,56.56854249492355,11.31370849898471,0,0,3,14.31370849898471,no_target_in_range
959,optical_fallback,/clear,13,974.5158153088603,1530.8556188331108,72.11102550927986,14.42220510185597,0,0,3,17.422205101855972,no_target_in_range
960,optical_fallback,/clear,13,1135.5265264691504,1009.2470003348565,545.8937625582471,109.17875251164942,0,0,3,112.17875251164942,no_target_in_range
961,optical_fallback,/clear,13,1108.8512062944758,1018.6505790992737,28.284271247461966,5.656854249492393,0,0,3,8.656854249492394,no_target_in_range
962,optical_fallback,/clear,13,947.072787074897,1495.5444279533076,503.58713248056677,100.71742649611335,0,0,3,103.71742649611335,no_target_in_range
963,optical_fallback,/clear,13,1162.2018466438249,999.8434215704392,540.3702434442517,108.07404868885035,0,0,3,111.07404868885035,no_target_in_range
964,optical_fallback,/clear,13,1233.59193646272,989.6721347467333,72.11102550927986,14.42220510185597,0,0,3,17.422205101855972,no_target_in_range
965,optical_fallback,/clear,13,1188.8771668184995,990.4398428060219,44.72135954999579,8.944271909999157,0,0,3,11.944271909999157,no_target_in_range
966,optical_fallback,/clear,13,956.4763658393144,1522.2197481279823,580.3447251418762,116.06894502837524,0,0,5,121.06894502837524,success
967,discovery,/measure,1,700.0,700.0,861.292888886112,172.2585777772224,1,5,0,178.2585777772224,no_signal
968,discovery,/measure,2,700.0,700.0,0.0,0.0,1,5,0,6.0,no_signal
969,discovery,/measure,4,700.0,700.0,0.0,0.0,1,5,0,6.0,no_signal
970,discovery,/measure,5,700.0,700.0,0.0,0.0,1,5,0,6.0,no_signal
971,discovery,/measure,8,700.0,700.0,0.0,0.0,1,5,0,6.0,no_signal
972,discovery,/measure,10,700.0,700.0,0.0,0.0,1,5,0,6.0,no_signal
973,discovery,/measure,11,700.0,700.0,0.0,0.0,1,5,0,6.0,no_signal
974,discovery,/measure,12,700.0,700.0,0.0,0.0,1,5,0,6.0,no_signal
975,discovery,/measure,14,700.0,700.0,0.0,0.0,1,5,0,6.0,direction
976,discovery,/measure,15,700.0,700.0,0.0,0.0,1,5,0,6.0,no_signal
977,discovery,/measure,20,700.0,700.0,0.0,0.0,1,5,0,6.0,no_signal
978,discovery,/measure,20,700.0,0.0,700.0,140.0,0,5,0,145.0,no_signal
979,discovery,/measure,1,700.0,0.0,0.0,0.0,1,5,0,6.0,no_signal
980,discovery,/measure,2,700.0,0.0,0.0,0.0,1,5,0,6.0,no_signal
981,discovery,/measure,4,700.0,0.0,0.0,0.0,1,5,0,6.0,no_signal
982,discovery,/measure,5,700.0,0.0,0.0,0.0,1,5,0,6.0,no_signal
983,discovery,/measure,8,700.0,0.0,0.0,0.0,1,5,0,6.0,no_signal
984,discovery,/measure,10,700.0,0.0,0.0,0.0,1,5,0,6.0,no_signal
985,discovery,/measure,11,700.0,0.0,0.0,0.0,1,5,0,6.0,no_signal
986,discovery,/measure,12,700.0,0.0,0.0,0.0,1,5,0,6.0,no_signal
987,discovery,/measure,14,700.0,0.0,0.0,0.0,1,5,0,6.0,direction
988,discovery,/measure,15,700.0,0.0,0.0,0.0,1,5,0,6.0,no_signal
989,discovery,/measure,15,700.0,-700.0,700.0,140.0,0,5,0,145.0,no_signal
990,discovery,/measure,1,700.0,-700.0,0.0,0.0,1,5,0,6.0,no_signal
991,discovery,/measure,2,700.0,-700.0,0.0,0.0,1,5,0,6.0,no_signal
992,discovery,/measure,4,700.0,-700.0,0.0,0.0,1,5,0,6.0,no_signal
993,discovery,/measure,5,700.0,-700.0,0.0,0.0,1,5,0,6.0,no_signal
994,discovery,/measure,8,700.0,-700.0,0.0,0.0,1,5,0,6.0,no_signal
995,discovery,/measure,10,700.0,-700.0,0.0,0.0,1,5,0,6.0,no_signal
996,discovery,/measure,11,700.0,-700.0,0.0,0.0,1,5,0,6.0,no_signal
997,discovery,/measure,12,700.0,-700.0,0.0,0.0,1,5,0,6.0,no_signal
998,discovery,/measure,14,700.0,-700.0,0.0,0.0,1,5,0,6.0,no_signal
999,discovery,/measure,20,700.0,-700.0,0.0,0.0,1,5,0,6.0,no_signal
1000,discovery,/measure,20,0.0,-700.0,700.0,140.0,0,5,0,145.0,no_signal
1001,discovery,/measure,1,0.0,-700.0,0.0,0.0,1,5,0,6.0,no_signal
1002,discovery,/measure,2,0.0,-700.0,0.0,0.0,1,5,0,6.0,no_signal
1003,discovery,/measure,4,0.0,-700.0,0.0,0.0,1,5,0,6.0,no_signal
1004,discovery,/measure,5,0.0,-700.0,0.0,0.0,1,5,0,6.0,no_signal
1005,discovery,/measure,8,0.0,-700.0,0.0,0.0,1,5,0,6.0,no_signal
1006,discovery,/measure,10,0.0,-700.0,0.0,0.0,1,5,0,6.0,no_signal
1007,discovery,/measure,11,0.0,-700.0,0.0,0.0,1,5,0,6.0,no_signal
1008,discovery,/measure,12,0.0,-700.0,0.0,0.0,1,5,0,6.0,no_signal
1009,discovery,/measure,14,0.0,-700.0,0.0,0.0,1,5,0,6.0,no_signal
1010,discovery,/measure,15,0.0,-700.0,0.0,0.0,1,5,0,6.0,no_signal
1011,discovery,/measure,15,0.0,-1400.0,700.0,140.0,0,5,0,145.0,no_signal
1012,discovery,/measure,1,0.0,-1400.0,0.0,0.0,1,5,0,6.0,no_signal
1013,discovery,/measure,2,0.0,-1400.0,0.0,0.0,1,5,0,6.0,no_signal
1014,discovery,/measure,4,0.0,-1400.0,0.0,0.0,1,5,0,6.0,no_signal
1015,discovery,/measure,5,0.0,-1400.0,0.0,0.0,1,5,0,6.0,no_signal
1016,discovery,/measure,8,0.0,-1400.0,0.0,0.0,1,5,0,6.0,no_signal
1017,discovery,/measure,10,0.0,-1400.0,0.0,0.0,1,5,0,6.0,no_signal
1018,discovery,/measure,11,0.0,-1400.0,0.0,0.0,1,5,0,6.0,no_signal
1019,discovery,/measure,12,0.0,-1400.0,0.0,0.0,1,5,0,6.0,no_signal
1020,discovery,/measure,14,0.0,-1400.0,0.0,0.0,1,5,0,6.0,no_signal
1021,discovery,/measure,20,0.0,-1400.0,0.0,0.0,1,5,0,6.0,no_signal
1022,optical_fallback,/clear,10,94.3403532258086,-1601.8426569901394,222.80161675268295,44.56032335053659,0,0,3,47.56032335053659,no_target_in_range
1023,optical_fallback,/clear,10,112.30086366036983,-1593.0437897374745,20.00000000000003,4.000000000000005,0,0,3,7.000000000000005,no_target_in_range
1024,optical_fallback,/clear,10,76.37984279124748,-1610.6415242428045,40.00000000000006,8.00000000000001,0,0,3,11.00000000000001,no_target_in_range
1025,optical_fallback,/clear,10,130.26137409493094,-1584.2449224848096,59.99999999999998,11.999999999999996,0,0,3,14.999999999999996,no_target_in_range
1026,optical_fallback,/clear,10,58.419332356686255,-1619.4403914954694,80.00000000000001,16.000000000000004,0,0,3,19.000000000000004,no_target_in_range
1027,optical_fallback,/clear,10,148.22188452949212,-1575.4460552321448,99.99999999999999,19.999999999999996,0,0,3,22.999999999999996,no_target_in_range
1028,optical_fallback,/clear,10,40.45882192212514,-1628.2392587481343,119.99999999999991,23.999999999999982,0,0,3,26.999999999999982,no_target_in_range
1029,optical_fallback,/clear,10,166.1823949640533,-1566.64718797948,139.9999999999999,27.99999999999998,0,0,3,30.99999999999998,no_target_in_range
1030,optical_fallback,/clear,10,22.49831148756391,-1637.0381260007991,159.99999999999994,31.99999999999999,0,0,3,34.999999999999986,no_target_in_range
1031,optical_fallback,/clear,10,184.14290539861446,-1557.8483207268148,180.0,36.0,0,0,3,39.0,no_target_in_range
1032,optical_fallback,/clear,10,103.13922047847359,-1619.8031674247009,101.98039027185581,20.396078054371163,0,0,3,23.396078054371163,no_target_in_range
1033,optical_fallback,/clear,10,121.09973091303482,-1611.0043001720358,20.000000000000128,4.000000000000026,0,0,3,7.000000000000026,no_target_in_range
1034,optical_fallback,/clear,10,85.17871004391247,-1628.6020346773657,40.00000000000006,8.00000000000001,0,0,3,11.00000000000001,no_target_in_range
1035,optical_fallback,/clear,10,139.06024134759593,-1602.2054329193709,59.99999999999998,11.999999999999996,0,0,3,14.999999999999996,no_target_in_range
1036,optical_fallback,/clear,10,4.537801053002795,-1645.8369932534642,141.4213562373095,28.284271247461902,0,0,3,31.284271247461902,no_target_in_range
1037,optical_fallback,/clear,10,67.21819960935125,-1637.4009019300306,63.24555320336759,12.649110640673518,0,0,3,15.649110640673518,no_target_in_range
1038,optical_fallback,/clear,10,157.0207517821571,-1593.406565666706,99.99999999999999,19.999999999999996,0,0,3,22.999999999999996,no_target_in_range
1039,optical_fallback,/clear,10,49.25768917479013,-1646.1997691826955,119.99999999999991,23.999999999999982,0,0,3,26.999999999999982,no_target_in_range
1040,optical_fallback,/clear,10,202.10341583317563,-1549.04945347415,181.10770276274826,36.221540552549655,0,0,3,39.221540552549655,no_target_in_range
1041,optical_fallback,/clear,10,174.98126221671828,-1584.607698414041,44.72135954999572,8.944271909999143,0,0,3,11.944271909999143,no_target_in_range
1042,optical_fallback,/clear,10,-13.422709381558434,-1654.6358605061291,200.9975124224179,40.19950248448358,0,0,3,43.19950248448358,no_target_in_range
1043,optical_fallback,/clear,10,31.2971787402289,-1654.9986364353604,44.72135954999585,8.94427190999917,0,0,3,11.94427190999917,no_target_in_range
1044,optical_fallback,/clear,10,220.0639262677368,-1540.250586221485,220.90722034374514,44.18144406874903,0,0,3,47.18144406874903,no_target_in_range
1045,optical_fallback,/clear,10,192.94177265127945,-1575.808831161376,44.72135954999572,8.944271909999143,0,0,3,11.944271909999143,no_target_in_range
1046,optical_fallback,/clear,10,111.93808773113847,-1637.7636778592619,101.98039027185575,20.396078054371152,0,0,3,23.396078054371152,no_target_in_range
1047,optical_fallback,/clear,10,129.8985981656997,-1628.9648106065968,20.000000000000128,4.000000000000026,0,0,3,7.000000000000026,no_target_in_range
1048,optical_fallback,/clear,10,93.97757729657735,-1646.5625451119267,40.00000000000006,8.00000000000001,0,0,3,11.00000000000001,no_target_in_range
1049,optical_fallback,/clear,10,13.336668305667786,-1663.7975036880252,82.46211251235316,16.49242250247063,0,0,3,19.49242250247063,no_target_in_range
1050,optical_fallback,/clear,10,147.8591086002608,-1620.1659433539319,141.42135623730942,28.284271247461884,0,0,3,31.284271247461884,no_target_in_range
1051,optical_fallback,/clear,10,-31.38321981611955,-1663.434727758794,184.39088914585773,36.87817782917155,0,0,3,39.87817782917155,no_target_in_range
1052,optical_fallback,/clear,10,76.01706686201612,-1655.3614123645916,107.70329614269005,21.54065922853801,0,0,3,24.54065922853801,no_target_in_range
1053,optical_fallback,/clear,10,165.81961903482198,-1611.367076101267,99.99999999999999,19.999999999999996,0,0,3,22.999999999999996,no_target_in_range
1054,optical_fallback,/clear,10,210.90228308584062,-1567.0099639087111,63.24555320336756,12.649110640673511,0,0,3,15.649110640673511,no_target_in_range
1055,optical_fallback,/clear,10,58.05655642745501,-1664.1602796172565,181.10770276274823,36.22154055254965,0,0,3,39.22154055254965,no_target_in_range
1056,optical_fallback,/clear,10,238.02443670229798,-1531.45171896882,223.6067977499789,44.72135954999578,0,0,3,47.72135954999578,no_target_in_range
1057,optical_fallback,/clear,10,-4.623842128893443,-1672.5963709406903,280.71337695236406,56.14267539047281,0,0,3,59.14267539047281,no_target_in_range
1058,optical_fallback,/clear,10,183.78012946938316,-1602.568208848602,200.99751242241788,40.199502484483574,0,0,3,43.199502484483574,no_target_in_range
1059,optical_fallback,/clear,10,40.09604599289378,-1672.9591468699214,160.00000000000003,32.00000000000001,0,0,3,35.00000000000001,no_target_in_range
1060,optical_fallback,/clear,10,-49.34373025068078,-1672.2335950114589,89.44271909999159,17.88854381999832,0,0,3,20.88854381999832,no_target_in_range
1061,optical_fallback,/clear,10,228.8627935204018,-1558.2110966560463,300.66592756745814,60.133185513491625,0,0,3,63.133185513491625,no_target_in_range
1062,optical_fallback,/clear,10,201.74063990394433,-1593.769341595937,44.721359549995604,8.94427190999912,0,0,3,11.94427190999912,no_target_in_range
1063,optical_fallback,/clear,10,-22.58435256345456,-1681.3952381933552,240.8318915758459,48.16637831516918,0,0,3,51.16637831516918,no_target_in_range
1064,optical_fallback,/clear,10,22.135535558332663,-1681.7580141225862,44.72135954999574,8.944271909999149,0,0,3,11.944271909999149,no_target_in_range
1065,optical_fallback,/clear,10,120.73695498380346,-1655.7241882938229,101.98039027185568,20.396078054371138,0,0,3,23.396078054371138,no_target_in_range
1066,optical_fallback,/clear,10,138.6974654183647,-1646.925321041158,20.00000000000003,4.000000000000005,0,0,3,7.000000000000005,no_target_in_range
1067,optical_fallback,/clear,10,102.77644454924234,-1664.523055546488,40.00000000000006,8.00000000000001,0,0,3,11.00000000000001,no_target_in_range
1068,optical_fallback,/clear,10,255.98494713685915,-1522.652851716155,208.806130178211,41.761226035642196,0,0,3,44.761226035642196,no_target_in_range
1069,optical_fallback,/clear,10,156.6579758529258,-1638.126453788493,152.31546211727814,30.463092423455628,0,0,3,33.46309242345563,no_target_in_range
1070,optical_fallback,/clear,10,84.81593411468111,-1673.3219227991528,80.00000000000001,16.000000000000004,0,0,3,19.000000000000004,no_target_in_range
1071,optical_fallback,/clear,10,219.7011503385055,-1584.9704743432721,161.245154965971,32.249030993194204,0,0,3,35.249030993194204,no_target_in_range
1072,optical_fallback,/clear,10,174.61848628748697,-1629.3275865358282,63.245553203367635,12.649110640673527,0,0,3,15.649110640673527,no_target_in_range
1073,optical_fallback,/clear,10,246.82330395496297,-1549.4122294033814,107.70329614268996,21.540659228537994,0,0,3,24.540659228537994,no_target_in_range
1074,optical_fallback,/clear,10,-67.3042406852419,-1681.0324622641238,340.5877273185279,68.11754546370558,0,0,3,71.11754546370558,no_target_in_range
1075,optical_fallback,/clear,10,66.85542368012,-1682.1207900518177,134.16407864998746,26.832815729997492,0,0,3,29.832815729997492,no_target_in_range
1076,optical_fallback,/clear,10,4.175025123771434,-1690.5568813752514,63.245553203367706,12.649110640673541,0,0,3,15.649110640673541,no_target_in_range
1077,optical_fallback,/clear,10,192.57899672204815,-1620.5287192831634,200.99751242241783,40.19950248448357,0,0,3,43.19950248448357,no_target_in_range
1078,optical_fallback,/clear,10,-40.54486299801579,-1690.19410544602,243.3105012119288,48.66210024238576,0,0,3,51.66210024238576,no_target_in_range
1079,optical_fallback,/clear,10,48.89491324555877,-1690.9196573044826,89.44271909999159,17.88854381999832,0,0,3,20.88854381999832,no_target_in_range
1080,optical_fallback,/clear,10,237.66166077306667,-1576.1716070906073,220.90722034374514,44.18144406874903,0,0,3,47.18144406874903,no_target_in_range
1081,optical_fallback,/clear,10,273.9454575714203,-1513.8539844634902,72.11102550927974,14.422205101855948,0,0,3,17.422205101855948,no_target_in_range
1082,optical_fallback,/clear,10,210.53950715660932,-1611.7298520304983,116.6190378969059,23.323807579381178,0,0,3,26.323807579381178,no_target_in_range
1083,optical_fallback,/clear,10,-13.785485310789682,-1699.3557486279162,240.8318915758459,48.16637831516918,0,0,3,51.16637831516918,no_target_in_range
1084,optical_fallback,/clear,10,264.78381438952414,-1540.6133621507163,320.6243908376279,64.12487816752558,0,0,3,67.12487816752558,no_target_in_range
1085,optical_fallback,/clear,10,30.934402810997653,-1699.7185245571477,282.842712474619,56.568542494923804,0,0,3,59.568542494923804,no_target_in_range
1086,optical_fallback,/clear,10,-85.26475111980312,-1689.8313295167889,116.61903789690614,23.323807579381228,0,0,3,26.323807579381228,no_target_in_range
1087,optical_fallback,/clear,10,129.53582223646833,-1673.6846987283843,215.40659228538019,43.08131845707604,0,0,3,46.08131845707604,no_target_in_range
1088,optical_fallback,/clear,10,147.49633267102956,-1664.8858314757192,20.000000000000128,4.000000000000026,0,0,3,7.000000000000026,no_target_in_range
1089,optical_fallback,/clear,10,111.57531180190722,-1682.4835659810492,40.00000000000006,8.00000000000001,0,0,3,11.00000000000001,no_target_in_range
1090,optical_fallback,/clear,10,-58.5053734325769,-1698.9929726986852,170.8800749063506,34.176014981270114,0,0,3,37.176014981270114,no_target_in_range
1091,optical_fallback,/clear,10,165.45684310559068,-1656.0869642230543,228.03508501982753,45.60701700396551,0,0,3,48.60701700396551,no_target_in_range
1092,optical_fallback,/clear,10,255.62217120762784,-1567.3727398379424,126.49110640673518,25.298221281347036,0,0,3,28.298221281347036,no_target_in_range
1093,optical_fallback,/clear,10,228.5000175911705,-1602.9309847778334,44.72135954999572,8.944271909999143,0,0,3,11.944271909999143,no_target_in_range
1094,optical_fallback,/clear,10,93.61480136734599,-1691.282433233714,161.2451549659711,32.24903099319422,0,0,3,35.24903099319422,no_target_in_range
1095,optical_fallback,/clear,10,183.41735354015185,-1647.2880969703895,99.99999999999999,19.999999999999996,0,0,3,22.999999999999996,no_target_in_range
1096,optical_fallback,/clear,10,12.973892376436424,-1708.5173918098126,181.10770276274826,36.221540552549655,0,0,3,39.221540552549655,no_target_in_range
1097,optical_fallback,/clear,10,75.65429093278487,-1700.081300486379,63.24555320336759,12.649110640673518,0,0,3,15.649110640673518,no_target_in_range
1098,optical_fallback,/clear,10,-31.74599574535091,-1708.154615880581,107.70329614269014,21.540659228538026,0,0,3,24.540659228538026,no_target_in_range
1099,optical_fallback,/clear,10,291.9059680059815,-1505.0551172108253,382.0994634908559,76.41989269817118,0,0,3,79.41989269817118,no_target_in_range
1100,optical_fallback,/clear,10,282.7443248240853,-1531.8144948980514,28.284271247461884,5.656854249492377,0,0,3,8.656854249492376,no_target_in_range
1101,optical_fallback,/clear,10,201.37786397471302,-1638.4892297177244,134.1640786499873,26.832815729997456,0,0,3,29.832815729997456,no_target_in_range
1102,optical_fallback,/clear,10,246.46052802573166,-1594.1321175251685,63.24555320336756,12.649110640673511,0,0,3,15.649110640673511,no_target_in_range
1103,optical_fallback,/clear,10,57.693780498223646,-1708.8801677390438,220.90722034374525,44.18144406874905,0,0,3,47.18144406874905,no_target_in_range
1104,optical_fallback,/clear,10,-103.22526155436424,-1698.6301967694537,161.24515496597095,32.24903099319419,0,0,3,35.24903099319419,no_target_in_range
1105,optical_fallback,/clear,10,273.582681642189,-1558.5738725852773,401.99502484483565,80.39900496896713,0,0,3,83.39900496896713,no_target_in_range
1106,optical_fallback,/clear,10,-76.46588386713813,-1707.79183995135,380.52595180880905,76.10519036176181,0,0,3,79.10519036176181,no_target_in_range
1107,optical_fallback,/clear,10,-4.986618058124691,-1717.3162590624775,72.11102550927983,14.422205101855965,0,0,3,17.422205101855965,no_target_in_range
1108,optical_fallback,/clear,10,219.3383744092742,-1629.6903624650595,240.83189157584582,48.16637831516916,0,0,3,51.16637831516916,no_target_in_range
1109,optical_fallback,/clear,10,39.73327006366253,-1717.6790349917087,199.99999999999991,39.999999999999986,0,0,3,42.999999999999986,no_target_in_range
1110,optical_fallback,/clear,10,-49.706506179912026,-1716.9534831332462,89.44271909999159,17.88854381999832,0,0,3,20.88854381999832,no_target_in_range
1111,optical_fallback,/clear,10,138.33468948913332,-1691.6452091629453,189.73665961010278,37.94733192202055,0,0,3,40.94733192202055,no_target_in_range
1112,optical_fallback,/clear,10,264.42103846029283,-1585.3332502725034,164.92422502470652,32.984845004941306,0,0,3,35.984845004941306,no_target_in_range
1113,optical_fallback,/clear,10,156.29519992369455,-1682.8463419102802,145.60219778561031,29.12043955712206,0,0,3,32.12043955712206,no_target_in_range
1114,optical_fallback,/clear,10,120.37417905457221,-1700.4440764156102,40.00000000000006,8.00000000000001,0,0,3,11.00000000000001,no_target_in_range
1115,optical_fallback,/clear,10,237.29888484383537,-1620.8914952123946,141.42135623730937,28.284271247461874,0,0,3,31.284271247461874,no_target_in_range
1116,optical_fallback,/clear,10,309.86647844054266,-1496.2562499581604,144.22205101855948,28.844410203711895,0,0,3,31.844410203711895,no_target_in_range
1117,optical_fallback,/clear,10,174.25571035825567,-1674.0474746576153,223.60679774997874,44.721359549995746,0,0,3,47.721359549995746,no_target_in_range
1118,optical_fallback,/clear,10,300.7048352586465,-1523.0156276453865,196.97715603592192,39.39543120718439,0,0,3,42.39543120718439,no_target_in_range
1119,optical_fallback,/clear,10,102.41366862001098,-1709.242943668275,272.0294101747087,54.40588203494174,0,0,3,57.40588203494174,no_target_in_range
1120,optical_fallback,/clear,10,-22.94712849268592,-1726.1151263151423,126.49110640673518,25.298221281347036,0,0,3,28.298221281347036,no_target_in_range
1121,optical_fallback,/clear,10,21.7727596291013,-1726.4779022443738,44.721359549995746,8.944271909999149,0,0,3,11.944271909999149,no_target_in_range
1122,optical_fallback,/clear,10,192.21622079281684,-1665.2486074049505,181.10770276274846,36.22154055254969,0,0,3,39.22154055254969,no_target_in_range
1123,optical_fallback,/clear,10,291.5431920767502,-1549.7750053326124,152.31546211727814,30.463092423455628,0,0,3,33.46309242345563,no_target_in_range
1124,optical_fallback,/clear,10,84.45315818544987,-1718.04181092094,266.8332812825265,53.3666562565053,0,0,3,56.3666562565053,no_target_in_range
1125,optical_fallback,/clear,10,-94.42639430169925,-1716.590707204015,178.88543819998318,35.77708763999664,0,0,3,38.77708763999664,no_target_in_range
1126,optical_fallback,/clear,10,-121.18577198892547,-1707.4290640221186,28.28427124746205,5.65685424949241,0,0,3,8.65685424949241,no_target_in_range
1127,optical_fallback,/clear,10,210.176731227378,-1656.4497401522854,335.2610922848043,67.05221845696086,0,0,3,70.05221845696086,no_target_in_range
1128,optical_fallback,/clear,10,255.25939527839654,-1612.0926279597297,63.245553203367315,12.649110640673463,0,0,3,15.649110640673463,no_target_in_range
1129,optical_fallback,/clear,10,-67.66701661447325,-1725.752350385911,342.3448553724738,68.46897107449476,0,0,3,71.46897107449476,no_target_in_range
1130,optical_fallback,/clear,10,282.381548894854,-1576.5343830198385,380.52595180880905,76.10519036176181,0,0,3,79.10519036176181,no_target_in_range
1131,optical_fallback,/clear,10,66.49264775088864,-1726.8406781736048,263.05892875931806,52.611785751863614,0,0,3,55.611785751863614,no_target_in_range
1132,optical_fallback,/clear,10,3.812249194540186,-1735.2767694970387,63.24555320336763,12.649110640673525,0,0,3,15.649110640673525,no_target_in_range
1133,optical_fallback,/clear,10,228.13724166193919,-1647.6508728996205,240.831891575846,48.1663783151692,0,0,3,51.1663783151692,no_target_in_range
1134,optical_fallback,/clear,10,-40.907638927247035,-1734.9139935678072,282.84271247461896,56.56854249492379,0,0,3,59.56854249492379,no_target_in_range
1135,optical_fallback,/clear,10,318.66534569320766,-1514.2167603927214,421.9004621945797,84.38009243891594,0,0,3,87.38009243891594,no_target_in_range
1136,optical_fallback,/clear,10,48.53213731632752,-1735.6395454262697,349.28498393145946,69.85699678629189,0,0,3,72.85699678629189,no_target_in_range
1137,optical_fallback,/clear,10,327.82698887510384,-1487.4573827054953,373.6308338453878,74.72616676907757,0,0,3,77.72616676907757,no_target_in_range
1138,optical_fallback,/clear,10,309.50370251131136,-1540.9761380799475,56.56854249492381,11.313708498984763,0,0,3,14.313708498984763,no_target_in_range
1139,optical_fallback,/clear,10,273.2199057129577,-1603.2937607070648,72.11102550927994,14.422205101855988,0,0,3,17.422205101855987,no_target_in_range
1140,optical_fallback,/clear,10,246.09775209650036,-1638.8520056469556,44.72135954999554,8.944271909999108,0,0,3,11.944271909999108,no_target_in_range
1141,optical_fallback,/clear,10,300.3420593294152,-1567.7355157671736,89.4427190999915,17.8885438199983,0,0,3,20.8885438199983,no_target_in_range
1142,optical_fallback,/clear,10,-112.38690473626048,-1725.3895744566798,441.8144406874905,88.3628881374981,0,0,3,91.3628881374981,no_target_in_range
1143,optical_fallback,/clear,10,-14.148261240021043,-1744.0756367497036,99.99999999999994,19.99999999999999,0,0,3,22.99999999999999,no_target_in_range
1144,optical_fallback,/clear,10,-85.62752704903437,-1734.551217638576,72.11102550927974,14.422205101855948,0,0,3,17.422205101855948,no_target_in_range
1145,optical_fallback,/clear,10,-139.14628242348658,-1716.2279312747837,56.56854249492373,11.313708498984747,0,0,3,14.313708498984747,no_target_in_range
1146,optical_fallback,/clear,10,30.571626881766292,-1744.4384126789348,172.04650534085252,34.40930106817051,0,0,3,37.40930106817051,no_target_in_range
1147,optical_fallback,/clear,10,-58.868149361808264,-1743.7128608204723,89.44271909999159,17.88854381999832,0,0,3,20.88854381999832,no_target_in_range
1148,optical_fallback,/clear,10,291.1804161475189,-1594.4948934543997,380.52595180880894,76.10519036176179,0,0,3,79.10519036176179,no_target_in_range
1149,optical_fallback,/clear,10,264.05826253106153,-1630.0531383942907,44.72135954999572,8.944271909999143,0,0,3,11.944271909999143,no_target_in_range
1150,optical_fallback,/clear,10,336.6258561277688,-1505.4178931400565,144.22205101855948,28.844410203711895,0,0,3,31.844410203711895,no_target_in_range
1151,optical_fallback,/clear,10,327.46421294587253,-1532.1772708272824,28.284271247461707,5.6568542494923415,0,0,3,8.65685424949234,no_target_in_range
1152,optical_fallback,/clear,10,12.611116447205177,-1753.2372799315997,384.70768123342685,76.94153624668537,0,0,3,79.94153624668537,no_target_in_range
1153,optical_fallback,/clear,10,-32.10877167458216,-1752.8745040023687,44.72135954999585,8.94427190999917,0,0,3,11.94427190999917,no_target_in_range
1154,optical_fallback,/clear,10,345.787499309665,-1478.6585154528304,466.90470119715013,93.38094023943003,0,0,3,96.38094023943003,no_target_in_range
1155,optical_fallback,/clear,10,318.30256976397635,-1558.9366485145088,84.85281374238569,16.97056274847714,0,0,3,19.97056274847714,no_target_in_range
1156,optical_fallback,/clear,10,282.0187729656227,-1621.2542711416258,72.11102550927974,14.422205101855948,0,0,3,17.422205101855948,no_target_in_range
1157,optical_fallback,/clear,10,-103.5880374835956,-1743.3500848912408,404.47496832313374,80.89499366462675,0,0,3,83.89499366462675,no_target_in_range
1158,optical_fallback,/clear,10,-130.3474151708216,-1734.1884417093447,28.28427124746176,5.656854249492352,0,0,3,8.656854249492351,no_target_in_range
1159,optical_fallback,/clear,10,309.14092658208006,-1585.6960262017349,463.896540189728,92.7793080379456,0,0,3,95.7793080379456,no_target_in_range
1160,optical_fallback,/clear,10,-76.82865979636938,-1752.5117280731372,420.4759208325727,84.09518416651454,0,0,3,87.09518416651454,no_target_in_range
1161,optical_fallback,/clear,10,-157.1067928580478,-1725.0267985274486,84.85281374238578,16.970562748477157,0,0,3,19.970562748477157,no_target_in_range
1162,optical_fallback,/clear,10,-5.349393987356052,-1762.0361471842646,156.2049935181331,31.240998703626623,0,0,3,34.24099870362662,no_target_in_range
1163,optical_fallback,/clear,10,-50.06928210914339,-1761.6733712550335,44.72135954999585,8.94427190999917,0,0,3,11.94427190999917,no_target_in_range
1164,optical_fallback,/clear,10,345.4247233804337,-1523.3784035746176,461.735855224608,92.3471710449216,0,0,3,95.3471710449216,no_target_in_range
1165,optical_fallback,/clear,10,354.58636656233,-1496.6190258873917,28.284271247461707,5.6568542494923415,0,0,3,8.65685424949234,no_target_in_range
1166,optical_fallback,/clear,10,299.9792834001839,-1612.4554038889607,128.06248474865674,25.612496949731348,0,0,3,28.612496949731348,no_target_in_range
1167,optical_fallback,/clear,10,336.2630801985375,-1550.1377812618439,72.11102550927956,14.422205101855912,0,0,3,17.422205101855912,no_target_in_range
1168,optical_fallback,/clear,10,363.7480097442262,-1469.8596482001656,84.85281374238569,16.97056274847714,0,0,3,19.97056274847714,no_target_in_range
1169,optical_fallback,/clear,10,-23.309904421917167,-1770.8350144369297,490.3060268852504,98.06120537705007,0,0,3,101.06120537705007,no_target_in_range
1170,optical_fallback,/clear,10,327.1014370166412,-1576.89715894907,400.4996878900156,80.09993757800312,0,0,3,83.09993757800312,no_target_in_range
1171,optical_fallback,/clear,10,-121.54854791815671,-1752.1489521439057,481.6637831516917,96.33275663033834,0,0,3,99.33275663033834,no_target_in_range
1172,optical_fallback,/clear,10,-94.78917023093061,-1761.310595325802,28.28427124746194,5.656854249492389,0,0,3,8.656854249492389,no_target_in_range
1173,optical_fallback,/clear,10,-148.30792560538282,-1742.9873089620098,56.56854249492373,11.313708498984747,0,0,3,14.313708498984747,no_target_in_range
1174,optical_fallback,/clear,10,-68.0297925437045,-1770.4722385076984,84.85281374238568,16.970562748477136,0,0,3,19.970562748477136,no_target_in_range
1175,optical_fallback,/clear,10,-175.06730329260893,-1733.8256657801135,113.13708498984762,22.627416997969526,0,0,3,25.627416997969526,no_target_in_range
1176,optical_fallback,/clear,10,317.93979383474505,-1603.6565366362959,509.90195135927854,101.98039027185571,0,0,3,104.98039027185571,no_target_in_range
1177,optical_fallback,/clear,10,363.3852338149949,-1514.5795363219527,99.99999999999994,19.99999999999999,0,0,3,22.99999999999999,no_target_in_range
1178,optical_fallback,/clear,10,354.2235906330987,-1541.3389140091788,28.284271247461884,5.656854249492377,0,0,3,8.656854249492376,no_target_in_range
1179,optical_fallback,/clear,10,-41.270414856478396,-1779.6338816895945,461.73585522460786,92.34717104492157,0,0,3,95.34717104492157,no_target_in_range
1180,optical_fallback,/clear,10,372.54687699689117,-1487.8201586347268,506.3595560468864,101.27191120937728,0,0,3,104.27191120937728,no_target_in_range
1181,optical_fallback,/clear,10,345.0619474512024,-1568.0982916964049,84.85281374238552,16.970562748477104,0,0,3,19.970562748477104,no_target_in_range
1182,optical_fallback,/clear,10,381.70852017878735,-1461.0607809475007,113.13708498984741,22.627416997969483,0,0,3,25.627416997969483,no_target_in_range
1183,optical_fallback,/clear,10,-112.74968066549172,-1770.1094625784672,583.0951894845299,116.61903789690598,0,0,3,119.61903789690598,no_target_in_range
1184,optical_fallback,/clear,10,-139.50905835271794,-1760.9478193965708,28.28427124746205,5.65685424949241,0,0,3,8.65685424949241,no_target_in_range
1185,optical_fallback,/clear,10,335.9003042693062,-1594.857669383631,503.587132480567,100.7174264961134,0,0,3,103.7174264961134,no_target_in_range
1186,optical_fallback,/clear,10,-85.99030297826573,-1779.2711057603633,460.4345773288536,92.08691546577072,0,0,3,95.08691546577072,no_target_in_range
1187,optical_fallback,/clear,10,-166.26843603994394,-1751.7861762146747,84.85281374238556,16.970562748477114,0,0,3,19.970562748477114,no_target_in_range
1188,optical_fallback,/clear,10,-59.23092529103951,-1788.4327489422594,113.13708498984754,22.627416997969508,0,0,3,25.627416997969508,no_target_in_range
1189,optical_fallback,/clear,10,-193.02781372717016,-1742.6245330327783,141.4213562373096,28.28427124746192,0,0,3,31.28427124746192,no_target_in_range
1190,optical_fallback,/clear,10,372.18410106765987,-1532.540046756514,602.9925372672535,120.59850745345071,0,0,3,123.59850745345071,no_target_in_range
1191,optical_fallback,/clear,10,381.34574424955605,-1505.7806690692878,28.284271247461884,5.656854249492377,0,0,3,8.656854249492376,no_target_in_range
1192,optical_fallback,/clear,10,363.0224578857636,-1559.29942444374,56.56854249492381,11.313708498984763,0,0,3,14.313708498984763,no_target_in_range
1193,optical_fallback,/clear,10,390.50738743145234,-1479.021291382062,84.85281374238552,16.970562748477104,0,0,3,19.970562748477104,no_target_in_range
1194,optical_fallback,/clear,10,353.8608147038674,-1586.058802130966,113.1370849898472,22.62741699796944,0,0,3,25.62741699796944,no_target_in_range
1195,optical_fallback,/clear,10,-130.71019110005295,-1778.908329831132,521.5361924162121,104.30723848324241,0,0,3,107.30723848324241,no_target_in_range
1196,optical_fallback,/clear,10,-103.95081341282685,-1788.0699730130282,28.284271247461866,5.6568542494923735,0,0,3,8.656854249492373,no_target_in_range
1197,optical_fallback,/clear,10,-157.46956878727906,-1769.7466866492357,56.56854249492381,11.313708498984763,0,0,3,14.313708498984763,no_target_in_range
1198,optical_fallback,/clear,10,399.66903061334847,-1452.2619136948356,641.2487816752558,128.24975633505116,0,0,3,131.24975633505116,no_target_in_range
1199,optical_fallback,/clear,10,-77.19143572560074,-1797.2316161949243,588.5575587824864,117.71151175649727,0,0,3,120.71151175649727,no_target_in_range
1200,optical_fallback,/clear,10,-184.22894647450516,-1760.5850434673396,113.13708498984754,22.627416997969508,0,0,3,25.627416997969508,no_target_in_range
1201,optical_fallback,/clear,10,390.14461150222104,-1523.741179503849,621.2889826803628,124.25779653607256,0,0,3,127.25779653607256,no_target_in_range
1202,optical_fallback,/clear,10,380.98296832032474,-1550.5005571910751,28.284271247461923,5.656854249492385,0,0,3,8.656854249492385,no_target_in_range
1203,optical_fallback,/clear,10,399.3062546841172,-1496.981801816623,56.56854249492381,11.313708498984763,0,0,3,14.313708498984763,no_target_in_range
1204,optical_fallback,/clear,10,371.82132513842856,-1577.259934878301,84.85281374238548,16.970562748477096,0,0,3,19.970562748477096,no_target_in_range
1205,optical_fallback,/clear,10,408.46789786601346,-1470.2224241293968,113.13708498984738,22.627416997969476,0,0,3,25.627416997969476,no_target_in_range
1206,optical_fallback,/clear,10,-121.91132384738808,-1796.8688402656933,622.8964600958975,124.5792920191795,0,0,3,127.5792920191795,no_target_in_range
1207,optical_fallback,/clear,10,-148.67070153461407,-1787.707197083797,28.284271247461835,5.656854249492367,0,0,5,10.656854249492367,success
1208,discovery,/measure,20,0.0,-2100.0,345.87537097638614,69.17507419527723,0,5,0,74.17507419527723,direction
1209,discovery,/measure,1,0.0,-2100.0,0.0,0.0,1,5,0,6.0,no_signal
1210,discovery,/measure,2,0.0,-2100.0,0.0,0.0,1,5,0,6.0,no_signal
1211,discovery,/measure,4,0.0,-2100.0,0.0,0.0,1,5,0,6.0,no_signal
1212,discovery,/measure,5,0.0,-2100.0,0.0,0.0,1,5,0,6.0,no_signal
1213,discovery,/measure,8,0.0,-2100.0,0.0,0.0,1,5,0,6.0,no_signal
1214,discovery,/measure,11,0.0,-2100.0,0.0,0.0,1,5,0,6.0,no_signal
1215,discovery,/measure,12,0.0,-2100.0,0.0,0.0,1,5,0,6.0,no_signal
1216,discovery,/measure,14,0.0,-2100.0,0.0,0.0,1,5,0,6.0,no_signal
1217,discovery,/measure,15,0.0,-2100.0,0.0,0.0,1,5,0,6.0,no_signal
1218,discovery,/measure,15,700.0,-2100.0,700.0,140.0,0,5,0,145.0,no_signal
1219,discovery,/measure,1,700.0,-2100.0,0.0,0.0,1,5,0,6.0,no_signal
1220,discovery,/measure,2,700.0,-2100.0,0.0,0.0,1,5,0,6.0,no_signal
1221,discovery,/measure,4,700.0,-2100.0,0.0,0.0,1,5,0,6.0,no_signal
1222,discovery,/measure,5,700.0,-2100.0,0.0,0.0,1,5,0,6.0,no_signal
1223,discovery,/measure,8,700.0,-2100.0,0.0,0.0,1,5,0,6.0,no_signal
1224,discovery,/measure,11,700.0,-2100.0,0.0,0.0,1,5,0,6.0,no_signal
1225,discovery,/measure,12,700.0,-2100.0,0.0,0.0,1,5,0,6.0,no_signal
1226,discovery,/measure,14,700.0,-2100.0,0.0,0.0,1,5,0,6.0,no_signal
1227,discovery,/measure,20,700.0,-2100.0,0.0,0.0,1,5,0,6.0,direction
1228,active_localization,/measure,20,928.5773603727221,-1567.2520768561676,579.7136873397316,115.94273746794632,0,5,0,120.94273746794632,direction
1229,certified_clear,/clear,20,890.5462141699663,-1564.5296289641456,38.128464485475384,7.625692897095076,0,0,5,12.625692897095076,success
1230,discovery,/measure,1,700.0,-1400.0,251.74959491841508,50.34991898368302,1,5,0,56.34991898368302,no_signal
1231,discovery,/measure,2,700.0,-1400.0,0.0,0.0,1,5,0,6.0,no_signal
1232,discovery,/measure,4,700.0,-1400.0,0.0,0.0,1,5,0,6.0,no_signal
1233,discovery,/measure,5,700.0,-1400.0,0.0,0.0,1,5,0,6.0,no_signal
1234,discovery,/measure,8,700.0,-1400.0,0.0,0.0,1,5,0,6.0,no_signal
1235,discovery,/measure,11,700.0,-1400.0,0.0,0.0,1,5,0,6.0,no_signal
1236,discovery,/measure,12,700.0,-1400.0,0.0,0.0,1,5,0,6.0,no_signal
1237,discovery,/measure,14,700.0,-1400.0,0.0,0.0,1,5,0,6.0,no_signal
1238,discovery,/measure,15,700.0,-1400.0,0.0,0.0,1,5,0,6.0,no_signal
1239,discovery,/measure,15,1400.0,-1400.0,700.0,140.0,0,5,0,145.0,no_signal
1240,discovery,/measure,1,1400.0,-1400.0,0.0,0.0,1,5,0,6.0,no_signal
1241,discovery,/measure,2,1400.0,-1400.0,0.0,0.0,1,5,0,6.0,no_signal
1242,discovery,/measure,4,1400.0,-1400.0,0.0,0.0,1,5,0,6.0,no_signal
1243,discovery,/measure,5,1400.0,-1400.0,0.0,0.0,1,5,0,6.0,no_signal
1244,discovery,/measure,8,1400.0,-1400.0,0.0,0.0,1,5,0,6.0,no_signal
1245,discovery,/measure,11,1400.0,-1400.0,0.0,0.0,1,5,0,6.0,no_signal
1246,discovery,/measure,12,1400.0,-1400.0,0.0,0.0,1,5,0,6.0,no_signal
1247,discovery,/measure,14,1400.0,-1400.0,0.0,0.0,1,5,0,6.0,no_signal
1248,discovery,/measure,14,1400.0,-2100.0,700.0,140.0,0,5,0,145.0,no_signal
1249,discovery,/measure,1,1400.0,-2100.0,0.0,0.0,1,5,0,6.0,no_signal
1250,discovery,/measure,2,1400.0,-2100.0,0.0,0.0,1,5,0,6.0,no_signal
1251,discovery,/measure,4,1400.0,-2100.0,0.0,0.0,1,5,0,6.0,no_signal
1252,discovery,/measure,5,1400.0,-2100.0,0.0,0.0,1,5,0,6.0,no_signal
1253,discovery,/measure,8,1400.0,-2100.0,0.0,0.0,1,5,0,6.0,no_signal
1254,discovery,/measure,11,1400.0,-2100.0,0.0,0.0,1,5,0,6.0,no_signal
1255,discovery,/measure,12,1400.0,-2100.0,0.0,0.0,1,5,0,6.0,no_signal
1256,discovery,/measure,15,1400.0,-2100.0,0.0,0.0,1,5,0,6.0,no_signal
1257,discovery,/measure,15,2100.0,-1400.0,989.9494936611666,197.9898987322333,0,5,0,202.9898987322333,no_signal
1258,discovery,/measure,1,2100.0,-1400.0,0.0,0.0,1,5,0,6.0,no_signal
1259,discovery,/measure,2,2100.0,-1400.0,0.0,0.0,1,5,0,6.0,no_signal
1260,discovery,/measure,4,2100.0,-1400.0,0.0,0.0,1,5,0,6.0,no_signal
1261,discovery,/measure,5,2100.0,-1400.0,0.0,0.0,1,5,0,6.0,no_signal
1262,discovery,/measure,8,2100.0,-1400.0,0.0,0.0,1,5,0,6.0,no_signal
1263,discovery,/measure,11,2100.0,-1400.0,0.0,0.0,1,5,0,6.0,no_signal
1264,discovery,/measure,12,2100.0,-1400.0,0.0,0.0,1,5,0,6.0,no_signal
1265,discovery,/measure,14,2100.0,-1400.0,0.0,0.0,1,5,0,6.0,no_signal
1266,discovery,/measure,14,2100.0,-700.0,700.0,140.0,0,5,0,145.0,direction
1267,discovery,/measure,1,2100.0,-700.0,0.0,0.0,1,5,0,6.0,no_signal
1268,discovery,/measure,2,2100.0,-700.0,0.0,0.0,1,5,0,6.0,no_signal
1269,discovery,/measure,4,2100.0,-700.0,0.0,0.0,1,5,0,6.0,direction
1270,discovery,/measure,5,2100.0,-700.0,0.0,0.0,1,5,0,6.0,no_signal
1271,discovery,/measure,8,2100.0,-700.0,0.0,0.0,1,5,0,6.0,direction
1272,discovery,/measure,11,2100.0,-700.0,0.0,0.0,1,5,0,6.0,no_signal
1273,discovery,/measure,12,2100.0,-700.0,0.0,0.0,1,5,0,6.0,no_signal
1274,discovery,/measure,15,2100.0,-700.0,0.0,0.0,1,5,0,6.0,no_signal
1275,discovery,/measure,15,1400.0,-700.0,700.0,140.0,0,5,0,145.0,no_signal
1276,discovery,/measure,1,1400.0,-700.0,0.0,0.0,1,5,0,6.0,no_signal
1277,discovery,/measure,2,1400.0,-700.0,0.0,0.0,1,5,0,6.0,no_signal
1278,discovery,/measure,4,1400.0,-700.0,0.0,0.0,1,5,0,6.0,no_signal
1279,discovery,/measure,5,1400.0,-700.0,0.0,0.0,1,5,0,6.0,no_signal
1280,discovery,/measure,8,1400.0,-700.0,0.0,0.0,1,5,0,6.0,no_signal
1281,discovery,/measure,11,1400.0,-700.0,0.0,0.0,1,5,0,6.0,no_signal
1282,discovery,/measure,12,1400.0,-700.0,0.0,0.0,1,5,0,6.0,no_signal
1283,discovery,/measure,14,1400.0,-700.0,0.0,0.0,1,5,0,6.0,direction
1284,discovery,/measure,14,1400.0,0.0,700.0,140.0,0,5,0,145.0,direction
1285,discovery,/measure,1,1400.0,0.0,0.0,0.0,1,5,0,6.0,no_signal
1286,discovery,/measure,2,1400.0,0.0,0.0,0.0,1,5,0,6.0,no_signal
1287,discovery,/measure,4,1400.0,0.0,0.0,0.0,1,5,0,6.0,no_signal
1288,discovery,/measure,5,1400.0,0.0,0.0,0.0,1,5,0,6.0,no_signal
1289,discovery,/measure,8,1400.0,0.0,0.0,0.0,1,5,0,6.0,no_signal
1290,discovery,/measure,11,1400.0,0.0,0.0,0.0,1,5,0,6.0,no_signal
1291,discovery,/measure,12,1400.0,0.0,0.0,0.0,1,5,0,6.0,no_signal
1292,discovery,/measure,15,1400.0,0.0,0.0,0.0,1,5,0,6.0,no_signal
1293,certified_clear,/clear,14,1750.98250338806,410.69423889404925,540.2392761964942,108.04785523929884,0,0,5,113.04785523929884,success
1294,active_localization,/measure,4,1792.7560432860168,426.2208804349176,44.565740576644906,8.913148115328982,1,5,0,14.913148115328982,direction
1295,active_localization,/measure,4,1818.3231521258747,310.3102709034334,118.69686792998937,23.739373585997875,0,5,0,28.739373585997875,direction
1296,certified_clear,/clear,4,1790.270164532844,169.41307245962864,143.66276706999494,28.73255341399899,0,0,5,33.732553413998986,success
1297,active_localization,/measure,8,1779.91166513713,165.86458963309798,10.949440172958205,2.189888034591641,1,5,0,8.189888034591641,no_signal
1298,optical_fallback,/clear,8,1757.9451843881213,158.83553974666415,23.06369048531796,4.612738097063592,0,0,3,7.612738097063592,no_target_in_range
1299,optical_fallback,/clear,8,1766.4086206868267,140.71455064513452,19.99999999999997,3.9999999999999942,0,0,3,6.999999999999995,no_target_in_range
1300,optical_fallback,/clear,8,1749.4817480894158,176.95652884819378,40.00000000000004,8.000000000000009,0,0,3,11.000000000000009,no_target_in_range
1301,optical_fallback,/clear,8,1739.8241952865917,150.3721034479587,28.28427124746189,5.656854249492378,0,0,3,8.656854249492378,no_target_in_range
1302,optical_fallback,/clear,8,1774.8720569855323,122.59356154360489,44.72135954999584,8.944271909999168,0,0,3,11.944271909999168,no_target_in_range
1303,optical_fallback,/clear,8,1748.287631585297,132.25111434642906,28.284271247462037,5.656854249492407,0,0,3,8.656854249492408,no_target_in_range
1304,optical_fallback,/clear,8,1731.3607589878861,168.49309254948832,40.00000000000004,8.000000000000009,0,0,3,11.000000000000009,no_target_in_range
1305,optical_fallback,/clear,8,1741.0183117907104,195.07751794972336,28.284271247461916,5.656854249492383,0,0,3,8.656854249492383,no_target_in_range
1306,optical_fallback,/clear,8,1756.7510678840026,114.13012524489943,82.46211251235324,16.49242250247065,0,0,3,19.49242250247065,no_target_in_range
1307,optical_fallback,/clear,8,1722.8973226891808,186.6140816510179,80.00000000000003,16.000000000000007,0,0,3,19.000000000000007,no_target_in_range
1308,optical_fallback,/clear,8,1783.3354932842376,104.47257244207526,101.98039027185568,20.396078054371138,0,0,3,23.396078054371138,no_target_in_range
1309,optical_fallback,/clear,8,1721.703206185062,141.90866714925323,72.11102550927976,14.422205101855951,0,0,3,17.42220510185595,no_target_in_range
1310,optical_fallback,/clear,8,1730.1666424837674,123.7876780477236,19.99999999999997,3.9999999999999942,0,0,3,6.999999999999995,no_target_in_range
1311,optical_fallback,/clear,8,1713.2397698863565,160.02965625078286,40.00000000000004,8.000000000000009,0,0,3,11.000000000000009,no_target_in_range
1312,optical_fallback,/clear,8,1732.554875492005,213.198507051253,56.56854249492388,11.313708498984777,0,0,3,14.313708498984777,no_target_in_range
1313,optical_fallback,/clear,8,1765.214504182708,96.0091361433698,121.65525060596441,24.33105012119288,0,0,3,27.33105012119288,no_target_in_range
1314,optical_fallback,/clear,8,1738.630078782473,105.66668894619397,28.284271247461824,5.656854249492365,0,0,3,8.656854249492365,no_target_in_range
1315,optical_fallback,/clear,8,1704.7763335876512,178.15064535231244,80.00000000000003,16.000000000000007,0,0,3,19.000000000000007,no_target_in_range
1316,optical_fallback,/clear,8,1714.4338863904754,204.73507075254753,28.28427124746197,5.656854249492394,0,0,3,8.656854249492394,no_target_in_range
1317,optical_fallback,/clear,8,1791.7989295829432,86.35158334054574,141.42135623730945,28.28427124746189,0,0,3,31.28427124746189,no_target_in_range
1318,optical_fallback,/clear,8,1703.5822170835324,133.44523085054777,100.00000000000006,20.00000000000001,0,0,3,23.00000000000001,no_target_in_range
1319,optical_fallback,/clear,8,1712.0456533822378,115.32424174901814,19.99999999999997,3.9999999999999942,0,0,3,6.999999999999995,no_target_in_range
1320,optical_fallback,/clear,8,1747.0935150811783,87.54569984466434,44.72135954999584,8.944271909999168,0,0,3,11.944271909999168,no_target_in_range
1321,optical_fallback,/clear,8,1695.1187807848269,151.5662199520774,82.4621125123533,16.49242250247066,0,0,3,19.49242250247066,no_target_in_range
1322,optical_fallback,/clear,8,1724.0914391932995,231.31949615278262,84.85281374238578,16.970562748477157,0,0,3,19.970562748477157,no_target_in_range
1323,optical_fallback,/clear,8,1773.6779404814135,77.88814704184028,161.245154965971,32.249030993194204,0,0,3,35.249030993194204,no_target_in_range
1324,optical_fallback,/clear,8,1696.3128972889458,196.27163445384207,141.42135623730945,28.28427124746189,0,0,3,31.28427124746189,no_target_in_range
1325,optical_fallback,/clear,8,1720.5090896809434,97.20325264748851,101.98039027185573,20.396078054371145,0,0,3,23.396078054371145,no_target_in_range
1326,optical_fallback,/clear,8,1686.6553444861215,169.68720905360698,80.00000000000003,16.000000000000007,0,0,3,19.000000000000007,no_target_in_range
1327,optical_fallback,/clear,8,1705.9704500917699,222.85605985407716,56.56854249492386,11.313708498984772,0,0,3,14.313708498984772,no_target_in_range
1328,optical_fallback,/clear,8,1755.556951379884,69.42471074313482,161.245154965971,32.249030993194204,0,0,3,35.249030993194204,no_target_in_range
1329,optical_fallback,/clear,8,1800.2623658816485,68.23059423901611,44.721359549995725,8.944271909999145,0,0,3,11.944271909999145,no_target_in_range
1330,optical_fallback,/clear,8,1728.9725259796487,79.08226354595888,72.11102550927984,14.422205101855969,0,0,3,17.42220510185597,no_target_in_range
1331,optical_fallback,/clear,8,1678.1919081874162,187.8081981551366,119.99999999999997,23.999999999999993,0,0,3,26.999999999999993,no_target_in_range
1332,optical_fallback,/clear,8,1687.8494609902402,214.3926235553717,28.28427124746189,5.656854249492378,0,0,3,8.656854249492378,no_target_in_range
1333,optical_fallback,/clear,8,1715.628002894594,249.4404852543122,44.721359549995725,8.944271909999145,0,0,3,11.944271909999145,no_target_in_range
1334,optical_fallback,/clear,8,1782.141376780119,59.76715794031065,200.9975124224178,40.19950248448356,0,0,3,43.19950248448356,no_target_in_range
1335,optical_fallback,/clear,8,1697.5070137930643,240.97704895560673,200.0,40.0,0,0,3,43.0,no_target_in_range
1336,optical_fallback,/clear,8,1737.4359622783543,60.961274444429364,184.39088914585776,36.87817782917155,0,0,3,39.87817782917155,no_target_in_range
1337,optical_fallback,/clear,8,1764.0203876785893,51.30372164160519,28.284271247461824,5.656854249492365,0,0,3,8.656854249492365,no_target_in_range
1338,optical_fallback,/clear,8,1669.7284718887106,205.92918725666624,181.10770276274835,36.22154055254967,0,0,3,39.22154055254967,no_target_in_range
1339,optical_fallback,/clear,8,1808.725802180354,50.10960513748648,208.80613017821108,41.76122603564222,0,0,3,44.76122603564222,no_target_in_range
1340,optical_fallback,/clear,8,1679.3860246915347,232.51361265690127,223.60679774997908,44.72135954999582,0,0,3,47.72135954999582,no_target_in_range
1341,optical_fallback,/clear,8,1790.6048130788245,41.64616883878102,220.9072203437453,44.18144406874906,0,0,3,47.18144406874906,no_target_in_range
1342,optical_fallback,/clear,8,1707.1645665958886,267.5614743558418,240.83189157584596,48.16637831516919,0,0,3,51.16637831516919,no_target_in_range
1343,optical_fallback,/clear,8,1745.8993985770596,42.84028534289973,228.0350850198276,45.60701700396552,0,0,3,48.60701700396552,no_target_in_range
1344,optical_fallback,/clear,8,1689.043577494359,259.09803805713636,223.60679774997897,44.721359549995796,0,0,3,47.721359549995796,no_target_in_range
1345,optical_fallback,/clear,8,1661.265035590005,224.0501763581958,44.72135954999591,8.944271909999182,0,0,3,11.944271909999182,no_target_in_range
1346,optical_fallback,/clear,8,1772.4838239772948,33.18273254007556,220.9072203437453,44.18144406874906,0,0,3,47.18144406874906,no_target_in_range
1347,optical_fallback,/clear,8,1670.9225883928293,250.6346017584309,240.00000000000006,48.000000000000014,0,0,3,51.000000000000014,no_target_in_range
1348,optical_fallback,/clear,8,1817.1892384790594,31.988616035956852,263.0589287593181,52.61178575186362,0,0,3,55.61178575186362,no_target_in_range
1349,optical_fallback,/clear,8,1754.3628348757652,24.719296241370103,63.24555320336754,12.64911064067351,0,0,3,15.64911064067351,no_target_in_range
1350,optical_fallback,/clear,8,1799.0682493775298,23.525179737251392,44.721359549995725,8.944271909999145,0,0,3,11.944271909999145,no_target_in_range
1351,optical_fallback,/clear,8,1698.7011302971832,285.68246345737145,280.713376952364,56.1426753904728,0,0,3,59.1426753904728,no_target_in_range
1352,optical_fallback,/clear,8,1652.8015992912997,242.17116545972544,63.24555320336773,12.649110640673545,0,0,3,15.649110640673545,no_target_in_range
1353,optical_fallback,/clear,8,1680.5801411956536,277.219027158666,44.72135954999591,8.944271909999182,0,0,3,11.944271909999182,no_target_in_range
1354,optical_fallback,/clear,8,1780.9472602760002,15.061743438545932,280.713376952364,56.1426753904728,0,0,3,59.1426753904728,no_target_in_range
1355,optical_fallback,/clear,8,1662.459152094124,268.75559085996053,280.0,56.0,0,0,3,59.0,no_target_in_range
1356,optical_fallback,/clear,8,1825.6526747777648,13.867626934427221,302.6549190084311,60.53098380168622,0,0,3,63.53098380168622,no_target_in_range
1357,optical_fallback,/clear,8,1762.8262711744705,6.598307139840472,63.24555320336754,12.64911064067351,0,0,3,15.64911064067351,no_target_in_range
1358,optical_fallback,/clear,8,1807.5316856762352,5.404190635721761,44.721359549995725,8.944271909999145,0,0,3,11.944271909999145,no_target_in_range
1359,optical_fallback,/clear,8,1690.2376939984777,303.80345255890103,320.62439083762797,64.1248781675256,0,0,3,67.1248781675256,no_target_in_range
1360,optical_fallback,/clear,8,1644.3381629925943,260.2921545612551,63.245553203367535,12.649110640673507,0,0,3,15.649110640673507,no_target_in_range
1361,optical_fallback,/clear,8,1672.116704896948,295.34001626019557,44.721359549995725,8.944271909999145,0,0,3,11.944271909999145,no_target_in_range
1362,optical_fallback,/clear,8,1789.4106965747055,-3.059245662983699,320.62439083762797,64.1248781675256,0,0,3,67.1248781675256,no_target_in_range
1363,optical_fallback,/clear,8,1653.9957157954184,286.8765799614901,320.0,64.0,0,0,3,67.0,no_target_in_range
1364,optical_fallback,/clear,8,1771.289707473176,-11.522681961689159,320.62439083762797,64.1248781675256,0,0,3,67.1248781675256,no_target_in_range
1365,optical_fallback,/clear,8,1834.1161110764704,-4.253362167102409,63.24555320336777,12.649110640673554,0,0,3,15.649110640673554,no_target_in_range
1366,optical_fallback,/clear,8,1815.9951219749407,-12.71679846580787,20.00000000000002,4.000000000000004,0,0,3,7.000000000000004,no_target_in_range
1367,optical_fallback,/clear,8,1635.8747266938888,278.41314366278465,342.3448553724739,68.46897107449477,0,0,3,71.46897107449477,no_target_in_range
1368,optical_fallback,/clear,8,1681.7742576997723,321.92444166043066,63.24555320336773,12.649110640673545,0,0,3,15.649110640673545,no_target_in_range
1369,optical_fallback,/clear,8,1663.6532685982427,313.4610053617252,20.00000000000002,4.000000000000004,0,0,3,7.000000000000004,no_target_in_range
1370,optical_fallback,/clear,8,1797.874132873411,-21.18023476451333,360.5551275463989,72.11102550927978,0,0,5,77.11102550927978,success
1371,discovery,/measure,1,1400.0,700.0,823.6532988003917,164.73065976007834,1,5,0,170.73065976007834,no_signal
1372,discovery,/measure,2,1400.0,700.0,0.0,0.0,1,5,0,6.0,no_signal
1373,discovery,/measure,5,1400.0,700.0,0.0,0.0,1,5,0,6.0,no_signal
1374,discovery,/measure,11,1400.0,700.0,0.0,0.0,1,5,0,6.0,no_signal
1375,discovery,/measure,12,1400.0,700.0,0.0,0.0,1,5,0,6.0,no_signal
1376,discovery,/measure,15,1400.0,700.0,0.0,0.0,1,5,0,6.0,no_signal
1377,discovery,/measure,15,1400.0,1400.0,700.0,140.0,0,5,0,145.0,no_signal
1378,discovery,/measure,1,1400.0,1400.0,0.0,0.0,1,5,0,6.0,no_signal
1379,discovery,/measure,2,1400.0,1400.0,0.0,0.0,1,5,0,6.0,no_signal
1380,discovery,/measure,5,1400.0,1400.0,0.0,0.0,1,5,0,6.0,no_signal
1381,discovery,/measure,11,1400.0,1400.0,0.0,0.0,1,5,0,6.0,direction
1382,discovery,/measure,12,1400.0,1400.0,0.0,0.0,1,5,0,6.0,no_signal
1383,discovery,/measure,12,1400.0,2100.0,700.0,140.0,0,5,0,145.0,no_signal
1384,discovery,/measure,1,1400.0,2100.0,0.0,0.0,1,5,0,6.0,no_signal
1385,discovery,/measure,2,1400.0,2100.0,0.0,0.0,1,5,0,6.0,no_signal
1386,discovery,/measure,5,1400.0,2100.0,0.0,0.0,1,5,0,6.0,no_signal
1387,discovery,/measure,11,1400.0,2100.0,0.0,0.0,1,5,0,6.0,direction
1388,discovery,/measure,15,1400.0,2100.0,0.0,0.0,1,5,0,6.0,no_signal
1389,discovery,/measure,15,2100.0,1400.0,989.9494936611666,197.9898987322333,0,5,0,202.9898987322333,no_signal
1390,discovery,/measure,1,2100.0,1400.0,0.0,0.0,1,5,0,6.0,no_signal
1391,discovery,/measure,2,2100.0,1400.0,0.0,0.0,1,5,0,6.0,no_signal
1392,discovery,/measure,5,2100.0,1400.0,0.0,0.0,1,5,0,6.0,no_signal
1393,discovery,/measure,11,2100.0,1400.0,0.0,0.0,1,5,0,6.0,direction
1394,discovery,/measure,12,2100.0,1400.0,0.0,0.0,1,5,0,6.0,no_signal
1395,certified_clear,/clear,11,1551.971407014134,892.7462233396309,746.7541313352579,149.35082626705156,0,0,5,154.35082626705156,success
1396,discovery,/measure,12,2100.0,700.0,580.9358358216153,116.18716716432307,0,5,0,121.18716716432307,no_signal
1397,discovery,/measure,1,2100.0,700.0,0.0,0.0,1,5,0,6.0,no_signal
1398,discovery,/measure,2,2100.0,700.0,0.0,0.0,1,5,0,6.0,no_signal
1399,discovery,/measure,5,2100.0,700.0,0.0,0.0,1,5,0,6.0,no_signal
1400,discovery,/measure,15,2100.0,700.0,0.0,0.0,1,5,0,6.0,no_signal
1401,discovery,/measure,15,2100.0,0.0,700.0,140.0,0,5,0,145.0,no_signal
1402,discovery,/measure,1,2100.0,0.0,0.0,0.0,1,5,0,6.0,no_signal
1403,discovery,/measure,2,2100.0,0.0,0.0,0.0,1,5,0,6.0,no_signal
1404,discovery,/measure,5,2100.0,0.0,0.0,0.0,1,5,0,6.0,no_signal
1405,discovery,/measure,12,2100.0,0.0,0.0,0.0,1,5,0,6.0,no_signal
