index,stage,path,channel,x,y,travel_m,travel_s,switch_s,measure_s,clear_s,total_s,result
2,discovery,/measure,1,0.0,0.0,0.0,0.0,0,5,0,5.0,no_signal
3,discovery,/measure,2,0.0,0.0,0.0,0.0,1,5,0,6.0,direction
4,discovery,/measure,3,0.0,0.0,0.0,0.0,1,5,0,6.0,no_signal
5,discovery,/measure,4,0.0,0.0,0.0,0.0,1,5,0,6.0,no_signal
6,discovery,/measure,5,0.0,0.0,0.0,0.0,1,5,0,6.0,no_signal
7,discovery,/measure,6,0.0,0.0,0.0,0.0,1,5,0,6.0,no_signal
8,discovery,/measure,7,0.0,0.0,0.0,0.0,1,5,0,6.0,direction
9,discovery,/measure,8,0.0,0.0,0.0,0.0,1,5,0,6.0,direction
10,discovery,/measure,9,0.0,0.0,0.0,0.0,1,5,0,6.0,no_signal
11,discovery,/measure,10,0.0,0.0,0.0,0.0,1,5,0,6.0,no_signal
12,discovery,/measure,11,0.0,0.0,0.0,0.0,1,5,0,6.0,no_signal
13,discovery,/measure,12,0.0,0.0,0.0,0.0,1,5,0,6.0,direction
14,discovery,/measure,13,0.0,0.0,0.0,0.0,1,5,0,6.0,direction
15,discovery,/measure,14,0.0,0.0,0.0,0.0,1,5,0,6.0,direction
16,discovery,/measure,15,0.0,0.0,0.0,0.0,1,5,0,6.0,no_signal
17,discovery,/measure,16,0.0,0.0,0.0,0.0,1,5,0,6.0,direction
18,discovery,/measure,17,0.0,0.0,0.0,0.0,1,5,0,6.0,no_signal
19,discovery,/measure,18,0.0,0.0,0.0,0.0,1,5,0,6.0,no_signal
20,discovery,/measure,19,0.0,0.0,0.0,0.0,1,5,0,6.0,no_signal
21,discovery,/measure,20,0.0,0.0,0.0,0.0,1,5,0,6.0,no_signal
22,discovery,/measure,20,-700.0,0.0,700.0,140.0,0,5,0,145.0,no_signal
23,discovery,/measure,1,-700.0,0.0,0.0,0.0,1,5,0,6.0,no_signal
24,discovery,/measure,2,-700.0,0.0,0.0,0.0,1,5,0,6.0,no_signal
25,discovery,/measure,3,-700.0,0.0,0.0,0.0,1,5,0,6.0,no_signal
26,discovery,/measure,4,-700.0,0.0,0.0,0.0,1,5,0,6.0,no_signal
27,discovery,/measure,5,-700.0,0.0,0.0,0.0,1,5,0,6.0,no_signal
28,discovery,/measure,6,-700.0,0.0,0.0,0.0,1,5,0,6.0,no_signal
29,discovery,/measure,7,-700.0,0.0,0.0,0.0,1,5,0,6.0,direction
30,discovery,/measure,8,-700.0,0.0,0.0,0.0,1,5,0,6.0,no_signal
31,discovery,/measure,9,-700.0,0.0,0.0,0.0,1,5,0,6.0,no_signal
32,discovery,/measure,10,-700.0,0.0,0.0,0.0,1,5,0,6.0,no_signal
33,discovery,/measure,11,-700.0,0.0,0.0,0.0,1,5,0,6.0,no_signal
34,discovery,/measure,12,-700.0,0.0,0.0,0.0,1,5,0,6.0,direction
35,discovery,/measure,13,-700.0,0.0,0.0,0.0,1,5,0,6.0,no_signal
36,discovery,/measure,14,-700.0,0.0,0.0,0.0,1,5,0,6.0,direction
37,discovery,/measure,15,-700.0,0.0,0.0,0.0,1,5,0,6.0,no_signal
38,discovery,/measure,16,-700.0,0.0,0.0,0.0,1,5,0,6.0,no_signal
39,discovery,/measure,17,-700.0,0.0,0.0,0.0,1,5,0,6.0,no_signal
40,discovery,/measure,18,-700.0,0.0,0.0,0.0,1,5,0,6.0,no_signal
41,discovery,/measure,19,-700.0,0.0,0.0,0.0,1,5,0,6.0,no_signal
42,active_localization,/measure,14,-989.548929445267,-513.8803110171141,589.8402805793668,117.96805611587335,1,5,0,123.96805611587335,direction
43,certified_clear,/clear,14,-1027.1686828852405,-517.7475603017318,37.81800452051604,7.563600904103208,0,0,5,12.563600904103208,success
44,active_localization,/measure,12,-1098.9900441957202,-505.37552096208725,72.87918288449852,14.575836576899704,1,5,0,20.575836576899704,direction
45,certified_clear,/clear,12,-1208.7393604097037,-390.70409974236907,158.72758819432426,31.74551763886485,0,0,5,36.745517638864854,success
46,discovery,/measure,1,-700.0,-700.0,595.3819704578337,119.07639409156675,1,5,0,125.07639409156675,no_signal
47,discovery,/measure,2,-700.0,-700.0,0.0,0.0,1,5,0,6.0,no_signal
48,discovery,/measure,3,-700.0,-700.0,0.0,0.0,1,5,0,6.0,no_signal
49,discovery,/measure,4,-700.0,-700.0,0.0,0.0,1,5,0,6.0,direction
50,discovery,/measure,5,-700.0,-700.0,0.0,0.0,1,5,0,6.0,no_signal
51,discovery,/measure,6,-700.0,-700.0,0.0,0.0,1,5,0,6.0,no_signal
52,discovery,/measure,7,-700.0,-700.0,0.0,0.0,1,5,0,6.0,no_signal
53,discovery,/measure,8,-700.0,-700.0,0.0,0.0,1,5,0,6.0,no_signal
54,discovery,/measure,9,-700.0,-700.0,0.0,0.0,1,5,0,6.0,direction
55,discovery,/measure,10,-700.0,-700.0,0.0,0.0,1,5,0,6.0,no_signal
56,discovery,/measure,11,-700.0,-700.0,0.0,0.0,1,5,0,6.0,no_signal
57,discovery,/measure,13,-700.0,-700.0,0.0,0.0,1,5,0,6.0,no_signal
58,discovery,/measure,15,-700.0,-700.0,0.0,0.0,1,5,0,6.0,no_signal
59,discovery,/measure,16,-700.0,-700.0,0.0,0.0,1,5,0,6.0,no_signal
60,discovery,/measure,17,-700.0,-700.0,0.0,0.0,1,5,0,6.0,no_signal
61,discovery,/measure,18,-700.0,-700.0,0.0,0.0,1,5,0,6.0,no_signal
62,discovery,/measure,19,-700.0,-700.0,0.0,0.0,1,5,0,6.0,direction
63,discovery,/measure,20,-700.0,-700.0,0.0,0.0,1,5,0,6.0,no_signal
64,discovery,/measure,20,-1400.0,-700.0,700.0,140.0,0,5,0,145.0,no_signal
65,discovery,/measure,1,-1400.0,-700.0,0.0,0.0,1,5,0,6.0,no_signal
66,discovery,/measure,2,-1400.0,-700.0,0.0,0.0,1,5,0,6.0,no_signal
67,discovery,/measure,3,-1400.0,-700.0,0.0,0.0,1,5,0,6.0,no_signal
68,discovery,/measure,4,-1400.0,-700.0,0.0,0.0,1,5,0,6.0,direction
69,discovery,/measure,5,-1400.0,-700.0,0.0,0.0,1,5,0,6.0,no_signal
70,discovery,/measure,6,-1400.0,-700.0,0.0,0.0,1,5,0,6.0,no_signal
71,discovery,/measure,7,-1400.0,-700.0,0.0,0.0,1,5,0,6.0,no_signal
72,discovery,/measure,8,-1400.0,-700.0,0.0,0.0,1,5,0,6.0,no_signal
73,discovery,/measure,9,-1400.0,-700.0,0.0,0.0,1,5,0,6.0,direction
74,discovery,/measure,10,-1400.0,-700.0,0.0,0.0,1,5,0,6.0,no_signal
75,discovery,/measure,11,-1400.0,-700.0,0.0,0.0,1,5,0,6.0,no_signal
76,discovery,/measure,13,-1400.0,-700.0,0.0,0.0,1,5,0,6.0,no_signal
77,discovery,/measure,15,-1400.0,-700.0,0.0,0.0,1,5,0,6.0,no_signal
78,discovery,/measure,16,-1400.0,-700.0,0.0,0.0,1,5,0,6.0,no_signal
79,discovery,/measure,17,-1400.0,-700.0,0.0,0.0,1,5,0,6.0,no_signal
80,discovery,/measure,18,-1400.0,-700.0,0.0,0.0,1,5,0,6.0,no_signal
81,discovery,/measure,19,-1400.0,-700.0,0.0,0.0,1,5,0,6.0,direction
82,active_localization,/measure,19,-1597.4151399179304,-194.0027634313274,543.144493559448,108.6288987118896,0,5,0,113.6288987118896,direction
83,certified_clear,/clear,19,-1568.1834032780944,-193.68079157269347,29.233509759494957,5.846701951898991,0,0,5,10.846701951898991,success
84,active_localization,/measure,9,-1365.1782252464732,-95.8010768254709,225.36978694281066,45.073957388562135,1,5,0,51.073957388562135,direction
85,certified_clear,/clear,9,-1003.1366898858407,64.12600479411435,395.79128939586525,79.15825787917305,0,0,5,84.15825787917305,success
86,active_localization,/measure,4,-981.2865359667534,97.68646597377102,40.04664506396323,8.009329012792646,1,5,0,14.009329012792646,direction
87,certified_clear,/clear,4,-888.9653199577608,147.2643399311954,104.79108984793184,20.958217969586368,0,0,5,25.958217969586368,success
88,active_localization,/measure,7,-928.146355144024,348.836296171577,205.34460562878562,41.06892112575712,1,5,0,47.06892112575712,direction
89,active_localization,/measure,7,-899.1234511741706,680.2454913701611,332.67759710719406,66.5355194214388,0,5,0,71.5355194214388,direction
90,certified_clear,/clear,7,-928.6720183109431,690.9187608998839,31.417137079792397,6.28342741595848,0,0,5,11.28342741595848,success
91,optical_fallback,/clear,16,-27.253424939156492,53.45325835798752,1104.046080291653,220.8092160583306,0,0,3,223.8092160583306,no_target_in_range
92,optical_fallback,/clear,16,-9.435672153160652,62.53773333770636,20.0,4.0,0,0,3,7.0,no_target_in_range
93,optical_fallback,/clear,16,-18.16894995943766,35.63550557199168,28.284271247461906,5.6568542494923815,0,0,3,8.656854249492381,no_target_in_range
94,optical_fallback,/clear,16,8.382080632835187,71.62220831742519,44.721359549995796,8.94427190999916,0,0,3,11.94427190999916,no_target_in_range
95,optical_fallback,/clear,16,-0.3511971734418218,44.719980551710506,28.284271247461913,5.656854249492382,0,0,3,8.656854249492383,no_target_in_range
96,optical_fallback,/clear,16,26.19983341883103,80.70668329714401,44.721359549995796,8.94427190999916,0,0,3,11.94427190999916,no_target_in_range
97,optical_fallback,/clear,16,-9.08447497971883,17.81775278599584,72.11102550927978,14.422205101855956,0,0,3,17.42220510185596,no_target_in_range
98,optical_fallback,/clear,16,17.466555612554018,53.80445553142934,44.721359549995796,8.94427190999916,0,0,3,11.94427190999916,no_target_in_range
99,optical_fallback,/clear,16,44.01758620482687,89.79115827686284,44.721359549995796,8.94427190999916,0,0,3,11.94427190999916,no_target_in_range
100,optical_fallback,/clear,16,8.733277806277009,26.90222776571467,72.11102550927978,14.422205101855956,0,0,3,17.42220510185596,no_target_in_range
101,optical_fallback,/clear,16,35.28430839854986,62.888930511148175,44.721359549995796,8.94427190999916,0,0,3,11.94427190999916,no_target_in_range
102,optical_fallback,/clear,16,61.835338990822706,98.87563325658168,44.72135954999579,8.944271909999157,0,0,3,11.944271909999157,no_target_in_range
103,optical_fallback,/clear,16,0.0,0.0,116.61903789690601,23.323807579381203,0,0,3,26.323807579381203,no_target_in_range
104,optical_fallback,/clear,16,26.55103059227285,35.986702745433504,44.721359549995796,8.94427190999916,0,0,3,11.94427190999916,no_target_in_range
105,optical_fallback,/clear,16,53.1020611845457,71.97340549086701,44.721359549995796,8.94427190999916,0,0,3,11.94427190999916,no_target_in_range
106,optical_fallback,/clear,16,79.65309177681856,107.9601082363005,44.72135954999579,8.944271909999157,0,0,3,11.944271909999157,no_target_in_range
107,optical_fallback,/clear,16,17.81775278599584,9.08447497971883,116.61903789690601,23.323807579381203,0,0,3,26.323807579381203,no_target_in_range
108,optical_fallback,/clear,16,44.36878337826869,45.07117772515233,44.721359549995796,8.94427190999916,0,0,3,11.94427190999916,no_target_in_range
109,optical_fallback,/clear,16,70.91981397054153,81.05788047058584,44.721359549995796,8.94427190999916,0,0,3,11.94427190999916,no_target_in_range
110,optical_fallback,/clear,16,97.47084456281439,117.04458321601933,44.721359549995796,8.94427190999916,0,0,3,11.94427190999916,no_target_in_range
111,optical_fallback,/clear,16,35.63550557199168,18.16894995943766,116.61903789690601,23.323807579381203,0,0,3,26.323807579381203,no_target_in_range
112,optical_fallback,/clear,16,62.186536164264524,54.15565270487116,44.72135954999579,8.944271909999157,0,0,3,11.944271909999157,no_target_in_range
113,optical_fallback,/clear,16,88.73756675653738,90.14235545030466,44.721359549995796,8.94427190999916,0,0,3,11.94427190999916,no_target_in_range
114,optical_fallback,/clear,16,53.45325835798752,27.253424939156492,72.11102550927978,14.422205101855956,0,0,3,17.42220510185596,no_target_in_range
115,optical_fallback,/clear,16,115.28859734881023,126.12905819573817,116.61903789690601,23.323807579381203,0,0,3,26.323807579381203,no_target_in_range
116,optical_fallback,/clear,16,80.00428895026036,63.24012768458999,72.11102550927978,14.422205101855956,0,0,3,17.42220510185596,no_target_in_range
117,optical_fallback,/clear,16,106.55531954253323,99.22683043002348,44.721359549995796,8.94427190999916,0,0,3,11.94427190999916,no_target_in_range
118,optical_fallback,/clear,16,71.27101114398336,36.33789991887532,72.11102550927977,14.422205101855955,0,0,3,17.422205101855955,no_target_in_range
119,optical_fallback,/clear,16,133.10635013480606,135.213533175457,116.61903789690601,23.323807579381203,0,0,3,26.323807579381203,no_target_in_range
120,optical_fallback,/clear,16,97.82204173625621,72.32460266430883,72.11102550927978,14.422205101855956,0,0,3,17.42220510185596,no_target_in_range
121,optical_fallback,/clear,16,124.37307232852905,108.31130540974232,44.72135954999578,8.944271909999156,0,0,3,11.944271909999156,no_target_in_range
122,optical_fallback,/clear,16,89.0887639299792,45.42237489859416,72.11102550927977,14.422205101855955,0,0,3,17.422205101855955,no_target_in_range
123,optical_fallback,/clear,16,115.63979452225205,81.40907764402765,44.72135954999579,8.944271909999157,0,0,3,11.944271909999157,no_target_in_range
124,optical_fallback,/clear,16,150.9241029208019,144.29800815517584,72.11102550927978,14.422205101855956,0,0,3,17.42220510185596,no_target_in_range
125,optical_fallback,/clear,16,142.1908251145249,117.39578038946115,28.284271247461906,5.6568542494923815,0,0,3,8.656854249492381,no_target_in_range
126,optical_fallback,/clear,16,106.90651671597504,54.506849878312984,72.11102550927977,14.422205101855955,0,0,3,17.422205101855955,no_target_in_range
127,optical_fallback,/clear,16,133.45754730824788,90.49355262374648,44.72135954999578,8.944271909999156,0,0,3,11.944271909999156,no_target_in_range
128,optical_fallback,/clear,16,168.74185570679774,153.38248313489464,72.11102550927977,14.422205101855955,0,0,3,17.422205101855955,no_target_in_range
129,optical_fallback,/clear,16,124.72426950197088,63.59132485803181,99.99999999999999,19.999999999999996,0,0,3,22.999999999999996,no_target_in_range
130,optical_fallback,/clear,16,160.00857790052072,126.48025536917999,72.11102550927977,14.422205101855955,0,0,3,17.422205101855955,no_target_in_range
131,optical_fallback,/clear,16,151.27530009424373,99.57802760346532,28.28427124746189,5.656854249492378,0,0,3,8.656854249492378,no_target_in_range
132,optical_fallback,/clear,16,186.5596084927936,162.46695811461348,72.11102550927977,14.422205101855955,0,0,3,17.422205101855955,no_target_in_range
133,optical_fallback,/clear,16,142.54202228796672,72.67579983775065,99.99999999999999,19.999999999999996,0,0,3,22.999999999999996,no_target_in_range
134,optical_fallback,/clear,16,177.82633068651657,135.56473034889882,72.11102550927978,14.422205101855956,0,0,3,17.42220510185596,no_target_in_range
135,optical_fallback,/clear,16,169.09305288023955,108.66250258318415,28.284271247461902,5.656854249492381,0,0,3,8.65685424949238,no_target_in_range
136,optical_fallback,/clear,16,204.3773612787894,171.5514330943323,72.11102550927977,14.422205101855955,0,0,3,17.422205101855955,no_target_in_range
137,optical_fallback,/clear,16,160.35977507396257,81.76027481746948,99.99999999999997,19.999999999999993,0,0,3,22.999999999999993,no_target_in_range
138,optical_fallback,/clear,16,195.64408347251242,144.64920532861765,72.11102550927978,14.422205101855956,0,0,3,17.42220510185596,no_target_in_range
139,optical_fallback,/clear,16,186.9108056662354,117.74697756290297,28.284271247461916,5.656854249492383,0,0,3,8.656854249492383,no_target_in_range
140,optical_fallback,/clear,16,222.19511406478526,180.63590807405114,72.11102550927978,14.422205101855956,0,0,3,17.42220510185596,no_target_in_range
141,optical_fallback,/clear,16,178.1775278599584,90.84474979718831,99.99999999999999,19.999999999999996,0,0,3,22.999999999999996,no_target_in_range
142,optical_fallback,/clear,16,213.46183625850824,153.7336803083365,72.11102550927978,14.422205101855956,0,0,3,17.42220510185596,no_target_in_range
143,optical_fallback,/clear,16,204.72855845223125,126.8314525426218,28.284271247461906,5.6568542494923815,0,0,3,8.656854249492381,no_target_in_range
144,optical_fallback,/clear,16,195.99528064595424,99.92922477690713,28.284271247461902,5.656854249492381,0,0,3,8.65685424949238,no_target_in_range
145,optical_fallback,/clear,16,240.0128668507811,189.72038305376998,100.0,20.0,0,0,3,23.0,no_target_in_range
146,optical_fallback,/clear,16,231.2795890445041,162.8181552880553,28.284271247461916,5.656854249492383,0,0,3,8.656854249492383,no_target_in_range
147,optical_fallback,/clear,16,222.54631123822708,135.91592752234064,28.284271247461888,5.656854249492378,0,0,3,8.656854249492378,no_target_in_range
148,optical_fallback,/clear,16,213.8130334319501,109.01369975662597,28.28427124746189,5.656854249492378,0,0,3,8.656854249492378,no_target_in_range
149,optical_fallback,/clear,16,257.83061963677693,198.8048580334888,99.99999999999999,19.999999999999996,0,0,3,22.999999999999996,no_target_in_range
150,optical_fallback,/clear,16,249.09734183049994,171.90263026777413,28.284271247461906,5.6568542494923815,0,0,3,8.656854249492381,no_target_in_range
151,optical_fallback,/clear,16,240.36406402422293,145.00040250205947,28.284271247461888,5.656854249492378,0,0,3,8.656854249492378,no_target_in_range
152,optical_fallback,/clear,16,231.6307862179459,118.0981747363448,28.284271247461902,5.656854249492381,0,0,3,8.65685424949238,no_target_in_range
153,optical_fallback,/clear,16,275.64837242277275,207.88933301320765,99.99999999999999,19.999999999999996,0,0,3,22.999999999999996,no_target_in_range
154,optical_fallback,/clear,16,266.91509461649576,180.98710524749296,28.284271247461906,5.6568542494923815,0,0,3,8.656854249492381,no_target_in_range
155,optical_fallback,/clear,16,258.1818168102188,154.0848774817783,28.284271247461877,5.656854249492375,0,0,3,8.656854249492376,no_target_in_range
156,optical_fallback,/clear,16,249.44853900394176,127.18264971606362,28.284271247461916,5.656854249492383,0,0,3,8.656854249492383,no_target_in_range
157,optical_fallback,/clear,16,293.46612520876863,216.97380799292648,100.00000000000001,20.000000000000004,0,0,3,23.000000000000004,no_target_in_range
158,optical_fallback,/clear,16,284.7328474024916,190.0715802272118,28.284271247461923,5.656854249492385,0,0,3,8.656854249492385,no_target_in_range
159,optical_fallback,/clear,16,275.9995695962146,163.16935246149714,28.284271247461877,5.656854249492375,0,0,3,8.656854249492376,no_target_in_range
160,optical_fallback,/clear,16,267.2662917899376,136.26712469578246,28.284271247461906,5.6568542494923815,0,0,3,8.656854249492381,no_target_in_range
161,optical_fallback,/clear,16,311.28387799476445,226.05828297264532,100.0,20.0,0,0,3,23.0,no_target_in_range
162,optical_fallback,/clear,16,302.55060018848746,199.15605520693063,28.284271247461906,5.6568542494923815,0,0,3,8.656854249492381,no_target_in_range
163,optical_fallback,/clear,16,293.8173223822104,172.25382744121598,28.2842712474619,5.65685424949238,0,0,3,8.65685424949238,no_target_in_range
164,optical_fallback,/clear,16,285.08404457593343,145.3515996755013,28.284271247461906,5.6568542494923815,0,0,3,8.656854249492381,no_target_in_range
165,optical_fallback,/clear,16,329.1016307807603,235.14275795236415,100.0,20.0,0,0,3,23.0,no_target_in_range
166,optical_fallback,/clear,16,320.3683529744833,208.24053018664947,28.284271247461906,5.6568542494923815,0,0,3,8.656854249492381,no_target_in_range
167,optical_fallback,/clear,16,311.6350751682063,181.3383024209348,28.284271247461877,5.656854249492375,0,0,3,8.656854249492376,no_target_in_range
168,optical_fallback,/clear,16,302.90179736192925,154.43607465522012,28.284271247461923,5.656854249492385,0,0,3,8.656854249492385,no_target_in_range
169,optical_fallback,/clear,16,346.91938356675615,244.22723293208296,100.0,20.0,0,0,3,23.0,no_target_in_range
170,optical_fallback,/clear,16,338.1861057604791,217.3250051663683,28.2842712474619,5.65685424949238,0,0,3,8.65685424949238,no_target_in_range
171,optical_fallback,/clear,16,329.4528279542021,190.42277740065364,28.284271247461877,5.656854249492375,0,0,3,8.656854249492376,no_target_in_range
172,optical_fallback,/clear,16,320.71955014792513,163.52054963493896,28.284271247461906,5.6568542494923815,0,0,3,8.656854249492381,no_target_in_range
173,optical_fallback,/clear,16,364.737136352752,253.3117079118018,99.99999999999997,19.999999999999993,0,0,3,22.999999999999993,no_target_in_range
174,optical_fallback,/clear,16,356.003858546475,226.4094801460871,28.284271247461906,5.6568542494923815,0,0,3,8.656854249492381,no_target_in_range
175,optical_fallback,/clear,16,347.27058074019794,199.50725238037248,28.28427124746187,5.656854249492374,0,0,3,8.656854249492374,no_target_in_range
176,optical_fallback,/clear,16,338.53730293392096,172.6050246146578,28.284271247461906,5.6568542494923815,0,0,3,8.656854249492381,no_target_in_range
177,optical_fallback,/clear,16,382.5548891387478,262.39618289152065,100.0,20.0,0,0,3,23.0,no_target_in_range
178,optical_fallback,/clear,16,373.8216113324708,235.49395512580594,28.284271247461934,5.656854249492387,0,0,3,8.656854249492387,no_target_in_range
179,optical_fallback,/clear,16,365.0883335261938,208.59172736009128,28.284271247461877,5.656854249492375,0,0,3,8.656854249492376,no_target_in_range
180,optical_fallback,/clear,16,356.3550557199168,181.68949959437663,28.2842712474619,5.65685424949238,0,0,3,8.65685424949238,no_target_in_range
181,optical_fallback,/clear,16,400.3726419247437,271.4806578712395,100.00000000000001,20.000000000000004,0,0,3,23.000000000000004,no_target_in_range
182,optical_fallback,/clear,16,391.63936411846663,244.57843010552477,28.28427124746195,5.65685424949239,0,0,3,8.65685424949239,no_target_in_range
183,optical_fallback,/clear,16,382.90608631218964,217.67620233981012,28.284271247461877,5.656854249492375,0,0,3,8.656854249492376,no_target_in_range
184,optical_fallback,/clear,16,374.17280850591266,190.77397457409543,28.284271247461906,5.6568542494923815,0,0,3,8.656854249492381,no_target_in_range
185,optical_fallback,/clear,16,409.4571169044625,253.6629050852436,72.11102550927978,14.422205101855956,0,0,3,17.42220510185596,no_target_in_range
186,optical_fallback,/clear,16,418.1903947107395,280.5651328509583,28.284271247461934,5.656854249492387,0,0,3,8.656854249492387,no_target_in_range
187,optical_fallback,/clear,16,400.72383909818546,226.76067731952895,56.56854249492383,11.313708498984766,0,0,3,14.313708498984766,no_target_in_range
188,optical_fallback,/clear,16,391.9905612919085,199.85844955381427,28.284271247461906,5.6568542494923815,0,0,3,8.656854249492381,no_target_in_range
189,optical_fallback,/clear,16,427.27486969045833,262.74738006496244,72.11102550927978,14.422205101855956,0,0,3,17.42220510185596,no_target_in_range
190,optical_fallback,/clear,16,418.54159188418134,235.8451522992478,28.284271247461877,5.656854249492375,0,0,3,8.656854249492376,no_target_in_range
191,optical_fallback,/clear,16,436.0081474967353,289.64960783067716,56.56854249492381,11.313708498984763,0,0,3,14.313708498984763,no_target_in_range
192,optical_fallback,/clear,16,409.8083140779043,208.9429245335331,84.85281374238573,16.970562748477146,0,0,3,19.970562748477146,no_target_in_range
193,optical_fallback,/clear,16,436.35934467017717,244.92962727896662,44.72135954999582,8.944271909999163,0,0,3,11.944271909999163,no_target_in_range
194,optical_fallback,/clear,16,445.09262247645415,271.8318550446813,28.284271247461877,5.656854249492375,0,0,3,8.656854249492376,no_target_in_range
195,optical_fallback,/clear,16,427.6260668639002,218.02739951325194,56.56854249492378,11.313708498984756,0,0,3,14.313708498984756,no_target_in_range
196,optical_fallback,/clear,16,453.82590028273114,298.734082810396,84.85281374238572,16.970562748477143,0,0,3,19.970562748477143,no_target_in_range
197,optical_fallback,/clear,16,454.177097456173,254.01410225868545,44.72135954999582,8.944271909999163,0,0,3,11.944271909999163,no_target_in_range
198,optical_fallback,/clear,16,445.443819649896,227.11187449297077,28.284271247461906,5.6568542494923815,0,0,3,8.656854249492381,no_target_in_range
199,optical_fallback,/clear,16,462.91037526245,280.9163300244001,56.56854249492378,11.313708498984756,0,0,3,14.313708498984756,no_target_in_range
200,optical_fallback,/clear,16,471.643653068727,307.81855779011477,28.2842712474619,5.65685424949238,0,0,3,8.65685424949238,no_target_in_range
201,optical_fallback,/clear,16,463.2615724358918,236.1963494726896,72.11102550927976,14.422205101855951,0,0,3,17.42220510185595,no_target_in_range
202,optical_fallback,/clear,16,471.9948502421688,263.0985772384043,28.284271247461906,5.6568542494923815,0,0,3,8.656854249492381,no_target_in_range
203,optical_fallback,/clear,16,480.72812804844585,290.00080500411894,28.2842712474619,5.65685424949238,0,0,3,8.65685424949238,no_target_in_range
204,optical_fallback,/clear,16,489.4614058547229,316.9030327698336,28.2842712474619,5.65685424949238,0,0,3,8.65685424949238,no_target_in_range
205,optical_fallback,/clear,16,481.07932522188764,245.28082445240844,72.11102550927977,14.422205101855955,0,0,3,17.422205101855955,no_target_in_range
206,optical_fallback,/clear,16,489.8126030281647,272.18305221812307,28.28427124746187,5.656854249492374,0,0,3,8.656854249492374,no_target_in_range
207,optical_fallback,/clear,16,498.54588083444173,299.0852799838378,28.28427124746195,5.65685424949239,0,0,3,8.65685424949239,no_target_in_range
208,optical_fallback,/clear,16,507.2791586407187,325.98750774955244,28.284271247461877,5.656854249492375,0,0,3,8.656854249492376,no_target_in_range
209,optical_fallback,/clear,16,498.8970780078835,254.36529943212724,72.1110255092798,14.42220510185596,0,0,3,17.42220510185596,no_target_in_range
210,optical_fallback,/clear,16,507.63035581416057,281.2675271978419,28.2842712474619,5.65685424949238,0,0,3,8.65685424949238,no_target_in_range
211,optical_fallback,/clear,16,516.3636336204376,308.1697549635566,28.284271247461934,5.656854249492387,0,0,3,8.656854249492387,no_target_in_range
212,optical_fallback,/clear,16,525.0969114267145,335.07198272927127,28.284271247461877,5.656854249492375,0,0,3,8.656854249492376,no_target_in_range
213,optical_fallback,/clear,16,516.7148307938794,263.4497744118461,72.11102550927978,14.422205101855956,0,0,3,17.42220510185596,no_target_in_range
214,optical_fallback,/clear,16,525.4481086001564,290.35200217756073,28.284271247461877,5.656854249492375,0,0,3,8.656854249492376,no_target_in_range
215,optical_fallback,/clear,16,534.1813864064334,317.25422994327545,28.284271247461934,5.656854249492387,0,0,3,8.656854249492387,no_target_in_range
216,optical_fallback,/clear,16,542.9146642127104,344.1564577089901,28.284271247461877,5.656854249492375,0,0,3,8.656854249492376,no_target_in_range
217,optical_fallback,/clear,16,534.5325835798752,272.5342493915649,72.11102550927978,14.422205101855956,0,0,3,17.42220510185596,no_target_in_range
218,optical_fallback,/clear,16,543.2658613861522,299.43647715727957,28.284271247461877,5.656854249492375,0,0,3,8.656854249492376,no_target_in_range
219,optical_fallback,/clear,16,551.9991391924292,326.3387049229943,28.284271247461934,5.656854249492387,0,0,3,8.656854249492387,no_target_in_range
220,optical_fallback,/clear,16,560.7324169987062,353.24093268870894,28.284271247461877,5.656854249492375,0,0,3,8.656854249492376,no_target_in_range
221,optical_fallback,/clear,16,552.350336365871,281.61872437128375,72.11102550927978,14.422205101855956,0,0,3,17.42220510185596,no_target_in_range
222,optical_fallback,/clear,16,561.083614172148,308.5209521369984,28.284271247461877,5.656854249492375,0,0,3,8.656854249492376,no_target_in_range
223,optical_fallback,/clear,16,569.816891978425,335.4231799027131,28.284271247461934,5.656854249492387,0,0,3,8.656854249492387,no_target_in_range
224,optical_fallback,/clear,16,578.550169784702,362.3254076684278,28.284271247461877,5.656854249492375,0,0,3,8.656854249492376,no_target_in_range
225,optical_fallback,/clear,16,570.1680891518669,290.7031993510026,72.11102550927978,14.422205101855956,0,0,3,17.42220510185596,no_target_in_range
226,optical_fallback,/clear,16,578.9013669581439,317.60542711671724,28.284271247461877,5.656854249492375,0,0,3,8.656854249492376,no_target_in_range
227,optical_fallback,/clear,16,587.6346447644208,344.50765488243195,28.284271247461934,5.656854249492387,0,0,3,8.656854249492387,no_target_in_range
228,optical_fallback,/clear,16,596.3679225706978,371.4098826481466,28.284271247461877,5.656854249492375,0,0,3,8.656854249492376,no_target_in_range
229,optical_fallback,/clear,16,587.9858419378627,299.7876743307214,72.11102550927978,14.422205101855956,0,0,3,17.42220510185596,no_target_in_range
230,optical_fallback,/clear,16,596.7191197441397,326.6899020964361,28.284271247461877,5.656854249492375,0,0,3,8.656854249492376,no_target_in_range
231,optical_fallback,/clear,16,605.4523975504167,353.5921298621508,28.284271247461934,5.656854249492387,0,0,3,8.656854249492387,no_target_in_range
232,optical_fallback,/clear,16,614.1856753566938,380.49435762786544,28.284271247461913,5.656854249492382,0,0,3,8.656854249492383,no_target_in_range
233,optical_fallback,/clear,16,605.8035947238585,308.87214931044025,72.1110255092798,14.42220510185596,0,0,3,17.42220510185596,no_target_in_range
234,optical_fallback,/clear,16,614.5368725301355,335.7743770761549,28.284271247461877,5.656854249492375,0,0,3,8.656854249492376,no_target_in_range
235,optical_fallback,/clear,16,623.2701503364126,362.6766048418696,28.28427124746197,5.656854249492394,0,0,3,8.656854249492394,no_target_in_range
236,optical_fallback,/clear,16,632.0034281426896,389.5788326075843,28.284271247461877,5.656854249492375,0,0,3,8.656854249492376,no_target_in_range
237,optical_fallback,/clear,16,623.6213475098543,317.9566242901591,72.1110255092798,14.42220510185596,0,0,3,17.42220510185596,no_target_in_range
238,optical_fallback,/clear,16,632.3546253161314,344.85885205587374,28.284271247461913,5.656854249492382,0,0,3,8.656854249492383,no_target_in_range
239,optical_fallback,/clear,16,641.0879031224084,371.76107982158845,28.284271247461934,5.656854249492387,0,0,3,8.656854249492387,no_target_in_range
240,optical_fallback,/clear,16,649.8211809286854,398.6633075873031,28.284271247461877,5.656854249492375,0,0,3,8.656854249492376,no_target_in_range
241,optical_fallback,/clear,16,641.4391002958503,327.0410992698779,72.11102550927978,14.422205101855956,0,0,3,17.42220510185596,no_target_in_range
242,optical_fallback,/clear,16,650.1723781021273,353.9433270355926,28.284271247461877,5.656854249492375,0,0,3,8.656854249492376,no_target_in_range
243,optical_fallback,/clear,16,658.9056559084042,380.8455548013073,28.284271247461934,5.656854249492387,0,0,3,8.656854249492387,no_target_in_range
244,optical_fallback,/clear,16,667.6389337146812,407.74778256702194,28.284271247461877,5.656854249492375,0,0,3,8.656854249492376,no_target_in_range
245,optical_fallback,/clear,16,659.2568530818461,336.12557424959675,72.11102550927978,14.422205101855956,0,0,3,17.42220510185596,no_target_in_range
246,optical_fallback,/clear,16,667.9901308881231,363.0278020153114,28.284271247461877,5.656854249492375,0,0,3,8.656854249492376,no_target_in_range
247,optical_fallback,/clear,16,676.7234086944001,389.9300297810261,28.284271247461934,5.656854249492387,0,0,3,8.656854249492387,no_target_in_range
248,optical_fallback,/clear,16,685.456686500677,416.8322575467408,28.284271247461877,5.656854249492375,0,0,3,8.656854249492376,no_target_in_range
249,optical_fallback,/clear,16,677.0746058678419,345.2100492293156,72.11102550927978,14.422205101855956,0,0,3,17.42220510185596,no_target_in_range
250,optical_fallback,/clear,16,685.8078836741189,372.11227699503024,28.284271247461877,5.656854249492375,0,0,3,8.656854249492376,no_target_in_range
251,optical_fallback,/clear,16,694.5411614803959,399.01450476074496,28.284271247461934,5.656854249492387,0,0,3,8.656854249492387,no_target_in_range
252,optical_fallback,/clear,16,703.2744392866729,425.91673252645955,28.284271247461824,5.656854249492365,0,0,3,8.656854249492365,no_target_in_range
253,optical_fallback,/clear,16,694.8923586538377,354.2945242090344,72.11102550927973,14.422205101855946,0,0,3,17.422205101855944,no_target_in_range
254,optical_fallback,/clear,16,703.6256364601147,381.1967519747491,28.284271247461877,5.656854249492375,0,0,3,8.656854249492376,no_target_in_range
255,optical_fallback,/clear,16,712.3589142663917,408.09897974046373,28.284271247461877,5.656854249492375,0,0,3,8.656854249492376,no_target_in_range
256,optical_fallback,/clear,16,721.0921920726688,435.0012075061784,28.284271247461913,5.656854249492382,0,0,3,8.656854249492383,no_target_in_range
257,optical_fallback,/clear,16,712.7101114398336,363.37899918875326,72.11102550927974,14.422205101855948,0,0,3,17.422205101855948,no_target_in_range
258,optical_fallback,/clear,16,721.4433892461105,390.28122695446785,28.284271247461824,5.656854249492365,0,0,3,8.656854249492365,no_target_in_range
259,optical_fallback,/clear,16,730.1766670523876,417.18345472018257,28.28427124746197,5.656854249492394,0,0,3,8.656854249492394,no_target_in_range
260,optical_fallback,/clear,16,738.9099448586646,444.0856824858972,28.284271247461877,5.656854249492375,0,0,3,8.656854249492376,no_target_in_range
261,optical_fallback,/clear,16,730.5278642258294,372.46347416847203,72.1110255092798,14.42220510185596,0,0,3,17.42220510185596,no_target_in_range
262,optical_fallback,/clear,16,739.2611420321065,399.3657019341867,28.284271247461913,5.656854249492382,0,0,3,8.656854249492383,no_target_in_range
263,optical_fallback,/clear,16,747.9944198383835,426.2679296999014,28.284271247461934,5.656854249492387,0,0,3,8.656854249492387,no_target_in_range
264,optical_fallback,/clear,16,756.7276976446605,453.17015746561606,28.284271247461877,5.656854249492375,0,0,3,8.656854249492376,no_target_in_range
265,optical_fallback,/clear,16,748.3456170118253,381.54794914819087,72.11102550927978,14.422205101855956,0,0,3,17.42220510185596,no_target_in_range
266,optical_fallback,/clear,16,757.0788948181023,408.4501769139055,28.284271247461877,5.656854249492375,0,0,3,8.656854249492376,no_target_in_range
267,optical_fallback,/clear,16,765.8121726243793,435.35240467962024,28.284271247461934,5.656854249492387,0,0,3,8.656854249492387,no_target_in_range
268,optical_fallback,/clear,16,774.5454504306563,462.2546324453349,28.284271247461877,5.656854249492375,0,0,3,8.656854249492376,no_target_in_range
269,optical_fallback,/clear,16,766.1633697978211,390.6324241279097,72.11102550927978,14.422205101855956,0,0,3,17.42220510185596,no_target_in_range
270,optical_fallback,/clear,16,774.8966476040981,417.53465189362436,28.284271247461877,5.656854249492375,0,0,3,8.656854249492376,no_target_in_range
271,optical_fallback,/clear,16,783.6299254103751,444.43687965933907,28.284271247461934,5.656854249492387,0,0,3,8.656854249492387,no_target_in_range
272,optical_fallback,/clear,16,792.3632032166521,471.3391074250537,28.284271247461877,5.656854249492375,0,0,3,8.656854249492376,no_target_in_range
273,optical_fallback,/clear,16,783.981122583817,399.71689910762854,72.11102550927978,14.422205101855956,0,0,3,17.42220510185596,no_target_in_range
274,optical_fallback,/clear,16,792.7144003900939,426.6191268733432,28.284271247461877,5.656854249492375,0,0,3,8.656854249492376,no_target_in_range
275,optical_fallback,/clear,16,801.4476781963709,453.5213546390579,28.284271247461934,5.656854249492387,0,0,3,8.656854249492387,no_target_in_range
276,optical_fallback,/clear,16,810.1809560026479,480.42358240477256,28.284271247461877,5.656854249492375,0,0,3,8.656854249492376,no_target_in_range
277,optical_fallback,/clear,16,801.7988753698128,408.80137408734737,72.11102550927978,14.422205101855956,0,0,3,17.42220510185596,no_target_in_range
278,optical_fallback,/clear,16,810.5321531760898,435.703601853062,28.284271247461877,5.656854249492375,0,0,3,8.656854249492376,no_target_in_range
279,optical_fallback,/clear,16,819.2654309823668,462.60582961877674,28.284271247461934,5.656854249492387,0,0,3,8.656854249492387,no_target_in_range
280,optical_fallback,/clear,16,827.9987087886439,489.5080573844914,28.284271247461913,5.656854249492382,0,0,3,8.656854249492383,no_target_in_range
281,optical_fallback,/clear,16,819.6166281558086,417.8858490670662,72.1110255092798,14.42220510185596,0,0,3,17.42220510185596,no_target_in_range
282,optical_fallback,/clear,16,828.3499059620856,444.78807683278086,28.284271247461877,5.656854249492375,0,0,5,10.656854249492376,success
283,optical_fallback,/clear,13,858.832795087808,382.10761583834346,69.69968952532194,13.939937905064388,0,0,3,16.93993790506439,no_target_in_range
284,optical_fallback,/clear,13,840.5597568944504,373.97766656518723,19.99999999999997,3.9999999999999942,0,0,3,6.999999999999995,no_target_in_range
285,optical_fallback,/clear,13,877.1058332811657,390.2375651114997,40.00000000000004,8.000000000000009,0,0,3,11.000000000000009,no_target_in_range
286,optical_fallback,/clear,13,822.2867187010928,365.84771729203095,60.000000000000036,12.000000000000007,0,0,3,15.000000000000007,no_target_in_range
287,optical_fallback,/clear,13,895.3788714745233,398.367514384656,80.00000000000003,16.000000000000007,0,0,3,19.000000000000007,no_target_in_range
288,optical_fallback,/clear,13,866.9627443609643,363.83457764498587,44.72135954999581,8.944271909999163,0,0,3,11.944271909999163,no_target_in_range
289,optical_fallback,/clear,13,804.0136805077352,357.7177680188747,63.24555320336756,12.649110640673511,0,0,3,15.649110640673511,no_target_in_range
290,optical_fallback,/clear,13,848.6897061676067,355.70462837182964,44.72135954999578,8.944271909999156,0,0,3,11.944271909999156,no_target_in_range
291,optical_fallback,/clear,13,885.235782554322,371.9645269181421,40.00000000000004,8.000000000000009,0,0,3,11.000000000000009,no_target_in_range
292,optical_fallback,/clear,13,913.6519096678809,406.4974636578122,44.72135954999573,8.944271909999147,0,0,5,13.944271909999147,success
293,optical_fallback,/clear,8,936.9050218597654,86.07543211597954,321.2646658504536,64.25293317009071,0,0,3,67.25293317009071,no_target_in_range
294,optical_fallback,/clear,8,916.9291127356619,85.09407862943118,20.00000000000006,4.000000000000012,0,0,3,7.000000000000012,no_target_in_range
295,optical_fallback,/clear,8,956.8809309838688,87.0567856025279,40.00000000000001,8.000000000000002,0,0,3,11.000000000000002,no_target_in_range
296,optical_fallback,/clear,8,896.9532036115585,84.11272514288282,59.99999999999996,11.999999999999991,0,0,3,14.999999999999991,no_target_in_range
297,optical_fallback,/clear,8,976.8568401079723,88.03813908907624,80.00000000000001,16.000000000000004,0,0,3,19.000000000000004,no_target_in_range
298,optical_fallback,/clear,8,876.977294487455,83.13137165633447,100.00000000000009,20.000000000000018,0,0,3,23.000000000000018,no_target_in_range
299,optical_fallback,/clear,8,996.8327492320757,89.0194925756246,120.00000000000003,24.000000000000007,0,0,3,27.000000000000007,no_target_in_range
300,optical_fallback,/clear,8,857.0013853633516,82.15001816978611,139.99999999999997,27.999999999999993,0,0,3,30.999999999999993,no_target_in_range
301,optical_fallback,/clear,8,1016.8086583561792,90.00084606217294,160.00000000000003,32.00000000000001,0,0,3,35.00000000000001,no_target_in_range
302,optical_fallback,/clear,8,837.0254762392481,81.16866468323776,180.00000000000009,36.000000000000014,0,0,3,39.000000000000014,no_target_in_range
303,optical_fallback,/clear,8,1036.7845674802827,90.9821995487213,200.00000000000017,40.000000000000036,0,0,3,43.000000000000036,no_target_in_range
304,optical_fallback,/clear,8,817.0495671151447,80.18731119668941,220.00000000000009,44.000000000000014,0,0,3,47.000000000000014,no_target_in_range
305,optical_fallback,/clear,8,937.8863753463138,66.09952299187609,121.65525060596448,24.331050121192895,0,0,3,27.331050121192895,no_target_in_range
306,optical_fallback,/clear,8,917.9104662222103,65.11816950532773,20.00000000000006,4.000000000000012,0,0,3,7.000000000000012,no_target_in_range
307,optical_fallback,/clear,8,957.8622844704172,67.08087647842444,40.00000000000001,8.000000000000002,0,0,3,11.000000000000002,no_target_in_range
308,optical_fallback,/clear,8,897.9345570981069,64.13681601877937,59.99999999999996,11.999999999999991,0,0,3,14.999999999999991,no_target_in_range
309,optical_fallback,/clear,8,977.8381935945207,68.06222996497279,80.00000000000001,16.000000000000004,0,0,3,19.000000000000004,no_target_in_range
310,optical_fallback,/clear,8,877.9586479740034,63.15546253223103,100.00000000000009,20.000000000000018,0,0,3,23.000000000000018,no_target_in_range
311,optical_fallback,/clear,8,1056.7604766043862,91.96355303526965,181.1077027627485,36.2215405525497,0,0,3,39.2215405525497,no_target_in_range
312,optical_fallback,/clear,8,797.0736579910412,79.20595771014106,260.0000000000002,52.00000000000004,0,0,3,55.00000000000004,no_target_in_range
313,optical_fallback,/clear,8,997.8141027186241,69.04358345152114,200.9975124224179,40.19950248448358,0,0,3,43.19950248448358,no_target_in_range
314,optical_fallback,/clear,8,857.9827388499,62.17410904568267,139.99999999999997,27.999999999999993,0,0,3,30.999999999999993,no_target_in_range
315,optical_fallback,/clear,8,1017.7900118427276,70.0249369380695,160.00000000000003,32.00000000000001,0,0,3,35.00000000000001,no_target_in_range
316,optical_fallback,/clear,8,1076.7363857284895,92.94490652181801,63.245553203367486,12.649110640673497,0,0,3,15.649110640673497,no_target_in_range
317,optical_fallback,/clear,8,838.0068297257965,61.19275555913431,240.8318915758459,48.16637831516918,0,0,3,51.16637831516918,no_target_in_range
318,optical_fallback,/clear,8,777.0977488669378,78.2246042235927,63.245553203367606,12.649110640673522,0,0,3,15.649110640673522,no_target_in_range
319,optical_fallback,/clear,8,1037.765920966831,71.00629042461786,260.76809620810593,52.153619241621186,0,0,3,55.153619241621186,no_target_in_range
320,optical_fallback,/clear,8,818.0309206016931,60.211402072585955,219.99999999999986,43.99999999999997,0,0,3,46.99999999999997,no_target_in_range
321,optical_fallback,/clear,8,938.8677288328621,46.12361386777263,121.65525060596437,24.331050121192874,0,0,3,27.331050121192874,no_target_in_range
322,optical_fallback,/clear,8,918.8918197087586,45.14226038122428,20.00000000000006,4.000000000000012,0,0,3,7.000000000000012,no_target_in_range
323,optical_fallback,/clear,8,958.8436379569655,47.10496735432099,40.00000000000001,8.000000000000002,0,0,3,11.000000000000002,no_target_in_range
324,optical_fallback,/clear,8,1096.712294852593,93.92626000836637,145.60219778561043,29.120439557122086,0,0,3,32.12043955712208,no_target_in_range
325,optical_fallback,/clear,8,898.9159105846552,44.160906894675925,203.96078054371142,40.79215610874228,0,0,3,43.79215610874228,no_target_in_range
326,optical_fallback,/clear,8,1057.7418300909344,71.9876439111662,161.24515496597098,32.2490309931942,0,0,3,35.2490309931942,no_target_in_range
327,optical_fallback,/clear,8,978.819547081069,48.08632084086934,82.46211251235317,16.492422502470635,0,0,3,19.492422502470635,no_target_in_range
328,optical_fallback,/clear,8,757.1218397428344,77.24325073704435,223.60679774997897,44.721359549995796,0,0,3,47.721359549995796,no_target_in_range
329,optical_fallback,/clear,8,878.9400014605517,43.179553408127575,126.4911064067351,25.29822128134702,0,0,3,28.29822128134702,no_target_in_range
330,optical_fallback,/clear,8,798.0550114775896,59.23004858603761,82.46211251235317,16.492422502470635,0,0,3,19.492422502470635,no_target_in_range
331,optical_fallback,/clear,8,998.7954562051724,49.0676743274177,200.9975124224178,40.19950248448356,0,0,3,43.19950248448356,no_target_in_range
332,optical_fallback,/clear,8,858.9640923364483,42.19819992157922,139.99999999999997,27.999999999999993,0,0,3,30.999999999999993,no_target_in_range
333,optical_fallback,/clear,8,1018.7713653292759,50.04902781396605,160.00000000000003,32.00000000000001,0,0,3,35.00000000000001,no_target_in_range
334,optical_fallback,/clear,8,1077.7177392150377,72.96899739771456,63.245553203367386,12.649110640673477,0,0,3,15.649110640673477,no_target_in_range
335,optical_fallback,/clear,8,1116.6882039766965,94.90761349491473,44.72135954999605,8.94427190999921,0,0,3,11.94427190999921,no_target_in_range
336,optical_fallback,/clear,8,838.9881832123448,41.21684643503087,282.8427124746192,56.56854249492384,0,0,3,59.56854249492384,no_target_in_range
337,optical_fallback,/clear,8,778.0791023534862,58.248695099489254,63.24555320336749,12.649110640673499,0,0,3,15.649110640673499,no_target_in_range
338,optical_fallback,/clear,8,737.1459306187309,76.26189725049599,44.72135954999585,8.94427190999917,0,0,3,11.94427190999917,no_target_in_range
339,optical_fallback,/clear,8,1038.7472744533793,51.03038130051441,302.65491900843114,60.530983801686226,0,0,3,63.530983801686226,no_target_in_range
340,optical_fallback,/clear,8,819.0122740882414,40.23549294848251,219.99999999999997,43.99999999999999,0,0,3,46.99999999999999,no_target_in_range
341,optical_fallback,/clear,8,1097.6936483391412,73.95035088426292,280.7133769523639,56.142675390472775,0,0,3,59.142675390472775,no_target_in_range
342,optical_fallback,/clear,8,939.8490823194104,26.147704743669184,164.92422502470635,32.98484500494127,0,0,3,35.98484500494127,no_target_in_range
343,optical_fallback,/clear,8,919.8731731953069,25.166351257120834,20.00000000000006,4.000000000000012,0,0,3,7.000000000000012,no_target_in_range
344,optical_fallback,/clear,8,959.8249914435138,27.12905823021754,40.00000000000001,8.000000000000002,0,0,3,11.000000000000002,no_target_in_range
345,optical_fallback,/clear,8,758.1031932293828,57.267341612940896,203.96078054371122,40.79215610874225,0,0,3,43.79215610874225,no_target_in_range
346,optical_fallback,/clear,8,1136.6641131008,95.88896698146307,380.52595180880905,76.10519036176181,0,0,3,79.10519036176181,no_target_in_range
347,optical_fallback,/clear,8,899.8972640712035,24.184997770572476,247.38633753705983,49.477267507411966,0,0,3,52.477267507411966,no_target_in_range
348,optical_fallback,/clear,8,1058.7231835774828,52.01173478706276,161.2451549659711,32.24903099319422,0,0,3,35.24903099319422,no_target_in_range
349,optical_fallback,/clear,8,979.8009005676173,28.110411716765892,82.46211251235327,16.492422502470653,0,0,3,19.492422502470653,no_target_in_range
350,optical_fallback,/clear,8,799.0363649641379,39.25413946193416,181.10770276274837,36.221540552549676,0,0,3,39.221540552549676,no_target_in_range
351,optical_fallback,/clear,8,879.9213549471,23.203644284024126,82.46211251235317,16.492422502470635,0,0,3,19.492422502470635,no_target_in_range
352,optical_fallback,/clear,8,717.1700214946275,75.28054376394763,170.8800749063505,34.1760149812701,0,0,3,37.1760149812701,no_target_in_range
353,optical_fallback,/clear,8,999.7768096917207,29.09176520331425,286.356421265527,57.2712842531054,0,0,3,60.2712842531054,no_target_in_range
354,optical_fallback,/clear,8,859.9454458229966,22.222290797475768,139.99999999999997,27.999999999999993,0,0,3,30.999999999999993,no_target_in_range
355,optical_fallback,/clear,8,1117.6695574632447,74.93170437081127,263.0589287593181,52.61178575186362,0,0,3,55.61178575186362,no_target_in_range
356,optical_fallback,/clear,8,1078.699092701586,52.993088273611114,44.72135954999585,8.94427190999917,0,0,3,11.94427190999917,no_target_in_range
357,optical_fallback,/clear,8,1019.7527188158242,30.0731186898626,63.24555320336749,12.649110640673499,0,0,3,15.649110640673499,no_target_in_range
358,optical_fallback,/clear,8,738.1272841052793,56.28598812639254,282.84271247461896,56.56854249492379,0,0,3,59.56854249492379,no_target_in_range
359,optical_fallback,/clear,8,779.0604558400345,38.2727859753858,44.72135954999575,8.94427190999915,0,0,3,11.94427190999915,no_target_in_range
360,optical_fallback,/clear,8,839.9695366988931,21.240937310927418,63.24555320336749,12.649110640673499,0,0,3,15.649110640673499,no_target_in_range
361,optical_fallback,/clear,8,1156.6400222249033,96.87032046801143,325.57641192199424,65.11528238439885,0,0,3,68.11528238439885,no_target_in_range
362,optical_fallback,/clear,8,1039.7286279399277,31.054472176410957,134.16407864998735,26.83281572999747,0,0,3,29.83281572999747,no_target_in_range
363,optical_fallback,/clear,8,697.194112370524,74.29919027739928,345.25353003264144,69.05070600652829,0,0,3,72.05070600652829,no_target_in_range
364,optical_fallback,/clear,8,819.9936275747897,20.25958382437906,134.16407864998735,26.83281572999747,0,0,3,29.83281572999747,no_target_in_range
365,optical_fallback,/clear,8,1098.6750018256896,53.974441760159465,280.713376952364,56.1426753904728,0,0,3,59.1426753904728,no_target_in_range
366,optical_fallback,/clear,8,1137.6454665873482,75.91305785735962,44.721359549995846,8.94427190999917,0,0,3,11.94427190999917,no_target_in_range
367,optical_fallback,/clear,8,759.0845467159311,37.29143248883745,380.52595180880894,76.10519036176179,0,0,3,79.10519036176179,no_target_in_range
368,optical_fallback,/clear,8,940.8304358059588,6.171795619565735,184.39088914585776,36.87817782917155,0,0,3,39.87817782917155,no_target_in_range
369,optical_fallback,/clear,8,920.8545266818553,5.190442133017385,20.00000000000006,4.000000000000012,0,0,3,7.000000000000012,no_target_in_range
370,optical_fallback,/clear,8,1059.7045370640312,32.03582566295931,141.42135623730965,28.28427124746193,0,0,3,31.28427124746193,no_target_in_range
371,optical_fallback,/clear,8,718.1513749811759,55.304634639844195,342.34485537247383,68.46897107449476,0,0,3,71.46897107449476,no_target_in_range
372,optical_fallback,/clear,8,960.8063449300622,7.153149106114093,247.38633753705952,49.4772675074119,0,0,3,52.4772675074119,no_target_in_range
373,optical_fallback,/clear,8,900.8786175577519,4.209088646469027,59.99999999999996,11.999999999999991,0,0,3,14.999999999999991,no_target_in_range
374,optical_fallback,/clear,8,800.0177184506862,19.27823033783071,101.98039027185584,20.396078054371166,0,0,3,23.396078054371166,no_target_in_range
375,optical_fallback,/clear,8,980.7822540541657,8.134502592662443,181.1077027627485,36.2215405525497,0,0,3,39.2215405525497,no_target_in_range
376,optical_fallback,/clear,8,880.9027084336484,3.2277351599206767,100.00000000000009,20.000000000000018,0,0,3,23.000000000000018,no_target_in_range
377,optical_fallback,/clear,8,1176.6159313490068,97.85167395455977,310.4834939252006,62.09669878504012,0,0,3,65.09669878504012,no_target_in_range
378,optical_fallback,/clear,8,1000.7581631782691,9.1158560792108,196.97715603592218,39.39543120718444,0,0,3,42.39543120718444,no_target_in_range
379,optical_fallback,/clear,8,1118.6509109497931,54.95579524670782,126.49110640673518,25.298221281347036,0,0,3,28.298221281347036,no_target_in_range
380,optical_fallback,/clear,8,860.926799309545,2.246381673372319,263.0589287593181,52.61178575186362,0,0,3,55.61178575186362,no_target_in_range
381,optical_fallback,/clear,8,677.2182032464206,73.31783679085093,196.9771560359221,39.395431207184416,0,0,3,42.395431207184416,no_target_in_range
382,optical_fallback,/clear,8,1079.6804461881345,33.01717914950767,404.4749683231336,80.89499366462672,0,0,3,83.89499366462672,no_target_in_range
383,optical_fallback,/clear,8,739.1086375918276,36.31007900228909,340.587727318528,68.1175454637056,0,0,3,71.1175454637056,no_target_in_range
384,optical_fallback,/clear,8,1157.6213757114515,76.89441134390798,420.4759208325726,84.09518416651453,0,0,3,87.09518416651453,no_target_in_range
385,optical_fallback,/clear,8,780.0418093265828,18.296876851282352,382.09946349085595,76.4198926981712,0,0,3,79.4198926981712,no_target_in_range
386,optical_fallback,/clear,8,1020.7340723023726,10.097209565759151,240.83189157584604,48.16637831516921,0,0,3,51.16637831516921,no_target_in_range
387,optical_fallback,/clear,8,840.9508901854415,1.2650281868239688,180.00000000000009,36.000000000000014,0,0,3,39.000000000000014,no_target_in_range
388,optical_fallback,/clear,8,698.1754658570724,54.32328115329584,152.31546211727812,30.463092423455624,0,0,3,33.46309242345562,no_target_in_range
389,optical_fallback,/clear,8,1040.709981426476,11.078563052307508,345.2535300326412,69.05070600652824,0,0,3,72.05070600652824,no_target_in_range
390,optical_fallback,/clear,8,1099.656355312238,33.99853263605601,63.2455532033677,12.64911064067354,0,0,3,15.64911064067354,no_target_in_range
391,optical_fallback,/clear,8,1138.6268200738966,55.93714873325617,44.72135954999585,8.94427190999917,0,0,3,11.94427190999917,no_target_in_range
392,optical_fallback,/clear,8,820.9749810613381,0.28367470027561126,322.4903099319421,64.49806198638842,0,0,3,67.49806198638842,no_target_in_range
393,optical_fallback,/clear,8,1196.5918404731103,98.83302744110813,388.3297567789521,77.66595135579043,0,0,3,80.66595135579043,no_target_in_range
394,optical_fallback,/clear,8,760.0659002024794,17.315523364734002,444.07206622349054,88.8144132446981,0,0,3,91.8144132446981,no_target_in_range
395,optical_fallback,/clear,8,719.1327284677242,35.32872551574074,44.72135954999575,8.94427190999915,0,0,3,11.94427190999915,no_target_in_range
396,optical_fallback,/clear,8,1060.6858905505794,12.059916538855859,342.3448553724737,68.46897107449475,0,0,3,71.46897107449475,no_target_in_range
397,optical_fallback,/clear,8,657.242294122317,72.33648330430258,407.9215610874228,81.58431221748455,0,0,3,84.58431221748455,no_target_in_range
398,optical_fallback,/clear,8,1177.597284835555,77.87576483045633,520.3844732503075,104.07689465006149,0,0,3,107.07689465006149,no_target_in_range
399,optical_fallback,/clear,8,800.9990719372346,-0.6976787862727392,384.7076812334268,76.94153624668536,0,0,3,79.94153624668536,no_target_in_range
400,optical_fallback,/clear,8,678.199556732969,53.34192766674748,134.16407864998726,26.832815729997453,0,0,3,29.832815729997453,no_target_in_range
401,optical_fallback,/clear,8,1119.6322644363415,34.97988612260437,441.81444068749045,88.36288813749809,0,0,3,91.36288813749809,no_target_in_range
402,optical_fallback,/clear,8,1158.602729198,56.91850221980453,44.721359549995654,8.94427190999913,0,0,3,11.94427190999913,no_target_in_range
403,optical_fallback,/clear,8,740.0899910783759,16.334169878185644,420.47592083257274,84.09518416651454,0,0,3,87.09518416651454,no_target_in_range
404,optical_fallback,/clear,8,1080.6617996746827,13.041270025404216,340.58772731852787,68.11754546370557,0,0,3,71.11754546370557,no_target_in_range
405,optical_fallback,/clear,8,781.0231628131312,-1.6790322728210967,299.9999999999998,59.99999999999996,0,0,3,62.99999999999996,no_target_in_range
406,optical_fallback,/clear,8,699.1568193436207,34.347372029192385,89.4427190999916,17.888543819998322,0,0,3,20.888543819998322,no_target_in_range
407,optical_fallback,/clear,8,1216.5677495972138,99.81438092765649,521.5361924162121,104.30723848324241,0,0,3,107.30723848324241,no_target_in_range
408,optical_fallback,/clear,8,1197.5731939596585,78.85711831700469,28.28427124746205,5.65685424949241,0,0,3,8.65685424949241,no_target_in_range
409,optical_fallback,/clear,8,1139.608173560445,35.96123960915273,72.11102550927966,14.422205101855932,0,0,3,17.42220510185593,no_target_in_range
410,optical_fallback,/clear,8,637.2663849982137,71.35512981775423,503.587132480567,100.7174264961134,0,0,3,103.7174264961134,no_target_in_range
411,optical_fallback,/clear,8,1100.6377087987862,14.022623511952567,466.9047011971499,93.38094023942998,0,0,3,96.38094023942998,no_target_in_range
412,optical_fallback,/clear,8,720.1140819542725,15.352816391637294,380.5259518088088,76.10519036176177,0,0,3,79.10519036176177,no_target_in_range
413,optical_fallback,/clear,8,658.2236476088655,52.36057418019912,72.11102550927976,14.422205101855951,0,0,3,17.42220510185595,no_target_in_range
414,optical_fallback,/clear,8,761.0472536890278,-2.660385759369447,116.61903789690604,23.323807579381207,0,0,3,26.323807579381207,no_target_in_range
415,optical_fallback,/clear,8,1178.5786383221034,57.89985570635288,421.90046219457963,84.38009243891592,0,0,3,87.38009243891592,no_target_in_range
416,optical_fallback,/clear,8,679.1809102195173,33.366018542644035,499.99999999999994,99.99999999999999,0,0,3,102.99999999999999,no_target_in_range
417,optical_fallback,/clear,8,1120.6136179228897,15.003976998500924,441.81444068749033,88.36288813749806,0,0,3,91.36288813749806,no_target_in_range
418,optical_fallback,/clear,8,1159.5840826845483,36.942593095701085,44.72135954999585,8.94427190999917,0,0,3,11.94427190999917,no_target_in_range
419,optical_fallback,/clear,8,1236.5436587213171,100.79573441420484,100.00000000000004,20.000000000000007,0,0,3,23.000000000000007,no_target_in_range
420,optical_fallback,/clear,8,741.0713445649243,-3.6417392459178046,506.35955604688655,101.27191120937731,0,0,3,104.27191120937731,no_target_in_range
421,optical_fallback,/clear,8,1217.549103083762,79.83847180355303,483.735464897913,96.7470929795826,0,0,3,99.7470929795826,no_target_in_range
422,optical_fallback,/clear,8,700.138172830169,14.371462905088936,521.536192416212,104.3072384832424,0,0,3,107.3072384832424,no_target_in_range
423,optical_fallback,/clear,8,617.2904758741101,70.37377633120587,99.99999999999999,19.999999999999996,0,0,3,22.999999999999996,no_target_in_range
424,optical_fallback,/clear,8,638.2477384847621,51.37922069365078,28.284271247461994,5.656854249492399,0,0,3,8.6568542494924,no_target_in_range
425,optical_fallback,/clear,8,1198.554547446207,58.88120919290124,560.357029044876,112.07140580897519,0,0,3,115.07140580897519,no_target_in_range
426,optical_fallback,/clear,8,1140.5895270469932,15.985330485049275,72.11102550927984,14.422205101855969,0,0,3,17.42220510185597,no_target_in_range
427,optical_fallback,/clear,8,659.2050010954138,32.38466505609568,481.6637831516918,96.33275663033837,0,0,3,99.33275663033837,no_target_in_range
428,optical_fallback,/clear,8,721.0954354408209,-4.623092732466155,72.11102550927986,14.42220510185597,0,0,3,17.422205101855972,no_target_in_range
429,optical_fallback,/clear,8,1179.5599918086518,37.92394658224943,460.43457732885355,92.08691546577072,0,0,3,95.08691546577072,no_target_in_range
430,optical_fallback,/clear,8,680.1622637060656,13.390109418540586,500.00000000000006,100.00000000000001,0,0,3,103.00000000000001,no_target_in_range
431,optical_fallback,/clear,8,1256.5195678454206,101.7770879007532,583.0951894845302,116.61903789690605,0,0,3,119.61903789690605,no_target_in_range
432,optical_fallback,/clear,8,1237.5250122078653,80.81982529010139,28.284271247462062,5.656854249492413,0,0,3,8.656854249492412,no_target_in_range
433,optical_fallback,/clear,8,1160.5654361710965,16.966683971597632,100.00000000000004,20.000000000000007,0,0,3,23.000000000000007,no_target_in_range
434,optical_fallback,/clear,8,1218.5304565703104,59.86256267944959,72.11102550928003,14.422205101856004,0,0,3,17.422205101856004,no_target_in_range
435,optical_fallback,/clear,8,597.3145667500067,69.39242284465752,621.2889826803628,124.25779653607256,0,0,3,127.25779653607256,no_target_in_range
436,optical_fallback,/clear,8,618.2718293606586,50.39786720710242,28.28427124746191,5.6568542494923815,0,0,3,8.656854249492381,no_target_in_range
437,optical_fallback,/clear,8,701.1195263167174,-5.604446219014513,99.99999999999999,19.999999999999996,0,0,3,22.999999999999996,no_target_in_range
438,optical_fallback,/clear,8,639.2290919713104,31.403311569547327,72.11102550927976,14.422205101855951,0,0,3,17.42220510185595,no_target_in_range
439,optical_fallback,/clear,8,1199.5359009327553,38.905300068797786,560.3570290448761,112.07140580897521,0,0,3,115.07140580897521,no_target_in_range
440,optical_fallback,/clear,8,660.1863545819621,12.408755931992228,540.0000000000001,108.00000000000003,0,0,3,111.00000000000003,no_target_in_range
441,optical_fallback,/clear,8,1180.5413452952,17.948037458145983,520.3844732503075,104.07689465006149,0,0,3,107.07689465006149,no_target_in_range
442,optical_fallback,/clear,8,1257.5009213319688,81.80117877664975,100.00000000000006,20.00000000000001,0,0,3,23.00000000000001,no_target_in_range
443,optical_fallback,/clear,8,1276.4954769695241,102.75844138730156,28.284271247462062,5.656854249492413,0,0,3,8.656854249492412,no_target_in_range
444,optical_fallback,/clear,8,681.143617192614,-6.585799705562863,605.3098380168624,121.06196760337248,0,0,3,124.06196760337248,no_target_in_range
445,optical_fallback,/clear,8,1238.5063656944137,60.843916165997946,561.4267539047278,112.28535078094555,0,0,3,115.28535078094555,no_target_in_range
446,optical_fallback,/clear,8,598.2959202365552,49.416513720554065,640.3124237432847,128.06248474865694,0,0,3,131.06248474865694,no_target_in_range
447,optical_fallback,/clear,8,577.3386576259032,68.41106935810916,28.284271247461994,5.656854249492399,0,0,3,8.6568542494924,no_target_in_range
448,optical_fallback,/clear,8,1219.5118100568588,39.88665355534614,642.8063471995281,128.56126943990563,0,0,3,131.56126943990563,no_target_in_range
449,optical_fallback,/clear,8,619.2531828472069,30.421958082998973,600.3332407921456,120.06664815842912,0,0,3,123.06664815842912,no_target_in_range
450,optical_fallback,/clear,8,640.2104454578587,11.427402445443878,28.28427124746191,5.6568542494923815,0,0,3,8.656854249492381,no_target_in_range
451,optical_fallback,/clear,8,1200.5172544193035,18.92939094469434,560.357029044876,112.07140580897519,0,0,3,115.07140580897519,no_target_in_range
452,optical_fallback,/clear,8,661.1677080685105,-7.5671531921112205,540.0,108.0,0,0,3,111.0,no_target_in_range
453,optical_fallback,/clear,8,1277.4768304560723,82.7825322631981,622.8964600958975,124.5792920191795,0,0,3,127.5792920191795,no_target_in_range
454,optical_fallback,/clear,8,1258.4822748185172,61.8252696525463,28.28427124746191,5.6568542494923815,0,0,3,8.656854249492381,no_target_in_range
455,optical_fallback,/clear,8,1296.4713860936274,103.7397948738499,56.568542494923804,11.313708498984761,0,0,3,14.313708498984761,no_target_in_range
456,optical_fallback,/clear,8,1239.4877191809621,40.8680070418945,84.8528137423857,16.970562748477143,0,0,3,19.970562748477143,no_target_in_range
457,optical_fallback,/clear,8,578.3200111124517,48.435160234005714,661.2110101926615,132.2422020385323,0,0,3,135.2422020385323,no_target_in_range
458,optical_fallback,/clear,8,599.2772737231035,29.44060459645062,28.28427124746191,5.6568542494923815,0,0,3,8.656854249492381,no_target_in_range
459,optical_fallback,/clear,8,557.3627485017998,67.4297158715608,56.56854249492381,11.313708498984763,0,0,3,14.313708498984763,no_target_in_range
460,optical_fallback,/clear,8,620.2345363337552,10.446048958895524,84.85281374238562,16.970562748477125,0,0,3,19.970562748477125,no_target_in_range
461,optical_fallback,/clear,8,1220.493163543407,19.91074443124269,600.3332407921454,120.06664815842908,0,0,3,123.06664815842908,no_target_in_range
462,optical_fallback,/clear,8,641.1917989444071,-8.548506678659571,580.0,116.0,0,0,3,119.0,no_target_in_range
463,optical_fallback,/clear,8,1278.4581839426207,62.806623139094654,641.2487816752559,128.2497563350512,0,0,3,131.2497563350512,no_target_in_range
464,optical_fallback,/clear,8,1297.4527395801756,83.76388574974645,28.284271247461746,5.6568542494923495,0,0,3,8.65685424949235,no_target_in_range
465,optical_fallback,/clear,8,1259.4636283050656,41.849360528442844,56.56854249492365,11.31370849898473,0,0,3,14.31370849898473,no_target_in_range
466,optical_fallback,/clear,8,1316.447295217731,104.72114836039825,84.8528137423857,16.970562748477143,0,0,3,19.970562748477143,no_target_in_range
467,optical_fallback,/clear,8,579.301364599,28.459251109902265,741.0802925459562,148.21605850919124,0,0,3,151.21605850919124,no_target_in_range
468,optical_fallback,/clear,8,558.3441019883483,47.453806747457364,28.284271247461824,5.656854249492365,0,0,3,8.656854249492365,no_target_in_range
469,optical_fallback,/clear,8,1240.4690726675103,20.892097917791048,682.6419266350402,136.52838532700804,0,0,3,139.52838532700804,no_target_in_range
470,optical_fallback,/clear,8,600.2586272096518,9.46469547234717,640.3124237432847,128.06248474865694,0,0,3,131.06248474865694,no_target_in_range
471,optical_fallback,/clear,8,537.3868393776963,66.44836238501246,84.85281374238572,16.970562748477143,0,0,3,19.970562748477143,no_target_in_range
472,optical_fallback,/clear,8,621.2158898203036,-9.529860165207925,113.13708498984764,22.627416997969526,0,0,3,25.627416997969526,no_target_in_range
473,optical_fallback,/clear,8,1298.434093066724,63.787976625643005,681.175454637056,136.2350909274112,0,0,3,139.2350909274112,no_target_in_range
474,optical_fallback,/clear,8,1279.4395374291691,42.8307140149912,28.28427124746175,5.6568542494923495,0,0,3,8.65685424949235,no_target_in_range
475,optical_fallback,/clear,8,1317.428648704279,84.74523923629481,56.56854249492365,11.31370849898473,0,0,3,14.31370849898473,no_target_in_range
476,optical_fallback,/clear,8,1260.4449817916138,21.8734514043394,84.8528137423857,16.970562748477143,0,0,3,19.970562748477143,no_target_in_range
477,optical_fallback,/clear,8,559.3254554748966,27.47789762335391,701.141925718324,140.2283851436648,0,0,3,143.2283851436648,no_target_in_range
478,optical_fallback,/clear,8,1336.4232043418344,105.7025018469466,781.0249675906656,156.2049935181331,0,0,3,159.2049935181331,no_target_in_range
479,optical_fallback,/clear,8,580.2827180855483,8.483341985798816,762.3647421018369,152.47294842036737,0,0,3,155.47294842036737,no_target_in_range
480,optical_fallback,/clear,8,538.3681928642447,46.472453260909006,56.56854249492373,11.313708498984747,0,0,3,14.313708498984747,no_target_in_range
481,optical_fallback,/clear,8,601.2399806962002,-10.511213651756279,84.85281374238572,16.970562748477143,0,0,3,19.970562748477143,no_target_in_range
482,optical_fallback,/clear,8,517.4109302535929,65.4670088984641,113.13708498984764,22.627416997969526,0,0,3,25.627416997969526,no_target_in_range
483,optical_fallback,/clear,8,1299.4154465532724,43.81206750153956,782.3042886243178,156.46085772486356,0,0,3,159.46085772486356,no_target_in_range
484,optical_fallback,/clear,8,1318.4100021908275,64.76933011219135,28.2842712474619,5.65685424949238,0,0,3,8.65685424949238,no_target_in_range
485,optical_fallback,/clear,8,1280.4208909157173,22.854804890887756,56.568542494923804,11.313708498984761,0,0,3,14.313708498984761,no_target_in_range
486,optical_fallback,/clear,8,1337.4045578283826,85.72659272284317,84.8528137423857,16.970562748477143,0,0,3,19.970562748477143,no_target_in_range
487,optical_fallback,/clear,8,560.3068089614449,7.501988499250462,781.0249675906655,156.2049935181331,0,0,3,159.2049935181331,no_target_in_range
488,optical_fallback,/clear,8,539.349546350793,26.496544136805557,28.28427124746191,5.6568542494923815,0,0,3,8.656854249492381,no_target_in_range
489,optical_fallback,/clear,8,581.2640715720967,-11.492567138304633,56.56854249492382,11.313708498984763,0,0,3,14.313708498984763,no_target_in_range
490,optical_fallback,/clear,8,1356.399113465938,106.68385533349496,784.0918313565065,156.8183662713013,0,0,3,159.8183662713013,no_target_in_range
491,optical_fallback,/clear,8,518.3922837401414,45.49109977436065,840.2380615040004,168.04761230080007,0,0,3,171.04761230080007,no_target_in_range
492,optical_fallback,/clear,8,497.4350211294895,64.48565541191574,28.284271247461948,5.6568542494923895,0,0,3,8.65685424949239,no_target_in_range
493,optical_fallback,/clear,8,1319.391355677376,44.7934209880879,822.1921916437785,164.4384383287557,0,0,3,167.4384383287557,no_target_in_range
494,optical_fallback,/clear,8,1300.3968000398206,23.836158377436107,28.28427124746205,5.65685424949241,0,0,3,8.65685424949241,no_target_in_range
495,optical_fallback,/clear,8,1338.385911314931,65.75068359873971,56.56854249492395,11.313708498984791,0,0,3,14.313708498984791,no_target_in_range
496,optical_fallback,/clear,8,1357.3804669524861,86.70794620939152,28.28427124746191,5.6568542494923815,0,0,3,8.656854249492381,no_target_in_range
497,optical_fallback,/clear,8,540.3308998373413,6.520635012702108,820.9750300709518,164.19500601419037,0,0,3,167.19500601419037,no_target_in_range
498,optical_fallback,/clear,8,561.2881624479933,-12.473920624852987,28.284271247461994,5.656854249492399,0,0,3,8.6568542494924,no_target_in_range
499,optical_fallback,/clear,8,519.3736372266897,25.515190650257203,56.56854249492382,11.313708498984763,0,0,3,14.313708498984763,no_target_in_range
500,optical_fallback,/clear,8,1376.3750225900412,107.66520882004332,860.9297300012354,172.18594600024707,0,0,3,175.18594600024707,no_target_in_range
501,optical_fallback,/clear,8,498.41637461603784,44.5097462878123,880.2272433866156,176.04544867732312,0,0,3,179.04544867732312,no_target_in_range
502,optical_fallback,/clear,8,477.45911200538603,63.50430192536739,28.28427124746191,5.6568542494923815,0,0,3,8.656854249492381,no_target_in_range
503,optical_fallback,/clear,8,1320.3727091639241,24.817511863984457,843.8009243891594,168.76018487783188,0,0,3,171.76018487783188,no_target_in_range
504,optical_fallback,/clear,8,1339.3672648014795,45.77477447463626,28.284271247462055,5.656854249492411,0,0,3,8.656854249492412,no_target_in_range
505,optical_fallback,/clear,8,1358.3618204390345,66.73203708528807,28.28427124746191,5.6568542494923815,0,0,3,8.656854249492381,no_target_in_range
506,optical_fallback,/clear,8,541.3122533238898,-13.45527411140134,820.9750300709518,164.19500601419037,0,0,3,167.19500601419037,no_target_in_range
507,optical_fallback,/clear,8,520.354990713238,5.539281526153754,28.28427124746191,5.6568542494923815,0,0,3,8.656854249492381,no_target_in_range
508,optical_fallback,/clear,8,1377.3563760765894,87.68929969593987,860.9297300012353,172.18594600024704,0,0,3,175.18594600024704,no_target_in_range
509,optical_fallback,/clear,8,499.3977281025862,24.53383716370885,880.2272433866154,176.0454486773231,0,0,5,181.0454486773231,success
510,optical_fallback,/clear,2,446.58586411987835,-117.30756995310055,151.35414678892843,30.270829357785686,0,0,3,33.270829357785686,no_target_in_range
511,optical_fallback,/clear,2,465.41674542353877,-124.04536702094497,20.000000000000007,4.000000000000002,0,0,3,7.000000000000002,no_target_in_range
512,optical_fallback,/clear,2,427.75498281621793,-110.56977288525614,40.000000000000014,8.000000000000004,0,0,3,11.000000000000004,no_target_in_range
513,optical_fallback,/clear,2,484.2476267271992,-130.78316408878936,60.00000000000002,12.000000000000004,0,0,3,15.000000000000004,no_target_in_range
514,optical_fallback,/clear,2,408.9241015125575,-103.83197581741173,80.00000000000003,16.000000000000007,0,0,3,19.000000000000007,no_target_in_range
515,optical_fallback,/clear,2,503.0785080308596,-137.5209611566338,100.00000000000004,20.000000000000007,0,0,3,23.000000000000007,no_target_in_range
516,optical_fallback,/clear,2,390.0932202088971,-97.09417874956732,120.00000000000004,24.000000000000007,0,0,3,27.000000000000007,no_target_in_range
517,optical_fallback,/clear,2,521.9093893345199,-144.25875822447819,139.99999999999994,27.99999999999999,0,0,3,30.99999999999999,no_target_in_range
518,optical_fallback,/clear,2,439.8480670520339,-136.13845125676096,82.46211251235316,16.49242250247063,0,0,3,19.49242250247063,no_target_in_range
519,optical_fallback,/clear,2,371.2623389052367,-90.35638168172291,82.4621125123532,16.49242250247064,0,0,3,19.49242250247064,no_target_in_range
520,optical_fallback,/clear,2,458.67894835569433,-142.87624832460537,101.9803902718557,20.396078054371138,0,0,3,23.396078054371138,no_target_in_range
521,optical_fallback,/clear,2,421.0171857483735,-129.40065418891655,40.000000000000014,8.000000000000004,0,0,3,11.000000000000004,no_target_in_range
522,optical_fallback,/clear,2,477.50982965935475,-149.61404539244978,60.00000000000002,12.000000000000004,0,0,3,15.000000000000004,no_target_in_range
523,optical_fallback,/clear,2,402.1863044447131,-122.66285712107214,80.00000000000003,16.000000000000007,0,0,3,19.000000000000007,no_target_in_range
524,optical_fallback,/clear,2,540.7402706381804,-150.99655529232257,141.4213562373095,28.284271247461902,0,0,3,31.284271247461902,no_target_in_range
525,optical_fallback,/clear,2,496.34071096301517,-156.3518424602942,44.72135954999578,8.944271909999156,0,0,3,11.944271909999156,no_target_in_range
526,optical_fallback,/clear,2,383.35542314105265,-115.92506005322772,120.00000000000004,24.000000000000007,0,0,3,27.000000000000007,no_target_in_range
527,optical_fallback,/clear,2,352.43145760157626,-83.61858461387851,44.72135954999577,8.944271909999154,0,0,3,11.944271909999154,no_target_in_range
528,optical_fallback,/clear,2,515.1715922666756,-163.08963952813858,181.10770276274835,36.22154055254967,0,0,3,39.22154055254967,no_target_in_range
529,optical_fallback,/clear,2,364.52454183739223,-109.18726298538331,160.00000000000006,32.000000000000014,0,0,3,35.000000000000014,no_target_in_range
530,optical_fallback,/clear,2,433.11026998418953,-154.96933256042138,82.46211251235327,16.492422502470653,0,0,3,19.492422502470653,no_target_in_range
531,optical_fallback,/clear,2,559.5711519418408,-157.734352360167,126.4911064067351,25.29822128134702,0,0,3,28.29822128134702,no_target_in_range
532,optical_fallback,/clear,2,451.94115128784995,-161.7071296282658,107.70329614269001,21.540659228538,0,0,3,24.540659228538,no_target_in_range
533,optical_fallback,/clear,2,414.2793886805291,-148.23153549257697,40.000000000000014,8.000000000000004,0,0,3,11.000000000000004,no_target_in_range
534,optical_fallback,/clear,2,333.60057629791584,-76.8807875460341,107.70329614269009,21.54065922853802,0,0,3,24.54065922853802,no_target_in_range
535,optical_fallback,/clear,2,470.77203259151037,-168.4449266961102,164.92422502470646,32.98484500494129,0,0,3,35.98484500494129,no_target_in_range
536,optical_fallback,/clear,2,395.4485073768687,-141.49373842473256,80.00000000000003,16.000000000000007,0,0,3,19.000000000000007,no_target_in_range
537,optical_fallback,/clear,2,534.0024735703361,-169.827436595983,141.4213562373096,28.28427124746192,0,0,3,31.28427124746192,no_target_in_range
538,optical_fallback,/clear,2,345.6936605337318,-102.44946591753893,200.00000000000009,40.000000000000014,0,0,3,43.000000000000014,no_target_in_range
539,optical_fallback,/clear,2,489.6029138951708,-175.1827237639546,161.24515496597107,32.24903099319421,0,0,3,35.24903099319421,no_target_in_range
540,optical_fallback,/clear,2,376.61762607320827,-134.75594135688814,120.00000000000004,24.000000000000007,0,0,3,27.000000000000007,no_target_in_range
541,optical_fallback,/clear,2,578.4020332455012,-164.4721494280114,203.9607805437114,40.792156108742276,0,0,3,43.792156108742276,no_target_in_range
542,optical_fallback,/clear,2,508.43379519883115,-181.920520831799,72.11102550927981,14.422205101855962,0,0,3,17.422205101855962,no_target_in_range
543,optical_fallback,/clear,2,314.7696949942554,-70.1429904781897,223.60679774997897,44.721359549995796,0,0,3,47.721359549995796,no_target_in_range
544,optical_fallback,/clear,2,552.8333548739964,-176.5652336638274,260.768096208106,52.1536192416212,0,0,3,55.1536192416212,no_target_in_range
545,optical_fallback,/clear,2,357.78674476954785,-128.01814428904373,200.99751242241786,40.199502484483574,0,0,3,43.199502484483574,no_target_in_range
546,optical_fallback,/clear,2,326.8627792300714,-95.71166884969452,44.72135954999581,8.944271909999163,0,0,3,11.944271909999163,no_target_in_range
547,optical_fallback,/clear,2,426.37247291634515,-173.8002138640818,126.49110640673524,25.298221281347047,0,0,3,28.298221281347047,no_target_in_range
548,optical_fallback,/clear,2,445.20335422000556,-180.5380109319262,20.000000000000007,4.000000000000002,0,0,3,7.000000000000002,no_target_in_range
549,optical_fallback,/clear,2,407.5415916126847,-167.0624167962374,40.000000000000014,8.000000000000004,0,0,3,11.000000000000004,no_target_in_range
550,optical_fallback,/clear,2,464.034235523666,-187.27580799977062,60.00000000000002,12.000000000000004,0,0,3,15.000000000000004,no_target_in_range
551,optical_fallback,/clear,2,527.2646765024916,-188.6583178996434,63.24555320336758,12.649110640673516,0,0,3,15.649110640673516,no_target_in_range
552,optical_fallback,/clear,2,388.7107103090243,-160.32461972839297,141.4213562373095,28.284271247461902,0,0,3,31.284271247461902,no_target_in_range
553,optical_fallback,/clear,2,338.95586346588743,-121.28034722119934,63.24555320336762,12.649110640673523,0,0,3,15.649110640673523,no_target_in_range
554,optical_fallback,/clear,2,597.2329145491616,-171.20994649585583,263.05892875931806,52.611785751863614,0,0,3,55.611785751863614,no_target_in_range
555,optical_fallback,/clear,2,482.8651168273264,-194.01360506761503,116.61903789690591,23.32380757938118,0,0,3,26.32380757938118,no_target_in_range
556,optical_fallback,/clear,2,571.6642361776569,-183.3030307316718,89.44271909999162,17.888543819998326,0,0,3,20.888543819998326,no_target_in_range
557,optical_fallback,/clear,2,369.8798290053639,-153.58682266054856,203.96078054371145,40.79215610874229,0,0,3,43.79215610874229,no_target_in_range
558,optical_fallback,/clear,2,295.93881369059505,-63.40519341034529,116.619037896906,23.3238075793812,0,0,3,26.3238075793812,no_target_in_range
559,optical_fallback,/clear,2,308.031897926411,-88.97387178185011,28.284271247461863,5.656854249492373,0,0,3,8.656854249492373,no_target_in_range
560,optical_fallback,/clear,2,546.095557806152,-195.39611496748782,260.768096208106,52.1536192416212,0,0,3,55.1536192416212,no_target_in_range
561,optical_fallback,/clear,2,501.69599813098677,-200.75140213545941,44.72135954999578,8.944271909999156,0,0,3,11.944271909999156,no_target_in_range
562,optical_fallback,/clear,2,351.04894770170347,-146.84902559270415,160.0,32.0,0,0,3,35.0,no_target_in_range
563,optical_fallback,/clear,2,320.124982162227,-114.54255015335492,44.72135954999582,8.944271909999163,0,0,3,11.944271909999163,no_target_in_range
564,optical_fallback,/clear,2,419.6346758485007,-192.63109516774222,126.49110640673521,25.298221281347043,0,0,3,28.298221281347043,no_target_in_range
565,optical_fallback,/clear,2,438.4655571521611,-199.3688922355866,19.999999999999996,3.999999999999999,0,0,3,6.999999999999999,no_target_in_range
566,optical_fallback,/clear,2,400.8037945448403,-185.89329809989778,40.000000000000014,8.000000000000004,0,0,3,11.000000000000004,no_target_in_range
567,optical_fallback,/clear,2,520.5268794346472,-207.48919920330383,121.65525060596441,24.33105012119288,0,0,3,27.33105012119288,no_target_in_range
568,optical_fallback,/clear,2,590.4951174813173,-190.04082779951622,72.11102550927981,14.422205101855962,0,0,3,17.422205101855962,no_target_in_range
569,optical_fallback,/clear,2,616.063795852822,-177.94774356370021,28.28427124746178,5.656854249492357,0,0,3,8.656854249492357,no_target_in_range
570,optical_fallback,/clear,2,457.29643845582154,-206.10668930343104,161.2451549659709,32.24903099319418,0,0,3,35.24903099319418,no_target_in_range
571,optical_fallback,/clear,2,332.21806639804305,-140.11122852485974,141.42135623730954,28.28427124746191,0,0,3,31.28427124746191,no_target_in_range
572,optical_fallback,/clear,2,381.97291324117987,-179.1555010320534,63.245553203367585,12.649110640673516,0,0,3,15.649110640673516,no_target_in_range
573,optical_fallback,/clear,2,289.2010166227506,-82.2360747140057,134.16407864998737,26.832815729997474,0,0,3,29.832815729997474,no_target_in_range
574,optical_fallback,/clear,2,564.9264391098125,-202.13391203533223,300.66592756745825,60.133185513491654,0,0,3,63.133185513491654,no_target_in_range
575,optical_fallback,/clear,2,277.10793238693464,-56.66739634250088,322.490309931942,64.49806198638841,0,0,3,67.49806198638841,no_target_in_range
576,optical_fallback,/clear,2,301.2941008585666,-107.80475308551053,56.56854249492378,11.313708498984756,0,0,3,14.313708498984756,no_target_in_range
577,optical_fallback,/clear,2,476.12731975948196,-212.84448637127542,203.96078054371142,40.79215610874228,0,0,3,43.79215610874228,no_target_in_range
578,optical_fallback,/clear,2,363.14203193751945,-172.41770396420895,120.00000000000004,24.000000000000007,0,0,3,27.000000000000007,no_target_in_range
579,optical_fallback,/clear,2,539.3577607383075,-214.22699627114824,181.10770276274832,36.22154055254966,0,0,3,39.22154055254966,no_target_in_range
580,optical_fallback,/clear,2,313.38718509438263,-133.37343145701533,239.99999999999997,47.99999999999999,0,0,3,50.99999999999999,no_target_in_range
581,optical_fallback,/clear,2,494.9582010631423,-219.5822834391198,200.99751242241777,40.19950248448355,0,0,3,43.19950248448355,no_target_in_range
582,optical_fallback,/clear,2,344.31115063385903,-165.67990689636457,159.99999999999997,31.999999999999993,0,0,3,34.99999999999999,no_target_in_range
583,optical_fallback,/clear,2,609.3259987849776,-196.77862486736063,266.8332812825267,53.36665625650534,0,0,3,56.36665625650534,no_target_in_range
584,optical_fallback,/clear,2,583.7573204134728,-208.87170910317664,28.284271247461884,5.656854249492377,0,0,3,8.656854249492376,no_target_in_range
585,optical_fallback,/clear,2,634.8946771564824,-184.68554063154465,56.568542494923754,11.31370849898475,0,0,3,14.31370849898475,no_target_in_range
586,optical_fallback,/clear,2,270.3701353190902,-75.49827764616128,380.52595180880894,76.10519036176179,0,0,3,79.10519036176179,no_target_in_range
587,optical_fallback,/clear,2,282.46321955490623,-101.06695601766612,28.284271247461923,5.656854249492385,0,0,3,8.656854249492385,no_target_in_range
588,optical_fallback,/clear,2,513.7890823668029,-226.32008050696425,263.0589287593182,52.611785751863636,0,0,3,55.611785751863636,no_target_in_range
589,optical_fallback,/clear,2,258.2770510832742,-49.92959927465648,310.48349392520055,62.09669878504011,0,0,3,65.0966987850401,no_target_in_range
590,optical_fallback,/clear,2,558.188642041968,-220.96479333899265,345.2535300326414,69.05070600652827,0,0,3,72.05070600652827,no_target_in_range
591,optical_fallback,/clear,2,325.4802693301986,-158.94210982852016,240.83189157584596,48.16637831516919,0,0,3,51.16637831516919,no_target_in_range
592,optical_fallback,/clear,2,294.5563037907222,-126.63563438917095,44.72135954999577,8.944271909999154,0,0,3,11.944271909999154,no_target_in_range
593,optical_fallback,/clear,2,532.6199636704632,-233.05787757480863,260.768096208106,52.1536192416212,0,0,3,55.1536192416212,no_target_in_range
594,optical_fallback,/clear,2,602.5882017171332,-215.60950617102105,72.1110255092797,14.42220510185594,0,0,3,17.42220510185594,no_target_in_range
595,optical_fallback,/clear,2,306.6493880265382,-152.20431276067575,302.6549190084311,60.53098380168622,0,0,3,63.53098380168622,no_target_in_range
596,optical_fallback,/clear,2,628.1568800886381,-203.51642193520505,325.57641192199424,65.11528238439885,0,0,3,68.11528238439885,no_target_in_range
597,optical_fallback,/clear,2,577.0195233456284,-227.70259040683706,56.568542494923875,11.313708498984775,0,0,3,14.313708498984775,no_target_in_range
598,optical_fallback,/clear,2,263.6323382512458,-94.3291589498217,340.587727318528,68.1175454637056,0,0,3,71.1175454637056,no_target_in_range
599,optical_fallback,/clear,2,251.5392540154298,-68.7604805783169,28.284271247461884,5.656854249492377,0,0,3,8.656854249492376,no_target_in_range
600,optical_fallback,/clear,2,653.7255584601428,-191.42333769938904,420.4759208325726,84.09518416651453,0,0,3,87.09518416651453,no_target_in_range
601,optical_fallback,/clear,2,275.72542248706185,-119.89783732132653,384.7076812334268,76.94153624668536,0,0,3,79.94153624668536,no_target_in_range
602,optical_fallback,/clear,2,239.4461697796138,-43.19180220681207,84.85281374238572,16.970562748477143,0,0,3,19.970562748477143,no_target_in_range
603,optical_fallback,/clear,2,551.4508449741237,-239.79567464265307,368.78177829171557,73.75635565834311,0,0,3,76.75635565834311,no_target_in_range
604,optical_fallback,/clear,2,287.81850672287777,-145.46651569283136,280.0000000000001,56.00000000000002,0,0,3,59.00000000000002,no_target_in_range
605,optical_fallback,/clear,2,621.4190830207937,-222.34730323886546,342.34485537247383,68.46897107449476,0,0,3,71.46897107449476,no_target_in_range
606,optical_fallback,/clear,2,595.8504046492887,-234.44038747468147,28.284271247461987,5.6568542494923975,0,0,3,8.656854249492397,no_target_in_range
607,optical_fallback,/clear,2,646.9877613922985,-210.25421900304943,56.56854249492389,11.313708498984777,0,0,3,14.313708498984777,no_target_in_range
608,optical_fallback,/clear,2,244.8014569475854,-87.5913618819773,420.47592083257274,84.09518416651454,0,0,3,87.09518416651454,no_target_in_range
609,optical_fallback,/clear,2,256.89454118340143,-113.16004025348212,28.284271247461913,5.656854249492382,0,0,3,8.656854249492383,no_target_in_range
610,optical_fallback,/clear,2,570.2817262777841,-246.53347171049745,340.58772731852804,68.11754546370561,0,0,3,71.11754546370561,no_target_in_range
611,optical_fallback,/clear,2,232.70837271176939,-62.02268351047248,384.70768123342697,76.94153624668539,0,0,3,79.94153624668539,no_target_in_range
612,optical_fallback,/clear,2,672.5564397638033,-198.16113476723342,460.43457732885355,92.08691546577072,0,0,3,95.08691546577072,no_target_in_range
613,optical_fallback,/clear,2,268.9876254192174,-138.72871862498693,407.92156108742273,81.58431221748455,0,0,3,84.58431221748455,no_target_in_range
614,optical_fallback,/clear,2,220.61528847595338,-36.45400513896766,113.1370849898476,22.62741699796952,0,0,3,25.62741699796952,no_target_in_range
615,optical_fallback,/clear,2,614.6812859529492,-241.17818454252588,444.07206622349037,88.81441324469807,0,0,3,91.81441324469807,no_target_in_range
616,optical_fallback,/clear,2,640.249964324454,-229.08510030670985,28.2842712474619,5.65685424949238,0,0,3,8.65685424949238,no_target_in_range
617,optical_fallback,/clear,2,589.1126075814444,-253.2712687783419,56.56854249492378,11.313708498984756,0,0,3,14.313708498984756,no_target_in_range
618,optical_fallback,/clear,2,238.06365987974098,-106.42224318563771,380.525951808809,76.1051903617618,0,0,3,79.1051903617618,no_target_in_range
619,optical_fallback,/clear,2,225.97057564392497,-80.8535648141329,28.2842712474619,5.65685424949238,0,0,3,8.65685424949238,no_target_in_range
620,optical_fallback,/clear,2,665.8186426959589,-216.99201607089384,460.43457732885355,92.08691546577072,0,0,3,95.08691546577072,no_target_in_range
621,optical_fallback,/clear,2,250.156744115557,-131.99092155714254,424.2640687119286,84.85281374238572,0,0,3,87.85281374238572,no_target_in_range
622,optical_fallback,/clear,2,213.87749140810897,-55.28488644262807,84.8528137423857,16.970562748477143,0,0,3,19.970562748477143,no_target_in_range
623,optical_fallback,/clear,2,691.3873210674636,-204.89893183507786,500.39984012787204,100.0799680255744,0,0,3,103.0799680255744,no_target_in_range
624,optical_fallback,/clear,2,201.78440717229296,-29.716208071123248,520.0,104.0,0,0,3,107.0,no_target_in_range
625,optical_fallback,/clear,2,633.5121672566096,-247.91598161037027,483.7354648979129,96.74709297958258,0,0,3,99.74709297958258,no_target_in_range
626,optical_fallback,/clear,2,607.9434888851049,-260.0090658461863,28.28427124746178,5.656854249492357,0,0,3,8.656854249492357,no_target_in_range
627,optical_fallback,/clear,2,659.0808456281145,-235.82289737455426,56.56854249492377,11.313708498984754,0,0,3,14.313708498984754,no_target_in_range
628,optical_fallback,/clear,2,219.23277857608056,-99.6844461177933,460.43457732885355,92.08691546577072,0,0,3,95.08691546577072,no_target_in_range
629,optical_fallback,/clear,2,231.32586281189657,-125.25312448929813,28.284271247461913,5.656854249492382,0,0,3,8.656854249492383,no_target_in_range
630,optical_fallback,/clear,2,207.13969434026455,-74.11576774628848,56.56854249492381,11.313708498984763,0,0,3,14.313708498984763,no_target_in_range
631,optical_fallback,/clear,2,684.6495239996193,-223.72981313873825,500.39984012787215,100.07996802557443,0,0,3,103.07996802557443,no_target_in_range
632,optical_fallback,/clear,2,195.04661010444855,-48.54708937478366,520.0,104.0,0,0,3,107.0,no_target_in_range
633,optical_fallback,/clear,2,710.2182023711241,-211.63672890292224,540.3702434442519,108.07404868885037,0,0,3,111.07404868885037,no_target_in_range
634,optical_fallback,/clear,2,626.7743701887653,-266.74686291403066,99.99999999999997,19.999999999999993,0,0,3,22.999999999999993,no_target_in_range
635,optical_fallback,/clear,2,652.3430485602701,-254.65377867821468,28.284271247461874,5.656854249492374,0,0,3,8.656854249492374,no_target_in_range
636,optical_fallback,/clear,2,182.95352586863254,-22.978411003278843,523.4500931320961,104.69001862641922,0,0,3,107.69001862641922,no_target_in_range
637,optical_fallback,/clear,2,212.49498150823615,-118.51532742145372,100.00000000000001,20.000000000000004,0,0,3,23.000000000000004,no_target_in_range
638,optical_fallback,/clear,2,200.40189727242014,-92.94664904994889,28.284271247461913,5.656854249492382,0,0,3,8.656854249492383,no_target_in_range
639,optical_fallback,/clear,2,677.9117269317749,-242.56069444239867,500.39984012787215,100.07996802557443,0,0,3,103.07996802557443,no_target_in_range
640,optical_fallback,/clear,2,188.30881303660414,-67.37797067844407,520.0,104.0,0,0,3,107.0,no_target_in_range
641,optical_fallback,/clear,2,703.4804053032798,-230.46761020658266,540.3702434442519,108.07404868885037,0,0,3,111.07404868885037,no_target_in_range
642,optical_fallback,/clear,2,176.21572880078813,-41.809292306939255,560.0,112.0,0,0,3,115.0,no_target_in_range
643,optical_fallback,/clear,2,645.6052514924257,-273.4846599818751,523.4500931320961,104.69001862641922,0,0,3,107.69001862641922,no_target_in_range
644,optical_fallback,/clear,2,671.1739298639304,-261.39157574605906,28.284271247461795,5.656854249492359,0,0,3,8.656854249492358,no_target_in_range
645,optical_fallback,/clear,2,729.0490836747845,-218.37452597076663,72.11102550927978,14.422205101855956,0,0,3,17.42220510185596,no_target_in_range
646,optical_fallback,/clear,2,193.66410020457573,-111.77753035360931,545.8937625582471,109.17875251164942,0,0,3,112.17875251164942,no_target_in_range
647,optical_fallback,/clear,2,181.57101596875972,-86.20885198210448,28.284271247461913,5.656854249492382,0,0,3,8.656854249492383,no_target_in_range
648,optical_fallback,/clear,2,696.7426082354353,-249.29849151024308,540.3702434442519,108.07404868885037,0,0,3,111.07404868885037,no_target_in_range
649,optical_fallback,/clear,2,164.12264456497212,-16.24061393543444,581.3776741499454,116.27553482998908,0,0,3,119.27553482998908,no_target_in_range
650,optical_fallback,/clear,2,169.47793173294372,-60.64017361059967,44.72135954999579,8.944271909999157,0,0,3,11.944271909999157,no_target_in_range
651,optical_fallback,/clear,2,722.3112866069401,-237.20540727442705,580.3447251418763,116.06894502837527,0,0,3,119.06894502837527,no_target_in_range
652,optical_fallback,/clear,2,664.4361327960861,-280.2224570497195,72.11102550927978,14.422205101855956,0,0,3,17.42220510185596,no_target_in_range
653,optical_fallback,/clear,2,157.3848474971277,-35.07149523909485,563.205113613149,112.6410227226298,0,0,3,115.6410227226298,no_target_in_range
654,optical_fallback,/clear,2,690.0048111675909,-268.1293728139035,581.3776741499454,116.27553482998908,0,0,3,119.27553482998908,no_target_in_range
655,optical_fallback,/clear,2,174.8332189009153,-105.0397332857649,540.3702434442519,108.07404868885037,0,0,3,111.07404868885037,no_target_in_range
656,optical_fallback,/clear,2,747.879964978445,-225.11232303861107,585.4912467321778,117.09824934643557,0,0,3,120.09824934643557,no_target_in_range
657,optical_fallback,/clear,2,162.7401346650993,-79.47105491426008,602.9925372672535,120.59850745345071,0,0,3,123.59850745345071,no_target_in_range
658,optical_fallback,/clear,2,715.5734895390957,-256.03628857808746,580.3447251418763,116.06894502837527,0,0,5,121.06894502837527,success
659,discovery,/measure,1,-1400.0,-1400.0,2405.058037281184,481.01160745623685,1,5,0,487.01160745623685,no_signal
660,discovery,/measure,3,-1400.0,-1400.0,0.0,0.0,1,5,0,6.0,no_signal
661,discovery,/measure,5,-1400.0,-1400.0,0.0,0.0,1,5,0,6.0,no_signal
662,discovery,/measure,6,-1400.0,-1400.0,0.0,0.0,1,5,0,6.0,no_signal
663,discovery,/measure,10,-1400.0,-1400.0,0.0,0.0,1,5,0,6.0,no_signal
664,discovery,/measure,11,-1400.0,-1400.0,0.0,0.0,1,5,0,6.0,no_signal
665,discovery,/measure,15,-1400.0,-1400.0,0.0,0.0,1,5,0,6.0,no_signal
666,discovery,/measure,17,-1400.0,-1400.0,0.0,0.0,1,5,0,6.0,no_signal
667,discovery,/measure,18,-1400.0,-1400.0,0.0,0.0,1,5,0,6.0,no_signal
668,discovery,/measure,20,-1400.0,-1400.0,0.0,0.0,1,5,0,6.0,no_signal
669,discovery,/measure,20,-700.0,-1400.0,700.0,140.0,0,5,0,145.0,no_signal
670,discovery,/measure,1,-700.0,-1400.0,0.0,0.0,1,5,0,6.0,no_signal
671,discovery,/measure,3,-700.0,-1400.0,0.0,0.0,1,5,0,6.0,no_signal
672,discovery,/measure,5,-700.0,-1400.0,0.0,0.0,1,5,0,6.0,no_signal
673,discovery,/measure,6,-700.0,-1400.0,0.0,0.0,1,5,0,6.0,no_signal
674,discovery,/measure,10,-700.0,-1400.0,0.0,0.0,1,5,0,6.0,no_signal
675,discovery,/measure,11,-700.0,-1400.0,0.0,0.0,1,5,0,6.0,no_signal
676,discovery,/measure,15,-700.0,-1400.0,0.0,0.0,1,5,0,6.0,no_signal
677,discovery,/measure,17,-700.0,-1400.0,0.0,0.0,1,5,0,6.0,no_signal
678,discovery,/measure,18,-700.0,-1400.0,0.0,0.0,1,5,0,6.0,no_signal
679,discovery,/measure,18,-700.0,-2100.0,700.0,140.0,0,5,0,145.0,no_signal
680,discovery,/measure,1,-700.0,-2100.0,0.0,0.0,1,5,0,6.0,no_signal
681,discovery,/measure,3,-700.0,-2100.0,0.0,0.0,1,5,0,6.0,no_signal
682,discovery,/measure,5,-700.0,-2100.0,0.0,0.0,1,5,0,6.0,no_signal
683,discovery,/measure,6,-700.0,-2100.0,0.0,0.0,1,5,0,6.0,no_signal
684,discovery,/measure,10,-700.0,-2100.0,0.0,0.0,1,5,0,6.0,no_signal
685,discovery,/measure,11,-700.0,-2100.0,0.0,0.0,1,5,0,6.0,no_signal
686,discovery,/measure,15,-700.0,-2100.0,0.0,0.0,1,5,0,6.0,no_signal
687,discovery,/measure,17,-700.0,-2100.0,0.0,0.0,1,5,0,6.0,no_signal
688,discovery,/measure,20,-700.0,-2100.0,0.0,0.0,1,5,0,6.0,no_signal
689,discovery,/measure,20,-1400.0,-2100.0,700.0,140.0,0,5,0,145.0,no_signal
690,discovery,/measure,1,-1400.0,-2100.0,0.0,0.0,1,5,0,6.0,no_signal
691,discovery,/measure,3,-1400.0,-2100.0,0.0,0.0,1,5,0,6.0,no_signal
692,discovery,/measure,5,-1400.0,-2100.0,0.0,0.0,1,5,0,6.0,no_signal
693,discovery,/measure,6,-1400.0,-2100.0,0.0,0.0,1,5,0,6.0,no_signal
694,discovery,/measure,10,-1400.0,-2100.0,0.0,0.0,1,5,0,6.0,no_signal
695,discovery,/measure,11,-1400.0,-2100.0,0.0,0.0,1,5,0,6.0,no_signal
696,discovery,/measure,15,-1400.0,-2100.0,0.0,0.0,1,5,0,6.0,no_signal
697,discovery,/measure,17,-1400.0,-2100.0,0.0,0.0,1,5,0,6.0,no_signal
698,discovery,/measure,18,-1400.0,-2100.0,0.0,0.0,1,5,0,6.0,no_signal
699,discovery,/measure,18,-2100.0,-1400.0,989.9494936611666,197.9898987322333,0,5,0,202.9898987322333,no_signal
700,discovery,/measure,1,-2100.0,-1400.0,0.0,0.0,1,5,0,6.0,no_signal
701,discovery,/measure,3,-2100.0,-1400.0,0.0,0.0,1,5,0,6.0,no_signal
702,discovery,/measure,5,-2100.0,-1400.0,0.0,0.0,1,5,0,6.0,no_signal
703,discovery,/measure,6,-2100.0,-1400.0,0.0,0.0,1,5,0,6.0,no_signal
704,discovery,/measure,10,-2100.0,-1400.0,0.0,0.0,1,5,0,6.0,no_signal
705,discovery,/measure,11,-2100.0,-1400.0,0.0,0.0,1,5,0,6.0,no_signal
706,discovery,/measure,15,-2100.0,-1400.0,0.0,0.0,1,5,0,6.0,no_signal
707,discovery,/measure,17,-2100.0,-1400.0,0.0,0.0,1,5,0,6.0,no_signal
708,discovery,/measure,20,-2100.0,-1400.0,0.0,0.0,1,5,0,6.0,no_signal
709,discovery,/measure,20,-2100.0,-700.0,700.0,140.0,0,5,0,145.0,no_signal
710,discovery,/measure,1,-2100.0,-700.0,0.0,0.0,1,5,0,6.0,no_signal
711,discovery,/measure,3,-2100.0,-700.0,0.0,0.0,1,5,0,6.0,no_signal
712,discovery,/measure,5,-2100.0,-700.0,0.0,0.0,1,5,0,6.0,no_signal
713,discovery,/measure,6,-2100.0,-700.0,0.0,0.0,1,5,0,6.0,no_signal
714,discovery,/measure,10,-2100.0,-700.0,0.0,0.0,1,5,0,6.0,no_signal
715,discovery,/measure,11,-2100.0,-700.0,0.0,0.0,1,5,0,6.0,no_signal
716,discovery,/measure,15,-2100.0,-700.0,0.0,0.0,1,5,0,6.0,no_signal
717,discovery,/measure,17,-2100.0,-700.0,0.0,0.0,1,5,0,6.0,no_signal
718,discovery,/measure,18,-2100.0,-700.0,0.0,0.0,1,5,0,6.0,no_signal
719,discovery,/measure,18,-2100.0,0.0,700.0,140.0,0,5,0,145.0,no_signal
720,discovery,/measure,1,-2100.0,0.0,0.0,0.0,1,5,0,6.0,no_signal
721,discovery,/measure,3,-2100.0,0.0,0.0,0.0,1,5,0,6.0,no_signal
722,discovery,/measure,5,-2100.0,0.0,0.0,0.0,1,5,0,6.0,no_signal
723,discovery,/measure,6,-2100.0,0.0,0.0,0.0,1,5,0,6.0,no_signal
724,discovery,/measure,10,-2100.0,0.0,0.0,0.0,1,5,0,6.0,no_signal
725,discovery,/measure,11,-2100.0,0.0,0.0,0.0,1,5,0,6.0,no_signal
726,discovery,/measure,15,-2100.0,0.0,0.0,0.0,1,5,0,6.0,no_signal
727,discovery,/measure,17,-2100.0,0.0,0.0,0.0,1,5,0,6.0,no_signal
728,discovery,/measure,20,-2100.0,0.0,0.0,0.0,1,5,0,6.0,no_signal
729,discovery,/measure,20,-1400.0,0.0,700.0,140.0,0,5,0,145.0,no_signal
730,discovery,/measure,1,-1400.0,0.0,0.0,0.0,1,5,0,6.0,no_signal
731,discovery,/measure,3,-1400.0,0.0,0.0,0.0,1,5,0,6.0,no_signal
732,discovery,/measure,5,-1400.0,0.0,0.0,0.0,1,5,0,6.0,no_signal
733,discovery,/measure,6,-1400.0,0.0,0.0,0.0,1,5,0,6.0,no_signal
734,discovery,/measure,10,-1400.0,0.0,0.0,0.0,1,5,0,6.0,no_signal
735,discovery,/measure,11,-1400.0,0.0,0.0,0.0,1,5,0,6.0,no_signal
736,discovery,/measure,15,-1400.0,0.0,0.0,0.0,1,5,0,6.0,no_signal
737,discovery,/measure,17,-1400.0,0.0,0.0,0.0,1,5,0,6.0,no_signal
738,discovery,/measure,18,-1400.0,0.0,0.0,0.0,1,5,0,6.0,no_signal
739,discovery,/measure,18,-1400.0,700.0,700.0,140.0,0,5,0,145.0,no_signal
740,discovery,/measure,1,-1400.0,700.0,0.0,0.0,1,5,0,6.0,no_signal
741,discovery,/measure,3,-1400.0,700.0,0.0,0.0,1,5,0,6.0,no_signal
742,discovery,/measure,5,-1400.0,700.0,0.0,0.0,1,5,0,6.0,no_signal
743,discovery,/measure,6,-1400.0,700.0,0.0,0.0,1,5,0,6.0,no_signal
744,discovery,/measure,10,-1400.0,700.0,0.0,0.0,1,5,0,6.0,no_signal
745,discovery,/measure,11,-1400.0,700.0,0.0,0.0,1,5,0,6.0,no_signal
746,discovery,/measure,15,-1400.0,700.0,0.0,0.0,1,5,0,6.0,no_signal
747,discovery,/measure,17,-1400.0,700.0,0.0,0.0,1,5,0,6.0,no_signal
748,discovery,/measure,20,-1400.0,700.0,0.0,0.0,1,5,0,6.0,no_signal
749,discovery,/measure,20,-2100.0,700.0,700.0,140.0,0,5,0,145.0,no_signal
750,discovery,/measure,1,-2100.0,700.0,0.0,0.0,1,5,0,6.0,no_signal
751,discovery,/measure,3,-2100.0,700.0,0.0,0.0,1,5,0,6.0,no_signal
752,discovery,/measure,5,-2100.0,700.0,0.0,0.0,1,5,0,6.0,no_signal
753,discovery,/measure,6,-2100.0,700.0,0.0,0.0,1,5,0,6.0,no_signal
754,discovery,/measure,10,-2100.0,700.0,0.0,0.0,1,5,0,6.0,no_signal
755,discovery,/measure,11,-2100.0,700.0,0.0,0.0,1,5,0,6.0,no_signal
756,discovery,/measure,15,-2100.0,700.0,0.0,0.0,1,5,0,6.0,no_signal
757,discovery,/measure,17,-2100.0,700.0,0.0,0.0,1,5,0,6.0,no_signal
758,discovery,/measure,18,-2100.0,700.0,0.0,0.0,1,5,0,6.0,no_signal
759,discovery,/measure,18,-2100.0,1400.0,700.0,140.0,0,5,0,145.0,no_signal
760,discovery,/measure,1,-2100.0,1400.0,0.0,0.0,1,5,0,6.0,no_signal
761,discovery,/measure,3,-2100.0,1400.0,0.0,0.0,1,5,0,6.0,no_signal
762,discovery,/measure,5,-2100.0,1400.0,0.0,0.0,1,5,0,6.0,no_signal
763,discovery,/measure,6,-2100.0,1400.0,0.0,0.0,1,5,0,6.0,no_signal
764,discovery,/measure,10,-2100.0,1400.0,0.0,0.0,1,5,0,6.0,no_signal
765,discovery,/measure,11,-2100.0,1400.0,0.0,0.0,1,5,0,6.0,no_signal
766,discovery,/measure,15,-2100.0,1400.0,0.0,0.0,1,5,0,6.0,no_signal
767,discovery,/measure,17,-2100.0,1400.0,0.0,0.0,1,5,0,6.0,no_signal
768,discovery,/measure,20,-2100.0,1400.0,0.0,0.0,1,5,0,6.0,no_signal
769,discovery,/measure,20,-1400.0,1400.0,700.0,140.0,0,5,0,145.0,no_signal
770,discovery,/measure,1,-1400.0,1400.0,0.0,0.0,1,5,0,6.0,no_signal
771,discovery,/measure,3,-1400.0,1400.0,0.0,0.0,1,5,0,6.0,no_signal
772,discovery,/measure,5,-1400.0,1400.0,0.0,0.0,1,5,0,6.0,no_signal
773,discovery,/measure,6,-1400.0,1400.0,0.0,0.0,1,5,0,6.0,no_signal
774,discovery,/measure,10,-1400.0,1400.0,0.0,0.0,1,5,0,6.0,no_signal
775,discovery,/measure,11,-1400.0,1400.0,0.0,0.0,1,5,0,6.0,no_signal
776,discovery,/measure,15,-1400.0,1400.0,0.0,0.0,1,5,0,6.0,no_signal
777,discovery,/measure,17,-1400.0,1400.0,0.0,0.0,1,5,0,6.0,no_signal
778,discovery,/measure,18,-1400.0,1400.0,0.0,0.0,1,5,0,6.0,no_signal
779,discovery,/measure,18,-1400.0,2100.0,700.0,140.0,0,5,0,145.0,no_signal
780,discovery,/measure,1,-1400.0,2100.0,0.0,0.0,1,5,0,6.0,no_signal
781,discovery,/measure,3,-1400.0,2100.0,0.0,0.0,1,5,0,6.0,no_signal
782,discovery,/measure,5,-1400.0,2100.0,0.0,0.0,1,5,0,6.0,no_signal
783,discovery,/measure,6,-1400.0,2100.0,0.0,0.0,1,5,0,6.0,no_signal
784,discovery,/measure,10,-1400.0,2100.0,0.0,0.0,1,5,0,6.0,no_signal
785,discovery,/measure,11,-1400.0,2100.0,0.0,0.0,1,5,0,6.0,no_signal
786,discovery,/measure,15,-1400.0,2100.0,0.0,0.0,1,5,0,6.0,no_signal
787,discovery,/measure,17,-1400.0,2100.0,0.0,0.0,1,5,0,6.0,no_signal
788,discovery,/measure,20,-1400.0,2100.0,0.0,0.0,1,5,0,6.0,no_signal
789,discovery,/measure,20,-700.0,2100.0,700.0,140.0,0,5,0,145.0,no_signal
790,discovery,/measure,1,-700.0,2100.0,0.0,0.0,1,5,0,6.0,no_signal
791,discovery,/measure,3,-700.0,2100.0,0.0,0.0,1,5,0,6.0,direction
792,discovery,/measure,5,-700.0,2100.0,0.0,0.0,1,5,0,6.0,no_signal
793,discovery,/measure,6,-700.0,2100.0,0.0,0.0,1,5,0,6.0,no_signal
794,discovery,/measure,10,-700.0,2100.0,0.0,0.0,1,5,0,6.0,no_signal
795,discovery,/measure,11,-700.0,2100.0,0.0,0.0,1,5,0,6.0,no_signal
796,discovery,/measure,15,-700.0,2100.0,0.0,0.0,1,5,0,6.0,no_signal
797,discovery,/measure,17,-700.0,2100.0,0.0,0.0,1,5,0,6.0,no_signal
798,discovery,/measure,18,-700.0,2100.0,0.0,0.0,1,5,0,6.0,no_signal
799,discovery,/measure,18,-700.0,1400.0,700.0,140.0,0,5,0,145.0,no_signal
800,discovery,/measure,1,-700.0,1400.0,0.0,0.0,1,5,0,6.0,no_signal
801,discovery,/measure,3,-700.0,1400.0,0.0,0.0,1,5,0,6.0,direction
802,discovery,/measure,5,-700.0,1400.0,0.0,0.0,1,5,0,6.0,no_signal
803,discovery,/measure,6,-700.0,1400.0,0.0,0.0,1,5,0,6.0,no_signal
804,discovery,/measure,10,-700.0,1400.0,0.0,0.0,1,5,0,6.0,no_signal
805,discovery,/measure,11,-700.0,1400.0,0.0,0.0,1,5,0,6.0,no_signal
806,discovery,/measure,15,-700.0,1400.0,0.0,0.0,1,5,0,6.0,no_signal
807,discovery,/measure,17,-700.0,1400.0,0.0,0.0,1,5,0,6.0,no_signal
808,discovery,/measure,20,-700.0,1400.0,0.0,0.0,1,5,0,6.0,no_signal
809,active_localization,/measure,3,70.23268094486008,1336.5430774019126,772.842263221368,154.56845264427358,1,5,0,160.56845264427358,no_signal
810,active_localization,/measure,3,60.63425960632597,1343.4590936077757,11.830510232098536,2.3661020464197073,0,5,0,7.366102046419707,no_signal
811,active_localization,/measure,3,39.42105617072954,1292.2458901721793,55.43277195067716,11.086554390135431,0,5,0,16.086554390135433,direction
812,certified_clear,/clear,3,48.066062524748375,1315.756999418723,25.05011762175845,5.0100235243516895,0,0,5,10.01002352435169,success
813,discovery,/measure,1,-700.0,700.0,968.8960296308526,193.7792059261705,1,5,0,199.7792059261705,no_signal
814,discovery,/measure,5,-700.0,700.0,0.0,0.0,1,5,0,6.0,no_signal
815,discovery,/measure,6,-700.0,700.0,0.0,0.0,1,5,0,6.0,no_signal
816,discovery,/measure,10,-700.0,700.0,0.0,0.0,1,5,0,6.0,no_signal
817,discovery,/measure,11,-700.0,700.0,0.0,0.0,1,5,0,6.0,no_signal
818,discovery,/measure,15,-700.0,700.0,0.0,0.0,1,5,0,6.0,no_signal
819,discovery,/measure,17,-700.0,700.0,0.0,0.0,1,5,0,6.0,no_signal
820,discovery,/measure,18,-700.0,700.0,0.0,0.0,1,5,0,6.0,no_signal
821,discovery,/measure,20,-700.0,700.0,0.0,0.0,1,5,0,6.0,no_signal
822,discovery,/measure,20,0.0,700.0,700.0,140.0,0,5,0,145.0,no_signal
823,discovery,/measure,1,0.0,700.0,0.0,0.0,1,5,0,6.0,no_signal
824,discovery,/measure,5,0.0,700.0,0.0,0.0,1,5,0,6.0,no_signal
825,discovery,/measure,6,0.0,700.0,0.0,0.0,1,5,0,6.0,no_signal
826,discovery,/measure,10,0.0,700.0,0.0,0.0,1,5,0,6.0,direction
827,discovery,/measure,11,0.0,700.0,0.0,0.0,1,5,0,6.0,no_signal
828,discovery,/measure,15,0.0,700.0,0.0,0.0,1,5,0,6.0,no_signal
829,discovery,/measure,17,0.0,700.0,0.0,0.0,1,5,0,6.0,no_signal
830,discovery,/measure,18,0.0,700.0,0.0,0.0,1,5,0,6.0,no_signal
831,discovery,/measure,18,0.0,1400.0,700.0,140.0,0,5,0,145.0,no_signal
832,discovery,/measure,1,0.0,1400.0,0.0,0.0,1,5,0,6.0,no_signal
833,discovery,/measure,5,0.0,1400.0,0.0,0.0,1,5,0,6.0,no_signal
834,discovery,/measure,6,0.0,1400.0,0.0,0.0,1,5,0,6.0,no_signal
835,discovery,/measure,10,0.0,1400.0,0.0,0.0,1,5,0,6.0,direction
836,discovery,/measure,11,0.0,1400.0,0.0,0.0,1,5,0,6.0,no_signal
837,discovery,/measure,15,0.0,1400.0,0.0,0.0,1,5,0,6.0,no_signal
838,discovery,/measure,17,0.0,1400.0,0.0,0.0,1,5,0,6.0,no_signal
839,discovery,/measure,20,0.0,1400.0,0.0,0.0,1,5,0,6.0,no_signal
840,discovery,/measure,20,0.0,2100.0,700.0,140.0,0,5,0,145.0,no_signal
841,discovery,/measure,1,0.0,2100.0,0.0,0.0,1,5,0,6.0,no_signal
842,discovery,/measure,5,0.0,2100.0,0.0,0.0,1,5,0,6.0,no_signal
843,discovery,/measure,6,0.0,2100.0,0.0,0.0,1,5,0,6.0,no_signal
844,discovery,/measure,10,0.0,2100.0,0.0,0.0,1,5,0,6.0,no_signal
845,discovery,/measure,11,0.0,2100.0,0.0,0.0,1,5,0,6.0,no_signal
846,discovery,/measure,15,0.0,2100.0,0.0,0.0,1,5,0,6.0,no_signal
847,discovery,/measure,17,0.0,2100.0,0.0,0.0,1,5,0,6.0,no_signal
848,discovery,/measure,18,0.0,2100.0,0.0,0.0,1,5,0,6.0,no_signal
849,discovery,/measure,18,700.0,2100.0,700.0,140.0,0,5,0,145.0,no_signal
850,discovery,/measure,1,700.0,2100.0,0.0,0.0,1,5,0,6.0,no_signal
851,discovery,/measure,5,700.0,2100.0,0.0,0.0,1,5,0,6.0,no_signal
852,discovery,/measure,6,700.0,2100.0,0.0,0.0,1,5,0,6.0,no_signal
853,discovery,/measure,10,700.0,2100.0,0.0,0.0,1,5,0,6.0,direction
854,discovery,/measure,11,700.0,2100.0,0.0,0.0,1,5,0,6.0,no_signal
855,discovery,/measure,15,700.0,2100.0,0.0,0.0,1,5,0,6.0,no_signal
856,discovery,/measure,17,700.0,2100.0,0.0,0.0,1,5,0,6.0,no_signal
857,discovery,/measure,20,700.0,2100.0,0.0,0.0,1,5,0,6.0,no_signal
858,discovery,/measure,20,700.0,1400.0,700.0,140.0,0,5,0,145.0,no_signal
859,discovery,/measure,1,700.0,1400.0,0.0,0.0,1,5,0,6.0,no_signal
860,discovery,/measure,5,700.0,1400.0,0.0,0.0,1,5,0,6.0,no_signal
861,discovery,/measure,6,700.0,1400.0,0.0,0.0,1,5,0,6.0,no_signal
862,discovery,/measure,10,700.0,1400.0,0.0,0.0,1,5,0,6.0,direction
863,discovery,/measure,11,700.0,1400.0,0.0,0.0,1,5,0,6.0,no_signal
864,discovery,/measure,15,700.0,1400.0,0.0,0.0,1,5,0,6.0,no_signal
865,discovery,/measure,17,700.0,1400.0,0.0,0.0,1,5,0,6.0,no_signal
866,discovery,/measure,18,700.0,1400.0,0.0,0.0,1,5,0,6.0,no_signal
867,active_localization,/measure,10,1019.2417249643707,901.7326826860339,591.7648168499742,118.35296336999484,1,5,0,124.35296336999484,direction
868,certified_clear,/clear,10,1034.720361140207,931.9663101302873,33.96557678447136,6.793115356894272,0,0,5,11.793115356894273,success
869,discovery,/measure,1,700.0,700.0,407.24205234392383,81.44841046878477,1,5,0,87.44841046878477,no_signal
870,discovery,/measure,5,700.0,700.0,0.0,0.0,1,5,0,6.0,direction
871,discovery,/measure,6,700.0,700.0,0.0,0.0,1,5,0,6.0,no_signal
872,discovery,/measure,11,700.0,700.0,0.0,0.0,1,5,0,6.0,no_signal
873,discovery,/measure,15,700.0,700.0,0.0,0.0,1,5,0,6.0,no_signal
874,discovery,/measure,17,700.0,700.0,0.0,0.0,1,5,0,6.0,no_signal
875,discovery,/measure,18,700.0,700.0,0.0,0.0,1,5,0,6.0,no_signal
876,discovery,/measure,20,700.0,700.0,0.0,0.0,1,5,0,6.0,no_signal
877,discovery,/measure,20,700.0,0.0,700.0,140.0,0,5,0,145.0,direction
878,discovery,/measure,1,700.0,0.0,0.0,0.0,1,5,0,6.0,no_signal
879,discovery,/measure,5,700.0,0.0,0.0,0.0,1,5,0,6.0,direction
880,discovery,/measure,6,700.0,0.0,0.0,0.0,1,5,0,6.0,no_signal
881,discovery,/measure,11,700.0,0.0,0.0,0.0,1,5,0,6.0,no_signal
882,discovery,/measure,15,700.0,0.0,0.0,0.0,1,5,0,6.0,no_signal
883,discovery,/measure,17,700.0,0.0,0.0,0.0,1,5,0,6.0,no_signal
884,discovery,/measure,18,700.0,0.0,0.0,0.0,1,5,0,6.0,direction
885,discovery,/measure,18,700.0,-700.0,700.0,140.0,0,5,0,145.0,no_signal
886,discovery,/measure,1,700.0,-700.0,0.0,0.0,1,5,0,6.0,no_signal
887,discovery,/measure,5,700.0,-700.0,0.0,0.0,1,5,0,6.0,no_signal
888,discovery,/measure,6,700.0,-700.0,0.0,0.0,1,5,0,6.0,no_signal
889,discovery,/measure,11,700.0,-700.0,0.0,0.0,1,5,0,6.0,no_signal
890,discovery,/measure,15,700.0,-700.0,0.0,0.0,1,5,0,6.0,no_signal
891,discovery,/measure,17,700.0,-700.0,0.0,0.0,1,5,0,6.0,no_signal
892,discovery,/measure,20,700.0,-700.0,0.0,0.0,1,5,0,6.0,no_signal
893,discovery,/measure,20,0.0,-700.0,700.0,140.0,0,5,0,145.0,no_signal
894,discovery,/measure,1,0.0,-700.0,0.0,0.0,1,5,0,6.0,no_signal
895,discovery,/measure,5,0.0,-700.0,0.0,0.0,1,5,0,6.0,no_signal
896,discovery,/measure,6,0.0,-700.0,0.0,0.0,1,5,0,6.0,no_signal
897,discovery,/measure,11,0.0,-700.0,0.0,0.0,1,5,0,6.0,no_signal
898,discovery,/measure,15,0.0,-700.0,0.0,0.0,1,5,0,6.0,no_signal
899,discovery,/measure,17,0.0,-700.0,0.0,0.0,1,5,0,6.0,no_signal
900,discovery,/measure,18,0.0,-700.0,0.0,0.0,1,5,0,6.0,no_signal
901,discovery,/measure,18,0.0,-1400.0,700.0,140.0,0,5,0,145.0,no_signal
902,discovery,/measure,1,0.0,-1400.0,0.0,0.0,1,5,0,6.0,no_signal
903,discovery,/measure,5,0.0,-1400.0,0.0,0.0,1,5,0,6.0,no_signal
904,discovery,/measure,6,0.0,-1400.0,0.0,0.0,1,5,0,6.0,no_signal
905,discovery,/measure,11,0.0,-1400.0,0.0,0.0,1,5,0,6.0,no_signal
906,discovery,/measure,15,0.0,-1400.0,0.0,0.0,1,5,0,6.0,no_signal
907,discovery,/measure,17,0.0,-1400.0,0.0,0.0,1,5,0,6.0,no_signal
908,discovery,/measure,20,0.0,-1400.0,0.0,0.0,1,5,0,6.0,no_signal
909,discovery,/measure,20,0.0,-2100.0,700.0,140.0,0,5,0,145.0,no_signal
910,discovery,/measure,1,0.0,-2100.0,0.0,0.0,1,5,0,6.0,no_signal
911,discovery,/measure,5,0.0,-2100.0,0.0,0.0,1,5,0,6.0,no_signal
912,discovery,/measure,6,0.0,-2100.0,0.0,0.0,1,5,0,6.0,no_signal
913,discovery,/measure,11,0.0,-2100.0,0.0,0.0,1,5,0,6.0,no_signal
914,discovery,/measure,15,0.0,-2100.0,0.0,0.0,1,5,0,6.0,no_signal
915,discovery,/measure,17,0.0,-2100.0,0.0,0.0,1,5,0,6.0,no_signal
916,discovery,/measure,18,0.0,-2100.0,0.0,0.0,1,5,0,6.0,no_signal
917,discovery,/measure,18,700.0,-2100.0,700.0,140.0,0,5,0,145.0,no_signal
918,discovery,/measure,1,700.0,-2100.0,0.0,0.0,1,5,0,6.0,no_signal
919,discovery,/measure,5,700.0,-2100.0,0.0,0.0,1,5,0,6.0,no_signal
920,discovery,/measure,6,700.0,-2100.0,0.0,0.0,1,5,0,6.0,no_signal
921,discovery,/measure,11,700.0,-2100.0,0.0,0.0,1,5,0,6.0,no_signal
922,discovery,/measure,15,700.0,-2100.0,0.0,0.0,1,5,0,6.0,no_signal
923,discovery,/measure,17,700.0,-2100.0,0.0,0.0,1,5,0,6.0,no_signal
924,discovery,/measure,20,700.0,-2100.0,0.0,0.0,1,5,0,6.0,no_signal
925,discovery,/measure,20,700.0,-1400.0,700.0,140.0,0,5,0,145.0,no_signal
926,discovery,/measure,1,700.0,-1400.0,0.0,0.0,1,5,0,6.0,no_signal
927,discovery,/measure,5,700.0,-1400.0,0.0,0.0,1,5,0,6.0,no_signal
928,discovery,/measure,6,700.0,-1400.0,0.0,0.0,1,5,0,6.0,no_signal
929,discovery,/measure,11,700.0,-1400.0,0.0,0.0,1,5,0,6.0,no_signal
930,discovery,/measure,15,700.0,-1400.0,0.0,0.0,1,5,0,6.0,no_signal
931,discovery,/measure,17,700.0,-1400.0,0.0,0.0,1,5,0,6.0,no_signal
932,discovery,/measure,18,700.0,-1400.0,0.0,0.0,1,5,0,6.0,no_signal
933,discovery,/measure,18,1400.0,-1400.0,700.0,140.0,0,5,0,145.0,no_signal
934,discovery,/measure,1,1400.0,-1400.0,0.0,0.0,1,5,0,6.0,no_signal
935,discovery,/measure,5,1400.0,-1400.0,0.0,0.0,1,5,0,6.0,no_signal
936,discovery,/measure,6,1400.0,-1400.0,0.0,0.0,1,5,0,6.0,no_signal
937,discovery,/measure,11,1400.0,-1400.0,0.0,0.0,1,5,0,6.0,no_signal
938,discovery,/measure,15,1400.0,-1400.0,0.0,0.0,1,5,0,6.0,no_signal
939,discovery,/measure,17,1400.0,-1400.0,0.0,0.0,1,5,0,6.0,no_signal
940,discovery,/measure,20,1400.0,-1400.0,0.0,0.0,1,5,0,6.0,no_signal
941,discovery,/measure,20,1400.0,-2100.0,700.0,140.0,0,5,0,145.0,no_signal
942,discovery,/measure,1,1400.0,-2100.0,0.0,0.0,1,5,0,6.0,no_signal
943,discovery,/measure,5,1400.0,-2100.0,0.0,0.0,1,5,0,6.0,no_signal
944,discovery,/measure,6,1400.0,-2100.0,0.0,0.0,1,5,0,6.0,no_signal
945,discovery,/measure,11,1400.0,-2100.0,0.0,0.0,1,5,0,6.0,no_signal
946,discovery,/measure,15,1400.0,-2100.0,0.0,0.0,1,5,0,6.0,no_signal
947,discovery,/measure,17,1400.0,-2100.0,0.0,0.0,1,5,0,6.0,no_signal
948,discovery,/measure,18,1400.0,-2100.0,0.0,0.0,1,5,0,6.0,no_signal
949,discovery,/measure,18,2100.0,-1400.0,989.9494936611666,197.9898987322333,0,5,0,202.9898987322333,no_signal
950,discovery,/measure,1,2100.0,-1400.0,0.0,0.0,1,5,0,6.0,no_signal
951,discovery,/measure,5,2100.0,-1400.0,0.0,0.0,1,5,0,6.0,no_signal
952,discovery,/measure,6,2100.0,-1400.0,0.0,0.0,1,5,0,6.0,no_signal
953,discovery,/measure,11,2100.0,-1400.0,0.0,0.0,1,5,0,6.0,no_signal
954,discovery,/measure,15,2100.0,-1400.0,0.0,0.0,1,5,0,6.0,direction
955,discovery,/measure,17,2100.0,-1400.0,0.0,0.0,1,5,0,6.0,no_signal
956,discovery,/measure,20,2100.0,-1400.0,0.0,0.0,1,5,0,6.0,direction
957,discovery,/measure,20,2100.0,-700.0,700.0,140.0,0,5,0,145.0,direction
958,discovery,/measure,1,2100.0,-700.0,0.0,0.0,1,5,0,6.0,no_signal
959,discovery,/measure,5,2100.0,-700.0,0.0,0.0,1,5,0,6.0,direction
960,discovery,/measure,6,2100.0,-700.0,0.0,0.0,1,5,0,6.0,no_signal
961,discovery,/measure,11,2100.0,-700.0,0.0,0.0,1,5,0,6.0,no_signal
962,discovery,/measure,15,2100.0,-700.0,0.0,0.0,1,5,0,6.0,direction
963,discovery,/measure,17,2100.0,-700.0,0.0,0.0,1,5,0,6.0,no_signal
964,discovery,/measure,18,2100.0,-700.0,0.0,0.0,1,5,0,6.0,no_signal
965,active_localization,/measure,15,1686.0920550991157,-335.22891042646415,551.7043906302886,110.34087812605772,1,5,0,116.34087812605772,direction
966,certified_clear,/clear,15,1649.2102648692644,-331.6515661508558,37.05487609782255,7.41097521956451,0,0,5,12.41097521956451,success
967,active_localization,/measure,5,1605.7579413654717,-154.629980543553,182.27656511137656,36.45531302227531,1,5,0,42.45531302227531,direction
968,certified_clear,/clear,5,1571.5017932898425,171.2802179976575,327.7055708927614,65.54111417855228,0,0,5,70.54111417855228,success
969,discovery,/measure,1,1400.0,-700.0,887.9989208189824,177.59978416379647,1,5,0,183.59978416379647,no_signal
970,discovery,/measure,6,1400.0,-700.0,0.0,0.0,1,5,0,6.0,no_signal
971,discovery,/measure,11,1400.0,-700.0,0.0,0.0,1,5,0,6.0,no_signal
972,discovery,/measure,17,1400.0,-700.0,0.0,0.0,1,5,0,6.0,no_signal
973,discovery,/measure,18,1400.0,-700.0,0.0,0.0,1,5,0,6.0,direction
974,discovery,/measure,20,1400.0,-700.0,0.0,0.0,1,5,0,6.0,direction
975,certified_clear,/clear,20,1258.4311222048923,-957.3923541873545,293.7559721167804,58.75119442335608,0,0,5,63.75119442335608,success
976,certified_clear,/clear,18,1782.9675758184221,-199.5097410838153,921.6965587513645,184.33931175027288,0,0,5,189.33931175027288,success
977,discovery,/measure,1,1400.0,0.0,431.8197551242531,86.36395102485062,1,5,0,92.36395102485062,no_signal
978,discovery,/measure,6,1400.0,0.0,0.0,0.0,1,5,0,6.0,no_signal
979,discovery,/measure,11,1400.0,0.0,0.0,0.0,1,5,0,6.0,no_signal
980,discovery,/measure,17,1400.0,0.0,0.0,0.0,1,5,0,6.0,no_signal
981,discovery,/measure,17,1400.0,700.0,700.0,140.0,0,5,0,145.0,no_signal
982,discovery,/measure,1,1400.0,700.0,0.0,0.0,1,5,0,6.0,no_signal
983,discovery,/measure,6,1400.0,700.0,0.0,0.0,1,5,0,6.0,no_signal
984,discovery,/measure,11,1400.0,700.0,0.0,0.0,1,5,0,6.0,no_signal
985,discovery,/measure,11,1400.0,1400.0,700.0,140.0,0,5,0,145.0,no_signal
986,discovery,/measure,1,1400.0,1400.0,0.0,0.0,1,5,0,6.0,no_signal
987,discovery,/measure,6,1400.0,1400.0,0.0,0.0,1,5,0,6.0,no_signal
988,discovery,/measure,17,1400.0,1400.0,0.0,0.0,1,5,0,6.0,no_signal
989,discovery,/measure,17,1400.0,2100.0,700.0,140.0,0,5,0,145.0,no_signal
990,discovery,/measure,1,1400.0,2100.0,0.0,0.0,1,5,0,6.0,no_signal
991,discovery,/measure,6,1400.0,2100.0,0.0,0.0,1,5,0,6.0,no_signal
992,discovery,/measure,11,1400.0,2100.0,0.0,0.0,1,5,0,6.0,no_signal
993,discovery,/measure,11,2100.0,1400.0,989.9494936611666,197.9898987322333,0,5,0,202.9898987322333,no_signal
994,discovery,/measure,1,2100.0,1400.0,0.0,0.0,1,5,0,6.0,no_signal
995,discovery,/measure,6,2100.0,1400.0,0.0,0.0,1,5,0,6.0,no_signal
996,discovery,/measure,17,2100.0,1400.0,0.0,0.0,1,5,0,6.0,no_signal
997,discovery,/measure,17,2100.0,700.0,700.0,140.0,0,5,0,145.0,no_signal
998,discovery,/measure,1,2100.0,700.0,0.0,0.0,1,5,0,6.0,no_signal
999,discovery,/measure,6,2100.0,700.0,0.0,0.0,1,5,0,6.0,no_signal
1000,discovery,/measure,11,2100.0,700.0,0.0,0.0,1,5,0,6.0,no_signal
1001,discovery,/measure,11,2100.0,0.0,700.0,140.0,0,5,0,145.0,no_signal
1002,discovery,/measure,1,2100.0,0.0,0.0,0.0,1,5,0,6.0,no_signal
1003,discovery,/measure,6,2100.0,0.0,0.0,0.0,1,5,0,6.0,no_signal
1004,discovery,/measure,17,2100.0,0.0,0.0,0.0,1,5,0,6.0,no_signal
