state_key,planner_kind,metric,common_candidates,candidate_pairs,concordant,discordant,both_tied,current_only_tied,shadow_only_tied,top_sets_overlap,top_sets_equal,current_top_size,shadow_top_size
q3_0000_P3_current_grid_v1/state=0/planner=q3_active,q3_active,D_worst,15,105,103,1,0,0,1,True,True,1,1
q3_0000_P3_current_grid_v1/state=0/planner=q3_active,q3_active,R_worst,15,105,103,1,0,0,1,True,True,1,1
q3_0000_P3_current_grid_v1/state=0/planner=q3_active,q3_active,G_worst,15,105,103,1,0,0,1,True,True,1,1
q3_0000_P3_current_grid_v1/state=0/planner=q3_active,q3_active,sampled_cert_score,15,105,25,42,0,0,38,False,False,1,1
q3_0000_P3_current_grid_v1/state=0/planner=q3_active,q3_active,certified_completion_cost,0,0,0,0,0,0,0,,,0,0
q3_0000_P3_current_grid_v1/state=0/planner=q3_active,q3_active,estimated_completion_cost,0,0,0,0,0,0,0,,,0,0
q3_0000_P3_current_grid_v1/state=1/planner=q3_active,q3_active,D_worst,15,105,100,5,0,0,0,True,True,1,1
q3_0000_P3_current_grid_v1/state=1/planner=q3_active,q3_active,R_worst,15,105,100,5,0,0,0,True,True,1,1
q3_0000_P3_current_grid_v1/state=1/planner=q3_active,q3_active,G_worst,15,105,87,3,0,0,15,True,False,1,6
q3_0000_P3_current_grid_v1/state=1/planner=q3_active,q3_active,sampled_cert_score,15,105,84,3,0,0,18,True,False,1,6
q3_0000_P3_current_grid_v1/state=1/planner=q3_active,q3_active,certified_completion_cost,6,15,6,9,0,0,0,False,False,1,1
q3_0000_P3_current_grid_v1/state=1/planner=q3_active,q3_active,estimated_completion_cost,0,0,0,0,0,0,0,,,0,0
q3_0000_P3_current_grid_v1/state=2/planner=q3_active,q3_active,D_worst,15,105,102,3,0,0,0,True,True,1,1
q3_0000_P3_current_grid_v1/state=2/planner=q3_active,q3_active,R_worst,15,105,102,3,0,0,0,True,True,1,1
q3_0000_P3_current_grid_v1/state=2/planner=q3_active,q3_active,G_worst,15,105,102,3,0,0,0,True,True,1,1
q3_0000_P3_current_grid_v1/state=2/planner=q3_active,q3_active,sampled_cert_score,15,105,55,16,0,0,34,False,False,1,1
q3_0000_P3_current_grid_v1/state=2/planner=q3_active,q3_active,certified_completion_cost,0,0,0,0,0,0,0,,,0,0
q3_0000_P3_current_grid_v1/state=2/planner=q3_active,q3_active,estimated_completion_cost,0,0,0,0,0,0,0,,,0,0
q3_0000_P3_current_grid_v1/state=3/planner=q3_active,q3_active,D_worst,15,105,88,17,0,0,0,True,True,1,1
q3_0000_P3_current_grid_v1/state=3/planner=q3_active,q3_active,R_worst,15,105,88,17,0,0,0,True,True,1,1
q3_0000_P3_current_grid_v1/state=3/planner=q3_active,q3_active,G_worst,15,105,23,4,0,0,78,True,False,1,13
q3_0000_P3_current_grid_v1/state=3/planner=q3_active,q3_active,sampled_cert_score,15,105,23,4,0,0,78,True,False,1,13
q3_0000_P3_current_grid_v1/state=3/planner=q3_active,q3_active,certified_completion_cost,13,78,53,25,0,0,0,False,False,1,1
q3_0000_P3_current_grid_v1/state=3/planner=q3_active,q3_active,estimated_completion_cost,0,0,0,0,0,0,0,,,0,0
q3_0000_P3_current_grid_v1/state=4/planner=q3_active,q3_active,D_worst,15,105,105,0,0,0,0,True,True,1,1
q3_0000_P3_current_grid_v1/state=4/planner=q3_active,q3_active,R_worst,15,105,105,0,0,0,0,True,True,1,1
q3_0000_P3_current_grid_v1/state=4/planner=q3_active,q3_active,G_worst,15,105,105,0,0,0,0,True,True,1,1
q3_0000_P3_current_grid_v1/state=4/planner=q3_active,q3_active,sampled_cert_score,15,105,55,20,0,0,30,True,False,1,4
q3_0000_P3_current_grid_v1/state=4/planner=q3_active,q3_active,certified_completion_cost,0,0,0,0,0,0,0,,,0,0
q3_0000_P3_current_grid_v1/state=4/planner=q3_active,q3_active,estimated_completion_cost,0,0,0,0,0,0,0,,,0,0
q3_0000_P3_current_grid_v1/state=5/planner=q3_active,q3_active,D_worst,15,105,103,2,0,0,0,True,True,1,1
q3_0000_P3_current_grid_v1/state=5/planner=q3_active,q3_active,R_worst,15,105,103,2,0,0,0,True,True,1,1
q3_0000_P3_current_grid_v1/state=5/planner=q3_active,q3_active,G_worst,15,105,67,2,0,0,36,True,False,1,9
q3_0000_P3_current_grid_v1/state=5/planner=q3_active,q3_active,sampled_cert_score,15,105,63,4,0,0,38,True,False,1,9
q3_0000_P3_current_grid_v1/state=5/planner=q3_active,q3_active,certified_completion_cost,9,36,22,14,0,0,0,False,False,1,1
q3_0000_P3_current_grid_v1/state=5/planner=q3_active,q3_active,estimated_completion_cost,0,0,0,0,0,0,0,,,0,0
q3_0000_P3_current_grid_v1/state=6/planner=q3_active,q3_active,D_worst,15,105,91,14,0,0,0,True,True,1,1
q3_0000_P3_current_grid_v1/state=6/planner=q3_active,q3_active,R_worst,15,105,91,14,0,0,0,True,True,1,1
q3_0000_P3_current_grid_v1/state=6/planner=q3_active,q3_active,G_worst,15,105,72,12,0,0,21,True,False,1,7
q3_0000_P3_current_grid_v1/state=6/planner=q3_active,q3_active,sampled_cert_score,15,105,65,18,0,0,22,True,False,1,7
q3_0000_P3_current_grid_v1/state=6/planner=q3_active,q3_active,certified_completion_cost,7,21,14,7,0,0,0,True,True,1,1
q3_0000_P3_current_grid_v1/state=6/planner=q3_active,q3_active,estimated_completion_cost,0,0,0,0,0,0,0,,,0,0
q3_0000_P3_current_grid_v1/state=7/planner=q3_active,q3_active,D_worst,15,105,98,7,0,0,0,True,True,1,1
q3_0000_P3_current_grid_v1/state=7/planner=q3_active,q3_active,R_worst,15,105,98,7,0,0,0,True,True,1,1
q3_0000_P3_current_grid_v1/state=7/planner=q3_active,q3_active,G_worst,15,105,71,6,0,0,28,True,False,1,8
q3_0000_P3_current_grid_v1/state=7/planner=q3_active,q3_active,sampled_cert_score,15,105,67,0,0,0,38,True,False,1,8
q3_0000_P3_current_grid_v1/state=7/planner=q3_active,q3_active,certified_completion_cost,8,28,20,8,0,0,0,True,True,1,1
q3_0000_P3_current_grid_v1/state=7/planner=q3_active,q3_active,estimated_completion_cost,0,0,0,0,0,0,0,,,0,0
q3_0000_P3_current_grid_v1/state=8/planner=q3_active,q3_active,D_worst,15,105,86,19,0,0,0,True,True,1,1
q3_0000_P3_current_grid_v1/state=8/planner=q3_active,q3_active,R_worst,15,105,86,19,0,0,0,True,True,1,1
q3_0000_P3_current_grid_v1/state=8/planner=q3_active,q3_active,G_worst,15,105,28,11,0,0,66,True,False,1,12
q3_0000_P3_current_grid_v1/state=8/planner=q3_active,q3_active,sampled_cert_score,15,105,26,13,0,0,66,True,False,1,12
q3_0000_P3_current_grid_v1/state=8/planner=q3_active,q3_active,certified_completion_cost,12,66,46,20,0,0,0,False,False,1,1
q3_0000_P3_current_grid_v1/state=8/planner=q3_active,q3_active,estimated_completion_cost,0,0,0,0,0,0,0,,,0,0
q3_0000_P3_current_grid_v1/state=9/planner=q3_active,q3_active,D_worst,15,105,102,3,0,0,0,True,True,1,1
q3_0000_P3_current_grid_v1/state=9/planner=q3_active,q3_active,R_worst,15,105,102,3,0,0,0,True,True,1,1
q3_0000_P3_current_grid_v1/state=9/planner=q3_active,q3_active,G_worst,15,105,102,3,0,0,0,True,True,1,1
q3_0000_P3_current_grid_v1/state=9/planner=q3_active,q3_active,sampled_cert_score,15,105,80,12,0,0,13,True,False,1,2
q3_0000_P3_current_grid_v1/state=9/planner=q3_active,q3_active,certified_completion_cost,0,0,0,0,0,0,0,,,0,0
q3_0000_P3_current_grid_v1/state=9/planner=q3_active,q3_active,estimated_completion_cost,0,0,0,0,0,0,0,,,0,0
q3_0000_P3_current_grid_v1/state=10/planner=q3_active,q3_active,D_worst,15,105,99,6,0,0,0,False,False,1,1
q3_0000_P3_current_grid_v1/state=10/planner=q3_active,q3_active,R_worst,15,105,99,6,0,0,0,False,False,1,1
q3_0000_P3_current_grid_v1/state=10/planner=q3_active,q3_active,G_worst,15,105,99,6,0,0,0,False,False,1,1
q3_0000_P3_current_grid_v1/state=10/planner=q3_active,q3_active,sampled_cert_score,15,105,44,15,0,0,46,True,False,1,5
q3_0000_P3_current_grid_v1/state=10/planner=q3_active,q3_active,certified_completion_cost,0,0,0,0,0,0,0,,,0,0
q3_0000_P3_current_grid_v1/state=10/planner=q3_active,q3_active,estimated_completion_cost,0,0,0,0,0,0,0,,,0,0
q3_0000_P3_current_grid_v1/state=11/planner=q3_active,q3_active,D_worst,15,105,101,4,0,0,0,True,True,1,1
q3_0000_P3_current_grid_v1/state=11/planner=q3_active,q3_active,R_worst,15,105,101,4,0,0,0,True,True,1,1
q3_0000_P3_current_grid_v1/state=11/planner=q3_active,q3_active,G_worst,15,105,66,3,0,0,36,True,False,1,9
q3_0000_P3_current_grid_v1/state=11/planner=q3_active,q3_active,sampled_cert_score,15,105,60,6,0,0,39,True,False,1,9
q3_0000_P3_current_grid_v1/state=11/planner=q3_active,q3_active,certified_completion_cost,9,36,27,9,0,0,0,False,False,1,1
q3_0000_P3_current_grid_v1/state=11/planner=q3_active,q3_active,estimated_completion_cost,0,0,0,0,0,0,0,,,0,0
q3_0000_P3_current_grid_v1/state=12/planner=q3_active,q3_active,D_worst,15,105,73,32,0,0,0,False,False,1,1
q3_0000_P3_current_grid_v1/state=12/planner=q3_active,q3_active,R_worst,15,105,73,32,0,0,0,False,False,1,1
q3_0000_P3_current_grid_v1/state=12/planner=q3_active,q3_active,G_worst,15,105,9,5,0,0,91,True,False,1,14
q3_0000_P3_current_grid_v1/state=12/planner=q3_active,q3_active,sampled_cert_score,15,105,9,5,0,0,91,True,False,1,14
q3_0000_P3_current_grid_v1/state=12/planner=q3_active,q3_active,certified_completion_cost,14,91,47,43,0,0,1,False,False,1,1
q3_0000_P3_current_grid_v1/state=12/planner=q3_active,q3_active,estimated_completion_cost,0,0,0,0,0,0,0,,,0,0
q3_0000_P3_current_grid_v1/state=13/planner=q3_active,q3_active,D_worst,15,105,96,9,0,0,0,True,True,1,1
q3_0000_P3_current_grid_v1/state=13/planner=q3_active,q3_active,R_worst,15,105,96,9,0,0,0,True,True,1,1
q3_0000_P3_current_grid_v1/state=13/planner=q3_active,q3_active,G_worst,15,105,42,8,0,0,55,True,False,1,11
q3_0000_P3_current_grid_v1/state=13/planner=q3_active,q3_active,sampled_cert_score,15,105,42,7,0,0,56,True,False,1,11
q3_0000_P3_current_grid_v1/state=13/planner=q3_active,q3_active,certified_completion_cost,11,55,43,12,0,0,0,False,False,1,1
q3_0000_P3_current_grid_v1/state=13/planner=q3_active,q3_active,estimated_completion_cost,0,0,0,0,0,0,0,,,0,0
q3_0000_P3_current_grid_v1/state=14/planner=q3_active,q3_active,D_worst,15,105,90,15,0,0,0,False,False,1,1
q3_0000_P3_current_grid_v1/state=14/planner=q3_active,q3_active,R_worst,15,105,90,15,0,0,0,False,False,1,1
q3_0000_P3_current_grid_v1/state=14/planner=q3_active,q3_active,G_worst,15,105,0,0,0,0,105,True,False,1,15
q3_0000_P3_current_grid_v1/state=14/planner=q3_active,q3_active,sampled_cert_score,15,105,0,0,0,0,105,True,False,1,15
q3_0000_P3_current_grid_v1/state=14/planner=q3_active,q3_active,certified_completion_cost,15,105,52,51,0,0,2,False,False,1,1
q3_0000_P3_current_grid_v1/state=14/planner=q3_active,q3_active,estimated_completion_cost,0,0,0,0,0,0,0,,,0,0
q3_0000_P3_current_grid_v1/state=15/planner=q3_active,q3_active,D_worst,15,105,79,26,0,0,0,True,True,1,1
q3_0000_P3_current_grid_v1/state=15/planner=q3_active,q3_active,R_worst,15,105,79,26,0,0,0,True,True,1,1
q3_0000_P3_current_grid_v1/state=15/planner=q3_active,q3_active,G_worst,15,105,69,26,0,0,10,True,False,1,5
q3_0000_P3_current_grid_v1/state=15/planner=q3_active,q3_active,sampled_cert_score,15,105,60,31,0,0,14,True,False,1,5
q3_0000_P3_current_grid_v1/state=15/planner=q3_active,q3_active,certified_completion_cost,5,10,5,5,0,0,0,True,True,1,1
q3_0000_P3_current_grid_v1/state=15/planner=q3_active,q3_active,estimated_completion_cost,0,0,0,0,0,0,0,,,0,0
q3_0000_P3_current_grid_v1/state=16/planner=q3_active,q3_active,D_worst,15,105,102,3,0,0,0,True,True,1,1
q3_0000_P3_current_grid_v1/state=16/planner=q3_active,q3_active,R_worst,15,105,102,3,0,0,0,True,True,1,1
q3_0000_P3_current_grid_v1/state=16/planner=q3_active,q3_active,G_worst,15,105,102,3,0,0,0,True,True,1,1
q3_0000_P3_current_grid_v1/state=16/planner=q3_active,q3_active,sampled_cert_score,15,105,89,3,0,0,13,False,False,1,1
q3_0000_P3_current_grid_v1/state=16/planner=q3_active,q3_active,certified_completion_cost,0,0,0,0,0,0,0,,,0,0
q3_0000_P3_current_grid_v1/state=16/planner=q3_active,q3_active,estimated_completion_cost,0,0,0,0,0,0,0,,,0,0
q3_0000_P3_current_grid_v1/state=17/planner=q3_active,q3_active,D_worst,15,105,93,12,0,0,0,False,False,1,1
q3_0000_P3_current_grid_v1/state=17/planner=q3_active,q3_active,R_worst,15,105,93,12,0,0,0,False,False,1,1
q3_0000_P3_current_grid_v1/state=17/planner=q3_active,q3_active,G_worst,15,105,49,1,0,0,55,True,False,1,11
q3_0000_P3_current_grid_v1/state=17/planner=q3_active,q3_active,sampled_cert_score,15,105,48,0,0,0,57,True,False,1,11
q3_0000_P3_current_grid_v1/state=17/planner=q3_active,q3_active,certified_completion_cost,11,55,12,42,0,0,1,False,False,1,1
q3_0000_P3_current_grid_v1/state=17/planner=q3_active,q3_active,estimated_completion_cost,0,0,0,0,0,0,0,,,0,0
q3_0000_P3_current_grid_v1_nccp/state=0/planner=q3_active,q3_active,D_worst,15,105,103,1,0,0,1,True,True,1,1
q3_0000_P3_current_grid_v1_nccp/state=0/planner=q3_active,q3_active,R_worst,15,105,103,1,0,0,1,True,True,1,1
q3_0000_P3_current_grid_v1_nccp/state=0/planner=q3_active,q3_active,G_worst,15,105,103,1,0,0,1,True,True,1,1
q3_0000_P3_current_grid_v1_nccp/state=0/planner=q3_active,q3_active,sampled_cert_score,15,105,25,42,0,0,38,False,False,1,1
q3_0000_P3_current_grid_v1_nccp/state=0/planner=q3_active,q3_active,certified_completion_cost,0,0,0,0,0,0,0,,,0,0
q3_0000_P3_current_grid_v1_nccp/state=0/planner=q3_active,q3_active,estimated_completion_cost,0,0,0,0,0,0,0,,,0,0
q3_0000_P3_current_grid_v1_nccp/state=1/planner=q3_active,q3_active,D_worst,15,105,100,5,0,0,0,True,True,1,1
q3_0000_P3_current_grid_v1_nccp/state=1/planner=q3_active,q3_active,R_worst,15,105,100,5,0,0,0,True,True,1,1
q3_0000_P3_current_grid_v1_nccp/state=1/planner=q3_active,q3_active,G_worst,15,105,87,3,0,0,15,True,False,1,6
q3_0000_P3_current_grid_v1_nccp/state=1/planner=q3_active,q3_active,sampled_cert_score,15,105,84,3,0,0,18,True,False,1,6
q3_0000_P3_current_grid_v1_nccp/state=1/planner=q3_active,q3_active,certified_completion_cost,6,15,6,9,0,0,0,False,False,1,1
q3_0000_P3_current_grid_v1_nccp/state=1/planner=q3_active,q3_active,estimated_completion_cost,0,0,0,0,0,0,0,,,0,0
q3_0000_P3_current_grid_v1_nccp/state=2/planner=q3_active,q3_active,D_worst,15,105,102,3,0,0,0,True,True,1,1
q3_0000_P3_current_grid_v1_nccp/state=2/planner=q3_active,q3_active,R_worst,15,105,102,3,0,0,0,True,True,1,1
q3_0000_P3_current_grid_v1_nccp/state=2/planner=q3_active,q3_active,G_worst,15,105,102,3,0,0,0,True,True,1,1
q3_0000_P3_current_grid_v1_nccp/state=2/planner=q3_active,q3_active,sampled_cert_score,15,105,55,16,0,0,34,False,False,1,1
q3_0000_P3_current_grid_v1_nccp/state=2/planner=q3_active,q3_active,certified_completion_cost,0,0,0,0,0,0,0,,,0,0
q3_0000_P3_current_grid_v1_nccp/state=2/planner=q3_active,q3_active,estimated_completion_cost,0,0,0,0,0,0,0,,,0,0
q3_0000_P3_current_grid_v1_nccp/state=3/planner=q3_active,q3_active,D_worst,15,105,89,16,0,0,0,True,True,1,1
q3_0000_P3_current_grid_v1_nccp/state=3/planner=q3_active,q3_active,R_worst,15,105,89,16,0,0,0,True,True,1,1
q3_0000_P3_current_grid_v1_nccp/state=3/planner=q3_active,q3_active,G_worst,15,105,23,4,0,0,78,True,False,1,13
q3_0000_P3_current_grid_v1_nccp/state=3/planner=q3_active,q3_active,sampled_cert_score,15,105,23,4,0,0,78,True,False,1,13
q3_0000_P3_current_grid_v1_nccp/state=3/planner=q3_active,q3_active,certified_completion_cost,13,78,54,24,0,0,0,False,False,1,1
q3_0000_P3_current_grid_v1_nccp/state=3/planner=q3_active,q3_active,estimated_completion_cost,0,0,0,0,0,0,0,,,0,0
q3_0000_P3_current_grid_v1_nccp/state=4/planner=q3_active,q3_active,D_worst,15,105,104,1,0,0,0,False,False,1,1
q3_0000_P3_current_grid_v1_nccp/state=4/planner=q3_active,q3_active,R_worst,15,105,104,1,0,0,0,False,False,1,1
q3_0000_P3_current_grid_v1_nccp/state=4/planner=q3_active,q3_active,G_worst,15,105,104,1,0,0,0,False,False,1,1
q3_0000_P3_current_grid_v1_nccp/state=4/planner=q3_active,q3_active,sampled_cert_score,15,105,55,20,0,0,30,True,False,1,4
q3_0000_P3_current_grid_v1_nccp/state=4/planner=q3_active,q3_active,certified_completion_cost,0,0,0,0,0,0,0,,,0,0
q3_0000_P3_current_grid_v1_nccp/state=4/planner=q3_active,q3_active,estimated_completion_cost,0,0,0,0,0,0,0,,,0,0
q3_0000_P3_current_grid_v1_nccp/state=5/planner=q3_active,q3_active,D_worst,15,105,103,2,0,0,0,True,True,1,1
q3_0000_P3_current_grid_v1_nccp/state=5/planner=q3_active,q3_active,R_worst,15,105,103,2,0,0,0,True,True,1,1
q3_0000_P3_current_grid_v1_nccp/state=5/planner=q3_active,q3_active,G_worst,15,105,67,2,0,0,36,True,False,1,9
q3_0000_P3_current_grid_v1_nccp/state=5/planner=q3_active,q3_active,sampled_cert_score,15,105,63,4,0,0,38,True,False,1,9
q3_0000_P3_current_grid_v1_nccp/state=5/planner=q3_active,q3_active,certified_completion_cost,9,36,22,14,0,0,0,False,False,1,1
q3_0000_P3_current_grid_v1_nccp/state=5/planner=q3_active,q3_active,estimated_completion_cost,0,0,0,0,0,0,0,,,0,0
q3_0000_P3_current_grid_v1_nccp/state=6/planner=q3_active,q3_active,D_worst,15,105,91,14,0,0,0,True,True,1,1
q3_0000_P3_current_grid_v1_nccp/state=6/planner=q3_active,q3_active,R_worst,15,105,91,14,0,0,0,True,True,1,1
q3_0000_P3_current_grid_v1_nccp/state=6/planner=q3_active,q3_active,G_worst,15,105,72,12,0,0,21,True,False,1,7
q3_0000_P3_current_grid_v1_nccp/state=6/planner=q3_active,q3_active,sampled_cert_score,15,105,65,18,0,0,22,True,False,1,7
q3_0000_P3_current_grid_v1_nccp/state=6/planner=q3_active,q3_active,certified_completion_cost,7,21,14,7,0,0,0,True,True,1,1
q3_0000_P3_current_grid_v1_nccp/state=6/planner=q3_active,q3_active,estimated_completion_cost,0,0,0,0,0,0,0,,,0,0
q3_0000_P3_current_grid_v1_nccp/state=7/planner=q3_active,q3_active,D_worst,15,105,100,5,0,0,0,True,True,1,1
q3_0000_P3_current_grid_v1_nccp/state=7/planner=q3_active,q3_active,R_worst,15,105,100,5,0,0,0,True,True,1,1
q3_0000_P3_current_grid_v1_nccp/state=7/planner=q3_active,q3_active,G_worst,15,105,72,5,0,0,28,True,False,1,8
q3_0000_P3_current_grid_v1_nccp/state=7/planner=q3_active,q3_active,sampled_cert_score,15,105,67,0,0,0,38,True,False,1,8
q3_0000_P3_current_grid_v1_nccp/state=7/planner=q3_active,q3_active,certified_completion_cost,8,28,19,9,0,0,0,True,True,1,1
q3_0000_P3_current_grid_v1_nccp/state=7/planner=q3_active,q3_active,estimated_completion_cost,0,0,0,0,0,0,0,,,0,0
q3_0000_P3_current_grid_v1_nccp/state=8/planner=q3_active,q3_active,D_worst,15,105,86,19,0,0,0,True,True,1,1
q3_0000_P3_current_grid_v1_nccp/state=8/planner=q3_active,q3_active,R_worst,15,105,86,19,0,0,0,True,True,1,1
q3_0000_P3_current_grid_v1_nccp/state=8/planner=q3_active,q3_active,G_worst,15,105,28,11,0,0,66,True,False,1,12
q3_0000_P3_current_grid_v1_nccp/state=8/planner=q3_active,q3_active,sampled_cert_score,15,105,26,13,0,0,66,True,False,1,12
q3_0000_P3_current_grid_v1_nccp/state=8/planner=q3_active,q3_active,certified_completion_cost,12,66,46,20,0,0,0,False,False,1,1
q3_0000_P3_current_grid_v1_nccp/state=8/planner=q3_active,q3_active,estimated_completion_cost,0,0,0,0,0,0,0,,,0,0
q3_0000_P3_current_grid_v1_nccp/state=9/planner=q3_active,q3_active,D_worst,15,105,101,4,0,0,0,True,True,1,1
q3_0000_P3_current_grid_v1_nccp/state=9/planner=q3_active,q3_active,R_worst,15,105,101,4,0,0,0,True,True,1,1
q3_0000_P3_current_grid_v1_nccp/state=9/planner=q3_active,q3_active,G_worst,15,105,101,4,0,0,0,True,True,1,1
q3_0000_P3_current_grid_v1_nccp/state=9/planner=q3_active,q3_active,sampled_cert_score,15,105,79,12,0,0,14,True,False,1,2
q3_0000_P3_current_grid_v1_nccp/state=9/planner=q3_active,q3_active,certified_completion_cost,0,0,0,0,0,0,0,,,0,0
q3_0000_P3_current_grid_v1_nccp/state=9/planner=q3_active,q3_active,estimated_completion_cost,0,0,0,0,0,0,0,,,0,0
q3_0000_P3_current_grid_v1_nccp/state=10/planner=q3_active,q3_active,D_worst,15,105,99,6,0,0,0,False,False,1,1
q3_0000_P3_current_grid_v1_nccp/state=10/planner=q3_active,q3_active,R_worst,15,105,99,6,0,0,0,False,False,1,1
q3_0000_P3_current_grid_v1_nccp/state=10/planner=q3_active,q3_active,G_worst,15,105,99,6,0,0,0,False,False,1,1
q3_0000_P3_current_grid_v1_nccp/state=10/planner=q3_active,q3_active,sampled_cert_score,15,105,44,15,0,0,46,True,False,1,5
q3_0000_P3_current_grid_v1_nccp/state=10/planner=q3_active,q3_active,certified_completion_cost,0,0,0,0,0,0,0,,,0,0
q3_0000_P3_current_grid_v1_nccp/state=10/planner=q3_active,q3_active,estimated_completion_cost,0,0,0,0,0,0,0,,,0,0
q3_0000_P3_current_grid_v1_nccp/state=11/planner=q3_active,q3_active,D_worst,15,105,101,4,0,0,0,True,True,1,1
q3_0000_P3_current_grid_v1_nccp/state=11/planner=q3_active,q3_active,R_worst,15,105,101,4,0,0,0,True,True,1,1
q3_0000_P3_current_grid_v1_nccp/state=11/planner=q3_active,q3_active,G_worst,15,105,66,3,0,0,36,True,False,1,9
q3_0000_P3_current_grid_v1_nccp/state=11/planner=q3_active,q3_active,sampled_cert_score,15,105,60,6,0,0,39,True,False,1,9
q3_0000_P3_current_grid_v1_nccp/state=11/planner=q3_active,q3_active,certified_completion_cost,9,36,26,8,0,0,2,False,False,1,1
q3_0000_P3_current_grid_v1_nccp/state=11/planner=q3_active,q3_active,estimated_completion_cost,0,0,0,0,0,0,0,,,0,0
q3_0000_P3_current_grid_v1_nccp/state=12/planner=q3_active,q3_active,D_worst,15,105,73,32,0,0,0,False,False,1,1
q3_0000_P3_current_grid_v1_nccp/state=12/planner=q3_active,q3_active,R_worst,15,105,73,32,0,0,0,False,False,1,1
q3_0000_P3_current_grid_v1_nccp/state=12/planner=q3_active,q3_active,G_worst,15,105,9,5,0,0,91,True,False,1,14
q3_0000_P3_current_grid_v1_nccp/state=12/planner=q3_active,q3_active,sampled_cert_score,15,105,9,5,0,0,91,True,False,1,14
q3_0000_P3_current_grid_v1_nccp/state=12/planner=q3_active,q3_active,certified_completion_cost,14,91,47,43,0,0,1,False,False,1,1
q3_0000_P3_current_grid_v1_nccp/state=12/planner=q3_active,q3_active,estimated_completion_cost,0,0,0,0,0,0,0,,,0,0
q3_0000_P3_current_grid_v1_nccp/state=13/planner=q3_active,q3_active,D_worst,15,105,97,8,0,0,0,True,True,1,1
q3_0000_P3_current_grid_v1_nccp/state=13/planner=q3_active,q3_active,R_worst,15,105,97,8,0,0,0,True,True,1,1
q3_0000_P3_current_grid_v1_nccp/state=13/planner=q3_active,q3_active,G_worst,15,105,43,7,0,0,55,True,False,1,11
q3_0000_P3_current_grid_v1_nccp/state=13/planner=q3_active,q3_active,sampled_cert_score,15,105,42,7,0,0,56,True,False,1,11
q3_0000_P3_current_grid_v1_nccp/state=13/planner=q3_active,q3_active,certified_completion_cost,11,55,43,12,0,0,0,False,False,1,1
q3_0000_P3_current_grid_v1_nccp/state=13/planner=q3_active,q3_active,estimated_completion_cost,0,0,0,0,0,0,0,,,0,0
q3_0000_P3_current_grid_v1_nccp/state=14/planner=q3_active,q3_active,D_worst,15,105,90,15,0,0,0,False,False,1,1
q3_0000_P3_current_grid_v1_nccp/state=14/planner=q3_active,q3_active,R_worst,15,105,90,15,0,0,0,False,False,1,1
q3_0000_P3_current_grid_v1_nccp/state=14/planner=q3_active,q3_active,G_worst,15,105,0,0,0,0,105,True,False,1,15
q3_0000_P3_current_grid_v1_nccp/state=14/planner=q3_active,q3_active,sampled_cert_score,15,105,0,0,0,0,105,True,False,1,15
q3_0000_P3_current_grid_v1_nccp/state=14/planner=q3_active,q3_active,certified_completion_cost,15,105,52,51,0,0,2,False,False,1,1
q3_0000_P3_current_grid_v1_nccp/state=14/planner=q3_active,q3_active,estimated_completion_cost,0,0,0,0,0,0,0,,,0,0
q3_0000_P3_current_grid_v1_nccp/state=15/planner=q3_active,q3_active,D_worst,15,105,79,26,0,0,0,True,True,1,1
q3_0000_P3_current_grid_v1_nccp/state=15/planner=q3_active,q3_active,R_worst,15,105,79,26,0,0,0,True,True,1,1
q3_0000_P3_current_grid_v1_nccp/state=15/planner=q3_active,q3_active,G_worst,15,105,69,26,0,0,10,True,False,1,5
q3_0000_P3_current_grid_v1_nccp/state=15/planner=q3_active,q3_active,sampled_cert_score,15,105,60,31,0,0,14,True,False,1,5
q3_0000_P3_current_grid_v1_nccp/state=15/planner=q3_active,q3_active,certified_completion_cost,5,10,5,5,0,0,0,True,True,1,1
q3_0000_P3_current_grid_v1_nccp/state=15/planner=q3_active,q3_active,estimated_completion_cost,0,0,0,0,0,0,0,,,0,0
q3_0000_P3_current_grid_v1_nccp/state=16/planner=q3_active,q3_active,D_worst,15,105,102,3,0,0,0,True,True,1,1
q3_0000_P3_current_grid_v1_nccp/state=16/planner=q3_active,q3_active,R_worst,15,105,102,3,0,0,0,True,True,1,1
q3_0000_P3_current_grid_v1_nccp/state=16/planner=q3_active,q3_active,G_worst,15,105,102,3,0,0,0,True,True,1,1
q3_0000_P3_current_grid_v1_nccp/state=16/planner=q3_active,q3_active,sampled_cert_score,15,105,89,3,0,0,13,False,False,1,1
q3_0000_P3_current_grid_v1_nccp/state=16/planner=q3_active,q3_active,certified_completion_cost,0,0,0,0,0,0,0,,,0,0
q3_0000_P3_current_grid_v1_nccp/state=16/planner=q3_active,q3_active,estimated_completion_cost,0,0,0,0,0,0,0,,,0,0
q3_0000_P3_current_grid_v1_nccp/state=17/planner=q3_active,q3_active,D_worst,15,105,93,12,0,0,0,False,False,1,1
q3_0000_P3_current_grid_v1_nccp/state=17/planner=q3_active,q3_active,R_worst,15,105,93,12,0,0,0,False,False,1,1
q3_0000_P3_current_grid_v1_nccp/state=17/planner=q3_active,q3_active,G_worst,15,105,49,1,0,0,55,True,False,1,11
q3_0000_P3_current_grid_v1_nccp/state=17/planner=q3_active,q3_active,sampled_cert_score,15,105,48,0,0,0,57,True,False,1,11
q3_0000_P3_current_grid_v1_nccp/state=17/planner=q3_active,q3_active,certified_completion_cost,11,55,12,42,0,0,1,False,False,1,1
q3_0000_P3_current_grid_v1_nccp/state=17/planner=q3_active,q3_active,estimated_completion_cost,0,0,0,0,0,0,0,,,0,0
q3_0001_P3_current_grid_v1/state=0/planner=q3_active,q3_active,D_worst,15,105,102,2,0,0,1,True,True,1,1
q3_0001_P3_current_grid_v1/state=0/planner=q3_active,q3_active,R_worst,15,105,102,2,0,0,1,True,True,1,1
q3_0001_P3_current_grid_v1/state=0/planner=q3_active,q3_active,G_worst,15,105,102,2,0,0,1,True,True,1,1
q3_0001_P3_current_grid_v1/state=0/planner=q3_active,q3_active,sampled_cert_score,15,105,31,42,0,0,32,False,False,1,2
q3_0001_P3_current_grid_v1/state=0/planner=q3_active,q3_active,certified_completion_cost,0,0,0,0,0,0,0,,,0,0
q3_0001_P3_current_grid_v1/state=0/planner=q3_active,q3_active,estimated_completion_cost,0,0,0,0,0,0,0,,,0,0
q3_0001_P3_current_grid_v1/state=1/planner=q3_active,q3_active,D_worst,15,105,100,4,0,0,1,False,False,1,1
q3_0001_P3_current_grid_v1/state=1/planner=q3_active,q3_active,R_worst,15,105,100,4,0,0,1,False,False,1,1
q3_0001_P3_current_grid_v1/state=1/planner=q3_active,q3_active,G_worst,15,105,58,1,0,0,46,True,False,1,10
q3_0001_P3_current_grid_v1/state=1/planner=q3_active,q3_active,sampled_cert_score,15,105,54,4,0,0,47,True,False,1,10
q3_0001_P3_current_grid_v1/state=1/planner=q3_active,q3_active,certified_completion_cost,10,45,34,11,0,0,0,False,False,1,1
q3_0001_P3_current_grid_v1/state=1/planner=q3_active,q3_active,estimated_completion_cost,0,0,0,0,0,0,0,,,0,0
q3_0001_P3_current_grid_v1/state=2/planner=q3_active,q3_active,D_worst,15,105,101,4,0,0,0,False,False,1,1
q3_0001_P3_current_grid_v1/state=2/planner=q3_active,q3_active,R_worst,15,105,101,4,0,0,0,False,False,1,1
q3_0001_P3_current_grid_v1/state=2/planner=q3_active,q3_active,G_worst,15,105,101,4,0,0,0,False,False,1,1
q3_0001_P3_current_grid_v1/state=2/planner=q3_active,q3_active,sampled_cert_score,15,105,52,7,0,0,46,True,False,1,5
q3_0001_P3_current_grid_v1/state=2/planner=q3_active,q3_active,certified_completion_cost,0,0,0,0,0,0,0,,,0,0
q3_0001_P3_current_grid_v1/state=2/planner=q3_active,q3_active,estimated_completion_cost,0,0,0,0,0,0,0,,,0,0
q3_0001_P3_current_grid_v1/state=3/planner=q3_active,q3_active,D_worst,15,105,100,5,0,0,0,False,False,1,1
q3_0001_P3_current_grid_v1/state=3/planner=q3_active,q3_active,R_worst,15,105,100,5,0,0,0,False,False,1,1
q3_0001_P3_current_grid_v1/state=3/planner=q3_active,q3_active,G_worst,15,105,100,5,0,0,0,False,False,1,1
q3_0001_P3_current_grid_v1/state=3/planner=q3_active,q3_active,sampled_cert_score,15,105,56,17,0,0,32,False,False,1,2
q3_0001_P3_current_grid_v1/state=3/planner=q3_active,q3_active,certified_completion_cost,0,0,0,0,0,0,0,,,0,0
q3_0001_P3_current_grid_v1/state=3/planner=q3_active,q3_active,estimated_completion_cost,0,0,0,0,0,0,0,,,0,0
q3_0001_P3_current_grid_v1/state=4/planner=q3_active,q3_active,D_worst,15,105,103,2,0,0,0,True,True,1,1
q3_0001_P3_current_grid_v1/state=4/planner=q3_active,q3_active,R_worst,15,105,103,2,0,0,0,True,True,1,1
q3_0001_P3_current_grid_v1/state=4/planner=q3_active,q3_active,G_worst,15,105,75,2,0,0,28,True,False,1,8
q3_0001_P3_current_grid_v1/state=4/planner=q3_active,q3_active,sampled_cert_score,15,105,64,9,0,0,32,True,False,1,8
q3_0001_P3_current_grid_v1/state=4/planner=q3_active,q3_active,certified_completion_cost,8,28,14,12,0,0,2,False,False,1,1
q3_0001_P3_current_grid_v1/state=4/planner=q3_active,q3_active,estimated_completion_cost,0,0,0,0,0,0,0,,,0,0
q3_0001_P3_current_grid_v1/state=5/planner=q3_active,q3_active,D_worst,15,105,100,5,0,0,0,True,True,1,1
q3_0001_P3_current_grid_v1/state=5/planner=q3_active,q3_active,R_worst,15,105,100,5,0,0,0,True,True,1,1
q3_0001_P3_current_grid_v1/state=5/planner=q3_active,q3_active,G_worst,15,105,100,5,0,0,0,True,True,1,1
q3_0001_P3_current_grid_v1/state=5/planner=q3_active,q3_active,sampled_cert_score,15,105,55,8,0,0,42,True,True,1,1
q3_0001_P3_current_grid_v1/state=5/planner=q3_active,q3_active,certified_completion_cost,0,0,0,0,0,0,0,,,0,0
q3_0001_P3_current_grid_v1/state=5/planner=q3_active,q3_active,estimated_completion_cost,0,0,0,0,0,0,0,,,0,0
q3_0001_P3_current_grid_v1/state=6/planner=q3_active,q3_active,D_worst,15,105,95,10,0,0,0,False,False,1,1
q3_0001_P3_current_grid_v1/state=6/planner=q3_active,q3_active,R_worst,15,105,95,10,0,0,0,False,False,1,1
q3_0001_P3_current_grid_v1/state=6/planner=q3_active,q3_active,G_worst,15,105,61,8,0,0,36,True,False,1,9
q3_0001_P3_current_grid_v1/state=6/planner=q3_active,q3_active,sampled_cert_score,15,105,58,9,0,0,38,True,False,1,9
q3_0001_P3_current_grid_v1/state=6/planner=q3_active,q3_active,certified_completion_cost,9,36,27,9,0,0,0,False,False,1,1
q3_0001_P3_current_grid_v1/state=6/planner=q3_active,q3_active,estimated_completion_cost,0,0,0,0,0,0,0,,,0,0
q3_0001_P3_current_grid_v1/state=7/planner=q3_active,q3_active,D_worst,15,105,70,35,0,0,0,False,False,1,1
q3_0001_P3_current_grid_v1/state=7/planner=q3_active,q3_active,R_worst,15,105,70,35,0,0,0,False,False,1,1
q3_0001_P3_current_grid_v1/state=7/planner=q3_active,q3_active,G_worst,15,105,51,33,0,0,21,False,False,1,7
q3_0001_P3_current_grid_v1/state=7/planner=q3_active,q3_active,sampled_cert_score,15,105,43,40,0,0,22,False,False,1,7
q3_0001_P3_current_grid_v1/state=7/planner=q3_active,q3_active,certified_completion_cost,7,21,13,8,0,0,0,True,True,1,1
q3_0001_P3_current_grid_v1/state=7/planner=q3_active,q3_active,estimated_completion_cost,0,0,0,0,0,0,0,,,0,0
q3_0001_P3_current_grid_v1/state=8/planner=q3_active,q3_active,D_worst,15,105,86,19,0,0,0,True,True,1,1
q3_0001_P3_current_grid_v1/state=8/planner=q3_active,q3_active,R_worst,15,105,86,19,0,0,0,True,True,1,1
q3_0001_P3_current_grid_v1/state=8/planner=q3_active,q3_active,G_worst,15,105,28,11,0,0,66,True,False,1,12
q3_0001_P3_current_grid_v1/state=8/planner=q3_active,q3_active,sampled_cert_score,15,105,27,12,0,0,66,True,False,1,12
q3_0001_P3_current_grid_v1/state=8/planner=q3_active,q3_active,certified_completion_cost,12,66,47,18,0,0,1,False,False,1,1
q3_0001_P3_current_grid_v1/state=8/planner=q3_active,q3_active,estimated_completion_cost,0,0,0,0,0,0,0,,,0,0
q3_0001_P3_current_grid_v1/state=9/planner=q3_active,q3_active,D_worst,15,105,102,3,0,0,0,True,True,1,1
q3_0001_P3_current_grid_v1/state=9/planner=q3_active,q3_active,R_worst,15,105,102,3,0,0,0,True,True,1,1
q3_0001_P3_current_grid_v1/state=9/planner=q3_active,q3_active,G_worst,15,105,102,3,0,0,0,True,True,1,1
q3_0001_P3_current_grid_v1/state=9/planner=q3_active,q3_active,sampled_cert_score,15,105,54,17,0,0,34,True,False,1,3
q3_0001_P3_current_grid_v1/state=9/planner=q3_active,q3_active,certified_completion_cost,0,0,0,0,0,0,0,,,0,0
q3_0001_P3_current_grid_v1/state=9/planner=q3_active,q3_active,estimated_completion_cost,0,0,0,0,0,0,0,,,0,0
q3_0001_P3_current_grid_v1/state=10/planner=q3_active,q3_active,D_worst,15,105,100,5,0,0,0,True,True,1,1
q3_0001_P3_current_grid_v1/state=10/planner=q3_active,q3_active,R_worst,15,105,100,5,0,0,0,True,True,1,1
q3_0001_P3_current_grid_v1/state=10/planner=q3_active,q3_active,G_worst,15,105,73,4,0,0,28,True,False,1,8
q3_0001_P3_current_grid_v1/state=10/planner=q3_active,q3_active,sampled_cert_score,15,105,65,5,0,0,35,True,False,1,8
q3_0001_P3_current_grid_v1/state=10/planner=q3_active,q3_active,certified_completion_cost,8,28,19,7,0,0,2,False,False,1,1
q3_0001_P3_current_grid_v1/state=10/planner=q3_active,q3_active,estimated_completion_cost,0,0,0,0,0,0,0,,,0,0
q3_0001_P3_current_grid_v1/state=11/planner=q3_active,q3_active,D_worst,15,105,100,2,0,0,3,True,True,1,1
q3_0001_P3_current_grid_v1/state=11/planner=q3_active,q3_active,R_worst,15,105,100,2,0,0,3,True,True,1,1
q3_0001_P3_current_grid_v1/state=11/planner=q3_active,q3_active,G_worst,15,105,100,2,0,0,3,True,True,1,1
q3_0001_P3_current_grid_v1/state=11/planner=q3_active,q3_active,sampled_cert_score,15,105,66,13,0,0,26,True,True,1,1
q3_0001_P3_current_grid_v1/state=11/planner=q3_active,q3_active,certified_completion_cost,0,0,0,0,0,0,0,,,0,0
q3_0001_P3_current_grid_v1/state=11/planner=q3_active,q3_active,estimated_completion_cost,0,0,0,0,0,0,0,,,0,0
q3_0001_P3_current_grid_v1/state=12/planner=q3_active,q3_active,D_worst,15,105,97,8,0,0,0,True,True,1,1
q3_0001_P3_current_grid_v1/state=12/planner=q3_active,q3_active,R_worst,15,105,97,8,0,0,0,True,True,1,1
q3_0001_P3_current_grid_v1/state=12/planner=q3_active,q3_active,G_worst,15,105,63,6,0,0,36,True,False,1,9
q3_0001_P3_current_grid_v1/state=12/planner=q3_active,q3_active,sampled_cert_score,15,105,55,11,0,0,39,True,False,1,9
q3_0001_P3_current_grid_v1/state=12/planner=q3_active,q3_active,certified_completion_cost,9,36,25,11,0,0,0,False,False,1,1
q3_0001_P3_current_grid_v1/state=12/planner=q3_active,q3_active,estimated_completion_cost,0,0,0,0,0,0,0,,,0,0
q3_0001_P3_current_grid_v1/state=13/planner=q3_active,q3_active,D_worst,15,105,86,19,0,0,0,True,True,1,1
q3_0001_P3_current_grid_v1/state=13/planner=q3_active,q3_active,R_worst,15,105,86,19,0,0,0,True,True,1,1
q3_0001_P3_current_grid_v1/state=13/planner=q3_active,q3_active,G_worst,15,105,67,17,0,0,21,True,False,1,7
q3_0001_P3_current_grid_v1/state=13/planner=q3_active,q3_active,sampled_cert_score,15,105,52,28,0,0,25,True,False,1,7
q3_0001_P3_current_grid_v1/state=13/planner=q3_active,q3_active,certified_completion_cost,7,21,16,5,0,0,0,True,True,1,1
q3_0001_P3_current_grid_v1/state=13/planner=q3_active,q3_active,estimated_completion_cost,0,0,0,0,0,0,0,,,0,0
q3_0001_P3_current_grid_v1/state=14/planner=q3_active,q3_active,D_worst,15,105,102,2,0,0,1,True,True,1,1
q3_0001_P3_current_grid_v1/state=14/planner=q3_active,q3_active,R_worst,15,105,102,2,0,0,1,True,True,1,1
q3_0001_P3_current_grid_v1/state=14/planner=q3_active,q3_active,G_worst,15,105,102,2,0,0,1,True,True,1,1
q3_0001_P3_current_grid_v1/state=14/planner=q3_active,q3_active,sampled_cert_score,15,105,72,18,0,0,15,True,False,1,2
q3_0001_P3_current_grid_v1/state=14/planner=q3_active,q3_active,certified_completion_cost,0,0,0,0,0,0,0,,,0,0
q3_0001_P3_current_grid_v1/state=14/planner=q3_active,q3_active,estimated_completion_cost,0,0,0,0,0,0,0,,,0,0
q3_0001_P3_current_grid_v1/state=15/planner=q3_active,q3_active,D_worst,15,105,90,15,0,0,0,True,True,1,1
q3_0001_P3_current_grid_v1/state=15/planner=q3_active,q3_active,R_worst,15,105,90,15,0,0,0,True,True,1,1
q3_0001_P3_current_grid_v1/state=15/planner=q3_active,q3_active,G_worst,15,105,69,15,0,0,21,True,False,1,7
q3_0001_P3_current_grid_v1/state=15/planner=q3_active,q3_active,sampled_cert_score,15,105,64,16,0,0,25,True,False,1,7
q3_0001_P3_current_grid_v1/state=15/planner=q3_active,q3_active,certified_completion_cost,7,21,8,12,0,0,1,False,False,1,1
q3_0001_P3_current_grid_v1/state=15/planner=q3_active,q3_active,estimated_completion_cost,0,0,0,0,0,0,0,,,0,0
q3_0001_P3_current_grid_v1/state=16/planner=q3_active,q3_active,D_worst,15,105,101,4,0,0,0,True,True,1,1
q3_0001_P3_current_grid_v1/state=16/planner=q3_active,q3_active,R_worst,15,105,101,4,0,0,0,True,True,1,1
q3_0001_P3_current_grid_v1/state=16/planner=q3_active,q3_active,G_worst,15,105,101,4,0,0,0,True,True,1,1
q3_0001_P3_current_grid_v1/state=16/planner=q3_active,q3_active,sampled_cert_score,15,105,83,4,0,0,18,True,False,1,2
q3_0001_P3_current_grid_v1/state=16/planner=q3_active,q3_active,certified_completion_cost,0,0,0,0,0,0,0,,,0,0
q3_0001_P3_current_grid_v1/state=16/planner=q3_active,q3_active,estimated_completion_cost,0,0,0,0,0,0,0,,,0,0
q3_0001_P3_current_grid_v1/state=17/planner=q3_active,q3_active,D_worst,15,105,104,1,0,0,0,True,True,1,1
q3_0001_P3_current_grid_v1/state=17/planner=q3_active,q3_active,R_worst,15,105,104,1,0,0,0,True,True,1,1
q3_0001_P3_current_grid_v1/state=17/planner=q3_active,q3_active,G_worst,15,105,104,1,0,0,0,True,True,1,1
q3_0001_P3_current_grid_v1/state=17/planner=q3_active,q3_active,sampled_cert_score,15,105,84,7,0,0,14,True,False,1,2
q3_0001_P3_current_grid_v1/state=17/planner=q3_active,q3_active,certified_completion_cost,0,0,0,0,0,0,0,,,0,0
q3_0001_P3_current_grid_v1/state=17/planner=q3_active,q3_active,estimated_completion_cost,0,0,0,0,0,0,0,,,0,0
q3_0001_P3_current_grid_v1/state=18/planner=q3_active,q3_active,D_worst,15,105,102,2,0,0,1,True,True,1,1
q3_0001_P3_current_grid_v1/state=18/planner=q3_active,q3_active,R_worst,15,105,102,2,0,0,1,True,True,1,1
q3_0001_P3_current_grid_v1/state=18/planner=q3_active,q3_active,G_worst,15,105,102,2,0,0,1,True,True,1,1
q3_0001_P3_current_grid_v1/state=18/planner=q3_active,q3_active,sampled_cert_score,15,105,68,16,0,0,21,False,False,1,2
q3_0001_P3_current_grid_v1/state=18/planner=q3_active,q3_active,certified_completion_cost,0,0,0,0,0,0,0,,,0,0
q3_0001_P3_current_grid_v1/state=18/planner=q3_active,q3_active,estimated_completion_cost,0,0,0,0,0,0,0,,,0,0
q3_0001_P3_current_grid_v1/state=19/planner=q3_active,q3_active,D_worst,15,105,104,0,0,0,1,True,True,1,1
q3_0001_P3_current_grid_v1/state=19/planner=q3_active,q3_active,R_worst,15,105,104,0,0,0,1,True,True,1,1
q3_0001_P3_current_grid_v1/state=19/planner=q3_active,q3_active,G_worst,15,105,104,0,0,0,1,True,True,1,1
q3_0001_P3_current_grid_v1/state=19/planner=q3_active,q3_active,sampled_cert_score,15,105,31,42,0,0,32,False,False,1,2
q3_0001_P3_current_grid_v1/state=19/planner=q3_active,q3_active,certified_completion_cost,0,0,0,0,0,0,0,,,0,0
q3_0001_P3_current_grid_v1/state=19/planner=q3_active,q3_active,estimated_completion_cost,0,0,0,0,0,0,0,,,0,0
q3_0001_P3_current_grid_v1/state=20/planner=q3_active,q3_active,D_worst,15,105,102,3,0,0,0,False,False,1,1
q3_0001_P3_current_grid_v1/state=20/planner=q3_active,q3_active,R_worst,15,105,102,3,0,0,0,False,False,1,1
q3_0001_P3_current_grid_v1/state=20/planner=q3_active,q3_active,G_worst,15,105,67,2,0,0,36,True,False,1,9
q3_0001_P3_current_grid_v1/state=20/planner=q3_active,q3_active,sampled_cert_score,15,105,62,5,0,0,38,True,False,1,9
q3_0001_P3_current_grid_v1/state=20/planner=q3_active,q3_active,certified_completion_cost,9,36,24,12,0,0,0,False,False,1,1
q3_0001_P3_current_grid_v1/state=20/planner=q3_active,q3_active,estimated_completion_cost,0,0,0,0,0,0,0,,,0,0
q3_0001_P3_current_grid_v1_nccp/state=0/planner=q3_active,q3_active,D_worst,15,105,102,2,0,0,1,True,True,1,1
q3_0001_P3_current_grid_v1_nccp/state=0/planner=q3_active,q3_active,R_worst,15,105,102,2,0,0,1,True,True,1,1
q3_0001_P3_current_grid_v1_nccp/state=0/planner=q3_active,q3_active,G_worst,15,105,102,2,0,0,1,True,True,1,1
q3_0001_P3_current_grid_v1_nccp/state=0/planner=q3_active,q3_active,sampled_cert_score,15,105,31,42,0,0,32,False,False,1,2
q3_0001_P3_current_grid_v1_nccp/state=0/planner=q3_active,q3_active,certified_completion_cost,0,0,0,0,0,0,0,,,0,0
q3_0001_P3_current_grid_v1_nccp/state=0/planner=q3_active,q3_active,estimated_completion_cost,0,0,0,0,0,0,0,,,0,0
q3_0001_P3_current_grid_v1_nccp/state=1/planner=q3_active,q3_active,D_worst,15,105,100,4,0,0,1,False,False,1,1
q3_0001_P3_current_grid_v1_nccp/state=1/planner=q3_active,q3_active,R_worst,15,105,100,4,0,0,1,False,False,1,1
q3_0001_P3_current_grid_v1_nccp/state=1/planner=q3_active,q3_active,G_worst,15,105,58,1,0,0,46,True,False,1,10
q3_0001_P3_current_grid_v1_nccp/state=1/planner=q3_active,q3_active,sampled_cert_score,15,105,54,4,0,0,47,True,False,1,10
q3_0001_P3_current_grid_v1_nccp/state=1/planner=q3_active,q3_active,certified_completion_cost,10,45,34,11,0,0,0,False,False,1,1
q3_0001_P3_current_grid_v1_nccp/state=1/planner=q3_active,q3_active,estimated_completion_cost,0,0,0,0,0,0,0,,,0,0
q3_0001_P3_current_grid_v1_nccp/state=2/planner=q3_active,q3_active,D_worst,15,105,100,5,0,0,0,False,False,1,1
q3_0001_P3_current_grid_v1_nccp/state=2/planner=q3_active,q3_active,R_worst,15,105,100,5,0,0,0,False,False,1,1
q3_0001_P3_current_grid_v1_nccp/state=2/planner=q3_active,q3_active,G_worst,15,105,100,5,0,0,0,False,False,1,1
q3_0001_P3_current_grid_v1_nccp/state=2/planner=q3_active,q3_active,sampled_cert_score,15,105,52,7,0,0,46,True,False,1,5
q3_0001_P3_current_grid_v1_nccp/state=2/planner=q3_active,q3_active,certified_completion_cost,0,0,0,0,0,0,0,,,0,0
q3_0001_P3_current_grid_v1_nccp/state=2/planner=q3_active,q3_active,estimated_completion_cost,0,0,0,0,0,0,0,,,0,0
q3_0001_P3_current_grid_v1_nccp/state=3/planner=q3_active,q3_active,D_worst,15,105,100,5,0,0,0,False,False,1,1
q3_0001_P3_current_grid_v1_nccp/state=3/planner=q3_active,q3_active,R_worst,15,105,100,5,0,0,0,False,False,1,1
q3_0001_P3_current_grid_v1_nccp/state=3/planner=q3_active,q3_active,G_worst,15,105,100,5,0,0,0,False,False,1,1
q3_0001_P3_current_grid_v1_nccp/state=3/planner=q3_active,q3_active,sampled_cert_score,15,105,56,17,0,0,32,False,False,1,2
q3_0001_P3_current_grid_v1_nccp/state=3/planner=q3_active,q3_active,certified_completion_cost,0,0,0,0,0,0,0,,,0,0
q3_0001_P3_current_grid_v1_nccp/state=3/planner=q3_active,q3_active,estimated_completion_cost,0,0,0,0,0,0,0,,,0,0
q3_0001_P3_current_grid_v1_nccp/state=4/planner=q3_active,q3_active,D_worst,15,105,103,2,0,0,0,True,True,1,1
q3_0001_P3_current_grid_v1_nccp/state=4/planner=q3_active,q3_active,R_worst,15,105,103,2,0,0,0,True,True,1,1
q3_0001_P3_current_grid_v1_nccp/state=4/planner=q3_active,q3_active,G_worst,15,105,67,2,0,0,36,True,False,1,9
q3_0001_P3_current_grid_v1_nccp/state=4/planner=q3_active,q3_active,sampled_cert_score,15,105,56,9,0,0,40,True,False,1,9
q3_0001_P3_current_grid_v1_nccp/state=4/planner=q3_active,q3_active,certified_completion_cost,9,36,21,15,0,0,0,False,False,1,1
q3_0001_P3_current_grid_v1_nccp/state=4/planner=q3_active,q3_active,estimated_completion_cost,0,0,0,0,0,0,0,,,0,0
q3_0001_P3_current_grid_v1_nccp/state=5/planner=q3_active,q3_active,D_worst,15,105,100,5,0,0,0,True,True,1,1
q3_0001_P3_current_grid_v1_nccp/state=5/planner=q3_active,q3_active,R_worst,15,105,100,5,0,0,0,True,True,1,1
q3_0001_P3_current_grid_v1_nccp/state=5/planner=q3_active,q3_active,G_worst,15,105,100,5,0,0,0,True,True,1,1
q3_0001_P3_current_grid_v1_nccp/state=5/planner=q3_active,q3_active,sampled_cert_score,15,105,55,8,0,0,42,True,True,1,1
q3_0001_P3_current_grid_v1_nccp/state=5/planner=q3_active,q3_active,certified_completion_cost,0,0,0,0,0,0,0,,,0,0
q3_0001_P3_current_grid_v1_nccp/state=5/planner=q3_active,q3_active,estimated_completion_cost,0,0,0,0,0,0,0,,,0,0
q3_0001_P3_current_grid_v1_nccp/state=6/planner=q3_active,q3_active,D_worst,15,105,95,10,0,0,0,False,False,1,1
q3_0001_P3_current_grid_v1_nccp/state=6/planner=q3_active,q3_active,R_worst,15,105,95,10,0,0,0,False,False,1,1
q3_0001_P3_current_grid_v1_nccp/state=6/planner=q3_active,q3_active,G_worst,15,105,61,8,0,0,36,True,False,1,9
q3_0001_P3_current_grid_v1_nccp/state=6/planner=q3_active,q3_active,sampled_cert_score,15,105,56,9,0,0,40,True,False,1,9
q3_0001_P3_current_grid_v1_nccp/state=6/planner=q3_active,q3_active,certified_completion_cost,9,36,28,7,0,0,1,False,False,1,1
q3_0001_P3_current_grid_v1_nccp/state=6/planner=q3_active,q3_active,estimated_completion_cost,0,0,0,0,0,0,0,,,0,0
q3_0001_P3_current_grid_v1_nccp/state=7/planner=q3_active,q3_active,D_worst,15,105,70,35,0,0,0,False,False,1,1
q3_0001_P3_current_grid_v1_nccp/state=7/planner=q3_active,q3_active,R_worst,15,105,70,35,0,0,0,False,False,1,1
q3_0001_P3_current_grid_v1_nccp/state=7/planner=q3_active,q3_active,G_worst,15,105,51,33,0,0,21,False,False,1,7
q3_0001_P3_current_grid_v1_nccp/state=7/planner=q3_active,q3_active,sampled_cert_score,15,105,43,40,0,0,22,False,False,1,7
q3_0001_P3_current_grid_v1_nccp/state=7/planner=q3_active,q3_active,certified_completion_cost,7,21,13,8,0,0,0,True,True,1,1
q3_0001_P3_current_grid_v1_nccp/state=7/planner=q3_active,q3_active,estimated_completion_cost,0,0,0,0,0,0,0,,,0,0
q3_0001_P3_current_grid_v1_nccp/state=8/planner=q3_active,q3_active,D_worst,15,105,86,19,0,0,0,True,True,1,1
q3_0001_P3_current_grid_v1_nccp/state=8/planner=q3_active,q3_active,R_worst,15,105,86,19,0,0,0,True,True,1,1
q3_0001_P3_current_grid_v1_nccp/state=8/planner=q3_active,q3_active,G_worst,15,105,28,11,0,0,66,True,False,1,12
q3_0001_P3_current_grid_v1_nccp/state=8/planner=q3_active,q3_active,sampled_cert_score,15,105,27,12,0,0,66,True,False,1,12
q3_0001_P3_current_grid_v1_nccp/state=8/planner=q3_active,q3_active,certified_completion_cost,12,66,47,18,0,0,1,False,False,1,1
q3_0001_P3_current_grid_v1_nccp/state=8/planner=q3_active,q3_active,estimated_completion_cost,0,0,0,0,0,0,0,,,0,0
q3_0001_P3_current_grid_v1_nccp/state=9/planner=q3_active,q3_active,D_worst,15,105,102,3,0,0,0,True,True,1,1
q3_0001_P3_current_grid_v1_nccp/state=9/planner=q3_active,q3_active,R_worst,15,105,102,3,0,0,0,True,True,1,1
q3_0001_P3_current_grid_v1_nccp/state=9/planner=q3_active,q3_active,G_worst,15,105,102,3,0,0,0,True,True,1,1
q3_0001_P3_current_grid_v1_nccp/state=9/planner=q3_active,q3_active,sampled_cert_score,15,105,60,15,0,0,30,True,False,1,4
q3_0001_P3_current_grid_v1_nccp/state=9/planner=q3_active,q3_active,certified_completion_cost,0,0,0,0,0,0,0,,,0,0
q3_0001_P3_current_grid_v1_nccp/state=9/planner=q3_active,q3_active,estimated_completion_cost,0,0,0,0,0,0,0,,,0,0
q3_0001_P3_current_grid_v1_nccp/state=10/planner=q3_active,q3_active,D_worst,15,105,91,14,0,0,0,True,True,1,1
q3_0001_P3_current_grid_v1_nccp/state=10/planner=q3_active,q3_active,R_worst,15,105,91,14,0,0,0,True,True,1,1
q3_0001_P3_current_grid_v1_nccp/state=10/planner=q3_active,q3_active,G_worst,15,105,57,12,0,0,36,True,False,1,9
q3_0001_P3_current_grid_v1_nccp/state=10/planner=q3_active,q3_active,sampled_cert_score,15,105,50,17,0,0,38,True,False,1,9
q3_0001_P3_current_grid_v1_nccp/state=10/planner=q3_active,q3_active,certified_completion_cost,9,36,23,12,0,0,1,False,False,1,1
q3_0001_P3_current_grid_v1_nccp/state=10/planner=q3_active,q3_active,estimated_completion_cost,0,0,0,0,0,0,0,,,0,0
q3_0001_P3_current_grid_v1_nccp/state=11/planner=q3_active,q3_active,D_worst,15,105,100,2,0,0,3,True,True,1,1
q3_0001_P3_current_grid_v1_nccp/state=11/planner=q3_active,q3_active,R_worst,15,105,100,2,0,0,3,True,True,1,1
q3_0001_P3_current_grid_v1_nccp/state=11/planner=q3_active,q3_active,G_worst,15,105,100,2,0,0,3,True,True,1,1
q3_0001_P3_current_grid_v1_nccp/state=11/planner=q3_active,q3_active,sampled_cert_score,15,105,66,13,0,0,26,True,True,1,1
q3_0001_P3_current_grid_v1_nccp/state=11/planner=q3_active,q3_active,certified_completion_cost,0,0,0,0,0,0,0,,,0,0
q3_0001_P3_current_grid_v1_nccp/state=11/planner=q3_active,q3_active,estimated_completion_cost,0,0,0,0,0,0,0,,,0,0
q3_0001_P3_current_grid_v1_nccp/state=12/planner=q3_active,q3_active,D_worst,15,105,96,9,0,0,0,True,True,1,1
q3_0001_P3_current_grid_v1_nccp/state=12/planner=q3_active,q3_active,R_worst,15,105,96,9,0,0,0,True,True,1,1
q3_0001_P3_current_grid_v1_nccp/state=12/planner=q3_active,q3_active,G_worst,15,105,62,7,0,0,36,True,False,1,9
q3_0001_P3_current_grid_v1_nccp/state=12/planner=q3_active,q3_active,sampled_cert_score,15,105,55,11,0,0,39,True,False,1,9
q3_0001_P3_current_grid_v1_nccp/state=12/planner=q3_active,q3_active,certified_completion_cost,9,36,24,12,0,0,0,False,False,1,1
q3_0001_P3_current_grid_v1_nccp/state=12/planner=q3_active,q3_active,estimated_completion_cost,0,0,0,0,0,0,0,,,0,0
q3_0001_P3_current_grid_v1_nccp/state=13/planner=q3_active,q3_active,D_worst,15,105,86,19,0,0,0,True,True,1,1
q3_0001_P3_current_grid_v1_nccp/state=13/planner=q3_active,q3_active,R_worst,15,105,86,19,0,0,0,True,True,1,1
q3_0001_P3_current_grid_v1_nccp/state=13/planner=q3_active,q3_active,G_worst,15,105,67,17,0,0,21,True,False,1,7
q3_0001_P3_current_grid_v1_nccp/state=13/planner=q3_active,q3_active,sampled_cert_score,15,105,52,28,0,0,25,True,False,1,7
q3_0001_P3_current_grid_v1_nccp/state=13/planner=q3_active,q3_active,certified_completion_cost,7,21,16,5,0,0,0,True,True,1,1
q3_0001_P3_current_grid_v1_nccp/state=13/planner=q3_active,q3_active,estimated_completion_cost,0,0,0,0,0,0,0,,,0,0
q3_0001_P3_current_grid_v1_nccp/state=14/planner=q3_active,q3_active,D_worst,15,105,102,2,0,0,1,True,True,1,1
q3_0001_P3_current_grid_v1_nccp/state=14/planner=q3_active,q3_active,R_worst,15,105,102,2,0,0,1,True,True,1,1
q3_0001_P3_current_grid_v1_nccp/state=14/planner=q3_active,q3_active,G_worst,15,105,102,2,0,0,1,True,True,1,1
q3_0001_P3_current_grid_v1_nccp/state=14/planner=q3_active,q3_active,sampled_cert_score,15,105,72,18,0,0,15,True,False,1,2
q3_0001_P3_current_grid_v1_nccp/state=14/planner=q3_active,q3_active,certified_completion_cost,0,0,0,0,0,0,0,,,0,0
q3_0001_P3_current_grid_v1_nccp/state=14/planner=q3_active,q3_active,estimated_completion_cost,0,0,0,0,0,0,0,,,0,0
q3_0001_P3_current_grid_v1_nccp/state=15/planner=q3_active,q3_active,D_worst,15,105,90,15,0,0,0,True,True,1,1
q3_0001_P3_current_grid_v1_nccp/state=15/planner=q3_active,q3_active,R_worst,15,105,90,15,0,0,0,True,True,1,1
q3_0001_P3_current_grid_v1_nccp/state=15/planner=q3_active,q3_active,G_worst,15,105,69,15,0,0,21,True,False,1,7
q3_0001_P3_current_grid_v1_nccp/state=15/planner=q3_active,q3_active,sampled_cert_score,15,105,64,16,0,0,25,True,False,1,7
q3_0001_P3_current_grid_v1_nccp/state=15/planner=q3_active,q3_active,certified_completion_cost,7,21,8,12,0,0,1,False,False,1,1
q3_0001_P3_current_grid_v1_nccp/state=15/planner=q3_active,q3_active,estimated_completion_cost,0,0,0,0,0,0,0,,,0,0
q3_0001_P3_current_grid_v1_nccp/state=16/planner=q3_active,q3_active,D_worst,15,105,101,4,0,0,0,True,True,1,1
q3_0001_P3_current_grid_v1_nccp/state=16/planner=q3_active,q3_active,R_worst,15,105,101,4,0,0,0,True,True,1,1
q3_0001_P3_current_grid_v1_nccp/state=16/planner=q3_active,q3_active,G_worst,15,105,101,4,0,0,0,True,True,1,1
q3_0001_P3_current_grid_v1_nccp/state=16/planner=q3_active,q3_active,sampled_cert_score,15,105,85,3,0,0,17,True,False,1,3
q3_0001_P3_current_grid_v1_nccp/state=16/planner=q3_active,q3_active,certified_completion_cost,0,0,0,0,0,0,0,,,0,0
q3_0001_P3_current_grid_v1_nccp/state=16/planner=q3_active,q3_active,estimated_completion_cost,0,0,0,0,0,0,0,,,0,0
q3_0001_P3_current_grid_v1_nccp/state=17/planner=q3_active,q3_active,D_worst,15,105,104,1,0,0,0,True,True,1,1
q3_0001_P3_current_grid_v1_nccp/state=17/planner=q3_active,q3_active,R_worst,15,105,104,1,0,0,0,True,True,1,1
q3_0001_P3_current_grid_v1_nccp/state=17/planner=q3_active,q3_active,G_worst,15,105,104,1,0,0,0,True,True,1,1
q3_0001_P3_current_grid_v1_nccp/state=17/planner=q3_active,q3_active,sampled_cert_score,15,105,84,7,0,0,14,True,False,1,2
q3_0001_P3_current_grid_v1_nccp/state=17/planner=q3_active,q3_active,certified_completion_cost,0,0,0,0,0,0,0,,,0,0
q3_0001_P3_current_grid_v1_nccp/state=17/planner=q3_active,q3_active,estimated_completion_cost,0,0,0,0,0,0,0,,,0,0
q3_0001_P3_current_grid_v1_nccp/state=18/planner=q3_active,q3_active,D_worst,15,105,102,2,0,0,1,True,True,1,1
q3_0001_P3_current_grid_v1_nccp/state=18/planner=q3_active,q3_active,R_worst,15,105,102,2,0,0,1,True,True,1,1
q3_0001_P3_current_grid_v1_nccp/state=18/planner=q3_active,q3_active,G_worst,15,105,102,2,0,0,1,True,True,1,1
q3_0001_P3_current_grid_v1_nccp/state=18/planner=q3_active,q3_active,sampled_cert_score,15,105,68,16,0,0,21,False,False,1,2
q3_0001_P3_current_grid_v1_nccp/state=18/planner=q3_active,q3_active,certified_completion_cost,0,0,0,0,0,0,0,,,0,0
q3_0001_P3_current_grid_v1_nccp/state=18/planner=q3_active,q3_active,estimated_completion_cost,0,0,0,0,0,0,0,,,0,0
q3_0001_P3_current_grid_v1_nccp/state=19/planner=q3_active,q3_active,D_worst,15,105,104,0,0,0,1,True,True,1,1
q3_0001_P3_current_grid_v1_nccp/state=19/planner=q3_active,q3_active,R_worst,15,105,104,0,0,0,1,True,True,1,1
q3_0001_P3_current_grid_v1_nccp/state=19/planner=q3_active,q3_active,G_worst,15,105,104,0,0,0,1,True,True,1,1
q3_0001_P3_current_grid_v1_nccp/state=19/planner=q3_active,q3_active,sampled_cert_score,15,105,31,42,0,0,32,False,False,1,2
q3_0001_P3_current_grid_v1_nccp/state=19/planner=q3_active,q3_active,certified_completion_cost,0,0,0,0,0,0,0,,,0,0
q3_0001_P3_current_grid_v1_nccp/state=19/planner=q3_active,q3_active,estimated_completion_cost,0,0,0,0,0,0,0,,,0,0
q3_0001_P3_current_grid_v1_nccp/state=20/planner=q3_active,q3_active,D_worst,15,105,102,3,0,0,0,False,False,1,1
q3_0001_P3_current_grid_v1_nccp/state=20/planner=q3_active,q3_active,R_worst,15,105,102,3,0,0,0,False,False,1,1
q3_0001_P3_current_grid_v1_nccp/state=20/planner=q3_active,q3_active,G_worst,15,105,67,2,0,0,36,True,False,1,9
q3_0001_P3_current_grid_v1_nccp/state=20/planner=q3_active,q3_active,sampled_cert_score,15,105,62,5,0,0,38,True,False,1,9
q3_0001_P3_current_grid_v1_nccp/state=20/planner=q3_active,q3_active,certified_completion_cost,9,36,24,12,0,0,0,False,False,1,1
q3_0001_P3_current_grid_v1_nccp/state=20/planner=q3_active,q3_active,estimated_completion_cost,0,0,0,0,0,0,0,,,0,0
q3_0002_P3_current_grid_v1/state=0/planner=q3_active,q3_active,D_worst,15,105,103,1,0,0,1,False,False,1,1
q3_0002_P3_current_grid_v1/state=0/planner=q3_active,q3_active,R_worst,15,105,103,1,0,0,1,False,False,1,1
q3_0002_P3_current_grid_v1/state=0/planner=q3_active,q3_active,G_worst,15,105,103,1,0,0,1,False,False,1,1
q3_0002_P3_current_grid_v1/state=0/planner=q3_active,q3_active,sampled_cert_score,15,105,39,34,0,0,32,False,False,1,2
q3_0002_P3_current_grid_v1/state=0/planner=q3_active,q3_active,certified_completion_cost,0,0,0,0,0,0,0,,,0,0
q3_0002_P3_current_grid_v1/state=0/planner=q3_active,q3_active,estimated_completion_cost,0,0,0,0,0,0,0,,,0,0
q3_0002_P3_current_grid_v1/state=1/planner=q3_active,q3_active,D_worst,15,105,103,2,0,0,0,True,True,1,1
q3_0002_P3_current_grid_v1/state=1/planner=q3_active,q3_active,R_worst,15,105,103,2,0,0,0,True,True,1,1
q3_0002_P3_current_grid_v1/state=1/planner=q3_active,q3_active,G_worst,15,105,103,2,0,0,0,True,True,1,1
q3_0002_P3_current_grid_v1/state=1/planner=q3_active,q3_active,sampled_cert_score,15,105,65,5,0,0,35,True,True,1,1
q3_0002_P3_current_grid_v1/state=1/planner=q3_active,q3_active,certified_completion_cost,0,0,0,0,0,0,0,,,0,0
q3_0002_P3_current_grid_v1/state=1/planner=q3_active,q3_active,estimated_completion_cost,0,0,0,0,0,0,0,,,0,0
q3_0002_P3_current_grid_v1/state=2/planner=q3_active,q3_active,D_worst,15,105,89,1,0,0,15,True,True,1,1
q3_0002_P3_current_grid_v1/state=2/planner=q3_active,q3_active,R_worst,15,105,89,1,0,0,15,True,True,1,1
q3_0002_P3_current_grid_v1/state=2/planner=q3_active,q3_active,G_worst,15,105,89,1,0,0,15,True,True,1,1
q3_0002_P3_current_grid_v1/state=2/planner=q3_active,q3_active,sampled_cert_score,15,105,35,44,0,0,26,False,False,1,1
q3_0002_P3_current_grid_v1/state=2/planner=q3_active,q3_active,certified_completion_cost,0,0,0,0,0,0,0,,,0,0
q3_0002_P3_current_grid_v1/state=2/planner=q3_active,q3_active,estimated_completion_cost,0,0,0,0,0,0,0,,,0,0
q3_0002_P3_current_grid_v1/state=3/planner=q3_active,q3_active,D_worst,15,105,104,1,0,0,0,False,False,1,1
q3_0002_P3_current_grid_v1/state=3/planner=q3_active,q3_active,R_worst,15,105,104,1,0,0,0,False,False,1,1
q3_0002_P3_current_grid_v1/state=3/planner=q3_active,q3_active,G_worst,15,105,77,0,0,0,28,True,False,1,8
q3_0002_P3_current_grid_v1/state=3/planner=q3_active,q3_active,sampled_cert_score,15,105,71,3,0,0,31,True,False,1,8
q3_0002_P3_current_grid_v1/state=3/planner=q3_active,q3_active,certified_completion_cost,8,28,24,3,0,0,1,False,False,1,1
q3_0002_P3_current_grid_v1/state=3/planner=q3_active,q3_active,estimated_completion_cost,0,0,0,0,0,0,0,,,0,0
q3_0002_P3_current_grid_v1/state=4/planner=q3_active,q3_active,D_worst,15,105,105,0,0,0,0,True,True,1,1
q3_0002_P3_current_grid_v1/state=4/planner=q3_active,q3_active,R_worst,15,105,105,0,0,0,0,True,True,1,1
q3_0002_P3_current_grid_v1/state=4/planner=q3_active,q3_active,G_worst,15,105,105,0,0,0,0,True,True,1,1
q3_0002_P3_current_grid_v1/state=4/planner=q3_active,q3_active,sampled_cert_score,15,105,51,22,0,0,32,True,False,1,5
q3_0002_P3_current_grid_v1/state=4/planner=q3_active,q3_active,certified_completion_cost,0,0,0,0,0,0,0,,,0,0
q3_0002_P3_current_grid_v1/state=4/planner=q3_active,q3_active,estimated_completion_cost,0,0,0,0,0,0,0,,,0,0
q3_0002_P3_current_grid_v1/state=5/planner=q3_active,q3_active,D_worst,15,105,104,1,0,0,0,True,True,1,1
q3_0002_P3_current_grid_v1/state=5/planner=q3_active,q3_active,R_worst,15,105,104,1,0,0,0,True,True,1,1
q3_0002_P3_current_grid_v1/state=5/planner=q3_active,q3_active,G_worst,15,105,104,1,0,0,0,True,True,1,1
q3_0002_P3_current_grid_v1/state=5/planner=q3_active,q3_active,sampled_cert_score,15,105,59,11,0,0,35,True,False,1,2
q3_0002_P3_current_grid_v1/state=5/planner=q3_active,q3_active,certified_completion_cost,0,0,0,0,0,0,0,,,0,0
q3_0002_P3_current_grid_v1/state=5/planner=q3_active,q3_active,estimated_completion_cost,0,0,0,0,0,0,0,,,0,0
q3_0002_P3_current_grid_v1/state=6/planner=q3_active,q3_active,D_worst,15,105,88,17,0,0,0,True,True,1,1
q3_0002_P3_current_grid_v1/state=6/planner=q3_active,q3_active,R_worst,15,105,88,17,0,0,0,True,True,1,1
q3_0002_P3_current_grid_v1/state=6/planner=q3_active,q3_active,G_worst,15,105,45,15,0,0,45,True,False,1,10
q3_0002_P3_current_grid_v1/state=6/planner=q3_active,q3_active,sampled_cert_score,15,105,41,17,0,0,47,True,False,1,10
q3_0002_P3_current_grid_v1/state=6/planner=q3_active,q3_active,certified_completion_cost,10,45,32,13,0,0,0,True,True,1,1
q3_0002_P3_current_grid_v1/state=6/planner=q3_active,q3_active,estimated_completion_cost,0,0,0,0,0,0,0,,,0,0
q3_0002_P3_current_grid_v1/state=7/planner=q3_active,q3_active,D_worst,15,105,104,1,0,0,0,True,True,1,1
q3_0002_P3_current_grid_v1/state=7/planner=q3_active,q3_active,R_worst,15,105,104,1,0,0,0,True,True,1,1
q3_0002_P3_current_grid_v1/state=7/planner=q3_active,q3_active,G_worst,15,105,104,1,0,0,0,True,True,1,1
q3_0002_P3_current_grid_v1/state=7/planner=q3_active,q3_active,sampled_cert_score,15,105,50,20,0,0,35,False,False,1,2
q3_0002_P3_current_grid_v1/state=7/planner=q3_active,q3_active,certified_completion_cost,0,0,0,0,0,0,0,,,0,0
q3_0002_P3_current_grid_v1/state=7/planner=q3_active,q3_active,estimated_completion_cost,0,0,0,0,0,0,0,,,0,0
q3_0002_P3_current_grid_v1/state=8/planner=q3_active,q3_active,D_worst,15,105,103,2,0,0,0,True,True,1,1
q3_0002_P3_current_grid_v1/state=8/planner=q3_active,q3_active,R_worst,15,105,103,2,0,0,0,True,True,1,1
q3_0002_P3_current_grid_v1/state=8/planner=q3_active,q3_active,G_worst,15,105,103,2,0,0,0,True,True,1,1
q3_0002_P3_current_grid_v1/state=8/planner=q3_active,q3_active,sampled_cert_score,15,105,77,10,0,0,18,True,False,1,2
q3_0002_P3_current_grid_v1/state=8/planner=q3_active,q3_active,certified_completion_cost,0,0,0,0,0,0,0,,,0,0
q3_0002_P3_current_grid_v1/state=8/planner=q3_active,q3_active,estimated_completion_cost,0,0,0,0,0,0,0,,,0,0
q3_0002_P3_current_grid_v1/state=9/planner=q3_active,q3_active,D_worst,15,105,94,11,0,0,0,False,False,1,1
q3_0002_P3_current_grid_v1/state=9/planner=q3_active,q3_active,R_worst,15,105,94,11,0,0,0,False,False,1,1
q3_0002_P3_current_grid_v1/state=9/planner=q3_active,q3_active,G_worst,15,105,25,2,0,0,78,True,False,1,13
q3_0002_P3_current_grid_v1/state=9/planner=q3_active,q3_active,sampled_cert_score,15,105,25,2,0,0,78,True,False,1,13
q3_0002_P3_current_grid_v1/state=9/planner=q3_active,q3_active,certified_completion_cost,13,78,55,20,0,0,3,False,False,1,1
q3_0002_P3_current_grid_v1/state=9/planner=q3_active,q3_active,estimated_completion_cost,0,0,0,0,0,0,0,,,0,0
q3_0002_P3_current_grid_v1/state=10/planner=q3_active,q3_active,D_worst,15,105,102,3,0,0,0,True,True,1,1
q3_0002_P3_current_grid_v1/state=10/planner=q3_active,q3_active,R_worst,15,105,102,3,0,0,0,True,True,1,1
q3_0002_P3_current_grid_v1/state=10/planner=q3_active,q3_active,G_worst,15,105,102,3,0,0,0,True,True,1,1
q3_0002_P3_current_grid_v1/state=10/planner=q3_active,q3_active,sampled_cert_score,15,105,56,23,0,0,26,True,False,1,4
q3_0002_P3_current_grid_v1/state=10/planner=q3_active,q3_active,certified_completion_cost,0,0,0,0,0,0,0,,,0,0
q3_0002_P3_current_grid_v1/state=10/planner=q3_active,q3_active,estimated_completion_cost,0,0,0,0,0,0,0,,,0,0
q3_0002_P3_current_grid_v1/state=11/planner=q3_active,q3_active,D_worst,15,105,103,2,0,0,0,True,True,1,1
q3_0002_P3_current_grid_v1/state=11/planner=q3_active,q3_active,R_worst,15,105,103,2,0,0,0,True,True,1,1
q3_0002_P3_current_grid_v1/state=11/planner=q3_active,q3_active,G_worst,15,105,68,1,0,0,36,True,False,1,9
q3_0002_P3_current_grid_v1/state=11/planner=q3_active,q3_active,sampled_cert_score,15,105,64,5,0,0,36,True,False,1,9
q3_0002_P3_current_grid_v1/state=11/planner=q3_active,q3_active,certified_completion_cost,9,36,26,10,0,0,0,False,False,1,1
q3_0002_P3_current_grid_v1/state=11/planner=q3_active,q3_active,estimated_completion_cost,0,0,0,0,0,0,0,,,0,0
q3_0002_P3_current_grid_v1/state=12/planner=q3_active,q3_active,D_worst,15,105,104,1,0,0,0,True,True,1,1
q3_0002_P3_current_grid_v1/state=12/planner=q3_active,q3_active,R_worst,15,105,104,1,0,0,0,True,True,1,1
q3_0002_P3_current_grid_v1/state=12/planner=q3_active,q3_active,G_worst,15,105,104,1,0,0,0,True,True,1,1
q3_0002_P3_current_grid_v1/state=12/planner=q3_active,q3_active,sampled_cert_score,15,105,76,12,0,0,17,False,False,1,1
q3_0002_P3_current_grid_v1/state=12/planner=q3_active,q3_active,certified_completion_cost,0,0,0,0,0,0,0,,,0,0
q3_0002_P3_current_grid_v1/state=12/planner=q3_active,q3_active,estimated_completion_cost,0,0,0,0,0,0,0,,,0,0
q3_0002_P3_current_grid_v1/state=13/planner=q3_active,q3_active,D_worst,15,105,103,2,0,0,0,True,True,1,1
q3_0002_P3_current_grid_v1/state=13/planner=q3_active,q3_active,R_worst,15,105,103,2,0,0,0,True,True,1,1
q3_0002_P3_current_grid_v1/state=13/planner=q3_active,q3_active,G_worst,15,105,13,1,0,0,91,True,False,1,14
q3_0002_P3_current_grid_v1/state=13/planner=q3_active,q3_active,sampled_cert_score,15,105,13,1,0,0,91,True,False,1,14
q3_0002_P3_current_grid_v1/state=13/planner=q3_active,q3_active,certified_completion_cost,14,91,72,18,0,0,1,False,False,1,1
q3_0002_P3_current_grid_v1/state=13/planner=q3_active,q3_active,estimated_completion_cost,0,0,0,0,0,0,0,,,0,0
q3_0002_P3_current_grid_v1/state=14/planner=q3_active,q3_active,D_worst,15,105,105,0,0,0,0,True,True,1,1
q3_0002_P3_current_grid_v1/state=14/planner=q3_active,q3_active,R_worst,15,105,105,0,0,0,0,True,True,1,1
q3_0002_P3_current_grid_v1/state=14/planner=q3_active,q3_active,G_worst,15,105,105,0,0,0,0,True,True,1,1
q3_0002_P3_current_grid_v1/state=14/planner=q3_active,q3_active,sampled_cert_score,15,105,82,9,0,0,14,False,False,1,2
q3_0002_P3_current_grid_v1/state=14/planner=q3_active,q3_active,certified_completion_cost,0,0,0,0,0,0,0,,,0,0
q3_0002_P3_current_grid_v1/state=14/planner=q3_active,q3_active,estimated_completion_cost,0,0,0,0,0,0,0,,,0,0
q3_0002_P3_current_grid_v1/state=15/planner=q3_active,q3_active,D_worst,15,105,101,4,0,0,0,True,True,1,1
q3_0002_P3_current_grid_v1/state=15/planner=q3_active,q3_active,R_worst,15,105,101,4,0,0,0,True,True,1,1
q3_0002_P3_current_grid_v1/state=15/planner=q3_active,q3_active,G_worst,15,105,101,4,0,0,0,True,True,1,1
q3_0002_P3_current_grid_v1/state=15/planner=q3_active,q3_active,sampled_cert_score,15,105,71,10,0,0,24,False,False,1,1
q3_0002_P3_current_grid_v1/state=15/planner=q3_active,q3_active,certified_completion_cost,0,0,0,0,0,0,0,,,0,0
q3_0002_P3_current_grid_v1/state=15/planner=q3_active,q3_active,estimated_completion_cost,0,0,0,0,0,0,0,,,0,0
q3_0002_P3_current_grid_v1/state=16/planner=q3_active,q3_active,D_worst,15,105,101,4,0,0,0,True,True,1,1
q3_0002_P3_current_grid_v1/state=16/planner=q3_active,q3_active,R_worst,15,105,101,4,0,0,0,True,True,1,1
q3_0002_P3_current_grid_v1/state=16/planner=q3_active,q3_active,G_worst,15,105,65,4,0,0,36,True,False,1,9
q3_0002_P3_current_grid_v1/state=16/planner=q3_active,q3_active,sampled_cert_score,15,105,60,5,0,0,40,True,False,1,9
q3_0002_P3_current_grid_v1/state=16/planner=q3_active,q3_active,certified_completion_cost,9,36,27,9,0,0,0,False,False,1,1
q3_0002_P3_current_grid_v1/state=16/planner=q3_active,q3_active,estimated_completion_cost,0,0,0,0,0,0,0,,,0,0
q3_0002_P3_current_grid_v1/state=17/planner=q3_active,q3_active,D_worst,15,105,103,2,0,0,0,True,True,1,1
q3_0002_P3_current_grid_v1/state=17/planner=q3_active,q3_active,R_worst,15,105,103,2,0,0,0,True,True,1,1
q3_0002_P3_current_grid_v1/state=17/planner=q3_active,q3_active,G_worst,15,105,103,2,0,0,0,True,True,1,1
q3_0002_P3_current_grid_v1/state=17/planner=q3_active,q3_active,sampled_cert_score,15,105,78,7,0,0,20,False,False,1,1
q3_0002_P3_current_grid_v1/state=17/planner=q3_active,q3_active,certified_completion_cost,0,0,0,0,0,0,0,,,0,0
q3_0002_P3_current_grid_v1/state=17/planner=q3_active,q3_active,estimated_completion_cost,0,0,0,0,0,0,0,,,0,0
q3_0002_P3_current_grid_v1/state=18/planner=q3_active,q3_active,D_worst,15,105,86,16,0,0,3,False,False,1,1
q3_0002_P3_current_grid_v1/state=18/planner=q3_active,q3_active,R_worst,15,105,88,16,0,0,1,False,False,1,1
q3_0002_P3_current_grid_v1/state=18/planner=q3_active,q3_active,G_worst,15,105,54,14,0,0,37,True,False,1,9
q3_0002_P3_current_grid_v1/state=18/planner=q3_active,q3_active,sampled_cert_score,15,105,53,14,0,0,38,True,False,1,9
q3_0002_P3_current_grid_v1/state=18/planner=q3_active,q3_active,certified_completion_cost,9,36,30,6,0,0,0,False,False,1,1
q3_0002_P3_current_grid_v1/state=18/planner=q3_active,q3_active,estimated_completion_cost,0,0,0,0,0,0,0,,,0,0
q3_0002_P3_current_grid_v1_nccp/state=0/planner=q3_active,q3_active,D_worst,15,105,103,1,0,0,1,False,False,1,1
q3_0002_P3_current_grid_v1_nccp/state=0/planner=q3_active,q3_active,R_worst,15,105,103,1,0,0,1,False,False,1,1
q3_0002_P3_current_grid_v1_nccp/state=0/planner=q3_active,q3_active,G_worst,15,105,103,1,0,0,1,False,False,1,1
q3_0002_P3_current_grid_v1_nccp/state=0/planner=q3_active,q3_active,sampled_cert_score,15,105,39,34,0,0,32,False,False,1,2
q3_0002_P3_current_grid_v1_nccp/state=0/planner=q3_active,q3_active,certified_completion_cost,0,0,0,0,0,0,0,,,0,0
q3_0002_P3_current_grid_v1_nccp/state=0/planner=q3_active,q3_active,estimated_completion_cost,0,0,0,0,0,0,0,,,0,0
q3_0002_P3_current_grid_v1_nccp/state=1/planner=q3_active,q3_active,D_worst,15,105,103,2,0,0,0,True,True,1,1
q3_0002_P3_current_grid_v1_nccp/state=1/planner=q3_active,q3_active,R_worst,15,105,103,2,0,0,0,True,True,1,1
q3_0002_P3_current_grid_v1_nccp/state=1/planner=q3_active,q3_active,G_worst,15,105,103,2,0,0,0,True,True,1,1
q3_0002_P3_current_grid_v1_nccp/state=1/planner=q3_active,q3_active,sampled_cert_score,15,105,65,5,0,0,35,True,True,1,1
q3_0002_P3_current_grid_v1_nccp/state=1/planner=q3_active,q3_active,certified_completion_cost,0,0,0,0,0,0,0,,,0,0
q3_0002_P3_current_grid_v1_nccp/state=1/planner=q3_active,q3_active,estimated_completion_cost,0,0,0,0,0,0,0,,,0,0
q3_0002_P3_current_grid_v1_nccp/state=2/planner=q3_active,q3_active,D_worst,15,105,89,1,0,0,15,True,True,1,1
q3_0002_P3_current_grid_v1_nccp/state=2/planner=q3_active,q3_active,R_worst,15,105,89,1,0,0,15,True,True,1,1
q3_0002_P3_current_grid_v1_nccp/state=2/planner=q3_active,q3_active,G_worst,15,105,89,1,0,0,15,True,True,1,1
q3_0002_P3_current_grid_v1_nccp/state=2/planner=q3_active,q3_active,sampled_cert_score,15,105,35,44,0,0,26,False,False,1,1
q3_0002_P3_current_grid_v1_nccp/state=2/planner=q3_active,q3_active,certified_completion_cost,0,0,0,0,0,0,0,,,0,0
q3_0002_P3_current_grid_v1_nccp/state=2/planner=q3_active,q3_active,estimated_completion_cost,0,0,0,0,0,0,0,,,0,0
q3_0002_P3_current_grid_v1_nccp/state=3/planner=q3_active,q3_active,D_worst,15,105,104,1,0,0,0,False,False,1,1
q3_0002_P3_current_grid_v1_nccp/state=3/planner=q3_active,q3_active,R_worst,15,105,104,1,0,0,0,False,False,1,1
q3_0002_P3_current_grid_v1_nccp/state=3/planner=q3_active,q3_active,G_worst,15,105,77,0,0,0,28,True,False,1,8
q3_0002_P3_current_grid_v1_nccp/state=3/planner=q3_active,q3_active,sampled_cert_score,15,105,71,3,0,0,31,True,False,1,8
q3_0002_P3_current_grid_v1_nccp/state=3/planner=q3_active,q3_active,certified_completion_cost,8,28,24,3,0,0,1,False,False,1,1
q3_0002_P3_current_grid_v1_nccp/state=3/planner=q3_active,q3_active,estimated_completion_cost,0,0,0,0,0,0,0,,,0,0
q3_0002_P3_current_grid_v1_nccp/state=4/planner=q3_active,q3_active,D_worst,15,105,105,0,0,0,0,True,True,1,1
q3_0002_P3_current_grid_v1_nccp/state=4/planner=q3_active,q3_active,R_worst,15,105,105,0,0,0,0,True,True,1,1
q3_0002_P3_current_grid_v1_nccp/state=4/planner=q3_active,q3_active,G_worst,15,105,105,0,0,0,0,True,True,1,1
q3_0002_P3_current_grid_v1_nccp/state=4/planner=q3_active,q3_active,sampled_cert_score,15,105,51,22,0,0,32,True,False,1,5
q3_0002_P3_current_grid_v1_nccp/state=4/planner=q3_active,q3_active,certified_completion_cost,0,0,0,0,0,0,0,,,0,0
q3_0002_P3_current_grid_v1_nccp/state=4/planner=q3_active,q3_active,estimated_completion_cost,0,0,0,0,0,0,0,,,0,0
q3_0002_P3_current_grid_v1_nccp/state=5/planner=q3_active,q3_active,D_worst,15,105,104,1,0,0,0,True,True,1,1
q3_0002_P3_current_grid_v1_nccp/state=5/planner=q3_active,q3_active,R_worst,15,105,104,1,0,0,0,True,True,1,1
q3_0002_P3_current_grid_v1_nccp/state=5/planner=q3_active,q3_active,G_worst,15,105,104,1,0,0,0,True,True,1,1
q3_0002_P3_current_grid_v1_nccp/state=5/planner=q3_active,q3_active,sampled_cert_score,15,105,59,11,0,0,35,True,False,1,2
q3_0002_P3_current_grid_v1_nccp/state=5/planner=q3_active,q3_active,certified_completion_cost,0,0,0,0,0,0,0,,,0,0
q3_0002_P3_current_grid_v1_nccp/state=5/planner=q3_active,q3_active,estimated_completion_cost,0,0,0,0,0,0,0,,,0,0
q3_0002_P3_current_grid_v1_nccp/state=6/planner=q3_active,q3_active,D_worst,15,105,89,16,0,0,0,True,True,1,1
q3_0002_P3_current_grid_v1_nccp/state=6/planner=q3_active,q3_active,R_worst,15,105,89,16,0,0,0,True,True,1,1
q3_0002_P3_current_grid_v1_nccp/state=6/planner=q3_active,q3_active,G_worst,15,105,46,14,0,0,45,True,False,1,10
q3_0002_P3_current_grid_v1_nccp/state=6/planner=q3_active,q3_active,sampled_cert_score,15,105,41,17,0,0,47,True,False,1,10
q3_0002_P3_current_grid_v1_nccp/state=6/planner=q3_active,q3_active,certified_completion_cost,10,45,33,11,0,0,1,True,True,1,1
q3_0002_P3_current_grid_v1_nccp/state=6/planner=q3_active,q3_active,estimated_completion_cost,0,0,0,0,0,0,0,,,0,0
q3_0002_P3_current_grid_v1_nccp/state=7/planner=q3_active,q3_active,D_worst,15,105,103,2,0,0,0,True,True,1,1
q3_0002_P3_current_grid_v1_nccp/state=7/planner=q3_active,q3_active,R_worst,15,105,103,2,0,0,0,True,True,1,1
q3_0002_P3_current_grid_v1_nccp/state=7/planner=q3_active,q3_active,G_worst,15,105,103,2,0,0,0,True,True,1,1
q3_0002_P3_current_grid_v1_nccp/state=7/planner=q3_active,q3_active,sampled_cert_score,15,105,50,20,0,0,35,False,False,1,2
q3_0002_P3_current_grid_v1_nccp/state=7/planner=q3_active,q3_active,certified_completion_cost,0,0,0,0,0,0,0,,,0,0
q3_0002_P3_current_grid_v1_nccp/state=7/planner=q3_active,q3_active,estimated_completion_cost,0,0,0,0,0,0,0,,,0,0
q3_0002_P3_current_grid_v1_nccp/state=8/planner=q3_active,q3_active,D_worst,15,105,103,2,0,0,0,True,True,1,1
q3_0002_P3_current_grid_v1_nccp/state=8/planner=q3_active,q3_active,R_worst,15,105,103,2,0,0,0,True,True,1,1
q3_0002_P3_current_grid_v1_nccp/state=8/planner=q3_active,q3_active,G_worst,15,105,103,2,0,0,0,True,True,1,1
q3_0002_P3_current_grid_v1_nccp/state=8/planner=q3_active,q3_active,sampled_cert_score,15,105,77,10,0,0,18,True,False,1,2
q3_0002_P3_current_grid_v1_nccp/state=8/planner=q3_active,q3_active,certified_completion_cost,0,0,0,0,0,0,0,,,0,0
q3_0002_P3_current_grid_v1_nccp/state=8/planner=q3_active,q3_active,estimated_completion_cost,0,0,0,0,0,0,0,,,0,0
q3_0002_P3_current_grid_v1_nccp/state=9/planner=q3_active,q3_active,D_worst,15,105,94,11,0,0,0,False,False,1,1
q3_0002_P3_current_grid_v1_nccp/state=9/planner=q3_active,q3_active,R_worst,15,105,94,11,0,0,0,False,False,1,1
q3_0002_P3_current_grid_v1_nccp/state=9/planner=q3_active,q3_active,G_worst,15,105,25,2,0,0,78,True,False,1,13
q3_0002_P3_current_grid_v1_nccp/state=9/planner=q3_active,q3_active,sampled_cert_score,15,105,25,2,0,0,78,True,False,1,13
q3_0002_P3_current_grid_v1_nccp/state=9/planner=q3_active,q3_active,certified_completion_cost,13,78,55,20,0,0,3,False,False,1,1
q3_0002_P3_current_grid_v1_nccp/state=9/planner=q3_active,q3_active,estimated_completion_cost,0,0,0,0,0,0,0,,,0,0
q3_0002_P3_current_grid_v1_nccp/state=10/planner=q3_active,q3_active,D_worst,15,105,103,2,0,0,0,True,True,1,1
q3_0002_P3_current_grid_v1_nccp/state=10/planner=q3_active,q3_active,R_worst,15,105,103,2,0,0,0,True,True,1,1
q3_0002_P3_current_grid_v1_nccp/state=10/planner=q3_active,q3_active,G_worst,15,105,103,2,0,0,0,True,True,1,1
q3_0002_P3_current_grid_v1_nccp/state=10/planner=q3_active,q3_active,sampled_cert_score,15,105,55,24,0,0,26,True,False,1,4
q3_0002_P3_current_grid_v1_nccp/state=10/planner=q3_active,q3_active,certified_completion_cost,0,0,0,0,0,0,0,,,0,0
q3_0002_P3_current_grid_v1_nccp/state=10/planner=q3_active,q3_active,estimated_completion_cost,0,0,0,0,0,0,0,,,0,0
q3_0002_P3_current_grid_v1_nccp/state=11/planner=q3_active,q3_active,D_worst,15,105,103,2,0,0,0,True,True,1,1
q3_0002_P3_current_grid_v1_nccp/state=11/planner=q3_active,q3_active,R_worst,15,105,103,2,0,0,0,True,True,1,1
q3_0002_P3_current_grid_v1_nccp/state=11/planner=q3_active,q3_active,G_worst,15,105,68,1,0,0,36,True,False,1,9
q3_0002_P3_current_grid_v1_nccp/state=11/planner=q3_active,q3_active,sampled_cert_score,15,105,64,5,0,0,36,True,False,1,9
q3_0002_P3_current_grid_v1_nccp/state=11/planner=q3_active,q3_active,certified_completion_cost,9,36,26,10,0,0,0,False,False,1,1
q3_0002_P3_current_grid_v1_nccp/state=11/planner=q3_active,q3_active,estimated_completion_cost,0,0,0,0,0,0,0,,,0,0
q3_0002_P3_current_grid_v1_nccp/state=12/planner=q3_active,q3_active,D_worst,15,105,104,1,0,0,0,True,True,1,1
q3_0002_P3_current_grid_v1_nccp/state=12/planner=q3_active,q3_active,R_worst,15,105,104,1,0,0,0,True,True,1,1
q3_0002_P3_current_grid_v1_nccp/state=12/planner=q3_active,q3_active,G_worst,15,105,104,1,0,0,0,True,True,1,1
q3_0002_P3_current_grid_v1_nccp/state=12/planner=q3_active,q3_active,sampled_cert_score,15,105,76,12,0,0,17,False,False,1,1
q3_0002_P3_current_grid_v1_nccp/state=12/planner=q3_active,q3_active,certified_completion_cost,0,0,0,0,0,0,0,,,0,0
q3_0002_P3_current_grid_v1_nccp/state=12/planner=q3_active,q3_active,estimated_completion_cost,0,0,0,0,0,0,0,,,0,0
q3_0002_P3_current_grid_v1_nccp/state=13/planner=q3_active,q3_active,D_worst,15,105,103,2,0,0,0,True,True,1,1
q3_0002_P3_current_grid_v1_nccp/state=13/planner=q3_active,q3_active,R_worst,15,105,103,2,0,0,0,True,True,1,1
q3_0002_P3_current_grid_v1_nccp/state=13/planner=q3_active,q3_active,G_worst,15,105,13,1,0,0,91,True,False,1,14
q3_0002_P3_current_grid_v1_nccp/state=13/planner=q3_active,q3_active,sampled_cert_score,15,105,13,1,0,0,91,True,False,1,14
q3_0002_P3_current_grid_v1_nccp/state=13/planner=q3_active,q3_active,certified_completion_cost,14,91,72,18,0,0,1,False,False,1,1
q3_0002_P3_current_grid_v1_nccp/state=13/planner=q3_active,q3_active,estimated_completion_cost,0,0,0,0,0,0,0,,,0,0
q3_0002_P3_current_grid_v1_nccp/state=14/planner=q3_active,q3_active,D_worst,15,105,105,0,0,0,0,True,True,1,1
q3_0002_P3_current_grid_v1_nccp/state=14/planner=q3_active,q3_active,R_worst,15,105,105,0,0,0,0,True,True,1,1
q3_0002_P3_current_grid_v1_nccp/state=14/planner=q3_active,q3_active,G_worst,15,105,105,0,0,0,0,True,True,1,1
q3_0002_P3_current_grid_v1_nccp/state=14/planner=q3_active,q3_active,sampled_cert_score,15,105,82,9,0,0,14,False,False,1,2
q3_0002_P3_current_grid_v1_nccp/state=14/planner=q3_active,q3_active,certified_completion_cost,0,0,0,0,0,0,0,,,0,0
q3_0002_P3_current_grid_v1_nccp/state=14/planner=q3_active,q3_active,estimated_completion_cost,0,0,0,0,0,0,0,,,0,0
q3_0002_P3_current_grid_v1_nccp/state=15/planner=q3_active,q3_active,D_worst,15,105,101,4,0,0,0,True,True,1,1
q3_0002_P3_current_grid_v1_nccp/state=15/planner=q3_active,q3_active,R_worst,15,105,101,4,0,0,0,True,True,1,1
q3_0002_P3_current_grid_v1_nccp/state=15/planner=q3_active,q3_active,G_worst,15,105,101,4,0,0,0,True,True,1,1
q3_0002_P3_current_grid_v1_nccp/state=15/planner=q3_active,q3_active,sampled_cert_score,15,105,71,10,0,0,24,False,False,1,1
q3_0002_P3_current_grid_v1_nccp/state=15/planner=q3_active,q3_active,certified_completion_cost,0,0,0,0,0,0,0,,,0,0
q3_0002_P3_current_grid_v1_nccp/state=15/planner=q3_active,q3_active,estimated_completion_cost,0,0,0,0,0,0,0,,,0,0
q3_0002_P3_current_grid_v1_nccp/state=16/planner=q3_active,q3_active,D_worst,15,105,101,4,0,0,0,True,True,1,1
q3_0002_P3_current_grid_v1_nccp/state=16/planner=q3_active,q3_active,R_worst,15,105,101,4,0,0,0,True,True,1,1
q3_0002_P3_current_grid_v1_nccp/state=16/planner=q3_active,q3_active,G_worst,15,105,65,4,0,0,36,True,False,1,9
q3_0002_P3_current_grid_v1_nccp/state=16/planner=q3_active,q3_active,sampled_cert_score,15,105,60,5,0,0,40,True,False,1,9
q3_0002_P3_current_grid_v1_nccp/state=16/planner=q3_active,q3_active,certified_completion_cost,9,36,27,9,0,0,0,False,False,1,1
q3_0002_P3_current_grid_v1_nccp/state=16/planner=q3_active,q3_active,estimated_completion_cost,0,0,0,0,0,0,0,,,0,0
q3_0002_P3_current_grid_v1_nccp/state=17/planner=q3_active,q3_active,D_worst,15,105,103,2,0,0,0,True,True,1,1
q3_0002_P3_current_grid_v1_nccp/state=17/planner=q3_active,q3_active,R_worst,15,105,103,2,0,0,0,True,True,1,1
q3_0002_P3_current_grid_v1_nccp/state=17/planner=q3_active,q3_active,G_worst,15,105,103,2,0,0,0,True,True,1,1
q3_0002_P3_current_grid_v1_nccp/state=17/planner=q3_active,q3_active,sampled_cert_score,15,105,78,7,0,0,20,False,False,1,1
q3_0002_P3_current_grid_v1_nccp/state=17/planner=q3_active,q3_active,certified_completion_cost,0,0,0,0,0,0,0,,,0,0
q3_0002_P3_current_grid_v1_nccp/state=17/planner=q3_active,q3_active,estimated_completion_cost,0,0,0,0,0,0,0,,,0,0
q3_0002_P3_current_grid_v1_nccp/state=18/planner=q3_active,q3_active,D_worst,15,105,86,18,0,0,1,False,False,1,1
q3_0002_P3_current_grid_v1_nccp/state=18/planner=q3_active,q3_active,R_worst,15,105,87,18,0,0,0,False,False,1,1
q3_0002_P3_current_grid_v1_nccp/state=18/planner=q3_active,q3_active,G_worst,15,105,53,16,0,0,36,True,False,1,9
q3_0002_P3_current_grid_v1_nccp/state=18/planner=q3_active,q3_active,sampled_cert_score,15,105,53,14,0,0,38,True,False,1,9
q3_0002_P3_current_grid_v1_nccp/state=18/planner=q3_active,q3_active,certified_completion_cost,9,36,30,6,0,0,0,False,False,1,1
q3_0002_P3_current_grid_v1_nccp/state=18/planner=q3_active,q3_active,estimated_completion_cost,0,0,0,0,0,0,0,,,0,0
q3_0003_P3_current_grid_v1/state=0/planner=q3_active,q3_active,D_worst,15,105,103,1,1,0,0,True,True,1,1
q3_0003_P3_current_grid_v1/state=0/planner=q3_active,q3_active,R_worst,15,105,103,1,1,0,0,True,True,1,1
q3_0003_P3_current_grid_v1/state=0/planner=q3_active,q3_active,G_worst,15,105,103,1,1,0,0,True,True,1,1
q3_0003_P3_current_grid_v1/state=0/planner=q3_active,q3_active,sampled_cert_score,15,105,33,37,1,0,34,False,False,1,2
q3_0003_P3_current_grid_v1/state=0/planner=q3_active,q3_active,certified_completion_cost,0,0,0,0,0,0,0,,,0,0
q3_0003_P3_current_grid_v1/state=0/planner=q3_active,q3_active,estimated_completion_cost,0,0,0,0,0,0,0,,,0,0
q3_0003_P3_current_grid_v1/state=1/planner=q3_active,q3_active,D_worst,15,105,99,6,0,0,0,False,False,1,1
q3_0003_P3_current_grid_v1/state=1/planner=q3_active,q3_active,R_worst,15,105,99,6,0,0,0,False,False,1,1
q3_0003_P3_current_grid_v1/state=1/planner=q3_active,q3_active,G_worst,15,105,66,3,0,0,36,True,False,1,9
q3_0003_P3_current_grid_v1/state=1/planner=q3_active,q3_active,sampled_cert_score,15,105,60,5,0,0,40,True,False,1,9
q3_0003_P3_current_grid_v1/state=1/planner=q3_active,q3_active,certified_completion_cost,9,36,31,4,0,0,1,True,True,1,1
q3_0003_P3_current_grid_v1/state=1/planner=q3_active,q3_active,estimated_completion_cost,0,0,0,0,0,0,0,,,0,0
q3_0003_P3_current_grid_v1/state=2/planner=q3_active,q3_active,D_worst,15,105,99,0,0,0,6,True,True,1,1
q3_0003_P3_current_grid_v1/state=2/planner=q3_active,q3_active,R_worst,15,105,99,0,0,0,6,True,True,1,1
q3_0003_P3_current_grid_v1/state=2/planner=q3_active,q3_active,G_worst,15,105,99,0,0,0,6,True,True,1,1
q3_0003_P3_current_grid_v1/state=2/planner=q3_active,q3_active,sampled_cert_score,15,105,40,29,0,0,36,True,False,1,6
q3_0003_P3_current_grid_v1/state=2/planner=q3_active,q3_active,certified_completion_cost,0,0,0,0,0,0,0,,,0,0
q3_0003_P3_current_grid_v1/state=2/planner=q3_active,q3_active,estimated_completion_cost,0,0,0,0,0,0,0,,,0,0
q3_0003_P3_current_grid_v1/state=3/planner=q3_active,q3_active,D_worst,15,105,104,1,0,0,0,True,True,1,1
q3_0003_P3_current_grid_v1/state=3/planner=q3_active,q3_active,R_worst,15,105,104,1,0,0,0,True,True,1,1
q3_0003_P3_current_grid_v1/state=3/planner=q3_active,q3_active,G_worst,15,105,98,1,0,0,6,True,False,1,4
q3_0003_P3_current_grid_v1/state=3/planner=q3_active,q3_active,sampled_cert_score,15,105,87,8,0,0,10,True,False,1,4
q3_0003_P3_current_grid_v1/state=3/planner=q3_active,q3_active,certified_completion_cost,4,6,3,2,0,0,1,False,False,1,1
q3_0003_P3_current_grid_v1/state=3/planner=q3_active,q3_active,estimated_completion_cost,0,0,0,0,0,0,0,,,0,0
q3_0003_P3_current_grid_v1/state=4/planner=q3_active,q3_active,D_worst,15,105,98,1,0,0,6,True,True,1,1
q3_0003_P3_current_grid_v1/state=4/planner=q3_active,q3_active,R_worst,15,105,98,1,0,0,6,True,True,1,1
q3_0003_P3_current_grid_v1/state=4/planner=q3_active,q3_active,G_worst,15,105,98,1,0,0,6,True,True,1,1
q3_0003_P3_current_grid_v1/state=4/planner=q3_active,q3_active,sampled_cert_score,15,105,60,28,0,0,17,False,False,1,1
q3_0003_P3_current_grid_v1/state=4/planner=q3_active,q3_active,certified_completion_cost,0,0,0,0,0,0,0,,,0,0
q3_0003_P3_current_grid_v1/state=4/planner=q3_active,q3_active,estimated_completion_cost,0,0,0,0,0,0,0,,,0,0
q3_0003_P3_current_grid_v1/state=5/planner=q3_active,q3_active,D_worst,15,105,98,7,0,0,0,False,False,1,1
q3_0003_P3_current_grid_v1/state=5/planner=q3_active,q3_active,R_worst,15,105,98,7,0,0,0,False,False,1,1
q3_0003_P3_current_grid_v1/state=5/planner=q3_active,q3_active,G_worst,15,105,27,0,0,0,78,True,False,1,13
q3_0003_P3_current_grid_v1/state=5/planner=q3_active,q3_active,sampled_cert_score,15,105,26,0,0,0,79,True,False,1,13
q3_0003_P3_current_grid_v1/state=5/planner=q3_active,q3_active,certified_completion_cost,13,78,53,22,0,0,3,False,False,1,1
q3_0003_P3_current_grid_v1/state=5/planner=q3_active,q3_active,estimated_completion_cost,0,0,0,0,0,0,0,,,0,0
q3_0003_P3_current_grid_v1/state=6/planner=q3_active,q3_active,D_worst,15,105,100,5,0,0,0,True,True,1,1
q3_0003_P3_current_grid_v1/state=6/planner=q3_active,q3_active,R_worst,15,105,100,5,0,0,0,True,True,1,1
q3_0003_P3_current_grid_v1/state=6/planner=q3_active,q3_active,G_worst,15,105,37,2,0,0,66,True,False,1,12
q3_0003_P3_current_grid_v1/state=6/planner=q3_active,q3_active,sampled_cert_score,15,105,36,2,0,0,67,True,False,1,12
q3_0003_P3_current_grid_v1/state=6/planner=q3_active,q3_active,certified_completion_cost,12,66,48,18,0,0,0,False,False,1,1
q3_0003_P3_current_grid_v1/state=6/planner=q3_active,q3_active,estimated_completion_cost,0,0,0,0,0,0,0,,,0,0
q3_0003_P3_current_grid_v1/state=7/planner=q3_active,q3_active,D_worst,15,105,74,31,0,0,0,True,True,1,1
q3_0003_P3_current_grid_v1/state=7/planner=q3_active,q3_active,R_worst,15,105,74,31,0,0,0,True,True,1,1
q3_0003_P3_current_grid_v1/state=7/planner=q3_active,q3_active,G_worst,15,105,55,29,0,0,21,True,False,1,7
q3_0003_P3_current_grid_v1/state=7/planner=q3_active,q3_active,sampled_cert_score,15,105,48,34,0,0,23,True,False,1,7
q3_0003_P3_current_grid_v1/state=7/planner=q3_active,q3_active,certified_completion_cost,7,21,13,8,0,0,0,True,True,1,1
q3_0003_P3_current_grid_v1/state=7/planner=q3_active,q3_active,estimated_completion_cost,0,0,0,0,0,0,0,,,0,0
q3_0003_P3_current_grid_v1/state=8/planner=q3_active,q3_active,D_worst,15,105,104,0,0,0,1,True,True,1,1
q3_0003_P3_current_grid_v1/state=8/planner=q3_active,q3_active,R_worst,15,105,104,0,0,0,1,True,True,1,1
q3_0003_P3_current_grid_v1/state=8/planner=q3_active,q3_active,G_worst,15,105,104,0,0,0,1,True,True,1,1
q3_0003_P3_current_grid_v1/state=8/planner=q3_active,q3_active,sampled_cert_score,15,105,68,17,0,0,20,False,False,1,1
q3_0003_P3_current_grid_v1/state=8/planner=q3_active,q3_active,certified_completion_cost,0,0,0,0,0,0,0,,,0,0
q3_0003_P3_current_grid_v1/state=8/planner=q3_active,q3_active,estimated_completion_cost,0,0,0,0,0,0,0,,,0,0
q3_0003_P3_current_grid_v1/state=9/planner=q3_active,q3_active,D_worst,15,105,99,6,0,0,0,False,False,1,1
q3_0003_P3_current_grid_v1/state=9/planner=q3_active,q3_active,R_worst,15,105,99,6,0,0,0,False,False,1,1
q3_0003_P3_current_grid_v1/state=9/planner=q3_active,q3_active,G_worst,15,105,57,3,0,0,45,True,False,1,10
q3_0003_P3_current_grid_v1/state=9/planner=q3_active,q3_active,sampled_cert_score,15,105,55,4,0,0,46,True,False,1,10
q3_0003_P3_current_grid_v1/state=9/planner=q3_active,q3_active,certified_completion_cost,10,45,35,10,0,0,0,False,False,1,1
q3_0003_P3_current_grid_v1/state=9/planner=q3_active,q3_active,estimated_completion_cost,0,0,0,0,0,0,0,,,0,0
q3_0003_P3_current_grid_v1/state=10/planner=q3_active,q3_active,D_worst,15,105,103,2,0,0,0,True,True,1,1
q3_0003_P3_current_grid_v1/state=10/planner=q3_active,q3_active,R_worst,15,105,103,2,0,0,0,True,True,1,1
q3_0003_P3_current_grid_v1/state=10/planner=q3_active,q3_active,G_worst,15,105,103,2,0,0,0,True,True,1,1
q3_0003_P3_current_grid_v1/state=10/planner=q3_active,q3_active,sampled_cert_score,15,105,55,28,0,0,22,False,False,1,1
q3_0003_P3_current_grid_v1/state=10/planner=q3_active,q3_active,certified_completion_cost,0,0,0,0,0,0,0,,,0,0
q3_0003_P3_current_grid_v1/state=10/planner=q3_active,q3_active,estimated_completion_cost,0,0,0,0,0,0,0,,,0,0
q3_0003_P3_current_grid_v1/state=11/planner=q3_active,q3_active,D_worst,15,105,102,3,0,0,0,True,True,1,1
q3_0003_P3_current_grid_v1/state=11/planner=q3_active,q3_active,R_worst,15,105,102,3,0,0,0,True,True,1,1
q3_0003_P3_current_grid_v1/state=11/planner=q3_active,q3_active,G_worst,15,105,66,3,0,0,36,True,False,1,9
q3_0003_P3_current_grid_v1/state=11/planner=q3_active,q3_active,sampled_cert_score,15,105,57,5,0,0,43,True,False,1,9
q3_0003_P3_current_grid_v1/state=11/planner=q3_active,q3_active,certified_completion_cost,9,36,20,15,0,0,1,False,False,1,1
q3_0003_P3_current_grid_v1/state=11/planner=q3_active,q3_active,estimated_completion_cost,0,0,0,0,0,0,0,,,0,0
q3_0003_P3_current_grid_v1/state=12/planner=q3_active,q3_active,D_worst,15,105,102,3,0,0,0,True,True,1,1
q3_0003_P3_current_grid_v1/state=12/planner=q3_active,q3_active,R_worst,15,105,102,3,0,0,0,True,True,1,1
q3_0003_P3_current_grid_v1/state=12/planner=q3_active,q3_active,G_worst,15,105,102,3,0,0,0,True,True,1,1
q3_0003_P3_current_grid_v1/state=12/planner=q3_active,q3_active,sampled_cert_score,15,105,68,21,0,0,16,False,False,1,2
q3_0003_P3_current_grid_v1/state=12/planner=q3_active,q3_active,certified_completion_cost,0,0,0,0,0,0,0,,,0,0
q3_0003_P3_current_grid_v1/state=12/planner=q3_active,q3_active,estimated_completion_cost,0,0,0,0,0,0,0,,,0,0
q3_0003_P3_current_grid_v1/state=13/planner=q3_active,q3_active,D_worst,15,105,100,5,0,0,0,True,True,1,1
q3_0003_P3_current_grid_v1/state=13/planner=q3_active,q3_active,R_worst,15,105,100,5,0,0,0,True,True,1,1
q3_0003_P3_current_grid_v1/state=13/planner=q3_active,q3_active,G_worst,15,105,86,4,0,0,15,True,False,1,6
q3_0003_P3_current_grid_v1/state=13/planner=q3_active,q3_active,sampled_cert_score,15,105,76,9,0,0,20,True,False,1,6
q3_0003_P3_current_grid_v1/state=13/planner=q3_active,q3_active,certified_completion_cost,6,15,9,6,0,0,0,True,True,1,1
q3_0003_P3_current_grid_v1/state=13/planner=q3_active,q3_active,estimated_completion_cost,0,0,0,0,0,0,0,,,0,0
q3_0003_P3_current_grid_v1/state=14/planner=q3_active,q3_active,D_worst,15,105,102,3,0,0,0,True,True,1,1
q3_0003_P3_current_grid_v1/state=14/planner=q3_active,q3_active,R_worst,15,105,102,3,0,0,0,True,True,1,1
q3_0003_P3_current_grid_v1/state=14/planner=q3_active,q3_active,G_worst,15,105,102,3,0,0,0,True,True,1,1
q3_0003_P3_current_grid_v1/state=14/planner=q3_active,q3_active,sampled_cert_score,15,105,79,3,0,0,23,True,False,1,3
q3_0003_P3_current_grid_v1/state=14/planner=q3_active,q3_active,certified_completion_cost,0,0,0,0,0,0,0,,,0,0
q3_0003_P3_current_grid_v1/state=14/planner=q3_active,q3_active,estimated_completion_cost,0,0,0,0,0,0,0,,,0,0
q3_0003_P3_current_grid_v1/state=15/planner=q3_active,q3_active,D_worst,15,105,100,5,0,0,0,False,False,1,1
q3_0003_P3_current_grid_v1/state=15/planner=q3_active,q3_active,R_worst,15,105,100,5,0,0,0,False,False,1,1
q3_0003_P3_current_grid_v1/state=15/planner=q3_active,q3_active,G_worst,15,105,57,3,0,0,45,True,False,1,10
q3_0003_P3_current_grid_v1/state=15/planner=q3_active,q3_active,sampled_cert_score,15,105,51,5,0,0,49,True,False,1,10
q3_0003_P3_current_grid_v1/state=15/planner=q3_active,q3_active,certified_completion_cost,10,45,31,14,0,0,0,False,False,1,1
q3_0003_P3_current_grid_v1/state=15/planner=q3_active,q3_active,estimated_completion_cost,0,0,0,0,0,0,0,,,0,0
q3_0003_P3_current_grid_v1/state=16/planner=q3_active,q3_active,D_worst,15,105,104,1,0,0,0,True,True,1,1
q3_0003_P3_current_grid_v1/state=16/planner=q3_active,q3_active,R_worst,15,105,104,1,0,0,0,True,True,1,1
q3_0003_P3_current_grid_v1/state=16/planner=q3_active,q3_active,G_worst,15,105,104,1,0,0,0,True,True,1,1
q3_0003_P3_current_grid_v1/state=16/planner=q3_active,q3_active,sampled_cert_score,15,105,56,11,0,0,38,True,True,1,1
q3_0003_P3_current_grid_v1/state=16/planner=q3_active,q3_active,certified_completion_cost,0,0,0,0,0,0,0,,,0,0
q3_0003_P3_current_grid_v1/state=16/planner=q3_active,q3_active,estimated_completion_cost,0,0,0,0,0,0,0,,,0,0
q3_0003_P3_current_grid_v1/state=17/planner=q3_active,q3_active,D_worst,15,105,104,1,0,0,0,True,True,1,1
q3_0003_P3_current_grid_v1/state=17/planner=q3_active,q3_active,R_worst,15,105,104,1,0,0,0,True,True,1,1
q3_0003_P3_current_grid_v1/state=17/planner=q3_active,q3_active,G_worst,15,105,104,1,0,0,0,True,True,1,1
q3_0003_P3_current_grid_v1/state=17/planner=q3_active,q3_active,sampled_cert_score,15,105,85,1,0,0,19,True,True,1,1
q3_0003_P3_current_grid_v1/state=17/planner=q3_active,q3_active,certified_completion_cost,0,0,0,0,0,0,0,,,0,0
q3_0003_P3_current_grid_v1/state=17/planner=q3_active,q3_active,estimated_completion_cost,0,0,0,0,0,0,0,,,0,0
q3_0003_P3_current_grid_v1/state=18/planner=q3_active,q3_active,D_worst,15,105,92,13,0,0,0,True,True,1,1
q3_0003_P3_current_grid_v1/state=18/planner=q3_active,q3_active,R_worst,15,105,92,13,0,0,0,True,True,1,1
q3_0003_P3_current_grid_v1/state=18/planner=q3_active,q3_active,G_worst,15,105,0,0,0,0,105,True,False,1,15
q3_0003_P3_current_grid_v1/state=18/planner=q3_active,q3_active,sampled_cert_score,15,105,0,0,0,0,105,True,False,1,15
q3_0003_P3_current_grid_v1/state=18/planner=q3_active,q3_active,certified_completion_cost,15,105,76,29,0,0,0,False,False,1,1
q3_0003_P3_current_grid_v1/state=18/planner=q3_active,q3_active,estimated_completion_cost,0,0,0,0,0,0,0,,,0,0
q3_0003_P3_current_grid_v1/state=19/planner=q3_active,q3_active,D_worst,15,105,104,1,0,0,0,True,True,1,1
q3_0003_P3_current_grid_v1/state=19/planner=q3_active,q3_active,R_worst,15,105,104,1,0,0,0,True,True,1,1
q3_0003_P3_current_grid_v1/state=19/planner=q3_active,q3_active,G_worst,15,105,104,1,0,0,0,True,True,1,1
q3_0003_P3_current_grid_v1/state=19/planner=q3_active,q3_active,sampled_cert_score,15,105,52,23,0,0,30,False,False,1,4
q3_0003_P3_current_grid_v1/state=19/planner=q3_active,q3_active,certified_completion_cost,0,0,0,0,0,0,0,,,0,0
q3_0003_P3_current_grid_v1/state=19/planner=q3_active,q3_active,estimated_completion_cost,0,0,0,0,0,0,0,,,0,0
q3_0003_P3_current_grid_v1_nccp/state=0/planner=q3_active,q3_active,D_worst,15,105,103,1,1,0,0,True,True,1,1
q3_0003_P3_current_grid_v1_nccp/state=0/planner=q3_active,q3_active,R_worst,15,105,103,1,1,0,0,True,True,1,1
q3_0003_P3_current_grid_v1_nccp/state=0/planner=q3_active,q3_active,G_worst,15,105,103,1,1,0,0,True,True,1,1
q3_0003_P3_current_grid_v1_nccp/state=0/planner=q3_active,q3_active,sampled_cert_score,15,105,33,37,1,0,34,False,False,1,2
q3_0003_P3_current_grid_v1_nccp/state=0/planner=q3_active,q3_active,certified_completion_cost,0,0,0,0,0,0,0,,,0,0
q3_0003_P3_current_grid_v1_nccp/state=0/planner=q3_active,q3_active,estimated_completion_cost,0,0,0,0,0,0,0,,,0,0
q3_0003_P3_current_grid_v1_nccp/state=1/planner=q3_active,q3_active,D_worst,15,105,99,6,0,0,0,False,False,1,1
q3_0003_P3_current_grid_v1_nccp/state=1/planner=q3_active,q3_active,R_worst,15,105,99,6,0,0,0,False,False,1,1
q3_0003_P3_current_grid_v1_nccp/state=1/planner=q3_active,q3_active,G_worst,15,105,66,3,0,0,36,True,False,1,9
q3_0003_P3_current_grid_v1_nccp/state=1/planner=q3_active,q3_active,sampled_cert_score,15,105,60,5,0,0,40,True,False,1,9
q3_0003_P3_current_grid_v1_nccp/state=1/planner=q3_active,q3_active,certified_completion_cost,9,36,31,4,0,0,1,True,True,1,1
q3_0003_P3_current_grid_v1_nccp/state=1/planner=q3_active,q3_active,estimated_completion_cost,0,0,0,0,0,0,0,,,0,0
q3_0003_P3_current_grid_v1_nccp/state=2/planner=q3_active,q3_active,D_worst,15,105,99,0,0,0,6,True,True,1,1
q3_0003_P3_current_grid_v1_nccp/state=2/planner=q3_active,q3_active,R_worst,15,105,99,0,0,0,6,True,True,1,1
q3_0003_P3_current_grid_v1_nccp/state=2/planner=q3_active,q3_active,G_worst,15,105,99,0,0,0,6,True,True,1,1
q3_0003_P3_current_grid_v1_nccp/state=2/planner=q3_active,q3_active,sampled_cert_score,15,105,40,29,0,0,36,True,False,1,6
q3_0003_P3_current_grid_v1_nccp/state=2/planner=q3_active,q3_active,certified_completion_cost,0,0,0,0,0,0,0,,,0,0
q3_0003_P3_current_grid_v1_nccp/state=2/planner=q3_active,q3_active,estimated_completion_cost,0,0,0,0,0,0,0,,,0,0
q3_0003_P3_current_grid_v1_nccp/state=3/planner=q3_active,q3_active,D_worst,15,105,104,1,0,0,0,True,True,1,1
q3_0003_P3_current_grid_v1_nccp/state=3/planner=q3_active,q3_active,R_worst,15,105,104,1,0,0,0,True,True,1,1
q3_0003_P3_current_grid_v1_nccp/state=3/planner=q3_active,q3_active,G_worst,15,105,98,1,0,0,6,True,False,1,4
q3_0003_P3_current_grid_v1_nccp/state=3/planner=q3_active,q3_active,sampled_cert_score,15,105,87,8,0,0,10,True,False,1,4
q3_0003_P3_current_grid_v1_nccp/state=3/planner=q3_active,q3_active,certified_completion_cost,4,6,3,2,0,0,1,False,False,1,1
q3_0003_P3_current_grid_v1_nccp/state=3/planner=q3_active,q3_active,estimated_completion_cost,0,0,0,0,0,0,0,,,0,0
q3_0003_P3_current_grid_v1_nccp/state=4/planner=q3_active,q3_active,D_worst,15,105,98,1,0,0,6,True,True,1,1
q3_0003_P3_current_grid_v1_nccp/state=4/planner=q3_active,q3_active,R_worst,15,105,98,1,0,0,6,True,True,1,1
q3_0003_P3_current_grid_v1_nccp/state=4/planner=q3_active,q3_active,G_worst,15,105,98,1,0,0,6,True,True,1,1
q3_0003_P3_current_grid_v1_nccp/state=4/planner=q3_active,q3_active,sampled_cert_score,15,105,60,28,0,0,17,False,False,1,1
q3_0003_P3_current_grid_v1_nccp/state=4/planner=q3_active,q3_active,certified_completion_cost,0,0,0,0,0,0,0,,,0,0
q3_0003_P3_current_grid_v1_nccp/state=4/planner=q3_active,q3_active,estimated_completion_cost,0,0,0,0,0,0,0,,,0,0
q3_0003_P3_current_grid_v1_nccp/state=5/planner=q3_active,q3_active,D_worst,15,105,98,7,0,0,0,False,False,1,1
q3_0003_P3_current_grid_v1_nccp/state=5/planner=q3_active,q3_active,R_worst,15,105,98,7,0,0,0,False,False,1,1
q3_0003_P3_current_grid_v1_nccp/state=5/planner=q3_active,q3_active,G_worst,15,105,27,0,0,0,78,True,False,1,13
q3_0003_P3_current_grid_v1_nccp/state=5/planner=q3_active,q3_active,sampled_cert_score,15,105,26,0,0,0,79,True,False,1,13
q3_0003_P3_current_grid_v1_nccp/state=5/planner=q3_active,q3_active,certified_completion_cost,13,78,56,22,0,0,0,False,False,1,1
q3_0003_P3_current_grid_v1_nccp/state=5/planner=q3_active,q3_active,estimated_completion_cost,0,0,0,0,0,0,0,,,0,0
q3_0003_P3_current_grid_v1_nccp/state=6/planner=q3_active,q3_active,D_worst,15,105,100,5,0,0,0,True,True,1,1
q3_0003_P3_current_grid_v1_nccp/state=6/planner=q3_active,q3_active,R_worst,15,105,100,5,0,0,0,True,True,1,1
q3_0003_P3_current_grid_v1_nccp/state=6/planner=q3_active,q3_active,G_worst,15,105,37,2,0,0,66,True,False,1,12
q3_0003_P3_current_grid_v1_nccp/state=6/planner=q3_active,q3_active,sampled_cert_score,15,105,36,2,0,0,67,True,False,1,12
q3_0003_P3_current_grid_v1_nccp/state=6/planner=q3_active,q3_active,certified_completion_cost,12,66,48,18,0,0,0,False,False,1,1
q3_0003_P3_current_grid_v1_nccp/state=6/planner=q3_active,q3_active,estimated_completion_cost,0,0,0,0,0,0,0,,,0,0
q3_0003_P3_current_grid_v1_nccp/state=7/planner=q3_active,q3_active,D_worst,15,105,74,31,0,0,0,True,True,1,1
q3_0003_P3_current_grid_v1_nccp/state=7/planner=q3_active,q3_active,R_worst,15,105,74,31,0,0,0,True,True,1,1
q3_0003_P3_current_grid_v1_nccp/state=7/planner=q3_active,q3_active,G_worst,15,105,55,29,0,0,21,True,False,1,7
q3_0003_P3_current_grid_v1_nccp/state=7/planner=q3_active,q3_active,sampled_cert_score,15,105,47,35,0,0,23,True,False,1,7
q3_0003_P3_current_grid_v1_nccp/state=7/planner=q3_active,q3_active,certified_completion_cost,7,21,13,8,0,0,0,True,True,1,1
q3_0003_P3_current_grid_v1_nccp/state=7/planner=q3_active,q3_active,estimated_completion_cost,0,0,0,0,0,0,0,,,0,0
q3_0003_P3_current_grid_v1_nccp/state=8/planner=q3_active,q3_active,D_worst,15,105,104,0,0,0,1,True,True,1,1
q3_0003_P3_current_grid_v1_nccp/state=8/planner=q3_active,q3_active,R_worst,15,105,104,0,0,0,1,True,True,1,1
q3_0003_P3_current_grid_v1_nccp/state=8/planner=q3_active,q3_active,G_worst,15,105,104,0,0,0,1,True,True,1,1
q3_0003_P3_current_grid_v1_nccp/state=8/planner=q3_active,q3_active,sampled_cert_score,15,105,70,17,0,0,18,False,False,1,1
q3_0003_P3_current_grid_v1_nccp/state=8/planner=q3_active,q3_active,certified_completion_cost,0,0,0,0,0,0,0,,,0,0
q3_0003_P3_current_grid_v1_nccp/state=8/planner=q3_active,q3_active,estimated_completion_cost,0,0,0,0,0,0,0,,,0,0
q3_0003_P3_current_grid_v1_nccp/state=9/planner=q3_active,q3_active,D_worst,15,105,99,6,0,0,0,False,False,1,1
q3_0003_P3_current_grid_v1_nccp/state=9/planner=q3_active,q3_active,R_worst,15,105,99,6,0,0,0,False,False,1,1
q3_0003_P3_current_grid_v1_nccp/state=9/planner=q3_active,q3_active,G_worst,15,105,57,3,0,0,45,True,False,1,10
q3_0003_P3_current_grid_v1_nccp/state=9/planner=q3_active,q3_active,sampled_cert_score,15,105,55,4,0,0,46,True,False,1,10
q3_0003_P3_current_grid_v1_nccp/state=9/planner=q3_active,q3_active,certified_completion_cost,10,45,35,10,0,0,0,False,False,1,1
q3_0003_P3_current_grid_v1_nccp/state=9/planner=q3_active,q3_active,estimated_completion_cost,0,0,0,0,0,0,0,,,0,0
q3_0003_P3_current_grid_v1_nccp/state=10/planner=q3_active,q3_active,D_worst,15,105,103,2,0,0,0,True,True,1,1
q3_0003_P3_current_grid_v1_nccp/state=10/planner=q3_active,q3_active,R_worst,15,105,103,2,0,0,0,True,True,1,1
q3_0003_P3_current_grid_v1_nccp/state=10/planner=q3_active,q3_active,G_worst,15,105,103,2,0,0,0,True,True,1,1
q3_0003_P3_current_grid_v1_nccp/state=10/planner=q3_active,q3_active,sampled_cert_score,15,105,57,26,0,0,22,False,False,1,1
q3_0003_P3_current_grid_v1_nccp/state=10/planner=q3_active,q3_active,certified_completion_cost,0,0,0,0,0,0,0,,,0,0
q3_0003_P3_current_grid_v1_nccp/state=10/planner=q3_active,q3_active,estimated_completion_cost,0,0,0,0,0,0,0,,,0,0
q3_0003_P3_current_grid_v1_nccp/state=11/planner=q3_active,q3_active,D_worst,15,105,102,3,0,0,0,True,True,1,1
q3_0003_P3_current_grid_v1_nccp/state=11/planner=q3_active,q3_active,R_worst,15,105,102,3,0,0,0,True,True,1,1
q3_0003_P3_current_grid_v1_nccp/state=11/planner=q3_active,q3_active,G_worst,15,105,66,3,0,0,36,True,False,1,9
q3_0003_P3_current_grid_v1_nccp/state=11/planner=q3_active,q3_active,sampled_cert_score,15,105,57,5,0,0,43,True,False,1,9
q3_0003_P3_current_grid_v1_nccp/state=11/planner=q3_active,q3_active,certified_completion_cost,9,36,20,15,0,0,1,False,False,1,1
q3_0003_P3_current_grid_v1_nccp/state=11/planner=q3_active,q3_active,estimated_completion_cost,0,0,0,0,0,0,0,,,0,0
q3_0003_P3_current_grid_v1_nccp/state=12/planner=q3_active,q3_active,D_worst,15,105,102,3,0,0,0,True,True,1,1
q3_0003_P3_current_grid_v1_nccp/state=12/planner=q3_active,q3_active,R_worst,15,105,102,3,0,0,0,True,True,1,1
q3_0003_P3_current_grid_v1_nccp/state=12/planner=q3_active,q3_active,G_worst,15,105,102,3,0,0,0,True,True,1,1
q3_0003_P3_current_grid_v1_nccp/state=12/planner=q3_active,q3_active,sampled_cert_score,15,105,72,18,0,0,15,False,False,1,2
q3_0003_P3_current_grid_v1_nccp/state=12/planner=q3_active,q3_active,certified_completion_cost,0,0,0,0,0,0,0,,,0,0
q3_0003_P3_current_grid_v1_nccp/state=12/planner=q3_active,q3_active,estimated_completion_cost,0,0,0,0,0,0,0,,,0,0
q3_0003_P3_current_grid_v1_nccp/state=13/planner=q3_active,q3_active,D_worst,15,105,102,3,0,0,0,True,True,1,1
q3_0003_P3_current_grid_v1_nccp/state=13/planner=q3_active,q3_active,R_worst,15,105,102,3,0,0,0,True,True,1,1
q3_0003_P3_current_grid_v1_nccp/state=13/planner=q3_active,q3_active,G_worst,15,105,87,3,0,0,15,True,False,1,6
q3_0003_P3_current_grid_v1_nccp/state=13/planner=q3_active,q3_active,sampled_cert_score,15,105,76,9,0,0,20,True,False,1,6
q3_0003_P3_current_grid_v1_nccp/state=13/planner=q3_active,q3_active,certified_completion_cost,6,15,9,5,0,0,1,True,False,1,2
q3_0003_P3_current_grid_v1_nccp/state=13/planner=q3_active,q3_active,estimated_completion_cost,0,0,0,0,0,0,0,,,0,0
q3_0003_P3_current_grid_v1_nccp/state=14/planner=q3_active,q3_active,D_worst,15,105,102,3,0,0,0,True,True,1,1
q3_0003_P3_current_grid_v1_nccp/state=14/planner=q3_active,q3_active,R_worst,15,105,102,3,0,0,0,True,True,1,1
q3_0003_P3_current_grid_v1_nccp/state=14/planner=q3_active,q3_active,G_worst,15,105,102,3,0,0,0,True,True,1,1
q3_0003_P3_current_grid_v1_nccp/state=14/planner=q3_active,q3_active,sampled_cert_score,15,105,79,3,0,0,23,True,False,1,3
q3_0003_P3_current_grid_v1_nccp/state=14/planner=q3_active,q3_active,certified_completion_cost,0,0,0,0,0,0,0,,,0,0
q3_0003_P3_current_grid_v1_nccp/state=14/planner=q3_active,q3_active,estimated_completion_cost,0,0,0,0,0,0,0,,,0,0
q3_0003_P3_current_grid_v1_nccp/state=15/planner=q3_active,q3_active,D_worst,15,105,100,5,0,0,0,False,False,1,1
q3_0003_P3_current_grid_v1_nccp/state=15/planner=q3_active,q3_active,R_worst,15,105,100,5,0,0,0,False,False,1,1
q3_0003_P3_current_grid_v1_nccp/state=15/planner=q3_active,q3_active,G_worst,15,105,57,3,0,0,45,True,False,1,10
q3_0003_P3_current_grid_v1_nccp/state=15/planner=q3_active,q3_active,sampled_cert_score,15,105,51,5,0,0,49,True,False,1,10
q3_0003_P3_current_grid_v1_nccp/state=15/planner=q3_active,q3_active,certified_completion_cost,10,45,31,14,0,0,0,False,False,1,1
q3_0003_P3_current_grid_v1_nccp/state=15/planner=q3_active,q3_active,estimated_completion_cost,0,0,0,0,0,0,0,,,0,0
q3_0003_P3_current_grid_v1_nccp/state=16/planner=q3_active,q3_active,D_worst,15,105,104,1,0,0,0,True,True,1,1
q3_0003_P3_current_grid_v1_nccp/state=16/planner=q3_active,q3_active,R_worst,15,105,104,1,0,0,0,True,True,1,1
q3_0003_P3_current_grid_v1_nccp/state=16/planner=q3_active,q3_active,G_worst,15,105,104,1,0,0,0,True,True,1,1
q3_0003_P3_current_grid_v1_nccp/state=16/planner=q3_active,q3_active,sampled_cert_score,15,105,56,11,0,0,38,True,True,1,1
q3_0003_P3_current_grid_v1_nccp/state=16/planner=q3_active,q3_active,certified_completion_cost,0,0,0,0,0,0,0,,,0,0
q3_0003_P3_current_grid_v1_nccp/state=16/planner=q3_active,q3_active,estimated_completion_cost,0,0,0,0,0,0,0,,,0,0
q3_0003_P3_current_grid_v1_nccp/state=17/planner=q3_active,q3_active,D_worst,15,105,104,1,0,0,0,True,True,1,1
q3_0003_P3_current_grid_v1_nccp/state=17/planner=q3_active,q3_active,R_worst,15,105,104,1,0,0,0,True,True,1,1
q3_0003_P3_current_grid_v1_nccp/state=17/planner=q3_active,q3_active,G_worst,15,105,104,1,0,0,0,True,True,1,1
q3_0003_P3_current_grid_v1_nccp/state=17/planner=q3_active,q3_active,sampled_cert_score,15,105,85,1,0,0,19,True,True,1,1
q3_0003_P3_current_grid_v1_nccp/state=17/planner=q3_active,q3_active,certified_completion_cost,0,0,0,0,0,0,0,,,0,0
q3_0003_P3_current_grid_v1_nccp/state=17/planner=q3_active,q3_active,estimated_completion_cost,0,0,0,0,0,0,0,,,0,0
q3_0003_P3_current_grid_v1_nccp/state=18/planner=q3_active,q3_active,D_worst,15,105,92,13,0,0,0,True,True,1,1
q3_0003_P3_current_grid_v1_nccp/state=18/planner=q3_active,q3_active,R_worst,15,105,92,13,0,0,0,True,True,1,1
q3_0003_P3_current_grid_v1_nccp/state=18/planner=q3_active,q3_active,G_worst,15,105,0,0,0,0,105,True,False,1,15
q3_0003_P3_current_grid_v1_nccp/state=18/planner=q3_active,q3_active,sampled_cert_score,15,105,0,0,0,0,105,True,False,1,15
q3_0003_P3_current_grid_v1_nccp/state=18/planner=q3_active,q3_active,certified_completion_cost,15,105,76,29,0,0,0,False,False,1,1
q3_0003_P3_current_grid_v1_nccp/state=18/planner=q3_active,q3_active,estimated_completion_cost,0,0,0,0,0,0,0,,,0,0
q3_0003_P3_current_grid_v1_nccp/state=19/planner=q3_active,q3_active,D_worst,15,105,105,0,0,0,0,True,True,1,1
q3_0003_P3_current_grid_v1_nccp/state=19/planner=q3_active,q3_active,R_worst,15,105,105,0,0,0,0,True,True,1,1
q3_0003_P3_current_grid_v1_nccp/state=19/planner=q3_active,q3_active,G_worst,15,105,105,0,0,0,0,True,True,1,1
q3_0003_P3_current_grid_v1_nccp/state=19/planner=q3_active,q3_active,sampled_cert_score,15,105,51,24,0,0,30,False,False,1,4
q3_0003_P3_current_grid_v1_nccp/state=19/planner=q3_active,q3_active,certified_completion_cost,0,0,0,0,0,0,0,,,0,0
q3_0003_P3_current_grid_v1_nccp/state=19/planner=q3_active,q3_active,estimated_completion_cost,0,0,0,0,0,0,0,,,0,0
q3_0004_P3_current_grid_v1/state=0/planner=q3_active,q3_active,D_worst,15,105,103,1,0,0,1,True,True,1,1
q3_0004_P3_current_grid_v1/state=0/planner=q3_active,q3_active,R_worst,15,105,103,1,0,0,1,True,True,1,1
q3_0004_P3_current_grid_v1/state=0/planner=q3_active,q3_active,G_worst,15,105,103,1,0,0,1,True,True,1,1
q3_0004_P3_current_grid_v1/state=0/planner=q3_active,q3_active,sampled_cert_score,15,105,40,30,0,0,35,False,False,1,2
q3_0004_P3_current_grid_v1/state=0/planner=q3_active,q3_active,certified_completion_cost,0,0,0,0,0,0,0,,,0,0
q3_0004_P3_current_grid_v1/state=0/planner=q3_active,q3_active,estimated_completion_cost,0,0,0,0,0,0,0,,,0,0
q3_0004_P3_current_grid_v1/state=1/planner=q3_active,q3_active,D_worst,15,105,100,5,0,0,0,False,False,1,1
q3_0004_P3_current_grid_v1/state=1/planner=q3_active,q3_active,R_worst,15,105,100,5,0,0,0,False,False,1,1
q3_0004_P3_current_grid_v1/state=1/planner=q3_active,q3_active,G_worst,15,105,67,2,0,0,36,True,False,1,9
q3_0004_P3_current_grid_v1/state=1/planner=q3_active,q3_active,sampled_cert_score,15,105,60,5,0,0,40,True,False,1,9
q3_0004_P3_current_grid_v1/state=1/planner=q3_active,q3_active,certified_completion_cost,9,36,21,15,0,0,0,False,False,1,1
q3_0004_P3_current_grid_v1/state=1/planner=q3_active,q3_active,estimated_completion_cost,0,0,0,0,0,0,0,,,0,0
q3_0004_P3_current_grid_v1/state=2/planner=q3_active,q3_active,D_worst,15,105,101,1,0,0,3,True,True,1,1
q3_0004_P3_current_grid_v1/state=2/planner=q3_active,q3_active,R_worst,15,105,101,1,0,0,3,True,True,1,1
q3_0004_P3_current_grid_v1/state=2/planner=q3_active,q3_active,G_worst,15,105,101,1,0,0,3,True,True,1,1
q3_0004_P3_current_grid_v1/state=2/planner=q3_active,q3_active,sampled_cert_score,15,105,42,27,0,0,36,True,False,1,7
q3_0004_P3_current_grid_v1/state=2/planner=q3_active,q3_active,certified_completion_cost,0,0,0,0,0,0,0,,,0,0
q3_0004_P3_current_grid_v1/state=2/planner=q3_active,q3_active,estimated_completion_cost,0,0,0,0,0,0,0,,,0,0
q3_0004_P3_current_grid_v1/state=3/planner=q3_active,q3_active,D_worst,15,105,98,7,0,0,0,False,False,1,1
q3_0004_P3_current_grid_v1/state=3/planner=q3_active,q3_active,R_worst,15,105,98,7,0,0,0,False,False,1,1
q3_0004_P3_current_grid_v1/state=3/planner=q3_active,q3_active,G_worst,15,105,56,4,0,0,45,True,False,1,10
q3_0004_P3_current_grid_v1/state=3/planner=q3_active,q3_active,sampled_cert_score,15,105,51,3,0,0,51,True,False,1,10
q3_0004_P3_current_grid_v1/state=3/planner=q3_active,q3_active,certified_completion_cost,10,45,31,13,0,0,1,False,False,1,1
q3_0004_P3_current_grid_v1/state=3/planner=q3_active,q3_active,estimated_completion_cost,0,0,0,0,0,0,0,,,0,0
q3_0004_P3_current_grid_v1/state=4/planner=q3_active,q3_active,D_worst,15,105,68,37,0,0,0,False,False,1,1
q3_0004_P3_current_grid_v1/state=4/planner=q3_active,q3_active,R_worst,15,105,68,37,0,0,0,False,False,1,1
q3_0004_P3_current_grid_v1/state=4/planner=q3_active,q3_active,G_worst,15,105,28,22,0,0,55,False,False,1,11
q3_0004_P3_current_grid_v1/state=4/planner=q3_active,q3_active,sampled_cert_score,15,105,29,21,0,0,55,False,False,1,11
q3_0004_P3_current_grid_v1/state=4/planner=q3_active,q3_active,certified_completion_cost,11,55,20,34,0,0,1,True,True,1,1
q3_0004_P3_current_grid_v1/state=4/planner=q3_active,q3_active,estimated_completion_cost,0,0,0,0,0,0,0,,,0,0
q3_0004_P3_current_grid_v1/state=5/planner=q3_active,q3_active,D_worst,15,105,100,2,0,0,3,False,False,1,1
q3_0004_P3_current_grid_v1/state=5/planner=q3_active,q3_active,R_worst,15,105,100,2,0,0,3,False,False,1,1
q3_0004_P3_current_grid_v1/state=5/planner=q3_active,q3_active,G_worst,15,105,100,2,0,0,3,False,False,1,1
q3_0004_P3_current_grid_v1/state=5/planner=q3_active,q3_active,sampled_cert_score,15,105,29,33,0,0,43,False,False,1,6
q3_0004_P3_current_grid_v1/state=5/planner=q3_active,q3_active,certified_completion_cost,0,0,0,0,0,0,0,,,0,0
q3_0004_P3_current_grid_v1/state=5/planner=q3_active,q3_active,estimated_completion_cost,0,0,0,0,0,0,0,,,0,0
q3_0004_P3_current_grid_v1/state=6/planner=q3_active,q3_active,D_worst,15,105,99,5,0,0,1,True,True,1,1
q3_0004_P3_current_grid_v1/state=6/planner=q3_active,q3_active,R_worst,15,105,99,5,0,0,1,True,True,1,1
q3_0004_P3_current_grid_v1/state=6/planner=q3_active,q3_active,G_worst,15,105,99,5,0,0,1,True,True,1,1
q3_0004_P3_current_grid_v1/state=6/planner=q3_active,q3_active,sampled_cert_score,15,105,68,15,0,0,22,True,False,1,2
q3_0004_P3_current_grid_v1/state=6/planner=q3_active,q3_active,certified_completion_cost,0,0,0,0,0,0,0,,,0,0
q3_0004_P3_current_grid_v1/state=6/planner=q3_active,q3_active,estimated_completion_cost,0,0,0,0,0,0,0,,,0,0
q3_0004_P3_current_grid_v1/state=7/planner=q3_active,q3_active,D_worst,15,105,91,14,0,0,0,True,True,1,1
q3_0004_P3_current_grid_v1/state=7/planner=q3_active,q3_active,R_worst,15,105,91,14,0,0,0,True,True,1,1
q3_0004_P3_current_grid_v1/state=7/planner=q3_active,q3_active,G_worst,15,105,0,0,0,0,105,True,False,1,15
q3_0004_P3_current_grid_v1/state=7/planner=q3_active,q3_active,sampled_cert_score,15,105,0,0,0,0,105,True,False,1,15
q3_0004_P3_current_grid_v1/state=7/planner=q3_active,q3_active,certified_completion_cost,15,105,75,29,0,0,1,False,False,1,1
q3_0004_P3_current_grid_v1/state=7/planner=q3_active,q3_active,estimated_completion_cost,0,0,0,0,0,0,0,,,0,0
q3_0004_P3_current_grid_v1/state=8/planner=q3_active,q3_active,D_worst,15,105,104,1,0,0,0,True,True,1,1
q3_0004_P3_current_grid_v1/state=8/planner=q3_active,q3_active,R_worst,15,105,104,1,0,0,0,True,True,1,1
q3_0004_P3_current_grid_v1/state=8/planner=q3_active,q3_active,G_worst,15,105,104,1,0,0,0,True,True,1,1
q3_0004_P3_current_grid_v1/state=8/planner=q3_active,q3_active,sampled_cert_score,15,105,56,21,0,0,28,True,False,1,3
q3_0004_P3_current_grid_v1/state=8/planner=q3_active,q3_active,certified_completion_cost,0,0,0,0,0,0,0,,,0,0
q3_0004_P3_current_grid_v1/state=8/planner=q3_active,q3_active,estimated_completion_cost,0,0,0,0,0,0,0,,,0,0
q3_0004_P3_current_grid_v1/state=9/planner=q3_active,q3_active,D_worst,15,105,103,2,0,0,0,True,True,1,1
q3_0004_P3_current_grid_v1/state=9/planner=q3_active,q3_active,R_worst,15,105,103,2,0,0,0,True,True,1,1
q3_0004_P3_current_grid_v1/state=9/planner=q3_active,q3_active,G_worst,15,105,83,1,0,0,21,True,False,1,7
q3_0004_P3_current_grid_v1/state=9/planner=q3_active,q3_active,sampled_cert_score,15,105,76,5,0,0,24,True,False,1,7
q3_0004_P3_current_grid_v1/state=9/planner=q3_active,q3_active,certified_completion_cost,7,21,13,8,0,0,0,False,False,1,1
q3_0004_P3_current_grid_v1/state=9/planner=q3_active,q3_active,estimated_completion_cost,0,0,0,0,0,0,0,,,0,0
q3_0004_P3_current_grid_v1/state=10/planner=q3_active,q3_active,D_worst,15,105,82,23,0,0,0,True,True,1,1
q3_0004_P3_current_grid_v1/state=10/planner=q3_active,q3_active,R_worst,15,105,82,23,0,0,0,True,True,1,1
q3_0004_P3_current_grid_v1/state=10/planner=q3_active,q3_active,G_worst,15,105,9,5,0,0,91,True,False,1,14
q3_0004_P3_current_grid_v1/state=10/planner=q3_active,q3_active,sampled_cert_score,15,105,9,5,0,0,91,True,False,1,14
q3_0004_P3_current_grid_v1/state=10/planner=q3_active,q3_active,certified_completion_cost,14,91,64,26,0,0,1,False,False,1,1
q3_0004_P3_current_grid_v1/state=10/planner=q3_active,q3_active,estimated_completion_cost,0,0,0,0,0,0,0,,,0,0
q3_0004_P3_current_grid_v1/state=11/planner=q3_active,q3_active,D_worst,15,105,95,10,0,0,0,False,False,1,1
q3_0004_P3_current_grid_v1/state=11/planner=q3_active,q3_active,R_worst,15,105,95,10,0,0,0,False,False,1,1
q3_0004_P3_current_grid_v1/state=11/planner=q3_active,q3_active,G_worst,15,105,95,10,0,0,0,False,False,1,1
q3_0004_P3_current_grid_v1/state=11/planner=q3_active,q3_active,sampled_cert_score,15,105,85,7,0,0,13,True,False,1,4
q3_0004_P3_current_grid_v1/state=11/planner=q3_active,q3_active,certified_completion_cost,0,0,0,0,0,0,0,,,0,0
q3_0004_P3_current_grid_v1/state=11/planner=q3_active,q3_active,estimated_completion_cost,0,0,0,0,0,0,0,,,0,0
q3_0004_P3_current_grid_v1/state=12/planner=q3_active,q3_active,D_worst,15,105,105,0,0,0,0,True,True,1,1
q3_0004_P3_current_grid_v1/state=12/planner=q3_active,q3_active,R_worst,15,105,105,0,0,0,0,True,True,1,1
q3_0004_P3_current_grid_v1/state=12/planner=q3_active,q3_active,G_worst,15,105,105,0,0,0,0,True,True,1,1
q3_0004_P3_current_grid_v1/state=12/planner=q3_active,q3_active,sampled_cert_score,15,105,74,14,0,0,17,False,False,1,1
q3_0004_P3_current_grid_v1/state=12/planner=q3_active,q3_active,certified_completion_cost,0,0,0,0,0,0,0,,,0,0
q3_0004_P3_current_grid_v1/state=12/planner=q3_active,q3_active,estimated_completion_cost,0,0,0,0,0,0,0,,,0,0
q3_0004_P3_current_grid_v1/state=13/planner=q3_active,q3_active,D_worst,15,105,102,3,0,0,0,True,True,1,1
q3_0004_P3_current_grid_v1/state=13/planner=q3_active,q3_active,R_worst,15,105,102,3,0,0,0,True,True,1,1
q3_0004_P3_current_grid_v1/state=13/planner=q3_active,q3_active,G_worst,15,105,102,3,0,0,0,True,True,1,1
q3_0004_P3_current_grid_v1/state=13/planner=q3_active,q3_active,sampled_cert_score,15,105,69,16,0,0,20,True,False,1,2
q3_0004_P3_current_grid_v1/state=13/planner=q3_active,q3_active,certified_completion_cost,0,0,0,0,0,0,0,,,0,0
q3_0004_P3_current_grid_v1/state=13/planner=q3_active,q3_active,estimated_completion_cost,0,0,0,0,0,0,0,,,0,0
q3_0004_P3_current_grid_v1/state=14/planner=q3_active,q3_active,D_worst,15,105,97,8,0,0,0,False,False,1,1
q3_0004_P3_current_grid_v1/state=14/planner=q3_active,q3_active,R_worst,15,105,97,8,0,0,0,False,False,1,1
q3_0004_P3_current_grid_v1/state=14/planner=q3_active,q3_active,G_worst,15,105,27,0,0,0,78,True,False,1,13
q3_0004_P3_current_grid_v1/state=14/planner=q3_active,q3_active,sampled_cert_score,15,105,27,0,0,0,78,True,False,1,13
q3_0004_P3_current_grid_v1/state=14/planner=q3_active,q3_active,certified_completion_cost,13,78,56,22,0,0,0,False,False,1,1
q3_0004_P3_current_grid_v1/state=14/planner=q3_active,q3_active,estimated_completion_cost,0,0,0,0,0,0,0,,,0,0
q3_0004_P3_current_grid_v1/state=15/planner=q3_active,q3_active,D_worst,15,105,89,16,0,0,0,False,False,1,1
q3_0004_P3_current_grid_v1/state=15/planner=q3_active,q3_active,R_worst,15,105,89,16,0,0,0,False,False,1,1
q3_0004_P3_current_grid_v1/state=15/planner=q3_active,q3_active,G_worst,15,105,48,12,0,0,45,True,False,1,10
q3_0004_P3_current_grid_v1/state=15/planner=q3_active,q3_active,sampled_cert_score,15,105,45,14,0,0,46,True,False,1,10
q3_0004_P3_current_grid_v1/state=15/planner=q3_active,q3_active,certified_completion_cost,10,45,33,12,0,0,0,False,False,1,1
q3_0004_P3_current_grid_v1/state=15/planner=q3_active,q3_active,estimated_completion_cost,0,0,0,0,0,0,0,,,0,0
q3_0004_P3_current_grid_v1_nccp/state=0/planner=q3_active,q3_active,D_worst,15,105,103,1,0,0,1,True,True,1,1
q3_0004_P3_current_grid_v1_nccp/state=0/planner=q3_active,q3_active,R_worst,15,105,103,1,0,0,1,True,True,1,1
q3_0004_P3_current_grid_v1_nccp/state=0/planner=q3_active,q3_active,G_worst,15,105,103,1,0,0,1,True,True,1,1
q3_0004_P3_current_grid_v1_nccp/state=0/planner=q3_active,q3_active,sampled_cert_score,15,105,40,30,0,0,35,False,False,1,2
q3_0004_P3_current_grid_v1_nccp/state=0/planner=q3_active,q3_active,certified_completion_cost,0,0,0,0,0,0,0,,,0,0
q3_0004_P3_current_grid_v1_nccp/state=0/planner=q3_active,q3_active,estimated_completion_cost,0,0,0,0,0,0,0,,,0,0
q3_0004_P3_current_grid_v1_nccp/state=1/planner=q3_active,q3_active,D_worst,15,105,100,5,0,0,0,False,False,1,1
q3_0004_P3_current_grid_v1_nccp/state=1/planner=q3_active,q3_active,R_worst,15,105,100,5,0,0,0,False,False,1,1
q3_0004_P3_current_grid_v1_nccp/state=1/planner=q3_active,q3_active,G_worst,15,105,67,2,0,0,36,True,False,1,9
q3_0004_P3_current_grid_v1_nccp/state=1/planner=q3_active,q3_active,sampled_cert_score,15,105,60,5,0,0,40,True,False,1,9
q3_0004_P3_current_grid_v1_nccp/state=1/planner=q3_active,q3_active,certified_completion_cost,9,36,21,15,0,0,0,False,False,1,1
q3_0004_P3_current_grid_v1_nccp/state=1/planner=q3_active,q3_active,estimated_completion_cost,0,0,0,0,0,0,0,,,0,0
q3_0004_P3_current_grid_v1_nccp/state=2/planner=q3_active,q3_active,D_worst,15,105,101,1,0,0,3,True,True,1,1
q3_0004_P3_current_grid_v1_nccp/state=2/planner=q3_active,q3_active,R_worst,15,105,101,1,0,0,3,True,True,1,1
q3_0004_P3_current_grid_v1_nccp/state=2/planner=q3_active,q3_active,G_worst,15,105,101,1,0,0,3,True,True,1,1
q3_0004_P3_current_grid_v1_nccp/state=2/planner=q3_active,q3_active,sampled_cert_score,15,105,42,27,0,0,36,True,False,1,7
q3_0004_P3_current_grid_v1_nccp/state=2/planner=q3_active,q3_active,certified_completion_cost,0,0,0,0,0,0,0,,,0,0
q3_0004_P3_current_grid_v1_nccp/state=2/planner=q3_active,q3_active,estimated_completion_cost,0,0,0,0,0,0,0,,,0,0
q3_0004_P3_current_grid_v1_nccp/state=3/planner=q3_active,q3_active,D_worst,15,105,94,11,0,0,0,False,False,1,1
q3_0004_P3_current_grid_v1_nccp/state=3/planner=q3_active,q3_active,R_worst,15,105,94,11,0,0,0,False,False,1,1
q3_0004_P3_current_grid_v1_nccp/state=3/planner=q3_active,q3_active,G_worst,15,105,54,6,0,0,45,True,False,1,10
q3_0004_P3_current_grid_v1_nccp/state=3/planner=q3_active,q3_active,sampled_cert_score,15,105,54,5,0,0,46,True,False,1,10
q3_0004_P3_current_grid_v1_nccp/state=3/planner=q3_active,q3_active,certified_completion_cost,10,45,34,11,0,0,0,False,False,1,1
q3_0004_P3_current_grid_v1_nccp/state=3/planner=q3_active,q3_active,estimated_completion_cost,0,0,0,0,0,0,0,,,0,0
q3_0004_P3_current_grid_v1_nccp/state=4/planner=q3_active,q3_active,D_worst,15,105,68,37,0,0,0,False,False,1,1
q3_0004_P3_current_grid_v1_nccp/state=4/planner=q3_active,q3_active,R_worst,15,105,68,37,0,0,0,False,False,1,1
q3_0004_P3_current_grid_v1_nccp/state=4/planner=q3_active,q3_active,G_worst,15,105,28,22,0,0,55,False,False,1,11
q3_0004_P3_current_grid_v1_nccp/state=4/planner=q3_active,q3_active,sampled_cert_score,15,105,29,21,0,0,55,False,False,1,11
q3_0004_P3_current_grid_v1_nccp/state=4/planner=q3_active,q3_active,certified_completion_cost,11,55,20,34,0,0,1,True,True,1,1
q3_0004_P3_current_grid_v1_nccp/state=4/planner=q3_active,q3_active,estimated_completion_cost,0,0,0,0,0,0,0,,,0,0
q3_0004_P3_current_grid_v1_nccp/state=5/planner=q3_active,q3_active,D_worst,15,105,100,2,0,0,3,False,False,1,1
q3_0004_P3_current_grid_v1_nccp/state=5/planner=q3_active,q3_active,R_worst,15,105,100,2,0,0,3,False,False,1,1
q3_0004_P3_current_grid_v1_nccp/state=5/planner=q3_active,q3_active,G_worst,15,105,100,2,0,0,3,False,False,1,1
q3_0004_P3_current_grid_v1_nccp/state=5/planner=q3_active,q3_active,sampled_cert_score,15,105,29,33,0,0,43,False,False,1,6
q3_0004_P3_current_grid_v1_nccp/state=5/planner=q3_active,q3_active,certified_completion_cost,0,0,0,0,0,0,0,,,0,0
q3_0004_P3_current_grid_v1_nccp/state=5/planner=q3_active,q3_active,estimated_completion_cost,0,0,0,0,0,0,0,,,0,0
q3_0004_P3_current_grid_v1_nccp/state=6/planner=q3_active,q3_active,D_worst,15,105,99,5,0,0,1,True,True,1,1
q3_0004_P3_current_grid_v1_nccp/state=6/planner=q3_active,q3_active,R_worst,15,105,99,5,0,0,1,True,True,1,1
q3_0004_P3_current_grid_v1_nccp/state=6/planner=q3_active,q3_active,G_worst,15,105,99,5,0,0,1,True,True,1,1
q3_0004_P3_current_grid_v1_nccp/state=6/planner=q3_active,q3_active,sampled_cert_score,15,105,68,15,0,0,22,True,False,1,2
q3_0004_P3_current_grid_v1_nccp/state=6/planner=q3_active,q3_active,certified_completion_cost,0,0,0,0,0,0,0,,,0,0
q3_0004_P3_current_grid_v1_nccp/state=6/planner=q3_active,q3_active,estimated_completion_cost,0,0,0,0,0,0,0,,,0,0
q3_0004_P3_current_grid_v1_nccp/state=7/planner=q3_active,q3_active,D_worst,15,105,104,1,0,0,0,True,True,1,1
q3_0004_P3_current_grid_v1_nccp/state=7/planner=q3_active,q3_active,R_worst,15,105,104,1,0,0,0,True,True,1,1
q3_0004_P3_current_grid_v1_nccp/state=7/planner=q3_active,q3_active,G_worst,15,105,104,1,0,0,0,True,True,1,1
q3_0004_P3_current_grid_v1_nccp/state=7/planner=q3_active,q3_active,sampled_cert_score,15,105,56,21,0,0,28,True,False,1,3
q3_0004_P3_current_grid_v1_nccp/state=7/planner=q3_active,q3_active,certified_completion_cost,0,0,0,0,0,0,0,,,0,0
q3_0004_P3_current_grid_v1_nccp/state=7/planner=q3_active,q3_active,estimated_completion_cost,0,0,0,0,0,0,0,,,0,0
q3_0004_P3_current_grid_v1_nccp/state=8/planner=q3_active,q3_active,D_worst,15,105,103,2,0,0,0,True,True,1,1
q3_0004_P3_current_grid_v1_nccp/state=8/planner=q3_active,q3_active,R_worst,15,105,103,2,0,0,0,True,True,1,1
q3_0004_P3_current_grid_v1_nccp/state=8/planner=q3_active,q3_active,G_worst,15,105,83,1,0,0,21,True,False,1,7
q3_0004_P3_current_grid_v1_nccp/state=8/planner=q3_active,q3_active,sampled_cert_score,15,105,76,5,0,0,24,True,False,1,7
q3_0004_P3_current_grid_v1_nccp/state=8/planner=q3_active,q3_active,certified_completion_cost,7,21,13,8,0,0,0,False,False,1,1
q3_0004_P3_current_grid_v1_nccp/state=8/planner=q3_active,q3_active,estimated_completion_cost,0,0,0,0,0,0,0,,,0,0
q3_0004_P3_current_grid_v1_nccp/state=9/planner=q3_active,q3_active,D_worst,15,105,82,23,0,0,0,True,True,1,1
q3_0004_P3_current_grid_v1_nccp/state=9/planner=q3_active,q3_active,R_worst,15,105,82,23,0,0,0,True,True,1,1
q3_0004_P3_current_grid_v1_nccp/state=9/planner=q3_active,q3_active,G_worst,15,105,9,5,0,0,91,True,False,1,14
q3_0004_P3_current_grid_v1_nccp/state=9/planner=q3_active,q3_active,sampled_cert_score,15,105,9,5,0,0,91,True,False,1,14
q3_0004_P3_current_grid_v1_nccp/state=9/planner=q3_active,q3_active,certified_completion_cost,14,91,64,26,0,0,1,False,False,1,1
q3_0004_P3_current_grid_v1_nccp/state=9/planner=q3_active,q3_active,estimated_completion_cost,0,0,0,0,0,0,0,,,0,0
q3_0004_P3_current_grid_v1_nccp/state=10/planner=q3_active,q3_active,D_worst,15,105,95,10,0,0,0,False,False,1,1
q3_0004_P3_current_grid_v1_nccp/state=10/planner=q3_active,q3_active,R_worst,15,105,95,10,0,0,0,False,False,1,1
q3_0004_P3_current_grid_v1_nccp/state=10/planner=q3_active,q3_active,G_worst,15,105,95,10,0,0,0,False,False,1,1
q3_0004_P3_current_grid_v1_nccp/state=10/planner=q3_active,q3_active,sampled_cert_score,15,105,85,7,0,0,13,True,False,1,4
q3_0004_P3_current_grid_v1_nccp/state=10/planner=q3_active,q3_active,certified_completion_cost,0,0,0,0,0,0,0,,,0,0
q3_0004_P3_current_grid_v1_nccp/state=10/planner=q3_active,q3_active,estimated_completion_cost,0,0,0,0,0,0,0,,,0,0
q3_0004_P3_current_grid_v1_nccp/state=11/planner=q3_active,q3_active,D_worst,15,105,105,0,0,0,0,True,True,1,1
q3_0004_P3_current_grid_v1_nccp/state=11/planner=q3_active,q3_active,R_worst,15,105,105,0,0,0,0,True,True,1,1
q3_0004_P3_current_grid_v1_nccp/state=11/planner=q3_active,q3_active,G_worst,15,105,105,0,0,0,0,True,True,1,1
q3_0004_P3_current_grid_v1_nccp/state=11/planner=q3_active,q3_active,sampled_cert_score,15,105,74,14,0,0,17,False,False,1,1
q3_0004_P3_current_grid_v1_nccp/state=11/planner=q3_active,q3_active,certified_completion_cost,0,0,0,0,0,0,0,,,0,0
q3_0004_P3_current_grid_v1_nccp/state=11/planner=q3_active,q3_active,estimated_completion_cost,0,0,0,0,0,0,0,,,0,0
q3_0004_P3_current_grid_v1_nccp/state=12/planner=q3_active,q3_active,D_worst,15,105,101,4,0,0,0,True,True,1,1
q3_0004_P3_current_grid_v1_nccp/state=12/planner=q3_active,q3_active,R_worst,15,105,101,4,0,0,0,True,True,1,1
q3_0004_P3_current_grid_v1_nccp/state=12/planner=q3_active,q3_active,G_worst,15,105,101,4,0,0,0,True,True,1,1
q3_0004_P3_current_grid_v1_nccp/state=12/planner=q3_active,q3_active,sampled_cert_score,15,105,68,17,0,0,20,True,False,1,2
q3_0004_P3_current_grid_v1_nccp/state=12/planner=q3_active,q3_active,certified_completion_cost,0,0,0,0,0,0,0,,,0,0
q3_0004_P3_current_grid_v1_nccp/state=12/planner=q3_active,q3_active,estimated_completion_cost,0,0,0,0,0,0,0,,,0,0
q3_0004_P3_current_grid_v1_nccp/state=13/planner=q3_active,q3_active,D_worst,15,105,97,8,0,0,0,False,False,1,1
q3_0004_P3_current_grid_v1_nccp/state=13/planner=q3_active,q3_active,R_worst,15,105,97,8,0,0,0,False,False,1,1
q3_0004_P3_current_grid_v1_nccp/state=13/planner=q3_active,q3_active,G_worst,15,105,27,0,0,0,78,True,False,1,13
q3_0004_P3_current_grid_v1_nccp/state=13/planner=q3_active,q3_active,sampled_cert_score,15,105,27,0,0,0,78,True,False,1,13
q3_0004_P3_current_grid_v1_nccp/state=13/planner=q3_active,q3_active,certified_completion_cost,13,78,56,22,0,0,0,False,False,1,1
q3_0004_P3_current_grid_v1_nccp/state=13/planner=q3_active,q3_active,estimated_completion_cost,0,0,0,0,0,0,0,,,0,0
q3_0004_P3_current_grid_v1_nccp/state=14/planner=q3_active,q3_active,D_worst,15,105,89,16,0,0,0,False,False,1,1
q3_0004_P3_current_grid_v1_nccp/state=14/planner=q3_active,q3_active,R_worst,15,105,89,16,0,0,0,False,False,1,1
q3_0004_P3_current_grid_v1_nccp/state=14/planner=q3_active,q3_active,G_worst,15,105,48,12,0,0,45,True,False,1,10
q3_0004_P3_current_grid_v1_nccp/state=14/planner=q3_active,q3_active,sampled_cert_score,15,105,45,14,0,0,46,True,False,1,10
q3_0004_P3_current_grid_v1_nccp/state=14/planner=q3_active,q3_active,certified_completion_cost,10,45,33,12,0,0,0,False,False,1,1
q3_0004_P3_current_grid_v1_nccp/state=14/planner=q3_active,q3_active,estimated_completion_cost,0,0,0,0,0,0,0,,,0,0
q3_0005_P3_current_grid_v1/state=0/planner=q3_active,q3_active,D_worst,15,105,104,0,0,0,1,True,True,1,1
q3_0005_P3_current_grid_v1/state=0/planner=q3_active,q3_active,R_worst,15,105,104,0,0,0,1,True,True,1,1
q3_0005_P3_current_grid_v1/state=0/planner=q3_active,q3_active,G_worst,15,105,104,0,0,0,1,True,True,1,1
q3_0005_P3_current_grid_v1/state=0/planner=q3_active,q3_active,sampled_cert_score,15,105,26,41,0,0,38,False,False,1,1
q3_0005_P3_current_grid_v1/state=0/planner=q3_active,q3_active,certified_completion_cost,0,0,0,0,0,0,0,,,0,0
q3_0005_P3_current_grid_v1/state=0/planner=q3_active,q3_active,estimated_completion_cost,0,0,0,0,0,0,0,,,0,0
q3_0005_P3_current_grid_v1/state=1/planner=q3_active,q3_active,D_worst,15,105,102,3,0,0,0,True,True,1,1
q3_0005_P3_current_grid_v1/state=1/planner=q3_active,q3_active,R_worst,15,105,102,3,0,0,0,True,True,1,1
q3_0005_P3_current_grid_v1/state=1/planner=q3_active,q3_active,G_worst,15,105,84,0,0,0,21,True,False,1,7
q3_0005_P3_current_grid_v1/state=1/planner=q3_active,q3_active,sampled_cert_score,15,105,78,3,0,0,24,True,False,1,7
q3_0005_P3_current_grid_v1/state=1/planner=q3_active,q3_active,certified_completion_cost,7,21,15,6,0,0,0,True,True,1,1
q3_0005_P3_current_grid_v1/state=1/planner=q3_active,q3_active,estimated_completion_cost,0,0,0,0,0,0,0,,,0,0
q3_0005_P3_current_grid_v1/state=2/planner=q3_active,q3_active,D_worst,15,105,103,2,0,0,0,True,True,1,1
q3_0005_P3_current_grid_v1/state=2/planner=q3_active,q3_active,R_worst,15,105,103,2,0,0,0,True,True,1,1
q3_0005_P3_current_grid_v1/state=2/planner=q3_active,q3_active,G_worst,15,105,49,1,0,0,55,True,False,1,11
q3_0005_P3_current_grid_v1/state=2/planner=q3_active,q3_active,sampled_cert_score,15,105,44,0,0,0,61,True,False,1,11
q3_0005_P3_current_grid_v1/state=2/planner=q3_active,q3_active,certified_completion_cost,11,55,41,14,0,0,0,False,False,1,1
q3_0005_P3_current_grid_v1/state=2/planner=q3_active,q3_active,estimated_completion_cost,0,0,0,0,0,0,0,,,0,0
q3_0005_P3_current_grid_v1/state=3/planner=q3_active,q3_active,D_worst,15,105,103,2,0,0,0,True,True,1,1
q3_0005_P3_current_grid_v1/state=3/planner=q3_active,q3_active,R_worst,15,105,102,3,0,0,0,True,True,1,1
q3_0005_P3_current_grid_v1/state=3/planner=q3_active,q3_active,G_worst,15,105,66,3,0,0,36,True,False,1,9
q3_0005_P3_current_grid_v1/state=3/planner=q3_active,q3_active,sampled_cert_score,15,105,64,3,0,0,38,True,False,1,9
q3_0005_P3_current_grid_v1/state=3/planner=q3_active,q3_active,certified_completion_cost,9,36,22,14,0,0,0,False,False,1,1
q3_0005_P3_current_grid_v1/state=3/planner=q3_active,q3_active,estimated_completion_cost,0,0,0,0,0,0,0,,,0,0
q3_0005_P3_current_grid_v1/state=4/planner=q3_active,q3_active,D_worst,15,105,102,3,0,0,0,False,False,1,1
q3_0005_P3_current_grid_v1/state=4/planner=q3_active,q3_active,R_worst,15,105,102,3,0,0,0,False,False,1,1
q3_0005_P3_current_grid_v1/state=4/planner=q3_active,q3_active,G_worst,15,105,102,3,0,0,0,False,False,1,1
q3_0005_P3_current_grid_v1/state=4/planner=q3_active,q3_active,sampled_cert_score,15,105,78,11,0,0,16,False,False,1,1
q3_0005_P3_current_grid_v1/state=4/planner=q3_active,q3_active,certified_completion_cost,0,0,0,0,0,0,0,,,0,0
q3_0005_P3_current_grid_v1/state=4/planner=q3_active,q3_active,estimated_completion_cost,0,0,0,0,0,0,0,,,0,0
q3_0005_P3_current_grid_v1/state=5/planner=q3_active,q3_active,D_worst,15,105,101,4,0,0,0,False,False,1,1
q3_0005_P3_current_grid_v1/state=5/planner=q3_active,q3_active,R_worst,15,105,101,4,0,0,0,False,False,1,1
q3_0005_P3_current_grid_v1/state=5/planner=q3_active,q3_active,G_worst,15,105,101,4,0,0,0,False,False,1,1
q3_0005_P3_current_grid_v1/state=5/planner=q3_active,q3_active,sampled_cert_score,15,105,67,21,0,0,17,False,False,1,1
q3_0005_P3_current_grid_v1/state=5/planner=q3_active,q3_active,certified_completion_cost,0,0,0,0,0,0,0,,,0,0
q3_0005_P3_current_grid_v1/state=5/planner=q3_active,q3_active,estimated_completion_cost,0,0,0,0,0,0,0,,,0,0
q3_0005_P3_current_grid_v1/state=6/planner=q3_active,q3_active,D_worst,15,105,98,7,0,0,0,False,False,1,1
q3_0005_P3_current_grid_v1/state=6/planner=q3_active,q3_active,R_worst,15,105,98,7,0,0,0,False,False,1,1
q3_0005_P3_current_grid_v1/state=6/planner=q3_active,q3_active,G_worst,15,105,26,1,0,0,78,True,False,1,13
q3_0005_P3_current_grid_v1/state=6/planner=q3_active,q3_active,sampled_cert_score,15,105,25,1,0,0,79,True,False,1,13
q3_0005_P3_current_grid_v1/state=6/planner=q3_active,q3_active,certified_completion_cost,13,78,55,23,0,0,0,False,False,1,1
q3_0005_P3_current_grid_v1/state=6/planner=q3_active,q3_active,estimated_completion_cost,0,0,0,0,0,0,0,,,0,0
q3_0005_P3_current_grid_v1/state=7/planner=q3_active,q3_active,D_worst,15,105,90,15,0,0,0,True,True,1,1
q3_0005_P3_current_grid_v1/state=7/planner=q3_active,q3_active,R_worst,15,105,90,15,0,0,0,True,True,1,1
q3_0005_P3_current_grid_v1/state=7/planner=q3_active,q3_active,G_worst,15,105,29,10,0,0,66,True,False,1,12
q3_0005_P3_current_grid_v1/state=7/planner=q3_active,q3_active,sampled_cert_score,15,105,28,10,0,0,67,True,False,1,12
q3_0005_P3_current_grid_v1/state=7/planner=q3_active,q3_active,certified_completion_cost,12,66,43,23,0,0,0,True,True,1,1
q3_0005_P3_current_grid_v1/state=7/planner=q3_active,q3_active,estimated_completion_cost,0,0,0,0,0,0,0,,,0,0
q3_0005_P3_current_grid_v1/state=8/planner=q3_active,q3_active,D_worst,15,105,102,3,0,0,0,True,True,1,1
q3_0005_P3_current_grid_v1/state=8/planner=q3_active,q3_active,R_worst,15,105,102,3,0,0,0,True,True,1,1
q3_0005_P3_current_grid_v1/state=8/planner=q3_active,q3_active,G_worst,15,105,102,3,0,0,0,True,True,1,1
q3_0005_P3_current_grid_v1/state=8/planner=q3_active,q3_active,sampled_cert_score,15,105,72,14,0,0,19,True,True,1,1
q3_0005_P3_current_grid_v1/state=8/planner=q3_active,q3_active,certified_completion_cost,0,0,0,0,0,0,0,,,0,0
q3_0005_P3_current_grid_v1/state=8/planner=q3_active,q3_active,estimated_completion_cost,0,0,0,0,0,0,0,,,0,0
q3_0005_P3_current_grid_v1/state=9/planner=q3_active,q3_active,D_worst,15,105,101,4,0,0,0,True,True,1,1
q3_0005_P3_current_grid_v1/state=9/planner=q3_active,q3_active,R_worst,15,105,101,4,0,0,0,True,True,1,1
q3_0005_P3_current_grid_v1/state=9/planner=q3_active,q3_active,G_worst,15,105,101,4,0,0,0,True,True,1,1
q3_0005_P3_current_grid_v1/state=9/planner=q3_active,q3_active,sampled_cert_score,15,105,87,5,0,0,13,True,False,1,3
q3_0005_P3_current_grid_v1/state=9/planner=q3_active,q3_active,certified_completion_cost,0,0,0,0,0,0,0,,,0,0
q3_0005_P3_current_grid_v1/state=9/planner=q3_active,q3_active,estimated_completion_cost,0,0,0,0,0,0,0,,,0,0
q3_0005_P3_current_grid_v1/state=10/planner=q3_active,q3_active,D_worst,15,105,74,31,0,0,0,True,True,1,1
q3_0005_P3_current_grid_v1/state=10/planner=q3_active,q3_active,R_worst,15,105,74,31,0,0,0,True,True,1,1
q3_0005_P3_current_grid_v1/state=10/planner=q3_active,q3_active,G_worst,15,105,26,1,0,0,78,True,False,1,13
q3_0005_P3_current_grid_v1/state=10/planner=q3_active,q3_active,sampled_cert_score,15,105,26,0,0,0,79,True,False,1,13
q3_0005_P3_current_grid_v1/state=10/planner=q3_active,q3_active,certified_completion_cost,13,78,36,42,0,0,0,True,True,1,1
q3_0005_P3_current_grid_v1/state=10/planner=q3_active,q3_active,estimated_completion_cost,0,0,0,0,0,0,0,,,0,0
q3_0005_P3_current_grid_v1/state=11/planner=q3_active,q3_active,D_worst,15,105,97,8,0,0,0,True,True,1,1
q3_0005_P3_current_grid_v1/state=11/planner=q3_active,q3_active,R_worst,15,105,97,8,0,0,0,True,True,1,1
q3_0005_P3_current_grid_v1/state=11/planner=q3_active,q3_active,G_worst,15,105,97,8,0,0,0,True,True,1,1
q3_0005_P3_current_grid_v1/state=11/planner=q3_active,q3_active,sampled_cert_score,15,105,69,9,0,0,27,True,True,1,1
q3_0005_P3_current_grid_v1/state=11/planner=q3_active,q3_active,certified_completion_cost,1,0,0,0,0,0,0,True,True,1,1
q3_0005_P3_current_grid_v1/state=11/planner=q3_active,q3_active,estimated_completion_cost,0,0,0,0,0,0,0,,,0,0
q3_0005_P3_current_grid_v1/state=12/planner=q3_active,q3_active,D_worst,15,105,96,9,0,0,0,True,True,1,1
q3_0005_P3_current_grid_v1/state=12/planner=q3_active,q3_active,R_worst,15,105,96,9,0,0,0,True,True,1,1
q3_0005_P3_current_grid_v1/state=12/planner=q3_active,q3_active,G_worst,15,105,53,7,0,0,45,True,False,1,10
q3_0005_P3_current_grid_v1/state=12/planner=q3_active,q3_active,sampled_cert_score,15,105,55,4,0,0,46,True,False,1,10
q3_0005_P3_current_grid_v1/state=12/planner=q3_active,q3_active,certified_completion_cost,10,45,33,11,0,0,1,False,False,1,1
q3_0005_P3_current_grid_v1/state=12/planner=q3_active,q3_active,estimated_completion_cost,0,0,0,0,0,0,0,,,0,0
q3_0005_P3_current_grid_v1/state=13/planner=q3_active,q3_active,D_worst,15,105,97,8,0,0,0,True,True,1,1
q3_0005_P3_current_grid_v1/state=13/planner=q3_active,q3_active,R_worst,15,105,97,8,0,0,0,True,True,1,1
q3_0005_P3_current_grid_v1/state=13/planner=q3_active,q3_active,G_worst,15,105,24,3,0,0,78,True,False,1,13
q3_0005_P3_current_grid_v1/state=13/planner=q3_active,q3_active,sampled_cert_score,15,105,24,3,0,0,78,True,False,1,13
q3_0005_P3_current_grid_v1/state=13/planner=q3_active,q3_active,certified_completion_cost,13,78,59,19,0,0,0,False,False,1,1
q3_0005_P3_current_grid_v1/state=13/planner=q3_active,q3_active,estimated_completion_cost,0,0,0,0,0,0,0,,,0,0
q3_0005_P3_current_grid_v1/state=14/planner=q3_active,q3_active,D_worst,15,105,97,7,0,0,1,False,False,1,1
q3_0005_P3_current_grid_v1/state=14/planner=q3_active,q3_active,R_worst,15,105,97,7,0,0,1,False,False,1,1
q3_0005_P3_current_grid_v1/state=14/planner=q3_active,q3_active,G_worst,15,105,97,7,0,0,1,False,False,1,1
q3_0005_P3_current_grid_v1/state=14/planner=q3_active,q3_active,sampled_cert_score,15,105,79,12,0,0,14,True,False,1,2
q3_0005_P3_current_grid_v1/state=14/planner=q3_active,q3_active,certified_completion_cost,0,0,0,0,0,0,0,,,0,0
q3_0005_P3_current_grid_v1/state=14/planner=q3_active,q3_active,estimated_completion_cost,0,0,0,0,0,0,0,,,0,0
q3_0005_P3_current_grid_v1_nccp/state=0/planner=q3_active,q3_active,D_worst,15,105,104,0,0,0,1,True,True,1,1
q3_0005_P3_current_grid_v1_nccp/state=0/planner=q3_active,q3_active,R_worst,15,105,104,0,0,0,1,True,True,1,1
q3_0005_P3_current_grid_v1_nccp/state=0/planner=q3_active,q3_active,G_worst,15,105,104,0,0,0,1,True,True,1,1
q3_0005_P3_current_grid_v1_nccp/state=0/planner=q3_active,q3_active,sampled_cert_score,15,105,26,41,0,0,38,False,False,1,1
q3_0005_P3_current_grid_v1_nccp/state=0/planner=q3_active,q3_active,certified_completion_cost,0,0,0,0,0,0,0,,,0,0
q3_0005_P3_current_grid_v1_nccp/state=0/planner=q3_active,q3_active,estimated_completion_cost,0,0,0,0,0,0,0,,,0,0
q3_0005_P3_current_grid_v1_nccp/state=1/planner=q3_active,q3_active,D_worst,15,105,102,3,0,0,0,True,True,1,1
q3_0005_P3_current_grid_v1_nccp/state=1/planner=q3_active,q3_active,R_worst,15,105,102,3,0,0,0,True,True,1,1
q3_0005_P3_current_grid_v1_nccp/state=1/planner=q3_active,q3_active,G_worst,15,105,84,0,0,0,21,True,False,1,7
q3_0005_P3_current_grid_v1_nccp/state=1/planner=q3_active,q3_active,sampled_cert_score,15,105,78,3,0,0,24,True,False,1,7
q3_0005_P3_current_grid_v1_nccp/state=1/planner=q3_active,q3_active,certified_completion_cost,7,21,15,6,0,0,0,True,True,1,1
q3_0005_P3_current_grid_v1_nccp/state=1/planner=q3_active,q3_active,estimated_completion_cost,0,0,0,0,0,0,0,,,0,0
q3_0005_P3_current_grid_v1_nccp/state=2/planner=q3_active,q3_active,D_worst,15,105,103,2,0,0,0,True,True,1,1
q3_0005_P3_current_grid_v1_nccp/state=2/planner=q3_active,q3_active,R_worst,15,105,103,2,0,0,0,True,True,1,1
q3_0005_P3_current_grid_v1_nccp/state=2/planner=q3_active,q3_active,G_worst,15,105,49,1,0,0,55,True,False,1,11
q3_0005_P3_current_grid_v1_nccp/state=2/planner=q3_active,q3_active,sampled_cert_score,15,105,44,0,0,0,61,True,False,1,11
q3_0005_P3_current_grid_v1_nccp/state=2/planner=q3_active,q3_active,certified_completion_cost,11,55,41,14,0,0,0,False,False,1,1
q3_0005_P3_current_grid_v1_nccp/state=2/planner=q3_active,q3_active,estimated_completion_cost,0,0,0,0,0,0,0,,,0,0
q3_0005_P3_current_grid_v1_nccp/state=3/planner=q3_active,q3_active,D_worst,15,105,102,3,0,0,0,True,True,1,1
q3_0005_P3_current_grid_v1_nccp/state=3/planner=q3_active,q3_active,R_worst,15,105,102,3,0,0,0,True,True,1,1
q3_0005_P3_current_grid_v1_nccp/state=3/planner=q3_active,q3_active,G_worst,15,105,66,3,0,0,36,True,False,1,9
q3_0005_P3_current_grid_v1_nccp/state=3/planner=q3_active,q3_active,sampled_cert_score,15,105,65,3,0,0,37,True,False,1,9
q3_0005_P3_current_grid_v1_nccp/state=3/planner=q3_active,q3_active,certified_completion_cost,9,36,22,14,0,0,0,False,False,1,1
q3_0005_P3_current_grid_v1_nccp/state=3/planner=q3_active,q3_active,estimated_completion_cost,0,0,0,0,0,0,0,,,0,0
q3_0005_P3_current_grid_v1_nccp/state=4/planner=q3_active,q3_active,D_worst,15,105,101,4,0,0,0,False,False,1,1
q3_0005_P3_current_grid_v1_nccp/state=4/planner=q3_active,q3_active,R_worst,15,105,101,4,0,0,0,False,False,1,1
q3_0005_P3_current_grid_v1_nccp/state=4/planner=q3_active,q3_active,G_worst,15,105,101,4,0,0,0,False,False,1,1
q3_0005_P3_current_grid_v1_nccp/state=4/planner=q3_active,q3_active,sampled_cert_score,15,105,78,11,0,0,16,False,False,1,1
q3_0005_P3_current_grid_v1_nccp/state=4/planner=q3_active,q3_active,certified_completion_cost,0,0,0,0,0,0,0,,,0,0
q3_0005_P3_current_grid_v1_nccp/state=4/planner=q3_active,q3_active,estimated_completion_cost,0,0,0,0,0,0,0,,,0,0
q3_0005_P3_current_grid_v1_nccp/state=5/planner=q3_active,q3_active,D_worst,15,105,101,4,0,0,0,False,False,1,1
q3_0005_P3_current_grid_v1_nccp/state=5/planner=q3_active,q3_active,R_worst,15,105,101,4,0,0,0,False,False,1,1
q3_0005_P3_current_grid_v1_nccp/state=5/planner=q3_active,q3_active,G_worst,15,105,101,4,0,0,0,False,False,1,1
q3_0005_P3_current_grid_v1_nccp/state=5/planner=q3_active,q3_active,sampled_cert_score,15,105,67,21,0,0,17,False,False,1,1
q3_0005_P3_current_grid_v1_nccp/state=5/planner=q3_active,q3_active,certified_completion_cost,0,0,0,0,0,0,0,,,0,0
q3_0005_P3_current_grid_v1_nccp/state=5/planner=q3_active,q3_active,estimated_completion_cost,0,0,0,0,0,0,0,,,0,0
q3_0005_P3_current_grid_v1_nccp/state=6/planner=q3_active,q3_active,D_worst,15,105,98,7,0,0,0,False,False,1,1
q3_0005_P3_current_grid_v1_nccp/state=6/planner=q3_active,q3_active,R_worst,15,105,98,7,0,0,0,False,False,1,1
q3_0005_P3_current_grid_v1_nccp/state=6/planner=q3_active,q3_active,G_worst,15,105,26,1,0,0,78,True,False,1,13
q3_0005_P3_current_grid_v1_nccp/state=6/planner=q3_active,q3_active,sampled_cert_score,15,105,25,1,0,0,79,True,False,1,13
q3_0005_P3_current_grid_v1_nccp/state=6/planner=q3_active,q3_active,certified_completion_cost,13,78,55,23,0,0,0,False,False,1,1
q3_0005_P3_current_grid_v1_nccp/state=6/planner=q3_active,q3_active,estimated_completion_cost,0,0,0,0,0,0,0,,,0,0
q3_0005_P3_current_grid_v1_nccp/state=7/planner=q3_active,q3_active,D_worst,15,105,90,15,0,0,0,True,True,1,1
q3_0005_P3_current_grid_v1_nccp/state=7/planner=q3_active,q3_active,R_worst,15,105,90,15,0,0,0,True,True,1,1
q3_0005_P3_current_grid_v1_nccp/state=7/planner=q3_active,q3_active,G_worst,15,105,29,10,0,0,66,True,False,1,12
q3_0005_P3_current_grid_v1_nccp/state=7/planner=q3_active,q3_active,sampled_cert_score,15,105,28,10,0,0,67,True,False,1,12
q3_0005_P3_current_grid_v1_nccp/state=7/planner=q3_active,q3_active,certified_completion_cost,12,66,45,21,0,0,0,True,True,1,1
q3_0005_P3_current_grid_v1_nccp/state=7/planner=q3_active,q3_active,estimated_completion_cost,0,0,0,0,0,0,0,,,0,0
q3_0005_P3_current_grid_v1_nccp/state=8/planner=q3_active,q3_active,D_worst,15,105,102,3,0,0,0,True,True,1,1
q3_0005_P3_current_grid_v1_nccp/state=8/planner=q3_active,q3_active,R_worst,15,105,102,3,0,0,0,True,True,1,1
q3_0005_P3_current_grid_v1_nccp/state=8/planner=q3_active,q3_active,G_worst,15,105,102,3,0,0,0,True,True,1,1
q3_0005_P3_current_grid_v1_nccp/state=8/planner=q3_active,q3_active,sampled_cert_score,15,105,72,14,0,0,19,True,True,1,1
q3_0005_P3_current_grid_v1_nccp/state=8/planner=q3_active,q3_active,certified_completion_cost,0,0,0,0,0,0,0,,,0,0
q3_0005_P3_current_grid_v1_nccp/state=8/planner=q3_active,q3_active,estimated_completion_cost,0,0,0,0,0,0,0,,,0,0
q3_0005_P3_current_grid_v1_nccp/state=9/planner=q3_active,q3_active,D_worst,15,105,101,4,0,0,0,True,True,1,1
q3_0005_P3_current_grid_v1_nccp/state=9/planner=q3_active,q3_active,R_worst,15,105,101,4,0,0,0,True,True,1,1
q3_0005_P3_current_grid_v1_nccp/state=9/planner=q3_active,q3_active,G_worst,15,105,101,4,0,0,0,True,True,1,1
q3_0005_P3_current_grid_v1_nccp/state=9/planner=q3_active,q3_active,sampled_cert_score,15,105,87,5,0,0,13,True,False,1,3
q3_0005_P3_current_grid_v1_nccp/state=9/planner=q3_active,q3_active,certified_completion_cost,0,0,0,0,0,0,0,,,0,0
q3_0005_P3_current_grid_v1_nccp/state=9/planner=q3_active,q3_active,estimated_completion_cost,0,0,0,0,0,0,0,,,0,0
q3_0005_P3_current_grid_v1_nccp/state=10/planner=q3_active,q3_active,D_worst,15,105,74,31,0,0,0,True,True,1,1
q3_0005_P3_current_grid_v1_nccp/state=10/planner=q3_active,q3_active,R_worst,15,105,74,31,0,0,0,True,True,1,1
q3_0005_P3_current_grid_v1_nccp/state=10/planner=q3_active,q3_active,G_worst,15,105,26,1,0,0,78,True,False,1,13
q3_0005_P3_current_grid_v1_nccp/state=10/planner=q3_active,q3_active,sampled_cert_score,15,105,26,0,0,0,79,True,False,1,13
q3_0005_P3_current_grid_v1_nccp/state=10/planner=q3_active,q3_active,certified_completion_cost,13,78,36,42,0,0,0,True,True,1,1
q3_0005_P3_current_grid_v1_nccp/state=10/planner=q3_active,q3_active,estimated_completion_cost,0,0,0,0,0,0,0,,,0,0
q3_0005_P3_current_grid_v1_nccp/state=11/planner=q3_active,q3_active,D_worst,15,105,98,7,0,0,0,True,True,1,1
q3_0005_P3_current_grid_v1_nccp/state=11/planner=q3_active,q3_active,R_worst,15,105,98,7,0,0,0,True,True,1,1
q3_0005_P3_current_grid_v1_nccp/state=11/planner=q3_active,q3_active,G_worst,15,105,98,7,0,0,0,True,True,1,1
q3_0005_P3_current_grid_v1_nccp/state=11/planner=q3_active,q3_active,sampled_cert_score,15,105,69,9,0,0,27,True,True,1,1
q3_0005_P3_current_grid_v1_nccp/state=11/planner=q3_active,q3_active,certified_completion_cost,1,0,0,0,0,0,0,True,True,1,1
q3_0005_P3_current_grid_v1_nccp/state=11/planner=q3_active,q3_active,estimated_completion_cost,0,0,0,0,0,0,0,,,0,0
q3_0005_P3_current_grid_v1_nccp/state=12/planner=q3_active,q3_active,D_worst,15,105,96,9,0,0,0,True,True,1,1
q3_0005_P3_current_grid_v1_nccp/state=12/planner=q3_active,q3_active,R_worst,15,105,96,9,0,0,0,True,True,1,1
q3_0005_P3_current_grid_v1_nccp/state=12/planner=q3_active,q3_active,G_worst,15,105,53,7,0,0,45,True,False,1,10
q3_0005_P3_current_grid_v1_nccp/state=12/planner=q3_active,q3_active,sampled_cert_score,15,105,55,4,0,0,46,True,False,1,10
q3_0005_P3_current_grid_v1_nccp/state=12/planner=q3_active,q3_active,certified_completion_cost,10,45,33,11,0,0,1,False,False,1,1
q3_0005_P3_current_grid_v1_nccp/state=12/planner=q3_active,q3_active,estimated_completion_cost,0,0,0,0,0,0,0,,,0,0
q3_0005_P3_current_grid_v1_nccp/state=13/planner=q3_active,q3_active,D_worst,15,105,97,8,0,0,0,True,True,1,1
q3_0005_P3_current_grid_v1_nccp/state=13/planner=q3_active,q3_active,R_worst,15,105,97,8,0,0,0,True,True,1,1
q3_0005_P3_current_grid_v1_nccp/state=13/planner=q3_active,q3_active,G_worst,15,105,24,3,0,0,78,True,False,1,13
q3_0005_P3_current_grid_v1_nccp/state=13/planner=q3_active,q3_active,sampled_cert_score,15,105,24,3,0,0,78,True,False,1,13
q3_0005_P3_current_grid_v1_nccp/state=13/planner=q3_active,q3_active,certified_completion_cost,13,78,59,19,0,0,0,False,False,1,1
q3_0005_P3_current_grid_v1_nccp/state=13/planner=q3_active,q3_active,estimated_completion_cost,0,0,0,0,0,0,0,,,0,0
q3_0005_P3_current_grid_v1_nccp/state=14/planner=q3_active,q3_active,D_worst,15,105,97,7,0,0,1,False,False,1,1
q3_0005_P3_current_grid_v1_nccp/state=14/planner=q3_active,q3_active,R_worst,15,105,97,7,0,0,1,False,False,1,1
q3_0005_P3_current_grid_v1_nccp/state=14/planner=q3_active,q3_active,G_worst,15,105,97,7,0,0,1,False,False,1,1
q3_0005_P3_current_grid_v1_nccp/state=14/planner=q3_active,q3_active,sampled_cert_score,15,105,79,12,0,0,14,True,False,1,2
q3_0005_P3_current_grid_v1_nccp/state=14/planner=q3_active,q3_active,certified_completion_cost,0,0,0,0,0,0,0,,,0,0
q3_0005_P3_current_grid_v1_nccp/state=14/planner=q3_active,q3_active,estimated_completion_cost,0,0,0,0,0,0,0,,,0,0
q3_0006_P3_current_grid_v1/state=0/planner=q3_active,q3_active,D_worst,15,105,102,2,0,0,1,True,True,1,1
q3_0006_P3_current_grid_v1/state=0/planner=q3_active,q3_active,R_worst,15,105,102,2,0,0,1,True,True,1,1
q3_0006_P3_current_grid_v1/state=0/planner=q3_active,q3_active,G_worst,15,105,102,2,0,0,1,True,True,1,1
q3_0006_P3_current_grid_v1/state=0/planner=q3_active,q3_active,sampled_cert_score,15,105,39,34,0,0,32,False,False,1,2
q3_0006_P3_current_grid_v1/state=0/planner=q3_active,q3_active,certified_completion_cost,0,0,0,0,0,0,0,,,0,0
q3_0006_P3_current_grid_v1/state=0/planner=q3_active,q3_active,estimated_completion_cost,0,0,0,0,0,0,0,,,0,0
q3_0006_P3_current_grid_v1/state=1/planner=q3_active,q3_active,D_worst,15,105,101,4,0,0,0,True,True,1,1
q3_0006_P3_current_grid_v1/state=1/planner=q3_active,q3_active,R_worst,15,105,101,4,0,0,0,True,True,1,1
q3_0006_P3_current_grid_v1/state=1/planner=q3_active,q3_active,G_worst,15,105,92,3,0,0,10,True,False,1,5
q3_0006_P3_current_grid_v1/state=1/planner=q3_active,q3_active,sampled_cert_score,15,105,83,7,0,0,15,True,False,1,5
q3_0006_P3_current_grid_v1/state=1/planner=q3_active,q3_active,certified_completion_cost,5,10,3,7,0,0,0,False,False,1,1
q3_0006_P3_current_grid_v1/state=1/planner=q3_active,q3_active,estimated_completion_cost,0,0,0,0,0,0,0,,,0,0
q3_0006_P3_current_grid_v1/state=2/planner=q3_active,q3_active,D_worst,15,105,97,2,0,0,6,True,True,1,1
q3_0006_P3_current_grid_v1/state=2/planner=q3_active,q3_active,R_worst,15,105,97,2,0,0,6,True,True,1,1
q3_0006_P3_current_grid_v1/state=2/planner=q3_active,q3_active,G_worst,15,105,97,2,0,0,6,True,True,1,1
q3_0006_P3_current_grid_v1/state=2/planner=q3_active,q3_active,sampled_cert_score,15,105,58,15,0,0,32,True,False,1,5
q3_0006_P3_current_grid_v1/state=2/planner=q3_active,q3_active,certified_completion_cost,0,0,0,0,0,0,0,,,0,0
q3_0006_P3_current_grid_v1/state=2/planner=q3_active,q3_active,estimated_completion_cost,0,0,0,0,0,0,0,,,0,0
q3_0006_P3_current_grid_v1/state=3/planner=q3_active,q3_active,D_worst,15,105,94,11,0,0,0,True,True,1,1
q3_0006_P3_current_grid_v1/state=3/planner=q3_active,q3_active,R_worst,15,105,94,11,0,0,0,True,True,1,1
q3_0006_P3_current_grid_v1/state=3/planner=q3_active,q3_active,G_worst,15,105,53,7,0,0,45,True,False,1,10
q3_0006_P3_current_grid_v1/state=3/planner=q3_active,q3_active,sampled_cert_score,15,105,51,8,0,0,46,True,False,1,10
q3_0006_P3_current_grid_v1/state=3/planner=q3_active,q3_active,certified_completion_cost,10,45,30,15,0,0,0,False,False,1,1
q3_0006_P3_current_grid_v1/state=3/planner=q3_active,q3_active,estimated_completion_cost,0,0,0,0,0,0,0,,,0,0
q3_0006_P3_current_grid_v1/state=4/planner=q3_active,q3_active,D_worst,15,105,98,1,0,0,6,True,True,1,1
q3_0006_P3_current_grid_v1/state=4/planner=q3_active,q3_active,R_worst,15,105,98,1,0,0,6,True,True,1,1
q3_0006_P3_current_grid_v1/state=4/planner=q3_active,q3_active,G_worst,15,105,98,1,0,0,6,True,True,1,1
q3_0006_P3_current_grid_v1/state=4/planner=q3_active,q3_active,sampled_cert_score,15,105,64,17,0,0,24,True,True,1,1
q3_0006_P3_current_grid_v1/state=4/planner=q3_active,q3_active,certified_completion_cost,0,0,0,0,0,0,0,,,0,0
q3_0006_P3_current_grid_v1/state=4/planner=q3_active,q3_active,estimated_completion_cost,0,0,0,0,0,0,0,,,0,0
q3_0006_P3_current_grid_v1/state=5/planner=q3_active,q3_active,D_worst,15,105,104,1,0,0,0,True,True,1,1
q3_0006_P3_current_grid_v1/state=5/planner=q3_active,q3_active,R_worst,15,105,104,1,0,0,0,True,True,1,1
q3_0006_P3_current_grid_v1/state=5/planner=q3_active,q3_active,G_worst,15,105,59,1,0,0,45,True,False,1,10
q3_0006_P3_current_grid_v1/state=5/planner=q3_active,q3_active,sampled_cert_score,15,105,56,2,0,0,47,True,False,1,10
q3_0006_P3_current_grid_v1/state=5/planner=q3_active,q3_active,certified_completion_cost,10,45,32,13,0,0,0,False,False,1,1
q3_0006_P3_current_grid_v1/state=5/planner=q3_active,q3_active,estimated_completion_cost,0,0,0,0,0,0,0,,,0,0
q3_0006_P3_current_grid_v1/state=6/planner=q3_active,q3_active,D_worst,15,105,67,38,0,0,0,False,False,1,1
q3_0006_P3_current_grid_v1/state=6/planner=q3_active,q3_active,R_worst,15,105,67,38,0,0,0,False,False,1,1
q3_0006_P3_current_grid_v1/state=6/planner=q3_active,q3_active,G_worst,15,105,27,0,0,0,78,True,False,1,13
q3_0006_P3_current_grid_v1/state=6/planner=q3_active,q3_active,sampled_cert_score,15,105,26,0,0,0,79,True,False,1,13
q3_0006_P3_current_grid_v1/state=6/planner=q3_active,q3_active,certified_completion_cost,13,78,29,49,0,0,0,False,False,1,1
q3_0006_P3_current_grid_v1/state=6/planner=q3_active,q3_active,estimated_completion_cost,0,0,0,0,0,0,0,,,0,0
q3_0006_P3_current_grid_v1/state=7/planner=q3_active,q3_active,D_worst,15,105,102,2,0,0,1,True,True,1,1
q3_0006_P3_current_grid_v1/state=7/planner=q3_active,q3_active,R_worst,15,105,102,2,0,0,1,True,True,1,1
q3_0006_P3_current_grid_v1/state=7/planner=q3_active,q3_active,G_worst,15,105,102,2,0,0,1,True,True,1,1
q3_0006_P3_current_grid_v1/state=7/planner=q3_active,q3_active,sampled_cert_score,15,105,51,22,0,0,32,False,False,1,2
q3_0006_P3_current_grid_v1/state=7/planner=q3_active,q3_active,certified_completion_cost,0,0,0,0,0,0,0,,,0,0
q3_0006_P3_current_grid_v1/state=7/planner=q3_active,q3_active,estimated_completion_cost,0,0,0,0,0,0,0,,,0,0
q3_0006_P3_current_grid_v1/state=8/planner=q3_active,q3_active,D_worst,15,105,100,5,0,0,0,False,False,1,1
q3_0006_P3_current_grid_v1/state=8/planner=q3_active,q3_active,R_worst,15,105,99,5,0,0,1,False,False,1,1
q3_0006_P3_current_grid_v1/state=8/planner=q3_active,q3_active,G_worst,15,105,49,1,0,0,55,True,False,1,11
q3_0006_P3_current_grid_v1/state=8/planner=q3_active,q3_active,sampled_cert_score,15,105,47,1,0,0,57,True,False,1,11
q3_0006_P3_current_grid_v1/state=8/planner=q3_active,q3_active,certified_completion_cost,11,55,38,16,0,0,1,False,False,1,1
q3_0006_P3_current_grid_v1/state=8/planner=q3_active,q3_active,estimated_completion_cost,0,0,0,0,0,0,0,,,0,0
q3_0006_P3_current_grid_v1/state=9/planner=q3_active,q3_active,D_worst,15,105,104,1,0,0,0,True,True,1,1
q3_0006_P3_current_grid_v1/state=9/planner=q3_active,q3_active,R_worst,15,105,104,1,0,0,0,True,True,1,1
q3_0006_P3_current_grid_v1/state=9/planner=q3_active,q3_active,G_worst,15,105,104,1,0,0,0,True,True,1,1
q3_0006_P3_current_grid_v1/state=9/planner=q3_active,q3_active,sampled_cert_score,15,105,46,21,0,0,38,False,False,1,1
q3_0006_P3_current_grid_v1/state=9/planner=q3_active,q3_active,certified_completion_cost,0,0,0,0,0,0,0,,,0,0
q3_0006_P3_current_grid_v1/state=9/planner=q3_active,q3_active,estimated_completion_cost,0,0,0,0,0,0,0,,,0,0
q3_0006_P3_current_grid_v1/state=10/planner=q3_active,q3_active,D_worst,15,105,101,3,0,0,1,False,False,1,1
q3_0006_P3_current_grid_v1/state=10/planner=q3_active,q3_active,R_worst,15,105,101,3,0,0,1,False,False,1,1
q3_0006_P3_current_grid_v1/state=10/planner=q3_active,q3_active,G_worst,15,105,101,2,0,0,2,True,False,1,2
q3_0006_P3_current_grid_v1/state=10/planner=q3_active,q3_active,sampled_cert_score,15,105,82,17,0,0,6,True,False,1,2
q3_0006_P3_current_grid_v1/state=10/planner=q3_active,q3_active,certified_completion_cost,2,1,1,0,0,0,0,True,True,1,1
q3_0006_P3_current_grid_v1/state=10/planner=q3_active,q3_active,estimated_completion_cost,0,0,0,0,0,0,0,,,0,0
q3_0006_P3_current_grid_v1/state=11/planner=q3_active,q3_active,D_worst,15,105,97,2,0,0,6,True,True,1,1
q3_0006_P3_current_grid_v1/state=11/planner=q3_active,q3_active,R_worst,15,105,97,2,0,0,6,True,True,1,1
q3_0006_P3_current_grid_v1/state=11/planner=q3_active,q3_active,G_worst,15,105,97,2,0,0,6,True,True,1,1
q3_0006_P3_current_grid_v1/state=11/planner=q3_active,q3_active,sampled_cert_score,15,105,44,33,0,0,28,True,False,1,3
q3_0006_P3_current_grid_v1/state=11/planner=q3_active,q3_active,certified_completion_cost,0,0,0,0,0,0,0,,,0,0
q3_0006_P3_current_grid_v1/state=11/planner=q3_active,q3_active,estimated_completion_cost,0,0,0,0,0,0,0,,,0,0
q3_0006_P3_current_grid_v1/state=12/planner=q3_active,q3_active,D_worst,15,105,95,10,0,0,0,True,True,1,1
q3_0006_P3_current_grid_v1/state=12/planner=q3_active,q3_active,R_worst,15,105,95,10,0,0,0,True,True,1,1
q3_0006_P3_current_grid_v1/state=12/planner=q3_active,q3_active,G_worst,15,105,37,2,0,0,66,True,False,1,12
q3_0006_P3_current_grid_v1/state=12/planner=q3_active,q3_active,sampled_cert_score,15,105,37,1,0,0,67,True,False,1,12
q3_0006_P3_current_grid_v1/state=12/planner=q3_active,q3_active,certified_completion_cost,12,66,40,24,0,0,2,False,False,1,1
q3_0006_P3_current_grid_v1/state=12/planner=q3_active,q3_active,estimated_completion_cost,0,0,0,0,0,0,0,,,0,0
q3_0006_P3_current_grid_v1/state=13/planner=q3_active,q3_active,D_worst,15,105,104,1,0,0,0,True,True,1,1
q3_0006_P3_current_grid_v1/state=13/planner=q3_active,q3_active,R_worst,15,105,104,1,0,0,0,True,True,1,1
q3_0006_P3_current_grid_v1/state=13/planner=q3_active,q3_active,G_worst,15,105,104,1,0,0,0,True,True,1,1
q3_0006_P3_current_grid_v1/state=13/planner=q3_active,q3_active,sampled_cert_score,15,105,71,10,0,0,24,True,True,1,1
q3_0006_P3_current_grid_v1/state=13/planner=q3_active,q3_active,certified_completion_cost,0,0,0,0,0,0,0,,,0,0
q3_0006_P3_current_grid_v1/state=13/planner=q3_active,q3_active,estimated_completion_cost,0,0,0,0,0,0,0,,,0,0
q3_0006_P3_current_grid_v1/state=14/planner=q3_active,q3_active,D_worst,15,105,102,3,0,0,0,True,True,1,1
q3_0006_P3_current_grid_v1/state=14/planner=q3_active,q3_active,R_worst,15,105,102,3,0,0,0,True,True,1,1
q3_0006_P3_current_grid_v1/state=14/planner=q3_active,q3_active,G_worst,15,105,57,3,0,0,45,True,False,1,10
q3_0006_P3_current_grid_v1/state=14/planner=q3_active,q3_active,sampled_cert_score,15,105,55,4,0,0,46,True,False,1,10
q3_0006_P3_current_grid_v1/state=14/planner=q3_active,q3_active,certified_completion_cost,10,45,33,11,0,0,1,False,False,1,1
q3_0006_P3_current_grid_v1/state=14/planner=q3_active,q3_active,estimated_completion_cost,0,0,0,0,0,0,0,,,0,0
q3_0006_P3_current_grid_v1/state=15/planner=q3_active,q3_active,D_worst,15,105,103,1,1,0,0,True,True,1,1
q3_0006_P3_current_grid_v1/state=15/planner=q3_active,q3_active,R_worst,15,105,103,1,1,0,0,True,True,1,1
q3_0006_P3_current_grid_v1/state=15/planner=q3_active,q3_active,G_worst,15,105,103,1,1,0,0,True,True,1,1
q3_0006_P3_current_grid_v1/state=15/planner=q3_active,q3_active,sampled_cert_score,15,105,50,25,1,0,29,True,False,1,2
q3_0006_P3_current_grid_v1/state=15/planner=q3_active,q3_active,certified_completion_cost,0,0,0,0,0,0,0,,,0,0
q3_0006_P3_current_grid_v1/state=15/planner=q3_active,q3_active,estimated_completion_cost,0,0,0,0,0,0,0,,,0,0
q3_0006_P3_current_grid_v1/state=16/planner=q3_active,q3_active,D_worst,15,105,100,5,0,0,0,True,True,1,1
q3_0006_P3_current_grid_v1/state=16/planner=q3_active,q3_active,R_worst,15,105,100,5,0,0,0,True,True,1,1
q3_0006_P3_current_grid_v1/state=16/planner=q3_active,q3_active,G_worst,15,105,66,3,0,0,36,True,False,1,9
q3_0006_P3_current_grid_v1/state=16/planner=q3_active,q3_active,sampled_cert_score,15,105,61,7,0,0,37,True,False,1,9
q3_0006_P3_current_grid_v1/state=16/planner=q3_active,q3_active,certified_completion_cost,9,36,24,12,0,0,0,False,False,1,1
q3_0006_P3_current_grid_v1/state=16/planner=q3_active,q3_active,estimated_completion_cost,0,0,0,0,0,0,0,,,0,0
q3_0006_P3_current_grid_v1/state=17/planner=q3_active,q3_active,D_worst,15,105,104,1,0,0,0,True,True,1,1
q3_0006_P3_current_grid_v1/state=17/planner=q3_active,q3_active,R_worst,15,105,104,1,0,0,0,True,True,1,1
q3_0006_P3_current_grid_v1/state=17/planner=q3_active,q3_active,G_worst,15,105,104,1,0,0,0,True,True,1,1
q3_0006_P3_current_grid_v1/state=17/planner=q3_active,q3_active,sampled_cert_score,15,105,81,12,0,0,12,False,False,1,1
q3_0006_P3_current_grid_v1/state=17/planner=q3_active,q3_active,certified_completion_cost,0,0,0,0,0,0,0,,,0,0
q3_0006_P3_current_grid_v1/state=17/planner=q3_active,q3_active,estimated_completion_cost,0,0,0,0,0,0,0,,,0,0
q3_0006_P3_current_grid_v1/state=18/planner=q3_active,q3_active,D_worst,15,105,102,3,0,0,0,False,False,1,1
q3_0006_P3_current_grid_v1/state=18/planner=q3_active,q3_active,R_worst,15,105,102,3,0,0,0,False,False,1,1
q3_0006_P3_current_grid_v1/state=18/planner=q3_active,q3_active,G_worst,15,105,38,1,0,0,66,True,False,1,12
q3_0006_P3_current_grid_v1/state=18/planner=q3_active,q3_active,sampled_cert_score,15,105,38,1,0,0,66,True,False,1,12
q3_0006_P3_current_grid_v1/state=18/planner=q3_active,q3_active,certified_completion_cost,12,66,54,12,0,0,0,False,False,1,1
q3_0006_P3_current_grid_v1/state=18/planner=q3_active,q3_active,estimated_completion_cost,0,0,0,0,0,0,0,,,0,0
q3_0006_P3_current_grid_v1/state=19/planner=q3_active,q3_active,D_worst,15,105,105,0,0,0,0,True,True,1,1
q3_0006_P3_current_grid_v1/state=19/planner=q3_active,q3_active,R_worst,15,105,105,0,0,0,0,True,True,1,1
q3_0006_P3_current_grid_v1/state=19/planner=q3_active,q3_active,G_worst,15,105,14,0,0,0,91,True,False,1,14
q3_0006_P3_current_grid_v1/state=19/planner=q3_active,q3_active,sampled_cert_score,15,105,14,0,0,0,91,True,False,1,14
q3_0006_P3_current_grid_v1/state=19/planner=q3_active,q3_active,certified_completion_cost,14,91,67,23,0,0,1,False,False,1,1
q3_0006_P3_current_grid_v1/state=19/planner=q3_active,q3_active,estimated_completion_cost,0,0,0,0,0,0,0,,,0,0
q3_0006_P3_current_grid_v1_nccp/state=0/planner=q3_active,q3_active,D_worst,15,105,102,2,0,0,1,True,True,1,1
q3_0006_P3_current_grid_v1_nccp/state=0/planner=q3_active,q3_active,R_worst,15,105,102,2,0,0,1,True,True,1,1
q3_0006_P3_current_grid_v1_nccp/state=0/planner=q3_active,q3_active,G_worst,15,105,102,2,0,0,1,True,True,1,1
q3_0006_P3_current_grid_v1_nccp/state=0/planner=q3_active,q3_active,sampled_cert_score,15,105,39,34,0,0,32,False,False,1,2
q3_0006_P3_current_grid_v1_nccp/state=0/planner=q3_active,q3_active,certified_completion_cost,0,0,0,0,0,0,0,,,0,0
q3_0006_P3_current_grid_v1_nccp/state=0/planner=q3_active,q3_active,estimated_completion_cost,0,0,0,0,0,0,0,,,0,0
q3_0006_P3_current_grid_v1_nccp/state=1/planner=q3_active,q3_active,D_worst,15,105,101,4,0,0,0,True,True,1,1
q3_0006_P3_current_grid_v1_nccp/state=1/planner=q3_active,q3_active,R_worst,15,105,101,4,0,0,0,True,True,1,1
q3_0006_P3_current_grid_v1_nccp/state=1/planner=q3_active,q3_active,G_worst,15,105,92,3,0,0,10,True,False,1,5
q3_0006_P3_current_grid_v1_nccp/state=1/planner=q3_active,q3_active,sampled_cert_score,15,105,83,7,0,0,15,True,False,1,5
q3_0006_P3_current_grid_v1_nccp/state=1/planner=q3_active,q3_active,certified_completion_cost,5,10,3,7,0,0,0,False,False,1,1
q3_0006_P3_current_grid_v1_nccp/state=1/planner=q3_active,q3_active,estimated_completion_cost,0,0,0,0,0,0,0,,,0,0
q3_0006_P3_current_grid_v1_nccp/state=2/planner=q3_active,q3_active,D_worst,15,105,97,2,0,0,6,True,True,1,1
q3_0006_P3_current_grid_v1_nccp/state=2/planner=q3_active,q3_active,R_worst,15,105,97,2,0,0,6,True,True,1,1
q3_0006_P3_current_grid_v1_nccp/state=2/planner=q3_active,q3_active,G_worst,15,105,97,2,0,0,6,True,True,1,1
q3_0006_P3_current_grid_v1_nccp/state=2/planner=q3_active,q3_active,sampled_cert_score,15,105,54,20,0,0,31,True,False,1,6
q3_0006_P3_current_grid_v1_nccp/state=2/planner=q3_active,q3_active,certified_completion_cost,0,0,0,0,0,0,0,,,0,0
q3_0006_P3_current_grid_v1_nccp/state=2/planner=q3_active,q3_active,estimated_completion_cost,0,0,0,0,0,0,0,,,0,0
q3_0006_P3_current_grid_v1_nccp/state=3/planner=q3_active,q3_active,D_worst,15,105,94,11,0,0,0,True,True,1,1
q3_0006_P3_current_grid_v1_nccp/state=3/planner=q3_active,q3_active,R_worst,15,105,94,11,0,0,0,True,True,1,1
q3_0006_P3_current_grid_v1_nccp/state=3/planner=q3_active,q3_active,G_worst,15,105,53,7,0,0,45,True,False,1,10
q3_0006_P3_current_grid_v1_nccp/state=3/planner=q3_active,q3_active,sampled_cert_score,15,105,51,8,0,0,46,True,False,1,10
q3_0006_P3_current_grid_v1_nccp/state=3/planner=q3_active,q3_active,certified_completion_cost,10,45,32,13,0,0,0,False,False,1,1
q3_0006_P3_current_grid_v1_nccp/state=3/planner=q3_active,q3_active,estimated_completion_cost,0,0,0,0,0,0,0,,,0,0
q3_0006_P3_current_grid_v1_nccp/state=4/planner=q3_active,q3_active,D_worst,15,105,98,1,0,0,6,True,True,1,1
q3_0006_P3_current_grid_v1_nccp/state=4/planner=q3_active,q3_active,R_worst,15,105,98,1,0,0,6,True,True,1,1
q3_0006_P3_current_grid_v1_nccp/state=4/planner=q3_active,q3_active,G_worst,15,105,98,1,0,0,6,True,True,1,1
q3_0006_P3_current_grid_v1_nccp/state=4/planner=q3_active,q3_active,sampled_cert_score,15,105,64,17,0,0,24,True,True,1,1
q3_0006_P3_current_grid_v1_nccp/state=4/planner=q3_active,q3_active,certified_completion_cost,0,0,0,0,0,0,0,,,0,0
q3_0006_P3_current_grid_v1_nccp/state=4/planner=q3_active,q3_active,estimated_completion_cost,0,0,0,0,0,0,0,,,0,0
q3_0006_P3_current_grid_v1_nccp/state=5/planner=q3_active,q3_active,D_worst,15,105,104,1,0,0,0,True,True,1,1
q3_0006_P3_current_grid_v1_nccp/state=5/planner=q3_active,q3_active,R_worst,15,105,104,1,0,0,0,True,True,1,1
q3_0006_P3_current_grid_v1_nccp/state=5/planner=q3_active,q3_active,G_worst,15,105,59,1,0,0,45,True,False,1,10
q3_0006_P3_current_grid_v1_nccp/state=5/planner=q3_active,q3_active,sampled_cert_score,15,105,56,2,0,0,47,True,False,1,10
q3_0006_P3_current_grid_v1_nccp/state=5/planner=q3_active,q3_active,certified_completion_cost,10,45,32,13,0,0,0,False,False,1,1
q3_0006_P3_current_grid_v1_nccp/state=5/planner=q3_active,q3_active,estimated_completion_cost,0,0,0,0,0,0,0,,,0,0
q3_0006_P3_current_grid_v1_nccp/state=6/planner=q3_active,q3_active,D_worst,15,105,67,38,0,0,0,False,False,1,1
q3_0006_P3_current_grid_v1_nccp/state=6/planner=q3_active,q3_active,R_worst,15,105,67,38,0,0,0,False,False,1,1
q3_0006_P3_current_grid_v1_nccp/state=6/planner=q3_active,q3_active,G_worst,15,105,27,0,0,0,78,True,False,1,13
q3_0006_P3_current_grid_v1_nccp/state=6/planner=q3_active,q3_active,sampled_cert_score,15,105,26,0,0,0,79,True,False,1,13
q3_0006_P3_current_grid_v1_nccp/state=6/planner=q3_active,q3_active,certified_completion_cost,13,78,29,49,0,0,0,False,False,1,1
q3_0006_P3_current_grid_v1_nccp/state=6/planner=q3_active,q3_active,estimated_completion_cost,0,0,0,0,0,0,0,,,0,0
q3_0006_P3_current_grid_v1_nccp/state=7/planner=q3_active,q3_active,D_worst,15,105,98,1,0,0,6,True,True,1,1
q3_0006_P3_current_grid_v1_nccp/state=7/planner=q3_active,q3_active,R_worst,15,105,98,1,0,0,6,True,True,1,1
q3_0006_P3_current_grid_v1_nccp/state=7/planner=q3_active,q3_active,G_worst,15,105,98,1,0,0,6,True,True,1,1
q3_0006_P3_current_grid_v1_nccp/state=7/planner=q3_active,q3_active,sampled_cert_score,15,105,36,34,0,0,35,False,False,1,1
q3_0006_P3_current_grid_v1_nccp/state=7/planner=q3_active,q3_active,certified_completion_cost,0,0,0,0,0,0,0,,,0,0
q3_0006_P3_current_grid_v1_nccp/state=7/planner=q3_active,q3_active,estimated_completion_cost,0,0,0,0,0,0,0,,,0,0
q3_0006_P3_current_grid_v1_nccp/state=8/planner=q3_active,q3_active,D_worst,15,105,97,8,0,0,0,True,True,1,1
q3_0006_P3_current_grid_v1_nccp/state=8/planner=q3_active,q3_active,R_worst,15,105,97,8,0,0,0,True,True,1,1
q3_0006_P3_current_grid_v1_nccp/state=8/planner=q3_active,q3_active,G_worst,15,105,62,7,0,0,36,True,False,1,9
q3_0006_P3_current_grid_v1_nccp/state=8/planner=q3_active,q3_active,sampled_cert_score,15,105,56,9,0,0,40,True,False,1,9
q3_0006_P3_current_grid_v1_nccp/state=8/planner=q3_active,q3_active,certified_completion_cost,9,36,29,6,0,0,1,False,False,1,2
q3_0006_P3_current_grid_v1_nccp/state=8/planner=q3_active,q3_active,estimated_completion_cost,0,0,0,0,0,0,0,,,0,0
q3_0006_P3_current_grid_v1_nccp/state=9/planner=q3_active,q3_active,D_worst,15,105,76,29,0,0,0,False,False,1,1
q3_0006_P3_current_grid_v1_nccp/state=9/planner=q3_active,q3_active,R_worst,15,105,76,29,0,0,0,False,False,1,1
q3_0006_P3_current_grid_v1_nccp/state=9/planner=q3_active,q3_active,G_worst,15,105,0,0,0,0,105,True,False,1,15
q3_0006_P3_current_grid_v1_nccp/state=9/planner=q3_active,q3_active,sampled_cert_score,15,105,0,0,0,0,105,True,False,1,15
q3_0006_P3_current_grid_v1_nccp/state=9/planner=q3_active,q3_active,certified_completion_cost,15,105,45,60,0,0,0,False,False,1,1
q3_0006_P3_current_grid_v1_nccp/state=9/planner=q3_active,q3_active,estimated_completion_cost,0,0,0,0,0,0,0,,,0,0
q3_0006_P3_current_grid_v1_nccp/state=10/planner=q3_active,q3_active,D_worst,15,105,103,2,0,0,0,True,True,1,1
q3_0006_P3_current_grid_v1_nccp/state=10/planner=q3_active,q3_active,R_worst,15,105,103,2,0,0,0,True,True,1,1
q3_0006_P3_current_grid_v1_nccp/state=10/planner=q3_active,q3_active,G_worst,15,105,89,1,0,0,15,True,False,1,6
q3_0006_P3_current_grid_v1_nccp/state=10/planner=q3_active,q3_active,sampled_cert_score,15,105,80,9,0,0,16,True,False,1,6
q3_0006_P3_current_grid_v1_nccp/state=10/planner=q3_active,q3_active,certified_completion_cost,6,15,9,6,0,0,0,False,False,1,1
q3_0006_P3_current_grid_v1_nccp/state=10/planner=q3_active,q3_active,estimated_completion_cost,0,0,0,0,0,0,0,,,0,0
q3_0006_P3_current_grid_v1_nccp/state=11/planner=q3_active,q3_active,D_worst,15,105,75,30,0,0,0,False,False,1,1
q3_0006_P3_current_grid_v1_nccp/state=11/planner=q3_active,q3_active,R_worst,15,105,75,30,0,0,0,False,False,1,1
q3_0006_P3_current_grid_v1_nccp/state=11/planner=q3_active,q3_active,G_worst,15,105,27,23,0,0,55,False,False,1,11
q3_0006_P3_current_grid_v1_nccp/state=11/planner=q3_active,q3_active,sampled_cert_score,15,105,26,22,0,0,57,False,False,1,11
q3_0006_P3_current_grid_v1_nccp/state=11/planner=q3_active,q3_active,certified_completion_cost,11,55,14,40,0,0,1,True,True,1,1
q3_0006_P3_current_grid_v1_nccp/state=11/planner=q3_active,q3_active,estimated_completion_cost,0,0,0,0,0,0,0,,,0,0
q3_0006_P3_current_grid_v1_nccp/state=12/planner=q3_active,q3_active,D_worst,15,105,99,0,0,0,6,True,True,1,1
q3_0006_P3_current_grid_v1_nccp/state=12/planner=q3_active,q3_active,R_worst,15,105,99,0,0,0,6,True,True,1,1
q3_0006_P3_current_grid_v1_nccp/state=12/planner=q3_active,q3_active,G_worst,15,105,99,0,0,0,6,True,True,1,1
q3_0006_P3_current_grid_v1_nccp/state=12/planner=q3_active,q3_active,sampled_cert_score,15,105,50,25,0,0,30,True,False,1,2
q3_0006_P3_current_grid_v1_nccp/state=12/planner=q3_active,q3_active,certified_completion_cost,0,0,0,0,0,0,0,,,0,0
q3_0006_P3_current_grid_v1_nccp/state=12/planner=q3_active,q3_active,estimated_completion_cost,0,0,0,0,0,0,0,,,0,0
q3_0006_P3_current_grid_v1_nccp/state=13/planner=q3_active,q3_active,D_worst,15,105,100,5,0,0,0,True,True,1,1
q3_0006_P3_current_grid_v1_nccp/state=13/planner=q3_active,q3_active,R_worst,15,105,100,5,0,0,0,True,True,1,1
q3_0006_P3_current_grid_v1_nccp/state=13/planner=q3_active,q3_active,G_worst,15,105,66,3,0,0,36,True,False,1,9
q3_0006_P3_current_grid_v1_nccp/state=13/planner=q3_active,q3_active,sampled_cert_score,15,105,61,7,0,0,37,True,False,1,9
q3_0006_P3_current_grid_v1_nccp/state=13/planner=q3_active,q3_active,certified_completion_cost,9,36,24,12,0,0,0,False,False,1,1
q3_0006_P3_current_grid_v1_nccp/state=13/planner=q3_active,q3_active,estimated_completion_cost,0,0,0,0,0,0,0,,,0,0
q3_0006_P3_current_grid_v1_nccp/state=14/planner=q3_active,q3_active,D_worst,15,105,104,1,0,0,0,True,True,1,1
q3_0006_P3_current_grid_v1_nccp/state=14/planner=q3_active,q3_active,R_worst,15,105,104,1,0,0,0,True,True,1,1
q3_0006_P3_current_grid_v1_nccp/state=14/planner=q3_active,q3_active,G_worst,15,105,104,1,0,0,0,True,True,1,1
q3_0006_P3_current_grid_v1_nccp/state=14/planner=q3_active,q3_active,sampled_cert_score,15,105,81,12,0,0,12,False,False,1,1
q3_0006_P3_current_grid_v1_nccp/state=14/planner=q3_active,q3_active,certified_completion_cost,0,0,0,0,0,0,0,,,0,0
q3_0006_P3_current_grid_v1_nccp/state=14/planner=q3_active,q3_active,estimated_completion_cost,0,0,0,0,0,0,0,,,0,0
q3_0006_P3_current_grid_v1_nccp/state=15/planner=q3_active,q3_active,D_worst,15,105,102,3,0,0,0,False,False,1,1
q3_0006_P3_current_grid_v1_nccp/state=15/planner=q3_active,q3_active,R_worst,15,105,102,3,0,0,0,False,False,1,1
q3_0006_P3_current_grid_v1_nccp/state=15/planner=q3_active,q3_active,G_worst,15,105,38,1,0,0,66,True,False,1,12
q3_0006_P3_current_grid_v1_nccp/state=15/planner=q3_active,q3_active,sampled_cert_score,15,105,38,1,0,0,66,True,False,1,12
q3_0006_P3_current_grid_v1_nccp/state=15/planner=q3_active,q3_active,certified_completion_cost,12,66,54,12,0,0,0,False,False,1,1
q3_0006_P3_current_grid_v1_nccp/state=15/planner=q3_active,q3_active,estimated_completion_cost,0,0,0,0,0,0,0,,,0,0
q3_0006_P3_current_grid_v1_nccp/state=16/planner=q3_active,q3_active,D_worst,15,105,105,0,0,0,0,True,True,1,1
q3_0006_P3_current_grid_v1_nccp/state=16/planner=q3_active,q3_active,R_worst,15,105,105,0,0,0,0,True,True,1,1
q3_0006_P3_current_grid_v1_nccp/state=16/planner=q3_active,q3_active,G_worst,15,105,14,0,0,0,91,True,False,1,14
q3_0006_P3_current_grid_v1_nccp/state=16/planner=q3_active,q3_active,sampled_cert_score,15,105,14,0,0,0,91,True,False,1,14
q3_0006_P3_current_grid_v1_nccp/state=16/planner=q3_active,q3_active,certified_completion_cost,14,91,67,23,0,0,1,False,False,1,1
q3_0006_P3_current_grid_v1_nccp/state=16/planner=q3_active,q3_active,estimated_completion_cost,0,0,0,0,0,0,0,,,0,0
q3_0007_P3_current_grid_v1/state=0/planner=q3_active,q3_active,D_worst,15,105,99,0,0,0,6,True,True,1,1
q3_0007_P3_current_grid_v1/state=0/planner=q3_active,q3_active,R_worst,15,105,99,0,0,0,6,True,True,1,1
q3_0007_P3_current_grid_v1/state=0/planner=q3_active,q3_active,G_worst,15,105,99,0,0,0,6,True,True,1,1
q3_0007_P3_current_grid_v1/state=0/planner=q3_active,q3_active,sampled_cert_score,15,105,30,32,0,0,43,True,False,1,9
q3_0007_P3_current_grid_v1/state=0/planner=q3_active,q3_active,certified_completion_cost,0,0,0,0,0,0,0,,,0,0
q3_0007_P3_current_grid_v1/state=0/planner=q3_active,q3_active,estimated_completion_cost,0,0,0,0,0,0,0,,,0,0
q3_0007_P3_current_grid_v1/state=1/planner=q3_active,q3_active,D_worst,15,105,101,4,0,0,0,True,True,1,1
q3_0007_P3_current_grid_v1/state=1/planner=q3_active,q3_active,R_worst,15,105,101,4,0,0,0,True,True,1,1
q3_0007_P3_current_grid_v1/state=1/planner=q3_active,q3_active,G_worst,15,105,101,4,0,0,0,True,True,1,1
q3_0007_P3_current_grid_v1/state=1/planner=q3_active,q3_active,sampled_cert_score,15,105,66,16,0,0,23,False,False,1,2
q3_0007_P3_current_grid_v1/state=1/planner=q3_active,q3_active,certified_completion_cost,0,0,0,0,0,0,0,,,0,0
q3_0007_P3_current_grid_v1/state=1/planner=q3_active,q3_active,estimated_completion_cost,0,0,0,0,0,0,0,,,0,0
q3_0007_P3_current_grid_v1/state=2/planner=q3_active,q3_active,D_worst,15,105,100,5,0,0,0,True,True,1,1
q3_0007_P3_current_grid_v1/state=2/planner=q3_active,q3_active,R_worst,15,105,100,5,0,0,0,True,True,1,1
q3_0007_P3_current_grid_v1/state=2/planner=q3_active,q3_active,G_worst,15,105,99,5,0,0,1,True,False,1,2
q3_0007_P3_current_grid_v1/state=2/planner=q3_active,q3_active,sampled_cert_score,15,105,89,10,0,0,6,True,False,1,2
q3_0007_P3_current_grid_v1/state=2/planner=q3_active,q3_active,certified_completion_cost,2,1,1,0,0,0,0,True,True,1,1
q3_0007_P3_current_grid_v1/state=2/planner=q3_active,q3_active,estimated_completion_cost,0,0,0,0,0,0,0,,,0,0
q3_0007_P3_current_grid_v1/state=3/planner=q3_active,q3_active,D_worst,15,105,97,8,0,0,0,False,False,1,1
q3_0007_P3_current_grid_v1/state=3/planner=q3_active,q3_active,R_worst,15,105,97,8,0,0,0,False,False,1,1
q3_0007_P3_current_grid_v1/state=3/planner=q3_active,q3_active,G_worst,15,105,64,5,0,0,36,True,False,1,9
q3_0007_P3_current_grid_v1/state=3/planner=q3_active,q3_active,sampled_cert_score,15,105,55,8,0,0,42,True,False,1,9
q3_0007_P3_current_grid_v1/state=3/planner=q3_active,q3_active,certified_completion_cost,9,36,22,14,0,0,0,False,False,1,1
q3_0007_P3_current_grid_v1/state=3/planner=q3_active,q3_active,estimated_completion_cost,0,0,0,0,0,0,0,,,0,0
q3_0007_P3_current_grid_v1/state=4/planner=q3_active,q3_active,D_worst,15,105,103,1,0,0,1,True,True,1,1
q3_0007_P3_current_grid_v1/state=4/planner=q3_active,q3_active,R_worst,15,105,103,1,0,0,1,True,True,1,1
q3_0007_P3_current_grid_v1/state=4/planner=q3_active,q3_active,G_worst,15,105,103,1,0,0,1,True,True,1,1
q3_0007_P3_current_grid_v1/state=4/planner=q3_active,q3_active,sampled_cert_score,15,105,49,17,0,0,39,False,False,1,1
q3_0007_P3_current_grid_v1/state=4/planner=q3_active,q3_active,certified_completion_cost,0,0,0,0,0,0,0,,,0,0
q3_0007_P3_current_grid_v1/state=4/planner=q3_active,q3_active,estimated_completion_cost,0,0,0,0,0,0,0,,,0,0
q3_0007_P3_current_grid_v1/state=5/planner=q3_active,q3_active,D_worst,15,105,103,2,0,0,0,True,True,1,1
q3_0007_P3_current_grid_v1/state=5/planner=q3_active,q3_active,R_worst,15,105,103,2,0,0,0,True,True,1,1
q3_0007_P3_current_grid_v1/state=5/planner=q3_active,q3_active,G_worst,15,105,83,1,0,0,21,True,False,1,7
q3_0007_P3_current_grid_v1/state=5/planner=q3_active,q3_active,sampled_cert_score,15,105,77,3,0,0,25,True,False,1,7
q3_0007_P3_current_grid_v1/state=5/planner=q3_active,q3_active,certified_completion_cost,7,21,11,10,0,0,0,False,False,1,1
q3_0007_P3_current_grid_v1/state=5/planner=q3_active,q3_active,estimated_completion_cost,0,0,0,0,0,0,0,,,0,0
q3_0007_P3_current_grid_v1/state=6/planner=q3_active,q3_active,D_worst,15,105,101,4,0,0,0,True,True,1,1
q3_0007_P3_current_grid_v1/state=6/planner=q3_active,q3_active,R_worst,15,105,101,4,0,0,0,True,True,1,1
q3_0007_P3_current_grid_v1/state=6/planner=q3_active,q3_active,G_worst,15,105,87,3,0,0,15,True,False,1,6
q3_0007_P3_current_grid_v1/state=6/planner=q3_active,q3_active,sampled_cert_score,15,105,77,11,0,0,17,True,False,1,6
q3_0007_P3_current_grid_v1/state=6/planner=q3_active,q3_active,certified_completion_cost,6,15,9,6,0,0,0,True,True,1,1
q3_0007_P3_current_grid_v1/state=6/planner=q3_active,q3_active,estimated_completion_cost,0,0,0,0,0,0,0,,,0,0
q3_0007_P3_current_grid_v1/state=7/planner=q3_active,q3_active,D_worst,15,105,85,19,0,0,1,False,False,1,1
q3_0007_P3_current_grid_v1/state=7/planner=q3_active,q3_active,R_worst,15,105,85,19,0,0,1,False,False,1,1
q3_0007_P3_current_grid_v1/state=7/planner=q3_active,q3_active,G_worst,15,105,0,0,0,0,105,True,False,1,15
q3_0007_P3_current_grid_v1/state=7/planner=q3_active,q3_active,sampled_cert_score,15,105,0,0,0,0,105,True,False,1,15
q3_0007_P3_current_grid_v1/state=7/planner=q3_active,q3_active,certified_completion_cost,15,105,42,63,0,0,0,False,False,1,1
q3_0007_P3_current_grid_v1/state=7/planner=q3_active,q3_active,estimated_completion_cost,0,0,0,0,0,0,0,,,0,0
q3_0007_P3_current_grid_v1/state=8/planner=q3_active,q3_active,D_worst,15,105,101,4,0,0,0,True,True,1,1
q3_0007_P3_current_grid_v1/state=8/planner=q3_active,q3_active,R_worst,15,105,101,4,0,0,0,True,True,1,1
q3_0007_P3_current_grid_v1/state=8/planner=q3_active,q3_active,G_worst,15,105,101,4,0,0,0,True,True,1,1
q3_0007_P3_current_grid_v1/state=8/planner=q3_active,q3_active,sampled_cert_score,15,105,85,6,0,0,14,False,False,1,2
q3_0007_P3_current_grid_v1/state=8/planner=q3_active,q3_active,certified_completion_cost,0,0,0,0,0,0,0,,,0,0
q3_0007_P3_current_grid_v1/state=8/planner=q3_active,q3_active,estimated_completion_cost,0,0,0,0,0,0,0,,,0,0
q3_0007_P3_current_grid_v1/state=9/planner=q3_active,q3_active,D_worst,15,105,101,3,0,0,1,True,True,1,1
q3_0007_P3_current_grid_v1/state=9/planner=q3_active,q3_active,R_worst,15,105,101,3,0,0,1,True,True,1,1
q3_0007_P3_current_grid_v1/state=9/planner=q3_active,q3_active,G_worst,15,105,101,3,0,0,1,True,True,1,1
q3_0007_P3_current_grid_v1/state=9/planner=q3_active,q3_active,sampled_cert_score,15,105,37,25,0,0,43,True,False,1,8
q3_0007_P3_current_grid_v1/state=9/planner=q3_active,q3_active,certified_completion_cost,0,0,0,0,0,0,0,,,0,0
q3_0007_P3_current_grid_v1/state=9/planner=q3_active,q3_active,estimated_completion_cost,0,0,0,0,0,0,0,,,0,0
q3_0007_P3_current_grid_v1/state=10/planner=q3_active,q3_active,D_worst,15,105,63,42,0,0,0,False,False,1,1
q3_0007_P3_current_grid_v1/state=10/planner=q3_active,q3_active,R_worst,15,105,63,42,0,0,0,False,False,1,1
q3_0007_P3_current_grid_v1/state=10/planner=q3_active,q3_active,G_worst,15,105,0,0,0,0,105,True,False,1,15
q3_0007_P3_current_grid_v1/state=10/planner=q3_active,q3_active,sampled_cert_score,15,105,0,0,0,0,105,True,False,1,15
q3_0007_P3_current_grid_v1/state=10/planner=q3_active,q3_active,certified_completion_cost,15,105,37,67,0,0,1,False,False,1,1
q3_0007_P3_current_grid_v1/state=10/planner=q3_active,q3_active,estimated_completion_cost,0,0,0,0,0,0,0,,,0,0
q3_0007_P3_current_grid_v1/state=11/planner=q3_active,q3_active,D_worst,15,105,102,2,0,0,1,True,True,1,1
q3_0007_P3_current_grid_v1/state=11/planner=q3_active,q3_active,R_worst,15,105,102,2,0,0,1,True,True,1,1
q3_0007_P3_current_grid_v1/state=11/planner=q3_active,q3_active,G_worst,15,105,102,2,0,0,1,True,True,1,1
q3_0007_P3_current_grid_v1/state=11/planner=q3_active,q3_active,sampled_cert_score,15,105,87,10,0,0,8,True,True,1,1
q3_0007_P3_current_grid_v1/state=11/planner=q3_active,q3_active,certified_completion_cost,0,0,0,0,0,0,0,,,0,0
q3_0007_P3_current_grid_v1/state=11/planner=q3_active,q3_active,estimated_completion_cost,0,0,0,0,0,0,0,,,0,0
q3_0007_P3_current_grid_v1/state=12/planner=q3_active,q3_active,D_worst,15,105,103,2,0,0,0,True,True,1,1
q3_0007_P3_current_grid_v1/state=12/planner=q3_active,q3_active,R_worst,15,105,103,2,0,0,0,True,True,1,1
q3_0007_P3_current_grid_v1/state=12/planner=q3_active,q3_active,G_worst,15,105,48,2,0,0,55,True,False,1,11
q3_0007_P3_current_grid_v1/state=12/planner=q3_active,q3_active,sampled_cert_score,15,105,48,2,0,0,55,True,False,1,11
q3_0007_P3_current_grid_v1/state=12/planner=q3_active,q3_active,certified_completion_cost,11,55,44,10,0,0,1,False,False,1,1
q3_0007_P3_current_grid_v1/state=12/planner=q3_active,q3_active,estimated_completion_cost,0,0,0,0,0,0,0,,,0,0
q3_0007_P3_current_grid_v1_nccp/state=0/planner=q3_active,q3_active,D_worst,15,105,99,0,0,0,6,True,True,1,1
q3_0007_P3_current_grid_v1_nccp/state=0/planner=q3_active,q3_active,R_worst,15,105,99,0,0,0,6,True,True,1,1
q3_0007_P3_current_grid_v1_nccp/state=0/planner=q3_active,q3_active,G_worst,15,105,99,0,0,0,6,True,True,1,1
q3_0007_P3_current_grid_v1_nccp/state=0/planner=q3_active,q3_active,sampled_cert_score,15,105,30,32,0,0,43,True,False,1,9
q3_0007_P3_current_grid_v1_nccp/state=0/planner=q3_active,q3_active,certified_completion_cost,0,0,0,0,0,0,0,,,0,0
q3_0007_P3_current_grid_v1_nccp/state=0/planner=q3_active,q3_active,estimated_completion_cost,0,0,0,0,0,0,0,,,0,0
q3_0007_P3_current_grid_v1_nccp/state=1/planner=q3_active,q3_active,D_worst,15,105,101,4,0,0,0,True,True,1,1
q3_0007_P3_current_grid_v1_nccp/state=1/planner=q3_active,q3_active,R_worst,15,105,101,4,0,0,0,True,True,1,1
q3_0007_P3_current_grid_v1_nccp/state=1/planner=q3_active,q3_active,G_worst,15,105,101,4,0,0,0,True,True,1,1
q3_0007_P3_current_grid_v1_nccp/state=1/planner=q3_active,q3_active,sampled_cert_score,15,105,66,16,0,0,23,False,False,1,2
q3_0007_P3_current_grid_v1_nccp/state=1/planner=q3_active,q3_active,certified_completion_cost,0,0,0,0,0,0,0,,,0,0
q3_0007_P3_current_grid_v1_nccp/state=1/planner=q3_active,q3_active,estimated_completion_cost,0,0,0,0,0,0,0,,,0,0
q3_0007_P3_current_grid_v1_nccp/state=2/planner=q3_active,q3_active,D_worst,15,105,99,6,0,0,0,True,True,1,1
q3_0007_P3_current_grid_v1_nccp/state=2/planner=q3_active,q3_active,R_worst,15,105,99,6,0,0,0,True,True,1,1
q3_0007_P3_current_grid_v1_nccp/state=2/planner=q3_active,q3_active,G_worst,15,105,98,6,0,0,1,True,False,1,2
q3_0007_P3_current_grid_v1_nccp/state=2/planner=q3_active,q3_active,sampled_cert_score,15,105,89,10,0,0,6,True,False,1,2
q3_0007_P3_current_grid_v1_nccp/state=2/planner=q3_active,q3_active,certified_completion_cost,2,1,1,0,0,0,0,True,True,1,1
q3_0007_P3_current_grid_v1_nccp/state=2/planner=q3_active,q3_active,estimated_completion_cost,0,0,0,0,0,0,0,,,0,0
q3_0007_P3_current_grid_v1_nccp/state=3/planner=q3_active,q3_active,D_worst,15,105,97,8,0,0,0,False,False,1,1
q3_0007_P3_current_grid_v1_nccp/state=3/planner=q3_active,q3_active,R_worst,15,105,97,8,0,0,0,False,False,1,1
q3_0007_P3_current_grid_v1_nccp/state=3/planner=q3_active,q3_active,G_worst,15,105,64,5,0,0,36,True,False,1,9
q3_0007_P3_current_grid_v1_nccp/state=3/planner=q3_active,q3_active,sampled_cert_score,15,105,55,8,0,0,42,True,False,1,9
q3_0007_P3_current_grid_v1_nccp/state=3/planner=q3_active,q3_active,certified_completion_cost,9,36,22,14,0,0,0,False,False,1,1
q3_0007_P3_current_grid_v1_nccp/state=3/planner=q3_active,q3_active,estimated_completion_cost,0,0,0,0,0,0,0,,,0,0
q3_0007_P3_current_grid_v1_nccp/state=4/planner=q3_active,q3_active,D_worst,15,105,103,1,0,0,1,True,True,1,1
q3_0007_P3_current_grid_v1_nccp/state=4/planner=q3_active,q3_active,R_worst,15,105,103,1,0,0,1,True,True,1,1
q3_0007_P3_current_grid_v1_nccp/state=4/planner=q3_active,q3_active,G_worst,15,105,103,1,0,0,1,True,True,1,1
q3_0007_P3_current_grid_v1_nccp/state=4/planner=q3_active,q3_active,sampled_cert_score,15,105,49,17,0,0,39,False,False,1,1
q3_0007_P3_current_grid_v1_nccp/state=4/planner=q3_active,q3_active,certified_completion_cost,0,0,0,0,0,0,0,,,0,0
q3_0007_P3_current_grid_v1_nccp/state=4/planner=q3_active,q3_active,estimated_completion_cost,0,0,0,0,0,0,0,,,0,0
q3_0007_P3_current_grid_v1_nccp/state=5/planner=q3_active,q3_active,D_worst,15,105,103,2,0,0,0,True,True,1,1
q3_0007_P3_current_grid_v1_nccp/state=5/planner=q3_active,q3_active,R_worst,15,105,103,2,0,0,0,True,True,1,1
q3_0007_P3_current_grid_v1_nccp/state=5/planner=q3_active,q3_active,G_worst,15,105,83,1,0,0,21,True,False,1,7
q3_0007_P3_current_grid_v1_nccp/state=5/planner=q3_active,q3_active,sampled_cert_score,15,105,77,3,0,0,25,True,False,1,7
q3_0007_P3_current_grid_v1_nccp/state=5/planner=q3_active,q3_active,certified_completion_cost,7,21,11,10,0,0,0,False,False,1,1
q3_0007_P3_current_grid_v1_nccp/state=5/planner=q3_active,q3_active,estimated_completion_cost,0,0,0,0,0,0,0,,,0,0
q3_0007_P3_current_grid_v1_nccp/state=6/planner=q3_active,q3_active,D_worst,15,105,101,4,0,0,0,True,True,1,1
q3_0007_P3_current_grid_v1_nccp/state=6/planner=q3_active,q3_active,R_worst,15,105,101,4,0,0,0,True,True,1,1
q3_0007_P3_current_grid_v1_nccp/state=6/planner=q3_active,q3_active,G_worst,15,105,87,3,0,0,15,True,False,1,6
q3_0007_P3_current_grid_v1_nccp/state=6/planner=q3_active,q3_active,sampled_cert_score,15,105,77,11,0,0,17,True,False,1,6
q3_0007_P3_current_grid_v1_nccp/state=6/planner=q3_active,q3_active,certified_completion_cost,6,15,9,6,0,0,0,True,True,1,1
q3_0007_P3_current_grid_v1_nccp/state=6/planner=q3_active,q3_active,estimated_completion_cost,0,0,0,0,0,0,0,,,0,0
q3_0007_P3_current_grid_v1_nccp/state=7/planner=q3_active,q3_active,D_worst,15,105,85,19,0,0,1,False,False,1,1
q3_0007_P3_current_grid_v1_nccp/state=7/planner=q3_active,q3_active,R_worst,15,105,85,19,0,0,1,False,False,1,1
q3_0007_P3_current_grid_v1_nccp/state=7/planner=q3_active,q3_active,G_worst,15,105,0,0,0,0,105,True,False,1,15
q3_0007_P3_current_grid_v1_nccp/state=7/planner=q3_active,q3_active,sampled_cert_score,15,105,0,0,0,0,105,True,False,1,15
q3_0007_P3_current_grid_v1_nccp/state=7/planner=q3_active,q3_active,certified_completion_cost,15,105,42,63,0,0,0,False,False,1,1
q3_0007_P3_current_grid_v1_nccp/state=7/planner=q3_active,q3_active,estimated_completion_cost,0,0,0,0,0,0,0,,,0,0
q3_0007_P3_current_grid_v1_nccp/state=8/planner=q3_active,q3_active,D_worst,15,105,101,4,0,0,0,True,True,1,1
q3_0007_P3_current_grid_v1_nccp/state=8/planner=q3_active,q3_active,R_worst,15,105,101,4,0,0,0,True,True,1,1
q3_0007_P3_current_grid_v1_nccp/state=8/planner=q3_active,q3_active,G_worst,15,105,101,4,0,0,0,True,True,1,1
q3_0007_P3_current_grid_v1_nccp/state=8/planner=q3_active,q3_active,sampled_cert_score,15,105,85,6,0,0,14,False,False,1,2
q3_0007_P3_current_grid_v1_nccp/state=8/planner=q3_active,q3_active,certified_completion_cost,0,0,0,0,0,0,0,,,0,0
q3_0007_P3_current_grid_v1_nccp/state=8/planner=q3_active,q3_active,estimated_completion_cost,0,0,0,0,0,0,0,,,0,0
q3_0007_P3_current_grid_v1_nccp/state=9/planner=q3_active,q3_active,D_worst,15,105,101,3,0,0,1,True,True,1,1
q3_0007_P3_current_grid_v1_nccp/state=9/planner=q3_active,q3_active,R_worst,15,105,101,3,0,0,1,True,True,1,1
q3_0007_P3_current_grid_v1_nccp/state=9/planner=q3_active,q3_active,G_worst,15,105,101,3,0,0,1,True,True,1,1
q3_0007_P3_current_grid_v1_nccp/state=9/planner=q3_active,q3_active,sampled_cert_score,15,105,37,25,0,0,43,True,False,1,8
q3_0007_P3_current_grid_v1_nccp/state=9/planner=q3_active,q3_active,certified_completion_cost,0,0,0,0,0,0,0,,,0,0
q3_0007_P3_current_grid_v1_nccp/state=9/planner=q3_active,q3_active,estimated_completion_cost,0,0,0,0,0,0,0,,,0,0
q3_0007_P3_current_grid_v1_nccp/state=10/planner=q3_active,q3_active,D_worst,15,105,63,42,0,0,0,False,False,1,1
q3_0007_P3_current_grid_v1_nccp/state=10/planner=q3_active,q3_active,R_worst,15,105,63,42,0,0,0,False,False,1,1
q3_0007_P3_current_grid_v1_nccp/state=10/planner=q3_active,q3_active,G_worst,15,105,0,0,0,0,105,True,False,1,15
q3_0007_P3_current_grid_v1_nccp/state=10/planner=q3_active,q3_active,sampled_cert_score,15,105,0,0,0,0,105,True,False,1,15
q3_0007_P3_current_grid_v1_nccp/state=10/planner=q3_active,q3_active,certified_completion_cost,15,105,37,67,0,0,1,False,False,1,1
q3_0007_P3_current_grid_v1_nccp/state=10/planner=q3_active,q3_active,estimated_completion_cost,0,0,0,0,0,0,0,,,0,0
q3_0007_P3_current_grid_v1_nccp/state=11/planner=q3_active,q3_active,D_worst,15,105,102,2,0,0,1,True,True,1,1
q3_0007_P3_current_grid_v1_nccp/state=11/planner=q3_active,q3_active,R_worst,15,105,102,2,0,0,1,True,True,1,1
q3_0007_P3_current_grid_v1_nccp/state=11/planner=q3_active,q3_active,G_worst,15,105,102,2,0,0,1,True,True,1,1
q3_0007_P3_current_grid_v1_nccp/state=11/planner=q3_active,q3_active,sampled_cert_score,15,105,87,10,0,0,8,True,True,1,1
q3_0007_P3_current_grid_v1_nccp/state=11/planner=q3_active,q3_active,certified_completion_cost,0,0,0,0,0,0,0,,,0,0
q3_0007_P3_current_grid_v1_nccp/state=11/planner=q3_active,q3_active,estimated_completion_cost,0,0,0,0,0,0,0,,,0,0
q3_0007_P3_current_grid_v1_nccp/state=12/planner=q3_active,q3_active,D_worst,15,105,103,2,0,0,0,True,True,1,1
q3_0007_P3_current_grid_v1_nccp/state=12/planner=q3_active,q3_active,R_worst,15,105,103,2,0,0,0,True,True,1,1
q3_0007_P3_current_grid_v1_nccp/state=12/planner=q3_active,q3_active,G_worst,15,105,48,2,0,0,55,True,False,1,11
q3_0007_P3_current_grid_v1_nccp/state=12/planner=q3_active,q3_active,sampled_cert_score,15,105,48,2,0,0,55,True,False,1,11
q3_0007_P3_current_grid_v1_nccp/state=12/planner=q3_active,q3_active,certified_completion_cost,11,55,44,10,0,0,1,False,False,1,1
q3_0007_P3_current_grid_v1_nccp/state=12/planner=q3_active,q3_active,estimated_completion_cost,0,0,0,0,0,0,0,,,0,0
q3_0046_P3_current_grid_v1/state=0/planner=q3_active,q3_active,D_worst,15,105,103,1,1,0,0,True,True,1,1
q3_0046_P3_current_grid_v1/state=0/planner=q3_active,q3_active,R_worst,15,105,103,1,1,0,0,True,True,1,1
q3_0046_P3_current_grid_v1/state=0/planner=q3_active,q3_active,G_worst,15,105,103,1,1,0,0,True,True,1,1
q3_0046_P3_current_grid_v1/state=0/planner=q3_active,q3_active,sampled_cert_score,15,105,33,37,1,0,34,False,False,1,2
q3_0046_P3_current_grid_v1/state=0/planner=q3_active,q3_active,certified_completion_cost,0,0,0,0,0,0,0,,,0,0
q3_0046_P3_current_grid_v1/state=0/planner=q3_active,q3_active,estimated_completion_cost,0,0,0,0,0,0,0,,,0,0
q3_0046_P3_current_grid_v1/state=1/planner=q3_active,q3_active,D_worst,15,105,105,0,0,0,0,True,True,1,1
q3_0046_P3_current_grid_v1/state=1/planner=q3_active,q3_active,R_worst,15,105,105,0,0,0,0,True,True,1,1
q3_0046_P3_current_grid_v1/state=1/planner=q3_active,q3_active,G_worst,15,105,105,0,0,0,0,True,True,1,1
q3_0046_P3_current_grid_v1/state=1/planner=q3_active,q3_active,sampled_cert_score,15,105,48,34,0,0,23,False,False,1,2
q3_0046_P3_current_grid_v1/state=1/planner=q3_active,q3_active,certified_completion_cost,0,0,0,0,0,0,0,,,0,0
q3_0046_P3_current_grid_v1/state=1/planner=q3_active,q3_active,estimated_completion_cost,0,0,0,0,0,0,0,,,0,0
q3_0046_P3_current_grid_v1/state=2/planner=q3_active,q3_active,D_worst,15,105,100,4,0,0,1,False,False,1,1
q3_0046_P3_current_grid_v1/state=2/planner=q3_active,q3_active,R_worst,15,105,100,4,0,0,1,False,False,1,1
q3_0046_P3_current_grid_v1/state=2/planner=q3_active,q3_active,G_worst,15,105,100,4,0,0,1,False,False,1,1
q3_0046_P3_current_grid_v1/state=2/planner=q3_active,q3_active,sampled_cert_score,15,105,44,29,0,0,32,False,False,1,2
q3_0046_P3_current_grid_v1/state=2/planner=q3_active,q3_active,certified_completion_cost,0,0,0,0,0,0,0,,,0,0
q3_0046_P3_current_grid_v1/state=2/planner=q3_active,q3_active,estimated_completion_cost,0,0,0,0,0,0,0,,,0,0
q3_0046_P3_current_grid_v1/state=3/planner=q3_active,q3_active,D_worst,15,105,101,4,0,0,0,True,True,1,1
q3_0046_P3_current_grid_v1/state=3/planner=q3_active,q3_active,R_worst,15,105,101,4,0,0,0,True,True,1,1
q3_0046_P3_current_grid_v1/state=3/planner=q3_active,q3_active,G_worst,15,105,101,4,0,0,0,True,True,1,1
q3_0046_P3_current_grid_v1/state=3/planner=q3_active,q3_active,sampled_cert_score,15,105,51,11,0,0,43,True,False,1,6
q3_0046_P3_current_grid_v1/state=3/planner=q3_active,q3_active,certified_completion_cost,0,0,0,0,0,0,0,,,0,0
q3_0046_P3_current_grid_v1/state=3/planner=q3_active,q3_active,estimated_completion_cost,0,0,0,0,0,0,0,,,0,0
q3_0046_P3_current_grid_v1/state=4/planner=q3_active,q3_active,D_worst,15,105,98,7,0,0,0,False,False,1,1
q3_0046_P3_current_grid_v1/state=4/planner=q3_active,q3_active,R_worst,15,105,98,7,0,0,0,False,False,1,1
q3_0046_P3_current_grid_v1/state=4/planner=q3_active,q3_active,G_worst,15,105,76,1,0,0,28,True,False,1,8
q3_0046_P3_current_grid_v1/state=4/planner=q3_active,q3_active,sampled_cert_score,15,105,69,6,0,0,30,True,False,1,8
q3_0046_P3_current_grid_v1/state=4/planner=q3_active,q3_active,certified_completion_cost,8,28,20,7,0,0,1,False,False,1,1
q3_0046_P3_current_grid_v1/state=4/planner=q3_active,q3_active,estimated_completion_cost,0,0,0,0,0,0,0,,,0,0
q3_0046_P3_current_grid_v1/state=5/planner=q3_active,q3_active,D_worst,15,105,104,1,0,0,0,True,True,1,1
q3_0046_P3_current_grid_v1/state=5/planner=q3_active,q3_active,R_worst,15,105,104,1,0,0,0,True,True,1,1
q3_0046_P3_current_grid_v1/state=5/planner=q3_active,q3_active,G_worst,15,105,104,1,0,0,0,True,True,1,1
q3_0046_P3_current_grid_v1/state=5/planner=q3_active,q3_active,sampled_cert_score,15,105,80,7,0,0,18,True,False,1,2
q3_0046_P3_current_grid_v1/state=5/planner=q3_active,q3_active,certified_completion_cost,0,0,0,0,0,0,0,,,0,0
q3_0046_P3_current_grid_v1/state=5/planner=q3_active,q3_active,estimated_completion_cost,0,0,0,0,0,0,0,,,0,0
q3_0046_P3_current_grid_v1/state=6/planner=q3_active,q3_active,D_worst,15,105,94,11,0,0,0,False,False,1,1
q3_0046_P3_current_grid_v1/state=6/planner=q3_active,q3_active,R_worst,15,105,94,11,0,0,0,False,False,1,1
q3_0046_P3_current_grid_v1/state=6/planner=q3_active,q3_active,G_worst,15,105,12,2,0,0,91,True,False,1,14
q3_0046_P3_current_grid_v1/state=6/planner=q3_active,q3_active,sampled_cert_score,15,105,12,2,0,0,91,True,False,1,14
q3_0046_P3_current_grid_v1/state=6/planner=q3_active,q3_active,certified_completion_cost,14,91,67,24,0,0,0,False,False,1,1
q3_0046_P3_current_grid_v1/state=6/planner=q3_active,q3_active,estimated_completion_cost,0,0,0,0,0,0,0,,,0,0
q3_0046_P3_current_grid_v1/state=7/planner=q3_active,q3_active,D_worst,15,105,103,1,0,0,1,True,True,1,1
q3_0046_P3_current_grid_v1/state=7/planner=q3_active,q3_active,R_worst,15,105,103,1,0,0,1,True,True,1,1
q3_0046_P3_current_grid_v1/state=7/planner=q3_active,q3_active,G_worst,15,105,103,1,0,0,1,True,True,1,1
q3_0046_P3_current_grid_v1/state=7/planner=q3_active,q3_active,sampled_cert_score,15,105,54,28,0,0,23,True,True,1,1
q3_0046_P3_current_grid_v1/state=7/planner=q3_active,q3_active,certified_completion_cost,0,0,0,0,0,0,0,,,0,0
q3_0046_P3_current_grid_v1/state=7/planner=q3_active,q3_active,estimated_completion_cost,0,0,0,0,0,0,0,,,0,0
q3_0046_P3_current_grid_v1/state=8/planner=q3_active,q3_active,D_worst,15,105,101,4,0,0,0,False,False,1,1
q3_0046_P3_current_grid_v1/state=8/planner=q3_active,q3_active,R_worst,15,105,101,4,0,0,0,False,False,1,1
q3_0046_P3_current_grid_v1/state=8/planner=q3_active,q3_active,G_worst,15,105,87,3,0,0,15,True,False,1,6
q3_0046_P3_current_grid_v1/state=8/planner=q3_active,q3_active,sampled_cert_score,15,105,82,5,0,0,18,True,False,1,6
q3_0046_P3_current_grid_v1/state=8/planner=q3_active,q3_active,certified_completion_cost,6,15,5,9,0,0,1,False,False,1,1
q3_0046_P3_current_grid_v1/state=8/planner=q3_active,q3_active,estimated_completion_cost,0,0,0,0,0,0,0,,,0,0
q3_0046_P3_current_grid_v1/state=9/planner=q3_active,q3_active,D_worst,15,105,68,37,0,0,0,False,False,1,1
q3_0046_P3_current_grid_v1/state=9/planner=q3_active,q3_active,R_worst,15,105,68,37,0,0,0,False,False,1,1
q3_0046_P3_current_grid_v1/state=9/planner=q3_active,q3_active,G_worst,15,105,0,0,0,0,105,True,False,1,15
q3_0046_P3_current_grid_v1/state=9/planner=q3_active,q3_active,sampled_cert_score,15,105,0,0,0,0,105,True,False,1,15
q3_0046_P3_current_grid_v1/state=9/planner=q3_active,q3_active,certified_completion_cost,15,105,50,55,0,0,0,False,False,1,1
q3_0046_P3_current_grid_v1/state=9/planner=q3_active,q3_active,estimated_completion_cost,0,0,0,0,0,0,0,,,0,0
q3_0046_P3_current_grid_v1/state=10/planner=q3_active,q3_active,D_worst,15,105,94,11,0,0,0,True,True,1,1
q3_0046_P3_current_grid_v1/state=10/planner=q3_active,q3_active,R_worst,15,105,94,11,0,0,0,True,True,1,1
q3_0046_P3_current_grid_v1/state=10/planner=q3_active,q3_active,G_worst,15,105,26,1,0,0,78,True,False,1,13
q3_0046_P3_current_grid_v1/state=10/planner=q3_active,q3_active,sampled_cert_score,15,105,26,0,0,0,79,True,False,1,13
q3_0046_P3_current_grid_v1/state=10/planner=q3_active,q3_active,certified_completion_cost,13,78,51,27,0,0,0,False,False,1,1
q3_0046_P3_current_grid_v1/state=10/planner=q3_active,q3_active,estimated_completion_cost,0,0,0,0,0,0,0,,,0,0
q3_0046_P3_current_grid_v1/state=11/planner=q3_active,q3_active,D_worst,15,105,103,2,0,0,0,False,False,1,1
q3_0046_P3_current_grid_v1/state=11/planner=q3_active,q3_active,R_worst,15,105,103,2,0,0,0,False,False,1,1
q3_0046_P3_current_grid_v1/state=11/planner=q3_active,q3_active,G_worst,15,105,103,2,0,0,0,False,False,1,1
q3_0046_P3_current_grid_v1/state=11/planner=q3_active,q3_active,sampled_cert_score,15,105,86,13,0,0,6,False,False,1,1
q3_0046_P3_current_grid_v1/state=11/planner=q3_active,q3_active,certified_completion_cost,1,0,0,0,0,0,0,True,True,1,1
q3_0046_P3_current_grid_v1/state=11/planner=q3_active,q3_active,estimated_completion_cost,0,0,0,0,0,0,0,,,0,0
q3_0046_P3_current_grid_v1_nccp/state=0/planner=q3_active,q3_active,D_worst,15,105,103,1,1,0,0,True,True,1,1
q3_0046_P3_current_grid_v1_nccp/state=0/planner=q3_active,q3_active,R_worst,15,105,103,1,1,0,0,True,True,1,1
q3_0046_P3_current_grid_v1_nccp/state=0/planner=q3_active,q3_active,G_worst,15,105,103,1,1,0,0,True,True,1,1
q3_0046_P3_current_grid_v1_nccp/state=0/planner=q3_active,q3_active,sampled_cert_score,15,105,33,37,1,0,34,False,False,1,2
q3_0046_P3_current_grid_v1_nccp/state=0/planner=q3_active,q3_active,certified_completion_cost,0,0,0,0,0,0,0,,,0,0
q3_0046_P3_current_grid_v1_nccp/state=0/planner=q3_active,q3_active,estimated_completion_cost,0,0,0,0,0,0,0,,,0,0
q3_0046_P3_current_grid_v1_nccp/state=1/planner=q3_active,q3_active,D_worst,15,105,105,0,0,0,0,True,True,1,1
q3_0046_P3_current_grid_v1_nccp/state=1/planner=q3_active,q3_active,R_worst,15,105,105,0,0,0,0,True,True,1,1
q3_0046_P3_current_grid_v1_nccp/state=1/planner=q3_active,q3_active,G_worst,15,105,105,0,0,0,0,True,True,1,1
q3_0046_P3_current_grid_v1_nccp/state=1/planner=q3_active,q3_active,sampled_cert_score,15,105,48,34,0,0,23,False,False,1,2
q3_0046_P3_current_grid_v1_nccp/state=1/planner=q3_active,q3_active,certified_completion_cost,0,0,0,0,0,0,0,,,0,0
q3_0046_P3_current_grid_v1_nccp/state=1/planner=q3_active,q3_active,estimated_completion_cost,0,0,0,0,0,0,0,,,0,0
q3_0046_P3_current_grid_v1_nccp/state=2/planner=q3_active,q3_active,D_worst,15,105,100,4,0,0,1,False,False,1,1
q3_0046_P3_current_grid_v1_nccp/state=2/planner=q3_active,q3_active,R_worst,15,105,100,4,0,0,1,False,False,1,1
q3_0046_P3_current_grid_v1_nccp/state=2/planner=q3_active,q3_active,G_worst,15,105,100,4,0,0,1,False,False,1,1
q3_0046_P3_current_grid_v1_nccp/state=2/planner=q3_active,q3_active,sampled_cert_score,15,105,44,29,0,0,32,False,False,1,2
q3_0046_P3_current_grid_v1_nccp/state=2/planner=q3_active,q3_active,certified_completion_cost,0,0,0,0,0,0,0,,,0,0
q3_0046_P3_current_grid_v1_nccp/state=2/planner=q3_active,q3_active,estimated_completion_cost,0,0,0,0,0,0,0,,,0,0
q3_0046_P3_current_grid_v1_nccp/state=3/planner=q3_active,q3_active,D_worst,15,105,101,4,0,0,0,True,True,1,1
q3_0046_P3_current_grid_v1_nccp/state=3/planner=q3_active,q3_active,R_worst,15,105,101,4,0,0,0,True,True,1,1
q3_0046_P3_current_grid_v1_nccp/state=3/planner=q3_active,q3_active,G_worst,15,105,101,4,0,0,0,True,True,1,1
q3_0046_P3_current_grid_v1_nccp/state=3/planner=q3_active,q3_active,sampled_cert_score,15,105,51,11,0,0,43,True,False,1,6
q3_0046_P3_current_grid_v1_nccp/state=3/planner=q3_active,q3_active,certified_completion_cost,0,0,0,0,0,0,0,,,0,0
q3_0046_P3_current_grid_v1_nccp/state=3/planner=q3_active,q3_active,estimated_completion_cost,0,0,0,0,0,0,0,,,0,0
q3_0046_P3_current_grid_v1_nccp/state=4/planner=q3_active,q3_active,D_worst,15,105,98,7,0,0,0,False,False,1,1
q3_0046_P3_current_grid_v1_nccp/state=4/planner=q3_active,q3_active,R_worst,15,105,98,7,0,0,0,False,False,1,1
q3_0046_P3_current_grid_v1_nccp/state=4/planner=q3_active,q3_active,G_worst,15,105,76,1,0,0,28,True,False,1,8
q3_0046_P3_current_grid_v1_nccp/state=4/planner=q3_active,q3_active,sampled_cert_score,15,105,69,6,0,0,30,True,False,1,8
q3_0046_P3_current_grid_v1_nccp/state=4/planner=q3_active,q3_active,certified_completion_cost,8,28,20,7,0,0,1,False,False,1,1
q3_0046_P3_current_grid_v1_nccp/state=4/planner=q3_active,q3_active,estimated_completion_cost,0,0,0,0,0,0,0,,,0,0
q3_0046_P3_current_grid_v1_nccp/state=5/planner=q3_active,q3_active,D_worst,15,105,104,1,0,0,0,True,True,1,1
q3_0046_P3_current_grid_v1_nccp/state=5/planner=q3_active,q3_active,R_worst,15,105,104,1,0,0,0,True,True,1,1
q3_0046_P3_current_grid_v1_nccp/state=5/planner=q3_active,q3_active,G_worst,15,105,104,1,0,0,0,True,True,1,1
q3_0046_P3_current_grid_v1_nccp/state=5/planner=q3_active,q3_active,sampled_cert_score,15,105,85,7,0,0,13,False,False,1,1
q3_0046_P3_current_grid_v1_nccp/state=5/planner=q3_active,q3_active,certified_completion_cost,0,0,0,0,0,0,0,,,0,0
q3_0046_P3_current_grid_v1_nccp/state=5/planner=q3_active,q3_active,estimated_completion_cost,0,0,0,0,0,0,0,,,0,0
q3_0046_P3_current_grid_v1_nccp/state=6/planner=q3_active,q3_active,D_worst,15,105,101,4,0,0,0,False,False,1,1
q3_0046_P3_current_grid_v1_nccp/state=6/planner=q3_active,q3_active,R_worst,15,105,101,4,0,0,0,False,False,1,1
q3_0046_P3_current_grid_v1_nccp/state=6/planner=q3_active,q3_active,G_worst,15,105,101,4,0,0,0,False,False,1,1
q3_0046_P3_current_grid_v1_nccp/state=6/planner=q3_active,q3_active,sampled_cert_score,15,105,73,15,0,0,17,False,False,1,1
q3_0046_P3_current_grid_v1_nccp/state=6/planner=q3_active,q3_active,certified_completion_cost,0,0,0,0,0,0,0,,,0,0
q3_0046_P3_current_grid_v1_nccp/state=6/planner=q3_active,q3_active,estimated_completion_cost,0,0,0,0,0,0,0,,,0,0
q3_0046_P3_current_grid_v1_nccp/state=7/planner=q3_active,q3_active,D_worst,15,105,104,1,0,0,0,True,True,1,1
q3_0046_P3_current_grid_v1_nccp/state=7/planner=q3_active,q3_active,R_worst,15,105,104,1,0,0,0,True,True,1,1
q3_0046_P3_current_grid_v1_nccp/state=7/planner=q3_active,q3_active,G_worst,15,105,104,1,0,0,0,True,True,1,1
q3_0046_P3_current_grid_v1_nccp/state=7/planner=q3_active,q3_active,sampled_cert_score,15,105,67,24,0,0,14,True,False,1,2
q3_0046_P3_current_grid_v1_nccp/state=7/planner=q3_active,q3_active,certified_completion_cost,0,0,0,0,0,0,0,,,0,0
q3_0046_P3_current_grid_v1_nccp/state=7/planner=q3_active,q3_active,estimated_completion_cost,0,0,0,0,0,0,0,,,0,0
q3_0046_P3_current_grid_v1_nccp/state=8/planner=q3_active,q3_active,D_worst,15,105,97,5,0,0,3,True,False,1,3
q3_0046_P3_current_grid_v1_nccp/state=8/planner=q3_active,q3_active,R_worst,15,105,97,6,0,0,2,True,False,1,2
q3_0046_P3_current_grid_v1_nccp/state=8/planner=q3_active,q3_active,G_worst,15,105,47,3,0,0,55,True,False,1,11
q3_0046_P3_current_grid_v1_nccp/state=8/planner=q3_active,q3_active,sampled_cert_score,15,105,47,0,0,0,58,True,False,1,11
q3_0046_P3_current_grid_v1_nccp/state=8/planner=q3_active,q3_active,certified_completion_cost,11,55,41,14,0,0,0,False,False,1,1
q3_0046_P3_current_grid_v1_nccp/state=8/planner=q3_active,q3_active,estimated_completion_cost,0,0,0,0,0,0,0,,,0,0
q3_0046_P3_current_grid_v1_nccp/state=9/planner=q3_active,q3_active,D_worst,15,105,105,0,0,0,0,True,True,1,1
q3_0046_P3_current_grid_v1_nccp/state=9/planner=q3_active,q3_active,R_worst,15,105,105,0,0,0,0,True,True,1,1
q3_0046_P3_current_grid_v1_nccp/state=9/planner=q3_active,q3_active,G_worst,15,105,105,0,0,0,0,True,True,1,1
q3_0046_P3_current_grid_v1_nccp/state=9/planner=q3_active,q3_active,sampled_cert_score,15,105,70,9,0,0,26,True,False,1,2
q3_0046_P3_current_grid_v1_nccp/state=9/planner=q3_active,q3_active,certified_completion_cost,0,0,0,0,0,0,0,,,0,0
q3_0046_P3_current_grid_v1_nccp/state=9/planner=q3_active,q3_active,estimated_completion_cost,0,0,0,0,0,0,0,,,0,0
q3_0046_P3_current_grid_v1_nccp/state=10/planner=q3_active,q3_active,D_worst,15,105,96,9,0,0,0,True,True,1,1
q3_0046_P3_current_grid_v1_nccp/state=10/planner=q3_active,q3_active,R_worst,15,105,96,9,0,0,0,True,True,1,1
q3_0046_P3_current_grid_v1_nccp/state=10/planner=q3_active,q3_active,G_worst,15,105,14,0,0,0,91,True,False,1,14
q3_0046_P3_current_grid_v1_nccp/state=10/planner=q3_active,q3_active,sampled_cert_score,15,105,14,0,0,0,91,True,False,1,14
q3_0046_P3_current_grid_v1_nccp/state=10/planner=q3_active,q3_active,certified_completion_cost,14,91,72,19,0,0,0,False,False,1,1
q3_0046_P3_current_grid_v1_nccp/state=10/planner=q3_active,q3_active,estimated_completion_cost,0,0,0,0,0,0,0,,,0,0
q3_0046_P3_current_grid_v1_nccp/state=11/planner=q3_active,q3_active,D_worst,15,105,104,1,0,0,0,True,True,1,1
q3_0046_P3_current_grid_v1_nccp/state=11/planner=q3_active,q3_active,R_worst,15,105,104,1,0,0,0,True,True,1,1
q3_0046_P3_current_grid_v1_nccp/state=11/planner=q3_active,q3_active,G_worst,15,105,104,1,0,0,0,True,True,1,1
q3_0046_P3_current_grid_v1_nccp/state=11/planner=q3_active,q3_active,sampled_cert_score,15,105,80,7,0,0,18,True,False,1,2
q3_0046_P3_current_grid_v1_nccp/state=11/planner=q3_active,q3_active,certified_completion_cost,0,0,0,0,0,0,0,,,0,0
q3_0046_P3_current_grid_v1_nccp/state=11/planner=q3_active,q3_active,estimated_completion_cost,0,0,0,0,0,0,0,,,0,0
q3_0046_P3_current_grid_v1_nccp/state=12/planner=q3_active,q3_active,D_worst,15,105,94,11,0,0,0,False,False,1,1
q3_0046_P3_current_grid_v1_nccp/state=12/planner=q3_active,q3_active,R_worst,15,105,94,11,0,0,0,False,False,1,1
q3_0046_P3_current_grid_v1_nccp/state=12/planner=q3_active,q3_active,G_worst,15,105,12,2,0,0,91,True,False,1,14
q3_0046_P3_current_grid_v1_nccp/state=12/planner=q3_active,q3_active,sampled_cert_score,15,105,12,2,0,0,91,True,False,1,14
q3_0046_P3_current_grid_v1_nccp/state=12/planner=q3_active,q3_active,certified_completion_cost,14,91,67,24,0,0,0,False,False,1,1
q3_0046_P3_current_grid_v1_nccp/state=12/planner=q3_active,q3_active,estimated_completion_cost,0,0,0,0,0,0,0,,,0,0
q3_0046_P3_current_grid_v1_nccp/state=13/planner=q3_active,q3_active,D_worst,15,105,89,16,0,0,0,True,True,1,1
q3_0046_P3_current_grid_v1_nccp/state=13/planner=q3_active,q3_active,R_worst,15,105,89,16,0,0,0,True,True,1,1
q3_0046_P3_current_grid_v1_nccp/state=13/planner=q3_active,q3_active,G_worst,15,105,70,14,0,0,21,True,False,1,7
q3_0046_P3_current_grid_v1_nccp/state=13/planner=q3_active,q3_active,sampled_cert_score,15,105,65,16,0,0,24,True,False,1,7
q3_0046_P3_current_grid_v1_nccp/state=13/planner=q3_active,q3_active,certified_completion_cost,7,21,11,10,0,0,0,False,False,1,1
q3_0046_P3_current_grid_v1_nccp/state=13/planner=q3_active,q3_active,estimated_completion_cost,0,0,0,0,0,0,0,,,0,0
q3_0046_P3_current_grid_v1_nccp/state=14/planner=q3_active,q3_active,D_worst,15,105,103,2,0,0,0,True,True,1,1
q3_0046_P3_current_grid_v1_nccp/state=14/planner=q3_active,q3_active,R_worst,15,105,103,2,0,0,0,True,True,1,1
q3_0046_P3_current_grid_v1_nccp/state=14/planner=q3_active,q3_active,G_worst,15,105,103,2,0,0,0,True,True,1,1
q3_0046_P3_current_grid_v1_nccp/state=14/planner=q3_active,q3_active,sampled_cert_score,15,105,72,15,0,0,18,True,False,1,2
q3_0046_P3_current_grid_v1_nccp/state=14/planner=q3_active,q3_active,certified_completion_cost,0,0,0,0,0,0,0,,,0,0
q3_0046_P3_current_grid_v1_nccp/state=14/planner=q3_active,q3_active,estimated_completion_cost,0,0,0,0,0,0,0,,,0,0
q3_0064_P3_current_grid_v1/state=0/planner=q3_active,q3_active,D_worst,15,105,103,1,0,0,1,True,True,1,1
q3_0064_P3_current_grid_v1/state=0/planner=q3_active,q3_active,R_worst,15,105,103,1,0,0,1,True,True,1,1
q3_0064_P3_current_grid_v1/state=0/planner=q3_active,q3_active,G_worst,15,105,103,1,0,0,1,True,True,1,1
q3_0064_P3_current_grid_v1/state=0/planner=q3_active,q3_active,sampled_cert_score,15,105,40,30,0,0,35,False,False,1,2
q3_0064_P3_current_grid_v1/state=0/planner=q3_active,q3_active,certified_completion_cost,0,0,0,0,0,0,0,,,0,0
q3_0064_P3_current_grid_v1/state=0/planner=q3_active,q3_active,estimated_completion_cost,0,0,0,0,0,0,0,,,0,0
q3_0064_P3_current_grid_v1/state=1/planner=q3_active,q3_active,D_worst,15,105,98,7,0,0,0,True,True,1,1
q3_0064_P3_current_grid_v1/state=1/planner=q3_active,q3_active,R_worst,15,105,98,7,0,0,0,True,True,1,1
q3_0064_P3_current_grid_v1/state=1/planner=q3_active,q3_active,G_worst,15,105,13,1,0,0,91,True,False,1,14
q3_0064_P3_current_grid_v1/state=1/planner=q3_active,q3_active,sampled_cert_score,15,105,13,1,0,0,91,True,False,1,14
q3_0064_P3_current_grid_v1/state=1/planner=q3_active,q3_active,certified_completion_cost,14,91,74,17,0,0,0,False,False,1,1
q3_0064_P3_current_grid_v1/state=1/planner=q3_active,q3_active,estimated_completion_cost,0,0,0,0,0,0,0,,,0,0
q3_0064_P3_current_grid_v1/state=2/planner=q3_active,q3_active,D_worst,15,105,105,0,0,0,0,True,True,1,1
q3_0064_P3_current_grid_v1/state=2/planner=q3_active,q3_active,R_worst,15,105,105,0,0,0,0,True,True,1,1
q3_0064_P3_current_grid_v1/state=2/planner=q3_active,q3_active,G_worst,15,105,105,0,0,0,0,True,True,1,1
q3_0064_P3_current_grid_v1/state=2/planner=q3_active,q3_active,sampled_cert_score,15,105,66,9,0,0,30,True,False,1,3
q3_0064_P3_current_grid_v1/state=2/planner=q3_active,q3_active,certified_completion_cost,0,0,0,0,0,0,0,,,0,0
q3_0064_P3_current_grid_v1/state=2/planner=q3_active,q3_active,estimated_completion_cost,0,0,0,0,0,0,0,,,0,0
q3_0064_P3_current_grid_v1/state=3/planner=q3_active,q3_active,D_worst,15,105,101,4,0,0,0,False,False,1,1
q3_0064_P3_current_grid_v1/state=3/planner=q3_active,q3_active,R_worst,15,105,101,4,0,0,0,False,False,1,1
q3_0064_P3_current_grid_v1/state=3/planner=q3_active,q3_active,G_worst,15,105,36,3,0,0,66,True,False,1,12
q3_0064_P3_current_grid_v1/state=3/planner=q3_active,q3_active,sampled_cert_score,15,105,36,2,0,0,67,True,False,1,12
q3_0064_P3_current_grid_v1/state=3/planner=q3_active,q3_active,certified_completion_cost,12,66,47,17,0,0,2,False,False,1,1
q3_0064_P3_current_grid_v1/state=3/planner=q3_active,q3_active,estimated_completion_cost,0,0,0,0,0,0,0,,,0,0
q3_0064_P3_current_grid_v1/state=4/planner=q3_active,q3_active,D_worst,15,105,101,4,0,0,0,True,True,1,1
q3_0064_P3_current_grid_v1/state=4/planner=q3_active,q3_active,R_worst,15,105,101,4,0,0,0,True,True,1,1
q3_0064_P3_current_grid_v1/state=4/planner=q3_active,q3_active,G_worst,15,105,101,4,0,0,0,True,True,1,1
q3_0064_P3_current_grid_v1/state=4/planner=q3_active,q3_active,sampled_cert_score,15,105,69,4,0,0,32,True,False,1,2
q3_0064_P3_current_grid_v1/state=4/planner=q3_active,q3_active,certified_completion_cost,0,0,0,0,0,0,0,,,0,0
q3_0064_P3_current_grid_v1/state=4/planner=q3_active,q3_active,estimated_completion_cost,0,0,0,0,0,0,0,,,0,0
q3_0064_P3_current_grid_v1/state=5/planner=q3_active,q3_active,D_worst,15,105,88,17,0,0,0,True,True,1,1
q3_0064_P3_current_grid_v1/state=5/planner=q3_active,q3_active,R_worst,15,105,88,17,0,0,0,True,True,1,1
q3_0064_P3_current_grid_v1/state=5/planner=q3_active,q3_active,G_worst,15,105,86,16,0,0,3,True,False,1,3
q3_0064_P3_current_grid_v1/state=5/planner=q3_active,q3_active,sampled_cert_score,15,105,76,22,0,0,7,True,False,1,3
q3_0064_P3_current_grid_v1/state=5/planner=q3_active,q3_active,certified_completion_cost,3,3,1,2,0,0,0,False,False,1,1
q3_0064_P3_current_grid_v1/state=5/planner=q3_active,q3_active,estimated_completion_cost,0,0,0,0,0,0,0,,,0,0
q3_0064_P3_current_grid_v1/state=6/planner=q3_active,q3_active,D_worst,15,105,103,1,0,0,1,True,True,1,1
q3_0064_P3_current_grid_v1/state=6/planner=q3_active,q3_active,R_worst,15,105,103,1,0,0,1,True,True,1,1
q3_0064_P3_current_grid_v1/state=6/planner=q3_active,q3_active,G_worst,15,105,103,1,0,0,1,True,True,1,1
q3_0064_P3_current_grid_v1/state=6/planner=q3_active,q3_active,sampled_cert_score,15,105,44,23,0,0,38,True,False,1,5
q3_0064_P3_current_grid_v1/state=6/planner=q3_active,q3_active,certified_completion_cost,0,0,0,0,0,0,0,,,0,0
q3_0064_P3_current_grid_v1/state=6/planner=q3_active,q3_active,estimated_completion_cost,0,0,0,0,0,0,0,,,0,0
q3_0064_P3_current_grid_v1/state=7/planner=q3_active,q3_active,D_worst,15,105,97,8,0,0,0,True,True,1,1
q3_0064_P3_current_grid_v1/state=7/planner=q3_active,q3_active,R_worst,15,105,97,8,0,0,0,True,True,1,1
q3_0064_P3_current_grid_v1/state=7/planner=q3_active,q3_active,G_worst,15,105,56,4,0,0,45,True,False,1,10
q3_0064_P3_current_grid_v1/state=7/planner=q3_active,q3_active,sampled_cert_score,15,105,53,5,0,0,47,True,False,1,10
q3_0064_P3_current_grid_v1/state=7/planner=q3_active,q3_active,certified_completion_cost,10,45,30,15,0,0,0,False,False,1,1
q3_0064_P3_current_grid_v1/state=7/planner=q3_active,q3_active,estimated_completion_cost,0,0,0,0,0,0,0,,,0,0
q3_0064_P3_current_grid_v1/state=8/planner=q3_active,q3_active,D_worst,15,105,104,1,0,0,0,True,True,1,1
q3_0064_P3_current_grid_v1/state=8/planner=q3_active,q3_active,R_worst,15,105,104,1,0,0,0,True,True,1,1
q3_0064_P3_current_grid_v1/state=8/planner=q3_active,q3_active,G_worst,15,105,104,1,0,0,0,True,True,1,1
q3_0064_P3_current_grid_v1/state=8/planner=q3_active,q3_active,sampled_cert_score,15,105,92,2,0,0,11,False,False,1,1
q3_0064_P3_current_grid_v1/state=8/planner=q3_active,q3_active,certified_completion_cost,0,0,0,0,0,0,0,,,0,0
q3_0064_P3_current_grid_v1/state=8/planner=q3_active,q3_active,estimated_completion_cost,0,0,0,0,0,0,0,,,0,0
q3_0064_P3_current_grid_v1/state=9/planner=q3_active,q3_active,D_worst,15,105,103,2,0,0,0,True,True,1,1
q3_0064_P3_current_grid_v1/state=9/planner=q3_active,q3_active,R_worst,15,105,103,2,0,0,0,True,True,1,1
q3_0064_P3_current_grid_v1/state=9/planner=q3_active,q3_active,G_worst,15,105,49,1,0,0,55,True,False,1,11
q3_0064_P3_current_grid_v1/state=9/planner=q3_active,q3_active,sampled_cert_score,15,105,50,0,0,0,55,True,False,1,11
q3_0064_P3_current_grid_v1/state=9/planner=q3_active,q3_active,certified_completion_cost,11,55,42,12,0,0,1,False,False,1,1
q3_0064_P3_current_grid_v1/state=9/planner=q3_active,q3_active,estimated_completion_cost,0,0,0,0,0,0,0,,,0,0
q3_0064_P3_current_grid_v1/state=10/planner=q3_active,q3_active,D_worst,15,105,104,1,0,0,0,False,False,1,1
q3_0064_P3_current_grid_v1/state=10/planner=q3_active,q3_active,R_worst,15,105,104,1,0,0,0,False,False,1,1
q3_0064_P3_current_grid_v1/state=10/planner=q3_active,q3_active,G_worst,15,105,104,1,0,0,0,False,False,1,1
q3_0064_P3_current_grid_v1/state=10/planner=q3_active,q3_active,sampled_cert_score,15,105,81,11,0,0,13,False,False,1,1
q3_0064_P3_current_grid_v1/state=10/planner=q3_active,q3_active,certified_completion_cost,0,0,0,0,0,0,0,,,0,0
q3_0064_P3_current_grid_v1/state=10/planner=q3_active,q3_active,estimated_completion_cost,0,0,0,0,0,0,0,,,0,0
q3_0064_P3_current_grid_v1/state=11/planner=q3_active,q3_active,D_worst,15,105,95,10,0,0,0,False,False,1,1
q3_0064_P3_current_grid_v1/state=11/planner=q3_active,q3_active,R_worst,15,105,95,10,0,0,0,False,False,1,1
q3_0064_P3_current_grid_v1/state=11/planner=q3_active,q3_active,G_worst,15,105,36,3,0,0,66,True,False,1,12
q3_0064_P3_current_grid_v1/state=11/planner=q3_active,q3_active,sampled_cert_score,15,105,36,3,0,0,66,True,False,1,12
q3_0064_P3_current_grid_v1/state=11/planner=q3_active,q3_active,certified_completion_cost,12,66,53,13,0,0,0,False,False,1,1
q3_0064_P3_current_grid_v1/state=11/planner=q3_active,q3_active,estimated_completion_cost,0,0,0,0,0,0,0,,,0,0
q3_0064_P3_current_grid_v1/state=12/planner=q3_active,q3_active,D_worst,15,105,71,34,0,0,0,True,True,1,1
q3_0064_P3_current_grid_v1/state=12/planner=q3_active,q3_active,R_worst,15,105,71,34,0,0,0,True,True,1,1
q3_0064_P3_current_grid_v1/state=12/planner=q3_active,q3_active,G_worst,15,105,20,30,0,0,55,True,False,1,11
q3_0064_P3_current_grid_v1/state=12/planner=q3_active,q3_active,sampled_cert_score,15,105,20,30,0,0,55,True,False,1,11
q3_0064_P3_current_grid_v1/state=12/planner=q3_active,q3_active,certified_completion_cost,11,55,42,13,0,0,0,True,True,1,1
q3_0064_P3_current_grid_v1/state=12/planner=q3_active,q3_active,estimated_completion_cost,0,0,0,0,0,0,0,,,0,0
q3_0064_P3_current_grid_v1/state=13/planner=q3_active,q3_active,D_worst,15,105,97,8,0,0,0,False,False,1,1
q3_0064_P3_current_grid_v1/state=13/planner=q3_active,q3_active,R_worst,15,105,97,8,0,0,0,False,False,1,1
q3_0064_P3_current_grid_v1/state=13/planner=q3_active,q3_active,G_worst,15,105,67,2,0,0,36,True,False,1,9
q3_0064_P3_current_grid_v1/state=13/planner=q3_active,q3_active,sampled_cert_score,15,105,63,0,0,0,42,True,False,1,9
q3_0064_P3_current_grid_v1/state=13/planner=q3_active,q3_active,certified_completion_cost,9,36,12,24,0,0,0,False,False,1,1
q3_0064_P3_current_grid_v1/state=13/planner=q3_active,q3_active,estimated_completion_cost,0,0,0,0,0,0,0,,,0,0
q3_0064_P3_current_grid_v1/state=14/planner=q3_active,q3_active,D_worst,15,105,85,20,0,0,0,True,True,1,1
q3_0064_P3_current_grid_v1/state=14/planner=q3_active,q3_active,R_worst,15,105,85,19,0,0,1,True,True,1,1
q3_0064_P3_current_grid_v1/state=14/planner=q3_active,q3_active,G_worst,15,105,45,14,0,0,46,True,False,1,10
q3_0064_P3_current_grid_v1/state=14/planner=q3_active,q3_active,sampled_cert_score,15,105,48,12,0,0,45,True,False,1,10
q3_0064_P3_current_grid_v1/state=14/planner=q3_active,q3_active,certified_completion_cost,10,45,39,6,0,0,0,True,True,1,1
q3_0064_P3_current_grid_v1/state=14/planner=q3_active,q3_active,estimated_completion_cost,0,0,0,0,0,0,0,,,0,0
q3_0064_P3_current_grid_v1/state=15/planner=q3_active,q3_active,D_worst,15,105,104,1,0,0,0,True,True,1,1
q3_0064_P3_current_grid_v1/state=15/planner=q3_active,q3_active,R_worst,15,105,104,1,0,0,0,True,True,1,1
q3_0064_P3_current_grid_v1/state=15/planner=q3_active,q3_active,G_worst,15,105,104,1,0,0,0,True,True,1,1
q3_0064_P3_current_grid_v1/state=15/planner=q3_active,q3_active,sampled_cert_score,15,105,76,4,0,0,25,True,True,1,1
q3_0064_P3_current_grid_v1/state=15/planner=q3_active,q3_active,certified_completion_cost,0,0,0,0,0,0,0,,,0,0
q3_0064_P3_current_grid_v1/state=15/planner=q3_active,q3_active,estimated_completion_cost,0,0,0,0,0,0,0,,,0,0
q3_0064_P3_current_grid_v1/state=16/planner=q3_active,q3_active,D_worst,15,105,100,5,0,0,0,True,True,1,1
q3_0064_P3_current_grid_v1/state=16/planner=q3_active,q3_active,R_worst,15,105,100,5,0,0,0,True,True,1,1
q3_0064_P3_current_grid_v1/state=16/planner=q3_active,q3_active,G_worst,15,105,56,4,0,0,45,True,False,1,10
q3_0064_P3_current_grid_v1/state=16/planner=q3_active,q3_active,sampled_cert_score,15,105,54,5,0,0,46,True,False,1,10
q3_0064_P3_current_grid_v1/state=16/planner=q3_active,q3_active,certified_completion_cost,10,45,34,8,0,0,3,False,False,1,1
q3_0064_P3_current_grid_v1/state=16/planner=q3_active,q3_active,estimated_completion_cost,0,0,0,0,0,0,0,,,0,0
q3_0064_P3_current_grid_v1/state=17/planner=q3_active,q3_active,D_worst,15,105,97,8,0,0,0,True,True,1,1
q3_0064_P3_current_grid_v1/state=17/planner=q3_active,q3_active,R_worst,15,105,97,8,0,0,0,True,True,1,1
q3_0064_P3_current_grid_v1/state=17/planner=q3_active,q3_active,G_worst,15,105,24,3,0,0,78,True,False,1,13
q3_0064_P3_current_grid_v1/state=17/planner=q3_active,q3_active,sampled_cert_score,15,105,24,3,0,0,78,True,False,1,13
q3_0064_P3_current_grid_v1/state=17/planner=q3_active,q3_active,certified_completion_cost,13,78,60,18,0,0,0,False,False,1,1
q3_0064_P3_current_grid_v1/state=17/planner=q3_active,q3_active,estimated_completion_cost,0,0,0,0,0,0,0,,,0,0
q3_0064_P3_current_grid_v1/state=18/planner=q3_active,q3_active,D_worst,15,105,100,5,0,0,0,False,False,1,1
q3_0064_P3_current_grid_v1/state=18/planner=q3_active,q3_active,R_worst,15,105,100,5,0,0,0,False,False,1,1
q3_0064_P3_current_grid_v1/state=18/planner=q3_active,q3_active,G_worst,15,105,0,0,0,0,105,True,False,1,15
q3_0064_P3_current_grid_v1/state=18/planner=q3_active,q3_active,sampled_cert_score,15,105,0,0,0,0,105,True,False,1,15
q3_0064_P3_current_grid_v1/state=18/planner=q3_active,q3_active,certified_completion_cost,15,105,74,28,0,0,3,False,False,1,1
q3_0064_P3_current_grid_v1/state=18/planner=q3_active,q3_active,estimated_completion_cost,0,0,0,0,0,0,0,,,0,0
q3_0064_P3_current_grid_v1/state=19/planner=q3_active,q3_active,D_worst,15,105,99,6,0,0,0,True,True,1,1
q3_0064_P3_current_grid_v1/state=19/planner=q3_active,q3_active,R_worst,15,105,99,6,0,0,0,True,True,1,1
q3_0064_P3_current_grid_v1/state=19/planner=q3_active,q3_active,G_worst,15,105,46,4,0,0,55,True,False,1,11
q3_0064_P3_current_grid_v1/state=19/planner=q3_active,q3_active,sampled_cert_score,15,105,46,4,0,0,55,True,False,1,11
q3_0064_P3_current_grid_v1/state=19/planner=q3_active,q3_active,certified_completion_cost,11,55,45,8,0,0,2,False,False,1,1
q3_0064_P3_current_grid_v1/state=19/planner=q3_active,q3_active,estimated_completion_cost,0,0,0,0,0,0,0,,,0,0
q3_0064_P3_current_grid_v1_nccp/state=0/planner=q3_active,q3_active,D_worst,15,105,103,1,0,0,1,True,True,1,1
q3_0064_P3_current_grid_v1_nccp/state=0/planner=q3_active,q3_active,R_worst,15,105,103,1,0,0,1,True,True,1,1
q3_0064_P3_current_grid_v1_nccp/state=0/planner=q3_active,q3_active,G_worst,15,105,103,1,0,0,1,True,True,1,1
q3_0064_P3_current_grid_v1_nccp/state=0/planner=q3_active,q3_active,sampled_cert_score,15,105,40,30,0,0,35,False,False,1,2
q3_0064_P3_current_grid_v1_nccp/state=0/planner=q3_active,q3_active,certified_completion_cost,0,0,0,0,0,0,0,,,0,0
q3_0064_P3_current_grid_v1_nccp/state=0/planner=q3_active,q3_active,estimated_completion_cost,0,0,0,0,0,0,0,,,0,0
q3_0064_P3_current_grid_v1_nccp/state=1/planner=q3_active,q3_active,D_worst,15,105,98,7,0,0,0,True,True,1,1
q3_0064_P3_current_grid_v1_nccp/state=1/planner=q3_active,q3_active,R_worst,15,105,98,7,0,0,0,True,True,1,1
q3_0064_P3_current_grid_v1_nccp/state=1/planner=q3_active,q3_active,G_worst,15,105,13,1,0,0,91,True,False,1,14
q3_0064_P3_current_grid_v1_nccp/state=1/planner=q3_active,q3_active,sampled_cert_score,15,105,13,1,0,0,91,True,False,1,14
q3_0064_P3_current_grid_v1_nccp/state=1/planner=q3_active,q3_active,certified_completion_cost,14,91,74,17,0,0,0,False,False,1,1
q3_0064_P3_current_grid_v1_nccp/state=1/planner=q3_active,q3_active,estimated_completion_cost,0,0,0,0,0,0,0,,,0,0
q3_0064_P3_current_grid_v1_nccp/state=2/planner=q3_active,q3_active,D_worst,15,105,104,1,0,0,0,True,True,1,1
q3_0064_P3_current_grid_v1_nccp/state=2/planner=q3_active,q3_active,R_worst,15,105,104,1,0,0,0,True,True,1,1
q3_0064_P3_current_grid_v1_nccp/state=2/planner=q3_active,q3_active,G_worst,15,105,104,1,0,0,0,True,True,1,1
q3_0064_P3_current_grid_v1_nccp/state=2/planner=q3_active,q3_active,sampled_cert_score,15,105,66,9,0,0,30,True,False,1,3
q3_0064_P3_current_grid_v1_nccp/state=2/planner=q3_active,q3_active,certified_completion_cost,0,0,0,0,0,0,0,,,0,0
q3_0064_P3_current_grid_v1_nccp/state=2/planner=q3_active,q3_active,estimated_completion_cost,0,0,0,0,0,0,0,,,0,0
q3_0064_P3_current_grid_v1_nccp/state=3/planner=q3_active,q3_active,D_worst,15,105,100,5,0,0,0,True,True,1,1
q3_0064_P3_current_grid_v1_nccp/state=3/planner=q3_active,q3_active,R_worst,15,105,100,5,0,0,0,True,True,1,1
q3_0064_P3_current_grid_v1_nccp/state=3/planner=q3_active,q3_active,G_worst,15,105,36,3,0,0,66,True,False,1,12
q3_0064_P3_current_grid_v1_nccp/state=3/planner=q3_active,q3_active,sampled_cert_score,15,105,36,2,0,0,67,True,False,1,12
q3_0064_P3_current_grid_v1_nccp/state=3/planner=q3_active,q3_active,certified_completion_cost,12,66,48,16,0,0,2,False,False,1,1
q3_0064_P3_current_grid_v1_nccp/state=3/planner=q3_active,q3_active,estimated_completion_cost,0,0,0,0,0,0,0,,,0,0
q3_0064_P3_current_grid_v1_nccp/state=4/planner=q3_active,q3_active,D_worst,15,105,101,4,0,0,0,True,True,1,1
q3_0064_P3_current_grid_v1_nccp/state=4/planner=q3_active,q3_active,R_worst,15,105,101,4,0,0,0,True,True,1,1
q3_0064_P3_current_grid_v1_nccp/state=4/planner=q3_active,q3_active,G_worst,15,105,101,4,0,0,0,True,True,1,1
q3_0064_P3_current_grid_v1_nccp/state=4/planner=q3_active,q3_active,sampled_cert_score,15,105,69,4,0,0,32,True,False,1,2
q3_0064_P3_current_grid_v1_nccp/state=4/planner=q3_active,q3_active,certified_completion_cost,0,0,0,0,0,0,0,,,0,0
q3_0064_P3_current_grid_v1_nccp/state=4/planner=q3_active,q3_active,estimated_completion_cost,0,0,0,0,0,0,0,,,0,0
q3_0064_P3_current_grid_v1_nccp/state=5/planner=q3_active,q3_active,D_worst,15,105,91,14,0,0,0,True,True,1,1
q3_0064_P3_current_grid_v1_nccp/state=5/planner=q3_active,q3_active,R_worst,15,105,91,14,0,0,0,True,True,1,1
q3_0064_P3_current_grid_v1_nccp/state=5/planner=q3_active,q3_active,G_worst,15,105,88,14,0,0,3,True,False,1,3
q3_0064_P3_current_grid_v1_nccp/state=5/planner=q3_active,q3_active,sampled_cert_score,15,105,76,20,0,0,9,True,False,1,3
q3_0064_P3_current_grid_v1_nccp/state=5/planner=q3_active,q3_active,certified_completion_cost,3,3,1,2,0,0,0,False,False,1,1
q3_0064_P3_current_grid_v1_nccp/state=5/planner=q3_active,q3_active,estimated_completion_cost,0,0,0,0,0,0,0,,,0,0
q3_0064_P3_current_grid_v1_nccp/state=6/planner=q3_active,q3_active,D_worst,15,105,103,1,0,0,1,True,True,1,1
q3_0064_P3_current_grid_v1_nccp/state=6/planner=q3_active,q3_active,R_worst,15,105,103,1,0,0,1,True,True,1,1
q3_0064_P3_current_grid_v1_nccp/state=6/planner=q3_active,q3_active,G_worst,15,105,103,1,0,0,1,True,True,1,1
q3_0064_P3_current_grid_v1_nccp/state=6/planner=q3_active,q3_active,sampled_cert_score,15,105,44,23,0,0,38,True,False,1,5
q3_0064_P3_current_grid_v1_nccp/state=6/planner=q3_active,q3_active,certified_completion_cost,0,0,0,0,0,0,0,,,0,0
q3_0064_P3_current_grid_v1_nccp/state=6/planner=q3_active,q3_active,estimated_completion_cost,0,0,0,0,0,0,0,,,0,0
q3_0064_P3_current_grid_v1_nccp/state=7/planner=q3_active,q3_active,D_worst,15,105,99,6,0,0,0,True,True,1,1
q3_0064_P3_current_grid_v1_nccp/state=7/planner=q3_active,q3_active,R_worst,15,105,99,6,0,0,0,True,True,1,1
q3_0064_P3_current_grid_v1_nccp/state=7/planner=q3_active,q3_active,G_worst,15,105,56,4,0,0,45,True,False,1,10
q3_0064_P3_current_grid_v1_nccp/state=7/planner=q3_active,q3_active,sampled_cert_score,15,105,53,5,0,0,47,True,False,1,10
q3_0064_P3_current_grid_v1_nccp/state=7/planner=q3_active,q3_active,certified_completion_cost,10,45,27,18,0,0,0,False,False,1,1
q3_0064_P3_current_grid_v1_nccp/state=7/planner=q3_active,q3_active,estimated_completion_cost,0,0,0,0,0,0,0,,,0,0
q3_0064_P3_current_grid_v1_nccp/state=8/planner=q3_active,q3_active,D_worst,15,105,104,1,0,0,0,True,True,1,1
q3_0064_P3_current_grid_v1_nccp/state=8/planner=q3_active,q3_active,R_worst,15,105,104,1,0,0,0,True,True,1,1
q3_0064_P3_current_grid_v1_nccp/state=8/planner=q3_active,q3_active,G_worst,15,105,104,1,0,0,0,True,True,1,1
q3_0064_P3_current_grid_v1_nccp/state=8/planner=q3_active,q3_active,sampled_cert_score,15,105,92,2,0,0,11,False,False,1,1
q3_0064_P3_current_grid_v1_nccp/state=8/planner=q3_active,q3_active,certified_completion_cost,0,0,0,0,0,0,0,,,0,0
q3_0064_P3_current_grid_v1_nccp/state=8/planner=q3_active,q3_active,estimated_completion_cost,0,0,0,0,0,0,0,,,0,0
q3_0064_P3_current_grid_v1_nccp/state=9/planner=q3_active,q3_active,D_worst,15,105,103,2,0,0,0,True,True,1,1
q3_0064_P3_current_grid_v1_nccp/state=9/planner=q3_active,q3_active,R_worst,15,105,103,2,0,0,0,True,True,1,1
q3_0064_P3_current_grid_v1_nccp/state=9/planner=q3_active,q3_active,G_worst,15,105,49,1,0,0,55,True,False,1,11
q3_0064_P3_current_grid_v1_nccp/state=9/planner=q3_active,q3_active,sampled_cert_score,15,105,50,0,0,0,55,True,False,1,11
q3_0064_P3_current_grid_v1_nccp/state=9/planner=q3_active,q3_active,certified_completion_cost,11,55,42,12,0,0,1,False,False,1,1
q3_0064_P3_current_grid_v1_nccp/state=9/planner=q3_active,q3_active,estimated_completion_cost,0,0,0,0,0,0,0,,,0,0
q3_0064_P3_current_grid_v1_nccp/state=10/planner=q3_active,q3_active,D_worst,15,105,104,1,0,0,0,False,False,1,1
q3_0064_P3_current_grid_v1_nccp/state=10/planner=q3_active,q3_active,R_worst,15,105,104,1,0,0,0,False,False,1,1
q3_0064_P3_current_grid_v1_nccp/state=10/planner=q3_active,q3_active,G_worst,15,105,104,1,0,0,0,False,False,1,1
q3_0064_P3_current_grid_v1_nccp/state=10/planner=q3_active,q3_active,sampled_cert_score,15,105,81,11,0,0,13,False,False,1,1
q3_0064_P3_current_grid_v1_nccp/state=10/planner=q3_active,q3_active,certified_completion_cost,0,0,0,0,0,0,0,,,0,0
q3_0064_P3_current_grid_v1_nccp/state=10/planner=q3_active,q3_active,estimated_completion_cost,0,0,0,0,0,0,0,,,0,0
q3_0064_P3_current_grid_v1_nccp/state=11/planner=q3_active,q3_active,D_worst,15,105,95,10,0,0,0,False,False,1,1
q3_0064_P3_current_grid_v1_nccp/state=11/planner=q3_active,q3_active,R_worst,15,105,95,10,0,0,0,False,False,1,1
q3_0064_P3_current_grid_v1_nccp/state=11/planner=q3_active,q3_active,G_worst,15,105,36,3,0,0,66,True,False,1,12
q3_0064_P3_current_grid_v1_nccp/state=11/planner=q3_active,q3_active,sampled_cert_score,15,105,36,3,0,0,66,True,False,1,12
q3_0064_P3_current_grid_v1_nccp/state=11/planner=q3_active,q3_active,certified_completion_cost,12,66,53,13,0,0,0,False,False,1,1
q3_0064_P3_current_grid_v1_nccp/state=11/planner=q3_active,q3_active,estimated_completion_cost,0,0,0,0,0,0,0,,,0,0
q3_0064_P3_current_grid_v1_nccp/state=12/planner=q3_active,q3_active,D_worst,15,105,71,34,0,0,0,True,True,1,1
q3_0064_P3_current_grid_v1_nccp/state=12/planner=q3_active,q3_active,R_worst,15,105,71,34,0,0,0,True,True,1,1
q3_0064_P3_current_grid_v1_nccp/state=12/planner=q3_active,q3_active,G_worst,15,105,20,30,0,0,55,True,False,1,11
q3_0064_P3_current_grid_v1_nccp/state=12/planner=q3_active,q3_active,sampled_cert_score,15,105,20,30,0,0,55,True,False,1,11
q3_0064_P3_current_grid_v1_nccp/state=12/planner=q3_active,q3_active,certified_completion_cost,11,55,42,13,0,0,0,True,True,1,1
q3_0064_P3_current_grid_v1_nccp/state=12/planner=q3_active,q3_active,estimated_completion_cost,0,0,0,0,0,0,0,,,0,0
q3_0064_P3_current_grid_v1_nccp/state=13/planner=q3_active,q3_active,D_worst,15,105,97,8,0,0,0,False,False,1,1
q3_0064_P3_current_grid_v1_nccp/state=13/planner=q3_active,q3_active,R_worst,15,105,97,8,0,0,0,False,False,1,1
q3_0064_P3_current_grid_v1_nccp/state=13/planner=q3_active,q3_active,G_worst,15,105,67,2,0,0,36,True,False,1,9
q3_0064_P3_current_grid_v1_nccp/state=13/planner=q3_active,q3_active,sampled_cert_score,15,105,63,0,0,0,42,True,False,1,9
q3_0064_P3_current_grid_v1_nccp/state=13/planner=q3_active,q3_active,certified_completion_cost,9,36,12,24,0,0,0,False,False,1,1
q3_0064_P3_current_grid_v1_nccp/state=13/planner=q3_active,q3_active,estimated_completion_cost,0,0,0,0,0,0,0,,,0,0
q3_0064_P3_current_grid_v1_nccp/state=14/planner=q3_active,q3_active,D_worst,15,105,76,29,0,0,0,False,False,1,1
q3_0064_P3_current_grid_v1_nccp/state=14/planner=q3_active,q3_active,R_worst,15,105,76,29,0,0,0,False,False,1,1
q3_0064_P3_current_grid_v1_nccp/state=14/planner=q3_active,q3_active,G_worst,15,105,27,0,0,0,78,True,False,1,13
q3_0064_P3_current_grid_v1_nccp/state=14/planner=q3_active,q3_active,sampled_cert_score,15,105,26,0,0,0,79,True,False,1,13
q3_0064_P3_current_grid_v1_nccp/state=14/planner=q3_active,q3_active,certified_completion_cost,13,78,24,53,0,0,1,False,False,1,1
q3_0064_P3_current_grid_v1_nccp/state=14/planner=q3_active,q3_active,estimated_completion_cost,0,0,0,0,0,0,0,,,0,0
q3_0064_P3_current_grid_v1_nccp/state=15/planner=q3_active,q3_active,D_worst,15,105,104,1,0,0,0,True,True,1,1
q3_0064_P3_current_grid_v1_nccp/state=15/planner=q3_active,q3_active,R_worst,15,105,104,1,0,0,0,True,True,1,1
q3_0064_P3_current_grid_v1_nccp/state=15/planner=q3_active,q3_active,G_worst,15,105,104,1,0,0,0,True,True,1,1
q3_0064_P3_current_grid_v1_nccp/state=15/planner=q3_active,q3_active,sampled_cert_score,15,105,76,4,0,0,25,True,True,1,1
q3_0064_P3_current_grid_v1_nccp/state=15/planner=q3_active,q3_active,certified_completion_cost,0,0,0,0,0,0,0,,,0,0
q3_0064_P3_current_grid_v1_nccp/state=15/planner=q3_active,q3_active,estimated_completion_cost,0,0,0,0,0,0,0,,,0,0
q3_0064_P3_current_grid_v1_nccp/state=16/planner=q3_active,q3_active,D_worst,15,105,100,5,0,0,0,True,True,1,1
q3_0064_P3_current_grid_v1_nccp/state=16/planner=q3_active,q3_active,R_worst,15,105,100,5,0,0,0,True,True,1,1
q3_0064_P3_current_grid_v1_nccp/state=16/planner=q3_active,q3_active,G_worst,15,105,56,4,0,0,45,True,False,1,10
q3_0064_P3_current_grid_v1_nccp/state=16/planner=q3_active,q3_active,sampled_cert_score,15,105,54,5,0,0,46,True,False,1,10
q3_0064_P3_current_grid_v1_nccp/state=16/planner=q3_active,q3_active,certified_completion_cost,10,45,34,8,0,0,3,False,False,1,1
q3_0064_P3_current_grid_v1_nccp/state=16/planner=q3_active,q3_active,estimated_completion_cost,0,0,0,0,0,0,0,,,0,0
q3_0064_P3_current_grid_v1_nccp/state=17/planner=q3_active,q3_active,D_worst,15,105,97,8,0,0,0,True,True,1,1
q3_0064_P3_current_grid_v1_nccp/state=17/planner=q3_active,q3_active,R_worst,15,105,97,8,0,0,0,True,True,1,1
q3_0064_P3_current_grid_v1_nccp/state=17/planner=q3_active,q3_active,G_worst,15,105,24,3,0,0,78,True,False,1,13
q3_0064_P3_current_grid_v1_nccp/state=17/planner=q3_active,q3_active,sampled_cert_score,15,105,24,3,0,0,78,True,False,1,13
q3_0064_P3_current_grid_v1_nccp/state=17/planner=q3_active,q3_active,certified_completion_cost,13,78,60,18,0,0,0,False,False,1,1
q3_0064_P3_current_grid_v1_nccp/state=17/planner=q3_active,q3_active,estimated_completion_cost,0,0,0,0,0,0,0,,,0,0
q3_0064_P3_current_grid_v1_nccp/state=18/planner=q3_active,q3_active,D_worst,15,105,101,4,0,0,0,True,True,1,1
q3_0064_P3_current_grid_v1_nccp/state=18/planner=q3_active,q3_active,R_worst,15,105,101,4,0,0,0,True,True,1,1
q3_0064_P3_current_grid_v1_nccp/state=18/planner=q3_active,q3_active,G_worst,15,105,0,0,0,0,105,True,False,1,15
q3_0064_P3_current_grid_v1_nccp/state=18/planner=q3_active,q3_active,sampled_cert_score,15,105,0,0,0,0,105,True,False,1,15
q3_0064_P3_current_grid_v1_nccp/state=18/planner=q3_active,q3_active,certified_completion_cost,15,105,81,21,0,0,3,False,False,1,1
q3_0064_P3_current_grid_v1_nccp/state=18/planner=q3_active,q3_active,estimated_completion_cost,0,0,0,0,0,0,0,,,0,0
q3_0064_P3_current_grid_v1_nccp/state=19/planner=q3_active,q3_active,D_worst,15,105,99,6,0,0,0,True,True,1,1
q3_0064_P3_current_grid_v1_nccp/state=19/planner=q3_active,q3_active,R_worst,15,105,99,6,0,0,0,True,True,1,1
q3_0064_P3_current_grid_v1_nccp/state=19/planner=q3_active,q3_active,G_worst,15,105,46,4,0,0,55,True,False,1,11
q3_0064_P3_current_grid_v1_nccp/state=19/planner=q3_active,q3_active,sampled_cert_score,15,105,46,4,0,0,55,True,False,1,11
q3_0064_P3_current_grid_v1_nccp/state=19/planner=q3_active,q3_active,certified_completion_cost,11,55,45,8,0,0,2,False,False,1,1
q3_0064_P3_current_grid_v1_nccp/state=19/planner=q3_active,q3_active,estimated_completion_cost,0,0,0,0,0,0,0,,,0,0
q4_0000_P4_diagnostic_v1_grid_v1/state=0/planner=q4_active,q4_active,D_worst,15,105,0,0,0,0,105,True,False,1,15
q4_0000_P4_diagnostic_v1_grid_v1/state=0/planner=q4_active,q4_active,R_worst,15,105,0,0,0,0,105,True,False,1,15
q4_0000_P4_diagnostic_v1_grid_v1/state=0/planner=q4_active,q4_active,G_worst,15,105,0,0,0,0,105,True,False,1,15
q4_0000_P4_diagnostic_v1_grid_v1/state=0/planner=q4_active,q4_active,sampled_cert_score,15,105,76,7,0,0,22,True,True,1,1
q4_0000_P4_diagnostic_v1_grid_v1/state=0/planner=q4_active,q4_active,certified_completion_cost,0,0,0,0,0,0,0,,,0,0
q4_0000_P4_diagnostic_v1_grid_v1/state=0/planner=q4_active,q4_active,estimated_completion_cost,0,0,0,0,0,0,0,,,0,0
q4_0000_P4_diagnostic_v1_grid_v1/state=1/planner=q4_active,q4_active,D_worst,15,105,0,0,0,0,105,True,False,1,15
q4_0000_P4_diagnostic_v1_grid_v1/state=1/planner=q4_active,q4_active,R_worst,15,105,0,0,0,0,105,True,False,1,15
q4_0000_P4_diagnostic_v1_grid_v1/state=1/planner=q4_active,q4_active,G_worst,15,105,0,0,0,0,105,True,False,1,15
q4_0000_P4_diagnostic_v1_grid_v1/state=1/planner=q4_active,q4_active,sampled_cert_score,15,105,52,13,0,0,40,False,False,1,2
q4_0000_P4_diagnostic_v1_grid_v1/state=1/planner=q4_active,q4_active,certified_completion_cost,0,0,0,0,0,0,0,,,0,0
q4_0000_P4_diagnostic_v1_grid_v1/state=1/planner=q4_active,q4_active,estimated_completion_cost,0,0,0,0,0,0,0,,,0,0
q4_0000_P4_diagnostic_v1_grid_v1/state=2/planner=q4_active,q4_active,D_worst,14,91,0,0,15,0,76,True,False,1,14
q4_0000_P4_diagnostic_v1_grid_v1/state=2/planner=q4_active,q4_active,R_worst,14,91,0,0,15,0,76,True,False,1,14
q4_0000_P4_diagnostic_v1_grid_v1/state=2/planner=q4_active,q4_active,G_worst,14,91,0,0,15,0,76,True,False,1,14
q4_0000_P4_diagnostic_v1_grid_v1/state=2/planner=q4_active,q4_active,sampled_cert_score,14,91,60,1,15,0,15,True,False,1,2
q4_0000_P4_diagnostic_v1_grid_v1/state=2/planner=q4_active,q4_active,certified_completion_cost,0,0,0,0,0,0,0,,,0,0
q4_0000_P4_diagnostic_v1_grid_v1/state=2/planner=q4_active,q4_active,estimated_completion_cost,0,0,0,0,0,0,0,,,0,0
q4_0000_P4_diagnostic_v1_grid_v1/state=3/planner=q4_active,q4_active,D_worst,15,105,0,0,0,0,105,True,False,1,15
q4_0000_P4_diagnostic_v1_grid_v1/state=3/planner=q4_active,q4_active,R_worst,15,105,0,0,0,0,105,True,False,1,15
q4_0000_P4_diagnostic_v1_grid_v1/state=3/planner=q4_active,q4_active,G_worst,15,105,0,0,0,0,105,True,False,1,15
q4_0000_P4_diagnostic_v1_grid_v1/state=3/planner=q4_active,q4_active,sampled_cert_score,15,105,61,4,0,0,40,False,False,1,3
q4_0000_P4_diagnostic_v1_grid_v1/state=3/planner=q4_active,q4_active,certified_completion_cost,0,0,0,0,0,0,0,,,0,0
q4_0000_P4_diagnostic_v1_grid_v1/state=3/planner=q4_active,q4_active,estimated_completion_cost,0,0,0,0,0,0,0,,,0,0
q4_0000_P4_diagnostic_v1_grid_v1/state=4/planner=q4_active,q4_active,D_worst,15,105,21,16,1,2,65,False,False,1,1
q4_0000_P4_diagnostic_v1_grid_v1/state=4/planner=q4_active,q4_active,R_worst,15,105,21,16,1,2,65,False,False,1,1
q4_0000_P4_diagnostic_v1_grid_v1/state=4/planner=q4_active,q4_active,G_worst,15,105,20,16,1,2,66,False,False,1,2
q4_0000_P4_diagnostic_v1_grid_v1/state=4/planner=q4_active,q4_active,sampled_cert_score,15,105,69,24,1,2,9,False,False,1,3
q4_0000_P4_diagnostic_v1_grid_v1/state=4/planner=q4_active,q4_active,certified_completion_cost,2,1,1,0,0,0,0,True,True,1,1
q4_0000_P4_diagnostic_v1_grid_v1/state=4/planner=q4_active,q4_active,estimated_completion_cost,0,0,0,0,0,0,0,,,0,0
q4_0000_P4_diagnostic_v1_grid_v1/state=5/planner=diagnostic_v1,diagnostic_v1,D_worst,4,6,0,0,0,0,6,True,False,1,4
q4_0000_P4_diagnostic_v1_grid_v1/state=5/planner=diagnostic_v1,diagnostic_v1,R_worst,4,6,0,0,0,0,6,True,False,1,4
q4_0000_P4_diagnostic_v1_grid_v1/state=5/planner=diagnostic_v1,diagnostic_v1,G_worst,4,6,0,0,0,0,6,True,False,1,4
q4_0000_P4_diagnostic_v1_grid_v1/state=5/planner=diagnostic_v1,diagnostic_v1,sampled_cert_score,4,6,1,3,0,0,2,False,False,1,2
q4_0000_P4_diagnostic_v1_grid_v1/state=5/planner=diagnostic_v1,diagnostic_v1,certified_completion_cost,0,0,0,0,0,0,0,,,0,0
q4_0000_P4_diagnostic_v1_grid_v1/state=5/planner=diagnostic_v1,diagnostic_v1,estimated_completion_cost,4,6,5,1,0,0,0,False,False,1,1
q4_0000_P4_diagnostic_v1_grid_v1/state=6/planner=diagnostic_v1,diagnostic_v1,D_worst,4,6,0,0,0,0,6,True,False,1,4
q4_0000_P4_diagnostic_v1_grid_v1/state=6/planner=diagnostic_v1,diagnostic_v1,R_worst,4,6,0,0,0,0,6,True,False,1,4
q4_0000_P4_diagnostic_v1_grid_v1/state=6/planner=diagnostic_v1,diagnostic_v1,G_worst,4,6,0,0,0,0,6,True,False,1,4
q4_0000_P4_diagnostic_v1_grid_v1/state=6/planner=diagnostic_v1,diagnostic_v1,sampled_cert_score,4,6,5,1,0,0,0,True,True,1,1
q4_0000_P4_diagnostic_v1_grid_v1/state=6/planner=diagnostic_v1,diagnostic_v1,certified_completion_cost,0,0,0,0,0,0,0,,,0,0
q4_0000_P4_diagnostic_v1_grid_v1/state=6/planner=diagnostic_v1,diagnostic_v1,estimated_completion_cost,4,6,5,1,0,0,0,True,True,1,1
q4_0000_P4_diagnostic_v1_grid_v1/state=7/planner=q4_active,q4_active,D_worst,15,105,0,0,15,0,90,True,False,1,15
q4_0000_P4_diagnostic_v1_grid_v1/state=7/planner=q4_active,q4_active,R_worst,15,105,0,0,15,0,90,True,False,1,15
q4_0000_P4_diagnostic_v1_grid_v1/state=7/planner=q4_active,q4_active,G_worst,15,105,0,0,15,0,90,True,False,1,15
q4_0000_P4_diagnostic_v1_grid_v1/state=7/planner=q4_active,q4_active,sampled_cert_score,15,105,60,7,15,0,23,False,False,1,1
q4_0000_P4_diagnostic_v1_grid_v1/state=7/planner=q4_active,q4_active,certified_completion_cost,0,0,0,0,0,0,0,,,0,0
q4_0000_P4_diagnostic_v1_grid_v1/state=7/planner=q4_active,q4_active,estimated_completion_cost,0,0,0,0,0,0,0,,,0,0
q4_0000_P4_diagnostic_v1_grid_v1/state=8/planner=q4_active,q4_active,D_worst,15,105,0,12,1,2,90,False,False,1,1
q4_0000_P4_diagnostic_v1_grid_v1/state=8/planner=q4_active,q4_active,R_worst,15,105,0,12,1,2,90,False,False,1,1
q4_0000_P4_diagnostic_v1_grid_v1/state=8/planner=q4_active,q4_active,G_worst,15,105,0,12,1,2,90,False,False,1,1
q4_0000_P4_diagnostic_v1_grid_v1/state=8/planner=q4_active,q4_active,sampled_cert_score,15,105,78,15,3,0,9,False,False,1,1
q4_0000_P4_diagnostic_v1_grid_v1/state=8/planner=q4_active,q4_active,certified_completion_cost,0,0,0,0,0,0,0,,,0,0
q4_0000_P4_diagnostic_v1_grid_v1/state=8/planner=q4_active,q4_active,estimated_completion_cost,0,0,0,0,0,0,0,,,0,0
q4_0000_P4_diagnostic_v1_grid_v1/state=9/planner=q4_active,q4_active,D_worst,15,105,14,0,0,0,91,True,True,1,1
q4_0000_P4_diagnostic_v1_grid_v1/state=9/planner=q4_active,q4_active,R_worst,15,105,14,0,0,0,91,True,True,1,1
q4_0000_P4_diagnostic_v1_grid_v1/state=9/planner=q4_active,q4_active,G_worst,15,105,14,0,0,0,91,True,True,1,1
q4_0000_P4_diagnostic_v1_grid_v1/state=9/planner=q4_active,q4_active,sampled_cert_score,15,105,25,1,0,0,79,True,False,1,13
q4_0000_P4_diagnostic_v1_grid_v1/state=9/planner=q4_active,q4_active,certified_completion_cost,1,0,0,0,0,0,0,True,True,1,1
q4_0000_P4_diagnostic_v1_grid_v1/state=9/planner=q4_active,q4_active,estimated_completion_cost,0,0,0,0,0,0,0,,,0,0
q4_0000_P4_diagnostic_v1_grid_v1/state=10/planner=q4_active,q4_active,D_worst,15,105,0,0,0,0,105,True,False,1,15
q4_0000_P4_diagnostic_v1_grid_v1/state=10/planner=q4_active,q4_active,R_worst,15,105,0,0,0,0,105,True,False,1,15
q4_0000_P4_diagnostic_v1_grid_v1/state=10/planner=q4_active,q4_active,G_worst,15,105,0,0,0,0,105,True,False,1,15
q4_0000_P4_diagnostic_v1_grid_v1/state=10/planner=q4_active,q4_active,sampled_cert_score,15,105,35,56,0,0,14,False,False,1,1
q4_0000_P4_diagnostic_v1_grid_v1/state=10/planner=q4_active,q4_active,certified_completion_cost,0,0,0,0,0,0,0,,,0,0
q4_0000_P4_diagnostic_v1_grid_v1/state=10/planner=q4_active,q4_active,estimated_completion_cost,0,0,0,0,0,0,0,,,0,0
q4_0000_P4_diagnostic_v1_grid_v1/state=11/planner=q4_active,q4_active,D_worst,15,105,49,20,15,0,21,False,False,1,1
q4_0000_P4_diagnostic_v1_grid_v1/state=11/planner=q4_active,q4_active,R_worst,15,105,49,20,15,0,21,False,False,1,1
q4_0000_P4_diagnostic_v1_grid_v1/state=11/planner=q4_active,q4_active,G_worst,15,105,49,20,15,0,21,False,False,1,1
q4_0000_P4_diagnostic_v1_grid_v1/state=11/planner=q4_active,q4_active,sampled_cert_score,15,105,35,25,15,0,30,False,False,1,1
q4_0000_P4_diagnostic_v1_grid_v1/state=11/planner=q4_active,q4_active,certified_completion_cost,0,0,0,0,0,0,0,,,0,0
q4_0000_P4_diagnostic_v1_grid_v1/state=11/planner=q4_active,q4_active,estimated_completion_cost,0,0,0,0,0,0,0,,,0,0
q4_0000_P4_diagnostic_v1_grid_v1/state=12/planner=q4_active,q4_active,D_worst,14,91,48,15,15,0,13,False,False,1,1
q4_0000_P4_diagnostic_v1_grid_v1/state=12/planner=q4_active,q4_active,R_worst,14,91,48,15,15,0,13,False,False,1,1
q4_0000_P4_diagnostic_v1_grid_v1/state=12/planner=q4_active,q4_active,G_worst,14,91,48,15,15,0,13,False,False,1,1
q4_0000_P4_diagnostic_v1_grid_v1/state=12/planner=q4_active,q4_active,sampled_cert_score,14,91,42,19,15,0,15,False,False,1,1
q4_0000_P4_diagnostic_v1_grid_v1/state=12/planner=q4_active,q4_active,certified_completion_cost,0,0,0,0,0,0,0,,,0,0
q4_0000_P4_diagnostic_v1_grid_v1/state=12/planner=q4_active,q4_active,estimated_completion_cost,0,0,0,0,0,0,0,,,0,0
q4_0000_P4_diagnostic_v1_grid_v1/state=13/planner=q4_active,q4_active,D_worst,15,105,72,5,6,0,22,True,True,1,1
q4_0000_P4_diagnostic_v1_grid_v1/state=13/planner=q4_active,q4_active,R_worst,15,105,72,5,6,0,22,True,True,1,1
q4_0000_P4_diagnostic_v1_grid_v1/state=13/planner=q4_active,q4_active,G_worst,15,105,72,5,6,0,22,True,True,1,1
q4_0000_P4_diagnostic_v1_grid_v1/state=13/planner=q4_active,q4_active,sampled_cert_score,15,105,64,5,6,0,30,True,True,1,1
q4_0000_P4_diagnostic_v1_grid_v1/state=13/planner=q4_active,q4_active,certified_completion_cost,1,0,0,0,0,0,0,True,True,1,1
q4_0000_P4_diagnostic_v1_grid_v1/state=13/planner=q4_active,q4_active,estimated_completion_cost,0,0,0,0,0,0,0,,,0,0
q4_0000_P4_diagnostic_v1_grid_v1/state=14/planner=diagnostic_v1,diagnostic_v1,D_worst,4,6,0,0,0,0,6,True,False,1,4
q4_0000_P4_diagnostic_v1_grid_v1/state=14/planner=diagnostic_v1,diagnostic_v1,R_worst,4,6,0,0,0,0,6,True,False,1,4
q4_0000_P4_diagnostic_v1_grid_v1/state=14/planner=diagnostic_v1,diagnostic_v1,G_worst,4,6,0,0,0,0,6,True,False,1,4
q4_0000_P4_diagnostic_v1_grid_v1/state=14/planner=diagnostic_v1,diagnostic_v1,sampled_cert_score,4,6,5,1,0,0,0,False,False,1,1
q4_0000_P4_diagnostic_v1_grid_v1/state=14/planner=diagnostic_v1,diagnostic_v1,certified_completion_cost,0,0,0,0,0,0,0,,,0,0
q4_0000_P4_diagnostic_v1_grid_v1/state=14/planner=diagnostic_v1,diagnostic_v1,estimated_completion_cost,4,6,6,0,0,0,0,True,True,1,1
q4_0000_P4_diagnostic_v1_grid_v1/state=15/planner=diagnostic_v1,diagnostic_v1,D_worst,4,6,0,0,0,0,6,True,False,1,4
q4_0000_P4_diagnostic_v1_grid_v1/state=15/planner=diagnostic_v1,diagnostic_v1,R_worst,4,6,0,0,0,0,6,True,False,1,4
q4_0000_P4_diagnostic_v1_grid_v1/state=15/planner=diagnostic_v1,diagnostic_v1,G_worst,4,6,0,0,0,0,6,True,False,1,4
q4_0000_P4_diagnostic_v1_grid_v1/state=15/planner=diagnostic_v1,diagnostic_v1,sampled_cert_score,4,6,5,0,0,0,1,True,True,1,1
q4_0000_P4_diagnostic_v1_grid_v1/state=15/planner=diagnostic_v1,diagnostic_v1,certified_completion_cost,0,0,0,0,0,0,0,,,0,0
q4_0000_P4_diagnostic_v1_grid_v1/state=15/planner=diagnostic_v1,diagnostic_v1,estimated_completion_cost,4,6,6,0,0,0,0,True,True,1,1
q4_0000_P4_diagnostic_v1_grid_v1/state=16/planner=diagnostic_v1,diagnostic_v1,D_worst,4,6,3,2,0,0,1,False,False,1,1
q4_0000_P4_diagnostic_v1_grid_v1/state=16/planner=diagnostic_v1,diagnostic_v1,R_worst,4,6,3,2,0,0,1,False,False,1,1
q4_0000_P4_diagnostic_v1_grid_v1/state=16/planner=diagnostic_v1,diagnostic_v1,G_worst,4,6,3,2,0,0,1,False,False,1,1
q4_0000_P4_diagnostic_v1_grid_v1/state=16/planner=diagnostic_v1,diagnostic_v1,sampled_cert_score,4,6,3,2,0,0,1,False,False,1,2
q4_0000_P4_diagnostic_v1_grid_v1/state=16/planner=diagnostic_v1,diagnostic_v1,certified_completion_cost,1,0,0,0,0,0,0,True,True,1,1
q4_0000_P4_diagnostic_v1_grid_v1/state=16/planner=diagnostic_v1,diagnostic_v1,estimated_completion_cost,4,6,4,2,0,0,0,False,False,1,1
q4_0000_P4_diagnostic_v1_grid_v1/state=17/planner=q4_active,q4_active,D_worst,15,105,0,0,0,0,105,True,False,1,15
q4_0000_P4_diagnostic_v1_grid_v1/state=17/planner=q4_active,q4_active,R_worst,15,105,0,0,0,0,105,True,False,1,15
q4_0000_P4_diagnostic_v1_grid_v1/state=17/planner=q4_active,q4_active,G_worst,15,105,0,0,0,0,105,True,False,1,15
q4_0000_P4_diagnostic_v1_grid_v1/state=17/planner=q4_active,q4_active,sampled_cert_score,15,105,49,52,0,0,4,False,False,1,1
q4_0000_P4_diagnostic_v1_grid_v1/state=17/planner=q4_active,q4_active,certified_completion_cost,0,0,0,0,0,0,0,,,0,0
q4_0000_P4_diagnostic_v1_grid_v1/state=17/planner=q4_active,q4_active,estimated_completion_cost,0,0,0,0,0,0,0,,,0,0
q4_0000_P4_diagnostic_v1_grid_v1/state=18/planner=q4_active,q4_active,D_worst,15,105,30,9,0,0,66,False,False,1,1
q4_0000_P4_diagnostic_v1_grid_v1/state=18/planner=q4_active,q4_active,R_worst,15,105,30,9,0,0,66,False,False,1,1
q4_0000_P4_diagnostic_v1_grid_v1/state=18/planner=q4_active,q4_active,G_worst,15,105,30,9,0,0,66,False,False,1,1
q4_0000_P4_diagnostic_v1_grid_v1/state=18/planner=q4_active,q4_active,sampled_cert_score,15,105,84,7,0,0,14,False,False,1,2
q4_0000_P4_diagnostic_v1_grid_v1/state=18/planner=q4_active,q4_active,certified_completion_cost,1,0,0,0,0,0,0,True,True,1,1
q4_0000_P4_diagnostic_v1_grid_v1/state=18/planner=q4_active,q4_active,estimated_completion_cost,0,0,0,0,0,0,0,,,0,0
q4_0000_P4_diagnostic_v1_grid_v1/state=19/planner=q4_active,q4_active,D_worst,15,105,4,23,0,0,78,False,False,1,1
q4_0000_P4_diagnostic_v1_grid_v1/state=19/planner=q4_active,q4_active,R_worst,15,105,4,23,0,0,78,False,False,1,1
q4_0000_P4_diagnostic_v1_grid_v1/state=19/planner=q4_active,q4_active,G_worst,15,105,4,23,0,0,78,False,False,1,1
q4_0000_P4_diagnostic_v1_grid_v1/state=19/planner=q4_active,q4_active,sampled_cert_score,15,105,67,16,0,0,22,True,False,1,6
q4_0000_P4_diagnostic_v1_grid_v1/state=19/planner=q4_active,q4_active,certified_completion_cost,0,0,0,0,0,0,0,,,0,0
q4_0000_P4_diagnostic_v1_grid_v1/state=19/planner=q4_active,q4_active,estimated_completion_cost,0,0,0,0,0,0,0,,,0,0
q4_0000_P4_diagnostic_v1_grid_v1/state=20/planner=q4_active,q4_active,D_worst,15,105,16,11,0,0,78,False,False,1,1
q4_0000_P4_diagnostic_v1_grid_v1/state=20/planner=q4_active,q4_active,R_worst,15,105,16,11,0,0,78,False,False,1,1
q4_0000_P4_diagnostic_v1_grid_v1/state=20/planner=q4_active,q4_active,G_worst,15,105,16,11,0,0,78,False,False,1,1
q4_0000_P4_diagnostic_v1_grid_v1/state=20/planner=q4_active,q4_active,sampled_cert_score,15,105,75,8,0,0,22,False,False,1,1
q4_0000_P4_diagnostic_v1_grid_v1/state=20/planner=q4_active,q4_active,certified_completion_cost,0,0,0,0,0,0,0,,,0,0
q4_0000_P4_diagnostic_v1_grid_v1/state=20/planner=q4_active,q4_active,estimated_completion_cost,0,0,0,0,0,0,0,,,0,0
q4_0000_P4_diagnostic_v1_grid_v1/state=21/planner=q4_active,q4_active,D_worst,15,105,15,12,0,0,78,False,False,1,1
q4_0000_P4_diagnostic_v1_grid_v1/state=21/planner=q4_active,q4_active,R_worst,15,105,15,12,0,0,78,False,False,1,1
q4_0000_P4_diagnostic_v1_grid_v1/state=21/planner=q4_active,q4_active,G_worst,15,105,15,12,0,0,78,False,False,1,1
q4_0000_P4_diagnostic_v1_grid_v1/state=21/planner=q4_active,q4_active,sampled_cert_score,15,105,71,17,0,0,17,False,False,1,2
q4_0000_P4_diagnostic_v1_grid_v1/state=21/planner=q4_active,q4_active,certified_completion_cost,0,0,0,0,0,0,0,,,0,0
q4_0000_P4_diagnostic_v1_grid_v1/state=21/planner=q4_active,q4_active,estimated_completion_cost,0,0,0,0,0,0,0,,,0,0
q4_0000_P4_diagnostic_v1_grid_v1/state=22/planner=q4_active,q4_active,D_worst,15,105,62,7,6,0,30,False,False,1,1
q4_0000_P4_diagnostic_v1_grid_v1/state=22/planner=q4_active,q4_active,R_worst,15,105,62,7,6,0,30,False,False,1,1
q4_0000_P4_diagnostic_v1_grid_v1/state=22/planner=q4_active,q4_active,G_worst,15,105,58,1,6,0,40,True,False,1,5
q4_0000_P4_diagnostic_v1_grid_v1/state=22/planner=q4_active,q4_active,sampled_cert_score,15,105,82,2,6,0,15,True,False,1,5
q4_0000_P4_diagnostic_v1_grid_v1/state=22/planner=q4_active,q4_active,certified_completion_cost,5,10,4,6,0,0,0,False,False,1,1
q4_0000_P4_diagnostic_v1_grid_v1/state=22/planner=q4_active,q4_active,estimated_completion_cost,0,0,0,0,0,0,0,,,0,0
q4_0000_P4_diagnostic_v1_grid_v1/state=23/planner=q4_active,q4_active,D_worst,15,105,3,11,0,0,91,False,False,1,1
q4_0000_P4_diagnostic_v1_grid_v1/state=23/planner=q4_active,q4_active,R_worst,15,105,3,11,0,0,91,False,False,1,1
q4_0000_P4_diagnostic_v1_grid_v1/state=23/planner=q4_active,q4_active,G_worst,15,105,3,11,0,0,91,False,False,1,1
q4_0000_P4_diagnostic_v1_grid_v1/state=23/planner=q4_active,q4_active,sampled_cert_score,15,105,45,34,0,0,26,False,False,1,6
q4_0000_P4_diagnostic_v1_grid_v1/state=23/planner=q4_active,q4_active,certified_completion_cost,1,0,0,0,0,0,0,True,True,1,1
q4_0000_P4_diagnostic_v1_grid_v1/state=23/planner=q4_active,q4_active,estimated_completion_cost,0,0,0,0,0,0,0,,,0,0
q4_0000_P4_diagnostic_v1_grid_v1/state=24/planner=q4_active,q4_active,D_worst,15,105,26,24,0,0,55,False,False,1,1
q4_0000_P4_diagnostic_v1_grid_v1/state=24/planner=q4_active,q4_active,R_worst,15,105,26,24,0,0,55,False,False,1,1
q4_0000_P4_diagnostic_v1_grid_v1/state=24/planner=q4_active,q4_active,G_worst,15,105,26,24,0,0,55,False,False,1,1
q4_0000_P4_diagnostic_v1_grid_v1/state=24/planner=q4_active,q4_active,sampled_cert_score,15,105,78,17,0,0,10,True,True,1,1
q4_0000_P4_diagnostic_v1_grid_v1/state=24/planner=q4_active,q4_active,certified_completion_cost,0,0,0,0,0,0,0,,,0,0
q4_0000_P4_diagnostic_v1_grid_v1/state=24/planner=q4_active,q4_active,estimated_completion_cost,0,0,0,0,0,0,0,,,0,0
q4_0000_P4_diagnostic_v1_grid_v1/state=25/planner=q4_active,q4_active,D_worst,15,105,6,21,0,0,78,False,False,1,1
q4_0000_P4_diagnostic_v1_grid_v1/state=25/planner=q4_active,q4_active,R_worst,15,105,6,21,0,0,78,False,False,1,1
q4_0000_P4_diagnostic_v1_grid_v1/state=25/planner=q4_active,q4_active,G_worst,15,105,5,21,0,0,79,False,False,1,2
q4_0000_P4_diagnostic_v1_grid_v1/state=25/planner=q4_active,q4_active,sampled_cert_score,15,105,26,21,0,0,58,True,False,1,11
q4_0000_P4_diagnostic_v1_grid_v1/state=25/planner=q4_active,q4_active,certified_completion_cost,2,1,1,0,0,0,0,True,True,1,1
q4_0000_P4_diagnostic_v1_grid_v1/state=25/planner=q4_active,q4_active,estimated_completion_cost,0,0,0,0,0,0,0,,,0,0
q4_0000_P4_diagnostic_v1_grid_v1/state=26/planner=diagnostic_v1,diagnostic_v1,D_worst,4,6,1,3,0,0,2,False,False,1,2
q4_0000_P4_diagnostic_v1_grid_v1/state=26/planner=diagnostic_v1,diagnostic_v1,R_worst,4,6,1,3,0,0,2,False,False,1,2
q4_0000_P4_diagnostic_v1_grid_v1/state=26/planner=diagnostic_v1,diagnostic_v1,G_worst,4,6,1,3,0,0,2,False,False,1,2
q4_0000_P4_diagnostic_v1_grid_v1/state=26/planner=diagnostic_v1,diagnostic_v1,sampled_cert_score,4,6,2,1,0,0,3,True,False,1,3
q4_0000_P4_diagnostic_v1_grid_v1/state=26/planner=diagnostic_v1,diagnostic_v1,certified_completion_cost,2,1,1,0,0,0,0,True,True,1,1
q4_0000_P4_diagnostic_v1_grid_v1/state=26/planner=diagnostic_v1,diagnostic_v1,estimated_completion_cost,4,6,5,1,0,0,0,True,True,1,1
q4_0000_P4_diagnostic_v1_grid_v1_nccp/state=0/planner=q4_active,q4_active,D_worst,15,105,0,0,0,0,105,True,False,1,15
q4_0000_P4_diagnostic_v1_grid_v1_nccp/state=0/planner=q4_active,q4_active,R_worst,15,105,0,0,0,0,105,True,False,1,15
q4_0000_P4_diagnostic_v1_grid_v1_nccp/state=0/planner=q4_active,q4_active,G_worst,15,105,0,0,0,0,105,True,False,1,15
q4_0000_P4_diagnostic_v1_grid_v1_nccp/state=0/planner=q4_active,q4_active,sampled_cert_score,15,105,76,7,0,0,22,True,True,1,1
q4_0000_P4_diagnostic_v1_grid_v1_nccp/state=0/planner=q4_active,q4_active,certified_completion_cost,0,0,0,0,0,0,0,,,0,0
q4_0000_P4_diagnostic_v1_grid_v1_nccp/state=0/planner=q4_active,q4_active,estimated_completion_cost,0,0,0,0,0,0,0,,,0,0
q4_0000_P4_diagnostic_v1_grid_v1_nccp/state=1/planner=q4_active,q4_active,D_worst,15,105,0,0,0,0,105,True,False,1,15
q4_0000_P4_diagnostic_v1_grid_v1_nccp/state=1/planner=q4_active,q4_active,R_worst,15,105,0,0,0,0,105,True,False,1,15
q4_0000_P4_diagnostic_v1_grid_v1_nccp/state=1/planner=q4_active,q4_active,G_worst,15,105,0,0,0,0,105,True,False,1,15
q4_0000_P4_diagnostic_v1_grid_v1_nccp/state=1/planner=q4_active,q4_active,sampled_cert_score,15,105,52,13,0,0,40,False,False,1,2
q4_0000_P4_diagnostic_v1_grid_v1_nccp/state=1/planner=q4_active,q4_active,certified_completion_cost,0,0,0,0,0,0,0,,,0,0
q4_0000_P4_diagnostic_v1_grid_v1_nccp/state=1/planner=q4_active,q4_active,estimated_completion_cost,0,0,0,0,0,0,0,,,0,0
q4_0000_P4_diagnostic_v1_grid_v1_nccp/state=2/planner=q4_active,q4_active,D_worst,14,91,0,0,15,0,76,True,False,1,14
q4_0000_P4_diagnostic_v1_grid_v1_nccp/state=2/planner=q4_active,q4_active,R_worst,14,91,0,0,15,0,76,True,False,1,14
q4_0000_P4_diagnostic_v1_grid_v1_nccp/state=2/planner=q4_active,q4_active,G_worst,14,91,0,0,15,0,76,True,False,1,14
q4_0000_P4_diagnostic_v1_grid_v1_nccp/state=2/planner=q4_active,q4_active,sampled_cert_score,14,91,60,1,15,0,15,True,False,1,2
q4_0000_P4_diagnostic_v1_grid_v1_nccp/state=2/planner=q4_active,q4_active,certified_completion_cost,0,0,0,0,0,0,0,,,0,0
q4_0000_P4_diagnostic_v1_grid_v1_nccp/state=2/planner=q4_active,q4_active,estimated_completion_cost,0,0,0,0,0,0,0,,,0,0
q4_0000_P4_diagnostic_v1_grid_v1_nccp/state=3/planner=q4_active,q4_active,D_worst,15,105,0,0,0,0,105,True,False,1,15
q4_0000_P4_diagnostic_v1_grid_v1_nccp/state=3/planner=q4_active,q4_active,R_worst,15,105,0,0,0,0,105,True,False,1,15
q4_0000_P4_diagnostic_v1_grid_v1_nccp/state=3/planner=q4_active,q4_active,G_worst,15,105,0,0,0,0,105,True,False,1,15
q4_0000_P4_diagnostic_v1_grid_v1_nccp/state=3/planner=q4_active,q4_active,sampled_cert_score,15,105,61,4,0,0,40,False,False,1,3
q4_0000_P4_diagnostic_v1_grid_v1_nccp/state=3/planner=q4_active,q4_active,certified_completion_cost,0,0,0,0,0,0,0,,,0,0
q4_0000_P4_diagnostic_v1_grid_v1_nccp/state=3/planner=q4_active,q4_active,estimated_completion_cost,0,0,0,0,0,0,0,,,0,0
q4_0000_P4_diagnostic_v1_grid_v1_nccp/state=4/planner=q4_active,q4_active,D_worst,15,105,21,16,1,2,65,False,False,1,1
q4_0000_P4_diagnostic_v1_grid_v1_nccp/state=4/planner=q4_active,q4_active,R_worst,15,105,21,16,1,2,65,False,False,1,1
q4_0000_P4_diagnostic_v1_grid_v1_nccp/state=4/planner=q4_active,q4_active,G_worst,15,105,20,16,1,2,66,False,False,1,2
q4_0000_P4_diagnostic_v1_grid_v1_nccp/state=4/planner=q4_active,q4_active,sampled_cert_score,15,105,69,24,1,2,9,False,False,1,3
q4_0000_P4_diagnostic_v1_grid_v1_nccp/state=4/planner=q4_active,q4_active,certified_completion_cost,2,1,1,0,0,0,0,True,True,1,1
q4_0000_P4_diagnostic_v1_grid_v1_nccp/state=4/planner=q4_active,q4_active,estimated_completion_cost,0,0,0,0,0,0,0,,,0,0
q4_0000_P4_diagnostic_v1_grid_v1_nccp/state=5/planner=diagnostic_v1,diagnostic_v1,D_worst,4,6,0,0,0,0,6,True,False,1,4
q4_0000_P4_diagnostic_v1_grid_v1_nccp/state=5/planner=diagnostic_v1,diagnostic_v1,R_worst,4,6,0,0,0,0,6,True,False,1,4
q4_0000_P4_diagnostic_v1_grid_v1_nccp/state=5/planner=diagnostic_v1,diagnostic_v1,G_worst,4,6,0,0,0,0,6,True,False,1,4
q4_0000_P4_diagnostic_v1_grid_v1_nccp/state=5/planner=diagnostic_v1,diagnostic_v1,sampled_cert_score,4,6,3,2,0,0,1,True,True,1,1
q4_0000_P4_diagnostic_v1_grid_v1_nccp/state=5/planner=diagnostic_v1,diagnostic_v1,certified_completion_cost,0,0,0,0,0,0,0,,,0,0
q4_0000_P4_diagnostic_v1_grid_v1_nccp/state=5/planner=diagnostic_v1,diagnostic_v1,estimated_completion_cost,4,6,6,0,0,0,0,True,True,1,1
q4_0000_P4_diagnostic_v1_grid_v1_nccp/state=6/planner=diagnostic_v1,diagnostic_v1,D_worst,4,6,3,0,0,0,3,True,True,1,1
q4_0000_P4_diagnostic_v1_grid_v1_nccp/state=6/planner=diagnostic_v1,diagnostic_v1,R_worst,4,6,3,0,0,0,3,True,True,1,1
q4_0000_P4_diagnostic_v1_grid_v1_nccp/state=6/planner=diagnostic_v1,diagnostic_v1,G_worst,4,6,3,0,0,0,3,True,True,1,1
q4_0000_P4_diagnostic_v1_grid_v1_nccp/state=6/planner=diagnostic_v1,diagnostic_v1,sampled_cert_score,4,6,3,2,0,0,1,True,True,1,1
q4_0000_P4_diagnostic_v1_grid_v1_nccp/state=6/planner=diagnostic_v1,diagnostic_v1,certified_completion_cost,0,0,0,0,0,0,0,,,0,0
q4_0000_P4_diagnostic_v1_grid_v1_nccp/state=6/planner=diagnostic_v1,diagnostic_v1,estimated_completion_cost,4,6,6,0,0,0,0,True,True,1,1
q4_0000_P4_diagnostic_v1_grid_v1_nccp/state=7/planner=diagnostic_v1,diagnostic_v1,D_worst,4,6,3,0,0,0,3,True,True,1,1
q4_0000_P4_diagnostic_v1_grid_v1_nccp/state=7/planner=diagnostic_v1,diagnostic_v1,R_worst,4,6,3,0,0,0,3,True,True,1,1
q4_0000_P4_diagnostic_v1_grid_v1_nccp/state=7/planner=diagnostic_v1,diagnostic_v1,G_worst,4,6,3,0,0,0,3,True,True,1,1
q4_0000_P4_diagnostic_v1_grid_v1_nccp/state=7/planner=diagnostic_v1,diagnostic_v1,sampled_cert_score,4,6,5,1,0,0,0,True,True,1,1
q4_0000_P4_diagnostic_v1_grid_v1_nccp/state=7/planner=diagnostic_v1,diagnostic_v1,certified_completion_cost,1,0,0,0,0,0,0,True,True,1,1
q4_0000_P4_diagnostic_v1_grid_v1_nccp/state=7/planner=diagnostic_v1,diagnostic_v1,estimated_completion_cost,4,6,5,1,0,0,0,False,False,1,1
q4_0000_P4_diagnostic_v1_grid_v1_nccp/state=8/planner=q4_active,q4_active,D_worst,15,105,0,0,15,0,90,True,False,1,15
q4_0000_P4_diagnostic_v1_grid_v1_nccp/state=8/planner=q4_active,q4_active,R_worst,15,105,0,0,15,0,90,True,False,1,15
q4_0000_P4_diagnostic_v1_grid_v1_nccp/state=8/planner=q4_active,q4_active,G_worst,15,105,0,0,15,0,90,True,False,1,15
q4_0000_P4_diagnostic_v1_grid_v1_nccp/state=8/planner=q4_active,q4_active,sampled_cert_score,15,105,60,7,15,0,23,False,False,1,1
q4_0000_P4_diagnostic_v1_grid_v1_nccp/state=8/planner=q4_active,q4_active,certified_completion_cost,0,0,0,0,0,0,0,,,0,0
q4_0000_P4_diagnostic_v1_grid_v1_nccp/state=8/planner=q4_active,q4_active,estimated_completion_cost,0,0,0,0,0,0,0,,,0,0
q4_0000_P4_diagnostic_v1_grid_v1_nccp/state=9/planner=q4_active,q4_active,D_worst,15,105,0,12,1,2,90,False,False,1,1
q4_0000_P4_diagnostic_v1_grid_v1_nccp/state=9/planner=q4_active,q4_active,R_worst,15,105,0,12,1,2,90,False,False,1,1
q4_0000_P4_diagnostic_v1_grid_v1_nccp/state=9/planner=q4_active,q4_active,G_worst,15,105,0,12,1,2,90,False,False,1,1
q4_0000_P4_diagnostic_v1_grid_v1_nccp/state=9/planner=q4_active,q4_active,sampled_cert_score,15,105,78,15,3,0,9,False,False,1,1
q4_0000_P4_diagnostic_v1_grid_v1_nccp/state=9/planner=q4_active,q4_active,certified_completion_cost,0,0,0,0,0,0,0,,,0,0
q4_0000_P4_diagnostic_v1_grid_v1_nccp/state=9/planner=q4_active,q4_active,estimated_completion_cost,0,0,0,0,0,0,0,,,0,0
q4_0000_P4_diagnostic_v1_grid_v1_nccp/state=10/planner=q4_active,q4_active,D_worst,15,105,14,0,0,0,91,True,True,1,1
q4_0000_P4_diagnostic_v1_grid_v1_nccp/state=10/planner=q4_active,q4_active,R_worst,15,105,14,0,0,0,91,True,True,1,1
q4_0000_P4_diagnostic_v1_grid_v1_nccp/state=10/planner=q4_active,q4_active,G_worst,15,105,14,0,0,0,91,True,True,1,1
q4_0000_P4_diagnostic_v1_grid_v1_nccp/state=10/planner=q4_active,q4_active,sampled_cert_score,15,105,25,1,0,0,79,True,False,1,13
q4_0000_P4_diagnostic_v1_grid_v1_nccp/state=10/planner=q4_active,q4_active,certified_completion_cost,1,0,0,0,0,0,0,True,True,1,1
q4_0000_P4_diagnostic_v1_grid_v1_nccp/state=10/planner=q4_active,q4_active,estimated_completion_cost,0,0,0,0,0,0,0,,,0,0
q4_0000_P4_diagnostic_v1_grid_v1_nccp/state=11/planner=q4_active,q4_active,D_worst,15,105,0,0,0,0,105,True,False,1,15
q4_0000_P4_diagnostic_v1_grid_v1_nccp/state=11/planner=q4_active,q4_active,R_worst,15,105,0,0,0,0,105,True,False,1,15
q4_0000_P4_diagnostic_v1_grid_v1_nccp/state=11/planner=q4_active,q4_active,G_worst,15,105,0,0,0,0,105,True,False,1,15
q4_0000_P4_diagnostic_v1_grid_v1_nccp/state=11/planner=q4_active,q4_active,sampled_cert_score,15,105,35,56,0,0,14,False,False,1,1
q4_0000_P4_diagnostic_v1_grid_v1_nccp/state=11/planner=q4_active,q4_active,certified_completion_cost,0,0,0,0,0,0,0,,,0,0
q4_0000_P4_diagnostic_v1_grid_v1_nccp/state=11/planner=q4_active,q4_active,estimated_completion_cost,0,0,0,0,0,0,0,,,0,0
q4_0000_P4_diagnostic_v1_grid_v1_nccp/state=12/planner=q4_active,q4_active,D_worst,15,105,49,20,15,0,21,False,False,1,1
q4_0000_P4_diagnostic_v1_grid_v1_nccp/state=12/planner=q4_active,q4_active,R_worst,15,105,49,20,15,0,21,False,False,1,1
q4_0000_P4_diagnostic_v1_grid_v1_nccp/state=12/planner=q4_active,q4_active,G_worst,15,105,49,20,15,0,21,False,False,1,1
q4_0000_P4_diagnostic_v1_grid_v1_nccp/state=12/planner=q4_active,q4_active,sampled_cert_score,15,105,35,25,15,0,30,False,False,1,1
q4_0000_P4_diagnostic_v1_grid_v1_nccp/state=12/planner=q4_active,q4_active,certified_completion_cost,0,0,0,0,0,0,0,,,0,0
q4_0000_P4_diagnostic_v1_grid_v1_nccp/state=12/planner=q4_active,q4_active,estimated_completion_cost,0,0,0,0,0,0,0,,,0,0
q4_0000_P4_diagnostic_v1_grid_v1_nccp/state=13/planner=q4_active,q4_active,D_worst,14,91,48,15,15,0,13,False,False,1,1
q4_0000_P4_diagnostic_v1_grid_v1_nccp/state=13/planner=q4_active,q4_active,R_worst,14,91,48,15,15,0,13,False,False,1,1
q4_0000_P4_diagnostic_v1_grid_v1_nccp/state=13/planner=q4_active,q4_active,G_worst,14,91,48,15,15,0,13,False,False,1,1
q4_0000_P4_diagnostic_v1_grid_v1_nccp/state=13/planner=q4_active,q4_active,sampled_cert_score,14,91,42,19,15,0,15,False,False,1,1
q4_0000_P4_diagnostic_v1_grid_v1_nccp/state=13/planner=q4_active,q4_active,certified_completion_cost,0,0,0,0,0,0,0,,,0,0
q4_0000_P4_diagnostic_v1_grid_v1_nccp/state=13/planner=q4_active,q4_active,estimated_completion_cost,0,0,0,0,0,0,0,,,0,0
q4_0000_P4_diagnostic_v1_grid_v1_nccp/state=14/planner=q4_active,q4_active,D_worst,15,105,72,5,6,0,22,True,True,1,1
q4_0000_P4_diagnostic_v1_grid_v1_nccp/state=14/planner=q4_active,q4_active,R_worst,15,105,72,5,6,0,22,True,True,1,1
q4_0000_P4_diagnostic_v1_grid_v1_nccp/state=14/planner=q4_active,q4_active,G_worst,15,105,72,5,6,0,22,True,True,1,1
q4_0000_P4_diagnostic_v1_grid_v1_nccp/state=14/planner=q4_active,q4_active,sampled_cert_score,15,105,64,5,6,0,30,True,True,1,1
q4_0000_P4_diagnostic_v1_grid_v1_nccp/state=14/planner=q4_active,q4_active,certified_completion_cost,1,0,0,0,0,0,0,True,True,1,1
q4_0000_P4_diagnostic_v1_grid_v1_nccp/state=14/planner=q4_active,q4_active,estimated_completion_cost,0,0,0,0,0,0,0,,,0,0
q4_0000_P4_diagnostic_v1_grid_v1_nccp/state=15/planner=diagnostic_v1,diagnostic_v1,D_worst,4,6,0,0,0,0,6,True,False,1,4
q4_0000_P4_diagnostic_v1_grid_v1_nccp/state=15/planner=diagnostic_v1,diagnostic_v1,R_worst,4,6,0,0,0,0,6,True,False,1,4
q4_0000_P4_diagnostic_v1_grid_v1_nccp/state=15/planner=diagnostic_v1,diagnostic_v1,G_worst,4,6,0,0,0,0,6,True,False,1,4
q4_0000_P4_diagnostic_v1_grid_v1_nccp/state=15/planner=diagnostic_v1,diagnostic_v1,sampled_cert_score,4,6,5,1,0,0,0,False,False,1,1
q4_0000_P4_diagnostic_v1_grid_v1_nccp/state=15/planner=diagnostic_v1,diagnostic_v1,certified_completion_cost,0,0,0,0,0,0,0,,,0,0
q4_0000_P4_diagnostic_v1_grid_v1_nccp/state=15/planner=diagnostic_v1,diagnostic_v1,estimated_completion_cost,4,6,6,0,0,0,0,True,True,1,1
q4_0000_P4_diagnostic_v1_grid_v1_nccp/state=16/planner=diagnostic_v1,diagnostic_v1,D_worst,4,6,0,0,0,0,6,True,False,1,4
q4_0000_P4_diagnostic_v1_grid_v1_nccp/state=16/planner=diagnostic_v1,diagnostic_v1,R_worst,4,6,0,0,0,0,6,True,False,1,4
q4_0000_P4_diagnostic_v1_grid_v1_nccp/state=16/planner=diagnostic_v1,diagnostic_v1,G_worst,4,6,0,0,0,0,6,True,False,1,4
q4_0000_P4_diagnostic_v1_grid_v1_nccp/state=16/planner=diagnostic_v1,diagnostic_v1,sampled_cert_score,4,6,5,0,0,0,1,True,True,1,1
q4_0000_P4_diagnostic_v1_grid_v1_nccp/state=16/planner=diagnostic_v1,diagnostic_v1,certified_completion_cost,0,0,0,0,0,0,0,,,0,0
q4_0000_P4_diagnostic_v1_grid_v1_nccp/state=16/planner=diagnostic_v1,diagnostic_v1,estimated_completion_cost,4,6,6,0,0,0,0,True,True,1,1
q4_0000_P4_diagnostic_v1_grid_v1_nccp/state=17/planner=diagnostic_v1,diagnostic_v1,D_worst,4,6,2,1,0,0,3,False,False,1,1
q4_0000_P4_diagnostic_v1_grid_v1_nccp/state=17/planner=diagnostic_v1,diagnostic_v1,R_worst,4,6,2,1,0,0,3,False,False,1,1
q4_0000_P4_diagnostic_v1_grid_v1_nccp/state=17/planner=diagnostic_v1,diagnostic_v1,G_worst,4,6,2,1,0,0,3,False,False,1,1
q4_0000_P4_diagnostic_v1_grid_v1_nccp/state=17/planner=diagnostic_v1,diagnostic_v1,sampled_cert_score,4,6,6,0,0,0,0,True,True,1,1
q4_0000_P4_diagnostic_v1_grid_v1_nccp/state=17/planner=diagnostic_v1,diagnostic_v1,certified_completion_cost,0,0,0,0,0,0,0,,,0,0
q4_0000_P4_diagnostic_v1_grid_v1_nccp/state=17/planner=diagnostic_v1,diagnostic_v1,estimated_completion_cost,4,6,6,0,0,0,0,True,True,1,1
q4_0000_P4_diagnostic_v1_grid_v1_nccp/state=18/planner=q4_active,q4_active,D_worst,15,105,0,0,0,0,105,True,False,1,15
q4_0000_P4_diagnostic_v1_grid_v1_nccp/state=18/planner=q4_active,q4_active,R_worst,15,105,0,0,0,0,105,True,False,1,15
q4_0000_P4_diagnostic_v1_grid_v1_nccp/state=18/planner=q4_active,q4_active,G_worst,15,105,0,0,0,0,105,True,False,1,15
q4_0000_P4_diagnostic_v1_grid_v1_nccp/state=18/planner=q4_active,q4_active,sampled_cert_score,15,105,49,52,0,0,4,False,False,1,1
q4_0000_P4_diagnostic_v1_grid_v1_nccp/state=18/planner=q4_active,q4_active,certified_completion_cost,0,0,0,0,0,0,0,,,0,0
q4_0000_P4_diagnostic_v1_grid_v1_nccp/state=18/planner=q4_active,q4_active,estimated_completion_cost,0,0,0,0,0,0,0,,,0,0
q4_0000_P4_diagnostic_v1_grid_v1_nccp/state=19/planner=q4_active,q4_active,D_worst,15,105,30,9,0,0,66,False,False,1,1
q4_0000_P4_diagnostic_v1_grid_v1_nccp/state=19/planner=q4_active,q4_active,R_worst,15,105,30,9,0,0,66,False,False,1,1
q4_0000_P4_diagnostic_v1_grid_v1_nccp/state=19/planner=q4_active,q4_active,G_worst,15,105,30,9,0,0,66,False,False,1,1
q4_0000_P4_diagnostic_v1_grid_v1_nccp/state=19/planner=q4_active,q4_active,sampled_cert_score,15,105,84,7,0,0,14,False,False,1,2
q4_0000_P4_diagnostic_v1_grid_v1_nccp/state=19/planner=q4_active,q4_active,certified_completion_cost,1,0,0,0,0,0,0,True,True,1,1
q4_0000_P4_diagnostic_v1_grid_v1_nccp/state=19/planner=q4_active,q4_active,estimated_completion_cost,0,0,0,0,0,0,0,,,0,0
q4_0000_P4_diagnostic_v1_grid_v1_nccp/state=20/planner=q4_active,q4_active,D_worst,15,105,4,23,0,0,78,False,False,1,1
q4_0000_P4_diagnostic_v1_grid_v1_nccp/state=20/planner=q4_active,q4_active,R_worst,15,105,4,23,0,0,78,False,False,1,1
q4_0000_P4_diagnostic_v1_grid_v1_nccp/state=20/planner=q4_active,q4_active,G_worst,15,105,4,23,0,0,78,False,False,1,1
q4_0000_P4_diagnostic_v1_grid_v1_nccp/state=20/planner=q4_active,q4_active,sampled_cert_score,15,105,67,16,0,0,22,True,False,1,6
q4_0000_P4_diagnostic_v1_grid_v1_nccp/state=20/planner=q4_active,q4_active,certified_completion_cost,0,0,0,0,0,0,0,,,0,0
q4_0000_P4_diagnostic_v1_grid_v1_nccp/state=20/planner=q4_active,q4_active,estimated_completion_cost,0,0,0,0,0,0,0,,,0,0
q4_0000_P4_diagnostic_v1_grid_v1_nccp/state=21/planner=q4_active,q4_active,D_worst,15,105,16,11,0,0,78,False,False,1,1
q4_0000_P4_diagnostic_v1_grid_v1_nccp/state=21/planner=q4_active,q4_active,R_worst,15,105,16,11,0,0,78,False,False,1,1
q4_0000_P4_diagnostic_v1_grid_v1_nccp/state=21/planner=q4_active,q4_active,G_worst,15,105,16,11,0,0,78,False,False,1,1
q4_0000_P4_diagnostic_v1_grid_v1_nccp/state=21/planner=q4_active,q4_active,sampled_cert_score,15,105,75,8,0,0,22,False,False,1,1
q4_0000_P4_diagnostic_v1_grid_v1_nccp/state=21/planner=q4_active,q4_active,certified_completion_cost,0,0,0,0,0,0,0,,,0,0
q4_0000_P4_diagnostic_v1_grid_v1_nccp/state=21/planner=q4_active,q4_active,estimated_completion_cost,0,0,0,0,0,0,0,,,0,0
q4_0000_P4_diagnostic_v1_grid_v1_nccp/state=22/planner=q4_active,q4_active,D_worst,15,105,15,12,0,0,78,False,False,1,1
q4_0000_P4_diagnostic_v1_grid_v1_nccp/state=22/planner=q4_active,q4_active,R_worst,15,105,15,12,0,0,78,False,False,1,1
q4_0000_P4_diagnostic_v1_grid_v1_nccp/state=22/planner=q4_active,q4_active,G_worst,15,105,15,12,0,0,78,False,False,1,1
q4_0000_P4_diagnostic_v1_grid_v1_nccp/state=22/planner=q4_active,q4_active,sampled_cert_score,15,105,71,17,0,0,17,False,False,1,2
q4_0000_P4_diagnostic_v1_grid_v1_nccp/state=22/planner=q4_active,q4_active,certified_completion_cost,0,0,0,0,0,0,0,,,0,0
q4_0000_P4_diagnostic_v1_grid_v1_nccp/state=22/planner=q4_active,q4_active,estimated_completion_cost,0,0,0,0,0,0,0,,,0,0
q4_0000_P4_diagnostic_v1_grid_v1_nccp/state=23/planner=q4_active,q4_active,D_worst,15,105,62,7,6,0,30,False,False,1,1
q4_0000_P4_diagnostic_v1_grid_v1_nccp/state=23/planner=q4_active,q4_active,R_worst,15,105,62,7,6,0,30,False,False,1,1
q4_0000_P4_diagnostic_v1_grid_v1_nccp/state=23/planner=q4_active,q4_active,G_worst,15,105,58,1,6,0,40,True,False,1,5
q4_0000_P4_diagnostic_v1_grid_v1_nccp/state=23/planner=q4_active,q4_active,sampled_cert_score,15,105,82,2,6,0,15,True,False,1,5
q4_0000_P4_diagnostic_v1_grid_v1_nccp/state=23/planner=q4_active,q4_active,certified_completion_cost,5,10,4,6,0,0,0,False,False,1,1
q4_0000_P4_diagnostic_v1_grid_v1_nccp/state=23/planner=q4_active,q4_active,estimated_completion_cost,0,0,0,0,0,0,0,,,0,0
q4_0000_P4_diagnostic_v1_grid_v1_nccp/state=24/planner=q4_active,q4_active,D_worst,15,105,0,0,0,0,105,True,False,1,15
q4_0000_P4_diagnostic_v1_grid_v1_nccp/state=24/planner=q4_active,q4_active,R_worst,15,105,0,0,0,0,105,True,False,1,15
q4_0000_P4_diagnostic_v1_grid_v1_nccp/state=24/planner=q4_active,q4_active,G_worst,15,105,0,0,0,0,105,True,False,1,15
q4_0000_P4_diagnostic_v1_grid_v1_nccp/state=24/planner=q4_active,q4_active,sampled_cert_score,15,105,45,39,0,0,21,False,False,1,5
q4_0000_P4_diagnostic_v1_grid_v1_nccp/state=24/planner=q4_active,q4_active,certified_completion_cost,0,0,0,0,0,0,0,,,0,0
q4_0000_P4_diagnostic_v1_grid_v1_nccp/state=24/planner=q4_active,q4_active,estimated_completion_cost,0,0,0,0,0,0,0,,,0,0
q4_0000_P4_diagnostic_v1_grid_v1_nccp/state=25/planner=q4_active,q4_active,D_worst,15,105,26,24,0,0,55,False,False,1,1
q4_0000_P4_diagnostic_v1_grid_v1_nccp/state=25/planner=q4_active,q4_active,R_worst,15,105,26,24,0,0,55,False,False,1,1
q4_0000_P4_diagnostic_v1_grid_v1_nccp/state=25/planner=q4_active,q4_active,G_worst,15,105,26,24,0,0,55,False,False,1,1
q4_0000_P4_diagnostic_v1_grid_v1_nccp/state=25/planner=q4_active,q4_active,sampled_cert_score,15,105,78,17,0,0,10,True,True,1,1
q4_0000_P4_diagnostic_v1_grid_v1_nccp/state=25/planner=q4_active,q4_active,certified_completion_cost,0,0,0,0,0,0,0,,,0,0
q4_0000_P4_diagnostic_v1_grid_v1_nccp/state=25/planner=q4_active,q4_active,estimated_completion_cost,0,0,0,0,0,0,0,,,0,0
q4_0000_P4_diagnostic_v1_grid_v1_nccp/state=26/planner=q4_active,q4_active,D_worst,15,105,6,21,0,0,78,False,False,1,1
q4_0000_P4_diagnostic_v1_grid_v1_nccp/state=26/planner=q4_active,q4_active,R_worst,15,105,6,21,0,0,78,False,False,1,1
q4_0000_P4_diagnostic_v1_grid_v1_nccp/state=26/planner=q4_active,q4_active,G_worst,15,105,5,21,0,0,79,False,False,1,2
q4_0000_P4_diagnostic_v1_grid_v1_nccp/state=26/planner=q4_active,q4_active,sampled_cert_score,15,105,27,20,0,0,58,True,False,1,11
q4_0000_P4_diagnostic_v1_grid_v1_nccp/state=26/planner=q4_active,q4_active,certified_completion_cost,2,1,1,0,0,0,0,True,True,1,1
q4_0000_P4_diagnostic_v1_grid_v1_nccp/state=26/planner=q4_active,q4_active,estimated_completion_cost,0,0,0,0,0,0,0,,,0,0
q4_0000_P4_diagnostic_v1_grid_v1_nccp/state=27/planner=diagnostic_v1,diagnostic_v1,D_worst,4,6,1,3,0,0,2,False,False,1,2
q4_0000_P4_diagnostic_v1_grid_v1_nccp/state=27/planner=diagnostic_v1,diagnostic_v1,R_worst,4,6,1,3,0,0,2,False,False,1,2
q4_0000_P4_diagnostic_v1_grid_v1_nccp/state=27/planner=diagnostic_v1,diagnostic_v1,G_worst,4,6,1,3,0,0,2,False,False,1,2
q4_0000_P4_diagnostic_v1_grid_v1_nccp/state=27/planner=diagnostic_v1,diagnostic_v1,sampled_cert_score,4,6,2,1,0,0,3,True,False,1,3
q4_0000_P4_diagnostic_v1_grid_v1_nccp/state=27/planner=diagnostic_v1,diagnostic_v1,certified_completion_cost,2,1,1,0,0,0,0,True,True,1,1
q4_0000_P4_diagnostic_v1_grid_v1_nccp/state=27/planner=diagnostic_v1,diagnostic_v1,estimated_completion_cost,4,6,5,1,0,0,0,True,True,1,1
q4_0001_P4_diagnostic_v1_grid_v1/state=0/planner=q4_active,q4_active,D_worst,15,105,65,19,0,0,21,False,False,1,1
q4_0001_P4_diagnostic_v1_grid_v1/state=0/planner=q4_active,q4_active,R_worst,15,105,65,19,0,0,21,False,False,1,1
q4_0001_P4_diagnostic_v1_grid_v1/state=0/planner=q4_active,q4_active,G_worst,15,105,52,4,0,0,49,True,False,1,8
q4_0001_P4_diagnostic_v1_grid_v1/state=0/planner=q4_active,q4_active,sampled_cert_score,15,105,54,8,0,0,43,True,False,1,9
q4_0001_P4_diagnostic_v1_grid_v1/state=0/planner=q4_active,q4_active,certified_completion_cost,8,28,8,20,0,0,0,False,False,1,1
q4_0001_P4_diagnostic_v1_grid_v1/state=0/planner=q4_active,q4_active,estimated_completion_cost,0,0,0,0,0,0,0,,,0,0
q4_0001_P4_diagnostic_v1_grid_v1/state=1/planner=q4_active,q4_active,D_worst,15,105,5,22,1,0,77,False,False,1,1
q4_0001_P4_diagnostic_v1_grid_v1/state=1/planner=q4_active,q4_active,R_worst,15,105,5,22,1,0,77,False,False,1,1
q4_0001_P4_diagnostic_v1_grid_v1/state=1/planner=q4_active,q4_active,G_worst,15,105,5,22,1,0,77,False,False,1,1
q4_0001_P4_diagnostic_v1_grid_v1/state=1/planner=q4_active,q4_active,sampled_cert_score,15,105,84,7,0,1,13,True,False,1,5
q4_0001_P4_diagnostic_v1_grid_v1/state=1/planner=q4_active,q4_active,certified_completion_cost,0,0,0,0,0,0,0,,,0,0
q4_0001_P4_diagnostic_v1_grid_v1/state=1/planner=q4_active,q4_active,estimated_completion_cost,0,0,0,0,0,0,0,,,0,0
q4_0001_P4_diagnostic_v1_grid_v1/state=2/planner=q4_active,q4_active,D_worst,15,105,0,0,0,0,105,True,False,1,15
q4_0001_P4_diagnostic_v1_grid_v1/state=2/planner=q4_active,q4_active,R_worst,15,105,0,0,0,0,105,True,False,1,15
q4_0001_P4_diagnostic_v1_grid_v1/state=2/planner=q4_active,q4_active,G_worst,15,105,0,0,0,0,105,True,False,1,15
q4_0001_P4_diagnostic_v1_grid_v1/state=2/planner=q4_active,q4_active,sampled_cert_score,15,105,12,73,0,0,20,False,False,1,1
q4_0001_P4_diagnostic_v1_grid_v1/state=2/planner=q4_active,q4_active,certified_completion_cost,0,0,0,0,0,0,0,,,0,0
q4_0001_P4_diagnostic_v1_grid_v1/state=2/planner=q4_active,q4_active,estimated_completion_cost,0,0,0,0,0,0,0,,,0,0
q4_0001_P4_diagnostic_v1_grid_v1/state=3/planner=q4_active,q4_active,D_worst,15,105,0,0,0,0,105,True,False,1,15
q4_0001_P4_diagnostic_v1_grid_v1/state=3/planner=q4_active,q4_active,R_worst,15,105,0,0,0,0,105,True,False,1,15
q4_0001_P4_diagnostic_v1_grid_v1/state=3/planner=q4_active,q4_active,G_worst,15,105,0,0,0,0,105,True,False,1,15
q4_0001_P4_diagnostic_v1_grid_v1/state=3/planner=q4_active,q4_active,sampled_cert_score,15,105,79,14,0,0,12,True,False,1,3
q4_0001_P4_diagnostic_v1_grid_v1/state=3/planner=q4_active,q4_active,certified_completion_cost,0,0,0,0,0,0,0,,,0,0
q4_0001_P4_diagnostic_v1_grid_v1/state=3/planner=q4_active,q4_active,estimated_completion_cost,0,0,0,0,0,0,0,,,0,0
q4_0001_P4_diagnostic_v1_grid_v1/state=4/planner=q4_active,q4_active,D_worst,15,105,7,32,0,0,66,False,False,1,1
q4_0001_P4_diagnostic_v1_grid_v1/state=4/planner=q4_active,q4_active,R_worst,15,105,7,32,0,0,66,False,False,1,1
q4_0001_P4_diagnostic_v1_grid_v1/state=4/planner=q4_active,q4_active,G_worst,15,105,7,32,0,0,66,False,False,1,1
q4_0001_P4_diagnostic_v1_grid_v1/state=4/planner=q4_active,q4_active,sampled_cert_score,15,105,83,15,0,0,7,False,False,1,1
q4_0001_P4_diagnostic_v1_grid_v1/state=4/planner=q4_active,q4_active,certified_completion_cost,0,0,0,0,0,0,0,,,0,0
q4_0001_P4_diagnostic_v1_grid_v1/state=4/planner=q4_active,q4_active,estimated_completion_cost,0,0,0,0,0,0,0,,,0,0
q4_0001_P4_diagnostic_v1_grid_v1/state=5/planner=q4_active,q4_active,D_worst,15,105,25,14,0,0,66,False,False,1,1
q4_0001_P4_diagnostic_v1_grid_v1/state=5/planner=q4_active,q4_active,R_worst,15,105,25,14,0,0,66,False,False,1,1
q4_0001_P4_diagnostic_v1_grid_v1/state=5/planner=q4_active,q4_active,G_worst,15,105,24,14,0,0,67,False,False,1,2
q4_0001_P4_diagnostic_v1_grid_v1/state=5/planner=q4_active,q4_active,sampled_cert_score,15,105,63,22,0,0,20,False,False,1,5
q4_0001_P4_diagnostic_v1_grid_v1/state=5/planner=q4_active,q4_active,certified_completion_cost,2,1,1,0,0,0,0,True,True,1,1
q4_0001_P4_diagnostic_v1_grid_v1/state=5/planner=q4_active,q4_active,estimated_completion_cost,0,0,0,0,0,0,0,,,0,0
q4_0001_P4_diagnostic_v1_grid_v1/state=6/planner=q4_active,q4_active,D_worst,15,105,44,5,0,0,56,False,False,1,1
q4_0001_P4_diagnostic_v1_grid_v1/state=6/planner=q4_active,q4_active,R_worst,15,105,44,6,0,0,55,False,False,1,1
q4_0001_P4_diagnostic_v1_grid_v1/state=6/planner=q4_active,q4_active,G_worst,15,105,44,0,0,0,61,True,False,1,4
q4_0001_P4_diagnostic_v1_grid_v1/state=6/planner=q4_active,q4_active,sampled_cert_score,15,105,85,7,0,0,13,True,False,1,5
q4_0001_P4_diagnostic_v1_grid_v1/state=6/planner=q4_active,q4_active,certified_completion_cost,4,6,0,6,0,0,0,False,False,1,1
q4_0001_P4_diagnostic_v1_grid_v1/state=6/planner=q4_active,q4_active,estimated_completion_cost,0,0,0,0,0,0,0,,,0,0
q4_0001_P4_diagnostic_v1_grid_v1/state=7/planner=q4_active,q4_active,D_worst,15,105,8,6,0,0,91,False,False,1,1
q4_0001_P4_diagnostic_v1_grid_v1/state=7/planner=q4_active,q4_active,R_worst,15,105,8,6,0,0,91,False,False,1,1
q4_0001_P4_diagnostic_v1_grid_v1/state=7/planner=q4_active,q4_active,G_worst,15,105,8,6,0,0,91,False,False,1,1
q4_0001_P4_diagnostic_v1_grid_v1/state=7/planner=q4_active,q4_active,sampled_cert_score,15,105,73,15,0,0,17,True,True,1,1
q4_0001_P4_diagnostic_v1_grid_v1/state=7/planner=q4_active,q4_active,certified_completion_cost,0,0,0,0,0,0,0,,,0,0
q4_0001_P4_diagnostic_v1_grid_v1/state=7/planner=q4_active,q4_active,estimated_completion_cost,0,0,0,0,0,0,0,,,0,0
q4_0001_P4_diagnostic_v1_grid_v1/state=8/planner=q4_active,q4_active,D_worst,15,105,7,20,1,0,77,False,False,1,1
q4_0001_P4_diagnostic_v1_grid_v1/state=8/planner=q4_active,q4_active,R_worst,15,105,7,20,1,0,77,False,False,1,1
q4_0001_P4_diagnostic_v1_grid_v1/state=8/planner=q4_active,q4_active,G_worst,15,105,7,20,1,0,77,False,False,1,1
q4_0001_P4_diagnostic_v1_grid_v1/state=8/planner=q4_active,q4_active,sampled_cert_score,15,105,83,15,1,0,6,False,False,1,2
q4_0001_P4_diagnostic_v1_grid_v1/state=8/planner=q4_active,q4_active,certified_completion_cost,0,0,0,0,0,0,0,,,0,0
q4_0001_P4_diagnostic_v1_grid_v1/state=8/planner=q4_active,q4_active,estimated_completion_cost,0,0,0,0,0,0,0,,,0,0
q4_0001_P4_diagnostic_v1_grid_v1/state=9/planner=q4_active,q4_active,D_worst,15,105,1,26,0,0,78,False,False,1,1
q4_0001_P4_diagnostic_v1_grid_v1/state=9/planner=q4_active,q4_active,R_worst,15,105,1,26,0,0,78,False,False,1,1
q4_0001_P4_diagnostic_v1_grid_v1/state=9/planner=q4_active,q4_active,G_worst,15,105,1,26,0,0,78,False,False,1,1
q4_0001_P4_diagnostic_v1_grid_v1/state=9/planner=q4_active,q4_active,sampled_cert_score,15,105,88,12,0,0,5,False,False,1,2
q4_0001_P4_diagnostic_v1_grid_v1/state=9/planner=q4_active,q4_active,certified_completion_cost,0,0,0,0,0,0,0,,,0,0
q4_0001_P4_diagnostic_v1_grid_v1/state=9/planner=q4_active,q4_active,estimated_completion_cost,0,0,0,0,0,0,0,,,0,0
q4_0001_P4_diagnostic_v1_grid_v1/state=10/planner=q4_active,q4_active,D_worst,15,105,3,11,0,0,91,False,False,1,1
q4_0001_P4_diagnostic_v1_grid_v1/state=10/planner=q4_active,q4_active,R_worst,15,105,3,11,0,0,91,False,False,1,1
q4_0001_P4_diagnostic_v1_grid_v1/state=10/planner=q4_active,q4_active,G_worst,15,105,3,11,0,0,91,False,False,1,1
q4_0001_P4_diagnostic_v1_grid_v1/state=10/planner=q4_active,q4_active,sampled_cert_score,15,105,76,13,0,0,16,True,False,1,6
q4_0001_P4_diagnostic_v1_grid_v1/state=10/planner=q4_active,q4_active,certified_completion_cost,0,0,0,0,0,0,0,,,0,0
q4_0001_P4_diagnostic_v1_grid_v1/state=10/planner=q4_active,q4_active,estimated_completion_cost,0,0,0,0,0,0,0,,,0,0
q4_0001_P4_diagnostic_v1_grid_v1_nccp/state=0/planner=q4_active,q4_active,D_worst,15,105,65,19,0,0,21,False,False,1,1
q4_0001_P4_diagnostic_v1_grid_v1_nccp/state=0/planner=q4_active,q4_active,R_worst,15,105,65,19,0,0,21,False,False,1,1
q4_0001_P4_diagnostic_v1_grid_v1_nccp/state=0/planner=q4_active,q4_active,G_worst,15,105,52,4,0,0,49,True,False,1,8
q4_0001_P4_diagnostic_v1_grid_v1_nccp/state=0/planner=q4_active,q4_active,sampled_cert_score,15,105,54,8,0,0,43,True,False,1,9
q4_0001_P4_diagnostic_v1_grid_v1_nccp/state=0/planner=q4_active,q4_active,certified_completion_cost,8,28,8,20,0,0,0,False,False,1,1
q4_0001_P4_diagnostic_v1_grid_v1_nccp/state=0/planner=q4_active,q4_active,estimated_completion_cost,0,0,0,0,0,0,0,,,0,0
q4_0001_P4_diagnostic_v1_grid_v1_nccp/state=1/planner=q4_active,q4_active,D_worst,15,105,5,22,1,0,77,False,False,1,1
q4_0001_P4_diagnostic_v1_grid_v1_nccp/state=1/planner=q4_active,q4_active,R_worst,15,105,5,22,1,0,77,False,False,1,1
q4_0001_P4_diagnostic_v1_grid_v1_nccp/state=1/planner=q4_active,q4_active,G_worst,15,105,5,22,1,0,77,False,False,1,1
q4_0001_P4_diagnostic_v1_grid_v1_nccp/state=1/planner=q4_active,q4_active,sampled_cert_score,15,105,84,7,0,1,13,True,False,1,5
q4_0001_P4_diagnostic_v1_grid_v1_nccp/state=1/planner=q4_active,q4_active,certified_completion_cost,0,0,0,0,0,0,0,,,0,0
q4_0001_P4_diagnostic_v1_grid_v1_nccp/state=1/planner=q4_active,q4_active,estimated_completion_cost,0,0,0,0,0,0,0,,,0,0
q4_0001_P4_diagnostic_v1_grid_v1_nccp/state=2/planner=q4_active,q4_active,D_worst,15,105,0,0,0,0,105,True,False,1,15
q4_0001_P4_diagnostic_v1_grid_v1_nccp/state=2/planner=q4_active,q4_active,R_worst,15,105,0,0,0,0,105,True,False,1,15
q4_0001_P4_diagnostic_v1_grid_v1_nccp/state=2/planner=q4_active,q4_active,G_worst,15,105,0,0,0,0,105,True,False,1,15
q4_0001_P4_diagnostic_v1_grid_v1_nccp/state=2/planner=q4_active,q4_active,sampled_cert_score,15,105,12,73,0,0,20,False,False,1,1
q4_0001_P4_diagnostic_v1_grid_v1_nccp/state=2/planner=q4_active,q4_active,certified_completion_cost,0,0,0,0,0,0,0,,,0,0
q4_0001_P4_diagnostic_v1_grid_v1_nccp/state=2/planner=q4_active,q4_active,estimated_completion_cost,0,0,0,0,0,0,0,,,0,0
q4_0001_P4_diagnostic_v1_grid_v1_nccp/state=3/planner=q4_active,q4_active,D_worst,15,105,0,0,0,0,105,True,False,1,15
q4_0001_P4_diagnostic_v1_grid_v1_nccp/state=3/planner=q4_active,q4_active,R_worst,15,105,0,0,0,0,105,True,False,1,15
q4_0001_P4_diagnostic_v1_grid_v1_nccp/state=3/planner=q4_active,q4_active,G_worst,15,105,0,0,0,0,105,True,False,1,15
q4_0001_P4_diagnostic_v1_grid_v1_nccp/state=3/planner=q4_active,q4_active,sampled_cert_score,15,105,79,14,0,0,12,True,False,1,3
q4_0001_P4_diagnostic_v1_grid_v1_nccp/state=3/planner=q4_active,q4_active,certified_completion_cost,0,0,0,0,0,0,0,,,0,0
q4_0001_P4_diagnostic_v1_grid_v1_nccp/state=3/planner=q4_active,q4_active,estimated_completion_cost,0,0,0,0,0,0,0,,,0,0
q4_0001_P4_diagnostic_v1_grid_v1_nccp/state=4/planner=q4_active,q4_active,D_worst,15,105,7,32,0,0,66,False,False,1,1
q4_0001_P4_diagnostic_v1_grid_v1_nccp/state=4/planner=q4_active,q4_active,R_worst,15,105,7,32,0,0,66,False,False,1,1
q4_0001_P4_diagnostic_v1_grid_v1_nccp/state=4/planner=q4_active,q4_active,G_worst,15,105,7,32,0,0,66,False,False,1,1
q4_0001_P4_diagnostic_v1_grid_v1_nccp/state=4/planner=q4_active,q4_active,sampled_cert_score,15,105,83,15,0,0,7,False,False,1,1
q4_0001_P4_diagnostic_v1_grid_v1_nccp/state=4/planner=q4_active,q4_active,certified_completion_cost,0,0,0,0,0,0,0,,,0,0
q4_0001_P4_diagnostic_v1_grid_v1_nccp/state=4/planner=q4_active,q4_active,estimated_completion_cost,0,0,0,0,0,0,0,,,0,0
q4_0001_P4_diagnostic_v1_grid_v1_nccp/state=5/planner=q4_active,q4_active,D_worst,15,105,25,14,0,0,66,False,False,1,1
q4_0001_P4_diagnostic_v1_grid_v1_nccp/state=5/planner=q4_active,q4_active,R_worst,15,105,25,14,0,0,66,False,False,1,1
q4_0001_P4_diagnostic_v1_grid_v1_nccp/state=5/planner=q4_active,q4_active,G_worst,15,105,24,14,0,0,67,False,False,1,2
q4_0001_P4_diagnostic_v1_grid_v1_nccp/state=5/planner=q4_active,q4_active,sampled_cert_score,15,105,63,22,0,0,20,False,False,1,5
q4_0001_P4_diagnostic_v1_grid_v1_nccp/state=5/planner=q4_active,q4_active,certified_completion_cost,2,1,1,0,0,0,0,True,True,1,1
q4_0001_P4_diagnostic_v1_grid_v1_nccp/state=5/planner=q4_active,q4_active,estimated_completion_cost,0,0,0,0,0,0,0,,,0,0
q4_0001_P4_diagnostic_v1_grid_v1_nccp/state=6/planner=q4_active,q4_active,D_worst,15,105,44,5,0,0,56,False,False,1,1
q4_0001_P4_diagnostic_v1_grid_v1_nccp/state=6/planner=q4_active,q4_active,R_worst,15,105,44,6,0,0,55,False,False,1,1
q4_0001_P4_diagnostic_v1_grid_v1_nccp/state=6/planner=q4_active,q4_active,G_worst,15,105,44,0,0,0,61,True,False,1,4
q4_0001_P4_diagnostic_v1_grid_v1_nccp/state=6/planner=q4_active,q4_active,sampled_cert_score,15,105,85,7,0,0,13,True,False,1,5
q4_0001_P4_diagnostic_v1_grid_v1_nccp/state=6/planner=q4_active,q4_active,certified_completion_cost,4,6,0,6,0,0,0,False,False,1,1
q4_0001_P4_diagnostic_v1_grid_v1_nccp/state=6/planner=q4_active,q4_active,estimated_completion_cost,0,0,0,0,0,0,0,,,0,0
q4_0001_P4_diagnostic_v1_grid_v1_nccp/state=7/planner=q4_active,q4_active,D_worst,15,105,8,6,0,0,91,False,False,1,1
q4_0001_P4_diagnostic_v1_grid_v1_nccp/state=7/planner=q4_active,q4_active,R_worst,15,105,8,6,0,0,91,False,False,1,1
q4_0001_P4_diagnostic_v1_grid_v1_nccp/state=7/planner=q4_active,q4_active,G_worst,15,105,8,6,0,0,91,False,False,1,1
q4_0001_P4_diagnostic_v1_grid_v1_nccp/state=7/planner=q4_active,q4_active,sampled_cert_score,15,105,73,15,0,0,17,True,True,1,1
q4_0001_P4_diagnostic_v1_grid_v1_nccp/state=7/planner=q4_active,q4_active,certified_completion_cost,0,0,0,0,0,0,0,,,0,0
q4_0001_P4_diagnostic_v1_grid_v1_nccp/state=7/planner=q4_active,q4_active,estimated_completion_cost,0,0,0,0,0,0,0,,,0,0
q4_0001_P4_diagnostic_v1_grid_v1_nccp/state=8/planner=q4_active,q4_active,D_worst,15,105,7,20,1,0,77,False,False,1,1
q4_0001_P4_diagnostic_v1_grid_v1_nccp/state=8/planner=q4_active,q4_active,R_worst,15,105,7,20,1,0,77,False,False,1,1
q4_0001_P4_diagnostic_v1_grid_v1_nccp/state=8/planner=q4_active,q4_active,G_worst,15,105,7,20,1,0,77,False,False,1,1
q4_0001_P4_diagnostic_v1_grid_v1_nccp/state=8/planner=q4_active,q4_active,sampled_cert_score,15,105,83,15,1,0,6,False,False,1,2
q4_0001_P4_diagnostic_v1_grid_v1_nccp/state=8/planner=q4_active,q4_active,certified_completion_cost,0,0,0,0,0,0,0,,,0,0
q4_0001_P4_diagnostic_v1_grid_v1_nccp/state=8/planner=q4_active,q4_active,estimated_completion_cost,0,0,0,0,0,0,0,,,0,0
q4_0001_P4_diagnostic_v1_grid_v1_nccp/state=9/planner=q4_active,q4_active,D_worst,15,105,1,26,0,0,78,False,False,1,1
q4_0001_P4_diagnostic_v1_grid_v1_nccp/state=9/planner=q4_active,q4_active,R_worst,15,105,1,26,0,0,78,False,False,1,1
q4_0001_P4_diagnostic_v1_grid_v1_nccp/state=9/planner=q4_active,q4_active,G_worst,15,105,1,26,0,0,78,False,False,1,1
q4_0001_P4_diagnostic_v1_grid_v1_nccp/state=9/planner=q4_active,q4_active,sampled_cert_score,15,105,88,12,0,0,5,False,False,1,2
q4_0001_P4_diagnostic_v1_grid_v1_nccp/state=9/planner=q4_active,q4_active,certified_completion_cost,0,0,0,0,0,0,0,,,0,0
q4_0001_P4_diagnostic_v1_grid_v1_nccp/state=9/planner=q4_active,q4_active,estimated_completion_cost,0,0,0,0,0,0,0,,,0,0
q4_0001_P4_diagnostic_v1_grid_v1_nccp/state=10/planner=q4_active,q4_active,D_worst,15,105,3,11,0,0,91,False,False,1,1
q4_0001_P4_diagnostic_v1_grid_v1_nccp/state=10/planner=q4_active,q4_active,R_worst,15,105,3,11,0,0,91,False,False,1,1
q4_0001_P4_diagnostic_v1_grid_v1_nccp/state=10/planner=q4_active,q4_active,G_worst,15,105,3,11,0,0,91,False,False,1,1
q4_0001_P4_diagnostic_v1_grid_v1_nccp/state=10/planner=q4_active,q4_active,sampled_cert_score,15,105,76,13,0,0,16,True,False,1,6
q4_0001_P4_diagnostic_v1_grid_v1_nccp/state=10/planner=q4_active,q4_active,certified_completion_cost,0,0,0,0,0,0,0,,,0,0
q4_0001_P4_diagnostic_v1_grid_v1_nccp/state=10/planner=q4_active,q4_active,estimated_completion_cost,0,0,0,0,0,0,0,,,0,0
q4_0002_P4_diagnostic_v1_grid_v1/state=0/planner=q4_active,q4_active,D_worst,15,105,0,14,0,0,91,False,False,1,1
q4_0002_P4_diagnostic_v1_grid_v1/state=0/planner=q4_active,q4_active,R_worst,15,105,0,14,0,0,91,False,False,1,1
q4_0002_P4_diagnostic_v1_grid_v1/state=0/planner=q4_active,q4_active,G_worst,15,105,0,14,0,0,91,False,False,1,1
q4_0002_P4_diagnostic_v1_grid_v1/state=0/planner=q4_active,q4_active,sampled_cert_score,15,105,41,16,0,0,48,True,False,1,10
q4_0002_P4_diagnostic_v1_grid_v1/state=0/planner=q4_active,q4_active,certified_completion_cost,0,0,0,0,0,0,0,,,0,0
q4_0002_P4_diagnostic_v1_grid_v1/state=0/planner=q4_active,q4_active,estimated_completion_cost,0,0,0,0,0,0,0,,,0,0
q4_0002_P4_diagnostic_v1_grid_v1/state=1/planner=q4_active,q4_active,D_worst,15,105,0,0,0,0,105,True,False,1,15
q4_0002_P4_diagnostic_v1_grid_v1/state=1/planner=q4_active,q4_active,R_worst,15,105,0,0,0,0,105,True,False,1,15
q4_0002_P4_diagnostic_v1_grid_v1/state=1/planner=q4_active,q4_active,G_worst,15,105,0,0,0,0,105,True,False,1,15
q4_0002_P4_diagnostic_v1_grid_v1/state=1/planner=q4_active,q4_active,sampled_cert_score,15,105,67,18,0,0,20,False,False,1,2
q4_0002_P4_diagnostic_v1_grid_v1/state=1/planner=q4_active,q4_active,certified_completion_cost,0,0,0,0,0,0,0,,,0,0
q4_0002_P4_diagnostic_v1_grid_v1/state=1/planner=q4_active,q4_active,estimated_completion_cost,0,0,0,0,0,0,0,,,0,0
q4_0002_P4_diagnostic_v1_grid_v1/state=2/planner=q4_active,q4_active,D_worst,15,105,2,12,0,0,91,False,False,1,1
q4_0002_P4_diagnostic_v1_grid_v1/state=2/planner=q4_active,q4_active,R_worst,15,105,2,12,0,0,91,False,False,1,1
q4_0002_P4_diagnostic_v1_grid_v1/state=2/planner=q4_active,q4_active,G_worst,15,105,2,12,0,0,91,False,False,1,1
q4_0002_P4_diagnostic_v1_grid_v1/state=2/planner=q4_active,q4_active,sampled_cert_score,15,105,93,5,0,0,7,True,True,1,1
q4_0002_P4_diagnostic_v1_grid_v1/state=2/planner=q4_active,q4_active,certified_completion_cost,0,0,0,0,0,0,0,,,0,0
q4_0002_P4_diagnostic_v1_grid_v1/state=2/planner=q4_active,q4_active,estimated_completion_cost,0,0,0,0,0,0,0,,,0,0
q4_0002_P4_diagnostic_v1_grid_v1/state=3/planner=q4_active,q4_active,D_worst,15,105,4,23,0,0,78,False,False,1,1
q4_0002_P4_diagnostic_v1_grid_v1/state=3/planner=q4_active,q4_active,R_worst,15,105,4,23,0,0,78,False,False,1,1
q4_0002_P4_diagnostic_v1_grid_v1/state=3/planner=q4_active,q4_active,G_worst,15,105,4,23,0,0,78,False,False,1,1
q4_0002_P4_diagnostic_v1_grid_v1/state=3/planner=q4_active,q4_active,sampled_cert_score,15,105,75,23,0,0,7,False,False,1,2
q4_0002_P4_diagnostic_v1_grid_v1/state=3/planner=q4_active,q4_active,certified_completion_cost,0,0,0,0,0,0,0,,,0,0
q4_0002_P4_diagnostic_v1_grid_v1/state=3/planner=q4_active,q4_active,estimated_completion_cost,0,0,0,0,0,0,0,,,0,0
q4_0002_P4_diagnostic_v1_grid_v1/state=4/planner=q4_active,q4_active,D_worst,15,105,0,0,0,0,105,True,False,1,15
q4_0002_P4_diagnostic_v1_grid_v1/state=4/planner=q4_active,q4_active,R_worst,15,105,0,0,0,0,105,True,False,1,15
q4_0002_P4_diagnostic_v1_grid_v1/state=4/planner=q4_active,q4_active,G_worst,15,105,0,0,0,0,105,True,False,1,15
q4_0002_P4_diagnostic_v1_grid_v1/state=4/planner=q4_active,q4_active,sampled_cert_score,15,105,16,51,0,0,38,False,False,1,1
q4_0002_P4_diagnostic_v1_grid_v1/state=4/planner=q4_active,q4_active,certified_completion_cost,0,0,0,0,0,0,0,,,0,0
q4_0002_P4_diagnostic_v1_grid_v1/state=4/planner=q4_active,q4_active,estimated_completion_cost,0,0,0,0,0,0,0,,,0,0
q4_0002_P4_diagnostic_v1_grid_v1/state=5/planner=q4_active,q4_active,D_worst,15,105,0,0,0,0,105,True,False,1,15
q4_0002_P4_diagnostic_v1_grid_v1/state=5/planner=q4_active,q4_active,R_worst,15,105,0,0,0,0,105,True,False,1,15
q4_0002_P4_diagnostic_v1_grid_v1/state=5/planner=q4_active,q4_active,G_worst,15,105,0,0,0,0,105,True,False,1,15
q4_0002_P4_diagnostic_v1_grid_v1/state=5/planner=q4_active,q4_active,sampled_cert_score,15,105,68,29,0,0,8,False,False,1,1
q4_0002_P4_diagnostic_v1_grid_v1/state=5/planner=q4_active,q4_active,certified_completion_cost,0,0,0,0,0,0,0,,,0,0
q4_0002_P4_diagnostic_v1_grid_v1/state=5/planner=q4_active,q4_active,estimated_completion_cost,0,0,0,0,0,0,0,,,0,0
q4_0002_P4_diagnostic_v1_grid_v1/state=6/planner=q4_active,q4_active,D_worst,15,105,0,0,0,0,105,True,False,1,15
q4_0002_P4_diagnostic_v1_grid_v1/state=6/planner=q4_active,q4_active,R_worst,15,105,0,0,0,0,105,True,False,1,15
q4_0002_P4_diagnostic_v1_grid_v1/state=6/planner=q4_active,q4_active,G_worst,15,105,0,0,0,0,105,True,False,1,15
q4_0002_P4_diagnostic_v1_grid_v1/state=6/planner=q4_active,q4_active,sampled_cert_score,15,105,67,7,0,0,31,True,False,1,6
q4_0002_P4_diagnostic_v1_grid_v1/state=6/planner=q4_active,q4_active,certified_completion_cost,0,0,0,0,0,0,0,,,0,0
q4_0002_P4_diagnostic_v1_grid_v1/state=6/planner=q4_active,q4_active,estimated_completion_cost,0,0,0,0,0,0,0,,,0,0
q4_0002_P4_diagnostic_v1_grid_v1/state=7/planner=q4_active,q4_active,D_worst,15,105,8,31,0,0,66,False,False,1,1
q4_0002_P4_diagnostic_v1_grid_v1/state=7/planner=q4_active,q4_active,R_worst,15,105,8,31,0,0,66,False,False,1,1
q4_0002_P4_diagnostic_v1_grid_v1/state=7/planner=q4_active,q4_active,G_worst,15,105,5,31,0,0,69,False,False,1,3
q4_0002_P4_diagnostic_v1_grid_v1/state=7/planner=q4_active,q4_active,sampled_cert_score,15,105,24,12,0,0,69,True,False,1,12
q4_0002_P4_diagnostic_v1_grid_v1/state=7/planner=q4_active,q4_active,certified_completion_cost,3,3,3,0,0,0,0,True,True,1,1
q4_0002_P4_diagnostic_v1_grid_v1/state=7/planner=q4_active,q4_active,estimated_completion_cost,0,0,0,0,0,0,0,,,0,0
q4_0002_P4_diagnostic_v1_grid_v1/state=8/planner=q4_active,q4_active,D_worst,15,105,4,23,0,0,78,False,False,1,1
q4_0002_P4_diagnostic_v1_grid_v1/state=8/planner=q4_active,q4_active,R_worst,15,105,4,23,0,0,78,False,False,1,1
q4_0002_P4_diagnostic_v1_grid_v1/state=8/planner=q4_active,q4_active,G_worst,15,105,4,23,0,0,78,False,False,1,1
q4_0002_P4_diagnostic_v1_grid_v1/state=8/planner=q4_active,q4_active,sampled_cert_score,15,105,64,21,0,0,20,False,False,1,1
q4_0002_P4_diagnostic_v1_grid_v1/state=8/planner=q4_active,q4_active,certified_completion_cost,0,0,0,0,0,0,0,,,0,0
q4_0002_P4_diagnostic_v1_grid_v1/state=8/planner=q4_active,q4_active,estimated_completion_cost,0,0,0,0,0,0,0,,,0,0
q4_0002_P4_diagnostic_v1_grid_v1/state=9/planner=q4_active,q4_active,D_worst,15,105,1,26,0,0,78,False,False,1,1
q4_0002_P4_diagnostic_v1_grid_v1/state=9/planner=q4_active,q4_active,R_worst,15,105,1,26,0,0,78,False,False,1,1
q4_0002_P4_diagnostic_v1_grid_v1/state=9/planner=q4_active,q4_active,G_worst,15,105,1,26,0,0,78,False,False,1,1
q4_0002_P4_diagnostic_v1_grid_v1/state=9/planner=q4_active,q4_active,sampled_cert_score,15,105,58,11,0,0,36,True,False,1,9
q4_0002_P4_diagnostic_v1_grid_v1/state=9/planner=q4_active,q4_active,certified_completion_cost,0,0,0,0,0,0,0,,,0,0
q4_0002_P4_diagnostic_v1_grid_v1/state=9/planner=q4_active,q4_active,estimated_completion_cost,0,0,0,0,0,0,0,,,0,0
q4_0002_P4_diagnostic_v1_grid_v1/state=10/planner=q4_active,q4_active,D_worst,15,105,0,0,0,0,105,True,False,1,15
q4_0002_P4_diagnostic_v1_grid_v1/state=10/planner=q4_active,q4_active,R_worst,15,105,0,0,0,0,105,True,False,1,15
q4_0002_P4_diagnostic_v1_grid_v1/state=10/planner=q4_active,q4_active,G_worst,15,105,0,0,0,0,105,True,False,1,15
q4_0002_P4_diagnostic_v1_grid_v1/state=10/planner=q4_active,q4_active,sampled_cert_score,15,105,65,23,0,0,17,False,False,1,4
q4_0002_P4_diagnostic_v1_grid_v1/state=10/planner=q4_active,q4_active,certified_completion_cost,0,0,0,0,0,0,0,,,0,0
q4_0002_P4_diagnostic_v1_grid_v1/state=10/planner=q4_active,q4_active,estimated_completion_cost,0,0,0,0,0,0,0,,,0,0
q4_0002_P4_diagnostic_v1_grid_v1/state=11/planner=q4_active,q4_active,D_worst,15,105,23,16,1,0,65,False,False,1,1
q4_0002_P4_diagnostic_v1_grid_v1/state=11/planner=q4_active,q4_active,R_worst,15,105,23,16,1,0,65,False,False,1,1
q4_0002_P4_diagnostic_v1_grid_v1/state=11/planner=q4_active,q4_active,G_worst,15,105,23,16,1,0,65,False,False,1,1
q4_0002_P4_diagnostic_v1_grid_v1/state=11/planner=q4_active,q4_active,sampled_cert_score,15,105,74,23,0,1,7,True,True,1,1
q4_0002_P4_diagnostic_v1_grid_v1/state=11/planner=q4_active,q4_active,certified_completion_cost,0,0,0,0,0,0,0,,,0,0
q4_0002_P4_diagnostic_v1_grid_v1/state=11/planner=q4_active,q4_active,estimated_completion_cost,0,0,0,0,0,0,0,,,0,0
q4_0002_P4_diagnostic_v1_grid_v1_nccp/state=0/planner=q4_active,q4_active,D_worst,15,105,0,14,0,0,91,False,False,1,1
q4_0002_P4_diagnostic_v1_grid_v1_nccp/state=0/planner=q4_active,q4_active,R_worst,15,105,0,14,0,0,91,False,False,1,1
q4_0002_P4_diagnostic_v1_grid_v1_nccp/state=0/planner=q4_active,q4_active,G_worst,15,105,0,14,0,0,91,False,False,1,1
q4_0002_P4_diagnostic_v1_grid_v1_nccp/state=0/planner=q4_active,q4_active,sampled_cert_score,15,105,41,16,0,0,48,True,False,1,10
q4_0002_P4_diagnostic_v1_grid_v1_nccp/state=0/planner=q4_active,q4_active,certified_completion_cost,0,0,0,0,0,0,0,,,0,0
q4_0002_P4_diagnostic_v1_grid_v1_nccp/state=0/planner=q4_active,q4_active,estimated_completion_cost,0,0,0,0,0,0,0,,,0,0
q4_0002_P4_diagnostic_v1_grid_v1_nccp/state=1/planner=q4_active,q4_active,D_worst,15,105,0,0,0,0,105,True,False,1,15
q4_0002_P4_diagnostic_v1_grid_v1_nccp/state=1/planner=q4_active,q4_active,R_worst,15,105,0,0,0,0,105,True,False,1,15
q4_0002_P4_diagnostic_v1_grid_v1_nccp/state=1/planner=q4_active,q4_active,G_worst,15,105,0,0,0,0,105,True,False,1,15
q4_0002_P4_diagnostic_v1_grid_v1_nccp/state=1/planner=q4_active,q4_active,sampled_cert_score,15,105,67,18,0,0,20,False,False,1,2
q4_0002_P4_diagnostic_v1_grid_v1_nccp/state=1/planner=q4_active,q4_active,certified_completion_cost,0,0,0,0,0,0,0,,,0,0
q4_0002_P4_diagnostic_v1_grid_v1_nccp/state=1/planner=q4_active,q4_active,estimated_completion_cost,0,0,0,0,0,0,0,,,0,0
q4_0002_P4_diagnostic_v1_grid_v1_nccp/state=2/planner=q4_active,q4_active,D_worst,15,105,1,13,0,0,91,False,False,1,1
q4_0002_P4_diagnostic_v1_grid_v1_nccp/state=2/planner=q4_active,q4_active,R_worst,15,105,1,13,0,0,91,False,False,1,1
q4_0002_P4_diagnostic_v1_grid_v1_nccp/state=2/planner=q4_active,q4_active,G_worst,15,105,1,13,0,0,91,False,False,1,1
q4_0002_P4_diagnostic_v1_grid_v1_nccp/state=2/planner=q4_active,q4_active,sampled_cert_score,15,105,93,5,0,0,7,True,True,1,1
q4_0002_P4_diagnostic_v1_grid_v1_nccp/state=2/planner=q4_active,q4_active,certified_completion_cost,0,0,0,0,0,0,0,,,0,0
q4_0002_P4_diagnostic_v1_grid_v1_nccp/state=2/planner=q4_active,q4_active,estimated_completion_cost,0,0,0,0,0,0,0,,,0,0
q4_0002_P4_diagnostic_v1_grid_v1_nccp/state=3/planner=q4_active,q4_active,D_worst,15,105,4,23,0,0,78,False,False,1,1
q4_0002_P4_diagnostic_v1_grid_v1_nccp/state=3/planner=q4_active,q4_active,R_worst,15,105,4,23,0,0,78,False,False,1,1
q4_0002_P4_diagnostic_v1_grid_v1_nccp/state=3/planner=q4_active,q4_active,G_worst,15,105,4,23,0,0,78,False,False,1,1
q4_0002_P4_diagnostic_v1_grid_v1_nccp/state=3/planner=q4_active,q4_active,sampled_cert_score,15,105,75,23,0,0,7,False,False,1,2
q4_0002_P4_diagnostic_v1_grid_v1_nccp/state=3/planner=q4_active,q4_active,certified_completion_cost,0,0,0,0,0,0,0,,,0,0
q4_0002_P4_diagnostic_v1_grid_v1_nccp/state=3/planner=q4_active,q4_active,estimated_completion_cost,0,0,0,0,0,0,0,,,0,0
q4_0002_P4_diagnostic_v1_grid_v1_nccp/state=4/planner=q4_active,q4_active,D_worst,15,105,0,0,0,0,105,True,False,1,15
q4_0002_P4_diagnostic_v1_grid_v1_nccp/state=4/planner=q4_active,q4_active,R_worst,15,105,0,0,0,0,105,True,False,1,15
q4_0002_P4_diagnostic_v1_grid_v1_nccp/state=4/planner=q4_active,q4_active,G_worst,15,105,0,0,0,0,105,True,False,1,15
q4_0002_P4_diagnostic_v1_grid_v1_nccp/state=4/planner=q4_active,q4_active,sampled_cert_score,15,105,17,50,0,0,38,False,False,1,1
q4_0002_P4_diagnostic_v1_grid_v1_nccp/state=4/planner=q4_active,q4_active,certified_completion_cost,0,0,0,0,0,0,0,,,0,0
q4_0002_P4_diagnostic_v1_grid_v1_nccp/state=4/planner=q4_active,q4_active,estimated_completion_cost,0,0,0,0,0,0,0,,,0,0
q4_0002_P4_diagnostic_v1_grid_v1_nccp/state=5/planner=q4_active,q4_active,D_worst,15,105,0,0,0,0,105,True,False,1,15
q4_0002_P4_diagnostic_v1_grid_v1_nccp/state=5/planner=q4_active,q4_active,R_worst,15,105,0,0,0,0,105,True,False,1,15
q4_0002_P4_diagnostic_v1_grid_v1_nccp/state=5/planner=q4_active,q4_active,G_worst,15,105,0,0,0,0,105,True,False,1,15
q4_0002_P4_diagnostic_v1_grid_v1_nccp/state=5/planner=q4_active,q4_active,sampled_cert_score,15,105,68,29,0,0,8,False,False,1,1
q4_0002_P4_diagnostic_v1_grid_v1_nccp/state=5/planner=q4_active,q4_active,certified_completion_cost,0,0,0,0,0,0,0,,,0,0
q4_0002_P4_diagnostic_v1_grid_v1_nccp/state=5/planner=q4_active,q4_active,estimated_completion_cost,0,0,0,0,0,0,0,,,0,0
q4_0002_P4_diagnostic_v1_grid_v1_nccp/state=6/planner=q4_active,q4_active,D_worst,15,105,0,0,0,0,105,True,False,1,15
q4_0002_P4_diagnostic_v1_grid_v1_nccp/state=6/planner=q4_active,q4_active,R_worst,15,105,0,0,0,0,105,True,False,1,15
q4_0002_P4_diagnostic_v1_grid_v1_nccp/state=6/planner=q4_active,q4_active,G_worst,15,105,0,0,0,0,105,True,False,1,15
q4_0002_P4_diagnostic_v1_grid_v1_nccp/state=6/planner=q4_active,q4_active,sampled_cert_score,15,105,67,7,0,0,31,True,False,1,6
q4_0002_P4_diagnostic_v1_grid_v1_nccp/state=6/planner=q4_active,q4_active,certified_completion_cost,0,0,0,0,0,0,0,,,0,0
q4_0002_P4_diagnostic_v1_grid_v1_nccp/state=6/planner=q4_active,q4_active,estimated_completion_cost,0,0,0,0,0,0,0,,,0,0
q4_0002_P4_diagnostic_v1_grid_v1_nccp/state=7/planner=q4_active,q4_active,D_worst,15,105,8,31,0,0,66,False,False,1,1
q4_0002_P4_diagnostic_v1_grid_v1_nccp/state=7/planner=q4_active,q4_active,R_worst,15,105,8,31,0,0,66,False,False,1,1
q4_0002_P4_diagnostic_v1_grid_v1_nccp/state=7/planner=q4_active,q4_active,G_worst,15,105,5,31,0,0,69,False,False,1,3
q4_0002_P4_diagnostic_v1_grid_v1_nccp/state=7/planner=q4_active,q4_active,sampled_cert_score,15,105,24,12,0,0,69,True,False,1,12
q4_0002_P4_diagnostic_v1_grid_v1_nccp/state=7/planner=q4_active,q4_active,certified_completion_cost,3,3,3,0,0,0,0,True,True,1,1
q4_0002_P4_diagnostic_v1_grid_v1_nccp/state=7/planner=q4_active,q4_active,estimated_completion_cost,0,0,0,0,0,0,0,,,0,0
q4_0002_P4_diagnostic_v1_grid_v1_nccp/state=8/planner=q4_active,q4_active,D_worst,15,105,4,23,0,0,78,False,False,1,1
q4_0002_P4_diagnostic_v1_grid_v1_nccp/state=8/planner=q4_active,q4_active,R_worst,15,105,4,23,0,0,78,False,False,1,1
q4_0002_P4_diagnostic_v1_grid_v1_nccp/state=8/planner=q4_active,q4_active,G_worst,15,105,4,23,0,0,78,False,False,1,1
q4_0002_P4_diagnostic_v1_grid_v1_nccp/state=8/planner=q4_active,q4_active,sampled_cert_score,15,105,64,21,0,0,20,False,False,1,1
q4_0002_P4_diagnostic_v1_grid_v1_nccp/state=8/planner=q4_active,q4_active,certified_completion_cost,0,0,0,0,0,0,0,,,0,0
q4_0002_P4_diagnostic_v1_grid_v1_nccp/state=8/planner=q4_active,q4_active,estimated_completion_cost,0,0,0,0,0,0,0,,,0,0
q4_0002_P4_diagnostic_v1_grid_v1_nccp/state=9/planner=q4_active,q4_active,D_worst,15,105,1,26,0,0,78,False,False,1,1
q4_0002_P4_diagnostic_v1_grid_v1_nccp/state=9/planner=q4_active,q4_active,R_worst,15,105,1,26,0,0,78,False,False,1,1
q4_0002_P4_diagnostic_v1_grid_v1_nccp/state=9/planner=q4_active,q4_active,G_worst,15,105,1,26,0,0,78,False,False,1,1
q4_0002_P4_diagnostic_v1_grid_v1_nccp/state=9/planner=q4_active,q4_active,sampled_cert_score,15,105,58,11,0,0,36,True,False,1,9
q4_0002_P4_diagnostic_v1_grid_v1_nccp/state=9/planner=q4_active,q4_active,certified_completion_cost,0,0,0,0,0,0,0,,,0,0
q4_0002_P4_diagnostic_v1_grid_v1_nccp/state=9/planner=q4_active,q4_active,estimated_completion_cost,0,0,0,0,0,0,0,,,0,0
q4_0002_P4_diagnostic_v1_grid_v1_nccp/state=10/planner=q4_active,q4_active,D_worst,15,105,0,0,0,0,105,True,False,1,15
q4_0002_P4_diagnostic_v1_grid_v1_nccp/state=10/planner=q4_active,q4_active,R_worst,15,105,0,0,0,0,105,True,False,1,15
q4_0002_P4_diagnostic_v1_grid_v1_nccp/state=10/planner=q4_active,q4_active,G_worst,15,105,0,0,0,0,105,True,False,1,15
q4_0002_P4_diagnostic_v1_grid_v1_nccp/state=10/planner=q4_active,q4_active,sampled_cert_score,15,105,73,12,0,0,20,True,False,1,5
q4_0002_P4_diagnostic_v1_grid_v1_nccp/state=10/planner=q4_active,q4_active,certified_completion_cost,0,0,0,0,0,0,0,,,0,0
q4_0002_P4_diagnostic_v1_grid_v1_nccp/state=10/planner=q4_active,q4_active,estimated_completion_cost,0,0,0,0,0,0,0,,,0,0
q4_0002_P4_diagnostic_v1_grid_v1_nccp/state=11/planner=q4_active,q4_active,D_worst,15,105,23,16,1,0,65,False,False,1,1
q4_0002_P4_diagnostic_v1_grid_v1_nccp/state=11/planner=q4_active,q4_active,R_worst,15,105,23,16,1,0,65,False,False,1,1
q4_0002_P4_diagnostic_v1_grid_v1_nccp/state=11/planner=q4_active,q4_active,G_worst,15,105,23,16,1,0,65,False,False,1,1
q4_0002_P4_diagnostic_v1_grid_v1_nccp/state=11/planner=q4_active,q4_active,sampled_cert_score,15,105,74,23,0,1,7,True,True,1,1
q4_0002_P4_diagnostic_v1_grid_v1_nccp/state=11/planner=q4_active,q4_active,certified_completion_cost,0,0,0,0,0,0,0,,,0,0
q4_0002_P4_diagnostic_v1_grid_v1_nccp/state=11/planner=q4_active,q4_active,estimated_completion_cost,0,0,0,0,0,0,0,,,0,0
q4_0003_P4_diagnostic_v1_grid_v1/state=0/planner=q4_active,q4_active,D_worst,15,105,6,21,0,0,78,False,False,1,1
q4_0003_P4_diagnostic_v1_grid_v1/state=0/planner=q4_active,q4_active,R_worst,15,105,6,21,0,0,78,False,False,1,1
q4_0003_P4_diagnostic_v1_grid_v1/state=0/planner=q4_active,q4_active,G_worst,15,105,6,21,0,0,78,False,False,1,1
q4_0003_P4_diagnostic_v1_grid_v1/state=0/planner=q4_active,q4_active,sampled_cert_score,15,105,67,32,0,0,6,False,False,1,3
q4_0003_P4_diagnostic_v1_grid_v1/state=0/planner=q4_active,q4_active,certified_completion_cost,0,0,0,0,0,0,0,,,0,0
q4_0003_P4_diagnostic_v1_grid_v1/state=0/planner=q4_active,q4_active,estimated_completion_cost,0,0,0,0,0,0,0,,,0,0
q4_0003_P4_diagnostic_v1_grid_v1/state=1/planner=q4_active,q4_active,D_worst,15,105,0,27,0,0,78,False,False,1,1
q4_0003_P4_diagnostic_v1_grid_v1/state=1/planner=q4_active,q4_active,R_worst,15,105,0,27,0,0,78,False,False,1,1
q4_0003_P4_diagnostic_v1_grid_v1/state=1/planner=q4_active,q4_active,G_worst,15,105,0,27,0,0,78,False,False,1,1
q4_0003_P4_diagnostic_v1_grid_v1/state=1/planner=q4_active,q4_active,sampled_cert_score,15,105,64,19,0,0,22,True,False,1,4
q4_0003_P4_diagnostic_v1_grid_v1/state=1/planner=q4_active,q4_active,certified_completion_cost,0,0,0,0,0,0,0,,,0,0
q4_0003_P4_diagnostic_v1_grid_v1/state=1/planner=q4_active,q4_active,estimated_completion_cost,0,0,0,0,0,0,0,,,0,0
q4_0003_P4_diagnostic_v1_grid_v1/state=2/planner=q4_active,q4_active,D_worst,14,91,0,0,6,0,85,True,False,1,14
q4_0003_P4_diagnostic_v1_grid_v1/state=2/planner=q4_active,q4_active,R_worst,14,91,0,0,6,0,85,True,False,1,14
q4_0003_P4_diagnostic_v1_grid_v1/state=2/planner=q4_active,q4_active,G_worst,14,91,0,0,6,0,85,True,False,1,14
q4_0003_P4_diagnostic_v1_grid_v1/state=2/planner=q4_active,q4_active,sampled_cert_score,14,91,60,6,6,0,19,True,True,1,1
q4_0003_P4_diagnostic_v1_grid_v1/state=2/planner=q4_active,q4_active,certified_completion_cost,0,0,0,0,0,0,0,,,0,0
q4_0003_P4_diagnostic_v1_grid_v1/state=2/planner=q4_active,q4_active,estimated_completion_cost,0,0,0,0,0,0,0,,,0,0
q4_0003_P4_diagnostic_v1_grid_v1/state=3/planner=q4_active,q4_active,D_worst,15,105,0,14,0,0,91,False,False,1,1
q4_0003_P4_diagnostic_v1_grid_v1/state=3/planner=q4_active,q4_active,R_worst,15,105,0,14,0,0,91,False,False,1,1
q4_0003_P4_diagnostic_v1_grid_v1/state=3/planner=q4_active,q4_active,G_worst,15,105,0,14,0,0,91,False,False,1,1
q4_0003_P4_diagnostic_v1_grid_v1/state=3/planner=q4_active,q4_active,sampled_cert_score,15,105,68,25,0,0,12,False,False,1,3
q4_0003_P4_diagnostic_v1_grid_v1/state=3/planner=q4_active,q4_active,certified_completion_cost,0,0,0,0,0,0,0,,,0,0
q4_0003_P4_diagnostic_v1_grid_v1/state=3/planner=q4_active,q4_active,estimated_completion_cost,0,0,0,0,0,0,0,,,0,0
q4_0003_P4_diagnostic_v1_grid_v1/state=4/planner=q4_active,q4_active,D_worst,15,105,10,17,0,0,78,False,False,1,1
q4_0003_P4_diagnostic_v1_grid_v1/state=4/planner=q4_active,q4_active,R_worst,15,105,10,17,0,0,78,False,False,1,1
q4_0003_P4_diagnostic_v1_grid_v1/state=4/planner=q4_active,q4_active,G_worst,15,105,10,17,0,0,78,False,False,1,1
q4_0003_P4_diagnostic_v1_grid_v1/state=4/planner=q4_active,q4_active,sampled_cert_score,15,105,53,39,0,0,13,False,False,1,3
q4_0003_P4_diagnostic_v1_grid_v1/state=4/planner=q4_active,q4_active,certified_completion_cost,1,0,0,0,0,0,0,True,True,1,1
q4_0003_P4_diagnostic_v1_grid_v1/state=4/planner=q4_active,q4_active,estimated_completion_cost,0,0,0,0,0,0,0,,,0,0
q4_0003_P4_diagnostic_v1_grid_v1/state=5/planner=q4_active,q4_active,D_worst,15,105,0,0,0,0,105,True,False,1,15
q4_0003_P4_diagnostic_v1_grid_v1/state=5/planner=q4_active,q4_active,R_worst,15,105,0,0,0,0,105,True,False,1,15
q4_0003_P4_diagnostic_v1_grid_v1/state=5/planner=q4_active,q4_active,G_worst,15,105,0,0,0,0,105,True,False,1,15
q4_0003_P4_diagnostic_v1_grid_v1/state=5/planner=q4_active,q4_active,sampled_cert_score,15,105,32,36,0,0,37,False,False,1,4
q4_0003_P4_diagnostic_v1_grid_v1/state=5/planner=q4_active,q4_active,certified_completion_cost,0,0,0,0,0,0,0,,,0,0
q4_0003_P4_diagnostic_v1_grid_v1/state=5/planner=q4_active,q4_active,estimated_completion_cost,0,0,0,0,0,0,0,,,0,0
q4_0003_P4_diagnostic_v1_grid_v1/state=6/planner=q4_active,q4_active,D_worst,15,105,0,0,0,0,105,True,False,1,15
q4_0003_P4_diagnostic_v1_grid_v1/state=6/planner=q4_active,q4_active,R_worst,15,105,0,0,0,0,105,True,False,1,15
q4_0003_P4_diagnostic_v1_grid_v1/state=6/planner=q4_active,q4_active,G_worst,15,105,0,0,0,0,105,True,False,1,15
q4_0003_P4_diagnostic_v1_grid_v1/state=6/planner=q4_active,q4_active,sampled_cert_score,15,105,73,26,0,0,6,False,False,1,2
q4_0003_P4_diagnostic_v1_grid_v1/state=6/planner=q4_active,q4_active,certified_completion_cost,0,0,0,0,0,0,0,,,0,0
q4_0003_P4_diagnostic_v1_grid_v1/state=6/planner=q4_active,q4_active,estimated_completion_cost,0,0,0,0,0,0,0,,,0,0
q4_0003_P4_diagnostic_v1_grid_v1/state=7/planner=q4_active,q4_active,D_worst,15,105,4,10,0,0,91,False,False,1,1
q4_0003_P4_diagnostic_v1_grid_v1/state=7/planner=q4_active,q4_active,R_worst,15,105,4,10,0,0,91,False,False,1,1
q4_0003_P4_diagnostic_v1_grid_v1/state=7/planner=q4_active,q4_active,G_worst,15,105,4,10,0,0,91,False,False,1,1
q4_0003_P4_diagnostic_v1_grid_v1/state=7/planner=q4_active,q4_active,sampled_cert_score,15,105,59,17,0,0,29,False,False,1,1
q4_0003_P4_diagnostic_v1_grid_v1/state=7/planner=q4_active,q4_active,certified_completion_cost,0,0,0,0,0,0,0,,,0,0
q4_0003_P4_diagnostic_v1_grid_v1/state=7/planner=q4_active,q4_active,estimated_completion_cost,0,0,0,0,0,0,0,,,0,0
q4_0003_P4_diagnostic_v1_grid_v1/state=8/planner=q4_active,q4_active,D_worst,15,105,5,9,0,0,91,False,False,1,1
q4_0003_P4_diagnostic_v1_grid_v1/state=8/planner=q4_active,q4_active,R_worst,15,105,5,9,0,0,91,False,False,1,1
q4_0003_P4_diagnostic_v1_grid_v1/state=8/planner=q4_active,q4_active,G_worst,15,105,5,9,0,0,91,False,False,1,1
q4_0003_P4_diagnostic_v1_grid_v1/state=8/planner=q4_active,q4_active,sampled_cert_score,15,105,64,25,0,0,16,True,False,1,4
q4_0003_P4_diagnostic_v1_grid_v1/state=8/planner=q4_active,q4_active,certified_completion_cost,1,0,0,0,0,0,0,True,True,1,1
q4_0003_P4_diagnostic_v1_grid_v1/state=8/planner=q4_active,q4_active,estimated_completion_cost,0,0,0,0,0,0,0,,,0,0
q4_0003_P4_diagnostic_v1_grid_v1/state=9/planner=q4_active,q4_active,D_worst,15,105,0,0,0,0,105,True,False,1,15
q4_0003_P4_diagnostic_v1_grid_v1/state=9/planner=q4_active,q4_active,R_worst,15,105,0,0,0,0,105,True,False,1,15
q4_0003_P4_diagnostic_v1_grid_v1/state=9/planner=q4_active,q4_active,G_worst,15,105,0,0,0,0,105,True,False,1,15
q4_0003_P4_diagnostic_v1_grid_v1/state=9/planner=q4_active,q4_active,sampled_cert_score,15,105,70,21,0,0,14,True,False,1,4
q4_0003_P4_diagnostic_v1_grid_v1/state=9/planner=q4_active,q4_active,certified_completion_cost,0,0,0,0,0,0,0,,,0,0
q4_0003_P4_diagnostic_v1_grid_v1/state=9/planner=q4_active,q4_active,estimated_completion_cost,0,0,0,0,0,0,0,,,0,0
q4_0003_P4_diagnostic_v1_grid_v1/state=10/planner=q4_active,q4_active,D_worst,15,105,0,0,0,0,105,True,False,1,15
q4_0003_P4_diagnostic_v1_grid_v1/state=10/planner=q4_active,q4_active,R_worst,15,105,0,0,0,0,105,True,False,1,15
q4_0003_P4_diagnostic_v1_grid_v1/state=10/planner=q4_active,q4_active,G_worst,15,105,0,0,0,0,105,True,False,1,15
q4_0003_P4_diagnostic_v1_grid_v1/state=10/planner=q4_active,q4_active,sampled_cert_score,15,105,62,15,0,0,28,False,False,1,3
q4_0003_P4_diagnostic_v1_grid_v1/state=10/planner=q4_active,q4_active,certified_completion_cost,0,0,0,0,0,0,0,,,0,0
q4_0003_P4_diagnostic_v1_grid_v1/state=10/planner=q4_active,q4_active,estimated_completion_cost,0,0,0,0,0,0,0,,,0,0
q4_0003_P4_diagnostic_v1_grid_v1/state=11/planner=q4_active,q4_active,D_worst,15,105,12,15,0,0,78,False,False,1,1
q4_0003_P4_diagnostic_v1_grid_v1/state=11/planner=q4_active,q4_active,R_worst,15,105,12,15,0,0,78,False,False,1,1
q4_0003_P4_diagnostic_v1_grid_v1/state=11/planner=q4_active,q4_active,G_worst,15,105,12,15,0,0,78,False,False,1,1
q4_0003_P4_diagnostic_v1_grid_v1/state=11/planner=q4_active,q4_active,sampled_cert_score,15,105,63,17,0,0,25,True,False,1,3
q4_0003_P4_diagnostic_v1_grid_v1/state=11/planner=q4_active,q4_active,certified_completion_cost,0,0,0,0,0,0,0,,,0,0
q4_0003_P4_diagnostic_v1_grid_v1/state=11/planner=q4_active,q4_active,estimated_completion_cost,0,0,0,0,0,0,0,,,0,0
q4_0003_P4_diagnostic_v1_grid_v1/state=12/planner=q4_active,q4_active,D_worst,15,105,4,23,0,0,78,False,False,1,1
q4_0003_P4_diagnostic_v1_grid_v1/state=12/planner=q4_active,q4_active,R_worst,15,105,4,23,0,0,78,False,False,1,1
q4_0003_P4_diagnostic_v1_grid_v1/state=12/planner=q4_active,q4_active,G_worst,15,105,4,23,0,0,78,False,False,1,1
q4_0003_P4_diagnostic_v1_grid_v1/state=12/planner=q4_active,q4_active,sampled_cert_score,15,105,49,20,0,0,36,True,False,1,7
q4_0003_P4_diagnostic_v1_grid_v1/state=12/planner=q4_active,q4_active,certified_completion_cost,0,0,0,0,0,0,0,,,0,0
q4_0003_P4_diagnostic_v1_grid_v1/state=12/planner=q4_active,q4_active,estimated_completion_cost,0,0,0,0,0,0,0,,,0,0
q4_0003_P4_diagnostic_v1_grid_v1/state=13/planner=q4_active,q4_active,D_worst,15,105,37,23,0,0,45,False,False,1,1
q4_0003_P4_diagnostic_v1_grid_v1/state=13/planner=q4_active,q4_active,R_worst,15,105,37,23,0,0,45,False,False,1,1
q4_0003_P4_diagnostic_v1_grid_v1/state=13/planner=q4_active,q4_active,G_worst,15,105,37,23,0,0,45,False,False,1,1
q4_0003_P4_diagnostic_v1_grid_v1/state=13/planner=q4_active,q4_active,sampled_cert_score,15,105,72,24,0,0,9,False,False,1,3
q4_0003_P4_diagnostic_v1_grid_v1/state=13/planner=q4_active,q4_active,certified_completion_cost,1,0,0,0,0,0,0,True,True,1,1
q4_0003_P4_diagnostic_v1_grid_v1/state=13/planner=q4_active,q4_active,estimated_completion_cost,0,0,0,0,0,0,0,,,0,0
q4_0003_P4_diagnostic_v1_grid_v1/state=14/planner=q4_active,q4_active,D_worst,15,105,0,0,0,0,105,True,False,1,15
q4_0003_P4_diagnostic_v1_grid_v1/state=14/planner=q4_active,q4_active,R_worst,15,105,0,0,0,0,105,True,False,1,15
q4_0003_P4_diagnostic_v1_grid_v1/state=14/planner=q4_active,q4_active,G_worst,15,105,0,0,0,0,105,True,False,1,15
q4_0003_P4_diagnostic_v1_grid_v1/state=14/planner=q4_active,q4_active,sampled_cert_score,15,105,31,27,0,0,47,False,False,1,2
q4_0003_P4_diagnostic_v1_grid_v1/state=14/planner=q4_active,q4_active,certified_completion_cost,0,0,0,0,0,0,0,,,0,0
q4_0003_P4_diagnostic_v1_grid_v1/state=14/planner=q4_active,q4_active,estimated_completion_cost,0,0,0,0,0,0,0,,,0,0
q4_0003_P4_diagnostic_v1_grid_v1/state=15/planner=q4_active,q4_active,D_worst,15,105,0,0,1,0,104,True,False,1,15
q4_0003_P4_diagnostic_v1_grid_v1/state=15/planner=q4_active,q4_active,R_worst,15,105,0,0,1,0,104,True,False,1,15
q4_0003_P4_diagnostic_v1_grid_v1/state=15/planner=q4_active,q4_active,G_worst,15,105,0,0,1,0,104,True,False,1,15
q4_0003_P4_diagnostic_v1_grid_v1/state=15/planner=q4_active,q4_active,sampled_cert_score,15,105,84,5,1,0,15,True,False,1,4
q4_0003_P4_diagnostic_v1_grid_v1/state=15/planner=q4_active,q4_active,certified_completion_cost,0,0,0,0,0,0,0,,,0,0
q4_0003_P4_diagnostic_v1_grid_v1/state=15/planner=q4_active,q4_active,estimated_completion_cost,0,0,0,0,0,0,0,,,0,0
q4_0003_P4_diagnostic_v1_grid_v1/state=16/planner=q4_active,q4_active,D_worst,14,91,0,0,0,0,91,True,False,1,14
q4_0003_P4_diagnostic_v1_grid_v1/state=16/planner=q4_active,q4_active,R_worst,14,91,0,0,0,0,91,True,False,1,14
q4_0003_P4_diagnostic_v1_grid_v1/state=16/planner=q4_active,q4_active,G_worst,14,91,0,0,0,0,91,True,False,1,14
q4_0003_P4_diagnostic_v1_grid_v1/state=16/planner=q4_active,q4_active,sampled_cert_score,14,91,53,4,0,0,34,True,False,1,3
q4_0003_P4_diagnostic_v1_grid_v1/state=16/planner=q4_active,q4_active,certified_completion_cost,0,0,0,0,0,0,0,,,0,0
q4_0003_P4_diagnostic_v1_grid_v1/state=16/planner=q4_active,q4_active,estimated_completion_cost,0,0,0,0,0,0,0,,,0,0
q4_0003_P4_diagnostic_v1_grid_v1/state=17/planner=q4_active,q4_active,D_worst,15,105,45,5,15,0,40,False,False,1,1
q4_0003_P4_diagnostic_v1_grid_v1/state=17/planner=q4_active,q4_active,R_worst,15,105,45,5,15,0,40,False,False,1,1
q4_0003_P4_diagnostic_v1_grid_v1/state=17/planner=q4_active,q4_active,G_worst,15,105,44,0,15,0,46,True,False,1,4
q4_0003_P4_diagnostic_v1_grid_v1/state=17/planner=q4_active,q4_active,sampled_cert_score,15,105,80,0,15,0,10,True,False,1,5
q4_0003_P4_diagnostic_v1_grid_v1/state=17/planner=q4_active,q4_active,certified_completion_cost,4,6,0,6,0,0,0,False,False,1,1
q4_0003_P4_diagnostic_v1_grid_v1/state=17/planner=q4_active,q4_active,estimated_completion_cost,0,0,0,0,0,0,0,,,0,0
q4_0003_P4_diagnostic_v1_grid_v1/state=18/planner=q4_active,q4_active,D_worst,15,105,4,23,0,0,78,False,False,1,1
q4_0003_P4_diagnostic_v1_grid_v1/state=18/planner=q4_active,q4_active,R_worst,15,105,4,23,0,0,78,False,False,1,1
q4_0003_P4_diagnostic_v1_grid_v1/state=18/planner=q4_active,q4_active,G_worst,15,105,4,23,0,0,78,False,False,1,1
q4_0003_P4_diagnostic_v1_grid_v1/state=18/planner=q4_active,q4_active,sampled_cert_score,15,105,63,35,0,0,7,False,False,1,2
q4_0003_P4_diagnostic_v1_grid_v1/state=18/planner=q4_active,q4_active,certified_completion_cost,0,0,0,0,0,0,0,,,0,0
q4_0003_P4_diagnostic_v1_grid_v1/state=18/planner=q4_active,q4_active,estimated_completion_cost,0,0,0,0,0,0,0,,,0,0
q4_0003_P4_diagnostic_v1_grid_v1/state=19/planner=q4_active,q4_active,D_worst,14,91,0,0,0,0,91,True,False,1,14
q4_0003_P4_diagnostic_v1_grid_v1/state=19/planner=q4_active,q4_active,R_worst,14,91,0,0,0,0,91,True,False,1,14
q4_0003_P4_diagnostic_v1_grid_v1/state=19/planner=q4_active,q4_active,G_worst,14,91,0,0,0,0,91,True,False,1,14
q4_0003_P4_diagnostic_v1_grid_v1/state=19/planner=q4_active,q4_active,sampled_cert_score,14,91,71,8,0,0,12,False,False,1,1
q4_0003_P4_diagnostic_v1_grid_v1/state=19/planner=q4_active,q4_active,certified_completion_cost,0,0,0,0,0,0,0,,,0,0
q4_0003_P4_diagnostic_v1_grid_v1/state=19/planner=q4_active,q4_active,estimated_completion_cost,0,0,0,0,0,0,0,,,0,0
q4_0003_P4_diagnostic_v1_grid_v1/state=20/planner=q4_active,q4_active,D_worst,14,91,0,0,6,0,85,True,False,1,14
q4_0003_P4_diagnostic_v1_grid_v1/state=20/planner=q4_active,q4_active,R_worst,14,91,0,0,6,0,85,True,False,1,14
q4_0003_P4_diagnostic_v1_grid_v1/state=20/planner=q4_active,q4_active,G_worst,14,91,0,0,6,0,85,True,False,1,14
q4_0003_P4_diagnostic_v1_grid_v1/state=20/planner=q4_active,q4_active,sampled_cert_score,14,91,67,8,6,0,10,False,False,1,1
q4_0003_P4_diagnostic_v1_grid_v1/state=20/planner=q4_active,q4_active,certified_completion_cost,0,0,0,0,0,0,0,,,0,0
q4_0003_P4_diagnostic_v1_grid_v1/state=20/planner=q4_active,q4_active,estimated_completion_cost,0,0,0,0,0,0,0,,,0,0
q4_0003_P4_diagnostic_v1_grid_v1/state=21/planner=q4_active,q4_active,D_worst,15,105,0,0,0,0,105,True,False,1,15
q4_0003_P4_diagnostic_v1_grid_v1/state=21/planner=q4_active,q4_active,R_worst,15,105,0,0,0,0,105,True,False,1,15
q4_0003_P4_diagnostic_v1_grid_v1/state=21/planner=q4_active,q4_active,G_worst,15,105,0,0,0,0,105,True,False,1,15
q4_0003_P4_diagnostic_v1_grid_v1/state=21/planner=q4_active,q4_active,sampled_cert_score,15,105,60,8,0,0,37,True,False,1,9
q4_0003_P4_diagnostic_v1_grid_v1/state=21/planner=q4_active,q4_active,certified_completion_cost,0,0,0,0,0,0,0,,,0,0
q4_0003_P4_diagnostic_v1_grid_v1/state=21/planner=q4_active,q4_active,estimated_completion_cost,0,0,0,0,0,0,0,,,0,0
q4_0003_P4_diagnostic_v1_grid_v1/state=22/planner=q4_active,q4_active,D_worst,15,105,44,6,0,0,55,False,False,1,1
q4_0003_P4_diagnostic_v1_grid_v1/state=22/planner=q4_active,q4_active,R_worst,15,105,44,6,0,0,55,False,False,1,1
q4_0003_P4_diagnostic_v1_grid_v1/state=22/planner=q4_active,q4_active,G_worst,15,105,44,0,0,0,61,True,False,1,4
q4_0003_P4_diagnostic_v1_grid_v1/state=22/planner=q4_active,q4_active,sampled_cert_score,15,105,86,8,0,0,11,True,False,1,4
q4_0003_P4_diagnostic_v1_grid_v1/state=22/planner=q4_active,q4_active,certified_completion_cost,4,6,0,6,0,0,0,False,False,1,1
q4_0003_P4_diagnostic_v1_grid_v1/state=22/planner=q4_active,q4_active,estimated_completion_cost,0,0,0,0,0,0,0,,,0,0
q4_0003_P4_diagnostic_v1_grid_v1/state=23/planner=q4_active,q4_active,D_worst,15,105,0,0,0,0,105,True,False,1,15
q4_0003_P4_diagnostic_v1_grid_v1/state=23/planner=q4_active,q4_active,R_worst,15,105,0,0,0,0,105,True,False,1,15
q4_0003_P4_diagnostic_v1_grid_v1/state=23/planner=q4_active,q4_active,G_worst,15,105,0,0,0,0,105,True,False,1,15
q4_0003_P4_diagnostic_v1_grid_v1/state=23/planner=q4_active,q4_active,sampled_cert_score,15,105,63,5,0,0,37,True,False,1,7
q4_0003_P4_diagnostic_v1_grid_v1/state=23/planner=q4_active,q4_active,certified_completion_cost,0,0,0,0,0,0,0,,,0,0
q4_0003_P4_diagnostic_v1_grid_v1/state=23/planner=q4_active,q4_active,estimated_completion_cost,0,0,0,0,0,0,0,,,0,0
q4_0003_P4_diagnostic_v1_grid_v1/state=24/planner=q4_active,q4_active,D_worst,15,105,55,5,15,0,30,False,False,1,1
q4_0003_P4_diagnostic_v1_grid_v1/state=24/planner=q4_active,q4_active,R_worst,15,105,55,5,15,0,30,False,False,1,1
q4_0003_P4_diagnostic_v1_grid_v1/state=24/planner=q4_active,q4_active,G_worst,15,105,50,0,15,0,40,True,False,1,5
q4_0003_P4_diagnostic_v1_grid_v1/state=24/planner=q4_active,q4_active,sampled_cert_score,15,105,74,0,15,0,16,True,False,1,6
q4_0003_P4_diagnostic_v1_grid_v1/state=24/planner=q4_active,q4_active,certified_completion_cost,5,10,5,5,0,0,0,False,False,1,1
q4_0003_P4_diagnostic_v1_grid_v1/state=24/planner=q4_active,q4_active,estimated_completion_cost,0,0,0,0,0,0,0,,,0,0
q4_0003_P4_diagnostic_v1_grid_v1_nccp/state=0/planner=q4_active,q4_active,D_worst,15,105,6,21,0,0,78,False,False,1,1
q4_0003_P4_diagnostic_v1_grid_v1_nccp/state=0/planner=q4_active,q4_active,R_worst,15,105,6,21,0,0,78,False,False,1,1
q4_0003_P4_diagnostic_v1_grid_v1_nccp/state=0/planner=q4_active,q4_active,G_worst,15,105,6,21,0,0,78,False,False,1,1
q4_0003_P4_diagnostic_v1_grid_v1_nccp/state=0/planner=q4_active,q4_active,sampled_cert_score,15,105,67,32,0,0,6,False,False,1,3
q4_0003_P4_diagnostic_v1_grid_v1_nccp/state=0/planner=q4_active,q4_active,certified_completion_cost,0,0,0,0,0,0,0,,,0,0
q4_0003_P4_diagnostic_v1_grid_v1_nccp/state=0/planner=q4_active,q4_active,estimated_completion_cost,0,0,0,0,0,0,0,,,0,0
q4_0003_P4_diagnostic_v1_grid_v1_nccp/state=1/planner=q4_active,q4_active,D_worst,15,105,0,27,0,0,78,False,False,1,1
q4_0003_P4_diagnostic_v1_grid_v1_nccp/state=1/planner=q4_active,q4_active,R_worst,15,105,0,27,0,0,78,False,False,1,1
q4_0003_P4_diagnostic_v1_grid_v1_nccp/state=1/planner=q4_active,q4_active,G_worst,15,105,0,27,0,0,78,False,False,1,1
q4_0003_P4_diagnostic_v1_grid_v1_nccp/state=1/planner=q4_active,q4_active,sampled_cert_score,15,105,64,19,0,0,22,True,False,1,4
q4_0003_P4_diagnostic_v1_grid_v1_nccp/state=1/planner=q4_active,q4_active,certified_completion_cost,0,0,0,0,0,0,0,,,0,0
q4_0003_P4_diagnostic_v1_grid_v1_nccp/state=1/planner=q4_active,q4_active,estimated_completion_cost,0,0,0,0,0,0,0,,,0,0
q4_0003_P4_diagnostic_v1_grid_v1_nccp/state=2/planner=q4_active,q4_active,D_worst,14,91,0,0,6,0,85,True,False,1,14
q4_0003_P4_diagnostic_v1_grid_v1_nccp/state=2/planner=q4_active,q4_active,R_worst,14,91,0,0,6,0,85,True,False,1,14
q4_0003_P4_diagnostic_v1_grid_v1_nccp/state=2/planner=q4_active,q4_active,G_worst,14,91,0,0,6,0,85,True,False,1,14
q4_0003_P4_diagnostic_v1_grid_v1_nccp/state=2/planner=q4_active,q4_active,sampled_cert_score,14,91,60,6,6,0,19,True,True,1,1
q4_0003_P4_diagnostic_v1_grid_v1_nccp/state=2/planner=q4_active,q4_active,certified_completion_cost,0,0,0,0,0,0,0,,,0,0
q4_0003_P4_diagnostic_v1_grid_v1_nccp/state=2/planner=q4_active,q4_active,estimated_completion_cost,0,0,0,0,0,0,0,,,0,0
q4_0003_P4_diagnostic_v1_grid_v1_nccp/state=3/planner=q4_active,q4_active,D_worst,15,105,0,0,0,0,105,True,False,1,15
q4_0003_P4_diagnostic_v1_grid_v1_nccp/state=3/planner=q4_active,q4_active,R_worst,15,105,0,0,0,0,105,True,False,1,15
q4_0003_P4_diagnostic_v1_grid_v1_nccp/state=3/planner=q4_active,q4_active,G_worst,15,105,0,0,0,0,105,True,False,1,15
q4_0003_P4_diagnostic_v1_grid_v1_nccp/state=3/planner=q4_active,q4_active,sampled_cert_score,15,105,70,27,0,0,8,False,False,1,3
q4_0003_P4_diagnostic_v1_grid_v1_nccp/state=3/planner=q4_active,q4_active,certified_completion_cost,0,0,0,0,0,0,0,,,0,0
q4_0003_P4_diagnostic_v1_grid_v1_nccp/state=3/planner=q4_active,q4_active,estimated_completion_cost,0,0,0,0,0,0,0,,,0,0
q4_0003_P4_diagnostic_v1_grid_v1_nccp/state=4/planner=q4_active,q4_active,D_worst,15,105,9,18,0,0,78,False,False,1,1
q4_0003_P4_diagnostic_v1_grid_v1_nccp/state=4/planner=q4_active,q4_active,R_worst,15,105,9,18,0,0,78,False,False,1,1
q4_0003_P4_diagnostic_v1_grid_v1_nccp/state=4/planner=q4_active,q4_active,G_worst,15,105,9,18,0,0,78,False,False,1,1
q4_0003_P4_diagnostic_v1_grid_v1_nccp/state=4/planner=q4_active,q4_active,sampled_cert_score,15,105,53,37,0,0,15,True,False,1,3
q4_0003_P4_diagnostic_v1_grid_v1_nccp/state=4/planner=q4_active,q4_active,certified_completion_cost,1,0,0,0,0,0,0,True,True,1,1
q4_0003_P4_diagnostic_v1_grid_v1_nccp/state=4/planner=q4_active,q4_active,estimated_completion_cost,0,0,0,0,0,0,0,,,0,0
q4_0003_P4_diagnostic_v1_grid_v1_nccp/state=5/planner=q4_active,q4_active,D_worst,15,105,0,0,0,0,105,True,False,1,15
q4_0003_P4_diagnostic_v1_grid_v1_nccp/state=5/planner=q4_active,q4_active,R_worst,15,105,0,0,0,0,105,True,False,1,15
q4_0003_P4_diagnostic_v1_grid_v1_nccp/state=5/planner=q4_active,q4_active,G_worst,15,105,0,0,0,0,105,True,False,1,15
q4_0003_P4_diagnostic_v1_grid_v1_nccp/state=5/planner=q4_active,q4_active,sampled_cert_score,15,105,33,35,0,0,37,False,False,1,4
q4_0003_P4_diagnostic_v1_grid_v1_nccp/state=5/planner=q4_active,q4_active,certified_completion_cost,0,0,0,0,0,0,0,,,0,0
q4_0003_P4_diagnostic_v1_grid_v1_nccp/state=5/planner=q4_active,q4_active,estimated_completion_cost,0,0,0,0,0,0,0,,,0,0
q4_0003_P4_diagnostic_v1_grid_v1_nccp/state=6/planner=q4_active,q4_active,D_worst,15,105,0,0,0,0,105,True,False,1,15
q4_0003_P4_diagnostic_v1_grid_v1_nccp/state=6/planner=q4_active,q4_active,R_worst,15,105,0,0,0,0,105,True,False,1,15
q4_0003_P4_diagnostic_v1_grid_v1_nccp/state=6/planner=q4_active,q4_active,G_worst,15,105,0,0,0,0,105,True,False,1,15
q4_0003_P4_diagnostic_v1_grid_v1_nccp/state=6/planner=q4_active,q4_active,sampled_cert_score,15,105,73,26,0,0,6,False,False,1,2
q4_0003_P4_diagnostic_v1_grid_v1_nccp/state=6/planner=q4_active,q4_active,certified_completion_cost,0,0,0,0,0,0,0,,,0,0
q4_0003_P4_diagnostic_v1_grid_v1_nccp/state=6/planner=q4_active,q4_active,estimated_completion_cost,0,0,0,0,0,0,0,,,0,0
q4_0003_P4_diagnostic_v1_grid_v1_nccp/state=7/planner=q4_active,q4_active,D_worst,15,105,4,10,0,0,91,False,False,1,1
q4_0003_P4_diagnostic_v1_grid_v1_nccp/state=7/planner=q4_active,q4_active,R_worst,15,105,4,10,0,0,91,False,False,1,1
q4_0003_P4_diagnostic_v1_grid_v1_nccp/state=7/planner=q4_active,q4_active,G_worst,15,105,4,10,0,0,91,False,False,1,1
q4_0003_P4_diagnostic_v1_grid_v1_nccp/state=7/planner=q4_active,q4_active,sampled_cert_score,15,105,59,17,0,0,29,False,False,1,1
q4_0003_P4_diagnostic_v1_grid_v1_nccp/state=7/planner=q4_active,q4_active,certified_completion_cost,0,0,0,0,0,0,0,,,0,0
q4_0003_P4_diagnostic_v1_grid_v1_nccp/state=7/planner=q4_active,q4_active,estimated_completion_cost,0,0,0,0,0,0,0,,,0,0
q4_0003_P4_diagnostic_v1_grid_v1_nccp/state=8/planner=q4_active,q4_active,D_worst,15,105,5,9,0,0,91,False,False,1,1
q4_0003_P4_diagnostic_v1_grid_v1_nccp/state=8/planner=q4_active,q4_active,R_worst,15,105,5,9,0,0,91,False,False,1,1
q4_0003_P4_diagnostic_v1_grid_v1_nccp/state=8/planner=q4_active,q4_active,G_worst,15,105,5,9,0,0,91,False,False,1,1
q4_0003_P4_diagnostic_v1_grid_v1_nccp/state=8/planner=q4_active,q4_active,sampled_cert_score,15,105,64,25,0,0,16,True,False,1,4
q4_0003_P4_diagnostic_v1_grid_v1_nccp/state=8/planner=q4_active,q4_active,certified_completion_cost,1,0,0,0,0,0,0,True,True,1,1
q4_0003_P4_diagnostic_v1_grid_v1_nccp/state=8/planner=q4_active,q4_active,estimated_completion_cost,0,0,0,0,0,0,0,,,0,0
q4_0003_P4_diagnostic_v1_grid_v1_nccp/state=9/planner=q4_active,q4_active,D_worst,15,105,0,0,0,0,105,True,False,1,15
q4_0003_P4_diagnostic_v1_grid_v1_nccp/state=9/planner=q4_active,q4_active,R_worst,15,105,0,0,0,0,105,True,False,1,15
q4_0003_P4_diagnostic_v1_grid_v1_nccp/state=9/planner=q4_active,q4_active,G_worst,15,105,0,0,0,0,105,True,False,1,15
q4_0003_P4_diagnostic_v1_grid_v1_nccp/state=9/planner=q4_active,q4_active,sampled_cert_score,15,105,69,24,0,0,12,True,False,1,4
q4_0003_P4_diagnostic_v1_grid_v1_nccp/state=9/planner=q4_active,q4_active,certified_completion_cost,0,0,0,0,0,0,0,,,0,0
q4_0003_P4_diagnostic_v1_grid_v1_nccp/state=9/planner=q4_active,q4_active,estimated_completion_cost,0,0,0,0,0,0,0,,,0,0
q4_0003_P4_diagnostic_v1_grid_v1_nccp/state=10/planner=q4_active,q4_active,D_worst,15,105,0,0,0,0,105,True,False,1,15
q4_0003_P4_diagnostic_v1_grid_v1_nccp/state=10/planner=q4_active,q4_active,R_worst,15,105,0,0,0,0,105,True,False,1,15
q4_0003_P4_diagnostic_v1_grid_v1_nccp/state=10/planner=q4_active,q4_active,G_worst,15,105,0,0,0,0,105,True,False,1,15
q4_0003_P4_diagnostic_v1_grid_v1_nccp/state=10/planner=q4_active,q4_active,sampled_cert_score,15,105,63,15,0,0,27,False,False,1,1
q4_0003_P4_diagnostic_v1_grid_v1_nccp/state=10/planner=q4_active,q4_active,certified_completion_cost,0,0,0,0,0,0,0,,,0,0
q4_0003_P4_diagnostic_v1_grid_v1_nccp/state=10/planner=q4_active,q4_active,estimated_completion_cost,0,0,0,0,0,0,0,,,0,0
q4_0003_P4_diagnostic_v1_grid_v1_nccp/state=11/planner=q4_active,q4_active,D_worst,15,105,12,15,0,0,78,False,False,1,1
q4_0003_P4_diagnostic_v1_grid_v1_nccp/state=11/planner=q4_active,q4_active,R_worst,15,105,12,15,0,0,78,False,False,1,1
q4_0003_P4_diagnostic_v1_grid_v1_nccp/state=11/planner=q4_active,q4_active,G_worst,15,105,12,15,0,0,78,False,False,1,1
q4_0003_P4_diagnostic_v1_grid_v1_nccp/state=11/planner=q4_active,q4_active,sampled_cert_score,15,105,58,14,0,0,33,True,False,1,3
q4_0003_P4_diagnostic_v1_grid_v1_nccp/state=11/planner=q4_active,q4_active,certified_completion_cost,0,0,0,0,0,0,0,,,0,0
q4_0003_P4_diagnostic_v1_grid_v1_nccp/state=11/planner=q4_active,q4_active,estimated_completion_cost,0,0,0,0,0,0,0,,,0,0
q4_0003_P4_diagnostic_v1_grid_v1_nccp/state=12/planner=q4_active,q4_active,D_worst,15,105,4,23,0,0,78,False,False,1,1
q4_0003_P4_diagnostic_v1_grid_v1_nccp/state=12/planner=q4_active,q4_active,R_worst,15,105,4,23,0,0,78,False,False,1,1
q4_0003_P4_diagnostic_v1_grid_v1_nccp/state=12/planner=q4_active,q4_active,G_worst,15,105,4,23,0,0,78,False,False,1,1
q4_0003_P4_diagnostic_v1_grid_v1_nccp/state=12/planner=q4_active,q4_active,sampled_cert_score,15,105,49,20,0,0,36,True,False,1,7
q4_0003_P4_diagnostic_v1_grid_v1_nccp/state=12/planner=q4_active,q4_active,certified_completion_cost,0,0,0,0,0,0,0,,,0,0
q4_0003_P4_diagnostic_v1_grid_v1_nccp/state=12/planner=q4_active,q4_active,estimated_completion_cost,0,0,0,0,0,0,0,,,0,0
q4_0003_P4_diagnostic_v1_grid_v1_nccp/state=13/planner=q4_active,q4_active,D_worst,15,105,37,23,0,0,45,False,False,1,1
q4_0003_P4_diagnostic_v1_grid_v1_nccp/state=13/planner=q4_active,q4_active,R_worst,15,105,37,23,0,0,45,False,False,1,1
q4_0003_P4_diagnostic_v1_grid_v1_nccp/state=13/planner=q4_active,q4_active,G_worst,15,105,37,23,0,0,45,False,False,1,1
q4_0003_P4_diagnostic_v1_grid_v1_nccp/state=13/planner=q4_active,q4_active,sampled_cert_score,15,105,72,24,0,0,9,False,False,1,3
q4_0003_P4_diagnostic_v1_grid_v1_nccp/state=13/planner=q4_active,q4_active,certified_completion_cost,1,0,0,0,0,0,0,True,True,1,1
q4_0003_P4_diagnostic_v1_grid_v1_nccp/state=13/planner=q4_active,q4_active,estimated_completion_cost,0,0,0,0,0,0,0,,,0,0
q4_0003_P4_diagnostic_v1_grid_v1_nccp/state=14/planner=q4_active,q4_active,D_worst,15,105,0,0,0,0,105,True,False,1,15
q4_0003_P4_diagnostic_v1_grid_v1_nccp/state=14/planner=q4_active,q4_active,R_worst,15,105,0,0,0,0,105,True,False,1,15
q4_0003_P4_diagnostic_v1_grid_v1_nccp/state=14/planner=q4_active,q4_active,G_worst,15,105,0,0,0,0,105,True,False,1,15
q4_0003_P4_diagnostic_v1_grid_v1_nccp/state=14/planner=q4_active,q4_active,sampled_cert_score,15,105,31,27,0,0,47,False,False,1,2
q4_0003_P4_diagnostic_v1_grid_v1_nccp/state=14/planner=q4_active,q4_active,certified_completion_cost,0,0,0,0,0,0,0,,,0,0
q4_0003_P4_diagnostic_v1_grid_v1_nccp/state=14/planner=q4_active,q4_active,estimated_completion_cost,0,0,0,0,0,0,0,,,0,0
q4_0003_P4_diagnostic_v1_grid_v1_nccp/state=15/planner=q4_active,q4_active,D_worst,15,105,0,0,1,0,104,True,False,1,15
q4_0003_P4_diagnostic_v1_grid_v1_nccp/state=15/planner=q4_active,q4_active,R_worst,15,105,0,0,1,0,104,True,False,1,15
q4_0003_P4_diagnostic_v1_grid_v1_nccp/state=15/planner=q4_active,q4_active,G_worst,15,105,0,0,1,0,104,True,False,1,15
q4_0003_P4_diagnostic_v1_grid_v1_nccp/state=15/planner=q4_active,q4_active,sampled_cert_score,15,105,88,4,1,0,12,True,False,1,4
q4_0003_P4_diagnostic_v1_grid_v1_nccp/state=15/planner=q4_active,q4_active,certified_completion_cost,0,0,0,0,0,0,0,,,0,0
q4_0003_P4_diagnostic_v1_grid_v1_nccp/state=15/planner=q4_active,q4_active,estimated_completion_cost,0,0,0,0,0,0,0,,,0,0
q4_0003_P4_diagnostic_v1_grid_v1_nccp/state=16/planner=q4_active,q4_active,D_worst,14,91,0,0,0,0,91,True,False,1,14
q4_0003_P4_diagnostic_v1_grid_v1_nccp/state=16/planner=q4_active,q4_active,R_worst,14,91,0,0,0,0,91,True,False,1,14
q4_0003_P4_diagnostic_v1_grid_v1_nccp/state=16/planner=q4_active,q4_active,G_worst,14,91,0,0,0,0,91,True,False,1,14
q4_0003_P4_diagnostic_v1_grid_v1_nccp/state=16/planner=q4_active,q4_active,sampled_cert_score,14,91,51,10,0,0,30,True,False,1,4
q4_0003_P4_diagnostic_v1_grid_v1_nccp/state=16/planner=q4_active,q4_active,certified_completion_cost,0,0,0,0,0,0,0,,,0,0
q4_0003_P4_diagnostic_v1_grid_v1_nccp/state=16/planner=q4_active,q4_active,estimated_completion_cost,0,0,0,0,0,0,0,,,0,0
q4_0003_P4_diagnostic_v1_grid_v1_nccp/state=17/planner=q4_active,q4_active,D_worst,15,105,45,5,15,0,40,False,False,1,1
q4_0003_P4_diagnostic_v1_grid_v1_nccp/state=17/planner=q4_active,q4_active,R_worst,15,105,45,5,15,0,40,False,False,1,1
q4_0003_P4_diagnostic_v1_grid_v1_nccp/state=17/planner=q4_active,q4_active,G_worst,15,105,44,0,15,0,46,True,False,1,4
q4_0003_P4_diagnostic_v1_grid_v1_nccp/state=17/planner=q4_active,q4_active,sampled_cert_score,15,105,74,0,15,0,16,True,False,1,6
q4_0003_P4_diagnostic_v1_grid_v1_nccp/state=17/planner=q4_active,q4_active,certified_completion_cost,4,6,0,6,0,0,0,False,False,1,1
q4_0003_P4_diagnostic_v1_grid_v1_nccp/state=17/planner=q4_active,q4_active,estimated_completion_cost,0,0,0,0,0,0,0,,,0,0
q4_0003_P4_diagnostic_v1_grid_v1_nccp/state=18/planner=q4_active,q4_active,D_worst,15,105,4,23,0,0,78,False,False,1,1
q4_0003_P4_diagnostic_v1_grid_v1_nccp/state=18/planner=q4_active,q4_active,R_worst,15,105,4,23,0,0,78,False,False,1,1
q4_0003_P4_diagnostic_v1_grid_v1_nccp/state=18/planner=q4_active,q4_active,G_worst,15,105,4,23,0,0,78,False,False,1,1
q4_0003_P4_diagnostic_v1_grid_v1_nccp/state=18/planner=q4_active,q4_active,sampled_cert_score,15,105,63,35,0,0,7,False,False,1,2
q4_0003_P4_diagnostic_v1_grid_v1_nccp/state=18/planner=q4_active,q4_active,certified_completion_cost,0,0,0,0,0,0,0,,,0,0
q4_0003_P4_diagnostic_v1_grid_v1_nccp/state=18/planner=q4_active,q4_active,estimated_completion_cost,0,0,0,0,0,0,0,,,0,0
q4_0003_P4_diagnostic_v1_grid_v1_nccp/state=19/planner=q4_active,q4_active,D_worst,14,91,0,0,0,0,91,True,False,1,14
q4_0003_P4_diagnostic_v1_grid_v1_nccp/state=19/planner=q4_active,q4_active,R_worst,14,91,0,0,0,0,91,True,False,1,14
q4_0003_P4_diagnostic_v1_grid_v1_nccp/state=19/planner=q4_active,q4_active,G_worst,14,91,0,0,0,0,91,True,False,1,14
q4_0003_P4_diagnostic_v1_grid_v1_nccp/state=19/planner=q4_active,q4_active,sampled_cert_score,14,91,71,8,0,0,12,False,False,1,1
q4_0003_P4_diagnostic_v1_grid_v1_nccp/state=19/planner=q4_active,q4_active,certified_completion_cost,0,0,0,0,0,0,0,,,0,0
q4_0003_P4_diagnostic_v1_grid_v1_nccp/state=19/planner=q4_active,q4_active,estimated_completion_cost,0,0,0,0,0,0,0,,,0,0
q4_0003_P4_diagnostic_v1_grid_v1_nccp/state=20/planner=q4_active,q4_active,D_worst,14,91,0,0,6,0,85,True,False,1,14
q4_0003_P4_diagnostic_v1_grid_v1_nccp/state=20/planner=q4_active,q4_active,R_worst,14,91,0,0,6,0,85,True,False,1,14
q4_0003_P4_diagnostic_v1_grid_v1_nccp/state=20/planner=q4_active,q4_active,G_worst,14,91,0,0,6,0,85,True,False,1,14
q4_0003_P4_diagnostic_v1_grid_v1_nccp/state=20/planner=q4_active,q4_active,sampled_cert_score,14,91,67,8,6,0,10,False,False,1,1
q4_0003_P4_diagnostic_v1_grid_v1_nccp/state=20/planner=q4_active,q4_active,certified_completion_cost,0,0,0,0,0,0,0,,,0,0
q4_0003_P4_diagnostic_v1_grid_v1_nccp/state=20/planner=q4_active,q4_active,estimated_completion_cost,0,0,0,0,0,0,0,,,0,0
q4_0003_P4_diagnostic_v1_grid_v1_nccp/state=21/planner=q4_active,q4_active,D_worst,15,105,0,0,0,0,105,True,False,1,15
q4_0003_P4_diagnostic_v1_grid_v1_nccp/state=21/planner=q4_active,q4_active,R_worst,15,105,0,0,0,0,105,True,False,1,15
q4_0003_P4_diagnostic_v1_grid_v1_nccp/state=21/planner=q4_active,q4_active,G_worst,15,105,0,0,0,0,105,True,False,1,15
q4_0003_P4_diagnostic_v1_grid_v1_nccp/state=21/planner=q4_active,q4_active,sampled_cert_score,15,105,63,6,0,0,36,True,False,1,9
q4_0003_P4_diagnostic_v1_grid_v1_nccp/state=21/planner=q4_active,q4_active,certified_completion_cost,0,0,0,0,0,0,0,,,0,0
q4_0003_P4_diagnostic_v1_grid_v1_nccp/state=21/planner=q4_active,q4_active,estimated_completion_cost,0,0,0,0,0,0,0,,,0,0
q4_0003_P4_diagnostic_v1_grid_v1_nccp/state=22/planner=q4_active,q4_active,D_worst,15,105,44,6,0,0,55,False,False,1,1
q4_0003_P4_diagnostic_v1_grid_v1_nccp/state=22/planner=q4_active,q4_active,R_worst,15,105,44,6,0,0,55,False,False,1,1
q4_0003_P4_diagnostic_v1_grid_v1_nccp/state=22/planner=q4_active,q4_active,G_worst,15,105,44,0,0,0,61,True,False,1,4
q4_0003_P4_diagnostic_v1_grid_v1_nccp/state=22/planner=q4_active,q4_active,sampled_cert_score,15,105,86,8,0,0,11,True,False,1,4
q4_0003_P4_diagnostic_v1_grid_v1_nccp/state=22/planner=q4_active,q4_active,certified_completion_cost,4,6,0,6,0,0,0,False,False,1,1
q4_0003_P4_diagnostic_v1_grid_v1_nccp/state=22/planner=q4_active,q4_active,estimated_completion_cost,0,0,0,0,0,0,0,,,0,0
q4_0003_P4_diagnostic_v1_grid_v1_nccp/state=23/planner=q4_active,q4_active,D_worst,15,105,0,0,0,0,105,True,False,1,15
q4_0003_P4_diagnostic_v1_grid_v1_nccp/state=23/planner=q4_active,q4_active,R_worst,15,105,0,0,0,0,105,True,False,1,15
q4_0003_P4_diagnostic_v1_grid_v1_nccp/state=23/planner=q4_active,q4_active,G_worst,15,105,0,0,0,0,105,True,False,1,15
q4_0003_P4_diagnostic_v1_grid_v1_nccp/state=23/planner=q4_active,q4_active,sampled_cert_score,15,105,63,5,0,0,37,True,False,1,7
q4_0003_P4_diagnostic_v1_grid_v1_nccp/state=23/planner=q4_active,q4_active,certified_completion_cost,0,0,0,0,0,0,0,,,0,0
q4_0003_P4_diagnostic_v1_grid_v1_nccp/state=23/planner=q4_active,q4_active,estimated_completion_cost,0,0,0,0,0,0,0,,,0,0
q4_0003_P4_diagnostic_v1_grid_v1_nccp/state=24/planner=q4_active,q4_active,D_worst,15,105,55,5,15,0,30,False,False,1,1
q4_0003_P4_diagnostic_v1_grid_v1_nccp/state=24/planner=q4_active,q4_active,R_worst,15,105,55,5,15,0,30,False,False,1,1
q4_0003_P4_diagnostic_v1_grid_v1_nccp/state=24/planner=q4_active,q4_active,G_worst,15,105,50,0,15,0,40,True,False,1,5
q4_0003_P4_diagnostic_v1_grid_v1_nccp/state=24/planner=q4_active,q4_active,sampled_cert_score,15,105,74,0,15,0,16,True,False,1,6
q4_0003_P4_diagnostic_v1_grid_v1_nccp/state=24/planner=q4_active,q4_active,certified_completion_cost,5,10,5,5,0,0,0,False,False,1,1
q4_0003_P4_diagnostic_v1_grid_v1_nccp/state=24/planner=q4_active,q4_active,estimated_completion_cost,0,0,0,0,0,0,0,,,0,0
q4_0004_P4_diagnostic_v1_grid_v1/state=0/planner=q4_active,q4_active,D_worst,15,105,1,26,0,0,78,False,False,1,1
q4_0004_P4_diagnostic_v1_grid_v1/state=0/planner=q4_active,q4_active,R_worst,15,105,1,26,0,0,78,False,False,1,1
q4_0004_P4_diagnostic_v1_grid_v1/state=0/planner=q4_active,q4_active,G_worst,15,105,1,26,0,0,78,False,False,1,1
q4_0004_P4_diagnostic_v1_grid_v1/state=0/planner=q4_active,q4_active,sampled_cert_score,15,105,83,13,0,0,9,False,False,1,3
q4_0004_P4_diagnostic_v1_grid_v1/state=0/planner=q4_active,q4_active,certified_completion_cost,0,0,0,0,0,0,0,,,0,0
q4_0004_P4_diagnostic_v1_grid_v1/state=0/planner=q4_active,q4_active,estimated_completion_cost,0,0,0,0,0,0,0,,,0,0
q4_0004_P4_diagnostic_v1_grid_v1/state=1/planner=q4_active,q4_active,D_worst,15,105,0,14,0,0,91,False,False,1,1
q4_0004_P4_diagnostic_v1_grid_v1/state=1/planner=q4_active,q4_active,R_worst,15,105,0,14,0,0,91,False,False,1,1
q4_0004_P4_diagnostic_v1_grid_v1/state=1/planner=q4_active,q4_active,G_worst,15,105,0,14,0,0,91,False,False,1,1
q4_0004_P4_diagnostic_v1_grid_v1/state=1/planner=q4_active,q4_active,sampled_cert_score,15,105,51,22,0,0,32,False,False,1,1
q4_0004_P4_diagnostic_v1_grid_v1/state=1/planner=q4_active,q4_active,certified_completion_cost,0,0,0,0,0,0,0,,,0,0
q4_0004_P4_diagnostic_v1_grid_v1/state=1/planner=q4_active,q4_active,estimated_completion_cost,0,0,0,0,0,0,0,,,0,0
q4_0004_P4_diagnostic_v1_grid_v1/state=2/planner=q4_active,q4_active,D_worst,15,105,0,0,0,0,105,True,False,1,15
q4_0004_P4_diagnostic_v1_grid_v1/state=2/planner=q4_active,q4_active,R_worst,15,105,0,0,0,0,105,True,False,1,15
q4_0004_P4_diagnostic_v1_grid_v1/state=2/planner=q4_active,q4_active,G_worst,15,105,0,0,0,0,105,True,False,1,15
q4_0004_P4_diagnostic_v1_grid_v1/state=2/planner=q4_active,q4_active,sampled_cert_score,15,105,7,60,0,0,38,False,False,1,2
q4_0004_P4_diagnostic_v1_grid_v1/state=2/planner=q4_active,q4_active,certified_completion_cost,0,0,0,0,0,0,0,,,0,0
q4_0004_P4_diagnostic_v1_grid_v1/state=2/planner=q4_active,q4_active,estimated_completion_cost,0,0,0,0,0,0,0,,,0,0
q4_0004_P4_diagnostic_v1_grid_v1/state=3/planner=q4_active,q4_active,D_worst,15,105,1,13,0,0,91,False,False,1,1
q4_0004_P4_diagnostic_v1_grid_v1/state=3/planner=q4_active,q4_active,R_worst,15,105,1,13,0,0,91,False,False,1,1
q4_0004_P4_diagnostic_v1_grid_v1/state=3/planner=q4_active,q4_active,G_worst,15,105,1,13,0,0,91,False,False,1,1
q4_0004_P4_diagnostic_v1_grid_v1/state=3/planner=q4_active,q4_active,sampled_cert_score,15,105,76,19,0,0,10,False,False,1,1
q4_0004_P4_diagnostic_v1_grid_v1/state=3/planner=q4_active,q4_active,certified_completion_cost,0,0,0,0,0,0,0,,,0,0
q4_0004_P4_diagnostic_v1_grid_v1/state=3/planner=q4_active,q4_active,estimated_completion_cost,0,0,0,0,0,0,0,,,0,0
q4_0004_P4_diagnostic_v1_grid_v1/state=4/planner=q4_active,q4_active,D_worst,15,105,11,28,0,0,66,False,False,1,1
q4_0004_P4_diagnostic_v1_grid_v1/state=4/planner=q4_active,q4_active,R_worst,15,105,11,28,0,0,66,False,False,1,1
q4_0004_P4_diagnostic_v1_grid_v1/state=4/planner=q4_active,q4_active,G_worst,15,105,11,27,0,0,67,False,False,1,2
q4_0004_P4_diagnostic_v1_grid_v1/state=4/planner=q4_active,q4_active,sampled_cert_score,15,105,39,15,0,0,51,True,False,1,10
q4_0004_P4_diagnostic_v1_grid_v1/state=4/planner=q4_active,q4_active,certified_completion_cost,2,1,0,1,0,0,0,False,False,1,1
q4_0004_P4_diagnostic_v1_grid_v1/state=4/planner=q4_active,q4_active,estimated_completion_cost,0,0,0,0,0,0,0,,,0,0
q4_0004_P4_diagnostic_v1_grid_v1/state=5/planner=q4_active,q4_active,D_worst,15,105,0,0,0,0,105,True,False,1,15
q4_0004_P4_diagnostic_v1_grid_v1/state=5/planner=q4_active,q4_active,R_worst,15,105,0,0,0,0,105,True,False,1,15
q4_0004_P4_diagnostic_v1_grid_v1/state=5/planner=q4_active,q4_active,G_worst,15,105,0,0,0,0,105,True,False,1,15
q4_0004_P4_diagnostic_v1_grid_v1/state=5/planner=q4_active,q4_active,sampled_cert_score,15,105,61,12,0,0,32,False,False,1,1
q4_0004_P4_diagnostic_v1_grid_v1/state=5/planner=q4_active,q4_active,certified_completion_cost,0,0,0,0,0,0,0,,,0,0
q4_0004_P4_diagnostic_v1_grid_v1/state=5/planner=q4_active,q4_active,estimated_completion_cost,0,0,0,0,0,0,0,,,0,0
q4_0004_P4_diagnostic_v1_grid_v1/state=6/planner=diagnostic_v1,diagnostic_v1,D_worst,4,6,0,0,0,0,6,True,False,1,4
q4_0004_P4_diagnostic_v1_grid_v1/state=6/planner=diagnostic_v1,diagnostic_v1,R_worst,4,6,0,0,0,0,6,True,False,1,4
q4_0004_P4_diagnostic_v1_grid_v1/state=6/planner=diagnostic_v1,diagnostic_v1,G_worst,4,6,0,0,0,0,6,True,False,1,4
q4_0004_P4_diagnostic_v1_grid_v1/state=6/planner=diagnostic_v1,diagnostic_v1,sampled_cert_score,4,6,1,2,0,0,3,False,False,1,1
q4_0004_P4_diagnostic_v1_grid_v1/state=6/planner=diagnostic_v1,diagnostic_v1,certified_completion_cost,0,0,0,0,0,0,0,,,0,0
q4_0004_P4_diagnostic_v1_grid_v1/state=6/planner=diagnostic_v1,diagnostic_v1,estimated_completion_cost,4,6,6,0,0,0,0,True,True,1,1
q4_0004_P4_diagnostic_v1_grid_v1/state=7/planner=diagnostic_v1,diagnostic_v1,D_worst,4,6,2,1,0,0,3,False,False,1,1
q4_0004_P4_diagnostic_v1_grid_v1/state=7/planner=diagnostic_v1,diagnostic_v1,R_worst,4,6,2,1,0,0,3,False,False,1,1
q4_0004_P4_diagnostic_v1_grid_v1/state=7/planner=diagnostic_v1,diagnostic_v1,G_worst,4,6,2,1,0,0,3,False,False,1,1
q4_0004_P4_diagnostic_v1_grid_v1/state=7/planner=diagnostic_v1,diagnostic_v1,sampled_cert_score,4,6,4,2,0,0,0,False,False,1,1
q4_0004_P4_diagnostic_v1_grid_v1/state=7/planner=diagnostic_v1,diagnostic_v1,certified_completion_cost,1,0,0,0,0,0,0,True,True,1,1
q4_0004_P4_diagnostic_v1_grid_v1/state=7/planner=diagnostic_v1,diagnostic_v1,estimated_completion_cost,4,6,6,0,0,0,0,True,True,1,1
q4_0004_P4_diagnostic_v1_grid_v1/state=8/planner=diagnostic_v1,diagnostic_v1,D_worst,4,6,0,0,0,0,6,True,False,1,4
q4_0004_P4_diagnostic_v1_grid_v1/state=8/planner=diagnostic_v1,diagnostic_v1,R_worst,4,6,0,0,0,0,6,True,False,1,4
q4_0004_P4_diagnostic_v1_grid_v1/state=8/planner=diagnostic_v1,diagnostic_v1,G_worst,4,6,0,0,0,0,6,True,False,1,4
q4_0004_P4_diagnostic_v1_grid_v1/state=8/planner=diagnostic_v1,diagnostic_v1,sampled_cert_score,4,6,3,0,0,0,3,True,True,1,1
q4_0004_P4_diagnostic_v1_grid_v1/state=8/planner=diagnostic_v1,diagnostic_v1,certified_completion_cost,0,0,0,0,0,0,0,,,0,0
q4_0004_P4_diagnostic_v1_grid_v1/state=8/planner=diagnostic_v1,diagnostic_v1,estimated_completion_cost,4,6,6,0,0,0,0,True,True,1,1
q4_0004_P4_diagnostic_v1_grid_v1/state=9/planner=diagnostic_v1,diagnostic_v1,D_worst,4,6,0,0,0,0,6,True,False,1,4
q4_0004_P4_diagnostic_v1_grid_v1/state=9/planner=diagnostic_v1,diagnostic_v1,R_worst,4,6,0,0,0,0,6,True,False,1,4
q4_0004_P4_diagnostic_v1_grid_v1/state=9/planner=diagnostic_v1,diagnostic_v1,G_worst,4,6,0,0,0,0,6,True,False,1,4
q4_0004_P4_diagnostic_v1_grid_v1/state=9/planner=diagnostic_v1,diagnostic_v1,sampled_cert_score,4,6,4,2,0,0,0,False,False,1,1
q4_0004_P4_diagnostic_v1_grid_v1/state=9/planner=diagnostic_v1,diagnostic_v1,certified_completion_cost,0,0,0,0,0,0,0,,,0,0
q4_0004_P4_diagnostic_v1_grid_v1/state=9/planner=diagnostic_v1,diagnostic_v1,estimated_completion_cost,4,6,6,0,0,0,0,True,True,1,1
q4_0004_P4_diagnostic_v1_grid_v1/state=10/planner=diagnostic_v1,diagnostic_v1,D_worst,4,6,0,0,0,0,6,True,False,1,4
q4_0004_P4_diagnostic_v1_grid_v1/state=10/planner=diagnostic_v1,diagnostic_v1,R_worst,4,6,0,0,0,0,6,True,False,1,4
q4_0004_P4_diagnostic_v1_grid_v1/state=10/planner=diagnostic_v1,diagnostic_v1,G_worst,4,6,0,0,0,0,6,True,False,1,4
q4_0004_P4_diagnostic_v1_grid_v1/state=10/planner=diagnostic_v1,diagnostic_v1,sampled_cert_score,4,6,3,2,0,0,1,False,False,1,1
q4_0004_P4_diagnostic_v1_grid_v1/state=10/planner=diagnostic_v1,diagnostic_v1,certified_completion_cost,0,0,0,0,0,0,0,,,0,0
q4_0004_P4_diagnostic_v1_grid_v1/state=10/planner=diagnostic_v1,diagnostic_v1,estimated_completion_cost,4,6,6,0,0,0,0,True,True,1,1
q4_0004_P4_diagnostic_v1_grid_v1/state=11/planner=q4_active,q4_active,D_worst,15,105,0,0,0,0,105,True,False,1,15
q4_0004_P4_diagnostic_v1_grid_v1/state=11/planner=q4_active,q4_active,R_worst,15,105,0,0,0,0,105,True,False,1,15
q4_0004_P4_diagnostic_v1_grid_v1/state=11/planner=q4_active,q4_active,G_worst,15,105,0,0,0,0,105,True,False,1,15
q4_0004_P4_diagnostic_v1_grid_v1/state=11/planner=q4_active,q4_active,sampled_cert_score,15,105,44,56,0,0,5,False,False,1,2
q4_0004_P4_diagnostic_v1_grid_v1/state=11/planner=q4_active,q4_active,certified_completion_cost,0,0,0,0,0,0,0,,,0,0
q4_0004_P4_diagnostic_v1_grid_v1/state=11/planner=q4_active,q4_active,estimated_completion_cost,0,0,0,0,0,0,0,,,0,0
q4_0004_P4_diagnostic_v1_grid_v1/state=12/planner=q4_active,q4_active,D_worst,15,105,2,25,0,0,78,False,False,1,1
q4_0004_P4_diagnostic_v1_grid_v1/state=12/planner=q4_active,q4_active,R_worst,15,105,2,25,0,0,78,False,False,1,1
q4_0004_P4_diagnostic_v1_grid_v1/state=12/planner=q4_active,q4_active,G_worst,15,105,2,25,0,0,78,False,False,1,1
q4_0004_P4_diagnostic_v1_grid_v1/state=12/planner=q4_active,q4_active,sampled_cert_score,15,105,60,21,0,0,24,True,False,1,7
q4_0004_P4_diagnostic_v1_grid_v1/state=12/planner=q4_active,q4_active,certified_completion_cost,0,0,0,0,0,0,0,,,0,0
q4_0004_P4_diagnostic_v1_grid_v1/state=12/planner=q4_active,q4_active,estimated_completion_cost,0,0,0,0,0,0,0,,,0,0
q4_0004_P4_diagnostic_v1_grid_v1/state=13/planner=q4_active,q4_active,D_worst,15,105,0,0,0,0,105,True,False,1,15
q4_0004_P4_diagnostic_v1_grid_v1/state=13/planner=q4_active,q4_active,R_worst,15,105,0,0,0,0,105,True,False,1,15
q4_0004_P4_diagnostic_v1_grid_v1/state=13/planner=q4_active,q4_active,G_worst,15,105,0,0,0,0,105,True,False,1,15
q4_0004_P4_diagnostic_v1_grid_v1/state=13/planner=q4_active,q4_active,sampled_cert_score,15,105,37,38,0,0,30,False,False,1,4
q4_0004_P4_diagnostic_v1_grid_v1/state=13/planner=q4_active,q4_active,certified_completion_cost,0,0,0,0,0,0,0,,,0,0
q4_0004_P4_diagnostic_v1_grid_v1/state=13/planner=q4_active,q4_active,estimated_completion_cost,0,0,0,0,0,0,0,,,0,0
q4_0004_P4_diagnostic_v1_grid_v1/state=14/planner=q4_active,q4_active,D_worst,15,105,5,22,0,0,78,False,False,1,1
q4_0004_P4_diagnostic_v1_grid_v1/state=14/planner=q4_active,q4_active,R_worst,15,105,5,22,0,0,78,False,False,1,1
q4_0004_P4_diagnostic_v1_grid_v1/state=14/planner=q4_active,q4_active,G_worst,15,105,5,22,0,0,78,False,False,1,1
q4_0004_P4_diagnostic_v1_grid_v1/state=14/planner=q4_active,q4_active,sampled_cert_score,15,105,51,33,0,0,21,False,False,1,6
q4_0004_P4_diagnostic_v1_grid_v1/state=14/planner=q4_active,q4_active,certified_completion_cost,1,0,0,0,0,0,0,True,True,1,1
q4_0004_P4_diagnostic_v1_grid_v1/state=14/planner=q4_active,q4_active,estimated_completion_cost,0,0,0,0,0,0,0,,,0,0
q4_0004_P4_diagnostic_v1_grid_v1/state=15/planner=q4_active,q4_active,D_worst,15,105,1,26,0,0,78,False,False,1,1
q4_0004_P4_diagnostic_v1_grid_v1/state=15/planner=q4_active,q4_active,R_worst,15,105,1,26,0,0,78,False,False,1,1
q4_0004_P4_diagnostic_v1_grid_v1/state=15/planner=q4_active,q4_active,G_worst,15,105,1,26,0,0,78,False,False,1,1
q4_0004_P4_diagnostic_v1_grid_v1/state=15/planner=q4_active,q4_active,sampled_cert_score,15,105,77,15,0,0,13,True,False,1,5
q4_0004_P4_diagnostic_v1_grid_v1/state=15/planner=q4_active,q4_active,certified_completion_cost,0,0,0,0,0,0,0,,,0,0
q4_0004_P4_diagnostic_v1_grid_v1/state=15/planner=q4_active,q4_active,estimated_completion_cost,0,0,0,0,0,0,0,,,0,0
q4_0004_P4_diagnostic_v1_grid_v1/state=16/planner=q4_active,q4_active,D_worst,15,105,0,0,0,0,105,True,False,1,15
q4_0004_P4_diagnostic_v1_grid_v1/state=16/planner=q4_active,q4_active,R_worst,15,105,0,0,0,0,105,True,False,1,15
q4_0004_P4_diagnostic_v1_grid_v1/state=16/planner=q4_active,q4_active,G_worst,15,105,0,0,0,0,105,True,False,1,15
q4_0004_P4_diagnostic_v1_grid_v1/state=16/planner=q4_active,q4_active,sampled_cert_score,15,105,58,21,0,0,26,False,False,1,2
q4_0004_P4_diagnostic_v1_grid_v1/state=16/planner=q4_active,q4_active,certified_completion_cost,0,0,0,0,0,0,0,,,0,0
q4_0004_P4_diagnostic_v1_grid_v1/state=16/planner=q4_active,q4_active,estimated_completion_cost,0,0,0,0,0,0,0,,,0,0
q4_0004_P4_diagnostic_v1_grid_v1/state=17/planner=q4_active,q4_active,D_worst,15,105,0,27,0,0,78,False,False,1,1
q4_0004_P4_diagnostic_v1_grid_v1/state=17/planner=q4_active,q4_active,R_worst,15,105,0,27,0,0,78,False,False,1,1
q4_0004_P4_diagnostic_v1_grid_v1/state=17/planner=q4_active,q4_active,G_worst,15,105,0,27,0,0,78,False,False,1,1
q4_0004_P4_diagnostic_v1_grid_v1/state=17/planner=q4_active,q4_active,sampled_cert_score,15,105,70,10,0,0,25,True,False,1,7
q4_0004_P4_diagnostic_v1_grid_v1/state=17/planner=q4_active,q4_active,certified_completion_cost,0,0,0,0,0,0,0,,,0,0
q4_0004_P4_diagnostic_v1_grid_v1/state=17/planner=q4_active,q4_active,estimated_completion_cost,0,0,0,0,0,0,0,,,0,0
q4_0004_P4_diagnostic_v1_grid_v1_nccp/state=0/planner=q4_active,q4_active,D_worst,15,105,1,26,0,0,78,False,False,1,1
q4_0004_P4_diagnostic_v1_grid_v1_nccp/state=0/planner=q4_active,q4_active,R_worst,15,105,1,26,0,0,78,False,False,1,1
q4_0004_P4_diagnostic_v1_grid_v1_nccp/state=0/planner=q4_active,q4_active,G_worst,15,105,1,26,0,0,78,False,False,1,1
q4_0004_P4_diagnostic_v1_grid_v1_nccp/state=0/planner=q4_active,q4_active,sampled_cert_score,15,105,83,13,0,0,9,False,False,1,3
q4_0004_P4_diagnostic_v1_grid_v1_nccp/state=0/planner=q4_active,q4_active,certified_completion_cost,0,0,0,0,0,0,0,,,0,0
q4_0004_P4_diagnostic_v1_grid_v1_nccp/state=0/planner=q4_active,q4_active,estimated_completion_cost,0,0,0,0,0,0,0,,,0,0
q4_0004_P4_diagnostic_v1_grid_v1_nccp/state=1/planner=q4_active,q4_active,D_worst,15,105,0,14,0,0,91,False,False,1,1
q4_0004_P4_diagnostic_v1_grid_v1_nccp/state=1/planner=q4_active,q4_active,R_worst,15,105,0,14,0,0,91,False,False,1,1
q4_0004_P4_diagnostic_v1_grid_v1_nccp/state=1/planner=q4_active,q4_active,G_worst,15,105,0,14,0,0,91,False,False,1,1
q4_0004_P4_diagnostic_v1_grid_v1_nccp/state=1/planner=q4_active,q4_active,sampled_cert_score,15,105,52,21,0,0,32,False,False,1,1
q4_0004_P4_diagnostic_v1_grid_v1_nccp/state=1/planner=q4_active,q4_active,certified_completion_cost,0,0,0,0,0,0,0,,,0,0
q4_0004_P4_diagnostic_v1_grid_v1_nccp/state=1/planner=q4_active,q4_active,estimated_completion_cost,0,0,0,0,0,0,0,,,0,0
q4_0004_P4_diagnostic_v1_grid_v1_nccp/state=2/planner=q4_active,q4_active,D_worst,15,105,0,0,0,0,105,True,False,1,15
q4_0004_P4_diagnostic_v1_grid_v1_nccp/state=2/planner=q4_active,q4_active,R_worst,15,105,0,0,0,0,105,True,False,1,15
q4_0004_P4_diagnostic_v1_grid_v1_nccp/state=2/planner=q4_active,q4_active,G_worst,15,105,0,0,0,0,105,True,False,1,15
q4_0004_P4_diagnostic_v1_grid_v1_nccp/state=2/planner=q4_active,q4_active,sampled_cert_score,15,105,7,60,0,0,38,False,False,1,2
q4_0004_P4_diagnostic_v1_grid_v1_nccp/state=2/planner=q4_active,q4_active,certified_completion_cost,0,0,0,0,0,0,0,,,0,0
q4_0004_P4_diagnostic_v1_grid_v1_nccp/state=2/planner=q4_active,q4_active,estimated_completion_cost,0,0,0,0,0,0,0,,,0,0
q4_0004_P4_diagnostic_v1_grid_v1_nccp/state=3/planner=q4_active,q4_active,D_worst,15,105,1,13,0,0,91,False,False,1,1
q4_0004_P4_diagnostic_v1_grid_v1_nccp/state=3/planner=q4_active,q4_active,R_worst,15,105,1,13,0,0,91,False,False,1,1
q4_0004_P4_diagnostic_v1_grid_v1_nccp/state=3/planner=q4_active,q4_active,G_worst,15,105,1,13,0,0,91,False,False,1,1
q4_0004_P4_diagnostic_v1_grid_v1_nccp/state=3/planner=q4_active,q4_active,sampled_cert_score,15,105,76,19,0,0,10,False,False,1,1
q4_0004_P4_diagnostic_v1_grid_v1_nccp/state=3/planner=q4_active,q4_active,certified_completion_cost,0,0,0,0,0,0,0,,,0,0
q4_0004_P4_diagnostic_v1_grid_v1_nccp/state=3/planner=q4_active,q4_active,estimated_completion_cost,0,0,0,0,0,0,0,,,0,0
q4_0004_P4_diagnostic_v1_grid_v1_nccp/state=4/planner=q4_active,q4_active,D_worst,15,105,11,28,0,0,66,False,False,1,1
q4_0004_P4_diagnostic_v1_grid_v1_nccp/state=4/planner=q4_active,q4_active,R_worst,15,105,11,28,0,0,66,False,False,1,1
q4_0004_P4_diagnostic_v1_grid_v1_nccp/state=4/planner=q4_active,q4_active,G_worst,15,105,11,27,0,0,67,False,False,1,2
q4_0004_P4_diagnostic_v1_grid_v1_nccp/state=4/planner=q4_active,q4_active,sampled_cert_score,15,105,39,15,0,0,51,True,False,1,10
q4_0004_P4_diagnostic_v1_grid_v1_nccp/state=4/planner=q4_active,q4_active,certified_completion_cost,2,1,0,1,0,0,0,False,False,1,1
q4_0004_P4_diagnostic_v1_grid_v1_nccp/state=4/planner=q4_active,q4_active,estimated_completion_cost,0,0,0,0,0,0,0,,,0,0
q4_0004_P4_diagnostic_v1_grid_v1_nccp/state=5/planner=q4_active,q4_active,D_worst,15,105,0,0,0,0,105,True,False,1,15
q4_0004_P4_diagnostic_v1_grid_v1_nccp/state=5/planner=q4_active,q4_active,R_worst,15,105,0,0,0,0,105,True,False,1,15
q4_0004_P4_diagnostic_v1_grid_v1_nccp/state=5/planner=q4_active,q4_active,G_worst,15,105,0,0,0,0,105,True,False,1,15
q4_0004_P4_diagnostic_v1_grid_v1_nccp/state=5/planner=q4_active,q4_active,sampled_cert_score,15,105,62,12,0,0,31,False,False,1,1
q4_0004_P4_diagnostic_v1_grid_v1_nccp/state=5/planner=q4_active,q4_active,certified_completion_cost,0,0,0,0,0,0,0,,,0,0
q4_0004_P4_diagnostic_v1_grid_v1_nccp/state=5/planner=q4_active,q4_active,estimated_completion_cost,0,0,0,0,0,0,0,,,0,0
q4_0004_P4_diagnostic_v1_grid_v1_nccp/state=6/planner=diagnostic_v1,diagnostic_v1,D_worst,4,6,0,0,0,0,6,True,False,1,4
q4_0004_P4_diagnostic_v1_grid_v1_nccp/state=6/planner=diagnostic_v1,diagnostic_v1,R_worst,4,6,0,0,0,0,6,True,False,1,4
q4_0004_P4_diagnostic_v1_grid_v1_nccp/state=6/planner=diagnostic_v1,diagnostic_v1,G_worst,4,6,0,0,0,0,6,True,False,1,4
q4_0004_P4_diagnostic_v1_grid_v1_nccp/state=6/planner=diagnostic_v1,diagnostic_v1,sampled_cert_score,4,6,0,0,0,0,6,True,False,1,4
q4_0004_P4_diagnostic_v1_grid_v1_nccp/state=6/planner=diagnostic_v1,diagnostic_v1,certified_completion_cost,0,0,0,0,0,0,0,,,0,0
q4_0004_P4_diagnostic_v1_grid_v1_nccp/state=6/planner=diagnostic_v1,diagnostic_v1,estimated_completion_cost,4,6,6,0,0,0,0,True,True,1,1
q4_0004_P4_diagnostic_v1_grid_v1_nccp/state=7/planner=diagnostic_v1,diagnostic_v1,D_worst,4,6,2,1,0,0,3,False,False,1,1
q4_0004_P4_diagnostic_v1_grid_v1_nccp/state=7/planner=diagnostic_v1,diagnostic_v1,R_worst,4,6,2,1,0,0,3,False,False,1,1
q4_0004_P4_diagnostic_v1_grid_v1_nccp/state=7/planner=diagnostic_v1,diagnostic_v1,G_worst,4,6,2,1,0,0,3,False,False,1,1
q4_0004_P4_diagnostic_v1_grid_v1_nccp/state=7/planner=diagnostic_v1,diagnostic_v1,sampled_cert_score,4,6,4,1,0,0,1,True,False,1,2
q4_0004_P4_diagnostic_v1_grid_v1_nccp/state=7/planner=diagnostic_v1,diagnostic_v1,certified_completion_cost,1,0,0,0,0,0,0,True,True,1,1
q4_0004_P4_diagnostic_v1_grid_v1_nccp/state=7/planner=diagnostic_v1,diagnostic_v1,estimated_completion_cost,4,6,6,0,0,0,0,True,True,1,1
q4_0004_P4_diagnostic_v1_grid_v1_nccp/state=8/planner=diagnostic_v1,diagnostic_v1,D_worst,4,6,0,0,0,0,6,True,False,1,4
q4_0004_P4_diagnostic_v1_grid_v1_nccp/state=8/planner=diagnostic_v1,diagnostic_v1,R_worst,4,6,0,0,0,0,6,True,False,1,4
q4_0004_P4_diagnostic_v1_grid_v1_nccp/state=8/planner=diagnostic_v1,diagnostic_v1,G_worst,4,6,0,0,0,0,6,True,False,1,4
q4_0004_P4_diagnostic_v1_grid_v1_nccp/state=8/planner=diagnostic_v1,diagnostic_v1,sampled_cert_score,4,6,3,0,0,0,3,True,True,1,1
q4_0004_P4_diagnostic_v1_grid_v1_nccp/state=8/planner=diagnostic_v1,diagnostic_v1,certified_completion_cost,0,0,0,0,0,0,0,,,0,0
q4_0004_P4_diagnostic_v1_grid_v1_nccp/state=8/planner=diagnostic_v1,diagnostic_v1,estimated_completion_cost,4,6,6,0,0,0,0,True,True,1,1
q4_0004_P4_diagnostic_v1_grid_v1_nccp/state=9/planner=diagnostic_v1,diagnostic_v1,D_worst,4,6,0,0,0,0,6,True,False,1,4
q4_0004_P4_diagnostic_v1_grid_v1_nccp/state=9/planner=diagnostic_v1,diagnostic_v1,R_worst,4,6,0,0,0,0,6,True,False,1,4
q4_0004_P4_diagnostic_v1_grid_v1_nccp/state=9/planner=diagnostic_v1,diagnostic_v1,G_worst,4,6,0,0,0,0,6,True,False,1,4
q4_0004_P4_diagnostic_v1_grid_v1_nccp/state=9/planner=diagnostic_v1,diagnostic_v1,sampled_cert_score,4,6,4,2,0,0,0,False,False,1,1
q4_0004_P4_diagnostic_v1_grid_v1_nccp/state=9/planner=diagnostic_v1,diagnostic_v1,certified_completion_cost,0,0,0,0,0,0,0,,,0,0
q4_0004_P4_diagnostic_v1_grid_v1_nccp/state=9/planner=diagnostic_v1,diagnostic_v1,estimated_completion_cost,4,6,6,0,0,0,0,True,True,1,1
q4_0004_P4_diagnostic_v1_grid_v1_nccp/state=10/planner=diagnostic_v1,diagnostic_v1,D_worst,4,6,0,0,0,0,6,True,False,1,4
q4_0004_P4_diagnostic_v1_grid_v1_nccp/state=10/planner=diagnostic_v1,diagnostic_v1,R_worst,4,6,0,0,0,0,6,True,False,1,4
q4_0004_P4_diagnostic_v1_grid_v1_nccp/state=10/planner=diagnostic_v1,diagnostic_v1,G_worst,4,6,0,0,0,0,6,True,False,1,4
q4_0004_P4_diagnostic_v1_grid_v1_nccp/state=10/planner=diagnostic_v1,diagnostic_v1,sampled_cert_score,4,6,3,2,0,0,1,False,False,1,1
q4_0004_P4_diagnostic_v1_grid_v1_nccp/state=10/planner=diagnostic_v1,diagnostic_v1,certified_completion_cost,0,0,0,0,0,0,0,,,0,0
q4_0004_P4_diagnostic_v1_grid_v1_nccp/state=10/planner=diagnostic_v1,diagnostic_v1,estimated_completion_cost,4,6,6,0,0,0,0,True,True,1,1
q4_0004_P4_diagnostic_v1_grid_v1_nccp/state=11/planner=q4_active,q4_active,D_worst,15,105,0,0,0,0,105,True,False,1,15
q4_0004_P4_diagnostic_v1_grid_v1_nccp/state=11/planner=q4_active,q4_active,R_worst,15,105,0,0,0,0,105,True,False,1,15
q4_0004_P4_diagnostic_v1_grid_v1_nccp/state=11/planner=q4_active,q4_active,G_worst,15,105,0,0,0,0,105,True,False,1,15
q4_0004_P4_diagnostic_v1_grid_v1_nccp/state=11/planner=q4_active,q4_active,sampled_cert_score,15,105,44,56,0,0,5,False,False,1,2
q4_0004_P4_diagnostic_v1_grid_v1_nccp/state=11/planner=q4_active,q4_active,certified_completion_cost,0,0,0,0,0,0,0,,,0,0
q4_0004_P4_diagnostic_v1_grid_v1_nccp/state=11/planner=q4_active,q4_active,estimated_completion_cost,0,0,0,0,0,0,0,,,0,0
q4_0004_P4_diagnostic_v1_grid_v1_nccp/state=12/planner=q4_active,q4_active,D_worst,15,105,2,25,0,0,78,False,False,1,1
q4_0004_P4_diagnostic_v1_grid_v1_nccp/state=12/planner=q4_active,q4_active,R_worst,15,105,2,25,0,0,78,False,False,1,1
q4_0004_P4_diagnostic_v1_grid_v1_nccp/state=12/planner=q4_active,q4_active,G_worst,15,105,2,25,0,0,78,False,False,1,1
q4_0004_P4_diagnostic_v1_grid_v1_nccp/state=12/planner=q4_active,q4_active,sampled_cert_score,15,105,60,21,0,0,24,True,False,1,7
q4_0004_P4_diagnostic_v1_grid_v1_nccp/state=12/planner=q4_active,q4_active,certified_completion_cost,0,0,0,0,0,0,0,,,0,0
q4_0004_P4_diagnostic_v1_grid_v1_nccp/state=12/planner=q4_active,q4_active,estimated_completion_cost,0,0,0,0,0,0,0,,,0,0
q4_0004_P4_diagnostic_v1_grid_v1_nccp/state=13/planner=q4_active,q4_active,D_worst,15,105,0,0,0,0,105,True,False,1,15
q4_0004_P4_diagnostic_v1_grid_v1_nccp/state=13/planner=q4_active,q4_active,R_worst,15,105,0,0,0,0,105,True,False,1,15
q4_0004_P4_diagnostic_v1_grid_v1_nccp/state=13/planner=q4_active,q4_active,G_worst,15,105,0,0,0,0,105,True,False,1,15
q4_0004_P4_diagnostic_v1_grid_v1_nccp/state=13/planner=q4_active,q4_active,sampled_cert_score,15,105,37,38,0,0,30,False,False,1,4
q4_0004_P4_diagnostic_v1_grid_v1_nccp/state=13/planner=q4_active,q4_active,certified_completion_cost,0,0,0,0,0,0,0,,,0,0
q4_0004_P4_diagnostic_v1_grid_v1_nccp/state=13/planner=q4_active,q4_active,estimated_completion_cost,0,0,0,0,0,0,0,,,0,0
q4_0004_P4_diagnostic_v1_grid_v1_nccp/state=14/planner=q4_active,q4_active,D_worst,15,105,5,22,0,0,78,False,False,1,1
q4_0004_P4_diagnostic_v1_grid_v1_nccp/state=14/planner=q4_active,q4_active,R_worst,15,105,5,22,0,0,78,False,False,1,1
q4_0004_P4_diagnostic_v1_grid_v1_nccp/state=14/planner=q4_active,q4_active,G_worst,15,105,5,22,0,0,78,False,False,1,1
q4_0004_P4_diagnostic_v1_grid_v1_nccp/state=14/planner=q4_active,q4_active,sampled_cert_score,15,105,51,33,0,0,21,False,False,1,6
q4_0004_P4_diagnostic_v1_grid_v1_nccp/state=14/planner=q4_active,q4_active,certified_completion_cost,1,0,0,0,0,0,0,True,True,1,1
q4_0004_P4_diagnostic_v1_grid_v1_nccp/state=14/planner=q4_active,q4_active,estimated_completion_cost,0,0,0,0,0,0,0,,,0,0
q4_0004_P4_diagnostic_v1_grid_v1_nccp/state=15/planner=q4_active,q4_active,D_worst,15,105,1,26,0,0,78,False,False,1,1
q4_0004_P4_diagnostic_v1_grid_v1_nccp/state=15/planner=q4_active,q4_active,R_worst,15,105,1,26,0,0,78,False,False,1,1
q4_0004_P4_diagnostic_v1_grid_v1_nccp/state=15/planner=q4_active,q4_active,G_worst,15,105,1,26,0,0,78,False,False,1,1
q4_0004_P4_diagnostic_v1_grid_v1_nccp/state=15/planner=q4_active,q4_active,sampled_cert_score,15,105,77,15,0,0,13,True,False,1,5
q4_0004_P4_diagnostic_v1_grid_v1_nccp/state=15/planner=q4_active,q4_active,certified_completion_cost,0,0,0,0,0,0,0,,,0,0
q4_0004_P4_diagnostic_v1_grid_v1_nccp/state=15/planner=q4_active,q4_active,estimated_completion_cost,0,0,0,0,0,0,0,,,0,0
q4_0004_P4_diagnostic_v1_grid_v1_nccp/state=16/planner=q4_active,q4_active,D_worst,15,105,0,0,0,0,105,True,False,1,15
q4_0004_P4_diagnostic_v1_grid_v1_nccp/state=16/planner=q4_active,q4_active,R_worst,15,105,0,0,0,0,105,True,False,1,15
q4_0004_P4_diagnostic_v1_grid_v1_nccp/state=16/planner=q4_active,q4_active,G_worst,15,105,0,0,0,0,105,True,False,1,15
q4_0004_P4_diagnostic_v1_grid_v1_nccp/state=16/planner=q4_active,q4_active,sampled_cert_score,15,105,59,20,0,0,26,False,False,1,2
q4_0004_P4_diagnostic_v1_grid_v1_nccp/state=16/planner=q4_active,q4_active,certified_completion_cost,0,0,0,0,0,0,0,,,0,0
q4_0004_P4_diagnostic_v1_grid_v1_nccp/state=16/planner=q4_active,q4_active,estimated_completion_cost,0,0,0,0,0,0,0,,,0,0
q4_0004_P4_diagnostic_v1_grid_v1_nccp/state=17/planner=q4_active,q4_active,D_worst,15,105,0,27,0,0,78,False,False,1,1
q4_0004_P4_diagnostic_v1_grid_v1_nccp/state=17/planner=q4_active,q4_active,R_worst,15,105,0,27,0,0,78,False,False,1,1
q4_0004_P4_diagnostic_v1_grid_v1_nccp/state=17/planner=q4_active,q4_active,G_worst,15,105,0,27,0,0,78,False,False,1,1
q4_0004_P4_diagnostic_v1_grid_v1_nccp/state=17/planner=q4_active,q4_active,sampled_cert_score,15,105,70,10,0,0,25,True,False,1,7
q4_0004_P4_diagnostic_v1_grid_v1_nccp/state=17/planner=q4_active,q4_active,certified_completion_cost,0,0,0,0,0,0,0,,,0,0
q4_0004_P4_diagnostic_v1_grid_v1_nccp/state=17/planner=q4_active,q4_active,estimated_completion_cost,0,0,0,0,0,0,0,,,0,0
q4_0005_P4_diagnostic_v1_grid_v1/state=0/planner=q4_active,q4_active,D_worst,15,105,0,27,0,0,78,False,False,1,1
q4_0005_P4_diagnostic_v1_grid_v1/state=0/planner=q4_active,q4_active,R_worst,15,105,0,27,0,0,78,False,False,1,1
q4_0005_P4_diagnostic_v1_grid_v1/state=0/planner=q4_active,q4_active,G_worst,15,105,0,27,0,0,78,False,False,1,1
q4_0005_P4_diagnostic_v1_grid_v1/state=0/planner=q4_active,q4_active,sampled_cert_score,15,105,65,25,0,0,15,False,False,1,3
q4_0005_P4_diagnostic_v1_grid_v1/state=0/planner=q4_active,q4_active,certified_completion_cost,0,0,0,0,0,0,0,,,0,0
q4_0005_P4_diagnostic_v1_grid_v1/state=0/planner=q4_active,q4_active,estimated_completion_cost,0,0,0,0,0,0,0,,,0,0
q4_0005_P4_diagnostic_v1_grid_v1/state=1/planner=q4_active,q4_active,D_worst,15,105,1,26,0,0,78,False,False,1,1
q4_0005_P4_diagnostic_v1_grid_v1/state=1/planner=q4_active,q4_active,R_worst,15,105,1,26,0,0,78,False,False,1,1
q4_0005_P4_diagnostic_v1_grid_v1/state=1/planner=q4_active,q4_active,G_worst,15,105,1,26,0,0,78,False,False,1,1
q4_0005_P4_diagnostic_v1_grid_v1/state=1/planner=q4_active,q4_active,sampled_cert_score,15,105,52,15,0,0,38,True,False,1,8
q4_0005_P4_diagnostic_v1_grid_v1/state=1/planner=q4_active,q4_active,certified_completion_cost,0,0,0,0,0,0,0,,,0,0
q4_0005_P4_diagnostic_v1_grid_v1/state=1/planner=q4_active,q4_active,estimated_completion_cost,0,0,0,0,0,0,0,,,0,0
q4_0005_P4_diagnostic_v1_grid_v1/state=2/planner=q4_active,q4_active,D_worst,15,105,9,18,0,0,78,False,False,1,1
q4_0005_P4_diagnostic_v1_grid_v1/state=2/planner=q4_active,q4_active,R_worst,15,105,9,18,0,0,78,False,False,1,1
q4_0005_P4_diagnostic_v1_grid_v1/state=2/planner=q4_active,q4_active,G_worst,15,105,9,18,0,0,78,False,False,1,1
q4_0005_P4_diagnostic_v1_grid_v1/state=2/planner=q4_active,q4_active,sampled_cert_score,15,105,65,32,0,0,8,True,True,1,1
q4_0005_P4_diagnostic_v1_grid_v1/state=2/planner=q4_active,q4_active,certified_completion_cost,0,0,0,0,0,0,0,,,0,0
q4_0005_P4_diagnostic_v1_grid_v1/state=2/planner=q4_active,q4_active,estimated_completion_cost,0,0,0,0,0,0,0,,,0,0
q4_0005_P4_diagnostic_v1_grid_v1/state=3/planner=q4_active,q4_active,D_worst,15,105,0,0,15,0,90,True,False,1,15
q4_0005_P4_diagnostic_v1_grid_v1/state=3/planner=q4_active,q4_active,R_worst,15,105,0,0,15,0,90,True,False,1,15
q4_0005_P4_diagnostic_v1_grid_v1/state=3/planner=q4_active,q4_active,G_worst,15,105,0,0,15,0,90,True,False,1,15
q4_0005_P4_diagnostic_v1_grid_v1/state=3/planner=q4_active,q4_active,sampled_cert_score,15,105,43,14,15,0,33,False,False,1,1
q4_0005_P4_diagnostic_v1_grid_v1/state=3/planner=q4_active,q4_active,certified_completion_cost,0,0,0,0,0,0,0,,,0,0
q4_0005_P4_diagnostic_v1_grid_v1/state=3/planner=q4_active,q4_active,estimated_completion_cost,0,0,0,0,0,0,0,,,0,0
q4_0005_P4_diagnostic_v1_grid_v1/state=4/planner=diagnostic_v1,diagnostic_v1,D_worst,4,6,0,0,0,0,6,True,False,1,4
q4_0005_P4_diagnostic_v1_grid_v1/state=4/planner=diagnostic_v1,diagnostic_v1,R_worst,4,6,0,0,0,0,6,True,False,1,4
q4_0005_P4_diagnostic_v1_grid_v1/state=4/planner=diagnostic_v1,diagnostic_v1,G_worst,4,6,0,0,0,0,6,True,False,1,4
q4_0005_P4_diagnostic_v1_grid_v1/state=4/planner=diagnostic_v1,diagnostic_v1,sampled_cert_score,4,6,5,0,0,0,1,True,True,1,1
q4_0005_P4_diagnostic_v1_grid_v1/state=4/planner=diagnostic_v1,diagnostic_v1,certified_completion_cost,0,0,0,0,0,0,0,,,0,0
q4_0005_P4_diagnostic_v1_grid_v1/state=4/planner=diagnostic_v1,diagnostic_v1,estimated_completion_cost,4,6,6,0,0,0,0,True,True,1,1
q4_0005_P4_diagnostic_v1_grid_v1/state=5/planner=diagnostic_v1,diagnostic_v1,D_worst,4,6,0,0,0,0,6,True,False,1,4
q4_0005_P4_diagnostic_v1_grid_v1/state=5/planner=diagnostic_v1,diagnostic_v1,R_worst,4,6,0,0,0,0,6,True,False,1,4
q4_0005_P4_diagnostic_v1_grid_v1/state=5/planner=diagnostic_v1,diagnostic_v1,G_worst,4,6,0,0,0,0,6,True,False,1,4
q4_0005_P4_diagnostic_v1_grid_v1/state=5/planner=diagnostic_v1,diagnostic_v1,sampled_cert_score,4,6,5,1,0,0,0,False,False,1,1
q4_0005_P4_diagnostic_v1_grid_v1/state=5/planner=diagnostic_v1,diagnostic_v1,certified_completion_cost,0,0,0,0,0,0,0,,,0,0
q4_0005_P4_diagnostic_v1_grid_v1/state=5/planner=diagnostic_v1,diagnostic_v1,estimated_completion_cost,4,6,6,0,0,0,0,True,True,1,1
q4_0005_P4_diagnostic_v1_grid_v1/state=6/planner=q4_active,q4_active,D_worst,15,105,5,9,3,0,88,False,False,1,1
q4_0005_P4_diagnostic_v1_grid_v1/state=6/planner=q4_active,q4_active,R_worst,15,105,5,9,3,0,88,False,False,1,1
q4_0005_P4_diagnostic_v1_grid_v1/state=6/planner=q4_active,q4_active,G_worst,15,105,5,9,3,0,88,False,False,1,1
q4_0005_P4_diagnostic_v1_grid_v1/state=6/planner=q4_active,q4_active,sampled_cert_score,15,105,80,10,3,0,12,True,False,1,4
q4_0005_P4_diagnostic_v1_grid_v1/state=6/planner=q4_active,q4_active,certified_completion_cost,0,0,0,0,0,0,0,,,0,0
q4_0005_P4_diagnostic_v1_grid_v1/state=6/planner=q4_active,q4_active,estimated_completion_cost,0,0,0,0,0,0,0,,,0,0
q4_0005_P4_diagnostic_v1_grid_v1/state=7/planner=q4_active,q4_active,D_worst,15,105,12,15,0,0,78,False,False,1,1
q4_0005_P4_diagnostic_v1_grid_v1/state=7/planner=q4_active,q4_active,R_worst,15,105,12,15,0,0,78,False,False,1,1
q4_0005_P4_diagnostic_v1_grid_v1/state=7/planner=q4_active,q4_active,G_worst,15,105,12,15,0,0,78,False,False,1,1
q4_0005_P4_diagnostic_v1_grid_v1/state=7/planner=q4_active,q4_active,sampled_cert_score,15,105,44,40,0,0,21,False,False,1,5
q4_0005_P4_diagnostic_v1_grid_v1/state=7/planner=q4_active,q4_active,certified_completion_cost,0,0,0,0,0,0,0,,,0,0
q4_0005_P4_diagnostic_v1_grid_v1/state=7/planner=q4_active,q4_active,estimated_completion_cost,0,0,0,0,0,0,0,,,0,0
q4_0005_P4_diagnostic_v1_grid_v1/state=8/planner=diagnostic_v1,diagnostic_v1,D_worst,4,6,0,0,0,0,6,True,False,1,4
q4_0005_P4_diagnostic_v1_grid_v1/state=8/planner=diagnostic_v1,diagnostic_v1,R_worst,4,6,0,0,0,0,6,True,False,1,4
q4_0005_P4_diagnostic_v1_grid_v1/state=8/planner=diagnostic_v1,diagnostic_v1,G_worst,4,6,0,0,0,0,6,True,False,1,4
q4_0005_P4_diagnostic_v1_grid_v1/state=8/planner=diagnostic_v1,diagnostic_v1,sampled_cert_score,4,6,5,0,0,0,1,True,True,1,1
q4_0005_P4_diagnostic_v1_grid_v1/state=8/planner=diagnostic_v1,diagnostic_v1,certified_completion_cost,0,0,0,0,0,0,0,,,0,0
q4_0005_P4_diagnostic_v1_grid_v1/state=8/planner=diagnostic_v1,diagnostic_v1,estimated_completion_cost,4,6,6,0,0,0,0,True,True,1,1
q4_0005_P4_diagnostic_v1_grid_v1/state=9/planner=diagnostic_v1,diagnostic_v1,D_worst,4,6,3,0,0,0,3,True,True,1,1
q4_0005_P4_diagnostic_v1_grid_v1/state=9/planner=diagnostic_v1,diagnostic_v1,R_worst,4,6,3,0,0,0,3,True,True,1,1
q4_0005_P4_diagnostic_v1_grid_v1/state=9/planner=diagnostic_v1,diagnostic_v1,G_worst,4,6,3,0,0,0,3,True,True,1,1
q4_0005_P4_diagnostic_v1_grid_v1/state=9/planner=diagnostic_v1,diagnostic_v1,sampled_cert_score,4,6,4,1,0,0,1,True,False,1,2
q4_0005_P4_diagnostic_v1_grid_v1/state=9/planner=diagnostic_v1,diagnostic_v1,certified_completion_cost,1,0,0,0,0,0,0,True,True,1,1
q4_0005_P4_diagnostic_v1_grid_v1/state=9/planner=diagnostic_v1,diagnostic_v1,estimated_completion_cost,4,6,4,2,0,0,0,False,False,1,1
q4_0005_P4_diagnostic_v1_grid_v1/state=10/planner=q4_active,q4_active,D_worst,15,105,7,20,0,0,78,False,False,1,1
q4_0005_P4_diagnostic_v1_grid_v1/state=10/planner=q4_active,q4_active,R_worst,15,105,7,20,0,0,78,False,False,1,1
q4_0005_P4_diagnostic_v1_grid_v1/state=10/planner=q4_active,q4_active,G_worst,15,105,7,20,0,0,78,False,False,1,1
q4_0005_P4_diagnostic_v1_grid_v1/state=10/planner=q4_active,q4_active,sampled_cert_score,15,105,66,26,0,0,13,True,False,1,3
q4_0005_P4_diagnostic_v1_grid_v1/state=10/planner=q4_active,q4_active,certified_completion_cost,0,0,0,0,0,0,0,,,0,0
q4_0005_P4_diagnostic_v1_grid_v1/state=10/planner=q4_active,q4_active,estimated_completion_cost,0,0,0,0,0,0,0,,,0,0
q4_0005_P4_diagnostic_v1_grid_v1/state=11/planner=q4_active,q4_active,D_worst,15,105,1,26,0,0,78,False,False,1,1
q4_0005_P4_diagnostic_v1_grid_v1/state=11/planner=q4_active,q4_active,R_worst,15,105,1,26,0,0,78,False,False,1,1
q4_0005_P4_diagnostic_v1_grid_v1/state=11/planner=q4_active,q4_active,G_worst,15,105,1,26,0,0,78,False,False,1,1
q4_0005_P4_diagnostic_v1_grid_v1/state=11/planner=q4_active,q4_active,sampled_cert_score,15,105,81,14,0,0,10,False,False,1,1
q4_0005_P4_diagnostic_v1_grid_v1/state=11/planner=q4_active,q4_active,certified_completion_cost,0,0,0,0,0,0,0,,,0,0
q4_0005_P4_diagnostic_v1_grid_v1/state=11/planner=q4_active,q4_active,estimated_completion_cost,0,0,0,0,0,0,0,,,0,0
q4_0005_P4_diagnostic_v1_grid_v1/state=12/planner=q4_active,q4_active,D_worst,15,105,0,0,0,0,105,True,False,1,15
q4_0005_P4_diagnostic_v1_grid_v1/state=12/planner=q4_active,q4_active,R_worst,15,105,0,0,0,0,105,True,False,1,15
q4_0005_P4_diagnostic_v1_grid_v1/state=12/planner=q4_active,q4_active,G_worst,15,105,0,0,0,0,105,True,False,1,15
q4_0005_P4_diagnostic_v1_grid_v1/state=12/planner=q4_active,q4_active,sampled_cert_score,15,105,53,40,0,0,12,False,False,1,1
q4_0005_P4_diagnostic_v1_grid_v1/state=12/planner=q4_active,q4_active,certified_completion_cost,0,0,0,0,0,0,0,,,0,0
q4_0005_P4_diagnostic_v1_grid_v1/state=12/planner=q4_active,q4_active,estimated_completion_cost,0,0,0,0,0,0,0,,,0,0
q4_0005_P4_diagnostic_v1_grid_v1/state=13/planner=q4_active,q4_active,D_worst,15,105,8,19,0,0,78,False,False,1,1
q4_0005_P4_diagnostic_v1_grid_v1/state=13/planner=q4_active,q4_active,R_worst,15,105,8,19,0,0,78,False,False,1,1
q4_0005_P4_diagnostic_v1_grid_v1/state=13/planner=q4_active,q4_active,G_worst,15,105,8,19,0,0,78,False,False,1,1
q4_0005_P4_diagnostic_v1_grid_v1/state=13/planner=q4_active,q4_active,sampled_cert_score,15,105,73,17,0,0,15,True,False,1,4
q4_0005_P4_diagnostic_v1_grid_v1/state=13/planner=q4_active,q4_active,certified_completion_cost,1,0,0,0,0,0,0,True,True,1,1
q4_0005_P4_diagnostic_v1_grid_v1/state=13/planner=q4_active,q4_active,estimated_completion_cost,0,0,0,0,0,0,0,,,0,0
q4_0005_P4_diagnostic_v1_grid_v1/state=14/planner=q4_active,q4_active,D_worst,15,105,0,0,0,0,105,True,False,1,15
q4_0005_P4_diagnostic_v1_grid_v1/state=14/planner=q4_active,q4_active,R_worst,15,105,0,0,0,0,105,True,False,1,15
q4_0005_P4_diagnostic_v1_grid_v1/state=14/planner=q4_active,q4_active,G_worst,15,105,0,0,0,0,105,True,False,1,15
q4_0005_P4_diagnostic_v1_grid_v1/state=14/planner=q4_active,q4_active,sampled_cert_score,15,105,79,20,0,0,6,False,False,1,1
q4_0005_P4_diagnostic_v1_grid_v1/state=14/planner=q4_active,q4_active,certified_completion_cost,0,0,0,0,0,0,0,,,0,0
q4_0005_P4_diagnostic_v1_grid_v1/state=14/planner=q4_active,q4_active,estimated_completion_cost,0,0,0,0,0,0,0,,,0,0
q4_0005_P4_diagnostic_v1_grid_v1/state=15/planner=q4_active,q4_active,D_worst,15,105,14,0,0,0,91,True,True,1,1
q4_0005_P4_diagnostic_v1_grid_v1/state=15/planner=q4_active,q4_active,R_worst,15,105,14,0,0,0,91,True,True,1,1
q4_0005_P4_diagnostic_v1_grid_v1/state=15/planner=q4_active,q4_active,G_worst,15,105,14,0,0,0,91,True,True,1,1
q4_0005_P4_diagnostic_v1_grid_v1/state=15/planner=q4_active,q4_active,sampled_cert_score,15,105,67,20,0,0,18,False,False,1,1
q4_0005_P4_diagnostic_v1_grid_v1/state=15/planner=q4_active,q4_active,certified_completion_cost,0,0,0,0,0,0,0,,,0,0
q4_0005_P4_diagnostic_v1_grid_v1/state=15/planner=q4_active,q4_active,estimated_completion_cost,0,0,0,0,0,0,0,,,0,0
q4_0005_P4_diagnostic_v1_grid_v1/state=16/planner=q4_active,q4_active,D_worst,15,105,22,5,0,0,78,False,False,1,1
q4_0005_P4_diagnostic_v1_grid_v1/state=16/planner=q4_active,q4_active,R_worst,15,105,22,5,0,0,78,False,False,1,1
q4_0005_P4_diagnostic_v1_grid_v1/state=16/planner=q4_active,q4_active,G_worst,15,105,22,5,0,0,78,False,False,1,1
q4_0005_P4_diagnostic_v1_grid_v1/state=16/planner=q4_active,q4_active,sampled_cert_score,15,105,85,9,0,0,11,True,False,1,4
q4_0005_P4_diagnostic_v1_grid_v1/state=16/planner=q4_active,q4_active,certified_completion_cost,1,0,0,0,0,0,0,True,True,1,1
q4_0005_P4_diagnostic_v1_grid_v1/state=16/planner=q4_active,q4_active,estimated_completion_cost,0,0,0,0,0,0,0,,,0,0
q4_0005_P4_diagnostic_v1_grid_v1/state=17/planner=q4_active,q4_active,D_worst,15,105,31,8,0,0,66,True,True,1,1
q4_0005_P4_diagnostic_v1_grid_v1/state=17/planner=q4_active,q4_active,R_worst,15,105,31,8,0,0,66,True,True,1,1
q4_0005_P4_diagnostic_v1_grid_v1/state=17/planner=q4_active,q4_active,G_worst,15,105,31,8,0,0,66,True,True,1,1
q4_0005_P4_diagnostic_v1_grid_v1/state=17/planner=q4_active,q4_active,sampled_cert_score,15,105,82,12,0,0,11,True,False,1,4
q4_0005_P4_diagnostic_v1_grid_v1/state=17/planner=q4_active,q4_active,certified_completion_cost,1,0,0,0,0,0,0,True,True,1,1
q4_0005_P4_diagnostic_v1_grid_v1/state=17/planner=q4_active,q4_active,estimated_completion_cost,0,0,0,0,0,0,0,,,0,0
q4_0005_P4_diagnostic_v1_grid_v1_nccp/state=0/planner=q4_active,q4_active,D_worst,15,105,0,27,0,0,78,False,False,1,1
q4_0005_P4_diagnostic_v1_grid_v1_nccp/state=0/planner=q4_active,q4_active,R_worst,15,105,0,27,0,0,78,False,False,1,1
q4_0005_P4_diagnostic_v1_grid_v1_nccp/state=0/planner=q4_active,q4_active,G_worst,15,105,0,27,0,0,78,False,False,1,1
q4_0005_P4_diagnostic_v1_grid_v1_nccp/state=0/planner=q4_active,q4_active,sampled_cert_score,15,105,65,25,0,0,15,False,False,1,3
q4_0005_P4_diagnostic_v1_grid_v1_nccp/state=0/planner=q4_active,q4_active,certified_completion_cost,0,0,0,0,0,0,0,,,0,0
q4_0005_P4_diagnostic_v1_grid_v1_nccp/state=0/planner=q4_active,q4_active,estimated_completion_cost,0,0,0,0,0,0,0,,,0,0
q4_0005_P4_diagnostic_v1_grid_v1_nccp/state=1/planner=q4_active,q4_active,D_worst,15,105,1,26,0,0,78,False,False,1,1
q4_0005_P4_diagnostic_v1_grid_v1_nccp/state=1/planner=q4_active,q4_active,R_worst,15,105,1,26,0,0,78,False,False,1,1
q4_0005_P4_diagnostic_v1_grid_v1_nccp/state=1/planner=q4_active,q4_active,G_worst,15,105,1,26,0,0,78,False,False,1,1
q4_0005_P4_diagnostic_v1_grid_v1_nccp/state=1/planner=q4_active,q4_active,sampled_cert_score,15,105,52,15,0,0,38,True,False,1,8
q4_0005_P4_diagnostic_v1_grid_v1_nccp/state=1/planner=q4_active,q4_active,certified_completion_cost,0,0,0,0,0,0,0,,,0,0
q4_0005_P4_diagnostic_v1_grid_v1_nccp/state=1/planner=q4_active,q4_active,estimated_completion_cost,0,0,0,0,0,0,0,,,0,0
q4_0005_P4_diagnostic_v1_grid_v1_nccp/state=2/planner=q4_active,q4_active,D_worst,15,105,8,19,0,0,78,False,False,1,1
q4_0005_P4_diagnostic_v1_grid_v1_nccp/state=2/planner=q4_active,q4_active,R_worst,15,105,8,19,0,0,78,False,False,1,1
q4_0005_P4_diagnostic_v1_grid_v1_nccp/state=2/planner=q4_active,q4_active,G_worst,15,105,8,19,0,0,78,False,False,1,1
q4_0005_P4_diagnostic_v1_grid_v1_nccp/state=2/planner=q4_active,q4_active,sampled_cert_score,15,105,67,30,0,0,8,True,True,1,1
q4_0005_P4_diagnostic_v1_grid_v1_nccp/state=2/planner=q4_active,q4_active,certified_completion_cost,0,0,0,0,0,0,0,,,0,0
q4_0005_P4_diagnostic_v1_grid_v1_nccp/state=2/planner=q4_active,q4_active,estimated_completion_cost,0,0,0,0,0,0,0,,,0,0
q4_0005_P4_diagnostic_v1_grid_v1_nccp/state=3/planner=q4_active,q4_active,D_worst,15,105,0,0,15,0,90,True,False,1,15
q4_0005_P4_diagnostic_v1_grid_v1_nccp/state=3/planner=q4_active,q4_active,R_worst,15,105,0,0,15,0,90,True,False,1,15
q4_0005_P4_diagnostic_v1_grid_v1_nccp/state=3/planner=q4_active,q4_active,G_worst,15,105,0,0,15,0,90,True,False,1,15
q4_0005_P4_diagnostic_v1_grid_v1_nccp/state=3/planner=q4_active,q4_active,sampled_cert_score,15,105,43,14,15,0,33,False,False,1,1
q4_0005_P4_diagnostic_v1_grid_v1_nccp/state=3/planner=q4_active,q4_active,certified_completion_cost,0,0,0,0,0,0,0,,,0,0
q4_0005_P4_diagnostic_v1_grid_v1_nccp/state=3/planner=q4_active,q4_active,estimated_completion_cost,0,0,0,0,0,0,0,,,0,0
q4_0005_P4_diagnostic_v1_grid_v1_nccp/state=4/planner=diagnostic_v1,diagnostic_v1,D_worst,4,6,0,0,0,0,6,True,False,1,4
q4_0005_P4_diagnostic_v1_grid_v1_nccp/state=4/planner=diagnostic_v1,diagnostic_v1,R_worst,4,6,0,0,0,0,6,True,False,1,4
q4_0005_P4_diagnostic_v1_grid_v1_nccp/state=4/planner=diagnostic_v1,diagnostic_v1,G_worst,4,6,0,0,0,0,6,True,False,1,4
q4_0005_P4_diagnostic_v1_grid_v1_nccp/state=4/planner=diagnostic_v1,diagnostic_v1,sampled_cert_score,4,6,5,0,0,0,1,True,True,1,1
q4_0005_P4_diagnostic_v1_grid_v1_nccp/state=4/planner=diagnostic_v1,diagnostic_v1,certified_completion_cost,0,0,0,0,0,0,0,,,0,0
q4_0005_P4_diagnostic_v1_grid_v1_nccp/state=4/planner=diagnostic_v1,diagnostic_v1,estimated_completion_cost,4,6,6,0,0,0,0,True,True,1,1
q4_0005_P4_diagnostic_v1_grid_v1_nccp/state=5/planner=diagnostic_v1,diagnostic_v1,D_worst,4,6,0,0,0,0,6,True,False,1,4
q4_0005_P4_diagnostic_v1_grid_v1_nccp/state=5/planner=diagnostic_v1,diagnostic_v1,R_worst,4,6,0,0,0,0,6,True,False,1,4
q4_0005_P4_diagnostic_v1_grid_v1_nccp/state=5/planner=diagnostic_v1,diagnostic_v1,G_worst,4,6,0,0,0,0,6,True,False,1,4
q4_0005_P4_diagnostic_v1_grid_v1_nccp/state=5/planner=diagnostic_v1,diagnostic_v1,sampled_cert_score,4,6,5,1,0,0,0,False,False,1,1
q4_0005_P4_diagnostic_v1_grid_v1_nccp/state=5/planner=diagnostic_v1,diagnostic_v1,certified_completion_cost,0,0,0,0,0,0,0,,,0,0
q4_0005_P4_diagnostic_v1_grid_v1_nccp/state=5/planner=diagnostic_v1,diagnostic_v1,estimated_completion_cost,4,6,6,0,0,0,0,True,True,1,1
q4_0005_P4_diagnostic_v1_grid_v1_nccp/state=6/planner=q4_active,q4_active,D_worst,15,105,4,10,3,0,88,False,False,1,1
q4_0005_P4_diagnostic_v1_grid_v1_nccp/state=6/planner=q4_active,q4_active,R_worst,15,105,4,10,3,0,88,False,False,1,1
q4_0005_P4_diagnostic_v1_grid_v1_nccp/state=6/planner=q4_active,q4_active,G_worst,15,105,4,10,3,0,88,False,False,1,1
q4_0005_P4_diagnostic_v1_grid_v1_nccp/state=6/planner=q4_active,q4_active,sampled_cert_score,15,105,81,9,3,0,12,True,False,1,4
q4_0005_P4_diagnostic_v1_grid_v1_nccp/state=6/planner=q4_active,q4_active,certified_completion_cost,0,0,0,0,0,0,0,,,0,0
q4_0005_P4_diagnostic_v1_grid_v1_nccp/state=6/planner=q4_active,q4_active,estimated_completion_cost,0,0,0,0,0,0,0,,,0,0
q4_0005_P4_diagnostic_v1_grid_v1_nccp/state=7/planner=q4_active,q4_active,D_worst,15,105,12,15,0,0,78,False,False,1,1
q4_0005_P4_diagnostic_v1_grid_v1_nccp/state=7/planner=q4_active,q4_active,R_worst,15,105,12,15,0,0,78,False,False,1,1
q4_0005_P4_diagnostic_v1_grid_v1_nccp/state=7/planner=q4_active,q4_active,G_worst,15,105,12,15,0,0,78,False,False,1,1
q4_0005_P4_diagnostic_v1_grid_v1_nccp/state=7/planner=q4_active,q4_active,sampled_cert_score,15,105,44,40,0,0,21,False,False,1,5
q4_0005_P4_diagnostic_v1_grid_v1_nccp/state=7/planner=q4_active,q4_active,certified_completion_cost,0,0,0,0,0,0,0,,,0,0
q4_0005_P4_diagnostic_v1_grid_v1_nccp/state=7/planner=q4_active,q4_active,estimated_completion_cost,0,0,0,0,0,0,0,,,0,0
q4_0005_P4_diagnostic_v1_grid_v1_nccp/state=8/planner=diagnostic_v1,diagnostic_v1,D_worst,4,6,0,0,0,0,6,True,False,1,4
q4_0005_P4_diagnostic_v1_grid_v1_nccp/state=8/planner=diagnostic_v1,diagnostic_v1,R_worst,4,6,0,0,0,0,6,True,False,1,4
q4_0005_P4_diagnostic_v1_grid_v1_nccp/state=8/planner=diagnostic_v1,diagnostic_v1,G_worst,4,6,0,0,0,0,6,True,False,1,4
q4_0005_P4_diagnostic_v1_grid_v1_nccp/state=8/planner=diagnostic_v1,diagnostic_v1,sampled_cert_score,4,6,5,0,0,0,1,True,True,1,1
q4_0005_P4_diagnostic_v1_grid_v1_nccp/state=8/planner=diagnostic_v1,diagnostic_v1,certified_completion_cost,0,0,0,0,0,0,0,,,0,0
q4_0005_P4_diagnostic_v1_grid_v1_nccp/state=8/planner=diagnostic_v1,diagnostic_v1,estimated_completion_cost,4,6,6,0,0,0,0,True,True,1,1
q4_0005_P4_diagnostic_v1_grid_v1_nccp/state=9/planner=diagnostic_v1,diagnostic_v1,D_worst,4,6,3,0,0,0,3,True,True,1,1
q4_0005_P4_diagnostic_v1_grid_v1_nccp/state=9/planner=diagnostic_v1,diagnostic_v1,R_worst,4,6,3,0,0,0,3,True,True,1,1
q4_0005_P4_diagnostic_v1_grid_v1_nccp/state=9/planner=diagnostic_v1,diagnostic_v1,G_worst,4,6,3,0,0,0,3,True,True,1,1
q4_0005_P4_diagnostic_v1_grid_v1_nccp/state=9/planner=diagnostic_v1,diagnostic_v1,sampled_cert_score,4,6,4,1,0,0,1,True,False,1,2
q4_0005_P4_diagnostic_v1_grid_v1_nccp/state=9/planner=diagnostic_v1,diagnostic_v1,certified_completion_cost,1,0,0,0,0,0,0,True,True,1,1
q4_0005_P4_diagnostic_v1_grid_v1_nccp/state=9/planner=diagnostic_v1,diagnostic_v1,estimated_completion_cost,4,6,4,2,0,0,0,False,False,1,1
q4_0005_P4_diagnostic_v1_grid_v1_nccp/state=10/planner=q4_active,q4_active,D_worst,15,105,7,20,0,0,78,False,False,1,1
q4_0005_P4_diagnostic_v1_grid_v1_nccp/state=10/planner=q4_active,q4_active,R_worst,15,105,7,20,0,0,78,False,False,1,1
q4_0005_P4_diagnostic_v1_grid_v1_nccp/state=10/planner=q4_active,q4_active,G_worst,15,105,7,20,0,0,78,False,False,1,1
q4_0005_P4_diagnostic_v1_grid_v1_nccp/state=10/planner=q4_active,q4_active,sampled_cert_score,15,105,66,26,0,0,13,True,False,1,3
q4_0005_P4_diagnostic_v1_grid_v1_nccp/state=10/planner=q4_active,q4_active,certified_completion_cost,0,0,0,0,0,0,0,,,0,0
q4_0005_P4_diagnostic_v1_grid_v1_nccp/state=10/planner=q4_active,q4_active,estimated_completion_cost,0,0,0,0,0,0,0,,,0,0
q4_0005_P4_diagnostic_v1_grid_v1_nccp/state=11/planner=q4_active,q4_active,D_worst,15,105,1,26,0,0,78,False,False,1,1
q4_0005_P4_diagnostic_v1_grid_v1_nccp/state=11/planner=q4_active,q4_active,R_worst,15,105,1,26,0,0,78,False,False,1,1
q4_0005_P4_diagnostic_v1_grid_v1_nccp/state=11/planner=q4_active,q4_active,G_worst,15,105,1,26,0,0,78,False,False,1,1
q4_0005_P4_diagnostic_v1_grid_v1_nccp/state=11/planner=q4_active,q4_active,sampled_cert_score,15,105,81,14,0,0,10,False,False,1,1
q4_0005_P4_diagnostic_v1_grid_v1_nccp/state=11/planner=q4_active,q4_active,certified_completion_cost,0,0,0,0,0,0,0,,,0,0
q4_0005_P4_diagnostic_v1_grid_v1_nccp/state=11/planner=q4_active,q4_active,estimated_completion_cost,0,0,0,0,0,0,0,,,0,0
q4_0005_P4_diagnostic_v1_grid_v1_nccp/state=12/planner=q4_active,q4_active,D_worst,15,105,0,0,0,0,105,True,False,1,15
q4_0005_P4_diagnostic_v1_grid_v1_nccp/state=12/planner=q4_active,q4_active,R_worst,15,105,0,0,0,0,105,True,False,1,15
q4_0005_P4_diagnostic_v1_grid_v1_nccp/state=12/planner=q4_active,q4_active,G_worst,15,105,0,0,0,0,105,True,False,1,15
q4_0005_P4_diagnostic_v1_grid_v1_nccp/state=12/planner=q4_active,q4_active,sampled_cert_score,15,105,52,41,0,0,12,False,False,1,1
q4_0005_P4_diagnostic_v1_grid_v1_nccp/state=12/planner=q4_active,q4_active,certified_completion_cost,0,0,0,0,0,0,0,,,0,0
q4_0005_P4_diagnostic_v1_grid_v1_nccp/state=12/planner=q4_active,q4_active,estimated_completion_cost,0,0,0,0,0,0,0,,,0,0
q4_0005_P4_diagnostic_v1_grid_v1_nccp/state=13/planner=q4_active,q4_active,D_worst,15,105,8,19,0,0,78,False,False,1,1
q4_0005_P4_diagnostic_v1_grid_v1_nccp/state=13/planner=q4_active,q4_active,R_worst,15,105,8,19,0,0,78,False,False,1,1
q4_0005_P4_diagnostic_v1_grid_v1_nccp/state=13/planner=q4_active,q4_active,G_worst,15,105,8,19,0,0,78,False,False,1,1
q4_0005_P4_diagnostic_v1_grid_v1_nccp/state=13/planner=q4_active,q4_active,sampled_cert_score,15,105,66,7,0,0,32,True,False,1,7
q4_0005_P4_diagnostic_v1_grid_v1_nccp/state=13/planner=q4_active,q4_active,certified_completion_cost,1,0,0,0,0,0,0,True,True,1,1
q4_0005_P4_diagnostic_v1_grid_v1_nccp/state=13/planner=q4_active,q4_active,estimated_completion_cost,0,0,0,0,0,0,0,,,0,0
q4_0005_P4_diagnostic_v1_grid_v1_nccp/state=14/planner=q4_active,q4_active,D_worst,15,105,0,0,0,0,105,True,False,1,15
q4_0005_P4_diagnostic_v1_grid_v1_nccp/state=14/planner=q4_active,q4_active,R_worst,15,105,0,0,0,0,105,True,False,1,15
q4_0005_P4_diagnostic_v1_grid_v1_nccp/state=14/planner=q4_active,q4_active,G_worst,15,105,0,0,0,0,105,True,False,1,15
q4_0005_P4_diagnostic_v1_grid_v1_nccp/state=14/planner=q4_active,q4_active,sampled_cert_score,15,105,79,20,0,0,6,False,False,1,1
q4_0005_P4_diagnostic_v1_grid_v1_nccp/state=14/planner=q4_active,q4_active,certified_completion_cost,0,0,0,0,0,0,0,,,0,0
q4_0005_P4_diagnostic_v1_grid_v1_nccp/state=14/planner=q4_active,q4_active,estimated_completion_cost,0,0,0,0,0,0,0,,,0,0
q4_0005_P4_diagnostic_v1_grid_v1_nccp/state=15/planner=q4_active,q4_active,D_worst,15,105,14,0,0,0,91,True,True,1,1
q4_0005_P4_diagnostic_v1_grid_v1_nccp/state=15/planner=q4_active,q4_active,R_worst,15,105,14,0,0,0,91,True,True,1,1
q4_0005_P4_diagnostic_v1_grid_v1_nccp/state=15/planner=q4_active,q4_active,G_worst,15,105,14,0,0,0,91,True,True,1,1
q4_0005_P4_diagnostic_v1_grid_v1_nccp/state=15/planner=q4_active,q4_active,sampled_cert_score,15,105,67,20,0,0,18,False,False,1,1
q4_0005_P4_diagnostic_v1_grid_v1_nccp/state=15/planner=q4_active,q4_active,certified_completion_cost,0,0,0,0,0,0,0,,,0,0
q4_0005_P4_diagnostic_v1_grid_v1_nccp/state=15/planner=q4_active,q4_active,estimated_completion_cost,0,0,0,0,0,0,0,,,0,0
q4_0005_P4_diagnostic_v1_grid_v1_nccp/state=16/planner=q4_active,q4_active,D_worst,15,105,22,5,0,0,78,False,False,1,1
q4_0005_P4_diagnostic_v1_grid_v1_nccp/state=16/planner=q4_active,q4_active,R_worst,15,105,22,5,0,0,78,False,False,1,1
q4_0005_P4_diagnostic_v1_grid_v1_nccp/state=16/planner=q4_active,q4_active,G_worst,15,105,22,5,0,0,78,False,False,1,1
q4_0005_P4_diagnostic_v1_grid_v1_nccp/state=16/planner=q4_active,q4_active,sampled_cert_score,15,105,85,9,0,0,11,True,False,1,4
q4_0005_P4_diagnostic_v1_grid_v1_nccp/state=16/planner=q4_active,q4_active,certified_completion_cost,1,0,0,0,0,0,0,True,True,1,1
q4_0005_P4_diagnostic_v1_grid_v1_nccp/state=16/planner=q4_active,q4_active,estimated_completion_cost,0,0,0,0,0,0,0,,,0,0
q4_0005_P4_diagnostic_v1_grid_v1_nccp/state=17/planner=q4_active,q4_active,D_worst,15,105,31,8,0,0,66,True,True,1,1
q4_0005_P4_diagnostic_v1_grid_v1_nccp/state=17/planner=q4_active,q4_active,R_worst,15,105,31,8,0,0,66,True,True,1,1
q4_0005_P4_diagnostic_v1_grid_v1_nccp/state=17/planner=q4_active,q4_active,G_worst,15,105,31,8,0,0,66,True,True,1,1
q4_0005_P4_diagnostic_v1_grid_v1_nccp/state=17/planner=q4_active,q4_active,sampled_cert_score,15,105,82,12,0,0,11,True,False,1,4
q4_0005_P4_diagnostic_v1_grid_v1_nccp/state=17/planner=q4_active,q4_active,certified_completion_cost,1,0,0,0,0,0,0,True,True,1,1
q4_0005_P4_diagnostic_v1_grid_v1_nccp/state=17/planner=q4_active,q4_active,estimated_completion_cost,0,0,0,0,0,0,0,,,0,0
q4_0006_P4_diagnostic_v1_grid_v1/state=0/planner=q4_active,q4_active,D_worst,15,105,0,0,0,0,105,True,False,1,15
q4_0006_P4_diagnostic_v1_grid_v1/state=0/planner=q4_active,q4_active,R_worst,15,105,0,0,0,0,105,True,False,1,15
q4_0006_P4_diagnostic_v1_grid_v1/state=0/planner=q4_active,q4_active,G_worst,15,105,0,0,0,0,105,True,False,1,15
q4_0006_P4_diagnostic_v1_grid_v1/state=0/planner=q4_active,q4_active,sampled_cert_score,15,105,58,4,0,0,43,False,False,1,1
q4_0006_P4_diagnostic_v1_grid_v1/state=0/planner=q4_active,q4_active,certified_completion_cost,0,0,0,0,0,0,0,,,0,0
q4_0006_P4_diagnostic_v1_grid_v1/state=0/planner=q4_active,q4_active,estimated_completion_cost,0,0,0,0,0,0,0,,,0,0
q4_0006_P4_diagnostic_v1_grid_v1/state=1/planner=q4_active,q4_active,D_worst,15,105,0,0,3,0,102,True,False,1,15
q4_0006_P4_diagnostic_v1_grid_v1/state=1/planner=q4_active,q4_active,R_worst,15,105,0,0,3,0,102,True,False,1,15
q4_0006_P4_diagnostic_v1_grid_v1/state=1/planner=q4_active,q4_active,G_worst,15,105,0,0,3,0,102,True,False,1,15
q4_0006_P4_diagnostic_v1_grid_v1/state=1/planner=q4_active,q4_active,sampled_cert_score,15,105,68,8,3,0,26,True,True,1,1
q4_0006_P4_diagnostic_v1_grid_v1/state=1/planner=q4_active,q4_active,certified_completion_cost,0,0,0,0,0,0,0,,,0,0
q4_0006_P4_diagnostic_v1_grid_v1/state=1/planner=q4_active,q4_active,estimated_completion_cost,0,0,0,0,0,0,0,,,0,0
q4_0006_P4_diagnostic_v1_grid_v1/state=2/planner=q4_active,q4_active,D_worst,15,105,0,0,0,0,105,True,False,1,15
q4_0006_P4_diagnostic_v1_grid_v1/state=2/planner=q4_active,q4_active,R_worst,15,105,0,0,0,0,105,True,False,1,15
q4_0006_P4_diagnostic_v1_grid_v1/state=2/planner=q4_active,q4_active,G_worst,15,105,0,0,0,0,105,True,False,1,15
q4_0006_P4_diagnostic_v1_grid_v1/state=2/planner=q4_active,q4_active,sampled_cert_score,15,105,63,21,0,0,21,False,False,1,1
q4_0006_P4_diagnostic_v1_grid_v1/state=2/planner=q4_active,q4_active,certified_completion_cost,0,0,0,0,0,0,0,,,0,0
q4_0006_P4_diagnostic_v1_grid_v1/state=2/planner=q4_active,q4_active,estimated_completion_cost,0,0,0,0,0,0,0,,,0,0
q4_0006_P4_diagnostic_v1_grid_v1/state=3/planner=q4_active,q4_active,D_worst,15,105,0,0,0,0,105,True,False,1,15
q4_0006_P4_diagnostic_v1_grid_v1/state=3/planner=q4_active,q4_active,R_worst,15,105,0,0,0,0,105,True,False,1,15
q4_0006_P4_diagnostic_v1_grid_v1/state=3/planner=q4_active,q4_active,G_worst,15,105,0,0,0,0,105,True,False,1,15
q4_0006_P4_diagnostic_v1_grid_v1/state=3/planner=q4_active,q4_active,sampled_cert_score,15,105,78,17,0,0,10,True,False,1,3
q4_0006_P4_diagnostic_v1_grid_v1/state=3/planner=q4_active,q4_active,certified_completion_cost,0,0,0,0,0,0,0,,,0,0
q4_0006_P4_diagnostic_v1_grid_v1/state=3/planner=q4_active,q4_active,estimated_completion_cost,0,0,0,0,0,0,0,,,0,0
q4_0006_P4_diagnostic_v1_grid_v1/state=4/planner=q4_active,q4_active,D_worst,14,91,0,0,1,0,90,True,False,1,14
q4_0006_P4_diagnostic_v1_grid_v1/state=4/planner=q4_active,q4_active,R_worst,14,91,0,0,1,0,90,True,False,1,14
q4_0006_P4_diagnostic_v1_grid_v1/state=4/planner=q4_active,q4_active,G_worst,14,91,0,0,1,0,90,True,False,1,14
q4_0006_P4_diagnostic_v1_grid_v1/state=4/planner=q4_active,q4_active,sampled_cert_score,14,91,69,5,1,0,16,False,False,1,1
q4_0006_P4_diagnostic_v1_grid_v1/state=4/planner=q4_active,q4_active,certified_completion_cost,0,0,0,0,0,0,0,,,0,0
q4_0006_P4_diagnostic_v1_grid_v1/state=4/planner=q4_active,q4_active,estimated_completion_cost,0,0,0,0,0,0,0,,,0,0
q4_0006_P4_diagnostic_v1_grid_v1/state=5/planner=q4_active,q4_active,D_worst,15,105,27,0,15,0,63,True,True,1,1
q4_0006_P4_diagnostic_v1_grid_v1/state=5/planner=q4_active,q4_active,R_worst,15,105,27,0,15,0,63,True,True,1,1
q4_0006_P4_diagnostic_v1_grid_v1/state=5/planner=q4_active,q4_active,G_worst,15,105,26,0,15,0,64,True,False,1,2
q4_0006_P4_diagnostic_v1_grid_v1/state=5/planner=q4_active,q4_active,sampled_cert_score,15,105,75,0,15,0,15,True,False,1,6
q4_0006_P4_diagnostic_v1_grid_v1/state=5/planner=q4_active,q4_active,certified_completion_cost,2,1,0,1,0,0,0,False,False,1,1
q4_0006_P4_diagnostic_v1_grid_v1/state=5/planner=q4_active,q4_active,estimated_completion_cost,0,0,0,0,0,0,0,,,0,0
q4_0006_P4_diagnostic_v1_grid_v1/state=6/planner=q4_active,q4_active,D_worst,15,105,3,11,0,0,91,False,False,1,1
q4_0006_P4_diagnostic_v1_grid_v1/state=6/planner=q4_active,q4_active,R_worst,15,105,3,11,0,0,91,False,False,1,1
q4_0006_P4_diagnostic_v1_grid_v1/state=6/planner=q4_active,q4_active,G_worst,15,105,3,11,0,0,91,False,False,1,1
q4_0006_P4_diagnostic_v1_grid_v1/state=6/planner=q4_active,q4_active,sampled_cert_score,15,105,68,8,0,0,29,True,False,1,8
q4_0006_P4_diagnostic_v1_grid_v1/state=6/planner=q4_active,q4_active,certified_completion_cost,0,0,0,0,0,0,0,,,0,0
q4_0006_P4_diagnostic_v1_grid_v1/state=6/planner=q4_active,q4_active,estimated_completion_cost,0,0,0,0,0,0,0,,,0,0
q4_0006_P4_diagnostic_v1_grid_v1/state=7/planner=q4_active,q4_active,D_worst,15,105,40,10,0,0,55,False,False,1,1
q4_0006_P4_diagnostic_v1_grid_v1/state=7/planner=q4_active,q4_active,R_worst,15,105,40,10,0,0,55,False,False,1,1
q4_0006_P4_diagnostic_v1_grid_v1/state=7/planner=q4_active,q4_active,G_worst,15,105,40,10,0,0,55,False,False,1,1
q4_0006_P4_diagnostic_v1_grid_v1/state=7/planner=q4_active,q4_active,sampled_cert_score,15,105,71,25,0,0,9,False,False,1,1
q4_0006_P4_diagnostic_v1_grid_v1/state=7/planner=q4_active,q4_active,certified_completion_cost,0,0,0,0,0,0,0,,,0,0
q4_0006_P4_diagnostic_v1_grid_v1/state=7/planner=q4_active,q4_active,estimated_completion_cost,0,0,0,0,0,0,0,,,0,0
q4_0006_P4_diagnostic_v1_grid_v1/state=8/planner=q4_active,q4_active,D_worst,15,105,29,21,0,0,55,False,False,1,1
q4_0006_P4_diagnostic_v1_grid_v1/state=8/planner=q4_active,q4_active,R_worst,15,105,29,21,0,0,55,False,False,1,1
q4_0006_P4_diagnostic_v1_grid_v1/state=8/planner=q4_active,q4_active,G_worst,15,105,29,21,0,0,55,False,False,1,1
q4_0006_P4_diagnostic_v1_grid_v1/state=8/planner=q4_active,q4_active,sampled_cert_score,15,105,78,23,0,0,4,False,False,1,2
q4_0006_P4_diagnostic_v1_grid_v1/state=8/planner=q4_active,q4_active,certified_completion_cost,1,0,0,0,0,0,0,True,True,1,1
q4_0006_P4_diagnostic_v1_grid_v1/state=8/planner=q4_active,q4_active,estimated_completion_cost,0,0,0,0,0,0,0,,,0,0
q4_0006_P4_diagnostic_v1_grid_v1/state=9/planner=q4_active,q4_active,D_worst,15,105,0,0,0,0,105,True,False,1,15
q4_0006_P4_diagnostic_v1_grid_v1/state=9/planner=q4_active,q4_active,R_worst,15,105,0,0,0,0,105,True,False,1,15
q4_0006_P4_diagnostic_v1_grid_v1/state=9/planner=q4_active,q4_active,G_worst,15,105,0,0,0,0,105,True,False,1,15
q4_0006_P4_diagnostic_v1_grid_v1/state=9/planner=q4_active,q4_active,sampled_cert_score,15,105,60,32,0,0,13,False,False,1,1
q4_0006_P4_diagnostic_v1_grid_v1/state=9/planner=q4_active,q4_active,certified_completion_cost,0,0,0,0,0,0,0,,,0,0
q4_0006_P4_diagnostic_v1_grid_v1/state=9/planner=q4_active,q4_active,estimated_completion_cost,0,0,0,0,0,0,0,,,0,0
q4_0006_P4_diagnostic_v1_grid_v1/state=10/planner=q4_active,q4_active,D_worst,15,105,4,23,0,0,78,False,False,1,1
q4_0006_P4_diagnostic_v1_grid_v1/state=10/planner=q4_active,q4_active,R_worst,15,105,4,23,0,0,78,False,False,1,1
q4_0006_P4_diagnostic_v1_grid_v1/state=10/planner=q4_active,q4_active,G_worst,15,105,4,23,0,0,78,False,False,1,1
q4_0006_P4_diagnostic_v1_grid_v1/state=10/planner=q4_active,q4_active,sampled_cert_score,15,105,61,36,0,0,8,False,False,1,3
q4_0006_P4_diagnostic_v1_grid_v1/state=10/planner=q4_active,q4_active,certified_completion_cost,0,0,0,0,0,0,0,,,0,0
q4_0006_P4_diagnostic_v1_grid_v1/state=10/planner=q4_active,q4_active,estimated_completion_cost,0,0,0,0,0,0,0,,,0,0
q4_0006_P4_diagnostic_v1_grid_v1/state=11/planner=q4_active,q4_active,D_worst,15,105,0,27,0,0,78,False,False,1,1
q4_0006_P4_diagnostic_v1_grid_v1/state=11/planner=q4_active,q4_active,R_worst,15,105,0,27,0,0,78,False,False,1,1
q4_0006_P4_diagnostic_v1_grid_v1/state=11/planner=q4_active,q4_active,G_worst,15,105,0,27,0,0,78,False,False,1,1
q4_0006_P4_diagnostic_v1_grid_v1/state=11/planner=q4_active,q4_active,sampled_cert_score,15,105,73,18,0,0,14,True,False,1,5
q4_0006_P4_diagnostic_v1_grid_v1/state=11/planner=q4_active,q4_active,certified_completion_cost,0,0,0,0,0,0,0,,,0,0
q4_0006_P4_diagnostic_v1_grid_v1/state=11/planner=q4_active,q4_active,estimated_completion_cost,0,0,0,0,0,0,0,,,0,0
q4_0006_P4_diagnostic_v1_grid_v1_nccp/state=0/planner=q4_active,q4_active,D_worst,15,105,0,0,0,0,105,True,False,1,15
q4_0006_P4_diagnostic_v1_grid_v1_nccp/state=0/planner=q4_active,q4_active,R_worst,15,105,0,0,0,0,105,True,False,1,15
q4_0006_P4_diagnostic_v1_grid_v1_nccp/state=0/planner=q4_active,q4_active,G_worst,15,105,0,0,0,0,105,True,False,1,15
q4_0006_P4_diagnostic_v1_grid_v1_nccp/state=0/planner=q4_active,q4_active,sampled_cert_score,15,105,58,4,0,0,43,False,False,1,1
q4_0006_P4_diagnostic_v1_grid_v1_nccp/state=0/planner=q4_active,q4_active,certified_completion_cost,0,0,0,0,0,0,0,,,0,0
q4_0006_P4_diagnostic_v1_grid_v1_nccp/state=0/planner=q4_active,q4_active,estimated_completion_cost,0,0,0,0,0,0,0,,,0,0
q4_0006_P4_diagnostic_v1_grid_v1_nccp/state=1/planner=q4_active,q4_active,D_worst,15,105,0,0,3,0,102,True,False,1,15
q4_0006_P4_diagnostic_v1_grid_v1_nccp/state=1/planner=q4_active,q4_active,R_worst,15,105,0,0,3,0,102,True,False,1,15
q4_0006_P4_diagnostic_v1_grid_v1_nccp/state=1/planner=q4_active,q4_active,G_worst,15,105,0,0,3,0,102,True,False,1,15
q4_0006_P4_diagnostic_v1_grid_v1_nccp/state=1/planner=q4_active,q4_active,sampled_cert_score,15,105,68,8,3,0,26,True,True,1,1
q4_0006_P4_diagnostic_v1_grid_v1_nccp/state=1/planner=q4_active,q4_active,certified_completion_cost,0,0,0,0,0,0,0,,,0,0
q4_0006_P4_diagnostic_v1_grid_v1_nccp/state=1/planner=q4_active,q4_active,estimated_completion_cost,0,0,0,0,0,0,0,,,0,0
q4_0006_P4_diagnostic_v1_grid_v1_nccp/state=2/planner=q4_active,q4_active,D_worst,15,105,0,0,0,0,105,True,False,1,15
q4_0006_P4_diagnostic_v1_grid_v1_nccp/state=2/planner=q4_active,q4_active,R_worst,15,105,0,0,0,0,105,True,False,1,15
q4_0006_P4_diagnostic_v1_grid_v1_nccp/state=2/planner=q4_active,q4_active,G_worst,15,105,0,0,0,0,105,True,False,1,15
q4_0006_P4_diagnostic_v1_grid_v1_nccp/state=2/planner=q4_active,q4_active,sampled_cert_score,15,105,63,21,0,0,21,False,False,1,1
q4_0006_P4_diagnostic_v1_grid_v1_nccp/state=2/planner=q4_active,q4_active,certified_completion_cost,0,0,0,0,0,0,0,,,0,0
q4_0006_P4_diagnostic_v1_grid_v1_nccp/state=2/planner=q4_active,q4_active,estimated_completion_cost,0,0,0,0,0,0,0,,,0,0
q4_0006_P4_diagnostic_v1_grid_v1_nccp/state=3/planner=q4_active,q4_active,D_worst,15,105,0,0,0,0,105,True,False,1,15
q4_0006_P4_diagnostic_v1_grid_v1_nccp/state=3/planner=q4_active,q4_active,R_worst,15,105,0,0,0,0,105,True,False,1,15
q4_0006_P4_diagnostic_v1_grid_v1_nccp/state=3/planner=q4_active,q4_active,G_worst,15,105,0,0,0,0,105,True,False,1,15
q4_0006_P4_diagnostic_v1_grid_v1_nccp/state=3/planner=q4_active,q4_active,sampled_cert_score,15,105,78,17,0,0,10,True,False,1,3
q4_0006_P4_diagnostic_v1_grid_v1_nccp/state=3/planner=q4_active,q4_active,certified_completion_cost,0,0,0,0,0,0,0,,,0,0
q4_0006_P4_diagnostic_v1_grid_v1_nccp/state=3/planner=q4_active,q4_active,estimated_completion_cost,0,0,0,0,0,0,0,,,0,0
q4_0006_P4_diagnostic_v1_grid_v1_nccp/state=4/planner=q4_active,q4_active,D_worst,14,91,0,0,1,0,90,True,False,1,14
q4_0006_P4_diagnostic_v1_grid_v1_nccp/state=4/planner=q4_active,q4_active,R_worst,14,91,0,0,1,0,90,True,False,1,14
q4_0006_P4_diagnostic_v1_grid_v1_nccp/state=4/planner=q4_active,q4_active,G_worst,14,91,0,0,1,0,90,True,False,1,14
q4_0006_P4_diagnostic_v1_grid_v1_nccp/state=4/planner=q4_active,q4_active,sampled_cert_score,14,91,69,5,1,0,16,False,False,1,1
q4_0006_P4_diagnostic_v1_grid_v1_nccp/state=4/planner=q4_active,q4_active,certified_completion_cost,0,0,0,0,0,0,0,,,0,0
q4_0006_P4_diagnostic_v1_grid_v1_nccp/state=4/planner=q4_active,q4_active,estimated_completion_cost,0,0,0,0,0,0,0,,,0,0
q4_0006_P4_diagnostic_v1_grid_v1_nccp/state=5/planner=q4_active,q4_active,D_worst,15,105,27,0,15,0,63,True,True,1,1
q4_0006_P4_diagnostic_v1_grid_v1_nccp/state=5/planner=q4_active,q4_active,R_worst,15,105,27,0,15,0,63,True,True,1,1
q4_0006_P4_diagnostic_v1_grid_v1_nccp/state=5/planner=q4_active,q4_active,G_worst,15,105,26,0,15,0,64,True,False,1,2
q4_0006_P4_diagnostic_v1_grid_v1_nccp/state=5/planner=q4_active,q4_active,sampled_cert_score,15,105,75,0,15,0,15,True,False,1,6
q4_0006_P4_diagnostic_v1_grid_v1_nccp/state=5/planner=q4_active,q4_active,certified_completion_cost,2,1,0,1,0,0,0,False,False,1,1
q4_0006_P4_diagnostic_v1_grid_v1_nccp/state=5/planner=q4_active,q4_active,estimated_completion_cost,0,0,0,0,0,0,0,,,0,0
q4_0006_P4_diagnostic_v1_grid_v1_nccp/state=6/planner=q4_active,q4_active,D_worst,15,105,3,11,0,0,91,False,False,1,1
q4_0006_P4_diagnostic_v1_grid_v1_nccp/state=6/planner=q4_active,q4_active,R_worst,15,105,3,11,0,0,91,False,False,1,1
q4_0006_P4_diagnostic_v1_grid_v1_nccp/state=6/planner=q4_active,q4_active,G_worst,15,105,3,11,0,0,91,False,False,1,1
q4_0006_P4_diagnostic_v1_grid_v1_nccp/state=6/planner=q4_active,q4_active,sampled_cert_score,15,105,68,8,0,0,29,True,False,1,8
q4_0006_P4_diagnostic_v1_grid_v1_nccp/state=6/planner=q4_active,q4_active,certified_completion_cost,0,0,0,0,0,0,0,,,0,0
q4_0006_P4_diagnostic_v1_grid_v1_nccp/state=6/planner=q4_active,q4_active,estimated_completion_cost,0,0,0,0,0,0,0,,,0,0
q4_0006_P4_diagnostic_v1_grid_v1_nccp/state=7/planner=q4_active,q4_active,D_worst,15,105,40,10,0,0,55,False,False,1,1
q4_0006_P4_diagnostic_v1_grid_v1_nccp/state=7/planner=q4_active,q4_active,R_worst,15,105,40,10,0,0,55,False,False,1,1
q4_0006_P4_diagnostic_v1_grid_v1_nccp/state=7/planner=q4_active,q4_active,G_worst,15,105,40,10,0,0,55,False,False,1,1
q4_0006_P4_diagnostic_v1_grid_v1_nccp/state=7/planner=q4_active,q4_active,sampled_cert_score,15,105,71,25,0,0,9,False,False,1,1
q4_0006_P4_diagnostic_v1_grid_v1_nccp/state=7/planner=q4_active,q4_active,certified_completion_cost,0,0,0,0,0,0,0,,,0,0
q4_0006_P4_diagnostic_v1_grid_v1_nccp/state=7/planner=q4_active,q4_active,estimated_completion_cost,0,0,0,0,0,0,0,,,0,0
q4_0006_P4_diagnostic_v1_grid_v1_nccp/state=8/planner=q4_active,q4_active,D_worst,15,105,29,21,0,0,55,False,False,1,1
q4_0006_P4_diagnostic_v1_grid_v1_nccp/state=8/planner=q4_active,q4_active,R_worst,15,105,29,21,0,0,55,False,False,1,1
q4_0006_P4_diagnostic_v1_grid_v1_nccp/state=8/planner=q4_active,q4_active,G_worst,15,105,29,21,0,0,55,False,False,1,1
q4_0006_P4_diagnostic_v1_grid_v1_nccp/state=8/planner=q4_active,q4_active,sampled_cert_score,15,105,78,23,0,0,4,False,False,1,2
q4_0006_P4_diagnostic_v1_grid_v1_nccp/state=8/planner=q4_active,q4_active,certified_completion_cost,1,0,0,0,0,0,0,True,True,1,1
q4_0006_P4_diagnostic_v1_grid_v1_nccp/state=8/planner=q4_active,q4_active,estimated_completion_cost,0,0,0,0,0,0,0,,,0,0
q4_0006_P4_diagnostic_v1_grid_v1_nccp/state=9/planner=q4_active,q4_active,D_worst,15,105,0,0,0,0,105,True,False,1,15
q4_0006_P4_diagnostic_v1_grid_v1_nccp/state=9/planner=q4_active,q4_active,R_worst,15,105,0,0,0,0,105,True,False,1,15
q4_0006_P4_diagnostic_v1_grid_v1_nccp/state=9/planner=q4_active,q4_active,G_worst,15,105,0,0,0,0,105,True,False,1,15
q4_0006_P4_diagnostic_v1_grid_v1_nccp/state=9/planner=q4_active,q4_active,sampled_cert_score,15,105,60,32,0,0,13,False,False,1,1
q4_0006_P4_diagnostic_v1_grid_v1_nccp/state=9/planner=q4_active,q4_active,certified_completion_cost,0,0,0,0,0,0,0,,,0,0
q4_0006_P4_diagnostic_v1_grid_v1_nccp/state=9/planner=q4_active,q4_active,estimated_completion_cost,0,0,0,0,0,0,0,,,0,0
q4_0006_P4_diagnostic_v1_grid_v1_nccp/state=10/planner=q4_active,q4_active,D_worst,15,105,4,23,0,0,78,False,False,1,1
q4_0006_P4_diagnostic_v1_grid_v1_nccp/state=10/planner=q4_active,q4_active,R_worst,15,105,4,23,0,0,78,False,False,1,1
q4_0006_P4_diagnostic_v1_grid_v1_nccp/state=10/planner=q4_active,q4_active,G_worst,15,105,4,23,0,0,78,False,False,1,1
q4_0006_P4_diagnostic_v1_grid_v1_nccp/state=10/planner=q4_active,q4_active,sampled_cert_score,15,105,61,36,0,0,8,False,False,1,3
q4_0006_P4_diagnostic_v1_grid_v1_nccp/state=10/planner=q4_active,q4_active,certified_completion_cost,0,0,0,0,0,0,0,,,0,0
q4_0006_P4_diagnostic_v1_grid_v1_nccp/state=10/planner=q4_active,q4_active,estimated_completion_cost,0,0,0,0,0,0,0,,,0,0
q4_0006_P4_diagnostic_v1_grid_v1_nccp/state=11/planner=q4_active,q4_active,D_worst,15,105,0,27,0,0,78,False,False,1,1
q4_0006_P4_diagnostic_v1_grid_v1_nccp/state=11/planner=q4_active,q4_active,R_worst,15,105,0,27,0,0,78,False,False,1,1
q4_0006_P4_diagnostic_v1_grid_v1_nccp/state=11/planner=q4_active,q4_active,G_worst,15,105,0,27,0,0,78,False,False,1,1
q4_0006_P4_diagnostic_v1_grid_v1_nccp/state=11/planner=q4_active,q4_active,sampled_cert_score,15,105,73,18,0,0,14,True,False,1,5
q4_0006_P4_diagnostic_v1_grid_v1_nccp/state=11/planner=q4_active,q4_active,certified_completion_cost,0,0,0,0,0,0,0,,,0,0
q4_0006_P4_diagnostic_v1_grid_v1_nccp/state=11/planner=q4_active,q4_active,estimated_completion_cost,0,0,0,0,0,0,0,,,0,0
q4_0007_P4_diagnostic_v1_grid_v1/state=0/planner=q4_active,q4_active,D_worst,15,105,4,23,0,0,78,False,False,1,1
q4_0007_P4_diagnostic_v1_grid_v1/state=0/planner=q4_active,q4_active,R_worst,15,105,4,23,0,0,78,False,False,1,1
q4_0007_P4_diagnostic_v1_grid_v1/state=0/planner=q4_active,q4_active,G_worst,15,105,4,23,0,0,78,False,False,1,1
q4_0007_P4_diagnostic_v1_grid_v1/state=0/planner=q4_active,q4_active,sampled_cert_score,15,105,51,31,0,0,23,False,False,1,2
q4_0007_P4_diagnostic_v1_grid_v1/state=0/planner=q4_active,q4_active,certified_completion_cost,0,0,0,0,0,0,0,,,0,0
q4_0007_P4_diagnostic_v1_grid_v1/state=0/planner=q4_active,q4_active,estimated_completion_cost,0,0,0,0,0,0,0,,,0,0
q4_0007_P4_diagnostic_v1_grid_v1/state=1/planner=q4_active,q4_active,D_worst,14,91,0,0,0,0,91,True,False,1,14
q4_0007_P4_diagnostic_v1_grid_v1/state=1/planner=q4_active,q4_active,R_worst,14,91,0,0,0,0,91,True,False,1,14
q4_0007_P4_diagnostic_v1_grid_v1/state=1/planner=q4_active,q4_active,G_worst,14,91,0,0,0,0,91,True,False,1,14
q4_0007_P4_diagnostic_v1_grid_v1/state=1/planner=q4_active,q4_active,sampled_cert_score,14,91,69,13,0,0,9,False,False,1,1
q4_0007_P4_diagnostic_v1_grid_v1/state=1/planner=q4_active,q4_active,certified_completion_cost,0,0,0,0,0,0,0,,,0,0
q4_0007_P4_diagnostic_v1_grid_v1/state=1/planner=q4_active,q4_active,estimated_completion_cost,0,0,0,0,0,0,0,,,0,0
q4_0007_P4_diagnostic_v1_grid_v1/state=2/planner=q4_active,q4_active,D_worst,14,91,0,0,10,0,81,True,False,1,14
q4_0007_P4_diagnostic_v1_grid_v1/state=2/planner=q4_active,q4_active,R_worst,14,91,0,0,10,0,81,True,False,1,14
q4_0007_P4_diagnostic_v1_grid_v1/state=2/planner=q4_active,q4_active,G_worst,14,91,0,0,10,0,81,True,False,1,14
q4_0007_P4_diagnostic_v1_grid_v1/state=2/planner=q4_active,q4_active,sampled_cert_score,14,91,60,10,10,0,11,False,False,1,1
q4_0007_P4_diagnostic_v1_grid_v1/state=2/planner=q4_active,q4_active,certified_completion_cost,0,0,0,0,0,0,0,,,0,0
q4_0007_P4_diagnostic_v1_grid_v1/state=2/planner=q4_active,q4_active,estimated_completion_cost,0,0,0,0,0,0,0,,,0,0
q4_0007_P4_diagnostic_v1_grid_v1/state=3/planner=q4_active,q4_active,D_worst,15,105,0,0,0,0,105,True,False,1,15
q4_0007_P4_diagnostic_v1_grid_v1/state=3/planner=q4_active,q4_active,R_worst,15,105,0,0,0,0,105,True,False,1,15
q4_0007_P4_diagnostic_v1_grid_v1/state=3/planner=q4_active,q4_active,G_worst,15,105,0,0,0,0,105,True,False,1,15
q4_0007_P4_diagnostic_v1_grid_v1/state=3/planner=q4_active,q4_active,sampled_cert_score,15,105,52,21,0,0,32,False,False,1,1
q4_0007_P4_diagnostic_v1_grid_v1/state=3/planner=q4_active,q4_active,certified_completion_cost,0,0,0,0,0,0,0,,,0,0
q4_0007_P4_diagnostic_v1_grid_v1/state=3/planner=q4_active,q4_active,estimated_completion_cost,0,0,0,0,0,0,0,,,0,0
q4_0007_P4_diagnostic_v1_grid_v1/state=4/planner=diagnostic_v1,diagnostic_v1,D_worst,4,6,0,0,0,0,6,True,False,1,4
q4_0007_P4_diagnostic_v1_grid_v1/state=4/planner=diagnostic_v1,diagnostic_v1,R_worst,4,6,0,0,0,0,6,True,False,1,4
q4_0007_P4_diagnostic_v1_grid_v1/state=4/planner=diagnostic_v1,diagnostic_v1,G_worst,4,6,0,0,0,0,6,True,False,1,4
q4_0007_P4_diagnostic_v1_grid_v1/state=4/planner=diagnostic_v1,diagnostic_v1,sampled_cert_score,4,6,0,0,0,0,6,True,False,1,4
q4_0007_P4_diagnostic_v1_grid_v1/state=4/planner=diagnostic_v1,diagnostic_v1,certified_completion_cost,0,0,0,0,0,0,0,,,0,0
q4_0007_P4_diagnostic_v1_grid_v1/state=4/planner=diagnostic_v1,diagnostic_v1,estimated_completion_cost,4,6,6,0,0,0,0,True,True,1,1
q4_0007_P4_diagnostic_v1_grid_v1/state=5/planner=diagnostic_v1,diagnostic_v1,D_worst,4,6,0,0,0,0,6,True,False,1,4
q4_0007_P4_diagnostic_v1_grid_v1/state=5/planner=diagnostic_v1,diagnostic_v1,R_worst,4,6,0,0,0,0,6,True,False,1,4
q4_0007_P4_diagnostic_v1_grid_v1/state=5/planner=diagnostic_v1,diagnostic_v1,G_worst,4,6,0,0,0,0,6,True,False,1,4
q4_0007_P4_diagnostic_v1_grid_v1/state=5/planner=diagnostic_v1,diagnostic_v1,sampled_cert_score,4,6,5,0,0,0,1,True,False,1,2
q4_0007_P4_diagnostic_v1_grid_v1/state=5/planner=diagnostic_v1,diagnostic_v1,certified_completion_cost,0,0,0,0,0,0,0,,,0,0
q4_0007_P4_diagnostic_v1_grid_v1/state=5/planner=diagnostic_v1,diagnostic_v1,estimated_completion_cost,4,6,6,0,0,0,0,True,True,1,1
q4_0007_P4_diagnostic_v1_grid_v1/state=6/planner=diagnostic_v1,diagnostic_v1,D_worst,4,6,0,0,0,0,6,True,False,1,4
q4_0007_P4_diagnostic_v1_grid_v1/state=6/planner=diagnostic_v1,diagnostic_v1,R_worst,4,6,0,0,0,0,6,True,False,1,4
q4_0007_P4_diagnostic_v1_grid_v1/state=6/planner=diagnostic_v1,diagnostic_v1,G_worst,4,6,0,0,0,0,6,True,False,1,4
q4_0007_P4_diagnostic_v1_grid_v1/state=6/planner=diagnostic_v1,diagnostic_v1,sampled_cert_score,4,6,6,0,0,0,0,True,True,1,1
q4_0007_P4_diagnostic_v1_grid_v1/state=6/planner=diagnostic_v1,diagnostic_v1,certified_completion_cost,0,0,0,0,0,0,0,,,0,0
q4_0007_P4_diagnostic_v1_grid_v1/state=6/planner=diagnostic_v1,diagnostic_v1,estimated_completion_cost,4,6,6,0,0,0,0,True,True,1,1
q4_0007_P4_diagnostic_v1_grid_v1/state=7/planner=q4_active,q4_active,D_worst,15,105,0,0,0,0,105,True,False,1,15
q4_0007_P4_diagnostic_v1_grid_v1/state=7/planner=q4_active,q4_active,R_worst,15,105,0,0,0,0,105,True,False,1,15
q4_0007_P4_diagnostic_v1_grid_v1/state=7/planner=q4_active,q4_active,G_worst,15,105,0,0,0,0,105,True,False,1,15
q4_0007_P4_diagnostic_v1_grid_v1/state=7/planner=q4_active,q4_active,sampled_cert_score,15,105,66,8,0,0,31,True,False,1,6
q4_0007_P4_diagnostic_v1_grid_v1/state=7/planner=q4_active,q4_active,certified_completion_cost,0,0,0,0,0,0,0,,,0,0
q4_0007_P4_diagnostic_v1_grid_v1/state=7/planner=q4_active,q4_active,estimated_completion_cost,0,0,0,0,0,0,0,,,0,0
q4_0007_P4_diagnostic_v1_grid_v1/state=8/planner=q4_active,q4_active,D_worst,15,105,1,13,0,0,91,False,False,1,1
q4_0007_P4_diagnostic_v1_grid_v1/state=8/planner=q4_active,q4_active,R_worst,15,105,1,13,0,0,91,False,False,1,1
q4_0007_P4_diagnostic_v1_grid_v1/state=8/planner=q4_active,q4_active,G_worst,15,105,1,13,0,0,91,False,False,1,1
q4_0007_P4_diagnostic_v1_grid_v1/state=8/planner=q4_active,q4_active,sampled_cert_score,15,105,85,16,0,0,4,True,True,1,1
q4_0007_P4_diagnostic_v1_grid_v1/state=8/planner=q4_active,q4_active,certified_completion_cost,0,0,0,0,0,0,0,,,0,0
q4_0007_P4_diagnostic_v1_grid_v1/state=8/planner=q4_active,q4_active,estimated_completion_cost,0,0,0,0,0,0,0,,,0,0
q4_0007_P4_diagnostic_v1_grid_v1/state=9/planner=q4_active,q4_active,D_worst,14,91,0,0,6,0,85,True,False,1,14
q4_0007_P4_diagnostic_v1_grid_v1/state=9/planner=q4_active,q4_active,R_worst,14,91,0,0,6,0,85,True,False,1,14
q4_0007_P4_diagnostic_v1_grid_v1/state=9/planner=q4_active,q4_active,G_worst,14,91,0,0,6,0,85,True,False,1,14
q4_0007_P4_diagnostic_v1_grid_v1/state=9/planner=q4_active,q4_active,sampled_cert_score,14,91,75,3,6,0,7,False,False,1,1
q4_0007_P4_diagnostic_v1_grid_v1/state=9/planner=q4_active,q4_active,certified_completion_cost,0,0,0,0,0,0,0,,,0,0
q4_0007_P4_diagnostic_v1_grid_v1/state=9/planner=q4_active,q4_active,estimated_completion_cost,0,0,0,0,0,0,0,,,0,0
q4_0007_P4_diagnostic_v1_grid_v1/state=10/planner=q4_active,q4_active,D_worst,15,105,0,0,0,0,105,True,False,1,15
q4_0007_P4_diagnostic_v1_grid_v1/state=10/planner=q4_active,q4_active,R_worst,15,105,0,0,0,0,105,True,False,1,15
q4_0007_P4_diagnostic_v1_grid_v1/state=10/planner=q4_active,q4_active,G_worst,15,105,0,0,0,0,105,True,False,1,15
q4_0007_P4_diagnostic_v1_grid_v1/state=10/planner=q4_active,q4_active,sampled_cert_score,15,105,56,25,0,0,24,True,True,1,1
q4_0007_P4_diagnostic_v1_grid_v1/state=10/planner=q4_active,q4_active,certified_completion_cost,0,0,0,0,0,0,0,,,0,0
q4_0007_P4_diagnostic_v1_grid_v1/state=10/planner=q4_active,q4_active,estimated_completion_cost,0,0,0,0,0,0,0,,,0,0
q4_0007_P4_diagnostic_v1_grid_v1/state=11/planner=diagnostic_v1,diagnostic_v1,D_worst,4,6,0,0,0,0,6,True,False,1,4
q4_0007_P4_diagnostic_v1_grid_v1/state=11/planner=diagnostic_v1,diagnostic_v1,R_worst,4,6,0,0,0,0,6,True,False,1,4
q4_0007_P4_diagnostic_v1_grid_v1/state=11/planner=diagnostic_v1,diagnostic_v1,G_worst,4,6,0,0,0,0,6,True,False,1,4
q4_0007_P4_diagnostic_v1_grid_v1/state=11/planner=diagnostic_v1,diagnostic_v1,sampled_cert_score,4,6,0,0,0,0,6,True,False,1,4
q4_0007_P4_diagnostic_v1_grid_v1/state=11/planner=diagnostic_v1,diagnostic_v1,certified_completion_cost,0,0,0,0,0,0,0,,,0,0
q4_0007_P4_diagnostic_v1_grid_v1/state=11/planner=diagnostic_v1,diagnostic_v1,estimated_completion_cost,4,6,6,0,0,0,0,True,True,1,1
q4_0007_P4_diagnostic_v1_grid_v1/state=12/planner=diagnostic_v1,diagnostic_v1,D_worst,4,6,6,0,0,0,0,True,True,1,1
q4_0007_P4_diagnostic_v1_grid_v1/state=12/planner=diagnostic_v1,diagnostic_v1,R_worst,4,6,6,0,0,0,0,True,True,1,1
q4_0007_P4_diagnostic_v1_grid_v1/state=12/planner=diagnostic_v1,diagnostic_v1,G_worst,4,6,6,0,0,0,0,True,True,1,1
q4_0007_P4_diagnostic_v1_grid_v1/state=12/planner=diagnostic_v1,diagnostic_v1,sampled_cert_score,4,6,3,0,0,0,3,True,False,1,3
q4_0007_P4_diagnostic_v1_grid_v1/state=12/planner=diagnostic_v1,diagnostic_v1,certified_completion_cost,0,0,0,0,0,0,0,,,0,0
q4_0007_P4_diagnostic_v1_grid_v1/state=12/planner=diagnostic_v1,diagnostic_v1,estimated_completion_cost,4,6,6,0,0,0,0,True,True,1,1
q4_0007_P4_diagnostic_v1_grid_v1/state=13/planner=diagnostic_v1,diagnostic_v1,D_worst,4,6,4,2,0,0,0,False,False,1,1
q4_0007_P4_diagnostic_v1_grid_v1/state=13/planner=diagnostic_v1,diagnostic_v1,R_worst,4,6,4,2,0,0,0,False,False,1,1
q4_0007_P4_diagnostic_v1_grid_v1/state=13/planner=diagnostic_v1,diagnostic_v1,G_worst,4,6,4,2,0,0,0,False,False,1,1
q4_0007_P4_diagnostic_v1_grid_v1/state=13/planner=diagnostic_v1,diagnostic_v1,sampled_cert_score,4,6,3,0,0,0,3,True,False,1,3
q4_0007_P4_diagnostic_v1_grid_v1/state=13/planner=diagnostic_v1,diagnostic_v1,certified_completion_cost,0,0,0,0,0,0,0,,,0,0
q4_0007_P4_diagnostic_v1_grid_v1/state=13/planner=diagnostic_v1,diagnostic_v1,estimated_completion_cost,4,6,6,0,0,0,0,True,True,1,1
q4_0007_P4_diagnostic_v1_grid_v1/state=14/planner=q4_active,q4_active,D_worst,15,105,0,0,0,0,105,True,False,1,15
q4_0007_P4_diagnostic_v1_grid_v1/state=14/planner=q4_active,q4_active,R_worst,15,105,0,0,0,0,105,True,False,1,15
q4_0007_P4_diagnostic_v1_grid_v1/state=14/planner=q4_active,q4_active,G_worst,15,105,0,0,0,0,105,True,False,1,15
q4_0007_P4_diagnostic_v1_grid_v1/state=14/planner=q4_active,q4_active,sampled_cert_score,15,105,69,18,0,0,18,True,False,1,4
q4_0007_P4_diagnostic_v1_grid_v1/state=14/planner=q4_active,q4_active,certified_completion_cost,0,0,0,0,0,0,0,,,0,0
q4_0007_P4_diagnostic_v1_grid_v1/state=14/planner=q4_active,q4_active,estimated_completion_cost,0,0,0,0,0,0,0,,,0,0
q4_0007_P4_diagnostic_v1_grid_v1/state=15/planner=q4_active,q4_active,D_worst,15,105,1,26,0,0,78,False,False,1,1
q4_0007_P4_diagnostic_v1_grid_v1/state=15/planner=q4_active,q4_active,R_worst,15,105,1,26,0,0,78,False,False,1,1
q4_0007_P4_diagnostic_v1_grid_v1/state=15/planner=q4_active,q4_active,G_worst,15,105,1,26,0,0,78,False,False,1,1
q4_0007_P4_diagnostic_v1_grid_v1/state=15/planner=q4_active,q4_active,sampled_cert_score,15,105,78,18,0,0,9,False,False,1,4
q4_0007_P4_diagnostic_v1_grid_v1/state=15/planner=q4_active,q4_active,certified_completion_cost,0,0,0,0,0,0,0,,,0,0
q4_0007_P4_diagnostic_v1_grid_v1/state=15/planner=q4_active,q4_active,estimated_completion_cost,0,0,0,0,0,0,0,,,0,0
q4_0007_P4_diagnostic_v1_grid_v1/state=16/planner=q4_active,q4_active,D_worst,15,105,0,0,0,0,105,True,False,1,15
q4_0007_P4_diagnostic_v1_grid_v1/state=16/planner=q4_active,q4_active,R_worst,15,105,0,0,0,0,105,True,False,1,15
q4_0007_P4_diagnostic_v1_grid_v1/state=16/planner=q4_active,q4_active,G_worst,15,105,0,0,0,0,105,True,False,1,15
q4_0007_P4_diagnostic_v1_grid_v1/state=16/planner=q4_active,q4_active,sampled_cert_score,15,105,58,15,0,0,32,False,False,1,1
q4_0007_P4_diagnostic_v1_grid_v1/state=16/planner=q4_active,q4_active,certified_completion_cost,0,0,0,0,0,0,0,,,0,0
q4_0007_P4_diagnostic_v1_grid_v1/state=16/planner=q4_active,q4_active,estimated_completion_cost,0,0,0,0,0,0,0,,,0,0
q4_0007_P4_diagnostic_v1_grid_v1/state=17/planner=q4_active,q4_active,D_worst,15,105,0,0,0,0,105,True,False,1,15
q4_0007_P4_diagnostic_v1_grid_v1/state=17/planner=q4_active,q4_active,R_worst,15,105,0,0,0,0,105,True,False,1,15
q4_0007_P4_diagnostic_v1_grid_v1/state=17/planner=q4_active,q4_active,G_worst,15,105,0,0,0,0,105,True,False,1,15
q4_0007_P4_diagnostic_v1_grid_v1/state=17/planner=q4_active,q4_active,sampled_cert_score,15,105,74,13,0,0,18,False,False,1,1
q4_0007_P4_diagnostic_v1_grid_v1/state=17/planner=q4_active,q4_active,certified_completion_cost,0,0,0,0,0,0,0,,,0,0
q4_0007_P4_diagnostic_v1_grid_v1/state=17/planner=q4_active,q4_active,estimated_completion_cost,0,0,0,0,0,0,0,,,0,0
q4_0007_P4_diagnostic_v1_grid_v1/state=18/planner=q4_active,q4_active,D_worst,15,105,4,35,0,0,66,False,False,1,1
q4_0007_P4_diagnostic_v1_grid_v1/state=18/planner=q4_active,q4_active,R_worst,15,105,4,35,0,0,66,False,False,1,1
q4_0007_P4_diagnostic_v1_grid_v1/state=18/planner=q4_active,q4_active,G_worst,15,105,4,34,0,0,67,False,False,1,2
q4_0007_P4_diagnostic_v1_grid_v1/state=18/planner=q4_active,q4_active,sampled_cert_score,15,105,49,14,0,0,42,True,False,1,9
q4_0007_P4_diagnostic_v1_grid_v1/state=18/planner=q4_active,q4_active,certified_completion_cost,2,1,0,1,0,0,0,False,False,1,1
q4_0007_P4_diagnostic_v1_grid_v1/state=18/planner=q4_active,q4_active,estimated_completion_cost,0,0,0,0,0,0,0,,,0,0
q4_0007_P4_diagnostic_v1_grid_v1/state=19/planner=q4_active,q4_active,D_worst,14,91,2,11,6,0,72,False,False,1,1
q4_0007_P4_diagnostic_v1_grid_v1/state=19/planner=q4_active,q4_active,R_worst,14,91,2,11,6,0,72,False,False,1,1
q4_0007_P4_diagnostic_v1_grid_v1/state=19/planner=q4_active,q4_active,G_worst,14,91,2,11,6,0,72,False,False,1,1
q4_0007_P4_diagnostic_v1_grid_v1/state=19/planner=q4_active,q4_active,sampled_cert_score,14,91,52,26,6,0,7,True,True,1,1
q4_0007_P4_diagnostic_v1_grid_v1/state=19/planner=q4_active,q4_active,certified_completion_cost,0,0,0,0,0,0,0,,,0,0
q4_0007_P4_diagnostic_v1_grid_v1/state=19/planner=q4_active,q4_active,estimated_completion_cost,0,0,0,0,0,0,0,,,0,0
q4_0007_P4_diagnostic_v1_grid_v1/state=20/planner=q4_active,q4_active,D_worst,15,105,0,0,0,0,105,True,False,1,15
q4_0007_P4_diagnostic_v1_grid_v1/state=20/planner=q4_active,q4_active,R_worst,15,105,0,0,0,0,105,True,False,1,15
q4_0007_P4_diagnostic_v1_grid_v1/state=20/planner=q4_active,q4_active,G_worst,15,105,0,0,0,0,105,True,False,1,15
q4_0007_P4_diagnostic_v1_grid_v1/state=20/planner=q4_active,q4_active,sampled_cert_score,15,105,71,32,0,0,2,True,False,1,2
q4_0007_P4_diagnostic_v1_grid_v1/state=20/planner=q4_active,q4_active,certified_completion_cost,0,0,0,0,0,0,0,,,0,0
q4_0007_P4_diagnostic_v1_grid_v1/state=20/planner=q4_active,q4_active,estimated_completion_cost,0,0,0,0,0,0,0,,,0,0
q4_0007_P4_diagnostic_v1_grid_v1/state=21/planner=q4_active,q4_active,D_worst,15,105,14,0,0,0,91,True,True,1,1
q4_0007_P4_diagnostic_v1_grid_v1/state=21/planner=q4_active,q4_active,R_worst,15,105,14,0,0,0,91,True,True,1,1
q4_0007_P4_diagnostic_v1_grid_v1/state=21/planner=q4_active,q4_active,G_worst,15,105,14,0,0,0,91,True,True,1,1
q4_0007_P4_diagnostic_v1_grid_v1/state=21/planner=q4_active,q4_active,sampled_cert_score,15,105,52,31,0,0,22,False,False,1,1
q4_0007_P4_diagnostic_v1_grid_v1/state=21/planner=q4_active,q4_active,certified_completion_cost,0,0,0,0,0,0,0,,,0,0
q4_0007_P4_diagnostic_v1_grid_v1/state=21/planner=q4_active,q4_active,estimated_completion_cost,0,0,0,0,0,0,0,,,0,0
q4_0007_P4_diagnostic_v1_grid_v1/state=22/planner=q4_active,q4_active,D_worst,15,105,47,13,3,0,42,False,False,1,1
q4_0007_P4_diagnostic_v1_grid_v1/state=22/planner=q4_active,q4_active,R_worst,15,105,47,13,3,0,42,False,False,1,1
q4_0007_P4_diagnostic_v1_grid_v1/state=22/planner=q4_active,q4_active,G_worst,15,105,41,13,3,0,48,False,False,1,4
q4_0007_P4_diagnostic_v1_grid_v1/state=22/planner=q4_active,q4_active,sampled_cert_score,15,105,73,17,1,2,12,False,False,1,4
q4_0007_P4_diagnostic_v1_grid_v1/state=22/planner=q4_active,q4_active,certified_completion_cost,4,6,4,2,0,0,0,True,True,1,1
q4_0007_P4_diagnostic_v1_grid_v1/state=22/planner=q4_active,q4_active,estimated_completion_cost,0,0,0,0,0,0,0,,,0,0
q4_0007_P4_diagnostic_v1_grid_v1_nccp/state=0/planner=q4_active,q4_active,D_worst,15,105,4,23,0,0,78,False,False,1,1
q4_0007_P4_diagnostic_v1_grid_v1_nccp/state=0/planner=q4_active,q4_active,R_worst,15,105,4,23,0,0,78,False,False,1,1
q4_0007_P4_diagnostic_v1_grid_v1_nccp/state=0/planner=q4_active,q4_active,G_worst,15,105,4,23,0,0,78,False,False,1,1
q4_0007_P4_diagnostic_v1_grid_v1_nccp/state=0/planner=q4_active,q4_active,sampled_cert_score,15,105,51,31,0,0,23,False,False,1,2
q4_0007_P4_diagnostic_v1_grid_v1_nccp/state=0/planner=q4_active,q4_active,certified_completion_cost,0,0,0,0,0,0,0,,,0,0
q4_0007_P4_diagnostic_v1_grid_v1_nccp/state=0/planner=q4_active,q4_active,estimated_completion_cost,0,0,0,0,0,0,0,,,0,0
q4_0007_P4_diagnostic_v1_grid_v1_nccp/state=1/planner=q4_active,q4_active,D_worst,14,91,0,0,0,0,91,True,False,1,14
q4_0007_P4_diagnostic_v1_grid_v1_nccp/state=1/planner=q4_active,q4_active,R_worst,14,91,0,0,0,0,91,True,False,1,14
q4_0007_P4_diagnostic_v1_grid_v1_nccp/state=1/planner=q4_active,q4_active,G_worst,14,91,0,0,0,0,91,True,False,1,14
q4_0007_P4_diagnostic_v1_grid_v1_nccp/state=1/planner=q4_active,q4_active,sampled_cert_score,14,91,69,13,0,0,9,False,False,1,1
q4_0007_P4_diagnostic_v1_grid_v1_nccp/state=1/planner=q4_active,q4_active,certified_completion_cost,0,0,0,0,0,0,0,,,0,0
q4_0007_P4_diagnostic_v1_grid_v1_nccp/state=1/planner=q4_active,q4_active,estimated_completion_cost,0,0,0,0,0,0,0,,,0,0
q4_0007_P4_diagnostic_v1_grid_v1_nccp/state=2/planner=q4_active,q4_active,D_worst,14,91,0,0,10,0,81,True,False,1,14
q4_0007_P4_diagnostic_v1_grid_v1_nccp/state=2/planner=q4_active,q4_active,R_worst,14,91,0,0,10,0,81,True,False,1,14
q4_0007_P4_diagnostic_v1_grid_v1_nccp/state=2/planner=q4_active,q4_active,G_worst,14,91,0,0,10,0,81,True,False,1,14
q4_0007_P4_diagnostic_v1_grid_v1_nccp/state=2/planner=q4_active,q4_active,sampled_cert_score,14,91,60,10,10,0,11,False,False,1,1
q4_0007_P4_diagnostic_v1_grid_v1_nccp/state=2/planner=q4_active,q4_active,certified_completion_cost,0,0,0,0,0,0,0,,,0,0
q4_0007_P4_diagnostic_v1_grid_v1_nccp/state=2/planner=q4_active,q4_active,estimated_completion_cost,0,0,0,0,0,0,0,,,0,0
q4_0007_P4_diagnostic_v1_grid_v1_nccp/state=3/planner=q4_active,q4_active,D_worst,15,105,0,0,0,0,105,True,False,1,15
q4_0007_P4_diagnostic_v1_grid_v1_nccp/state=3/planner=q4_active,q4_active,R_worst,15,105,0,0,0,0,105,True,False,1,15
q4_0007_P4_diagnostic_v1_grid_v1_nccp/state=3/planner=q4_active,q4_active,G_worst,15,105,0,0,0,0,105,True,False,1,15
q4_0007_P4_diagnostic_v1_grid_v1_nccp/state=3/planner=q4_active,q4_active,sampled_cert_score,15,105,54,19,0,0,32,False,False,1,1
q4_0007_P4_diagnostic_v1_grid_v1_nccp/state=3/planner=q4_active,q4_active,certified_completion_cost,0,0,0,0,0,0,0,,,0,0
q4_0007_P4_diagnostic_v1_grid_v1_nccp/state=3/planner=q4_active,q4_active,estimated_completion_cost,0,0,0,0,0,0,0,,,0,0
q4_0007_P4_diagnostic_v1_grid_v1_nccp/state=4/planner=diagnostic_v1,diagnostic_v1,D_worst,4,6,0,0,0,0,6,True,False,1,4
q4_0007_P4_diagnostic_v1_grid_v1_nccp/state=4/planner=diagnostic_v1,diagnostic_v1,R_worst,4,6,0,0,0,0,6,True,False,1,4
q4_0007_P4_diagnostic_v1_grid_v1_nccp/state=4/planner=diagnostic_v1,diagnostic_v1,G_worst,4,6,0,0,0,0,6,True,False,1,4
q4_0007_P4_diagnostic_v1_grid_v1_nccp/state=4/planner=diagnostic_v1,diagnostic_v1,sampled_cert_score,4,6,0,0,0,0,6,True,False,1,4
q4_0007_P4_diagnostic_v1_grid_v1_nccp/state=4/planner=diagnostic_v1,diagnostic_v1,certified_completion_cost,0,0,0,0,0,0,0,,,0,0
q4_0007_P4_diagnostic_v1_grid_v1_nccp/state=4/planner=diagnostic_v1,diagnostic_v1,estimated_completion_cost,4,6,6,0,0,0,0,True,True,1,1
q4_0007_P4_diagnostic_v1_grid_v1_nccp/state=5/planner=diagnostic_v1,diagnostic_v1,D_worst,4,6,0,0,0,0,6,True,False,1,4
q4_0007_P4_diagnostic_v1_grid_v1_nccp/state=5/planner=diagnostic_v1,diagnostic_v1,R_worst,4,6,0,0,0,0,6,True,False,1,4
q4_0007_P4_diagnostic_v1_grid_v1_nccp/state=5/planner=diagnostic_v1,diagnostic_v1,G_worst,4,6,0,0,0,0,6,True,False,1,4
q4_0007_P4_diagnostic_v1_grid_v1_nccp/state=5/planner=diagnostic_v1,diagnostic_v1,sampled_cert_score,4,6,5,0,0,0,1,True,False,1,2
q4_0007_P4_diagnostic_v1_grid_v1_nccp/state=5/planner=diagnostic_v1,diagnostic_v1,certified_completion_cost,0,0,0,0,0,0,0,,,0,0
q4_0007_P4_diagnostic_v1_grid_v1_nccp/state=5/planner=diagnostic_v1,diagnostic_v1,estimated_completion_cost,4,6,6,0,0,0,0,True,True,1,1
q4_0007_P4_diagnostic_v1_grid_v1_nccp/state=6/planner=diagnostic_v1,diagnostic_v1,D_worst,4,6,0,0,0,0,6,True,False,1,4
q4_0007_P4_diagnostic_v1_grid_v1_nccp/state=6/planner=diagnostic_v1,diagnostic_v1,R_worst,4,6,0,0,0,0,6,True,False,1,4
q4_0007_P4_diagnostic_v1_grid_v1_nccp/state=6/planner=diagnostic_v1,diagnostic_v1,G_worst,4,6,0,0,0,0,6,True,False,1,4
q4_0007_P4_diagnostic_v1_grid_v1_nccp/state=6/planner=diagnostic_v1,diagnostic_v1,sampled_cert_score,4,6,6,0,0,0,0,True,True,1,1
q4_0007_P4_diagnostic_v1_grid_v1_nccp/state=6/planner=diagnostic_v1,diagnostic_v1,certified_completion_cost,0,0,0,0,0,0,0,,,0,0
q4_0007_P4_diagnostic_v1_grid_v1_nccp/state=6/planner=diagnostic_v1,diagnostic_v1,estimated_completion_cost,4,6,6,0,0,0,0,True,True,1,1
q4_0007_P4_diagnostic_v1_grid_v1_nccp/state=7/planner=q4_active,q4_active,D_worst,15,105,0,0,0,0,105,True,False,1,15
q4_0007_P4_diagnostic_v1_grid_v1_nccp/state=7/planner=q4_active,q4_active,R_worst,15,105,0,0,0,0,105,True,False,1,15
q4_0007_P4_diagnostic_v1_grid_v1_nccp/state=7/planner=q4_active,q4_active,G_worst,15,105,0,0,0,0,105,True,False,1,15
q4_0007_P4_diagnostic_v1_grid_v1_nccp/state=7/planner=q4_active,q4_active,sampled_cert_score,15,105,66,8,0,0,31,True,False,1,6
q4_0007_P4_diagnostic_v1_grid_v1_nccp/state=7/planner=q4_active,q4_active,certified_completion_cost,0,0,0,0,0,0,0,,,0,0
q4_0007_P4_diagnostic_v1_grid_v1_nccp/state=7/planner=q4_active,q4_active,estimated_completion_cost,0,0,0,0,0,0,0,,,0,0
q4_0007_P4_diagnostic_v1_grid_v1_nccp/state=8/planner=q4_active,q4_active,D_worst,15,105,1,13,0,0,91,False,False,1,1
q4_0007_P4_diagnostic_v1_grid_v1_nccp/state=8/planner=q4_active,q4_active,R_worst,15,105,1,13,0,0,91,False,False,1,1
q4_0007_P4_diagnostic_v1_grid_v1_nccp/state=8/planner=q4_active,q4_active,G_worst,15,105,1,13,0,0,91,False,False,1,1
q4_0007_P4_diagnostic_v1_grid_v1_nccp/state=8/planner=q4_active,q4_active,sampled_cert_score,15,105,75,20,0,0,10,False,False,1,1
q4_0007_P4_diagnostic_v1_grid_v1_nccp/state=8/planner=q4_active,q4_active,certified_completion_cost,0,0,0,0,0,0,0,,,0,0
q4_0007_P4_diagnostic_v1_grid_v1_nccp/state=8/planner=q4_active,q4_active,estimated_completion_cost,0,0,0,0,0,0,0,,,0,0
q4_0007_P4_diagnostic_v1_grid_v1_nccp/state=9/planner=q4_active,q4_active,D_worst,14,91,0,0,6,0,85,True,False,1,14
q4_0007_P4_diagnostic_v1_grid_v1_nccp/state=9/planner=q4_active,q4_active,R_worst,14,91,0,0,6,0,85,True,False,1,14
q4_0007_P4_diagnostic_v1_grid_v1_nccp/state=9/planner=q4_active,q4_active,G_worst,14,91,0,0,6,0,85,True,False,1,14
q4_0007_P4_diagnostic_v1_grid_v1_nccp/state=9/planner=q4_active,q4_active,sampled_cert_score,14,91,77,0,6,0,8,True,False,1,3
q4_0007_P4_diagnostic_v1_grid_v1_nccp/state=9/planner=q4_active,q4_active,certified_completion_cost,0,0,0,0,0,0,0,,,0,0
q4_0007_P4_diagnostic_v1_grid_v1_nccp/state=9/planner=q4_active,q4_active,estimated_completion_cost,0,0,0,0,0,0,0,,,0,0
q4_0007_P4_diagnostic_v1_grid_v1_nccp/state=10/planner=q4_active,q4_active,D_worst,15,105,0,0,0,0,105,True,False,1,15
q4_0007_P4_diagnostic_v1_grid_v1_nccp/state=10/planner=q4_active,q4_active,R_worst,15,105,0,0,0,0,105,True,False,1,15
q4_0007_P4_diagnostic_v1_grid_v1_nccp/state=10/planner=q4_active,q4_active,G_worst,15,105,0,0,0,0,105,True,False,1,15
q4_0007_P4_diagnostic_v1_grid_v1_nccp/state=10/planner=q4_active,q4_active,sampled_cert_score,15,105,53,25,0,0,27,True,False,1,4
q4_0007_P4_diagnostic_v1_grid_v1_nccp/state=10/planner=q4_active,q4_active,certified_completion_cost,0,0,0,0,0,0,0,,,0,0
q4_0007_P4_diagnostic_v1_grid_v1_nccp/state=10/planner=q4_active,q4_active,estimated_completion_cost,0,0,0,0,0,0,0,,,0,0
q4_0007_P4_diagnostic_v1_grid_v1_nccp/state=11/planner=diagnostic_v1,diagnostic_v1,D_worst,4,6,0,0,0,0,6,True,False,1,4
q4_0007_P4_diagnostic_v1_grid_v1_nccp/state=11/planner=diagnostic_v1,diagnostic_v1,R_worst,4,6,0,0,0,0,6,True,False,1,4
q4_0007_P4_diagnostic_v1_grid_v1_nccp/state=11/planner=diagnostic_v1,diagnostic_v1,G_worst,4,6,0,0,0,0,6,True,False,1,4
q4_0007_P4_diagnostic_v1_grid_v1_nccp/state=11/planner=diagnostic_v1,diagnostic_v1,sampled_cert_score,4,6,0,0,0,0,6,True,False,1,4
q4_0007_P4_diagnostic_v1_grid_v1_nccp/state=11/planner=diagnostic_v1,diagnostic_v1,certified_completion_cost,0,0,0,0,0,0,0,,,0,0
q4_0007_P4_diagnostic_v1_grid_v1_nccp/state=11/planner=diagnostic_v1,diagnostic_v1,estimated_completion_cost,4,6,6,0,0,0,0,True,True,1,1
q4_0007_P4_diagnostic_v1_grid_v1_nccp/state=12/planner=diagnostic_v1,diagnostic_v1,D_worst,4,6,6,0,0,0,0,True,True,1,1
q4_0007_P4_diagnostic_v1_grid_v1_nccp/state=12/planner=diagnostic_v1,diagnostic_v1,R_worst,4,6,6,0,0,0,0,True,True,1,1
q4_0007_P4_diagnostic_v1_grid_v1_nccp/state=12/planner=diagnostic_v1,diagnostic_v1,G_worst,4,6,6,0,0,0,0,True,True,1,1
q4_0007_P4_diagnostic_v1_grid_v1_nccp/state=12/planner=diagnostic_v1,diagnostic_v1,sampled_cert_score,4,6,3,0,0,0,3,True,False,1,3
q4_0007_P4_diagnostic_v1_grid_v1_nccp/state=12/planner=diagnostic_v1,diagnostic_v1,certified_completion_cost,0,0,0,0,0,0,0,,,0,0
q4_0007_P4_diagnostic_v1_grid_v1_nccp/state=12/planner=diagnostic_v1,diagnostic_v1,estimated_completion_cost,4,6,6,0,0,0,0,True,True,1,1
q4_0007_P4_diagnostic_v1_grid_v1_nccp/state=13/planner=diagnostic_v1,diagnostic_v1,D_worst,4,6,3,3,0,0,0,False,False,1,1
q4_0007_P4_diagnostic_v1_grid_v1_nccp/state=13/planner=diagnostic_v1,diagnostic_v1,R_worst,4,6,3,3,0,0,0,False,False,1,1
q4_0007_P4_diagnostic_v1_grid_v1_nccp/state=13/planner=diagnostic_v1,diagnostic_v1,G_worst,4,6,3,3,0,0,0,False,False,1,1
q4_0007_P4_diagnostic_v1_grid_v1_nccp/state=13/planner=diagnostic_v1,diagnostic_v1,sampled_cert_score,4,6,3,0,0,0,3,True,False,1,3
q4_0007_P4_diagnostic_v1_grid_v1_nccp/state=13/planner=diagnostic_v1,diagnostic_v1,certified_completion_cost,0,0,0,0,0,0,0,,,0,0
q4_0007_P4_diagnostic_v1_grid_v1_nccp/state=13/planner=diagnostic_v1,diagnostic_v1,estimated_completion_cost,4,6,6,0,0,0,0,True,True,1,1
q4_0007_P4_diagnostic_v1_grid_v1_nccp/state=14/planner=q4_active,q4_active,D_worst,15,105,0,0,0,0,105,True,False,1,15
q4_0007_P4_diagnostic_v1_grid_v1_nccp/state=14/planner=q4_active,q4_active,R_worst,15,105,0,0,0,0,105,True,False,1,15
q4_0007_P4_diagnostic_v1_grid_v1_nccp/state=14/planner=q4_active,q4_active,G_worst,15,105,0,0,0,0,105,True,False,1,15
q4_0007_P4_diagnostic_v1_grid_v1_nccp/state=14/planner=q4_active,q4_active,sampled_cert_score,15,105,58,29,0,0,18,True,False,1,4
q4_0007_P4_diagnostic_v1_grid_v1_nccp/state=14/planner=q4_active,q4_active,certified_completion_cost,0,0,0,0,0,0,0,,,0,0
q4_0007_P4_diagnostic_v1_grid_v1_nccp/state=14/planner=q4_active,q4_active,estimated_completion_cost,0,0,0,0,0,0,0,,,0,0
q4_0007_P4_diagnostic_v1_grid_v1_nccp/state=15/planner=q4_active,q4_active,D_worst,15,105,1,26,0,0,78,False,False,1,1
q4_0007_P4_diagnostic_v1_grid_v1_nccp/state=15/planner=q4_active,q4_active,R_worst,15,105,1,26,0,0,78,False,False,1,1
q4_0007_P4_diagnostic_v1_grid_v1_nccp/state=15/planner=q4_active,q4_active,G_worst,15,105,1,26,0,0,78,False,False,1,1
q4_0007_P4_diagnostic_v1_grid_v1_nccp/state=15/planner=q4_active,q4_active,sampled_cert_score,15,105,77,13,0,0,15,True,False,1,6
q4_0007_P4_diagnostic_v1_grid_v1_nccp/state=15/planner=q4_active,q4_active,certified_completion_cost,0,0,0,0,0,0,0,,,0,0
q4_0007_P4_diagnostic_v1_grid_v1_nccp/state=15/planner=q4_active,q4_active,estimated_completion_cost,0,0,0,0,0,0,0,,,0,0
q4_0007_P4_diagnostic_v1_grid_v1_nccp/state=16/planner=q4_active,q4_active,D_worst,15,105,0,0,0,0,105,True,False,1,15
q4_0007_P4_diagnostic_v1_grid_v1_nccp/state=16/planner=q4_active,q4_active,R_worst,15,105,0,0,0,0,105,True,False,1,15
q4_0007_P4_diagnostic_v1_grid_v1_nccp/state=16/planner=q4_active,q4_active,G_worst,15,105,0,0,0,0,105,True,False,1,15
q4_0007_P4_diagnostic_v1_grid_v1_nccp/state=16/planner=q4_active,q4_active,sampled_cert_score,15,105,58,15,0,0,32,False,False,1,1
q4_0007_P4_diagnostic_v1_grid_v1_nccp/state=16/planner=q4_active,q4_active,certified_completion_cost,0,0,0,0,0,0,0,,,0,0
q4_0007_P4_diagnostic_v1_grid_v1_nccp/state=16/planner=q4_active,q4_active,estimated_completion_cost,0,0,0,0,0,0,0,,,0,0
q4_0007_P4_diagnostic_v1_grid_v1_nccp/state=17/planner=q4_active,q4_active,D_worst,15,105,0,0,0,0,105,True,False,1,15
q4_0007_P4_diagnostic_v1_grid_v1_nccp/state=17/planner=q4_active,q4_active,R_worst,15,105,0,0,0,0,105,True,False,1,15
q4_0007_P4_diagnostic_v1_grid_v1_nccp/state=17/planner=q4_active,q4_active,G_worst,15,105,0,0,0,0,105,True,False,1,15
q4_0007_P4_diagnostic_v1_grid_v1_nccp/state=17/planner=q4_active,q4_active,sampled_cert_score,15,105,74,13,0,0,18,False,False,1,1
q4_0007_P4_diagnostic_v1_grid_v1_nccp/state=17/planner=q4_active,q4_active,certified_completion_cost,0,0,0,0,0,0,0,,,0,0
q4_0007_P4_diagnostic_v1_grid_v1_nccp/state=17/planner=q4_active,q4_active,estimated_completion_cost,0,0,0,0,0,0,0,,,0,0
q4_0007_P4_diagnostic_v1_grid_v1_nccp/state=18/planner=q4_active,q4_active,D_worst,15,105,4,35,0,0,66,False,False,1,1
q4_0007_P4_diagnostic_v1_grid_v1_nccp/state=18/planner=q4_active,q4_active,R_worst,15,105,4,35,0,0,66,False,False,1,1
q4_0007_P4_diagnostic_v1_grid_v1_nccp/state=18/planner=q4_active,q4_active,G_worst,15,105,4,34,0,0,67,False,False,1,2
q4_0007_P4_diagnostic_v1_grid_v1_nccp/state=18/planner=q4_active,q4_active,sampled_cert_score,15,105,48,26,0,0,31,False,False,1,5
q4_0007_P4_diagnostic_v1_grid_v1_nccp/state=18/planner=q4_active,q4_active,certified_completion_cost,2,1,0,1,0,0,0,False,False,1,1
q4_0007_P4_diagnostic_v1_grid_v1_nccp/state=18/planner=q4_active,q4_active,estimated_completion_cost,0,0,0,0,0,0,0,,,0,0
q4_0007_P4_diagnostic_v1_grid_v1_nccp/state=19/planner=q4_active,q4_active,D_worst,14,91,2,11,6,0,72,False,False,1,1
q4_0007_P4_diagnostic_v1_grid_v1_nccp/state=19/planner=q4_active,q4_active,R_worst,14,91,2,11,6,0,72,False,False,1,1
q4_0007_P4_diagnostic_v1_grid_v1_nccp/state=19/planner=q4_active,q4_active,G_worst,14,91,2,11,6,0,72,False,False,1,1
q4_0007_P4_diagnostic_v1_grid_v1_nccp/state=19/planner=q4_active,q4_active,sampled_cert_score,14,91,60,14,6,0,11,True,True,1,1
q4_0007_P4_diagnostic_v1_grid_v1_nccp/state=19/planner=q4_active,q4_active,certified_completion_cost,0,0,0,0,0,0,0,,,0,0
q4_0007_P4_diagnostic_v1_grid_v1_nccp/state=19/planner=q4_active,q4_active,estimated_completion_cost,0,0,0,0,0,0,0,,,0,0
q4_0007_P4_diagnostic_v1_grid_v1_nccp/state=20/planner=q4_active,q4_active,D_worst,15,105,0,0,0,0,105,True,False,1,15
q4_0007_P4_diagnostic_v1_grid_v1_nccp/state=20/planner=q4_active,q4_active,R_worst,15,105,0,0,0,0,105,True,False,1,15
q4_0007_P4_diagnostic_v1_grid_v1_nccp/state=20/planner=q4_active,q4_active,G_worst,15,105,0,0,0,0,105,True,False,1,15
q4_0007_P4_diagnostic_v1_grid_v1_nccp/state=20/planner=q4_active,q4_active,sampled_cert_score,15,105,71,32,0,0,2,True,False,1,2
q4_0007_P4_diagnostic_v1_grid_v1_nccp/state=20/planner=q4_active,q4_active,certified_completion_cost,0,0,0,0,0,0,0,,,0,0
q4_0007_P4_diagnostic_v1_grid_v1_nccp/state=20/planner=q4_active,q4_active,estimated_completion_cost,0,0,0,0,0,0,0,,,0,0
q4_0007_P4_diagnostic_v1_grid_v1_nccp/state=21/planner=q4_active,q4_active,D_worst,15,105,14,0,0,0,91,True,True,1,1
q4_0007_P4_diagnostic_v1_grid_v1_nccp/state=21/planner=q4_active,q4_active,R_worst,15,105,14,0,0,0,91,True,True,1,1
q4_0007_P4_diagnostic_v1_grid_v1_nccp/state=21/planner=q4_active,q4_active,G_worst,15,105,14,0,0,0,91,True,True,1,1
q4_0007_P4_diagnostic_v1_grid_v1_nccp/state=21/planner=q4_active,q4_active,sampled_cert_score,15,105,52,31,0,0,22,False,False,1,1
q4_0007_P4_diagnostic_v1_grid_v1_nccp/state=21/planner=q4_active,q4_active,certified_completion_cost,0,0,0,0,0,0,0,,,0,0
q4_0007_P4_diagnostic_v1_grid_v1_nccp/state=21/planner=q4_active,q4_active,estimated_completion_cost,0,0,0,0,0,0,0,,,0,0
q4_0007_P4_diagnostic_v1_grid_v1_nccp/state=22/planner=q4_active,q4_active,D_worst,15,105,47,13,3,0,42,False,False,1,1
q4_0007_P4_diagnostic_v1_grid_v1_nccp/state=22/planner=q4_active,q4_active,R_worst,15,105,47,13,3,0,42,False,False,1,1
q4_0007_P4_diagnostic_v1_grid_v1_nccp/state=22/planner=q4_active,q4_active,G_worst,15,105,41,13,3,0,48,False,False,1,4
q4_0007_P4_diagnostic_v1_grid_v1_nccp/state=22/planner=q4_active,q4_active,sampled_cert_score,15,105,73,17,1,2,12,False,False,1,4
q4_0007_P4_diagnostic_v1_grid_v1_nccp/state=22/planner=q4_active,q4_active,certified_completion_cost,4,6,4,2,0,0,0,True,True,1,1
q4_0007_P4_diagnostic_v1_grid_v1_nccp/state=22/planner=q4_active,q4_active,estimated_completion_cost,0,0,0,0,0,0,0,,,0,0
q4_0042_P4_diagnostic_v1_grid_v1/state=0/planner=q4_active,q4_active,D_worst,15,105,0,0,0,0,105,True,False,1,15
q4_0042_P4_diagnostic_v1_grid_v1/state=0/planner=q4_active,q4_active,R_worst,15,105,0,0,0,0,105,True,False,1,15
q4_0042_P4_diagnostic_v1_grid_v1/state=0/planner=q4_active,q4_active,G_worst,15,105,0,0,0,0,105,True,False,1,15
q4_0042_P4_diagnostic_v1_grid_v1/state=0/planner=q4_active,q4_active,sampled_cert_score,15,105,34,10,0,0,61,True,False,1,11
q4_0042_P4_diagnostic_v1_grid_v1/state=0/planner=q4_active,q4_active,certified_completion_cost,0,0,0,0,0,0,0,,,0,0
q4_0042_P4_diagnostic_v1_grid_v1/state=0/planner=q4_active,q4_active,estimated_completion_cost,0,0,0,0,0,0,0,,,0,0
q4_0042_P4_diagnostic_v1_grid_v1/state=1/planner=q4_active,q4_active,D_worst,15,105,39,11,0,0,55,False,False,1,1
q4_0042_P4_diagnostic_v1_grid_v1/state=1/planner=q4_active,q4_active,R_worst,15,105,39,11,0,0,55,False,False,1,1
q4_0042_P4_diagnostic_v1_grid_v1/state=1/planner=q4_active,q4_active,G_worst,15,105,39,11,0,0,55,False,False,1,1
q4_0042_P4_diagnostic_v1_grid_v1/state=1/planner=q4_active,q4_active,sampled_cert_score,15,105,74,16,0,0,15,True,False,1,3
q4_0042_P4_diagnostic_v1_grid_v1/state=1/planner=q4_active,q4_active,certified_completion_cost,0,0,0,0,0,0,0,,,0,0
q4_0042_P4_diagnostic_v1_grid_v1/state=1/planner=q4_active,q4_active,estimated_completion_cost,0,0,0,0,0,0,0,,,0,0
q4_0042_P4_diagnostic_v1_grid_v1/state=2/planner=diagnostic_v1,diagnostic_v1,D_worst,4,6,0,0,0,0,6,True,False,1,4
q4_0042_P4_diagnostic_v1_grid_v1/state=2/planner=diagnostic_v1,diagnostic_v1,R_worst,4,6,0,0,0,0,6,True,False,1,4
q4_0042_P4_diagnostic_v1_grid_v1/state=2/planner=diagnostic_v1,diagnostic_v1,G_worst,4,6,0,0,0,0,6,True,False,1,4
q4_0042_P4_diagnostic_v1_grid_v1/state=2/planner=diagnostic_v1,diagnostic_v1,sampled_cert_score,4,6,4,1,0,0,1,False,False,1,1
q4_0042_P4_diagnostic_v1_grid_v1/state=2/planner=diagnostic_v1,diagnostic_v1,certified_completion_cost,0,0,0,0,0,0,0,,,0,0
q4_0042_P4_diagnostic_v1_grid_v1/state=2/planner=diagnostic_v1,diagnostic_v1,estimated_completion_cost,4,6,6,0,0,0,0,True,True,1,1
q4_0042_P4_diagnostic_v1_grid_v1/state=3/planner=diagnostic_v1,diagnostic_v1,D_worst,4,6,0,0,0,0,6,True,False,1,4
q4_0042_P4_diagnostic_v1_grid_v1/state=3/planner=diagnostic_v1,diagnostic_v1,R_worst,4,6,0,0,0,0,6,True,False,1,4
q4_0042_P4_diagnostic_v1_grid_v1/state=3/planner=diagnostic_v1,diagnostic_v1,G_worst,4,6,0,0,0,0,6,True,False,1,4
q4_0042_P4_diagnostic_v1_grid_v1/state=3/planner=diagnostic_v1,diagnostic_v1,sampled_cert_score,4,6,6,0,0,0,0,True,True,1,1
q4_0042_P4_diagnostic_v1_grid_v1/state=3/planner=diagnostic_v1,diagnostic_v1,certified_completion_cost,0,0,0,0,0,0,0,,,0,0
q4_0042_P4_diagnostic_v1_grid_v1/state=3/planner=diagnostic_v1,diagnostic_v1,estimated_completion_cost,4,6,6,0,0,0,0,True,True,1,1
q4_0042_P4_diagnostic_v1_grid_v1/state=4/planner=diagnostic_v1,diagnostic_v1,D_worst,4,6,0,0,0,0,6,True,False,1,4
q4_0042_P4_diagnostic_v1_grid_v1/state=4/planner=diagnostic_v1,diagnostic_v1,R_worst,4,6,0,0,0,0,6,True,False,1,4
q4_0042_P4_diagnostic_v1_grid_v1/state=4/planner=diagnostic_v1,diagnostic_v1,G_worst,4,6,0,0,0,0,6,True,False,1,4
q4_0042_P4_diagnostic_v1_grid_v1/state=4/planner=diagnostic_v1,diagnostic_v1,sampled_cert_score,4,6,1,4,0,0,1,False,False,1,1
q4_0042_P4_diagnostic_v1_grid_v1/state=4/planner=diagnostic_v1,diagnostic_v1,certified_completion_cost,0,0,0,0,0,0,0,,,0,0
q4_0042_P4_diagnostic_v1_grid_v1/state=4/planner=diagnostic_v1,diagnostic_v1,estimated_completion_cost,4,6,6,0,0,0,0,True,True,1,1
q4_0042_P4_diagnostic_v1_grid_v1/state=5/planner=diagnostic_v1,diagnostic_v1,D_worst,4,6,0,0,0,0,6,True,False,1,4
q4_0042_P4_diagnostic_v1_grid_v1/state=5/planner=diagnostic_v1,diagnostic_v1,R_worst,4,6,0,0,0,0,6,True,False,1,4
q4_0042_P4_diagnostic_v1_grid_v1/state=5/planner=diagnostic_v1,diagnostic_v1,G_worst,4,6,0,0,0,0,6,True,False,1,4
q4_0042_P4_diagnostic_v1_grid_v1/state=5/planner=diagnostic_v1,diagnostic_v1,sampled_cert_score,4,6,2,1,0,0,3,False,False,1,1
q4_0042_P4_diagnostic_v1_grid_v1/state=5/planner=diagnostic_v1,diagnostic_v1,certified_completion_cost,0,0,0,0,0,0,0,,,0,0
q4_0042_P4_diagnostic_v1_grid_v1/state=5/planner=diagnostic_v1,diagnostic_v1,estimated_completion_cost,4,6,6,0,0,0,0,True,True,1,1
q4_0042_P4_diagnostic_v1_grid_v1/state=6/planner=diagnostic_v1,diagnostic_v1,D_worst,4,6,0,0,0,0,6,True,False,1,4
q4_0042_P4_diagnostic_v1_grid_v1/state=6/planner=diagnostic_v1,diagnostic_v1,R_worst,4,6,0,0,0,0,6,True,False,1,4
q4_0042_P4_diagnostic_v1_grid_v1/state=6/planner=diagnostic_v1,diagnostic_v1,G_worst,4,6,0,0,0,0,6,True,False,1,4
q4_0042_P4_diagnostic_v1_grid_v1/state=6/planner=diagnostic_v1,diagnostic_v1,sampled_cert_score,4,6,4,1,0,0,1,True,False,1,2
q4_0042_P4_diagnostic_v1_grid_v1/state=6/planner=diagnostic_v1,diagnostic_v1,certified_completion_cost,0,0,0,0,0,0,0,,,0,0
q4_0042_P4_diagnostic_v1_grid_v1/state=6/planner=diagnostic_v1,diagnostic_v1,estimated_completion_cost,4,6,5,1,0,0,0,True,True,1,1
q4_0042_P4_diagnostic_v1_grid_v1/state=7/planner=diagnostic_v1,diagnostic_v1,D_worst,4,6,0,0,0,0,6,True,False,1,4
q4_0042_P4_diagnostic_v1_grid_v1/state=7/planner=diagnostic_v1,diagnostic_v1,R_worst,4,6,0,0,0,0,6,True,False,1,4
q4_0042_P4_diagnostic_v1_grid_v1/state=7/planner=diagnostic_v1,diagnostic_v1,G_worst,4,6,0,0,0,0,6,True,False,1,4
q4_0042_P4_diagnostic_v1_grid_v1/state=7/planner=diagnostic_v1,diagnostic_v1,sampled_cert_score,4,6,2,1,0,0,3,True,False,1,3
q4_0042_P4_diagnostic_v1_grid_v1/state=7/planner=diagnostic_v1,diagnostic_v1,certified_completion_cost,0,0,0,0,0,0,0,,,0,0
q4_0042_P4_diagnostic_v1_grid_v1/state=7/planner=diagnostic_v1,diagnostic_v1,estimated_completion_cost,4,6,5,1,0,0,0,True,True,1,1
q4_0042_P4_diagnostic_v1_grid_v1/state=8/planner=diagnostic_v1,diagnostic_v1,D_worst,4,6,0,0,0,0,6,True,False,1,4
q4_0042_P4_diagnostic_v1_grid_v1/state=8/planner=diagnostic_v1,diagnostic_v1,R_worst,4,6,0,0,0,0,6,True,False,1,4
q4_0042_P4_diagnostic_v1_grid_v1/state=8/planner=diagnostic_v1,diagnostic_v1,G_worst,4,6,0,0,0,0,6,True,False,1,4
q4_0042_P4_diagnostic_v1_grid_v1/state=8/planner=diagnostic_v1,diagnostic_v1,sampled_cert_score,4,6,4,0,0,0,2,True,False,1,2
q4_0042_P4_diagnostic_v1_grid_v1/state=8/planner=diagnostic_v1,diagnostic_v1,certified_completion_cost,0,0,0,0,0,0,0,,,0,0
q4_0042_P4_diagnostic_v1_grid_v1/state=8/planner=diagnostic_v1,diagnostic_v1,estimated_completion_cost,4,6,6,0,0,0,0,True,True,1,1
q4_0042_P4_diagnostic_v1_grid_v1/state=9/planner=diagnostic_v1,diagnostic_v1,D_worst,4,6,5,0,0,0,1,True,True,1,1
q4_0042_P4_diagnostic_v1_grid_v1/state=9/planner=diagnostic_v1,diagnostic_v1,R_worst,4,6,5,0,0,0,1,True,True,1,1
q4_0042_P4_diagnostic_v1_grid_v1/state=9/planner=diagnostic_v1,diagnostic_v1,G_worst,4,6,4,0,0,0,2,True,False,1,2
q4_0042_P4_diagnostic_v1_grid_v1/state=9/planner=diagnostic_v1,diagnostic_v1,sampled_cert_score,4,6,4,1,0,0,1,True,False,1,2
q4_0042_P4_diagnostic_v1_grid_v1/state=9/planner=diagnostic_v1,diagnostic_v1,certified_completion_cost,2,1,1,0,0,0,0,True,True,1,1
q4_0042_P4_diagnostic_v1_grid_v1/state=9/planner=diagnostic_v1,diagnostic_v1,estimated_completion_cost,4,6,6,0,0,0,0,True,True,1,1
q4_0042_P4_diagnostic_v1_grid_v1/state=10/planner=q4_active,q4_active,D_worst,15,105,0,27,0,0,78,False,False,1,1
q4_0042_P4_diagnostic_v1_grid_v1/state=10/planner=q4_active,q4_active,R_worst,15,105,0,27,0,0,78,False,False,1,1
q4_0042_P4_diagnostic_v1_grid_v1/state=10/planner=q4_active,q4_active,G_worst,15,105,0,27,0,0,78,False,False,1,1
q4_0042_P4_diagnostic_v1_grid_v1/state=10/planner=q4_active,q4_active,sampled_cert_score,15,105,80,14,0,0,11,False,False,1,3
q4_0042_P4_diagnostic_v1_grid_v1/state=10/planner=q4_active,q4_active,certified_completion_cost,0,0,0,0,0,0,0,,,0,0
q4_0042_P4_diagnostic_v1_grid_v1/state=10/planner=q4_active,q4_active,estimated_completion_cost,0,0,0,0,0,0,0,,,0,0
q4_0042_P4_diagnostic_v1_grid_v1/state=11/planner=q4_active,q4_active,D_worst,15,105,46,4,0,0,55,False,False,1,1
q4_0042_P4_diagnostic_v1_grid_v1/state=11/planner=q4_active,q4_active,R_worst,15,105,46,4,0,0,55,False,False,1,1
q4_0042_P4_diagnostic_v1_grid_v1/state=11/planner=q4_active,q4_active,G_worst,15,105,46,4,0,0,55,False,False,1,1
q4_0042_P4_diagnostic_v1_grid_v1/state=11/planner=q4_active,q4_active,sampled_cert_score,15,105,75,17,0,0,13,False,False,1,1
q4_0042_P4_diagnostic_v1_grid_v1/state=11/planner=q4_active,q4_active,certified_completion_cost,0,0,0,0,0,0,0,,,0,0
q4_0042_P4_diagnostic_v1_grid_v1/state=11/planner=q4_active,q4_active,estimated_completion_cost,0,0,0,0,0,0,0,,,0,0
q4_0042_P4_diagnostic_v1_grid_v1/state=12/planner=q4_active,q4_active,D_worst,15,105,34,35,1,0,35,False,False,1,1
q4_0042_P4_diagnostic_v1_grid_v1/state=12/planner=q4_active,q4_active,R_worst,15,105,34,35,1,0,35,False,False,1,1
q4_0042_P4_diagnostic_v1_grid_v1/state=12/planner=q4_active,q4_active,G_worst,15,105,34,32,1,0,38,False,False,1,3
q4_0042_P4_diagnostic_v1_grid_v1/state=12/planner=q4_active,q4_active,sampled_cert_score,15,105,72,20,1,0,12,False,False,1,3
q4_0042_P4_diagnostic_v1_grid_v1/state=12/planner=q4_active,q4_active,certified_completion_cost,3,3,0,3,0,0,0,False,False,1,1
q4_0042_P4_diagnostic_v1_grid_v1/state=12/planner=q4_active,q4_active,estimated_completion_cost,0,0,0,0,0,0,0,,,0,0
q4_0042_P4_diagnostic_v1_grid_v1/state=13/planner=q4_active,q4_active,D_worst,15,105,0,0,21,0,84,True,False,1,15
q4_0042_P4_diagnostic_v1_grid_v1/state=13/planner=q4_active,q4_active,R_worst,15,105,0,0,21,0,84,True,False,1,15
q4_0042_P4_diagnostic_v1_grid_v1/state=13/planner=q4_active,q4_active,G_worst,15,105,0,0,21,0,84,True,False,1,15
q4_0042_P4_diagnostic_v1_grid_v1/state=13/planner=q4_active,q4_active,sampled_cert_score,15,105,64,3,21,0,17,False,False,1,1
q4_0042_P4_diagnostic_v1_grid_v1/state=13/planner=q4_active,q4_active,certified_completion_cost,0,0,0,0,0,0,0,,,0,0
q4_0042_P4_diagnostic_v1_grid_v1/state=13/planner=q4_active,q4_active,estimated_completion_cost,0,0,0,0,0,0,0,,,0,0
q4_0042_P4_diagnostic_v1_grid_v1/state=14/planner=q4_active,q4_active,D_worst,14,91,0,0,28,0,63,True,False,1,14
q4_0042_P4_diagnostic_v1_grid_v1/state=14/planner=q4_active,q4_active,R_worst,14,91,0,0,28,0,63,True,False,1,14
q4_0042_P4_diagnostic_v1_grid_v1/state=14/planner=q4_active,q4_active,G_worst,14,91,0,0,28,0,63,True,False,1,14
q4_0042_P4_diagnostic_v1_grid_v1/state=14/planner=q4_active,q4_active,sampled_cert_score,14,91,25,0,28,0,38,True,True,1,1
q4_0042_P4_diagnostic_v1_grid_v1/state=14/planner=q4_active,q4_active,certified_completion_cost,0,0,0,0,0,0,0,,,0,0
q4_0042_P4_diagnostic_v1_grid_v1/state=14/planner=q4_active,q4_active,estimated_completion_cost,0,0,0,0,0,0,0,,,0,0
q4_0042_P4_diagnostic_v1_grid_v1/state=15/planner=q4_active,q4_active,D_worst,15,105,7,32,0,0,66,False,False,1,1
q4_0042_P4_diagnostic_v1_grid_v1/state=15/planner=q4_active,q4_active,R_worst,15,105,7,32,0,0,66,False,False,1,1
q4_0042_P4_diagnostic_v1_grid_v1/state=15/planner=q4_active,q4_active,G_worst,15,105,7,32,0,0,66,False,False,1,1
q4_0042_P4_diagnostic_v1_grid_v1/state=15/planner=q4_active,q4_active,sampled_cert_score,15,105,85,12,0,0,8,False,False,1,1
q4_0042_P4_diagnostic_v1_grid_v1/state=15/planner=q4_active,q4_active,certified_completion_cost,0,0,0,0,0,0,0,,,0,0
q4_0042_P4_diagnostic_v1_grid_v1/state=15/planner=q4_active,q4_active,estimated_completion_cost,0,0,0,0,0,0,0,,,0,0
q4_0042_P4_diagnostic_v1_grid_v1/state=16/planner=q4_active,q4_active,D_worst,15,105,5,9,3,0,88,False,False,1,1
q4_0042_P4_diagnostic_v1_grid_v1/state=16/planner=q4_active,q4_active,R_worst,15,105,5,9,3,0,88,False,False,1,1
q4_0042_P4_diagnostic_v1_grid_v1/state=16/planner=q4_active,q4_active,G_worst,15,105,5,9,3,0,88,False,False,1,1
q4_0042_P4_diagnostic_v1_grid_v1/state=16/planner=q4_active,q4_active,sampled_cert_score,15,105,64,22,0,3,16,False,False,1,1
q4_0042_P4_diagnostic_v1_grid_v1/state=16/planner=q4_active,q4_active,certified_completion_cost,0,0,0,0,0,0,0,,,0,0
q4_0042_P4_diagnostic_v1_grid_v1/state=16/planner=q4_active,q4_active,estimated_completion_cost,0,0,0,0,0,0,0,,,0,0
q4_0042_P4_diagnostic_v1_grid_v1/state=17/planner=diagnostic_v1,diagnostic_v1,D_worst,4,6,0,0,0,0,6,True,False,1,4
q4_0042_P4_diagnostic_v1_grid_v1/state=17/planner=diagnostic_v1,diagnostic_v1,R_worst,4,6,0,0,0,0,6,True,False,1,4
q4_0042_P4_diagnostic_v1_grid_v1/state=17/planner=diagnostic_v1,diagnostic_v1,G_worst,4,6,0,0,0,0,6,True,False,1,4
q4_0042_P4_diagnostic_v1_grid_v1/state=17/planner=diagnostic_v1,diagnostic_v1,sampled_cert_score,4,6,2,1,0,0,3,False,False,1,1
q4_0042_P4_diagnostic_v1_grid_v1/state=17/planner=diagnostic_v1,diagnostic_v1,certified_completion_cost,0,0,0,0,0,0,0,,,0,0
q4_0042_P4_diagnostic_v1_grid_v1/state=17/planner=diagnostic_v1,diagnostic_v1,estimated_completion_cost,4,6,6,0,0,0,0,True,True,1,1
q4_0042_P4_diagnostic_v1_grid_v1/state=18/planner=diagnostic_v1,diagnostic_v1,D_worst,4,6,0,0,0,0,6,True,False,1,4
q4_0042_P4_diagnostic_v1_grid_v1/state=18/planner=diagnostic_v1,diagnostic_v1,R_worst,4,6,0,0,0,0,6,True,False,1,4
q4_0042_P4_diagnostic_v1_grid_v1/state=18/planner=diagnostic_v1,diagnostic_v1,G_worst,4,6,0,0,0,0,6,True,False,1,4
q4_0042_P4_diagnostic_v1_grid_v1/state=18/planner=diagnostic_v1,diagnostic_v1,sampled_cert_score,4,6,4,1,0,0,1,True,False,1,2
q4_0042_P4_diagnostic_v1_grid_v1/state=18/planner=diagnostic_v1,diagnostic_v1,certified_completion_cost,0,0,0,0,0,0,0,,,0,0
q4_0042_P4_diagnostic_v1_grid_v1/state=18/planner=diagnostic_v1,diagnostic_v1,estimated_completion_cost,4,6,6,0,0,0,0,True,True,1,1
q4_0042_P4_diagnostic_v1_grid_v1/state=19/planner=q4_active,q4_active,D_worst,15,105,0,0,15,0,90,True,False,1,15
q4_0042_P4_diagnostic_v1_grid_v1/state=19/planner=q4_active,q4_active,R_worst,15,105,0,0,15,0,90,True,False,1,15
q4_0042_P4_diagnostic_v1_grid_v1/state=19/planner=q4_active,q4_active,G_worst,15,105,0,0,15,0,90,True,False,1,15
q4_0042_P4_diagnostic_v1_grid_v1/state=19/planner=q4_active,q4_active,sampled_cert_score,15,105,56,9,15,0,25,False,False,1,2
q4_0042_P4_diagnostic_v1_grid_v1/state=19/planner=q4_active,q4_active,certified_completion_cost,0,0,0,0,0,0,0,,,0,0
q4_0042_P4_diagnostic_v1_grid_v1/state=19/planner=q4_active,q4_active,estimated_completion_cost,0,0,0,0,0,0,0,,,0,0
q4_0042_P4_diagnostic_v1_grid_v1/state=20/planner=q4_active,q4_active,D_worst,15,105,70,7,3,0,25,True,True,1,1
q4_0042_P4_diagnostic_v1_grid_v1/state=20/planner=q4_active,q4_active,R_worst,15,105,70,7,3,0,25,True,True,1,1
q4_0042_P4_diagnostic_v1_grid_v1/state=20/planner=q4_active,q4_active,G_worst,15,105,64,7,3,0,31,True,False,1,4
q4_0042_P4_diagnostic_v1_grid_v1/state=20/planner=q4_active,q4_active,sampled_cert_score,15,105,74,10,3,0,18,True,False,1,5
q4_0042_P4_diagnostic_v1_grid_v1/state=20/planner=q4_active,q4_active,certified_completion_cost,4,6,4,2,0,0,0,False,False,1,1
q4_0042_P4_diagnostic_v1_grid_v1/state=20/planner=q4_active,q4_active,estimated_completion_cost,0,0,0,0,0,0,0,,,0,0
q4_0042_P4_diagnostic_v1_grid_v1/state=21/planner=q4_active,q4_active,D_worst,15,105,0,0,0,0,105,True,False,1,15
q4_0042_P4_diagnostic_v1_grid_v1/state=21/planner=q4_active,q4_active,R_worst,15,105,0,0,0,0,105,True,False,1,15
q4_0042_P4_diagnostic_v1_grid_v1/state=21/planner=q4_active,q4_active,G_worst,15,105,0,0,0,0,105,True,False,1,15
q4_0042_P4_diagnostic_v1_grid_v1/state=21/planner=q4_active,q4_active,sampled_cert_score,15,105,43,7,0,0,55,False,False,1,1
q4_0042_P4_diagnostic_v1_grid_v1/state=21/planner=q4_active,q4_active,certified_completion_cost,0,0,0,0,0,0,0,,,0,0
q4_0042_P4_diagnostic_v1_grid_v1/state=21/planner=q4_active,q4_active,estimated_completion_cost,0,0,0,0,0,0,0,,,0,0
q4_0042_P4_diagnostic_v1_grid_v1/state=22/planner=diagnostic_v1,diagnostic_v1,D_worst,4,6,0,0,0,0,6,True,False,1,4
q4_0042_P4_diagnostic_v1_grid_v1/state=22/planner=diagnostic_v1,diagnostic_v1,R_worst,4,6,0,0,0,0,6,True,False,1,4
q4_0042_P4_diagnostic_v1_grid_v1/state=22/planner=diagnostic_v1,diagnostic_v1,G_worst,4,6,0,0,0,0,6,True,False,1,4
q4_0042_P4_diagnostic_v1_grid_v1/state=22/planner=diagnostic_v1,diagnostic_v1,sampled_cert_score,4,6,3,2,0,0,1,False,False,1,1
q4_0042_P4_diagnostic_v1_grid_v1/state=22/planner=diagnostic_v1,diagnostic_v1,certified_completion_cost,0,0,0,0,0,0,0,,,0,0
q4_0042_P4_diagnostic_v1_grid_v1/state=22/planner=diagnostic_v1,diagnostic_v1,estimated_completion_cost,4,6,4,2,0,0,0,False,False,1,1
q4_0042_P4_diagnostic_v1_grid_v1_nccp/state=0/planner=q4_active,q4_active,D_worst,15,105,0,0,0,0,105,True,False,1,15
q4_0042_P4_diagnostic_v1_grid_v1_nccp/state=0/planner=q4_active,q4_active,R_worst,15,105,0,0,0,0,105,True,False,1,15
q4_0042_P4_diagnostic_v1_grid_v1_nccp/state=0/planner=q4_active,q4_active,G_worst,15,105,0,0,0,0,105,True,False,1,15
q4_0042_P4_diagnostic_v1_grid_v1_nccp/state=0/planner=q4_active,q4_active,sampled_cert_score,15,105,34,10,0,0,61,True,False,1,11
q4_0042_P4_diagnostic_v1_grid_v1_nccp/state=0/planner=q4_active,q4_active,certified_completion_cost,0,0,0,0,0,0,0,,,0,0
q4_0042_P4_diagnostic_v1_grid_v1_nccp/state=0/planner=q4_active,q4_active,estimated_completion_cost,0,0,0,0,0,0,0,,,0,0
q4_0042_P4_diagnostic_v1_grid_v1_nccp/state=1/planner=q4_active,q4_active,D_worst,15,105,39,11,0,0,55,False,False,1,1
q4_0042_P4_diagnostic_v1_grid_v1_nccp/state=1/planner=q4_active,q4_active,R_worst,15,105,39,11,0,0,55,False,False,1,1
q4_0042_P4_diagnostic_v1_grid_v1_nccp/state=1/planner=q4_active,q4_active,G_worst,15,105,39,11,0,0,55,False,False,1,1
q4_0042_P4_diagnostic_v1_grid_v1_nccp/state=1/planner=q4_active,q4_active,sampled_cert_score,15,105,74,16,0,0,15,True,False,1,3
q4_0042_P4_diagnostic_v1_grid_v1_nccp/state=1/planner=q4_active,q4_active,certified_completion_cost,0,0,0,0,0,0,0,,,0,0
q4_0042_P4_diagnostic_v1_grid_v1_nccp/state=1/planner=q4_active,q4_active,estimated_completion_cost,0,0,0,0,0,0,0,,,0,0
q4_0042_P4_diagnostic_v1_grid_v1_nccp/state=2/planner=diagnostic_v1,diagnostic_v1,D_worst,4,6,0,0,0,0,6,True,False,1,4
q4_0042_P4_diagnostic_v1_grid_v1_nccp/state=2/planner=diagnostic_v1,diagnostic_v1,R_worst,4,6,0,0,0,0,6,True,False,1,4
q4_0042_P4_diagnostic_v1_grid_v1_nccp/state=2/planner=diagnostic_v1,diagnostic_v1,G_worst,4,6,0,0,0,0,6,True,False,1,4
q4_0042_P4_diagnostic_v1_grid_v1_nccp/state=2/planner=diagnostic_v1,diagnostic_v1,sampled_cert_score,4,6,4,1,0,0,1,False,False,1,1
q4_0042_P4_diagnostic_v1_grid_v1_nccp/state=2/planner=diagnostic_v1,diagnostic_v1,certified_completion_cost,0,0,0,0,0,0,0,,,0,0
q4_0042_P4_diagnostic_v1_grid_v1_nccp/state=2/planner=diagnostic_v1,diagnostic_v1,estimated_completion_cost,4,6,6,0,0,0,0,True,True,1,1
q4_0042_P4_diagnostic_v1_grid_v1_nccp/state=3/planner=diagnostic_v1,diagnostic_v1,D_worst,4,6,0,0,0,0,6,True,False,1,4
q4_0042_P4_diagnostic_v1_grid_v1_nccp/state=3/planner=diagnostic_v1,diagnostic_v1,R_worst,4,6,0,0,0,0,6,True,False,1,4
q4_0042_P4_diagnostic_v1_grid_v1_nccp/state=3/planner=diagnostic_v1,diagnostic_v1,G_worst,4,6,0,0,0,0,6,True,False,1,4
q4_0042_P4_diagnostic_v1_grid_v1_nccp/state=3/planner=diagnostic_v1,diagnostic_v1,sampled_cert_score,4,6,6,0,0,0,0,True,True,1,1
q4_0042_P4_diagnostic_v1_grid_v1_nccp/state=3/planner=diagnostic_v1,diagnostic_v1,certified_completion_cost,0,0,0,0,0,0,0,,,0,0
q4_0042_P4_diagnostic_v1_grid_v1_nccp/state=3/planner=diagnostic_v1,diagnostic_v1,estimated_completion_cost,4,6,6,0,0,0,0,True,True,1,1
q4_0042_P4_diagnostic_v1_grid_v1_nccp/state=4/planner=diagnostic_v1,diagnostic_v1,D_worst,4,6,0,0,0,0,6,True,False,1,4
q4_0042_P4_diagnostic_v1_grid_v1_nccp/state=4/planner=diagnostic_v1,diagnostic_v1,R_worst,4,6,0,0,0,0,6,True,False,1,4
q4_0042_P4_diagnostic_v1_grid_v1_nccp/state=4/planner=diagnostic_v1,diagnostic_v1,G_worst,4,6,0,0,0,0,6,True,False,1,4
q4_0042_P4_diagnostic_v1_grid_v1_nccp/state=4/planner=diagnostic_v1,diagnostic_v1,sampled_cert_score,4,6,1,4,0,0,1,False,False,1,1
q4_0042_P4_diagnostic_v1_grid_v1_nccp/state=4/planner=diagnostic_v1,diagnostic_v1,certified_completion_cost,0,0,0,0,0,0,0,,,0,0
q4_0042_P4_diagnostic_v1_grid_v1_nccp/state=4/planner=diagnostic_v1,diagnostic_v1,estimated_completion_cost,4,6,6,0,0,0,0,True,True,1,1
q4_0042_P4_diagnostic_v1_grid_v1_nccp/state=5/planner=diagnostic_v1,diagnostic_v1,D_worst,4,6,0,0,0,0,6,True,False,1,4
q4_0042_P4_diagnostic_v1_grid_v1_nccp/state=5/planner=diagnostic_v1,diagnostic_v1,R_worst,4,6,0,0,0,0,6,True,False,1,4
q4_0042_P4_diagnostic_v1_grid_v1_nccp/state=5/planner=diagnostic_v1,diagnostic_v1,G_worst,4,6,0,0,0,0,6,True,False,1,4
q4_0042_P4_diagnostic_v1_grid_v1_nccp/state=5/planner=diagnostic_v1,diagnostic_v1,sampled_cert_score,4,6,5,0,0,0,1,True,True,1,1
q4_0042_P4_diagnostic_v1_grid_v1_nccp/state=5/planner=diagnostic_v1,diagnostic_v1,certified_completion_cost,0,0,0,0,0,0,0,,,0,0
q4_0042_P4_diagnostic_v1_grid_v1_nccp/state=5/planner=diagnostic_v1,diagnostic_v1,estimated_completion_cost,4,6,6,0,0,0,0,True,True,1,1
q4_0042_P4_diagnostic_v1_grid_v1_nccp/state=6/planner=diagnostic_v1,diagnostic_v1,D_worst,4,6,3,0,0,0,3,True,True,1,1
q4_0042_P4_diagnostic_v1_grid_v1_nccp/state=6/planner=diagnostic_v1,diagnostic_v1,R_worst,4,6,3,0,0,0,3,True,True,1,1
q4_0042_P4_diagnostic_v1_grid_v1_nccp/state=6/planner=diagnostic_v1,diagnostic_v1,G_worst,4,6,3,0,0,0,3,True,True,1,1
q4_0042_P4_diagnostic_v1_grid_v1_nccp/state=6/planner=diagnostic_v1,diagnostic_v1,sampled_cert_score,4,6,5,0,0,0,1,True,False,1,2
q4_0042_P4_diagnostic_v1_grid_v1_nccp/state=6/planner=diagnostic_v1,diagnostic_v1,certified_completion_cost,1,0,0,0,0,0,0,True,True,1,1
q4_0042_P4_diagnostic_v1_grid_v1_nccp/state=6/planner=diagnostic_v1,diagnostic_v1,estimated_completion_cost,4,6,5,1,0,0,0,False,False,1,1
q4_0042_P4_diagnostic_v1_grid_v1_nccp/state=7/planner=diagnostic_v1,diagnostic_v1,D_worst,4,6,0,0,0,0,6,True,False,1,4
q4_0042_P4_diagnostic_v1_grid_v1_nccp/state=7/planner=diagnostic_v1,diagnostic_v1,R_worst,4,6,0,0,0,0,6,True,False,1,4
q4_0042_P4_diagnostic_v1_grid_v1_nccp/state=7/planner=diagnostic_v1,diagnostic_v1,G_worst,4,6,0,0,0,0,6,True,False,1,4
q4_0042_P4_diagnostic_v1_grid_v1_nccp/state=7/planner=diagnostic_v1,diagnostic_v1,sampled_cert_score,4,6,3,0,0,0,3,True,False,1,3
q4_0042_P4_diagnostic_v1_grid_v1_nccp/state=7/planner=diagnostic_v1,diagnostic_v1,certified_completion_cost,0,0,0,0,0,0,0,,,0,0
q4_0042_P4_diagnostic_v1_grid_v1_nccp/state=7/planner=diagnostic_v1,diagnostic_v1,estimated_completion_cost,4,6,6,0,0,0,0,True,True,1,1
q4_0042_P4_diagnostic_v1_grid_v1_nccp/state=8/planner=diagnostic_v1,diagnostic_v1,D_worst,4,6,0,0,0,0,6,True,False,1,4
q4_0042_P4_diagnostic_v1_grid_v1_nccp/state=8/planner=diagnostic_v1,diagnostic_v1,R_worst,4,6,0,0,0,0,6,True,False,1,4
q4_0042_P4_diagnostic_v1_grid_v1_nccp/state=8/planner=diagnostic_v1,diagnostic_v1,G_worst,4,6,0,0,0,0,6,True,False,1,4
q4_0042_P4_diagnostic_v1_grid_v1_nccp/state=8/planner=diagnostic_v1,diagnostic_v1,sampled_cert_score,4,6,4,0,0,0,2,True,False,1,2
q4_0042_P4_diagnostic_v1_grid_v1_nccp/state=8/planner=diagnostic_v1,diagnostic_v1,certified_completion_cost,0,0,0,0,0,0,0,,,0,0
q4_0042_P4_diagnostic_v1_grid_v1_nccp/state=8/planner=diagnostic_v1,diagnostic_v1,estimated_completion_cost,4,6,6,0,0,0,0,True,True,1,1
q4_0042_P4_diagnostic_v1_grid_v1_nccp/state=9/planner=diagnostic_v1,diagnostic_v1,D_worst,4,6,5,0,0,0,1,True,True,1,1
q4_0042_P4_diagnostic_v1_grid_v1_nccp/state=9/planner=diagnostic_v1,diagnostic_v1,R_worst,4,6,5,0,0,0,1,True,True,1,1
q4_0042_P4_diagnostic_v1_grid_v1_nccp/state=9/planner=diagnostic_v1,diagnostic_v1,G_worst,4,6,4,0,0,0,2,True,False,1,2
q4_0042_P4_diagnostic_v1_grid_v1_nccp/state=9/planner=diagnostic_v1,diagnostic_v1,sampled_cert_score,4,6,4,1,0,0,1,True,False,1,2
q4_0042_P4_diagnostic_v1_grid_v1_nccp/state=9/planner=diagnostic_v1,diagnostic_v1,certified_completion_cost,2,1,1,0,0,0,0,True,True,1,1
q4_0042_P4_diagnostic_v1_grid_v1_nccp/state=9/planner=diagnostic_v1,diagnostic_v1,estimated_completion_cost,4,6,6,0,0,0,0,True,True,1,1
q4_0042_P4_diagnostic_v1_grid_v1_nccp/state=10/planner=q4_active,q4_active,D_worst,15,105,0,27,0,0,78,False,False,1,1
q4_0042_P4_diagnostic_v1_grid_v1_nccp/state=10/planner=q4_active,q4_active,R_worst,15,105,0,27,0,0,78,False,False,1,1
q4_0042_P4_diagnostic_v1_grid_v1_nccp/state=10/planner=q4_active,q4_active,G_worst,15,105,0,27,0,0,78,False,False,1,1
q4_0042_P4_diagnostic_v1_grid_v1_nccp/state=10/planner=q4_active,q4_active,sampled_cert_score,15,105,80,14,0,0,11,False,False,1,3
q4_0042_P4_diagnostic_v1_grid_v1_nccp/state=10/planner=q4_active,q4_active,certified_completion_cost,0,0,0,0,0,0,0,,,0,0
q4_0042_P4_diagnostic_v1_grid_v1_nccp/state=10/planner=q4_active,q4_active,estimated_completion_cost,0,0,0,0,0,0,0,,,0,0
q4_0042_P4_diagnostic_v1_grid_v1_nccp/state=11/planner=q4_active,q4_active,D_worst,15,105,46,4,0,0,55,False,False,1,1
q4_0042_P4_diagnostic_v1_grid_v1_nccp/state=11/planner=q4_active,q4_active,R_worst,15,105,46,4,0,0,55,False,False,1,1
q4_0042_P4_diagnostic_v1_grid_v1_nccp/state=11/planner=q4_active,q4_active,G_worst,15,105,46,4,0,0,55,False,False,1,1
q4_0042_P4_diagnostic_v1_grid_v1_nccp/state=11/planner=q4_active,q4_active,sampled_cert_score,15,105,75,17,0,0,13,False,False,1,1
q4_0042_P4_diagnostic_v1_grid_v1_nccp/state=11/planner=q4_active,q4_active,certified_completion_cost,0,0,0,0,0,0,0,,,0,0
q4_0042_P4_diagnostic_v1_grid_v1_nccp/state=11/planner=q4_active,q4_active,estimated_completion_cost,0,0,0,0,0,0,0,,,0,0
q4_0042_P4_diagnostic_v1_grid_v1_nccp/state=12/planner=q4_active,q4_active,D_worst,15,105,34,35,1,0,35,False,False,1,1
q4_0042_P4_diagnostic_v1_grid_v1_nccp/state=12/planner=q4_active,q4_active,R_worst,15,105,34,35,1,0,35,False,False,1,1
q4_0042_P4_diagnostic_v1_grid_v1_nccp/state=12/planner=q4_active,q4_active,G_worst,15,105,34,32,1,0,38,False,False,1,3
q4_0042_P4_diagnostic_v1_grid_v1_nccp/state=12/planner=q4_active,q4_active,sampled_cert_score,15,105,68,25,1,0,11,False,False,1,3
q4_0042_P4_diagnostic_v1_grid_v1_nccp/state=12/planner=q4_active,q4_active,certified_completion_cost,3,3,0,3,0,0,0,False,False,1,1
q4_0042_P4_diagnostic_v1_grid_v1_nccp/state=12/planner=q4_active,q4_active,estimated_completion_cost,0,0,0,0,0,0,0,,,0,0
q4_0042_P4_diagnostic_v1_grid_v1_nccp/state=13/planner=q4_active,q4_active,D_worst,15,105,0,0,21,0,84,True,False,1,15
q4_0042_P4_diagnostic_v1_grid_v1_nccp/state=13/planner=q4_active,q4_active,R_worst,15,105,0,0,21,0,84,True,False,1,15
q4_0042_P4_diagnostic_v1_grid_v1_nccp/state=13/planner=q4_active,q4_active,G_worst,15,105,0,0,21,0,84,True,False,1,15
q4_0042_P4_diagnostic_v1_grid_v1_nccp/state=13/planner=q4_active,q4_active,sampled_cert_score,15,105,64,3,21,0,17,False,False,1,1
q4_0042_P4_diagnostic_v1_grid_v1_nccp/state=13/planner=q4_active,q4_active,certified_completion_cost,0,0,0,0,0,0,0,,,0,0
q4_0042_P4_diagnostic_v1_grid_v1_nccp/state=13/planner=q4_active,q4_active,estimated_completion_cost,0,0,0,0,0,0,0,,,0,0
q4_0042_P4_diagnostic_v1_grid_v1_nccp/state=14/planner=q4_active,q4_active,D_worst,14,91,0,0,28,0,63,True,False,1,14
q4_0042_P4_diagnostic_v1_grid_v1_nccp/state=14/planner=q4_active,q4_active,R_worst,14,91,0,0,28,0,63,True,False,1,14
q4_0042_P4_diagnostic_v1_grid_v1_nccp/state=14/planner=q4_active,q4_active,G_worst,14,91,0,0,28,0,63,True,False,1,14
q4_0042_P4_diagnostic_v1_grid_v1_nccp/state=14/planner=q4_active,q4_active,sampled_cert_score,14,91,25,0,28,0,38,True,True,1,1
q4_0042_P4_diagnostic_v1_grid_v1_nccp/state=14/planner=q4_active,q4_active,certified_completion_cost,0,0,0,0,0,0,0,,,0,0
q4_0042_P4_diagnostic_v1_grid_v1_nccp/state=14/planner=q4_active,q4_active,estimated_completion_cost,0,0,0,0,0,0,0,,,0,0
q4_0042_P4_diagnostic_v1_grid_v1_nccp/state=15/planner=q4_active,q4_active,D_worst,15,105,7,32,0,0,66,False,False,1,1
q4_0042_P4_diagnostic_v1_grid_v1_nccp/state=15/planner=q4_active,q4_active,R_worst,15,105,7,32,0,0,66,False,False,1,1
q4_0042_P4_diagnostic_v1_grid_v1_nccp/state=15/planner=q4_active,q4_active,G_worst,15,105,7,32,0,0,66,False,False,1,1
q4_0042_P4_diagnostic_v1_grid_v1_nccp/state=15/planner=q4_active,q4_active,sampled_cert_score,15,105,85,12,0,0,8,False,False,1,1
q4_0042_P4_diagnostic_v1_grid_v1_nccp/state=15/planner=q4_active,q4_active,certified_completion_cost,0,0,0,0,0,0,0,,,0,0
q4_0042_P4_diagnostic_v1_grid_v1_nccp/state=15/planner=q4_active,q4_active,estimated_completion_cost,0,0,0,0,0,0,0,,,0,0
q4_0042_P4_diagnostic_v1_grid_v1_nccp/state=16/planner=q4_active,q4_active,D_worst,15,105,5,9,3,0,88,False,False,1,1
q4_0042_P4_diagnostic_v1_grid_v1_nccp/state=16/planner=q4_active,q4_active,R_worst,15,105,5,9,3,0,88,False,False,1,1
q4_0042_P4_diagnostic_v1_grid_v1_nccp/state=16/planner=q4_active,q4_active,G_worst,15,105,5,9,3,0,88,False,False,1,1
q4_0042_P4_diagnostic_v1_grid_v1_nccp/state=16/planner=q4_active,q4_active,sampled_cert_score,15,105,64,22,0,3,16,False,False,1,1
q4_0042_P4_diagnostic_v1_grid_v1_nccp/state=16/planner=q4_active,q4_active,certified_completion_cost,0,0,0,0,0,0,0,,,0,0
q4_0042_P4_diagnostic_v1_grid_v1_nccp/state=16/planner=q4_active,q4_active,estimated_completion_cost,0,0,0,0,0,0,0,,,0,0
q4_0042_P4_diagnostic_v1_grid_v1_nccp/state=17/planner=diagnostic_v1,diagnostic_v1,D_worst,4,6,0,0,0,0,6,True,False,1,4
q4_0042_P4_diagnostic_v1_grid_v1_nccp/state=17/planner=diagnostic_v1,diagnostic_v1,R_worst,4,6,0,0,0,0,6,True,False,1,4
q4_0042_P4_diagnostic_v1_grid_v1_nccp/state=17/planner=diagnostic_v1,diagnostic_v1,G_worst,4,6,0,0,0,0,6,True,False,1,4
q4_0042_P4_diagnostic_v1_grid_v1_nccp/state=17/planner=diagnostic_v1,diagnostic_v1,sampled_cert_score,4,6,2,1,0,0,3,False,False,1,1
q4_0042_P4_diagnostic_v1_grid_v1_nccp/state=17/planner=diagnostic_v1,diagnostic_v1,certified_completion_cost,0,0,0,0,0,0,0,,,0,0
q4_0042_P4_diagnostic_v1_grid_v1_nccp/state=17/planner=diagnostic_v1,diagnostic_v1,estimated_completion_cost,4,6,6,0,0,0,0,True,True,1,1
q4_0042_P4_diagnostic_v1_grid_v1_nccp/state=18/planner=diagnostic_v1,diagnostic_v1,D_worst,4,6,0,0,0,0,6,True,False,1,4
q4_0042_P4_diagnostic_v1_grid_v1_nccp/state=18/planner=diagnostic_v1,diagnostic_v1,R_worst,4,6,0,0,0,0,6,True,False,1,4
q4_0042_P4_diagnostic_v1_grid_v1_nccp/state=18/planner=diagnostic_v1,diagnostic_v1,G_worst,4,6,0,0,0,0,6,True,False,1,4
q4_0042_P4_diagnostic_v1_grid_v1_nccp/state=18/planner=diagnostic_v1,diagnostic_v1,sampled_cert_score,4,6,4,1,0,0,1,True,False,1,2
q4_0042_P4_diagnostic_v1_grid_v1_nccp/state=18/planner=diagnostic_v1,diagnostic_v1,certified_completion_cost,0,0,0,0,0,0,0,,,0,0
q4_0042_P4_diagnostic_v1_grid_v1_nccp/state=18/planner=diagnostic_v1,diagnostic_v1,estimated_completion_cost,4,6,6,0,0,0,0,True,True,1,1
q4_0042_P4_diagnostic_v1_grid_v1_nccp/state=19/planner=q4_active,q4_active,D_worst,15,105,0,0,15,0,90,True,False,1,15
q4_0042_P4_diagnostic_v1_grid_v1_nccp/state=19/planner=q4_active,q4_active,R_worst,15,105,0,0,15,0,90,True,False,1,15
q4_0042_P4_diagnostic_v1_grid_v1_nccp/state=19/planner=q4_active,q4_active,G_worst,15,105,0,0,15,0,90,True,False,1,15
q4_0042_P4_diagnostic_v1_grid_v1_nccp/state=19/planner=q4_active,q4_active,sampled_cert_score,15,105,56,9,15,0,25,False,False,1,2
q4_0042_P4_diagnostic_v1_grid_v1_nccp/state=19/planner=q4_active,q4_active,certified_completion_cost,0,0,0,0,0,0,0,,,0,0
q4_0042_P4_diagnostic_v1_grid_v1_nccp/state=19/planner=q4_active,q4_active,estimated_completion_cost,0,0,0,0,0,0,0,,,0,0
q4_0042_P4_diagnostic_v1_grid_v1_nccp/state=20/planner=q4_active,q4_active,D_worst,15,105,70,7,3,0,25,True,True,1,1
q4_0042_P4_diagnostic_v1_grid_v1_nccp/state=20/planner=q4_active,q4_active,R_worst,15,105,70,7,3,0,25,True,True,1,1
q4_0042_P4_diagnostic_v1_grid_v1_nccp/state=20/planner=q4_active,q4_active,G_worst,15,105,64,7,3,0,31,True,False,1,4
q4_0042_P4_diagnostic_v1_grid_v1_nccp/state=20/planner=q4_active,q4_active,sampled_cert_score,15,105,74,10,3,0,18,True,False,1,5
q4_0042_P4_diagnostic_v1_grid_v1_nccp/state=20/planner=q4_active,q4_active,certified_completion_cost,4,6,4,2,0,0,0,False,False,1,1
q4_0042_P4_diagnostic_v1_grid_v1_nccp/state=20/planner=q4_active,q4_active,estimated_completion_cost,0,0,0,0,0,0,0,,,0,0
q4_0042_P4_diagnostic_v1_grid_v1_nccp/state=21/planner=q4_active,q4_active,D_worst,15,105,0,0,0,0,105,True,False,1,15
q4_0042_P4_diagnostic_v1_grid_v1_nccp/state=21/planner=q4_active,q4_active,R_worst,15,105,0,0,0,0,105,True,False,1,15
q4_0042_P4_diagnostic_v1_grid_v1_nccp/state=21/planner=q4_active,q4_active,G_worst,15,105,0,0,0,0,105,True,False,1,15
q4_0042_P4_diagnostic_v1_grid_v1_nccp/state=21/planner=q4_active,q4_active,sampled_cert_score,15,105,42,8,0,0,55,False,False,1,1
q4_0042_P4_diagnostic_v1_grid_v1_nccp/state=21/planner=q4_active,q4_active,certified_completion_cost,0,0,0,0,0,0,0,,,0,0
q4_0042_P4_diagnostic_v1_grid_v1_nccp/state=21/planner=q4_active,q4_active,estimated_completion_cost,0,0,0,0,0,0,0,,,0,0
q4_0042_P4_diagnostic_v1_grid_v1_nccp/state=22/planner=diagnostic_v1,diagnostic_v1,D_worst,4,6,0,0,0,0,6,True,False,1,4
q4_0042_P4_diagnostic_v1_grid_v1_nccp/state=22/planner=diagnostic_v1,diagnostic_v1,R_worst,4,6,0,0,0,0,6,True,False,1,4
q4_0042_P4_diagnostic_v1_grid_v1_nccp/state=22/planner=diagnostic_v1,diagnostic_v1,G_worst,4,6,0,0,0,0,6,True,False,1,4
q4_0042_P4_diagnostic_v1_grid_v1_nccp/state=22/planner=diagnostic_v1,diagnostic_v1,sampled_cert_score,4,6,3,2,0,0,1,False,False,1,1
q4_0042_P4_diagnostic_v1_grid_v1_nccp/state=22/planner=diagnostic_v1,diagnostic_v1,certified_completion_cost,0,0,0,0,0,0,0,,,0,0
q4_0042_P4_diagnostic_v1_grid_v1_nccp/state=22/planner=diagnostic_v1,diagnostic_v1,estimated_completion_cost,4,6,4,2,0,0,0,False,False,1,1
q4_0061_P4_diagnostic_v1_grid_v1/state=0/planner=q4_active,q4_active,D_worst,15,105,1,26,0,0,78,False,False,1,1
q4_0061_P4_diagnostic_v1_grid_v1/state=0/planner=q4_active,q4_active,R_worst,15,105,1,26,0,0,78,False,False,1,1
q4_0061_P4_diagnostic_v1_grid_v1/state=0/planner=q4_active,q4_active,G_worst,15,105,1,26,0,0,78,False,False,1,1
q4_0061_P4_diagnostic_v1_grid_v1/state=0/planner=q4_active,q4_active,sampled_cert_score,15,105,76,19,0,0,10,False,False,1,3
q4_0061_P4_diagnostic_v1_grid_v1/state=0/planner=q4_active,q4_active,certified_completion_cost,0,0,0,0,0,0,0,,,0,0
q4_0061_P4_diagnostic_v1_grid_v1/state=0/planner=q4_active,q4_active,estimated_completion_cost,0,0,0,0,0,0,0,,,0,0
q4_0061_P4_diagnostic_v1_grid_v1/state=1/planner=q4_active,q4_active,D_worst,15,105,0,0,0,0,105,True,False,1,15
q4_0061_P4_diagnostic_v1_grid_v1/state=1/planner=q4_active,q4_active,R_worst,15,105,0,0,0,0,105,True,False,1,15
q4_0061_P4_diagnostic_v1_grid_v1/state=1/planner=q4_active,q4_active,G_worst,15,105,0,0,0,0,105,True,False,1,15
q4_0061_P4_diagnostic_v1_grid_v1/state=1/planner=q4_active,q4_active,sampled_cert_score,15,105,65,31,0,0,9,False,False,1,1
q4_0061_P4_diagnostic_v1_grid_v1/state=1/planner=q4_active,q4_active,certified_completion_cost,0,0,0,0,0,0,0,,,0,0
q4_0061_P4_diagnostic_v1_grid_v1/state=1/planner=q4_active,q4_active,estimated_completion_cost,0,0,0,0,0,0,0,,,0,0
q4_0061_P4_diagnostic_v1_grid_v1/state=2/planner=q4_active,q4_active,D_worst,15,105,6,21,0,0,78,False,False,1,1
q4_0061_P4_diagnostic_v1_grid_v1/state=2/planner=q4_active,q4_active,R_worst,15,105,6,21,0,0,78,False,False,1,1
q4_0061_P4_diagnostic_v1_grid_v1/state=2/planner=q4_active,q4_active,G_worst,15,105,5,21,0,0,79,False,False,1,2
q4_0061_P4_diagnostic_v1_grid_v1/state=2/planner=q4_active,q4_active,sampled_cert_score,15,105,34,28,0,0,43,True,False,1,8
q4_0061_P4_diagnostic_v1_grid_v1/state=2/planner=q4_active,q4_active,certified_completion_cost,2,1,1,0,0,0,0,True,True,1,1
q4_0061_P4_diagnostic_v1_grid_v1/state=2/planner=q4_active,q4_active,estimated_completion_cost,0,0,0,0,0,0,0,,,0,0
q4_0061_P4_diagnostic_v1_grid_v1/state=3/planner=q4_active,q4_active,D_worst,15,105,1,13,0,0,91,False,False,1,1
q4_0061_P4_diagnostic_v1_grid_v1/state=3/planner=q4_active,q4_active,R_worst,15,105,1,13,0,0,91,False,False,1,1
q4_0061_P4_diagnostic_v1_grid_v1/state=3/planner=q4_active,q4_active,G_worst,15,105,1,13,0,0,91,False,False,1,1
q4_0061_P4_diagnostic_v1_grid_v1/state=3/planner=q4_active,q4_active,sampled_cert_score,15,105,73,18,0,0,14,True,False,1,4
q4_0061_P4_diagnostic_v1_grid_v1/state=3/planner=q4_active,q4_active,certified_completion_cost,0,0,0,0,0,0,0,,,0,0
q4_0061_P4_diagnostic_v1_grid_v1/state=3/planner=q4_active,q4_active,estimated_completion_cost,0,0,0,0,0,0,0,,,0,0
q4_0061_P4_diagnostic_v1_grid_v1/state=4/planner=q4_active,q4_active,D_worst,15,105,0,0,0,0,105,True,False,1,15
q4_0061_P4_diagnostic_v1_grid_v1/state=4/planner=q4_active,q4_active,R_worst,15,105,0,0,0,0,105,True,False,1,15
q4_0061_P4_diagnostic_v1_grid_v1/state=4/planner=q4_active,q4_active,G_worst,15,105,0,0,0,0,105,True,False,1,15
q4_0061_P4_diagnostic_v1_grid_v1/state=4/planner=q4_active,q4_active,sampled_cert_score,15,105,67,35,0,0,3,False,False,1,2
q4_0061_P4_diagnostic_v1_grid_v1/state=4/planner=q4_active,q4_active,certified_completion_cost,0,0,0,0,0,0,0,,,0,0
q4_0061_P4_diagnostic_v1_grid_v1/state=4/planner=q4_active,q4_active,estimated_completion_cost,0,0,0,0,0,0,0,,,0,0
q4_0061_P4_diagnostic_v1_grid_v1/state=5/planner=diagnostic_v1,diagnostic_v1,D_worst,4,6,0,0,0,0,6,True,False,1,4
q4_0061_P4_diagnostic_v1_grid_v1/state=5/planner=diagnostic_v1,diagnostic_v1,R_worst,4,6,0,0,0,0,6,True,False,1,4
q4_0061_P4_diagnostic_v1_grid_v1/state=5/planner=diagnostic_v1,diagnostic_v1,G_worst,4,6,0,0,0,0,6,True,False,1,4
q4_0061_P4_diagnostic_v1_grid_v1/state=5/planner=diagnostic_v1,diagnostic_v1,sampled_cert_score,4,6,0,0,0,0,6,True,False,1,4
q4_0061_P4_diagnostic_v1_grid_v1/state=5/planner=diagnostic_v1,diagnostic_v1,certified_completion_cost,0,0,0,0,0,0,0,,,0,0
q4_0061_P4_diagnostic_v1_grid_v1/state=5/planner=diagnostic_v1,diagnostic_v1,estimated_completion_cost,4,6,6,0,0,0,0,True,True,1,1
q4_0061_P4_diagnostic_v1_grid_v1/state=6/planner=diagnostic_v1,diagnostic_v1,D_worst,4,6,2,1,0,0,3,False,False,1,1
q4_0061_P4_diagnostic_v1_grid_v1/state=6/planner=diagnostic_v1,diagnostic_v1,R_worst,4,6,2,1,0,0,3,False,False,1,1
q4_0061_P4_diagnostic_v1_grid_v1/state=6/planner=diagnostic_v1,diagnostic_v1,G_worst,4,6,2,1,0,0,3,False,False,1,1
q4_0061_P4_diagnostic_v1_grid_v1/state=6/planner=diagnostic_v1,diagnostic_v1,sampled_cert_score,4,6,3,2,0,0,1,True,True,1,1
q4_0061_P4_diagnostic_v1_grid_v1/state=6/planner=diagnostic_v1,diagnostic_v1,certified_completion_cost,0,0,0,0,0,0,0,,,0,0
q4_0061_P4_diagnostic_v1_grid_v1/state=6/planner=diagnostic_v1,diagnostic_v1,estimated_completion_cost,4,6,6,0,0,0,0,True,True,1,1
q4_0061_P4_diagnostic_v1_grid_v1/state=7/planner=diagnostic_v1,diagnostic_v1,D_worst,4,6,0,0,0,0,6,True,False,1,4
q4_0061_P4_diagnostic_v1_grid_v1/state=7/planner=diagnostic_v1,diagnostic_v1,R_worst,4,6,0,0,0,0,6,True,False,1,4
q4_0061_P4_diagnostic_v1_grid_v1/state=7/planner=diagnostic_v1,diagnostic_v1,G_worst,4,6,0,0,0,0,6,True,False,1,4
q4_0061_P4_diagnostic_v1_grid_v1/state=7/planner=diagnostic_v1,diagnostic_v1,sampled_cert_score,4,6,5,1,0,0,0,False,False,1,1
q4_0061_P4_diagnostic_v1_grid_v1/state=7/planner=diagnostic_v1,diagnostic_v1,certified_completion_cost,0,0,0,0,0,0,0,,,0,0
q4_0061_P4_diagnostic_v1_grid_v1/state=7/planner=diagnostic_v1,diagnostic_v1,estimated_completion_cost,4,6,6,0,0,0,0,True,True,1,1
q4_0061_P4_diagnostic_v1_grid_v1/state=8/planner=diagnostic_v1,diagnostic_v1,D_worst,4,6,0,0,0,0,6,True,False,1,4
q4_0061_P4_diagnostic_v1_grid_v1/state=8/planner=diagnostic_v1,diagnostic_v1,R_worst,4,6,0,0,0,0,6,True,False,1,4
q4_0061_P4_diagnostic_v1_grid_v1/state=8/planner=diagnostic_v1,diagnostic_v1,G_worst,4,6,0,0,0,0,6,True,False,1,4
q4_0061_P4_diagnostic_v1_grid_v1/state=8/planner=diagnostic_v1,diagnostic_v1,sampled_cert_score,4,6,0,0,0,0,6,True,False,1,4
q4_0061_P4_diagnostic_v1_grid_v1/state=8/planner=diagnostic_v1,diagnostic_v1,certified_completion_cost,0,0,0,0,0,0,0,,,0,0
q4_0061_P4_diagnostic_v1_grid_v1/state=8/planner=diagnostic_v1,diagnostic_v1,estimated_completion_cost,4,6,3,3,0,0,0,True,True,1,1
q4_0061_P4_diagnostic_v1_grid_v1/state=9/planner=diagnostic_v1,diagnostic_v1,D_worst,4,6,0,0,0,0,6,True,False,1,4
q4_0061_P4_diagnostic_v1_grid_v1/state=9/planner=diagnostic_v1,diagnostic_v1,R_worst,4,6,0,0,0,0,6,True,False,1,4
q4_0061_P4_diagnostic_v1_grid_v1/state=9/planner=diagnostic_v1,diagnostic_v1,G_worst,4,6,0,0,0,0,6,True,False,1,4
q4_0061_P4_diagnostic_v1_grid_v1/state=9/planner=diagnostic_v1,diagnostic_v1,sampled_cert_score,4,6,3,1,0,0,2,True,False,1,2
q4_0061_P4_diagnostic_v1_grid_v1/state=9/planner=diagnostic_v1,diagnostic_v1,certified_completion_cost,0,0,0,0,0,0,0,,,0,0
q4_0061_P4_diagnostic_v1_grid_v1/state=9/planner=diagnostic_v1,diagnostic_v1,estimated_completion_cost,4,6,4,2,0,0,0,False,False,1,1
q4_0061_P4_diagnostic_v1_grid_v1/state=10/planner=diagnostic_v1,diagnostic_v1,D_worst,4,6,0,0,0,0,6,True,False,1,4
q4_0061_P4_diagnostic_v1_grid_v1/state=10/planner=diagnostic_v1,diagnostic_v1,R_worst,4,6,0,0,0,0,6,True,False,1,4
q4_0061_P4_diagnostic_v1_grid_v1/state=10/planner=diagnostic_v1,diagnostic_v1,G_worst,4,6,0,0,0,0,6,True,False,1,4
q4_0061_P4_diagnostic_v1_grid_v1/state=10/planner=diagnostic_v1,diagnostic_v1,sampled_cert_score,4,6,4,1,0,0,1,True,False,1,2
q4_0061_P4_diagnostic_v1_grid_v1/state=10/planner=diagnostic_v1,diagnostic_v1,certified_completion_cost,0,0,0,0,0,0,0,,,0,0
q4_0061_P4_diagnostic_v1_grid_v1/state=10/planner=diagnostic_v1,diagnostic_v1,estimated_completion_cost,4,6,5,1,0,0,0,True,True,1,1
q4_0061_P4_diagnostic_v1_grid_v1/state=11/planner=q4_active,q4_active,D_worst,15,105,0,0,21,0,84,True,False,1,15
q4_0061_P4_diagnostic_v1_grid_v1/state=11/planner=q4_active,q4_active,R_worst,15,105,0,0,21,0,84,True,False,1,15
q4_0061_P4_diagnostic_v1_grid_v1/state=11/planner=q4_active,q4_active,G_worst,15,105,0,0,21,0,84,True,False,1,15
q4_0061_P4_diagnostic_v1_grid_v1/state=11/planner=q4_active,q4_active,sampled_cert_score,15,105,66,4,21,0,14,False,False,1,1
q4_0061_P4_diagnostic_v1_grid_v1/state=11/planner=q4_active,q4_active,certified_completion_cost,0,0,0,0,0,0,0,,,0,0
q4_0061_P4_diagnostic_v1_grid_v1/state=11/planner=q4_active,q4_active,estimated_completion_cost,0,0,0,0,0,0,0,,,0,0
q4_0061_P4_diagnostic_v1_grid_v1/state=12/planner=q4_active,q4_active,D_worst,15,105,65,4,3,0,33,False,False,1,1
q4_0061_P4_diagnostic_v1_grid_v1/state=12/planner=q4_active,q4_active,R_worst,15,105,65,4,3,0,33,False,False,1,1
q4_0061_P4_diagnostic_v1_grid_v1/state=12/planner=q4_active,q4_active,G_worst,15,105,57,2,3,0,43,True,False,1,5
q4_0061_P4_diagnostic_v1_grid_v1/state=12/planner=q4_active,q4_active,sampled_cert_score,15,105,83,0,3,0,19,True,False,1,6
q4_0061_P4_diagnostic_v1_grid_v1/state=12/planner=q4_active,q4_active,certified_completion_cost,5,10,9,1,0,0,0,True,True,1,1
q4_0061_P4_diagnostic_v1_grid_v1/state=12/planner=q4_active,q4_active,estimated_completion_cost,0,0,0,0,0,0,0,,,0,0
q4_0061_P4_diagnostic_v1_grid_v1/state=13/planner=q4_active,q4_active,D_worst,15,105,14,0,0,0,91,True,True,1,1
q4_0061_P4_diagnostic_v1_grid_v1/state=13/planner=q4_active,q4_active,R_worst,15,105,14,0,0,0,91,True,True,1,1
q4_0061_P4_diagnostic_v1_grid_v1/state=13/planner=q4_active,q4_active,G_worst,15,105,14,0,0,0,91,True,True,1,1
q4_0061_P4_diagnostic_v1_grid_v1/state=13/planner=q4_active,q4_active,sampled_cert_score,15,105,78,21,0,0,6,False,False,1,1
q4_0061_P4_diagnostic_v1_grid_v1/state=13/planner=q4_active,q4_active,certified_completion_cost,0,0,0,0,0,0,0,,,0,0
q4_0061_P4_diagnostic_v1_grid_v1/state=13/planner=q4_active,q4_active,estimated_completion_cost,0,0,0,0,0,0,0,,,0,0
q4_0061_P4_diagnostic_v1_grid_v1/state=14/planner=q4_active,q4_active,D_worst,15,105,36,3,0,0,66,False,False,1,1
q4_0061_P4_diagnostic_v1_grid_v1/state=14/planner=q4_active,q4_active,R_worst,15,105,36,3,0,0,66,False,False,1,1
q4_0061_P4_diagnostic_v1_grid_v1/state=14/planner=q4_active,q4_active,G_worst,15,105,36,0,0,0,69,True,False,1,3
q4_0061_P4_diagnostic_v1_grid_v1/state=14/planner=q4_active,q4_active,sampled_cert_score,15,105,75,6,0,0,24,True,False,1,7
q4_0061_P4_diagnostic_v1_grid_v1/state=14/planner=q4_active,q4_active,certified_completion_cost,3,3,0,3,0,0,0,False,False,1,1
q4_0061_P4_diagnostic_v1_grid_v1/state=14/planner=q4_active,q4_active,estimated_completion_cost,0,0,0,0,0,0,0,,,0,0
q4_0061_P4_diagnostic_v1_grid_v1/state=15/planner=q4_active,q4_active,D_worst,15,105,0,0,15,0,90,True,False,1,15
q4_0061_P4_diagnostic_v1_grid_v1/state=15/planner=q4_active,q4_active,R_worst,15,105,0,0,15,0,90,True,False,1,15
q4_0061_P4_diagnostic_v1_grid_v1/state=15/planner=q4_active,q4_active,G_worst,15,105,0,0,15,0,90,True,False,1,15
q4_0061_P4_diagnostic_v1_grid_v1/state=15/planner=q4_active,q4_active,sampled_cert_score,15,105,59,8,15,0,23,False,False,1,2
q4_0061_P4_diagnostic_v1_grid_v1/state=15/planner=q4_active,q4_active,certified_completion_cost,0,0,0,0,0,0,0,,,0,0
q4_0061_P4_diagnostic_v1_grid_v1/state=15/planner=q4_active,q4_active,estimated_completion_cost,0,0,0,0,0,0,0,,,0,0
q4_0061_P4_diagnostic_v1_grid_v1/state=16/planner=q4_active,q4_active,D_worst,15,105,3,24,0,0,78,False,False,1,1
q4_0061_P4_diagnostic_v1_grid_v1/state=16/planner=q4_active,q4_active,R_worst,15,105,3,24,0,0,78,False,False,1,1
q4_0061_P4_diagnostic_v1_grid_v1/state=16/planner=q4_active,q4_active,G_worst,15,105,3,24,0,0,78,False,False,1,1
q4_0061_P4_diagnostic_v1_grid_v1/state=16/planner=q4_active,q4_active,sampled_cert_score,15,105,73,20,0,0,12,False,False,1,1
q4_0061_P4_diagnostic_v1_grid_v1/state=16/planner=q4_active,q4_active,certified_completion_cost,0,0,0,0,0,0,0,,,0,0
q4_0061_P4_diagnostic_v1_grid_v1/state=16/planner=q4_active,q4_active,estimated_completion_cost,0,0,0,0,0,0,0,,,0,0
q4_0061_P4_diagnostic_v1_grid_v1/state=17/planner=q4_active,q4_active,D_worst,15,105,0,0,0,0,105,True,False,1,15
q4_0061_P4_diagnostic_v1_grid_v1/state=17/planner=q4_active,q4_active,R_worst,15,105,0,0,0,0,105,True,False,1,15
q4_0061_P4_diagnostic_v1_grid_v1/state=17/planner=q4_active,q4_active,G_worst,15,105,0,0,0,0,105,True,False,1,15
q4_0061_P4_diagnostic_v1_grid_v1/state=17/planner=q4_active,q4_active,sampled_cert_score,15,105,78,13,0,0,14,False,False,1,2
q4_0061_P4_diagnostic_v1_grid_v1/state=17/planner=q4_active,q4_active,certified_completion_cost,0,0,0,0,0,0,0,,,0,0
q4_0061_P4_diagnostic_v1_grid_v1/state=17/planner=q4_active,q4_active,estimated_completion_cost,0,0,0,0,0,0,0,,,0,0
q4_0061_P4_diagnostic_v1_grid_v1/state=18/planner=q4_active,q4_active,D_worst,15,105,38,12,1,0,54,False,False,1,1
q4_0061_P4_diagnostic_v1_grid_v1/state=18/planner=q4_active,q4_active,R_worst,15,105,38,12,1,0,54,False,False,1,1
q4_0061_P4_diagnostic_v1_grid_v1/state=18/planner=q4_active,q4_active,G_worst,15,105,37,10,1,0,57,False,False,1,3
q4_0061_P4_diagnostic_v1_grid_v1/state=18/planner=q4_active,q4_active,sampled_cert_score,15,105,84,2,0,1,18,True,False,1,6
q4_0061_P4_diagnostic_v1_grid_v1/state=18/planner=q4_active,q4_active,certified_completion_cost,3,3,1,2,0,0,0,False,False,1,1
q4_0061_P4_diagnostic_v1_grid_v1/state=18/planner=q4_active,q4_active,estimated_completion_cost,0,0,0,0,0,0,0,,,0,0
q4_0061_P4_diagnostic_v1_grid_v1/state=19/planner=q4_active,q4_active,D_worst,15,105,1,26,0,0,78,False,False,1,1
q4_0061_P4_diagnostic_v1_grid_v1/state=19/planner=q4_active,q4_active,R_worst,15,105,1,26,0,0,78,False,False,1,1
q4_0061_P4_diagnostic_v1_grid_v1/state=19/planner=q4_active,q4_active,G_worst,15,105,1,26,0,0,78,False,False,1,1
q4_0061_P4_diagnostic_v1_grid_v1/state=19/planner=q4_active,q4_active,sampled_cert_score,15,105,77,19,0,0,9,False,False,1,1
q4_0061_P4_diagnostic_v1_grid_v1/state=19/planner=q4_active,q4_active,certified_completion_cost,0,0,0,0,0,0,0,,,0,0
q4_0061_P4_diagnostic_v1_grid_v1/state=19/planner=q4_active,q4_active,estimated_completion_cost,0,0,0,0,0,0,0,,,0,0
q4_0061_P4_diagnostic_v1_grid_v1/state=20/planner=q4_active,q4_active,D_worst,14,91,0,0,0,0,91,True,False,1,14
q4_0061_P4_diagnostic_v1_grid_v1/state=20/planner=q4_active,q4_active,R_worst,14,91,0,0,0,0,91,True,False,1,14
q4_0061_P4_diagnostic_v1_grid_v1/state=20/planner=q4_active,q4_active,G_worst,14,91,0,0,0,0,91,True,False,1,14
q4_0061_P4_diagnostic_v1_grid_v1/state=20/planner=q4_active,q4_active,sampled_cert_score,14,91,68,10,0,0,13,False,False,1,1
q4_0061_P4_diagnostic_v1_grid_v1/state=20/planner=q4_active,q4_active,certified_completion_cost,0,0,0,0,0,0,0,,,0,0
q4_0061_P4_diagnostic_v1_grid_v1/state=20/planner=q4_active,q4_active,estimated_completion_cost,0,0,0,0,0,0,0,,,0,0
q4_0061_P4_diagnostic_v1_grid_v1/state=21/planner=q4_active,q4_active,D_worst,14,91,0,0,6,0,85,True,False,1,14
q4_0061_P4_diagnostic_v1_grid_v1/state=21/planner=q4_active,q4_active,R_worst,14,91,0,0,6,0,85,True,False,1,14
q4_0061_P4_diagnostic_v1_grid_v1/state=21/planner=q4_active,q4_active,G_worst,14,91,0,0,6,0,85,True,False,1,14
q4_0061_P4_diagnostic_v1_grid_v1/state=21/planner=q4_active,q4_active,sampled_cert_score,14,91,58,2,6,0,25,True,True,1,1
q4_0061_P4_diagnostic_v1_grid_v1/state=21/planner=q4_active,q4_active,certified_completion_cost,0,0,0,0,0,0,0,,,0,0
q4_0061_P4_diagnostic_v1_grid_v1/state=21/planner=q4_active,q4_active,estimated_completion_cost,0,0,0,0,0,0,0,,,0,0
q4_0061_P4_diagnostic_v1_grid_v1/state=22/planner=q4_active,q4_active,D_worst,15,105,26,1,3,0,75,True,True,1,1
q4_0061_P4_diagnostic_v1_grid_v1/state=22/planner=q4_active,q4_active,R_worst,15,105,26,1,3,0,75,True,True,1,1
q4_0061_P4_diagnostic_v1_grid_v1/state=22/planner=q4_active,q4_active,G_worst,15,105,25,1,3,0,76,True,False,1,2
q4_0061_P4_diagnostic_v1_grid_v1/state=22/planner=q4_active,q4_active,sampled_cert_score,15,105,85,5,3,0,12,True,False,1,4
q4_0061_P4_diagnostic_v1_grid_v1/state=22/planner=q4_active,q4_active,certified_completion_cost,2,1,0,1,0,0,0,False,False,1,1
q4_0061_P4_diagnostic_v1_grid_v1/state=22/planner=q4_active,q4_active,estimated_completion_cost,0,0,0,0,0,0,0,,,0,0
q4_0061_P4_diagnostic_v1_grid_v1/state=23/planner=q4_active,q4_active,D_worst,15,105,31,29,0,0,45,False,False,1,1
q4_0061_P4_diagnostic_v1_grid_v1/state=23/planner=q4_active,q4_active,R_worst,15,105,31,29,0,0,45,False,False,1,1
q4_0061_P4_diagnostic_v1_grid_v1/state=23/planner=q4_active,q4_active,G_worst,15,105,31,29,0,0,45,False,False,1,1
q4_0061_P4_diagnostic_v1_grid_v1/state=23/planner=q4_active,q4_active,sampled_cert_score,15,105,76,18,0,0,11,True,False,1,2
q4_0061_P4_diagnostic_v1_grid_v1/state=23/planner=q4_active,q4_active,certified_completion_cost,0,0,0,0,0,0,0,,,0,0
q4_0061_P4_diagnostic_v1_grid_v1/state=23/planner=q4_active,q4_active,estimated_completion_cost,0,0,0,0,0,0,0,,,0,0
q4_0061_P4_diagnostic_v1_grid_v1_nccp/state=0/planner=q4_active,q4_active,D_worst,15,105,1,26,0,0,78,False,False,1,1
q4_0061_P4_diagnostic_v1_grid_v1_nccp/state=0/planner=q4_active,q4_active,R_worst,15,105,1,26,0,0,78,False,False,1,1
q4_0061_P4_diagnostic_v1_grid_v1_nccp/state=0/planner=q4_active,q4_active,G_worst,15,105,1,26,0,0,78,False,False,1,1
q4_0061_P4_diagnostic_v1_grid_v1_nccp/state=0/planner=q4_active,q4_active,sampled_cert_score,15,105,76,19,0,0,10,False,False,1,3
q4_0061_P4_diagnostic_v1_grid_v1_nccp/state=0/planner=q4_active,q4_active,certified_completion_cost,0,0,0,0,0,0,0,,,0,0
q4_0061_P4_diagnostic_v1_grid_v1_nccp/state=0/planner=q4_active,q4_active,estimated_completion_cost,0,0,0,0,0,0,0,,,0,0
q4_0061_P4_diagnostic_v1_grid_v1_nccp/state=1/planner=q4_active,q4_active,D_worst,15,105,0,0,0,0,105,True,False,1,15
q4_0061_P4_diagnostic_v1_grid_v1_nccp/state=1/planner=q4_active,q4_active,R_worst,15,105,0,0,0,0,105,True,False,1,15
q4_0061_P4_diagnostic_v1_grid_v1_nccp/state=1/planner=q4_active,q4_active,G_worst,15,105,0,0,0,0,105,True,False,1,15
q4_0061_P4_diagnostic_v1_grid_v1_nccp/state=1/planner=q4_active,q4_active,sampled_cert_score,15,105,65,31,0,0,9,False,False,1,1
q4_0061_P4_diagnostic_v1_grid_v1_nccp/state=1/planner=q4_active,q4_active,certified_completion_cost,0,0,0,0,0,0,0,,,0,0
q4_0061_P4_diagnostic_v1_grid_v1_nccp/state=1/planner=q4_active,q4_active,estimated_completion_cost,0,0,0,0,0,0,0,,,0,0
q4_0061_P4_diagnostic_v1_grid_v1_nccp/state=2/planner=q4_active,q4_active,D_worst,15,105,6,21,0,0,78,False,False,1,1
q4_0061_P4_diagnostic_v1_grid_v1_nccp/state=2/planner=q4_active,q4_active,R_worst,15,105,6,21,0,0,78,False,False,1,1
q4_0061_P4_diagnostic_v1_grid_v1_nccp/state=2/planner=q4_active,q4_active,G_worst,15,105,5,21,0,0,79,False,False,1,2
q4_0061_P4_diagnostic_v1_grid_v1_nccp/state=2/planner=q4_active,q4_active,sampled_cert_score,15,105,32,31,0,0,42,False,False,1,7
q4_0061_P4_diagnostic_v1_grid_v1_nccp/state=2/planner=q4_active,q4_active,certified_completion_cost,2,1,1,0,0,0,0,True,True,1,1
q4_0061_P4_diagnostic_v1_grid_v1_nccp/state=2/planner=q4_active,q4_active,estimated_completion_cost,0,0,0,0,0,0,0,,,0,0
q4_0061_P4_diagnostic_v1_grid_v1_nccp/state=3/planner=q4_active,q4_active,D_worst,15,105,1,13,0,0,91,False,False,1,1
q4_0061_P4_diagnostic_v1_grid_v1_nccp/state=3/planner=q4_active,q4_active,R_worst,15,105,1,13,0,0,91,False,False,1,1
q4_0061_P4_diagnostic_v1_grid_v1_nccp/state=3/planner=q4_active,q4_active,G_worst,15,105,1,13,0,0,91,False,False,1,1
q4_0061_P4_diagnostic_v1_grid_v1_nccp/state=3/planner=q4_active,q4_active,sampled_cert_score,15,105,73,18,0,0,14,True,False,1,4
q4_0061_P4_diagnostic_v1_grid_v1_nccp/state=3/planner=q4_active,q4_active,certified_completion_cost,0,0,0,0,0,0,0,,,0,0
q4_0061_P4_diagnostic_v1_grid_v1_nccp/state=3/planner=q4_active,q4_active,estimated_completion_cost,0,0,0,0,0,0,0,,,0,0
q4_0061_P4_diagnostic_v1_grid_v1_nccp/state=4/planner=q4_active,q4_active,D_worst,15,105,1,13,0,0,91,False,False,1,1
q4_0061_P4_diagnostic_v1_grid_v1_nccp/state=4/planner=q4_active,q4_active,R_worst,15,105,1,13,0,0,91,False,False,1,1
q4_0061_P4_diagnostic_v1_grid_v1_nccp/state=4/planner=q4_active,q4_active,G_worst,15,105,1,13,0,0,91,False,False,1,1
q4_0061_P4_diagnostic_v1_grid_v1_nccp/state=4/planner=q4_active,q4_active,sampled_cert_score,15,105,67,35,0,0,3,False,False,1,2
q4_0061_P4_diagnostic_v1_grid_v1_nccp/state=4/planner=q4_active,q4_active,certified_completion_cost,0,0,0,0,0,0,0,,,0,0
q4_0061_P4_diagnostic_v1_grid_v1_nccp/state=4/planner=q4_active,q4_active,estimated_completion_cost,0,0,0,0,0,0,0,,,0,0
q4_0061_P4_diagnostic_v1_grid_v1_nccp/state=5/planner=q4_active,q4_active,D_worst,15,105,0,0,0,0,105,True,False,1,15
q4_0061_P4_diagnostic_v1_grid_v1_nccp/state=5/planner=q4_active,q4_active,R_worst,15,105,0,0,0,0,105,True,False,1,15
q4_0061_P4_diagnostic_v1_grid_v1_nccp/state=5/planner=q4_active,q4_active,G_worst,15,105,0,0,0,0,105,True,False,1,15
q4_0061_P4_diagnostic_v1_grid_v1_nccp/state=5/planner=q4_active,q4_active,sampled_cert_score,15,105,31,8,0,0,66,True,False,1,12
q4_0061_P4_diagnostic_v1_grid_v1_nccp/state=5/planner=q4_active,q4_active,certified_completion_cost,0,0,0,0,0,0,0,,,0,0
q4_0061_P4_diagnostic_v1_grid_v1_nccp/state=5/planner=q4_active,q4_active,estimated_completion_cost,0,0,0,0,0,0,0,,,0,0
q4_0061_P4_diagnostic_v1_grid_v1_nccp/state=6/planner=diagnostic_v1,diagnostic_v1,D_worst,4,6,0,0,0,0,6,True,False,1,4
q4_0061_P4_diagnostic_v1_grid_v1_nccp/state=6/planner=diagnostic_v1,diagnostic_v1,R_worst,4,6,0,0,0,0,6,True,False,1,4
q4_0061_P4_diagnostic_v1_grid_v1_nccp/state=6/planner=diagnostic_v1,diagnostic_v1,G_worst,4,6,0,0,0,0,6,True,False,1,4
q4_0061_P4_diagnostic_v1_grid_v1_nccp/state=6/planner=diagnostic_v1,diagnostic_v1,sampled_cert_score,4,6,0,0,0,0,6,True,False,1,4
q4_0061_P4_diagnostic_v1_grid_v1_nccp/state=6/planner=diagnostic_v1,diagnostic_v1,certified_completion_cost,0,0,0,0,0,0,0,,,0,0
q4_0061_P4_diagnostic_v1_grid_v1_nccp/state=6/planner=diagnostic_v1,diagnostic_v1,estimated_completion_cost,4,6,6,0,0,0,0,True,True,1,1
q4_0061_P4_diagnostic_v1_grid_v1_nccp/state=7/planner=diagnostic_v1,diagnostic_v1,D_worst,4,6,0,0,0,0,6,True,False,1,4
q4_0061_P4_diagnostic_v1_grid_v1_nccp/state=7/planner=diagnostic_v1,diagnostic_v1,R_worst,4,6,0,0,0,0,6,True,False,1,4
q4_0061_P4_diagnostic_v1_grid_v1_nccp/state=7/planner=diagnostic_v1,diagnostic_v1,G_worst,4,6,0,0,0,0,6,True,False,1,4
q4_0061_P4_diagnostic_v1_grid_v1_nccp/state=7/planner=diagnostic_v1,diagnostic_v1,sampled_cert_score,4,6,2,1,0,0,3,False,False,1,1
q4_0061_P4_diagnostic_v1_grid_v1_nccp/state=7/planner=diagnostic_v1,diagnostic_v1,certified_completion_cost,0,0,0,0,0,0,0,,,0,0
q4_0061_P4_diagnostic_v1_grid_v1_nccp/state=7/planner=diagnostic_v1,diagnostic_v1,estimated_completion_cost,4,6,6,0,0,0,0,True,True,1,1
q4_0061_P4_diagnostic_v1_grid_v1_nccp/state=8/planner=diagnostic_v1,diagnostic_v1,D_worst,4,6,0,0,0,0,6,True,False,1,4
q4_0061_P4_diagnostic_v1_grid_v1_nccp/state=8/planner=diagnostic_v1,diagnostic_v1,R_worst,4,6,0,0,0,0,6,True,False,1,4
q4_0061_P4_diagnostic_v1_grid_v1_nccp/state=8/planner=diagnostic_v1,diagnostic_v1,G_worst,4,6,0,0,0,0,6,True,False,1,4
q4_0061_P4_diagnostic_v1_grid_v1_nccp/state=8/planner=diagnostic_v1,diagnostic_v1,sampled_cert_score,4,6,0,3,0,0,3,False,False,1,3
q4_0061_P4_diagnostic_v1_grid_v1_nccp/state=8/planner=diagnostic_v1,diagnostic_v1,certified_completion_cost,0,0,0,0,0,0,0,,,0,0
q4_0061_P4_diagnostic_v1_grid_v1_nccp/state=8/planner=diagnostic_v1,diagnostic_v1,estimated_completion_cost,4,6,6,0,0,0,0,True,True,1,1
q4_0061_P4_diagnostic_v1_grid_v1_nccp/state=9/planner=diagnostic_v1,diagnostic_v1,D_worst,4,6,0,0,0,0,6,True,False,1,4
q4_0061_P4_diagnostic_v1_grid_v1_nccp/state=9/planner=diagnostic_v1,diagnostic_v1,R_worst,4,6,0,0,0,0,6,True,False,1,4
q4_0061_P4_diagnostic_v1_grid_v1_nccp/state=9/planner=diagnostic_v1,diagnostic_v1,G_worst,4,6,0,0,0,0,6,True,False,1,4
q4_0061_P4_diagnostic_v1_grid_v1_nccp/state=9/planner=diagnostic_v1,diagnostic_v1,sampled_cert_score,4,6,0,0,0,0,6,True,False,1,4
q4_0061_P4_diagnostic_v1_grid_v1_nccp/state=9/planner=diagnostic_v1,diagnostic_v1,certified_completion_cost,0,0,0,0,0,0,0,,,0,0
q4_0061_P4_diagnostic_v1_grid_v1_nccp/state=9/planner=diagnostic_v1,diagnostic_v1,estimated_completion_cost,4,6,5,1,0,0,0,True,True,1,1
q4_0061_P4_diagnostic_v1_grid_v1_nccp/state=10/planner=diagnostic_v1,diagnostic_v1,D_worst,4,6,0,0,0,0,6,True,False,1,4
q4_0061_P4_diagnostic_v1_grid_v1_nccp/state=10/planner=diagnostic_v1,diagnostic_v1,R_worst,4,6,0,0,0,0,6,True,False,1,4
q4_0061_P4_diagnostic_v1_grid_v1_nccp/state=10/planner=diagnostic_v1,diagnostic_v1,G_worst,4,6,0,0,0,0,6,True,False,1,4
q4_0061_P4_diagnostic_v1_grid_v1_nccp/state=10/planner=diagnostic_v1,diagnostic_v1,sampled_cert_score,4,6,3,1,0,0,2,True,False,1,2
q4_0061_P4_diagnostic_v1_grid_v1_nccp/state=10/planner=diagnostic_v1,diagnostic_v1,certified_completion_cost,0,0,0,0,0,0,0,,,0,0
q4_0061_P4_diagnostic_v1_grid_v1_nccp/state=10/planner=diagnostic_v1,diagnostic_v1,estimated_completion_cost,4,6,4,2,0,0,0,False,False,1,1
q4_0061_P4_diagnostic_v1_grid_v1_nccp/state=11/planner=q4_active,q4_active,D_worst,15,105,0,0,21,0,84,True,False,1,15
q4_0061_P4_diagnostic_v1_grid_v1_nccp/state=11/planner=q4_active,q4_active,R_worst,15,105,0,0,21,0,84,True,False,1,15
q4_0061_P4_diagnostic_v1_grid_v1_nccp/state=11/planner=q4_active,q4_active,G_worst,15,105,0,0,21,0,84,True,False,1,15
q4_0061_P4_diagnostic_v1_grid_v1_nccp/state=11/planner=q4_active,q4_active,sampled_cert_score,15,105,66,4,21,0,14,False,False,1,1
q4_0061_P4_diagnostic_v1_grid_v1_nccp/state=11/planner=q4_active,q4_active,certified_completion_cost,0,0,0,0,0,0,0,,,0,0
q4_0061_P4_diagnostic_v1_grid_v1_nccp/state=11/planner=q4_active,q4_active,estimated_completion_cost,0,0,0,0,0,0,0,,,0,0
q4_0061_P4_diagnostic_v1_grid_v1_nccp/state=12/planner=q4_active,q4_active,D_worst,15,105,65,4,3,0,33,False,False,1,1
q4_0061_P4_diagnostic_v1_grid_v1_nccp/state=12/planner=q4_active,q4_active,R_worst,15,105,65,4,3,0,33,False,False,1,1
q4_0061_P4_diagnostic_v1_grid_v1_nccp/state=12/planner=q4_active,q4_active,G_worst,15,105,57,2,3,0,43,True,False,1,5
q4_0061_P4_diagnostic_v1_grid_v1_nccp/state=12/planner=q4_active,q4_active,sampled_cert_score,15,105,83,0,3,0,19,True,False,1,6
q4_0061_P4_diagnostic_v1_grid_v1_nccp/state=12/planner=q4_active,q4_active,certified_completion_cost,5,10,9,1,0,0,0,True,True,1,1
q4_0061_P4_diagnostic_v1_grid_v1_nccp/state=12/planner=q4_active,q4_active,estimated_completion_cost,0,0,0,0,0,0,0,,,0,0
q4_0061_P4_diagnostic_v1_grid_v1_nccp/state=13/planner=q4_active,q4_active,D_worst,15,105,14,0,0,0,91,True,True,1,1
q4_0061_P4_diagnostic_v1_grid_v1_nccp/state=13/planner=q4_active,q4_active,R_worst,15,105,14,0,0,0,91,True,True,1,1
q4_0061_P4_diagnostic_v1_grid_v1_nccp/state=13/planner=q4_active,q4_active,G_worst,15,105,14,0,0,0,91,True,True,1,1
q4_0061_P4_diagnostic_v1_grid_v1_nccp/state=13/planner=q4_active,q4_active,sampled_cert_score,15,105,78,21,0,0,6,False,False,1,1
q4_0061_P4_diagnostic_v1_grid_v1_nccp/state=13/planner=q4_active,q4_active,certified_completion_cost,0,0,0,0,0,0,0,,,0,0
q4_0061_P4_diagnostic_v1_grid_v1_nccp/state=13/planner=q4_active,q4_active,estimated_completion_cost,0,0,0,0,0,0,0,,,0,0
q4_0061_P4_diagnostic_v1_grid_v1_nccp/state=14/planner=q4_active,q4_active,D_worst,15,105,36,3,0,0,66,False,False,1,1
q4_0061_P4_diagnostic_v1_grid_v1_nccp/state=14/planner=q4_active,q4_active,R_worst,15,105,36,3,0,0,66,False,False,1,1
q4_0061_P4_diagnostic_v1_grid_v1_nccp/state=14/planner=q4_active,q4_active,G_worst,15,105,36,0,0,0,69,True,False,1,3
q4_0061_P4_diagnostic_v1_grid_v1_nccp/state=14/planner=q4_active,q4_active,sampled_cert_score,15,105,75,6,0,0,24,True,False,1,7
q4_0061_P4_diagnostic_v1_grid_v1_nccp/state=14/planner=q4_active,q4_active,certified_completion_cost,3,3,0,3,0,0,0,False,False,1,1
q4_0061_P4_diagnostic_v1_grid_v1_nccp/state=14/planner=q4_active,q4_active,estimated_completion_cost,0,0,0,0,0,0,0,,,0,0
q4_0061_P4_diagnostic_v1_grid_v1_nccp/state=15/planner=q4_active,q4_active,D_worst,15,105,0,0,15,0,90,True,False,1,15
q4_0061_P4_diagnostic_v1_grid_v1_nccp/state=15/planner=q4_active,q4_active,R_worst,15,105,0,0,15,0,90,True,False,1,15
q4_0061_P4_diagnostic_v1_grid_v1_nccp/state=15/planner=q4_active,q4_active,G_worst,15,105,0,0,15,0,90,True,False,1,15
q4_0061_P4_diagnostic_v1_grid_v1_nccp/state=15/planner=q4_active,q4_active,sampled_cert_score,15,105,59,8,15,0,23,False,False,1,2
q4_0061_P4_diagnostic_v1_grid_v1_nccp/state=15/planner=q4_active,q4_active,certified_completion_cost,0,0,0,0,0,0,0,,,0,0
q4_0061_P4_diagnostic_v1_grid_v1_nccp/state=15/planner=q4_active,q4_active,estimated_completion_cost,0,0,0,0,0,0,0,,,0,0
q4_0061_P4_diagnostic_v1_grid_v1_nccp/state=16/planner=q4_active,q4_active,D_worst,15,105,3,24,0,0,78,False,False,1,1
q4_0061_P4_diagnostic_v1_grid_v1_nccp/state=16/planner=q4_active,q4_active,R_worst,15,105,3,24,0,0,78,False,False,1,1
q4_0061_P4_diagnostic_v1_grid_v1_nccp/state=16/planner=q4_active,q4_active,G_worst,15,105,3,24,0,0,78,False,False,1,1
q4_0061_P4_diagnostic_v1_grid_v1_nccp/state=16/planner=q4_active,q4_active,sampled_cert_score,15,105,73,20,0,0,12,False,False,1,1
q4_0061_P4_diagnostic_v1_grid_v1_nccp/state=16/planner=q4_active,q4_active,certified_completion_cost,0,0,0,0,0,0,0,,,0,0
q4_0061_P4_diagnostic_v1_grid_v1_nccp/state=16/planner=q4_active,q4_active,estimated_completion_cost,0,0,0,0,0,0,0,,,0,0
q4_0061_P4_diagnostic_v1_grid_v1_nccp/state=17/planner=q4_active,q4_active,D_worst,15,105,0,0,0,0,105,True,False,1,15
q4_0061_P4_diagnostic_v1_grid_v1_nccp/state=17/planner=q4_active,q4_active,R_worst,15,105,0,0,0,0,105,True,False,1,15
q4_0061_P4_diagnostic_v1_grid_v1_nccp/state=17/planner=q4_active,q4_active,G_worst,15,105,0,0,0,0,105,True,False,1,15
q4_0061_P4_diagnostic_v1_grid_v1_nccp/state=17/planner=q4_active,q4_active,sampled_cert_score,15,105,78,13,0,0,14,False,False,1,2
q4_0061_P4_diagnostic_v1_grid_v1_nccp/state=17/planner=q4_active,q4_active,certified_completion_cost,0,0,0,0,0,0,0,,,0,0
q4_0061_P4_diagnostic_v1_grid_v1_nccp/state=17/planner=q4_active,q4_active,estimated_completion_cost,0,0,0,0,0,0,0,,,0,0
q4_0061_P4_diagnostic_v1_grid_v1_nccp/state=18/planner=q4_active,q4_active,D_worst,15,105,38,12,1,0,54,False,False,1,1
q4_0061_P4_diagnostic_v1_grid_v1_nccp/state=18/planner=q4_active,q4_active,R_worst,15,105,38,12,1,0,54,False,False,1,1
q4_0061_P4_diagnostic_v1_grid_v1_nccp/state=18/planner=q4_active,q4_active,G_worst,15,105,37,10,1,0,57,False,False,1,3
q4_0061_P4_diagnostic_v1_grid_v1_nccp/state=18/planner=q4_active,q4_active,sampled_cert_score,15,105,84,2,0,1,18,True,False,1,6
q4_0061_P4_diagnostic_v1_grid_v1_nccp/state=18/planner=q4_active,q4_active,certified_completion_cost,3,3,1,2,0,0,0,False,False,1,1
q4_0061_P4_diagnostic_v1_grid_v1_nccp/state=18/planner=q4_active,q4_active,estimated_completion_cost,0,0,0,0,0,0,0,,,0,0
q4_0061_P4_diagnostic_v1_grid_v1_nccp/state=19/planner=q4_active,q4_active,D_worst,15,105,1,26,0,0,78,False,False,1,1
q4_0061_P4_diagnostic_v1_grid_v1_nccp/state=19/planner=q4_active,q4_active,R_worst,15,105,1,26,0,0,78,False,False,1,1
q4_0061_P4_diagnostic_v1_grid_v1_nccp/state=19/planner=q4_active,q4_active,G_worst,15,105,1,26,0,0,78,False,False,1,1
q4_0061_P4_diagnostic_v1_grid_v1_nccp/state=19/planner=q4_active,q4_active,sampled_cert_score,15,105,77,19,0,0,9,False,False,1,1
q4_0061_P4_diagnostic_v1_grid_v1_nccp/state=19/planner=q4_active,q4_active,certified_completion_cost,0,0,0,0,0,0,0,,,0,0
q4_0061_P4_diagnostic_v1_grid_v1_nccp/state=19/planner=q4_active,q4_active,estimated_completion_cost,0,0,0,0,0,0,0,,,0,0
q4_0061_P4_diagnostic_v1_grid_v1_nccp/state=20/planner=q4_active,q4_active,D_worst,14,91,0,0,0,0,91,True,False,1,14
q4_0061_P4_diagnostic_v1_grid_v1_nccp/state=20/planner=q4_active,q4_active,R_worst,14,91,0,0,0,0,91,True,False,1,14
q4_0061_P4_diagnostic_v1_grid_v1_nccp/state=20/planner=q4_active,q4_active,G_worst,14,91,0,0,0,0,91,True,False,1,14
q4_0061_P4_diagnostic_v1_grid_v1_nccp/state=20/planner=q4_active,q4_active,sampled_cert_score,14,91,68,10,0,0,13,False,False,1,1
q4_0061_P4_diagnostic_v1_grid_v1_nccp/state=20/planner=q4_active,q4_active,certified_completion_cost,0,0,0,0,0,0,0,,,0,0
q4_0061_P4_diagnostic_v1_grid_v1_nccp/state=20/planner=q4_active,q4_active,estimated_completion_cost,0,0,0,0,0,0,0,,,0,0
q4_0061_P4_diagnostic_v1_grid_v1_nccp/state=21/planner=q4_active,q4_active,D_worst,14,91,0,0,6,0,85,True,False,1,14
q4_0061_P4_diagnostic_v1_grid_v1_nccp/state=21/planner=q4_active,q4_active,R_worst,14,91,0,0,6,0,85,True,False,1,14
q4_0061_P4_diagnostic_v1_grid_v1_nccp/state=21/planner=q4_active,q4_active,G_worst,14,91,0,0,6,0,85,True,False,1,14
q4_0061_P4_diagnostic_v1_grid_v1_nccp/state=21/planner=q4_active,q4_active,sampled_cert_score,14,91,58,2,6,0,25,True,True,1,1
q4_0061_P4_diagnostic_v1_grid_v1_nccp/state=21/planner=q4_active,q4_active,certified_completion_cost,0,0,0,0,0,0,0,,,0,0
q4_0061_P4_diagnostic_v1_grid_v1_nccp/state=21/planner=q4_active,q4_active,estimated_completion_cost,0,0,0,0,0,0,0,,,0,0
q4_0061_P4_diagnostic_v1_grid_v1_nccp/state=22/planner=q4_active,q4_active,D_worst,15,105,26,1,3,0,75,True,True,1,1
q4_0061_P4_diagnostic_v1_grid_v1_nccp/state=22/planner=q4_active,q4_active,R_worst,15,105,26,1,3,0,75,True,True,1,1
q4_0061_P4_diagnostic_v1_grid_v1_nccp/state=22/planner=q4_active,q4_active,G_worst,15,105,25,1,3,0,76,True,False,1,2
q4_0061_P4_diagnostic_v1_grid_v1_nccp/state=22/planner=q4_active,q4_active,sampled_cert_score,15,105,85,5,3,0,12,True,False,1,4
q4_0061_P4_diagnostic_v1_grid_v1_nccp/state=22/planner=q4_active,q4_active,certified_completion_cost,2,1,0,1,0,0,0,False,False,1,1
q4_0061_P4_diagnostic_v1_grid_v1_nccp/state=22/planner=q4_active,q4_active,estimated_completion_cost,0,0,0,0,0,0,0,,,0,0
q4_0061_P4_diagnostic_v1_grid_v1_nccp/state=23/planner=q4_active,q4_active,D_worst,15,105,31,29,0,0,45,False,False,1,1
q4_0061_P4_diagnostic_v1_grid_v1_nccp/state=23/planner=q4_active,q4_active,R_worst,15,105,31,29,0,0,45,False,False,1,1
q4_0061_P4_diagnostic_v1_grid_v1_nccp/state=23/planner=q4_active,q4_active,G_worst,15,105,31,29,0,0,45,False,False,1,1
q4_0061_P4_diagnostic_v1_grid_v1_nccp/state=23/planner=q4_active,q4_active,sampled_cert_score,15,105,76,18,0,0,11,True,False,1,2
q4_0061_P4_diagnostic_v1_grid_v1_nccp/state=23/planner=q4_active,q4_active,certified_completion_cost,0,0,0,0,0,0,0,,,0,0
q4_0061_P4_diagnostic_v1_grid_v1_nccp/state=23/planner=q4_active,q4_active,estimated_completion_cost,0,0,0,0,0,0,0,,,0,0
q4_0072_P4_diagnostic_v1_grid_v1/state=0/planner=q4_active,q4_active,D_worst,15,105,0,0,0,0,105,True,False,1,15
q4_0072_P4_diagnostic_v1_grid_v1/state=0/planner=q4_active,q4_active,R_worst,15,105,0,0,0,0,105,True,False,1,15
q4_0072_P4_diagnostic_v1_grid_v1/state=0/planner=q4_active,q4_active,G_worst,15,105,0,0,0,0,105,True,False,1,15
q4_0072_P4_diagnostic_v1_grid_v1/state=0/planner=q4_active,q4_active,sampled_cert_score,15,105,69,26,0,0,10,False,False,1,4
q4_0072_P4_diagnostic_v1_grid_v1/state=0/planner=q4_active,q4_active,certified_completion_cost,0,0,0,0,0,0,0,,,0,0
q4_0072_P4_diagnostic_v1_grid_v1/state=0/planner=q4_active,q4_active,estimated_completion_cost,0,0,0,0,0,0,0,,,0,0
q4_0072_P4_diagnostic_v1_grid_v1/state=1/planner=q4_active,q4_active,D_worst,15,105,0,0,0,0,105,True,False,1,15
q4_0072_P4_diagnostic_v1_grid_v1/state=1/planner=q4_active,q4_active,R_worst,15,105,0,0,0,0,105,True,False,1,15
q4_0072_P4_diagnostic_v1_grid_v1/state=1/planner=q4_active,q4_active,G_worst,15,105,0,0,0,0,105,True,False,1,15
q4_0072_P4_diagnostic_v1_grid_v1/state=1/planner=q4_active,q4_active,sampled_cert_score,15,105,13,63,0,0,29,False,False,1,1
q4_0072_P4_diagnostic_v1_grid_v1/state=1/planner=q4_active,q4_active,certified_completion_cost,0,0,0,0,0,0,0,,,0,0
q4_0072_P4_diagnostic_v1_grid_v1/state=1/planner=q4_active,q4_active,estimated_completion_cost,0,0,0,0,0,0,0,,,0,0
q4_0072_P4_diagnostic_v1_grid_v1/state=2/planner=q4_active,q4_active,D_worst,15,105,0,0,0,0,105,True,False,1,15
q4_0072_P4_diagnostic_v1_grid_v1/state=2/planner=q4_active,q4_active,R_worst,15,105,0,0,0,0,105,True,False,1,15
q4_0072_P4_diagnostic_v1_grid_v1/state=2/planner=q4_active,q4_active,G_worst,15,105,0,0,0,0,105,True,False,1,15
q4_0072_P4_diagnostic_v1_grid_v1/state=2/planner=q4_active,q4_active,sampled_cert_score,15,105,86,13,0,0,6,True,False,1,3
q4_0072_P4_diagnostic_v1_grid_v1/state=2/planner=q4_active,q4_active,certified_completion_cost,0,0,0,0,0,0,0,,,0,0
q4_0072_P4_diagnostic_v1_grid_v1/state=2/planner=q4_active,q4_active,estimated_completion_cost,0,0,0,0,0,0,0,,,0,0
q4_0072_P4_diagnostic_v1_grid_v1/state=3/planner=diagnostic_v1,diagnostic_v1,D_worst,4,6,0,0,0,0,6,True,False,1,4
q4_0072_P4_diagnostic_v1_grid_v1/state=3/planner=diagnostic_v1,diagnostic_v1,R_worst,4,6,0,0,0,0,6,True,False,1,4
q4_0072_P4_diagnostic_v1_grid_v1/state=3/planner=diagnostic_v1,diagnostic_v1,G_worst,4,6,0,0,0,0,6,True,False,1,4
q4_0072_P4_diagnostic_v1_grid_v1/state=3/planner=diagnostic_v1,diagnostic_v1,sampled_cert_score,4,6,4,1,0,0,1,True,True,1,1
q4_0072_P4_diagnostic_v1_grid_v1/state=3/planner=diagnostic_v1,diagnostic_v1,certified_completion_cost,0,0,0,0,0,0,0,,,0,0
q4_0072_P4_diagnostic_v1_grid_v1/state=3/planner=diagnostic_v1,diagnostic_v1,estimated_completion_cost,4,6,6,0,0,0,0,True,True,1,1
q4_0072_P4_diagnostic_v1_grid_v1/state=4/planner=diagnostic_v1,diagnostic_v1,D_worst,4,6,0,0,0,0,6,True,False,1,4
q4_0072_P4_diagnostic_v1_grid_v1/state=4/planner=diagnostic_v1,diagnostic_v1,R_worst,4,6,0,0,0,0,6,True,False,1,4
q4_0072_P4_diagnostic_v1_grid_v1/state=4/planner=diagnostic_v1,diagnostic_v1,G_worst,4,6,0,0,0,0,6,True,False,1,4
q4_0072_P4_diagnostic_v1_grid_v1/state=4/planner=diagnostic_v1,diagnostic_v1,sampled_cert_score,4,6,6,0,0,0,0,True,True,1,1
q4_0072_P4_diagnostic_v1_grid_v1/state=4/planner=diagnostic_v1,diagnostic_v1,certified_completion_cost,0,0,0,0,0,0,0,,,0,0
q4_0072_P4_diagnostic_v1_grid_v1/state=4/planner=diagnostic_v1,diagnostic_v1,estimated_completion_cost,4,6,6,0,0,0,0,True,True,1,1
q4_0072_P4_diagnostic_v1_grid_v1/state=5/planner=q4_active,q4_active,D_worst,15,105,7,32,0,0,66,False,False,1,1
q4_0072_P4_diagnostic_v1_grid_v1/state=5/planner=q4_active,q4_active,R_worst,15,105,7,32,0,0,66,False,False,1,1
q4_0072_P4_diagnostic_v1_grid_v1/state=5/planner=q4_active,q4_active,G_worst,15,105,7,32,0,0,66,False,False,1,1
q4_0072_P4_diagnostic_v1_grid_v1/state=5/planner=q4_active,q4_active,sampled_cert_score,15,105,85,15,0,0,5,False,False,1,1
q4_0072_P4_diagnostic_v1_grid_v1/state=5/planner=q4_active,q4_active,certified_completion_cost,0,0,0,0,0,0,0,,,0,0
q4_0072_P4_diagnostic_v1_grid_v1/state=5/planner=q4_active,q4_active,estimated_completion_cost,0,0,0,0,0,0,0,,,0,0
q4_0072_P4_diagnostic_v1_grid_v1/state=6/planner=diagnostic_v1,diagnostic_v1,D_worst,4,6,0,0,0,0,6,True,False,1,4
q4_0072_P4_diagnostic_v1_grid_v1/state=6/planner=diagnostic_v1,diagnostic_v1,R_worst,4,6,0,0,0,0,6,True,False,1,4
q4_0072_P4_diagnostic_v1_grid_v1/state=6/planner=diagnostic_v1,diagnostic_v1,G_worst,4,6,0,0,0,0,6,True,False,1,4
q4_0072_P4_diagnostic_v1_grid_v1/state=6/planner=diagnostic_v1,diagnostic_v1,sampled_cert_score,4,6,3,0,0,0,3,True,False,1,3
q4_0072_P4_diagnostic_v1_grid_v1/state=6/planner=diagnostic_v1,diagnostic_v1,certified_completion_cost,0,0,0,0,0,0,0,,,0,0
q4_0072_P4_diagnostic_v1_grid_v1/state=6/planner=diagnostic_v1,diagnostic_v1,estimated_completion_cost,4,6,6,0,0,0,0,True,True,1,1
q4_0072_P4_diagnostic_v1_grid_v1/state=7/planner=diagnostic_v1,diagnostic_v1,D_worst,4,6,0,0,0,0,6,True,False,1,4
q4_0072_P4_diagnostic_v1_grid_v1/state=7/planner=diagnostic_v1,diagnostic_v1,R_worst,4,6,0,0,0,0,6,True,False,1,4
q4_0072_P4_diagnostic_v1_grid_v1/state=7/planner=diagnostic_v1,diagnostic_v1,G_worst,4,6,0,0,0,0,6,True,False,1,4
q4_0072_P4_diagnostic_v1_grid_v1/state=7/planner=diagnostic_v1,diagnostic_v1,sampled_cert_score,4,6,2,1,0,0,3,True,False,1,3
q4_0072_P4_diagnostic_v1_grid_v1/state=7/planner=diagnostic_v1,diagnostic_v1,certified_completion_cost,0,0,0,0,0,0,0,,,0,0
q4_0072_P4_diagnostic_v1_grid_v1/state=7/planner=diagnostic_v1,diagnostic_v1,estimated_completion_cost,4,6,2,4,0,0,0,False,False,1,1
q4_0072_P4_diagnostic_v1_grid_v1/state=8/planner=diagnostic_v1,diagnostic_v1,D_worst,4,6,0,0,0,0,6,True,False,1,4
q4_0072_P4_diagnostic_v1_grid_v1/state=8/planner=diagnostic_v1,diagnostic_v1,R_worst,4,6,0,0,0,0,6,True,False,1,4
q4_0072_P4_diagnostic_v1_grid_v1/state=8/planner=diagnostic_v1,diagnostic_v1,G_worst,4,6,0,0,0,0,6,True,False,1,4
q4_0072_P4_diagnostic_v1_grid_v1/state=8/planner=diagnostic_v1,diagnostic_v1,sampled_cert_score,4,6,0,0,0,0,6,True,False,1,4
q4_0072_P4_diagnostic_v1_grid_v1/state=8/planner=diagnostic_v1,diagnostic_v1,certified_completion_cost,0,0,0,0,0,0,0,,,0,0
q4_0072_P4_diagnostic_v1_grid_v1/state=8/planner=diagnostic_v1,diagnostic_v1,estimated_completion_cost,4,6,5,1,0,0,0,True,True,1,1
q4_0072_P4_diagnostic_v1_grid_v1/state=9/planner=diagnostic_v1,diagnostic_v1,D_worst,4,6,0,0,0,0,6,True,False,1,4
q4_0072_P4_diagnostic_v1_grid_v1/state=9/planner=diagnostic_v1,diagnostic_v1,R_worst,4,6,0,0,0,0,6,True,False,1,4
q4_0072_P4_diagnostic_v1_grid_v1/state=9/planner=diagnostic_v1,diagnostic_v1,G_worst,4,6,0,0,0,0,6,True,False,1,4
q4_0072_P4_diagnostic_v1_grid_v1/state=9/planner=diagnostic_v1,diagnostic_v1,sampled_cert_score,4,6,0,3,0,0,3,False,False,1,3
q4_0072_P4_diagnostic_v1_grid_v1/state=9/planner=diagnostic_v1,diagnostic_v1,certified_completion_cost,0,0,0,0,0,0,0,,,0,0
q4_0072_P4_diagnostic_v1_grid_v1/state=9/planner=diagnostic_v1,diagnostic_v1,estimated_completion_cost,4,6,6,0,0,0,0,True,True,1,1
q4_0072_P4_diagnostic_v1_grid_v1/state=10/planner=diagnostic_v1,diagnostic_v1,D_worst,4,6,0,0,0,0,6,True,False,1,4
q4_0072_P4_diagnostic_v1_grid_v1/state=10/planner=diagnostic_v1,diagnostic_v1,R_worst,4,6,0,0,0,0,6,True,False,1,4
q4_0072_P4_diagnostic_v1_grid_v1/state=10/planner=diagnostic_v1,diagnostic_v1,G_worst,4,6,0,0,0,0,6,True,False,1,4
q4_0072_P4_diagnostic_v1_grid_v1/state=10/planner=diagnostic_v1,diagnostic_v1,sampled_cert_score,4,6,4,1,0,0,1,True,False,1,2
q4_0072_P4_diagnostic_v1_grid_v1/state=10/planner=diagnostic_v1,diagnostic_v1,certified_completion_cost,0,0,0,0,0,0,0,,,0,0
q4_0072_P4_diagnostic_v1_grid_v1/state=10/planner=diagnostic_v1,diagnostic_v1,estimated_completion_cost,4,6,6,0,0,0,0,True,True,1,1
q4_0072_P4_diagnostic_v1_grid_v1/state=11/planner=diagnostic_v1,diagnostic_v1,D_worst,4,6,0,0,0,0,6,True,False,1,4
q4_0072_P4_diagnostic_v1_grid_v1/state=11/planner=diagnostic_v1,diagnostic_v1,R_worst,4,6,0,0,0,0,6,True,False,1,4
q4_0072_P4_diagnostic_v1_grid_v1/state=11/planner=diagnostic_v1,diagnostic_v1,G_worst,4,6,0,0,0,0,6,True,False,1,4
q4_0072_P4_diagnostic_v1_grid_v1/state=11/planner=diagnostic_v1,diagnostic_v1,sampled_cert_score,4,6,3,2,0,0,1,True,False,1,2
q4_0072_P4_diagnostic_v1_grid_v1/state=11/planner=diagnostic_v1,diagnostic_v1,certified_completion_cost,0,0,0,0,0,0,0,,,0,0
q4_0072_P4_diagnostic_v1_grid_v1/state=11/planner=diagnostic_v1,diagnostic_v1,estimated_completion_cost,4,6,6,0,0,0,0,True,True,1,1
q4_0072_P4_diagnostic_v1_grid_v1/state=12/planner=diagnostic_v1,diagnostic_v1,D_worst,4,6,0,0,0,0,6,True,False,1,4
q4_0072_P4_diagnostic_v1_grid_v1/state=12/planner=diagnostic_v1,diagnostic_v1,R_worst,4,6,0,0,0,0,6,True,False,1,4
q4_0072_P4_diagnostic_v1_grid_v1/state=12/planner=diagnostic_v1,diagnostic_v1,G_worst,4,6,0,0,0,0,6,True,False,1,4
q4_0072_P4_diagnostic_v1_grid_v1/state=12/planner=diagnostic_v1,diagnostic_v1,sampled_cert_score,4,6,0,0,0,0,6,True,False,1,4
q4_0072_P4_diagnostic_v1_grid_v1/state=12/planner=diagnostic_v1,diagnostic_v1,certified_completion_cost,0,0,0,0,0,0,0,,,0,0
q4_0072_P4_diagnostic_v1_grid_v1/state=12/planner=diagnostic_v1,diagnostic_v1,estimated_completion_cost,4,6,6,0,0,0,0,True,True,1,1
q4_0072_P4_diagnostic_v1_grid_v1/state=13/planner=diagnostic_v1,diagnostic_v1,D_worst,4,6,0,0,0,0,6,True,False,1,4
q4_0072_P4_diagnostic_v1_grid_v1/state=13/planner=diagnostic_v1,diagnostic_v1,R_worst,4,6,0,0,0,0,6,True,False,1,4
q4_0072_P4_diagnostic_v1_grid_v1/state=13/planner=diagnostic_v1,diagnostic_v1,G_worst,4,6,0,0,0,0,6,True,False,1,4
q4_0072_P4_diagnostic_v1_grid_v1/state=13/planner=diagnostic_v1,diagnostic_v1,sampled_cert_score,4,6,6,0,0,0,0,True,True,1,1
q4_0072_P4_diagnostic_v1_grid_v1/state=13/planner=diagnostic_v1,diagnostic_v1,certified_completion_cost,0,0,0,0,0,0,0,,,0,0
q4_0072_P4_diagnostic_v1_grid_v1/state=13/planner=diagnostic_v1,diagnostic_v1,estimated_completion_cost,4,6,5,1,0,0,0,True,True,1,1
q4_0072_P4_diagnostic_v1_grid_v1/state=14/planner=q4_active,q4_active,D_worst,15,105,4,23,0,0,78,False,False,1,1
q4_0072_P4_diagnostic_v1_grid_v1/state=14/planner=q4_active,q4_active,R_worst,15,105,4,23,0,0,78,False,False,1,1
q4_0072_P4_diagnostic_v1_grid_v1/state=14/planner=q4_active,q4_active,G_worst,15,105,4,23,0,0,78,False,False,1,1
q4_0072_P4_diagnostic_v1_grid_v1/state=14/planner=q4_active,q4_active,sampled_cert_score,15,105,60,28,0,0,17,True,False,1,5
q4_0072_P4_diagnostic_v1_grid_v1/state=14/planner=q4_active,q4_active,certified_completion_cost,0,0,0,0,0,0,0,,,0,0
q4_0072_P4_diagnostic_v1_grid_v1/state=14/planner=q4_active,q4_active,estimated_completion_cost,0,0,0,0,0,0,0,,,0,0
q4_0072_P4_diagnostic_v1_grid_v1/state=15/planner=q4_active,q4_active,D_worst,15,105,27,0,0,0,78,True,True,1,1
q4_0072_P4_diagnostic_v1_grid_v1/state=15/planner=q4_active,q4_active,R_worst,15,105,27,0,0,0,78,True,True,1,1
q4_0072_P4_diagnostic_v1_grid_v1/state=15/planner=q4_active,q4_active,G_worst,15,105,27,0,0,0,78,True,True,1,1
q4_0072_P4_diagnostic_v1_grid_v1/state=15/planner=q4_active,q4_active,sampled_cert_score,15,105,78,13,0,0,14,False,False,1,2
q4_0072_P4_diagnostic_v1_grid_v1/state=15/planner=q4_active,q4_active,certified_completion_cost,0,0,0,0,0,0,0,,,0,0
q4_0072_P4_diagnostic_v1_grid_v1/state=15/planner=q4_active,q4_active,estimated_completion_cost,0,0,0,0,0,0,0,,,0,0
q4_0072_P4_diagnostic_v1_grid_v1/state=16/planner=q4_active,q4_active,D_worst,15,105,42,18,6,0,39,False,False,1,1
q4_0072_P4_diagnostic_v1_grid_v1/state=16/planner=q4_active,q4_active,R_worst,15,105,42,18,6,0,39,False,False,1,1
q4_0072_P4_diagnostic_v1_grid_v1/state=16/planner=q4_active,q4_active,G_worst,15,105,42,18,6,0,39,False,False,1,1
q4_0072_P4_diagnostic_v1_grid_v1/state=16/planner=q4_active,q4_active,sampled_cert_score,15,105,79,13,6,0,7,True,True,1,1
q4_0072_P4_diagnostic_v1_grid_v1/state=16/planner=q4_active,q4_active,certified_completion_cost,0,0,0,0,0,0,0,,,0,0
q4_0072_P4_diagnostic_v1_grid_v1/state=16/planner=q4_active,q4_active,estimated_completion_cost,0,0,0,0,0,0,0,,,0,0
q4_0072_P4_diagnostic_v1_grid_v1/state=17/planner=q4_active,q4_active,D_worst,15,105,0,0,15,0,90,True,False,1,15
q4_0072_P4_diagnostic_v1_grid_v1/state=17/planner=q4_active,q4_active,R_worst,15,105,0,0,15,0,90,True,False,1,15
q4_0072_P4_diagnostic_v1_grid_v1/state=17/planner=q4_active,q4_active,G_worst,15,105,0,0,15,0,90,True,False,1,15
q4_0072_P4_diagnostic_v1_grid_v1/state=17/planner=q4_active,q4_active,sampled_cert_score,15,105,61,6,15,0,23,False,False,1,1
q4_0072_P4_diagnostic_v1_grid_v1/state=17/planner=q4_active,q4_active,certified_completion_cost,0,0,0,0,0,0,0,,,0,0
q4_0072_P4_diagnostic_v1_grid_v1/state=17/planner=q4_active,q4_active,estimated_completion_cost,0,0,0,0,0,0,0,,,0,0
q4_0072_P4_diagnostic_v1_grid_v1/state=18/planner=q4_active,q4_active,D_worst,15,105,59,1,3,0,42,True,True,1,1
q4_0072_P4_diagnostic_v1_grid_v1/state=18/planner=q4_active,q4_active,R_worst,15,105,59,1,3,0,42,True,True,1,1
q4_0072_P4_diagnostic_v1_grid_v1/state=18/planner=q4_active,q4_active,G_worst,15,105,49,1,3,0,52,True,False,1,5
q4_0072_P4_diagnostic_v1_grid_v1/state=18/planner=q4_active,q4_active,sampled_cert_score,15,105,81,2,3,0,19,True,False,1,6
q4_0072_P4_diagnostic_v1_grid_v1/state=18/planner=q4_active,q4_active,certified_completion_cost,5,10,9,1,0,0,0,False,False,1,1
q4_0072_P4_diagnostic_v1_grid_v1/state=18/planner=q4_active,q4_active,estimated_completion_cost,0,0,0,0,0,0,0,,,0,0
q4_0072_P4_diagnostic_v1_grid_v1_nccp/state=0/planner=q4_active,q4_active,D_worst,15,105,0,0,0,0,105,True,False,1,15
q4_0072_P4_diagnostic_v1_grid_v1_nccp/state=0/planner=q4_active,q4_active,R_worst,15,105,0,0,0,0,105,True,False,1,15
q4_0072_P4_diagnostic_v1_grid_v1_nccp/state=0/planner=q4_active,q4_active,G_worst,15,105,0,0,0,0,105,True,False,1,15
q4_0072_P4_diagnostic_v1_grid_v1_nccp/state=0/planner=q4_active,q4_active,sampled_cert_score,15,105,69,26,0,0,10,False,False,1,4
q4_0072_P4_diagnostic_v1_grid_v1_nccp/state=0/planner=q4_active,q4_active,certified_completion_cost,0,0,0,0,0,0,0,,,0,0
q4_0072_P4_diagnostic_v1_grid_v1_nccp/state=0/planner=q4_active,q4_active,estimated_completion_cost,0,0,0,0,0,0,0,,,0,0
q4_0072_P4_diagnostic_v1_grid_v1_nccp/state=1/planner=q4_active,q4_active,D_worst,15,105,0,0,0,0,105,True,False,1,15
q4_0072_P4_diagnostic_v1_grid_v1_nccp/state=1/planner=q4_active,q4_active,R_worst,15,105,0,0,0,0,105,True,False,1,15
q4_0072_P4_diagnostic_v1_grid_v1_nccp/state=1/planner=q4_active,q4_active,G_worst,15,105,0,0,0,0,105,True,False,1,15
q4_0072_P4_diagnostic_v1_grid_v1_nccp/state=1/planner=q4_active,q4_active,sampled_cert_score,15,105,13,63,0,0,29,False,False,1,1
q4_0072_P4_diagnostic_v1_grid_v1_nccp/state=1/planner=q4_active,q4_active,certified_completion_cost,0,0,0,0,0,0,0,,,0,0
q4_0072_P4_diagnostic_v1_grid_v1_nccp/state=1/planner=q4_active,q4_active,estimated_completion_cost,0,0,0,0,0,0,0,,,0,0
q4_0072_P4_diagnostic_v1_grid_v1_nccp/state=2/planner=q4_active,q4_active,D_worst,15,105,0,0,0,0,105,True,False,1,15
q4_0072_P4_diagnostic_v1_grid_v1_nccp/state=2/planner=q4_active,q4_active,R_worst,15,105,0,0,0,0,105,True,False,1,15
q4_0072_P4_diagnostic_v1_grid_v1_nccp/state=2/planner=q4_active,q4_active,G_worst,15,105,0,0,0,0,105,True,False,1,15
q4_0072_P4_diagnostic_v1_grid_v1_nccp/state=2/planner=q4_active,q4_active,sampled_cert_score,15,105,86,13,0,0,6,True,False,1,3
q4_0072_P4_diagnostic_v1_grid_v1_nccp/state=2/planner=q4_active,q4_active,certified_completion_cost,0,0,0,0,0,0,0,,,0,0
q4_0072_P4_diagnostic_v1_grid_v1_nccp/state=2/planner=q4_active,q4_active,estimated_completion_cost,0,0,0,0,0,0,0,,,0,0
q4_0072_P4_diagnostic_v1_grid_v1_nccp/state=3/planner=diagnostic_v1,diagnostic_v1,D_worst,4,6,0,0,0,0,6,True,False,1,4
q4_0072_P4_diagnostic_v1_grid_v1_nccp/state=3/planner=diagnostic_v1,diagnostic_v1,R_worst,4,6,0,0,0,0,6,True,False,1,4
q4_0072_P4_diagnostic_v1_grid_v1_nccp/state=3/planner=diagnostic_v1,diagnostic_v1,G_worst,4,6,0,0,0,0,6,True,False,1,4
q4_0072_P4_diagnostic_v1_grid_v1_nccp/state=3/planner=diagnostic_v1,diagnostic_v1,sampled_cert_score,4,6,4,2,0,0,0,True,True,1,1
q4_0072_P4_diagnostic_v1_grid_v1_nccp/state=3/planner=diagnostic_v1,diagnostic_v1,certified_completion_cost,0,0,0,0,0,0,0,,,0,0
q4_0072_P4_diagnostic_v1_grid_v1_nccp/state=3/planner=diagnostic_v1,diagnostic_v1,estimated_completion_cost,4,6,6,0,0,0,0,True,True,1,1
q4_0072_P4_diagnostic_v1_grid_v1_nccp/state=4/planner=diagnostic_v1,diagnostic_v1,D_worst,4,6,0,0,0,0,6,True,False,1,4
q4_0072_P4_diagnostic_v1_grid_v1_nccp/state=4/planner=diagnostic_v1,diagnostic_v1,R_worst,4,6,0,0,0,0,6,True,False,1,4
q4_0072_P4_diagnostic_v1_grid_v1_nccp/state=4/planner=diagnostic_v1,diagnostic_v1,G_worst,4,6,0,0,0,0,6,True,False,1,4
q4_0072_P4_diagnostic_v1_grid_v1_nccp/state=4/planner=diagnostic_v1,diagnostic_v1,sampled_cert_score,4,6,6,0,0,0,0,True,True,1,1
q4_0072_P4_diagnostic_v1_grid_v1_nccp/state=4/planner=diagnostic_v1,diagnostic_v1,certified_completion_cost,0,0,0,0,0,0,0,,,0,0
q4_0072_P4_diagnostic_v1_grid_v1_nccp/state=4/planner=diagnostic_v1,diagnostic_v1,estimated_completion_cost,4,6,6,0,0,0,0,True,True,1,1
q4_0072_P4_diagnostic_v1_grid_v1_nccp/state=5/planner=q4_active,q4_active,D_worst,15,105,7,32,0,0,66,False,False,1,1
q4_0072_P4_diagnostic_v1_grid_v1_nccp/state=5/planner=q4_active,q4_active,R_worst,15,105,7,32,0,0,66,False,False,1,1
q4_0072_P4_diagnostic_v1_grid_v1_nccp/state=5/planner=q4_active,q4_active,G_worst,15,105,7,32,0,0,66,False,False,1,1
q4_0072_P4_diagnostic_v1_grid_v1_nccp/state=5/planner=q4_active,q4_active,sampled_cert_score,15,105,85,15,0,0,5,False,False,1,1
q4_0072_P4_diagnostic_v1_grid_v1_nccp/state=5/planner=q4_active,q4_active,certified_completion_cost,0,0,0,0,0,0,0,,,0,0
q4_0072_P4_diagnostic_v1_grid_v1_nccp/state=5/planner=q4_active,q4_active,estimated_completion_cost,0,0,0,0,0,0,0,,,0,0
q4_0072_P4_diagnostic_v1_grid_v1_nccp/state=6/planner=diagnostic_v1,diagnostic_v1,D_worst,4,6,0,0,0,0,6,True,False,1,4
q4_0072_P4_diagnostic_v1_grid_v1_nccp/state=6/planner=diagnostic_v1,diagnostic_v1,R_worst,4,6,0,0,0,0,6,True,False,1,4
q4_0072_P4_diagnostic_v1_grid_v1_nccp/state=6/planner=diagnostic_v1,diagnostic_v1,G_worst,4,6,0,0,0,0,6,True,False,1,4
q4_0072_P4_diagnostic_v1_grid_v1_nccp/state=6/planner=diagnostic_v1,diagnostic_v1,sampled_cert_score,4,6,3,0,0,0,3,True,False,1,3
q4_0072_P4_diagnostic_v1_grid_v1_nccp/state=6/planner=diagnostic_v1,diagnostic_v1,certified_completion_cost,0,0,0,0,0,0,0,,,0,0
q4_0072_P4_diagnostic_v1_grid_v1_nccp/state=6/planner=diagnostic_v1,diagnostic_v1,estimated_completion_cost,4,6,6,0,0,0,0,True,True,1,1
q4_0072_P4_diagnostic_v1_grid_v1_nccp/state=7/planner=diagnostic_v1,diagnostic_v1,D_worst,4,6,0,0,0,0,6,True,False,1,4
q4_0072_P4_diagnostic_v1_grid_v1_nccp/state=7/planner=diagnostic_v1,diagnostic_v1,R_worst,4,6,0,0,0,0,6,True,False,1,4
q4_0072_P4_diagnostic_v1_grid_v1_nccp/state=7/planner=diagnostic_v1,diagnostic_v1,G_worst,4,6,0,0,0,0,6,True,False,1,4
q4_0072_P4_diagnostic_v1_grid_v1_nccp/state=7/planner=diagnostic_v1,diagnostic_v1,sampled_cert_score,4,6,2,1,0,0,3,True,False,1,3
q4_0072_P4_diagnostic_v1_grid_v1_nccp/state=7/planner=diagnostic_v1,diagnostic_v1,certified_completion_cost,0,0,0,0,0,0,0,,,0,0
q4_0072_P4_diagnostic_v1_grid_v1_nccp/state=7/planner=diagnostic_v1,diagnostic_v1,estimated_completion_cost,4,6,3,3,0,0,0,False,False,1,1
q4_0072_P4_diagnostic_v1_grid_v1_nccp/state=8/planner=diagnostic_v1,diagnostic_v1,D_worst,4,6,0,0,0,0,6,True,False,1,4
q4_0072_P4_diagnostic_v1_grid_v1_nccp/state=8/planner=diagnostic_v1,diagnostic_v1,R_worst,4,6,0,0,0,0,6,True,False,1,4
q4_0072_P4_diagnostic_v1_grid_v1_nccp/state=8/planner=diagnostic_v1,diagnostic_v1,G_worst,4,6,0,0,0,0,6,True,False,1,4
q4_0072_P4_diagnostic_v1_grid_v1_nccp/state=8/planner=diagnostic_v1,diagnostic_v1,sampled_cert_score,4,6,0,0,0,0,6,True,False,1,4
q4_0072_P4_diagnostic_v1_grid_v1_nccp/state=8/planner=diagnostic_v1,diagnostic_v1,certified_completion_cost,0,0,0,0,0,0,0,,,0,0
q4_0072_P4_diagnostic_v1_grid_v1_nccp/state=8/planner=diagnostic_v1,diagnostic_v1,estimated_completion_cost,4,6,5,1,0,0,0,True,True,1,1
q4_0072_P4_diagnostic_v1_grid_v1_nccp/state=9/planner=diagnostic_v1,diagnostic_v1,D_worst,4,6,0,0,0,0,6,True,False,1,4
q4_0072_P4_diagnostic_v1_grid_v1_nccp/state=9/planner=diagnostic_v1,diagnostic_v1,R_worst,4,6,0,0,0,0,6,True,False,1,4
q4_0072_P4_diagnostic_v1_grid_v1_nccp/state=9/planner=diagnostic_v1,diagnostic_v1,G_worst,4,6,0,0,0,0,6,True,False,1,4
q4_0072_P4_diagnostic_v1_grid_v1_nccp/state=9/planner=diagnostic_v1,diagnostic_v1,sampled_cert_score,4,6,1,4,0,0,1,False,False,1,2
q4_0072_P4_diagnostic_v1_grid_v1_nccp/state=9/planner=diagnostic_v1,diagnostic_v1,certified_completion_cost,0,0,0,0,0,0,0,,,0,0
q4_0072_P4_diagnostic_v1_grid_v1_nccp/state=9/planner=diagnostic_v1,diagnostic_v1,estimated_completion_cost,4,6,5,1,0,0,0,True,True,1,1
q4_0072_P4_diagnostic_v1_grid_v1_nccp/state=10/planner=diagnostic_v1,diagnostic_v1,D_worst,4,6,0,0,0,0,6,True,False,1,4
q4_0072_P4_diagnostic_v1_grid_v1_nccp/state=10/planner=diagnostic_v1,diagnostic_v1,R_worst,4,6,0,0,0,0,6,True,False,1,4
q4_0072_P4_diagnostic_v1_grid_v1_nccp/state=10/planner=diagnostic_v1,diagnostic_v1,G_worst,4,6,0,0,0,0,6,True,False,1,4
q4_0072_P4_diagnostic_v1_grid_v1_nccp/state=10/planner=diagnostic_v1,diagnostic_v1,sampled_cert_score,4,6,5,0,0,0,1,True,False,1,2
q4_0072_P4_diagnostic_v1_grid_v1_nccp/state=10/planner=diagnostic_v1,diagnostic_v1,certified_completion_cost,0,0,0,0,0,0,0,,,0,0
q4_0072_P4_diagnostic_v1_grid_v1_nccp/state=10/planner=diagnostic_v1,diagnostic_v1,estimated_completion_cost,4,6,6,0,0,0,0,True,True,1,1
q4_0072_P4_diagnostic_v1_grid_v1_nccp/state=11/planner=diagnostic_v1,diagnostic_v1,D_worst,4,6,0,0,0,0,6,True,False,1,4
q4_0072_P4_diagnostic_v1_grid_v1_nccp/state=11/planner=diagnostic_v1,diagnostic_v1,R_worst,4,6,0,0,0,0,6,True,False,1,4
q4_0072_P4_diagnostic_v1_grid_v1_nccp/state=11/planner=diagnostic_v1,diagnostic_v1,G_worst,4,6,0,0,0,0,6,True,False,1,4
q4_0072_P4_diagnostic_v1_grid_v1_nccp/state=11/planner=diagnostic_v1,diagnostic_v1,sampled_cert_score,4,6,3,2,0,0,1,True,False,1,2
q4_0072_P4_diagnostic_v1_grid_v1_nccp/state=11/planner=diagnostic_v1,diagnostic_v1,certified_completion_cost,0,0,0,0,0,0,0,,,0,0
q4_0072_P4_diagnostic_v1_grid_v1_nccp/state=11/planner=diagnostic_v1,diagnostic_v1,estimated_completion_cost,4,6,6,0,0,0,0,True,True,1,1
q4_0072_P4_diagnostic_v1_grid_v1_nccp/state=12/planner=diagnostic_v1,diagnostic_v1,D_worst,4,6,0,0,0,0,6,True,False,1,4
q4_0072_P4_diagnostic_v1_grid_v1_nccp/state=12/planner=diagnostic_v1,diagnostic_v1,R_worst,4,6,0,0,0,0,6,True,False,1,4
q4_0072_P4_diagnostic_v1_grid_v1_nccp/state=12/planner=diagnostic_v1,diagnostic_v1,G_worst,4,6,0,0,0,0,6,True,False,1,4
q4_0072_P4_diagnostic_v1_grid_v1_nccp/state=12/planner=diagnostic_v1,diagnostic_v1,sampled_cert_score,4,6,0,0,0,0,6,True,False,1,4
q4_0072_P4_diagnostic_v1_grid_v1_nccp/state=12/planner=diagnostic_v1,diagnostic_v1,certified_completion_cost,0,0,0,0,0,0,0,,,0,0
q4_0072_P4_diagnostic_v1_grid_v1_nccp/state=12/planner=diagnostic_v1,diagnostic_v1,estimated_completion_cost,4,6,6,0,0,0,0,True,True,1,1
q4_0072_P4_diagnostic_v1_grid_v1_nccp/state=13/planner=diagnostic_v1,diagnostic_v1,D_worst,4,6,0,0,0,0,6,True,False,1,4
q4_0072_P4_diagnostic_v1_grid_v1_nccp/state=13/planner=diagnostic_v1,diagnostic_v1,R_worst,4,6,0,0,0,0,6,True,False,1,4
q4_0072_P4_diagnostic_v1_grid_v1_nccp/state=13/planner=diagnostic_v1,diagnostic_v1,G_worst,4,6,0,0,0,0,6,True,False,1,4
q4_0072_P4_diagnostic_v1_grid_v1_nccp/state=13/planner=diagnostic_v1,diagnostic_v1,sampled_cert_score,4,6,6,0,0,0,0,True,True,1,1
q4_0072_P4_diagnostic_v1_grid_v1_nccp/state=13/planner=diagnostic_v1,diagnostic_v1,certified_completion_cost,0,0,0,0,0,0,0,,,0,0
q4_0072_P4_diagnostic_v1_grid_v1_nccp/state=13/planner=diagnostic_v1,diagnostic_v1,estimated_completion_cost,4,6,5,1,0,0,0,True,True,1,1
q4_0072_P4_diagnostic_v1_grid_v1_nccp/state=14/planner=q4_active,q4_active,D_worst,15,105,4,23,0,0,78,False,False,1,1
q4_0072_P4_diagnostic_v1_grid_v1_nccp/state=14/planner=q4_active,q4_active,R_worst,15,105,4,23,0,0,78,False,False,1,1
q4_0072_P4_diagnostic_v1_grid_v1_nccp/state=14/planner=q4_active,q4_active,G_worst,15,105,4,23,0,0,78,False,False,1,1
q4_0072_P4_diagnostic_v1_grid_v1_nccp/state=14/planner=q4_active,q4_active,sampled_cert_score,15,105,60,28,0,0,17,True,False,1,5
q4_0072_P4_diagnostic_v1_grid_v1_nccp/state=14/planner=q4_active,q4_active,certified_completion_cost,0,0,0,0,0,0,0,,,0,0
q4_0072_P4_diagnostic_v1_grid_v1_nccp/state=14/planner=q4_active,q4_active,estimated_completion_cost,0,0,0,0,0,0,0,,,0,0
q4_0072_P4_diagnostic_v1_grid_v1_nccp/state=15/planner=q4_active,q4_active,D_worst,15,105,27,0,0,0,78,True,True,1,1
q4_0072_P4_diagnostic_v1_grid_v1_nccp/state=15/planner=q4_active,q4_active,R_worst,15,105,27,0,0,0,78,True,True,1,1
q4_0072_P4_diagnostic_v1_grid_v1_nccp/state=15/planner=q4_active,q4_active,G_worst,15,105,27,0,0,0,78,True,True,1,1
q4_0072_P4_diagnostic_v1_grid_v1_nccp/state=15/planner=q4_active,q4_active,sampled_cert_score,15,105,78,13,0,0,14,False,False,1,2
q4_0072_P4_diagnostic_v1_grid_v1_nccp/state=15/planner=q4_active,q4_active,certified_completion_cost,0,0,0,0,0,0,0,,,0,0
q4_0072_P4_diagnostic_v1_grid_v1_nccp/state=15/planner=q4_active,q4_active,estimated_completion_cost,0,0,0,0,0,0,0,,,0,0
q4_0072_P4_diagnostic_v1_grid_v1_nccp/state=16/planner=q4_active,q4_active,D_worst,15,105,41,19,6,0,39,False,False,1,1
q4_0072_P4_diagnostic_v1_grid_v1_nccp/state=16/planner=q4_active,q4_active,R_worst,15,105,41,19,6,0,39,False,False,1,1
q4_0072_P4_diagnostic_v1_grid_v1_nccp/state=16/planner=q4_active,q4_active,G_worst,15,105,41,19,6,0,39,False,False,1,1
q4_0072_P4_diagnostic_v1_grid_v1_nccp/state=16/planner=q4_active,q4_active,sampled_cert_score,15,105,72,16,6,0,11,True,False,1,2
q4_0072_P4_diagnostic_v1_grid_v1_nccp/state=16/planner=q4_active,q4_active,certified_completion_cost,1,0,0,0,0,0,0,True,True,1,1
q4_0072_P4_diagnostic_v1_grid_v1_nccp/state=16/planner=q4_active,q4_active,estimated_completion_cost,0,0,0,0,0,0,0,,,0,0
q4_0072_P4_diagnostic_v1_grid_v1_nccp/state=17/planner=q4_active,q4_active,D_worst,15,105,0,0,15,0,90,True,False,1,15
q4_0072_P4_diagnostic_v1_grid_v1_nccp/state=17/planner=q4_active,q4_active,R_worst,15,105,0,0,15,0,90,True,False,1,15
q4_0072_P4_diagnostic_v1_grid_v1_nccp/state=17/planner=q4_active,q4_active,G_worst,15,105,0,0,15,0,90,True,False,1,15
q4_0072_P4_diagnostic_v1_grid_v1_nccp/state=17/planner=q4_active,q4_active,sampled_cert_score,15,105,61,6,15,0,23,False,False,1,1
q4_0072_P4_diagnostic_v1_grid_v1_nccp/state=17/planner=q4_active,q4_active,certified_completion_cost,0,0,0,0,0,0,0,,,0,0
q4_0072_P4_diagnostic_v1_grid_v1_nccp/state=17/planner=q4_active,q4_active,estimated_completion_cost,0,0,0,0,0,0,0,,,0,0
q4_0072_P4_diagnostic_v1_grid_v1_nccp/state=18/planner=q4_active,q4_active,D_worst,15,105,59,1,3,0,42,True,True,1,1
q4_0072_P4_diagnostic_v1_grid_v1_nccp/state=18/planner=q4_active,q4_active,R_worst,15,105,59,1,3,0,42,True,True,1,1
q4_0072_P4_diagnostic_v1_grid_v1_nccp/state=18/planner=q4_active,q4_active,G_worst,15,105,49,1,3,0,52,True,False,1,5
q4_0072_P4_diagnostic_v1_grid_v1_nccp/state=18/planner=q4_active,q4_active,sampled_cert_score,15,105,81,2,3,0,19,True,False,1,6
q4_0072_P4_diagnostic_v1_grid_v1_nccp/state=18/planner=q4_active,q4_active,certified_completion_cost,5,10,9,1,0,0,0,False,False,1,1
q4_0072_P4_diagnostic_v1_grid_v1_nccp/state=18/planner=q4_active,q4_active,estimated_completion_cost,0,0,0,0,0,0,0,,,0,0
