state_key,case,state,planner_kind,action_index_before_selection,target_channel,planner_point,next_action_path,executed_point,g_rule_lambda,candidate_count,current_score_count,current_score_missing,gap_degenerate,no_signal_candidates,all_candidates_no_signal_possible,all_candidate_G_equals_current,no_signal_candidate_indices,invalid_posterior_candidates,invalid_posterior_outcomes,current_G,G_unique_values,g_rule_choice,min_move_choice,planner_choice,g_rule_top_indices,min_move_top_indices,g_vs_move_index_different,g_vs_move_top_sets_disjoint,g_vs_planner_index_different,planner_outside_g_top,actual_next_is_measure,actual_executed_candidate_indices,actual_measure_outside_candidates,g_vs_actual_measure_point_different,actual_measure_outside_g_top,original_plan_accepted,executed_planned_measurement,execution_override_detected,execution_override_reason
q3_0000_P3_current_grid_v1/state=0/planner=q3_active,q3_0000_P3_current_grid_v1,0,q3_active,21,2,"[-735.3235196445257, -572.1726216323823]",/measure,"[-735.3235196445257, -572.1726216323823]",0.2,15,15,0,False,2,False,False,"[1, 2]",0,0,730.2812327669506,14,11,2,11,[11],[2],True,True,False,False,True,[11],False,False,False,,,False,
q3_0000_P3_current_grid_v1/state=1/planner=q3_active,q3_0000_P3_current_grid_v1,1,q3_active,22,2,"[-845.8334320484879, -966.7242768069003]",/measure,"[-845.8334320484879, -966.7242768069003]",0.2,15,15,0,False,0,False,False,[],0,0,42.56945932599312,10,10,1,10,[10],[1],True,True,False,False,True,[10],False,False,False,,,False,
q3_0000_P3_current_grid_v1/state=2/planner=q3_active,q3_0000_P3_current_grid_v1,2,q3_active,24,17,"[-329.0096851058439, -840.7012777833061]",/measure,"[-329.0096851058439, -840.7012777833061]",0.2,15,15,0,False,1,False,False,[1],0,0,730.6004405767181,15,3,1,3,[3],[1],True,True,False,False,True,[3],False,False,False,,,False,
q3_0000_P3_current_grid_v1/state=3/planner=q3_active,q3_0000_P3_current_grid_v1,3,q3_active,25,17,"[112.8712685317798, -959.3536137636006]",/measure,"[112.8712685317798, -959.3536137636006]",0.2,15,15,0,False,0,False,False,[],0,0,1.4043622624862664,3,1,1,13,[1],[1],False,False,True,True,True,[13],False,True,True,,,False,
q3_0000_P3_current_grid_v1/state=4/planner=q3_active,q3_0000_P3_current_grid_v1,4,q3_active,27,15,"[-66.59612212939602, -919.5537853049321]",/measure,"[-66.59612212939602, -919.5537853049321]",0.2,15,15,0,False,0,False,False,[],0,0,730.9054973627944,15,12,13,12,[12],[13],True,True,False,False,True,[12],False,False,False,,,False,
q3_0000_P3_current_grid_v1/state=5/planner=q3_active,q3_0000_P3_current_grid_v1,5,q3_active,28,15,"[163.3335892963421, -1149.6707201621084]",/measure,"[163.3335892963421, -1149.6707201621084]",0.2,15,15,0,False,0,False,False,[],0,0,17.523670038182704,6,11,1,12,[11],[1],True,True,True,True,True,[12],False,True,True,,,False,
q3_0000_P3_current_grid_v1/state=6/planner=q3_active,q3_0000_P3_current_grid_v1,6,q3_active,47,9,"[952.7235246406854, 548.7965837990489]",/measure,"[952.7235246406854, 548.7965837990489]",0.2,15,15,0,False,0,False,False,[],0,0,4.0942949889359745,9,1,1,0,[1],[1],False,False,True,True,True,[0],False,True,True,,,False,
q3_0000_P3_current_grid_v1/state=7/planner=q3_active,q3_0000_P3_current_grid_v1,7,q3_active,49,7,"[921.1461424505761, 649.9582322090334]",/measure,"[921.1461424505761, 649.9582322090334]",0.2,15,15,0,False,0,False,False,[],0,0,7.233248070366251,8,1,1,0,[1],[1],False,False,True,True,True,[0],False,True,True,,,False,
q3_0000_P3_current_grid_v1/state=8/planner=q3_active,q3_0000_P3_current_grid_v1,8,q3_active,66,10,"[156.38309718452143, 1130.1048799224354]",/measure,"[156.38309718452143, 1130.1048799224354]",0.2,15,15,0,False,0,False,False,[],0,0,2.113856992175915,4,1,1,9,[1],[1],False,False,True,True,True,[9],False,True,True,,,False,
q3_0000_P3_current_grid_v1/state=9/planner=q3_active,q3_0000_P3_current_grid_v1,9,q3_active,68,12,"[143.05424412445757, 1385.1621475346287]",/measure,"[143.05424412445757, 1385.1621475346287]",0.2,15,15,0,False,0,False,False,[],0,0,431.4338798833745,15,1,1,11,[1],[1],False,False,True,True,True,[11],False,True,True,,,False,
q3_0000_P3_current_grid_v1/state=10/planner=q3_active,q3_0000_P3_current_grid_v1,10,q3_active,70,18,"[69.68671690099139, 1550.6850795345504]",/measure,"[69.68671690099139, 1550.6850795345504]",0.2,15,15,0,False,1,False,False,[2],0,0,730.7653528735373,15,4,2,4,[4],[2],True,True,False,False,True,[4],False,False,False,,,False,
q3_0000_P3_current_grid_v1/state=11/planner=q3_active,q3_0000_P3_current_grid_v1,11,q3_active,71,18,"[-336.52330287520124, 1426.6376871186474]",/measure,"[-336.52330287520124, 1426.6376871186474]",0.2,15,15,0,False,0,False,False,[],0,0,12.657890099759317,7,1,1,5,[1],[1],False,False,True,True,True,[5],False,True,True,,,False,
q3_0000_P3_current_grid_v1/state=12/planner=q3_active,q3_0000_P3_current_grid_v1,12,q3_active,85,19,"[-548.2592168715969, 746.9238666378936]",/measure,"[-548.2592168715969, 746.9238666378936]",0.2,15,15,0,False,0,False,False,[],0,0,3.190723705877005,2,1,1,1,[1],[1],False,False,False,False,True,[1],False,False,False,,,False,
q3_0000_P3_current_grid_v1/state=13/planner=q3_active,q3_0000_P3_current_grid_v1,13,q3_active,87,6,"[-266.12899328189474, 177.82998598548232]",/measure,"[-266.12899328189474, 177.82998598548232]",0.2,15,15,0,False,0,False,False,[],0,0,1.884225874612092,5,1,1,5,[1],[1],False,False,True,True,True,[5],False,True,True,,,False,
q3_0000_P3_current_grid_v1/state=14/planner=q3_active,q3_0000_P3_current_grid_v1,14,q3_active,89,13,"[-301.27217804343627, 123.1692864054918]",/measure,"[-301.27217804343627, 123.1692864054918]",0.2,15,15,0,True,0,False,False,[],0,0,0.5254903514813982,1,1,1,1,[1],[1],False,False,False,False,True,[1],False,False,False,,,False,
q3_0000_P3_current_grid_v1/state=15/planner=q3_active,q3_0000_P3_current_grid_v1,15,q3_active,100,5,"[-1670.8344573981606, 569.9940021936504]",/measure,"[-1670.8344573981606, 569.9940021936504]",0.2,15,15,0,False,0,False,False,[],0,0,11.560275683233684,11,1,1,0,[1],[1],False,False,True,True,True,[0],False,True,True,,,False,
q3_0000_P3_current_grid_v1/state=16/planner=q3_active,q3_0000_P3_current_grid_v1,16,q3_active,110,8,"[-852.3197279466905, -1363.1032823928258]",/measure,"[-852.3197279466905, -1363.1032823928258]",0.2,15,15,0,False,0,False,False,[],0,0,334.3183690564801,15,10,2,13,[10],[2],True,True,True,True,True,[13],False,True,True,,,False,
q3_0000_P3_current_grid_v1/state=17/planner=q3_active,q3_0000_P3_current_grid_v1,17,q3_active,120,1,"[1356.5754644576875, -726.3347737174944]",/measure,"[1356.5754644576875, -726.3347737174944]",0.2,15,15,0,False,0,False,False,[],0,0,8.0944878263453,5,1,1,1,[1],[1],False,False,False,False,True,[1],False,False,False,,,False,
q3_0000_P3_current_grid_v1_nccp/state=0/planner=q3_active,q3_0000_P3_current_grid_v1_nccp,0,q3_active,21,2,"[-735.3235196445257, -572.1726216323823]",/measure,"[-735.3235196445257, -572.1726216323823]",0.2,15,15,0,False,2,False,False,"[1, 2]",0,0,730.2812327669506,14,11,2,11,[11],[2],True,True,False,False,True,[11],False,False,False,,,False,
q3_0000_P3_current_grid_v1_nccp/state=1/planner=q3_active,q3_0000_P3_current_grid_v1_nccp,1,q3_active,22,2,"[-845.8334320484879, -966.7242768069003]",/measure,"[-845.8334320484879, -966.7242768069003]",0.2,15,15,0,False,0,False,False,[],0,0,42.56945932599312,10,10,1,10,[10],[1],True,True,False,False,True,[10],False,False,False,,,False,
q3_0000_P3_current_grid_v1_nccp/state=2/planner=q3_active,q3_0000_P3_current_grid_v1_nccp,2,q3_active,24,17,"[-329.6242997308452, -838.6727067521582]",/measure,"[-329.6242997308452, -838.6727067521582]",0.2,15,15,0,False,1,False,False,[1],0,0,730.6004405767181,15,3,1,3,[3],[1],True,True,False,False,True,[3],False,False,False,,,False,
q3_0000_P3_current_grid_v1_nccp/state=3/planner=q3_active,q3_0000_P3_current_grid_v1_nccp,3,q3_active,25,17,"[112.88639153651431, -959.4621451839832]",/measure,"[112.88639153651431, -959.4621451839832]",0.2,15,15,0,False,0,False,False,[],0,0,1.477496939687498,3,1,1,13,[1],[1],False,False,True,True,True,[13],False,True,True,,,False,
q3_0000_P3_current_grid_v1_nccp/state=4/planner=q3_active,q3_0000_P3_current_grid_v1_nccp,4,q3_active,27,15,"[-66.59612212939602, -919.5537853049321]",/measure,"[-66.59612212939602, -919.5537853049321]",0.2,15,15,0,False,0,False,False,[],0,0,730.9054973627944,15,12,13,12,[12],[13],True,True,False,False,True,[12],False,False,False,,,False,
q3_0000_P3_current_grid_v1_nccp/state=5/planner=q3_active,q3_0000_P3_current_grid_v1_nccp,5,q3_active,28,15,"[163.3335892963421, -1149.6707201621084]",/measure,"[163.3335892963421, -1149.6707201621084]",0.2,15,15,0,False,0,False,False,[],0,0,17.523670038182704,6,11,1,12,[11],[1],True,True,True,True,True,[12],False,True,True,,,False,
q3_0000_P3_current_grid_v1_nccp/state=6/planner=q3_active,q3_0000_P3_current_grid_v1_nccp,6,q3_active,47,9,"[952.7235246406854, 548.7965837990489]",/measure,"[952.7235246406854, 548.7965837990489]",0.2,15,15,0,False,0,False,False,[],0,0,4.0942949889359745,9,1,1,0,[1],[1],False,False,True,True,True,[0],False,True,True,,,False,
q3_0000_P3_current_grid_v1_nccp/state=7/planner=q3_active,q3_0000_P3_current_grid_v1_nccp,7,q3_active,49,7,"[921.1461424505761, 649.9582322090334]",/measure,"[921.1461424505761, 649.9582322090334]",0.2,15,15,0,False,0,False,False,[],0,0,7.233248070366251,8,1,1,0,[1],[1],False,False,True,True,True,[0],False,True,True,,,False,
q3_0000_P3_current_grid_v1_nccp/state=8/planner=q3_active,q3_0000_P3_current_grid_v1_nccp,8,q3_active,66,10,"[156.38309718452143, 1130.1048799224354]",/measure,"[156.38309718452143, 1130.1048799224354]",0.2,15,15,0,False,0,False,False,[],0,0,2.113856992175915,4,1,1,9,[1],[1],False,False,True,True,True,[9],False,True,True,,,False,
q3_0000_P3_current_grid_v1_nccp/state=9/planner=q3_active,q3_0000_P3_current_grid_v1_nccp,9,q3_active,68,12,"[143.05424412445757, 1385.1621475346287]",/measure,"[143.05424412445757, 1385.1621475346287]",0.2,15,15,0,False,0,False,False,[],0,0,431.4338798833745,15,1,1,11,[1],[1],False,False,True,True,True,[11],False,True,True,,,False,
q3_0000_P3_current_grid_v1_nccp/state=10/planner=q3_active,q3_0000_P3_current_grid_v1_nccp,10,q3_active,70,18,"[68.31814862052211, 1550.4649817764503]",/measure,"[68.31814862052211, 1550.4649817764503]",0.2,15,15,0,False,1,False,False,[2],0,0,730.7653528735373,15,4,2,4,[4],[2],True,True,False,False,True,[4],False,False,False,,,False,
q3_0000_P3_current_grid_v1_nccp/state=11/planner=q3_active,q3_0000_P3_current_grid_v1_nccp,11,q3_active,71,18,"[-336.4176111314022, 1426.5716649018532]",/measure,"[-336.4176111314022, 1426.5716649018532]",0.2,15,15,0,False,0,False,False,[],0,0,12.591146128621478,7,1,1,5,[1],[1],False,False,True,True,True,[5],False,True,True,,,False,
q3_0000_P3_current_grid_v1_nccp/state=12/planner=q3_active,q3_0000_P3_current_grid_v1_nccp,12,q3_active,85,19,"[-548.2592168715969, 746.9238666378936]",/measure,"[-548.2592168715969, 746.9238666378936]",0.2,15,15,0,False,0,False,False,[],0,0,3.190723705877005,2,1,1,1,[1],[1],False,False,False,False,True,[1],False,False,False,,,False,
q3_0000_P3_current_grid_v1_nccp/state=13/planner=q3_active,q3_0000_P3_current_grid_v1_nccp,13,q3_active,87,6,"[-266.12899328189474, 177.82998598548232]",/measure,"[-266.12899328189474, 177.82998598548232]",0.2,15,15,0,False,0,False,False,[],0,0,1.884225874612092,5,1,1,5,[1],[1],False,False,True,True,True,[5],False,True,True,,,False,
q3_0000_P3_current_grid_v1_nccp/state=14/planner=q3_active,q3_0000_P3_current_grid_v1_nccp,14,q3_active,89,13,"[-296.60166500231406, 130.3696663813704]",/measure,"[-296.60166500231406, 130.3696663813704]",0.2,15,15,0,True,0,False,False,[],0,0,0.5254903514813982,1,1,1,1,[1],[1],False,False,False,False,True,[1],False,False,False,,,False,
q3_0000_P3_current_grid_v1_nccp/state=15/planner=q3_active,q3_0000_P3_current_grid_v1_nccp,15,q3_active,100,5,"[-1670.8344573981606, 569.9940021936504]",/measure,"[-1670.8344573981606, 569.9940021936504]",0.2,15,15,0,False,0,False,False,[],0,0,11.560275683233684,11,1,1,0,[1],[1],False,False,True,True,True,[0],False,True,True,,,False,
q3_0000_P3_current_grid_v1_nccp/state=16/planner=q3_active,q3_0000_P3_current_grid_v1_nccp,16,q3_active,110,8,"[-852.3197279466905, -1363.1032823928258]",/measure,"[-852.3197279466905, -1363.1032823928258]",0.2,15,15,0,False,0,False,False,[],0,0,334.3183690564801,15,10,2,13,[10],[2],True,True,True,True,True,[13],False,True,True,,,False,
q3_0000_P3_current_grid_v1_nccp/state=17/planner=q3_active,q3_0000_P3_current_grid_v1_nccp,17,q3_active,120,1,"[1356.44569239313, -726.3486767136469]",/measure,"[1356.44569239313, -726.3486767136469]",0.2,15,15,0,False,0,False,False,[],0,0,8.0944878263453,5,1,1,1,[1],[1],False,False,False,False,True,[1],False,False,False,,,False,
q3_0001_P3_current_grid_v1/state=0/planner=q3_active,q3_0001_P3_current_grid_v1,0,q3_active,21,1,"[-924.1566823317698, 111.1922532799026]",/measure,"[-924.1566823317698, 111.1922532799026]",0.2,15,15,0,False,2,False,False,"[1, 2]",0,0,730.2530670216695,14,10,2,10,[10],[2],True,True,False,False,True,[10],False,False,False,,,False,
q3_0001_P3_current_grid_v1/state=1/planner=q3_active,q3_0001_P3_current_grid_v1,1,q3_active,22,1,"[-505.6726419555464, -22.103473786600656]",/measure,"[-505.6726419555464, -22.103473786600656]",0.2,15,15,0,False,0,False,False,[],0,0,16.895481232103773,5,4,2,6,[4],[2],True,True,True,True,True,[6],False,True,True,,,False,
q3_0001_P3_current_grid_v1/state=2/planner=q3_active,q3_0001_P3_current_grid_v1,2,q3_active,24,17,"[-905.1775258931866, 5.6782145603152685]",/measure,"[-905.1775258931866, 5.6782145603152685]",0.2,15,15,0,False,0,False,False,[],0,0,730.9054973627949,15,12,14,12,[12],[14],True,True,False,False,True,[12],False,False,False,,,False,
q3_0001_P3_current_grid_v1/state=3/planner=q3_active,q3_0001_P3_current_grid_v1,3,q3_active,26,7,"[-608.979907633678, 462.4898541864454]",/measure,"[-608.979907633678, 462.4898541864454]",0.2,15,15,0,False,1,False,False,[2],0,0,730.5098577607346,15,4,2,4,[4],[2],True,True,False,False,True,[4],False,False,False,,,False,
q3_0001_P3_current_grid_v1/state=4/planner=q3_active,q3_0001_P3_current_grid_v1,4,q3_active,27,7,"[-514.5653696141064, 951.5314696939927]",/measure,"[-514.5653696141064, 951.5314696939927]",0.2,15,15,0,False,0,False,False,[],0,0,19.401923730086782,7,12,2,11,[12],[2],True,True,True,True,True,[11],False,True,True,,,False,
q3_0001_P3_current_grid_v1/state=5/planner=q3_active,q3_0001_P3_current_grid_v1,5,q3_active,29,5,"[-2.294882074927216, 826.3440435724859]",/measure,"[-2.294882074927216, 826.3440435724859]",0.2,15,15,0,False,1,False,False,[2],0,0,730.9054973627944,15,4,2,4,[4],[2],True,True,False,False,True,[4],False,False,False,,,False,
q3_0001_P3_current_grid_v1/state=6/planner=q3_active,q3_0001_P3_current_grid_v1,6,q3_active,30,5,"[494.91216077831746, 873.6452666220691]",/measure,"[494.91216077831746, 873.6452666220691]",0.2,15,15,0,False,0,False,False,[],0,0,8.029503847986994,7,2,2,6,[2],[2],False,False,True,True,True,[6],False,True,True,,,False,
q3_0001_P3_current_grid_v1/state=7/planner=q3_active,q3_0001_P3_current_grid_v1,7,q3_active,48,12,"[1014.4849257315357, -290.0665264960013]",/measure,"[1014.4849257315357, -290.0665264960013]",0.2,15,15,0,False,0,False,False,[],0,0,7.982728651459073,9,1,1,1,[1],[1],False,False,False,False,True,[1],False,False,False,,,False,
q3_0001_P3_current_grid_v1/state=8/planner=q3_active,q3_0001_P3_current_grid_v1,8,q3_active,49,12,"[759.8051047976129, -731.9790272963623]",/measure,"[759.8051047976129, -731.9790272963623]",0.2,15,15,0,False,0,False,False,[],0,0,3.031960282203787,4,1,1,6,[1],[1],False,False,True,True,True,[6],False,True,True,,,False,
q3_0001_P3_current_grid_v1/state=9/planner=q3_active,q3_0001_P3_current_grid_v1,9,q3_active,51,18,"[476.32954721324757, -711.7580061026079]",/measure,"[476.32954721324757, -711.7580061026079]",0.2,15,15,0,False,1,False,False,[1],0,0,730.9054973627944,15,3,1,3,[3],[1],True,True,False,False,True,[3],False,False,False,,,False,
q3_0001_P3_current_grid_v1/state=10/planner=q3_active,q3_0001_P3_current_grid_v1,10,q3_active,52,18,"[196.55514895616162, -1091.1908407285007]",/measure,"[196.55514895616162, -1091.1908407285007]",0.2,15,15,0,False,0,False,False,[],0,0,14.023584193267222,8,1,1,5,[1],[1],False,False,True,True,True,[5],False,True,True,,,False,
q3_0001_P3_current_grid_v1/state=11/planner=q3_active,q3_0001_P3_current_grid_v1,11,q3_active,54,10,"[-241.43384623830855, -798.9507040133554]",/measure,"[-241.43384623830855, -798.9507040133554]",0.2,15,15,0,False,3,False,False,"[1, 8, 12]",0,0,730.9054973627977,13,3,1,3,[3],[1],True,True,False,False,True,[3],False,False,False,,,False,
q3_0001_P3_current_grid_v1/state=12/planner=q3_active,q3_0001_P3_current_grid_v1,12,q3_active,55,10,"[-798.028130597859, -743.858193403728]",/measure,"[-798.028130597859, -743.858193403728]",0.2,15,15,0,False,0,False,False,[],0,0,13.898929603845733,7,1,1,13,[1],[1],False,False,True,True,True,[13],False,True,True,,,False,
q3_0001_P3_current_grid_v1/state=13/planner=q3_active,q3_0001_P3_current_grid_v1,13,q3_active,70,15,"[1321.1718033159682, 1166.1154978929749]",/measure,"[1321.1718033159682, 1166.1154978929749]",0.2,15,15,0,False,0,False,False,[],0,0,11.519942307537427,9,2,2,0,[2],[2],False,False,True,True,True,[0],False,True,True,,,False,
q3_0001_P3_current_grid_v1/state=14/planner=q3_active,q3_0001_P3_current_grid_v1,14,q3_active,72,20,"[-52.28783131211196, 1385.3081957833465]",/measure,"[-52.28783131211196, 1385.3081957833465]",0.2,15,15,0,False,2,False,False,"[1, 2]",0,0,528.001753472215,14,8,2,11,[8],[2],True,True,True,True,True,[11],False,True,True,,,False,
q3_0001_P3_current_grid_v1/state=15/planner=q3_active,q3_0001_P3_current_grid_v1,15,q3_active,96,19,"[-1616.8726553854751, 319.2600607003818]",/measure,"[-1616.8726553854751, 319.2600607003818]",0.2,15,15,0,False,0,False,False,[],0,0,8.85726703730284,9,1,1,12,[1],[1],False,False,True,True,True,[12],False,True,True,,,False,
q3_0001_P3_current_grid_v1/state=16/planner=q3_active,q3_0001_P3_current_grid_v1,16,q3_active,98,11,"[-1591.3109104345112, 235.51601095610982]",/measure,"[-1591.3109104345112, 235.51601095610982]",0.2,15,15,0,False,0,False,False,[],0,0,340.96440067243765,15,1,1,1,[1],[1],False,False,False,False,True,[1],False,False,False,,,False,
q3_0001_P3_current_grid_v1/state=17/planner=q3_active,q3_0001_P3_current_grid_v1,17,q3_active,109,3,"[-1133.9152360231387, -903.3821720377678]",/measure,"[-1133.9152360231387, -903.3821720377678]",0.2,15,15,0,False,0,False,False,[],0,0,405.25448034279293,15,10,2,10,[10],[2],True,True,False,False,True,[10],False,False,False,,,False,
q3_0001_P3_current_grid_v1/state=18/planner=q3_active,q3_0001_P3_current_grid_v1,18,q3_active,111,2,"[84.40766886712674, -1192.3402981639529]",/measure,"[84.40766886712674, -1192.3402981639529]",0.2,15,15,0,False,2,False,False,"[1, 2]",0,0,593.0888889278157,14,13,1,8,[13],[1],True,True,True,True,True,[8],False,True,True,,,False,
q3_0001_P3_current_grid_v1/state=19/planner=q3_active,q3_0001_P3_current_grid_v1,19,q3_active,120,6,"[-358.09673207660535, -1078.8530983375508]",/measure,"[-358.09673207660535, -1078.8530983375508]",0.2,15,15,0,False,2,False,False,"[1, 2]",0,0,730.2348240527314,14,9,1,12,[9],[1],True,True,True,True,True,[12],False,True,True,,,False,
q3_0001_P3_current_grid_v1/state=20/planner=q3_active,q3_0001_P3_current_grid_v1,20,q3_active,121,6,"[471.9695178157156, -997.2821896498192]",/measure,"[471.9695178157156, -997.2821896498192]",0.2,15,15,0,False,0,False,False,[],0,0,48.90529519711612,7,4,2,12,[4],[2],True,True,True,True,True,[12],False,True,True,,,False,
q3_0001_P3_current_grid_v1_nccp/state=0/planner=q3_active,q3_0001_P3_current_grid_v1_nccp,0,q3_active,21,1,"[-924.1566823317698, 111.1922532799026]",/measure,"[-924.1566823317698, 111.1922532799026]",0.2,15,15,0,False,2,False,False,"[1, 2]",0,0,730.2530670216695,14,10,2,10,[10],[2],True,True,False,False,True,[10],False,False,False,,,False,
q3_0001_P3_current_grid_v1_nccp/state=1/planner=q3_active,q3_0001_P3_current_grid_v1_nccp,1,q3_active,22,1,"[-505.6726419555464, -22.103473786600656]",/measure,"[-505.6726419555464, -22.103473786600656]",0.2,15,15,0,False,0,False,False,[],0,0,16.895481232103773,5,4,2,6,[4],[2],True,True,True,True,True,[6],False,True,True,,,False,
q3_0001_P3_current_grid_v1_nccp/state=2/planner=q3_active,q3_0001_P3_current_grid_v1_nccp,2,q3_active,24,17,"[-905.1775258931866, 5.6782145603152685]",/measure,"[-905.1775258931866, 5.6782145603152685]",0.2,15,15,0,False,0,False,False,[],0,0,730.9054973627949,15,12,14,12,[12],[14],True,True,False,False,True,[12],False,False,False,,,False,
q3_0001_P3_current_grid_v1_nccp/state=3/planner=q3_active,q3_0001_P3_current_grid_v1_nccp,3,q3_active,26,7,"[-608.6089916649876, 461.46721689847016]",/measure,"[-608.6089916649876, 461.46721689847016]",0.2,15,15,0,False,1,False,False,[2],0,0,730.5098577607346,15,4,2,4,[4],[2],True,True,False,False,True,[4],False,False,False,,,False,
q3_0001_P3_current_grid_v1_nccp/state=4/planner=q3_active,q3_0001_P3_current_grid_v1_nccp,4,q3_active,27,7,"[-514.5690516903094, 951.5423770313917]",/measure,"[-514.5690516903094, 951.5423770313917]",0.2,15,15,0,False,0,False,False,[],0,0,19.486049404199147,6,12,2,11,[12],[2],True,True,True,True,True,[11],False,True,True,,,False,
q3_0001_P3_current_grid_v1_nccp/state=5/planner=q3_active,q3_0001_P3_current_grid_v1_nccp,5,q3_active,29,5,"[-4.537989048467125, 825.654416954087]",/measure,"[-4.537989048467125, 825.654416954087]",0.2,15,15,0,False,1,False,False,[2],0,0,730.9054973627944,15,4,2,4,[4],[2],True,True,False,False,True,[4],False,False,False,,,False,
q3_0001_P3_current_grid_v1_nccp/state=6/planner=q3_active,q3_0001_P3_current_grid_v1_nccp,6,q3_active,30,5,"[494.84126359773063, 873.5769070114678]",/measure,"[494.84126359773063, 873.5769070114678]",0.2,15,15,0,False,0,False,False,[],0,0,8.091530222492239,7,2,2,6,[2],[2],False,False,True,True,True,[6],False,True,True,,,False,
q3_0001_P3_current_grid_v1_nccp/state=7/planner=q3_active,q3_0001_P3_current_grid_v1_nccp,7,q3_active,48,12,"[1014.4849257315357, -290.0665264960013]",/measure,"[1014.4849257315357, -290.0665264960013]",0.2,15,15,0,False,0,False,False,[],0,0,7.982728651459073,9,1,1,1,[1],[1],False,False,False,False,True,[1],False,False,False,,,False,
q3_0001_P3_current_grid_v1_nccp/state=8/planner=q3_active,q3_0001_P3_current_grid_v1_nccp,8,q3_active,49,12,"[759.8051047976129, -731.9790272963623]",/measure,"[759.8051047976129, -731.9790272963623]",0.2,15,15,0,False,0,False,False,[],0,0,3.031960282203787,4,1,1,6,[1],[1],False,False,True,True,True,[6],False,True,True,,,False,
q3_0001_P3_current_grid_v1_nccp/state=9/planner=q3_active,q3_0001_P3_current_grid_v1_nccp,9,q3_active,51,18,"[704.7106519196007, -708.0698638477484]",/measure,"[704.7106519196007, -708.0698638477484]",0.2,15,15,0,False,0,False,False,[],0,0,730.9054973627944,15,1,1,1,[1],[1],False,False,False,False,True,[1],False,False,False,,,False,
q3_0001_P3_current_grid_v1_nccp/state=10/planner=q3_active,q3_0001_P3_current_grid_v1_nccp,10,q3_active,52,18,"[195.84628270123335, -1105.4585614900927]",/measure,"[195.84628270123335, -1105.4585614900927]",0.2,15,15,0,False,0,False,False,[],0,0,9.365661008328747,7,1,1,14,[1],[1],False,False,True,True,True,[14],False,True,True,,,False,
q3_0001_P3_current_grid_v1_nccp/state=11/planner=q3_active,q3_0001_P3_current_grid_v1_nccp,11,q3_active,54,10,"[-239.26342807273136, -800.6367574481699]",/measure,"[-239.26342807273136, -800.6367574481699]",0.2,15,15,0,False,3,False,False,"[1, 8, 12]",0,0,730.9054973627977,13,3,1,3,[3],[1],True,True,False,False,True,[3],False,False,False,,,False,
q3_0001_P3_current_grid_v1_nccp/state=12/planner=q3_active,q3_0001_P3_current_grid_v1_nccp,12,q3_active,55,10,"[-797.6963053124864, -743.5630334853109]",/measure,"[-797.6963053124864, -743.5630334853109]",0.2,15,15,0,False,0,False,False,[],0,0,13.825935469828575,7,1,1,13,[1],[1],False,False,True,True,True,[13],False,True,True,,,False,
q3_0001_P3_current_grid_v1_nccp/state=13/planner=q3_active,q3_0001_P3_current_grid_v1_nccp,13,q3_active,70,15,"[1321.1718033159682, 1166.1154978929749]",/measure,"[1321.1718033159682, 1166.1154978929749]",0.2,15,15,0,False,0,False,False,[],0,0,11.519942307537427,9,2,2,0,[2],[2],False,False,True,True,True,[0],False,True,True,,,False,
q3_0001_P3_current_grid_v1_nccp/state=14/planner=q3_active,q3_0001_P3_current_grid_v1_nccp,14,q3_active,72,20,"[-52.28783131211196, 1385.3081957833465]",/measure,"[-52.28783131211196, 1385.3081957833465]",0.2,15,15,0,False,2,False,False,"[1, 2]",0,0,528.001753472215,14,8,2,11,[8],[2],True,True,True,True,True,[11],False,True,True,,,False,
q3_0001_P3_current_grid_v1_nccp/state=15/planner=q3_active,q3_0001_P3_current_grid_v1_nccp,15,q3_active,96,19,"[-1616.8726553854751, 319.2600607003818]",/measure,"[-1616.8726553854751, 319.2600607003818]",0.2,15,15,0,False,0,False,False,[],0,0,8.85726703730284,9,1,1,12,[1],[1],False,False,True,True,True,[12],False,True,True,,,False,
q3_0001_P3_current_grid_v1_nccp/state=16/planner=q3_active,q3_0001_P3_current_grid_v1_nccp,16,q3_active,98,11,"[-1594.316476368493, 230.5822563790303]",/measure,"[-1594.316476368493, 230.5822563790303]",0.2,15,15,0,False,0,False,False,[],0,0,340.96440067243765,15,1,1,1,[1],[1],False,False,False,False,True,[1],False,False,False,,,False,
q3_0001_P3_current_grid_v1_nccp/state=17/planner=q3_active,q3_0001_P3_current_grid_v1_nccp,17,q3_active,109,3,"[-1133.9152360231387, -903.3821720377678]",/measure,"[-1133.9152360231387, -903.3821720377678]",0.2,15,15,0,False,0,False,False,[],0,0,405.25448034279293,15,10,2,10,[10],[2],True,True,False,False,True,[10],False,False,False,,,False,
q3_0001_P3_current_grid_v1_nccp/state=18/planner=q3_active,q3_0001_P3_current_grid_v1_nccp,18,q3_active,111,2,"[84.40766886712674, -1192.3402981639529]",/measure,"[84.40766886712674, -1192.3402981639529]",0.2,15,15,0,False,2,False,False,"[1, 2]",0,0,593.0888889278157,14,13,1,8,[13],[1],True,True,True,True,True,[8],False,True,True,,,False,
q3_0001_P3_current_grid_v1_nccp/state=19/planner=q3_active,q3_0001_P3_current_grid_v1_nccp,19,q3_active,120,6,"[-358.09673207660535, -1078.8530983375508]",/measure,"[-358.09673207660535, -1078.8530983375508]",0.2,15,15,0,False,2,False,False,"[1, 2]",0,0,730.2348240527314,14,9,1,12,[9],[1],True,True,True,True,True,[12],False,True,True,,,False,
q3_0001_P3_current_grid_v1_nccp/state=20/planner=q3_active,q3_0001_P3_current_grid_v1_nccp,20,q3_active,121,6,"[471.9695178157156, -997.2821896498192]",/measure,"[471.9695178157156, -997.2821896498192]",0.2,15,15,0,False,0,False,False,[],0,0,48.90529519711612,7,4,2,12,[4],[2],True,True,True,True,True,[12],False,True,True,,,False,
q3_0002_P3_current_grid_v1/state=0/planner=q3_active,q3_0002_P3_current_grid_v1,0,q3_active,21,20,"[-233.04828823439516, 805.2071710704499]",/measure,"[-233.04828823439516, 805.2071710704499]",0.2,15,15,0,False,2,False,False,"[1, 2]",0,0,730.2552102664364,14,8,1,8,[8],[1],True,True,False,False,True,[8],False,False,False,,,False,
q3_0002_P3_current_grid_v1/state=1/planner=q3_active,q3_0002_P3_current_grid_v1,1,q3_active,23,14,"[-418.2662337538113, 725.0438710512819]",/measure,"[-418.2662337538113, 725.0438710512819]",0.2,15,15,0,False,0,False,False,[],0,0,730.9054973627935,15,1,3,1,[1],[3],True,True,False,False,True,[1],False,False,False,,,False,
q3_0002_P3_current_grid_v1/state=2/planner=q3_active,q3_0002_P3_current_grid_v1,2,q3_active,25,12,"[135.1993040002239, -926.3106089621567]",/measure,"[135.1993040002239, -926.3106089621567]",0.2,15,15,0,False,6,False,False,"[1, 2, 3, 4, 9, 13]",0,0,730.6871975664529,10,11,1,14,[11],[1],True,True,True,True,True,[14],False,True,True,,,False,
q3_0002_P3_current_grid_v1/state=3/planner=q3_active,q3_0002_P3_current_grid_v1,3,q3_active,26,12,"[-65.50149006310627, -1184.5468467065336]",/measure,"[-65.50149006310627, -1184.5468467065336]",0.2,15,15,0,False,0,False,False,[],0,0,21.109825797977454,7,9,1,5,[9],[1],True,True,True,True,True,[5],False,True,True,,,False,
q3_0002_P3_current_grid_v1/state=4/planner=q3_active,q3_0002_P3_current_grid_v1,4,q3_active,28,5,"[-81.53851431756179, -890.326718566818]",/measure,"[-81.53851431756179, -890.326718566818]",0.2,15,15,0,False,1,False,False,[2],0,0,730.9054973627943,15,4,2,4,[4],[2],True,True,False,False,True,[4],False,False,False,,,False,
q3_0002_P3_current_grid_v1/state=5/planner=q3_active,q3_0002_P3_current_grid_v1,5,q3_active,30,13,"[264.3462903508375, -874.4554524114437]",/measure,"[264.3462903508375, -874.4554524114437]",0.2,15,15,0,False,0,False,False,[],0,0,730.905497362796,15,2,2,2,[2],[2],False,False,False,False,True,[2],False,False,False,,,False,
q3_0002_P3_current_grid_v1/state=6/planner=q3_active,q3_0002_P3_current_grid_v1,6,q3_active,31,13,"[757.45451935648, -551.36370490184]",/measure,"[757.45451935648, -551.36370490184]",0.2,15,15,0,False,0,False,False,[],0,0,3.826653749049264,6,1,1,0,[1],[1],False,False,True,True,True,[0],False,True,True,,,False,
q3_0002_P3_current_grid_v1/state=7/planner=q3_active,q3_0002_P3_current_grid_v1,7,q3_active,33,18,"[606.5045959842242, -660.4696618266776]",/measure,"[606.5045959842242, -660.4696618266776]",0.2,15,15,0,False,0,False,False,[],0,0,730.2960192045424,15,1,14,1,[1],[14],True,True,False,False,True,[1],False,False,False,,,False,
q3_0002_P3_current_grid_v1/state=8/planner=q3_active,q3_0002_P3_current_grid_v1,8,q3_active,63,6,"[-16.561113232389715, 1387.9795320222722]",/measure,"[-16.561113232389715, 1387.9795320222722]",0.2,15,15,0,False,0,False,False,[],0,0,506.8000554189314,15,11,2,11,[11],[2],True,True,False,False,True,[11],False,False,False,,,False,
q3_0002_P3_current_grid_v1/state=9/planner=q3_active,q3_0002_P3_current_grid_v1,9,q3_active,64,6,"[322.2929206753854, 1240.2619099044105]",/measure,"[322.2929206753854, 1240.2619099044105]",0.2,15,15,0,False,0,False,False,[],0,0,3.087379186416271,3,2,2,12,[2],[2],False,False,True,True,True,[12],False,True,True,,,False,
q3_0002_P3_current_grid_v1/state=10/planner=q3_active,q3_0002_P3_current_grid_v1,10,q3_active,66,11,"[-263.0031452555286, 1133.7200479335604]",/measure,"[-263.0031452555286, 1133.7200479335604]",0.2,15,15,0,False,1,False,False,[1],0,0,710.9220341847597,15,12,7,12,[12],[7],True,True,False,False,True,[12],False,False,False,,,False,
q3_0002_P3_current_grid_v1/state=11/planner=q3_active,q3_0002_P3_current_grid_v1,11,q3_active,67,11,"[-382.8124013943291, 1460.0838098083889]",/measure,"[-382.8124013943291, 1460.0838098083889]",0.2,15,15,0,False,0,False,False,[],0,0,12.144624575674708,7,1,1,5,[1],[1],False,False,True,True,True,[5],False,True,True,,,False,
q3_0002_P3_current_grid_v1/state=12/planner=q3_active,q3_0002_P3_current_grid_v1,12,q3_active,93,9,"[-1415.4322033791022, -499.8305150793744]",/measure,"[-1415.4322033791022, -499.8305150793744]",0.2,15,15,0,False,0,False,False,[],0,0,390.2669797100168,15,14,1,13,[14],[1],True,True,True,True,True,[13],False,True,True,,,False,
q3_0002_P3_current_grid_v1/state=13/planner=q3_active,q3_0002_P3_current_grid_v1,13,q3_active,94,9,"[-1638.727238822169, -536.6583558858587]",/measure,"[-1638.727238822169, -536.6583558858587]",0.2,15,15,0,False,0,False,False,[],0,0,2.8824294993405672,2,1,1,13,[1],[1],False,False,True,True,True,[13],False,True,True,,,False,
q3_0002_P3_current_grid_v1/state=14/planner=q3_active,q3_0002_P3_current_grid_v1,14,q3_active,107,1,"[-491.3799909654068, -1449.5509872983116]",/measure,"[-491.3799909654068, -1449.5509872983116]",0.2,15,15,0,False,0,False,False,[],0,0,330.6152032007462,15,14,1,14,[14],[1],True,True,False,False,True,[14],False,False,False,,,False,
q3_0002_P3_current_grid_v1/state=15/planner=q3_active,q3_0002_P3_current_grid_v1,15,q3_active,109,10,"[114.92932102946696, -1185.0622102242435]",/measure,"[114.92932102946696, -1185.0622102242435]",0.2,15,15,0,False,0,False,False,[],0,0,612.4786283849566,15,1,1,8,[1],[1],False,False,True,True,True,[8],False,True,True,,,False,
q3_0002_P3_current_grid_v1/state=16/planner=q3_active,q3_0002_P3_current_grid_v1,16,q3_active,110,10,"[199.70511279097596, -1555.7495294194712]",/measure,"[199.70511279097596, -1555.7495294194712]",0.2,15,15,0,False,0,False,False,[],0,0,12.546177310360914,7,1,1,5,[1],[1],False,False,True,True,True,[5],False,True,True,,,False,
q3_0002_P3_current_grid_v1/state=17/planner=q3_active,q3_0002_P3_current_grid_v1,17,q3_active,121,2,"[977.4503505893659, -1221.3213371063466]",/measure,"[977.4503505893659, -1221.3213371063466]",0.2,15,15,0,False,0,False,False,[],0,0,322.2642674875295,15,7,1,7,[7],[1],True,True,False,False,True,[7],False,False,False,,,False,
q3_0002_P3_current_grid_v1/state=18/planner=q3_active,q3_0002_P3_current_grid_v1,18,q3_active,123,8,"[-89.44119512814976, -1225.1617487355043]",/measure,"[-89.44119512814976, -1225.1617487355043]",0.2,15,15,0,False,0,False,False,[],0,0,5.023115716036479,5,2,2,6,[2],[2],False,False,True,True,True,[6],False,True,True,,,False,
q3_0002_P3_current_grid_v1_nccp/state=0/planner=q3_active,q3_0002_P3_current_grid_v1_nccp,0,q3_active,21,20,"[-233.04828823439516, 805.2071710704499]",/measure,"[-233.04828823439516, 805.2071710704499]",0.2,15,15,0,False,2,False,False,"[1, 2]",0,0,730.2552102664364,14,8,1,8,[8],[1],True,True,False,False,True,[8],False,False,False,,,False,
q3_0002_P3_current_grid_v1_nccp/state=1/planner=q3_active,q3_0002_P3_current_grid_v1_nccp,1,q3_active,23,14,"[-415.54594659856355, 726.908932365936]",/measure,"[-415.54594659856355, 726.908932365936]",0.2,15,15,0,False,0,False,False,[],0,0,730.9054973627935,15,1,1,1,[1],[1],False,False,False,False,True,[1],False,False,False,,,False,
q3_0002_P3_current_grid_v1_nccp/state=2/planner=q3_active,q3_0002_P3_current_grid_v1_nccp,2,q3_active,25,12,"[135.1993040002239, -926.3106089621567]",/measure,"[135.1993040002239, -926.3106089621567]",0.2,15,15,0,False,6,False,False,"[1, 2, 3, 4, 9, 13]",0,0,730.6871975664529,10,11,1,14,[11],[1],True,True,True,True,True,[14],False,True,True,,,False,
q3_0002_P3_current_grid_v1_nccp/state=3/planner=q3_active,q3_0002_P3_current_grid_v1_nccp,3,q3_active,26,12,"[-65.50149006310627, -1184.5468467065336]",/measure,"[-65.50149006310627, -1184.5468467065336]",0.2,15,15,0,False,0,False,False,[],0,0,21.109825797977454,7,9,1,5,[9],[1],True,True,True,True,True,[5],False,True,True,,,False,
q3_0002_P3_current_grid_v1_nccp/state=4/planner=q3_active,q3_0002_P3_current_grid_v1_nccp,4,q3_active,28,5,"[-78.56130357423193, -890.6562906615327]",/measure,"[-78.56130357423193, -890.6562906615327]",0.2,15,15,0,False,1,False,False,[2],0,0,730.9054973627943,15,4,2,4,[4],[2],True,True,False,False,True,[4],False,False,False,,,False,
q3_0002_P3_current_grid_v1_nccp/state=5/planner=q3_active,q3_0002_P3_current_grid_v1_nccp,5,q3_active,30,13,"[263.28355999434274, -877.4210727317416]",/measure,"[263.28355999434274, -877.4210727317416]",0.2,15,15,0,False,0,False,False,[],0,0,730.905497362796,15,2,2,2,[2],[2],False,False,False,False,True,[2],False,False,False,,,False,
q3_0002_P3_current_grid_v1_nccp/state=6/planner=q3_active,q3_0002_P3_current_grid_v1_nccp,6,q3_active,31,13,"[757.3957635092179, -551.3215518694478]",/measure,"[757.3957635092179, -551.3215518694478]",0.2,15,15,0,False,0,False,False,[],0,0,3.804257802791792,6,1,1,0,[1],[1],False,False,True,True,True,[0],False,True,True,,,False,
q3_0002_P3_current_grid_v1_nccp/state=7/planner=q3_active,q3_0002_P3_current_grid_v1_nccp,7,q3_active,33,18,"[600.9893203055136, -661.9365696408645]",/measure,"[600.9893203055136, -661.9365696408645]",0.2,15,15,0,False,0,False,False,[],0,0,730.2960192045424,15,1,14,1,[1],[14],True,True,False,False,True,[1],False,False,False,,,False,
q3_0002_P3_current_grid_v1_nccp/state=8/planner=q3_active,q3_0002_P3_current_grid_v1_nccp,8,q3_active,63,6,"[-16.561113232389715, 1387.9795320222722]",/measure,"[-16.561113232389715, 1387.9795320222722]",0.2,15,15,0,False,0,False,False,[],0,0,506.8000554189314,15,11,2,11,[11],[2],True,True,False,False,True,[11],False,False,False,,,False,
q3_0002_P3_current_grid_v1_nccp/state=9/planner=q3_active,q3_0002_P3_current_grid_v1_nccp,9,q3_active,64,6,"[322.2929206753854, 1240.2619099044105]",/measure,"[322.2929206753854, 1240.2619099044105]",0.2,15,15,0,False,0,False,False,[],0,0,3.087379186416271,3,2,2,12,[2],[2],False,False,True,True,True,[12],False,True,True,,,False,
q3_0002_P3_current_grid_v1_nccp/state=10/planner=q3_active,q3_0002_P3_current_grid_v1_nccp,10,q3_active,66,11,"[-263.0031452555286, 1133.7200479335604]",/measure,"[-263.0031452555286, 1133.7200479335604]",0.2,15,15,0,False,1,False,False,[1],0,0,710.9220341847597,15,12,7,12,[12],[7],True,True,False,False,True,[12],False,False,False,,,False,
q3_0002_P3_current_grid_v1_nccp/state=11/planner=q3_active,q3_0002_P3_current_grid_v1_nccp,11,q3_active,67,11,"[-382.8124013943291, 1460.0838098083889]",/measure,"[-382.8124013943291, 1460.0838098083889]",0.2,15,15,0,False,0,False,False,[],0,0,12.144624575674708,7,1,1,5,[1],[1],False,False,True,True,True,[5],False,True,True,,,False,
q3_0002_P3_current_grid_v1_nccp/state=12/planner=q3_active,q3_0002_P3_current_grid_v1_nccp,12,q3_active,93,9,"[-1415.4322033791022, -499.8305150793744]",/measure,"[-1415.4322033791022, -499.8305150793744]",0.2,15,15,0,False,0,False,False,[],0,0,390.2669797100168,15,14,1,13,[14],[1],True,True,True,True,True,[13],False,True,True,,,False,
q3_0002_P3_current_grid_v1_nccp/state=13/planner=q3_active,q3_0002_P3_current_grid_v1_nccp,13,q3_active,94,9,"[-1638.727238822169, -536.6583558858587]",/measure,"[-1638.727238822169, -536.6583558858587]",0.2,15,15,0,False,0,False,False,[],0,0,2.8824294993405672,2,1,1,13,[1],[1],False,False,True,True,True,[13],False,True,True,,,False,
q3_0002_P3_current_grid_v1_nccp/state=14/planner=q3_active,q3_0002_P3_current_grid_v1_nccp,14,q3_active,107,1,"[-491.3799909654068, -1449.5509872983116]",/measure,"[-491.3799909654068, -1449.5509872983116]",0.2,15,15,0,False,0,False,False,[],0,0,330.6152032007462,15,14,1,14,[14],[1],True,True,False,False,True,[14],False,False,False,,,False,
q3_0002_P3_current_grid_v1_nccp/state=15/planner=q3_active,q3_0002_P3_current_grid_v1_nccp,15,q3_active,109,10,"[114.92932102946696, -1185.0622102242435]",/measure,"[114.92932102946696, -1185.0622102242435]",0.2,15,15,0,False,0,False,False,[],0,0,612.4786283849566,15,1,1,8,[1],[1],False,False,True,True,True,[8],False,True,True,,,False,
q3_0002_P3_current_grid_v1_nccp/state=16/planner=q3_active,q3_0002_P3_current_grid_v1_nccp,16,q3_active,110,10,"[199.70511279097596, -1555.7495294194712]",/measure,"[199.70511279097596, -1555.7495294194712]",0.2,15,15,0,False,0,False,False,[],0,0,12.546177310360914,7,1,1,5,[1],[1],False,False,True,True,True,[5],False,True,True,,,False,
q3_0002_P3_current_grid_v1_nccp/state=17/planner=q3_active,q3_0002_P3_current_grid_v1_nccp,17,q3_active,121,2,"[977.4503505893659, -1221.3213371063466]",/measure,"[977.4503505893659, -1221.3213371063466]",0.2,15,15,0,False,0,False,False,[],0,0,322.2642674875295,15,7,1,7,[7],[1],True,True,False,False,True,[7],False,False,False,,,False,
q3_0002_P3_current_grid_v1_nccp/state=18/planner=q3_active,q3_0002_P3_current_grid_v1_nccp,18,q3_active,123,8,"[-89.44119512814976, -1225.1617487355043]",/measure,"[-89.44119512814976, -1225.1617487355043]",0.2,15,15,0,False,0,False,False,[],0,0,5.023115716036479,5,2,2,6,[2],[2],False,False,True,True,True,[6],False,True,True,,,False,
q3_0003_P3_current_grid_v1/state=0/planner=q3_active,q3_0003_P3_current_grid_v1,0,q3_active,21,10,"[606.4660622955425, 692.3237310120671]",/measure,"[606.4660622955425, 692.3237310120671]",0.2,15,15,0,False,2,False,False,"[1, 2]",0,0,730.6349772137344,14,9,1,9,[9],[1],True,True,False,False,True,[9],False,False,False,,,False,
q3_0003_P3_current_grid_v1/state=1/planner=q3_active,q3_0003_P3_current_grid_v1,1,q3_active,22,10,"[242.73235534137572, 201.89585365777188]",/measure,"[242.73235534137572, 201.89585365777188]",0.2,15,15,0,False,0,False,False,[],0,0,25.685325834633534,6,4,2,6,[4],[2],True,True,True,True,True,[6],False,True,True,,,False,
q3_0003_P3_current_grid_v1/state=2/planner=q3_active,q3_0003_P3_current_grid_v1,2,q3_active,24,1,"[803.9948699052038, 506.6653018746173]",/measure,"[803.9948699052038, 506.6653018746173]",0.2,15,15,0,False,4,False,False,"[1, 2, 8, 12]",0,0,730.7473246796455,12,14,12,7,[14],[12],True,True,True,True,True,[7],False,True,True,,,False,
q3_0003_P3_current_grid_v1/state=3/planner=q3_active,q3_0003_P3_current_grid_v1,3,q3_active,25,1,"[981.3940381512422, 883.7163774509743]",/measure,"[981.3940381512422, 883.7163774509743]",0.2,15,15,0,False,0,False,False,[],0,0,49.04817287957509,12,14,1,14,[14],[1],True,True,False,False,True,[14],False,False,False,,,False,
q3_0003_P3_current_grid_v1/state=4/planner=q3_active,q3_0003_P3_current_grid_v1,4,q3_active,27,15,"[761.9159722100459, 500.9193827972973]",/measure,"[761.9159722100459, 500.9193827972973]",0.2,15,15,0,False,4,False,False,"[1, 2, 8, 12]",0,0,730.9054973627943,12,3,1,3,[3],[1],True,True,False,False,True,[3],False,False,False,,,False,
q3_0003_P3_current_grid_v1/state=5/planner=q3_active,q3_0003_P3_current_grid_v1,5,q3_active,28,15,"[391.623439316209, 410.50944151458305]",/measure,"[391.623439316209, 410.50944151458305]",0.2,15,15,0,False,0,False,False,[],0,0,5.587418643409016,3,1,1,5,[1],[1],False,False,True,True,True,[5],False,True,True,,,False,
q3_0003_P3_current_grid_v1/state=6/planner=q3_active,q3_0003_P3_current_grid_v1,6,q3_active,47,3,"[997.537326137333, -247.1187126952061]",/measure,"[997.537326137333, -247.1187126952061]",0.2,15,15,0,False,0,False,False,[],0,0,1.2433243161290086,4,2,2,14,[2],[2],False,False,True,True,True,[14],False,True,True,,,False,
q3_0003_P3_current_grid_v1/state=7/planner=q3_active,q3_0003_P3_current_grid_v1,7,q3_active,49,19,"[727.1243548384259, -762.7852853950143]",/measure,"[727.1243548384259, -762.7852853950143]",0.2,15,15,0,False,0,False,False,[],0,0,8.839571611336236,9,1,1,0,[1],[1],False,False,True,True,True,[0],False,True,True,,,False,
q3_0003_P3_current_grid_v1/state=8/planner=q3_active,q3_0003_P3_current_grid_v1,8,q3_active,51,12,"[1141.4849469859944, 669.3981823071267]",/measure,"[1141.4849469859944, 669.3981823071267]",0.2,15,15,0,False,2,False,False,"[1, 2]",0,0,507.370297011051,14,10,1,10,[10],[1],True,True,False,False,True,[10],False,False,False,,,False,
q3_0003_P3_current_grid_v1/state=9/planner=q3_active,q3_0003_P3_current_grid_v1,9,q3_active,52,12,"[1439.7096656759193, 824.9661005257869]",/measure,"[1439.7096656759193, 824.9661005257869]",0.2,15,15,0,False,0,False,False,[],0,0,8.267589449501301,6,2,2,6,[2],[2],False,False,True,True,True,[6],False,True,True,,,False,
q3_0003_P3_current_grid_v1/state=10/planner=q3_active,q3_0003_P3_current_grid_v1,10,q3_active,54,7,"[1119.7494634444608, 701.2572133497079]",/measure,"[1119.7494634444608, 701.2572133497079]",0.2,15,15,0,False,0,False,False,[],0,0,530.2834505408887,15,2,8,10,[2],[8],True,True,True,True,True,[10],False,True,True,,,False,
q3_0003_P3_current_grid_v1/state=11/planner=q3_active,q3_0003_P3_current_grid_v1,11,q3_active,55,7,"[1417.66309473716, 936.1506312377603]",/measure,"[1417.66309473716, 936.1506312377603]",0.2,15,15,0,False,0,False,False,[],0,0,17.065031494338225,6,11,2,10,[11],[2],True,True,True,True,True,[10],False,True,True,,,False,
q3_0003_P3_current_grid_v1/state=12/planner=q3_active,q3_0003_P3_current_grid_v1,12,q3_active,57,2,"[1522.7768992261406, 783.2619730697978]",/measure,"[1522.7768992261406, 783.2619730697978]",0.2,15,15,0,False,0,False,False,[],0,0,631.5754013017644,15,2,8,2,[2],[8],True,True,False,False,True,[2],False,False,False,,,False,
q3_0003_P3_current_grid_v1/state=13/planner=q3_active,q3_0003_P3_current_grid_v1,13,q3_active,58,2,"[1282.055593703729, 1203.6745084358247]",/measure,"[1282.055593703729, 1203.6745084358247]",0.2,15,15,0,False,0,False,False,[],0,0,24.918882878358307,9,7,1,5,[7],[1],True,True,True,True,True,[5],False,True,True,,,False,
q3_0003_P3_current_grid_v1/state=14/planner=q3_active,q3_0003_P3_current_grid_v1,14,q3_active,84,18,"[-1063.837341470275, 980.7592178037175]",/measure,"[-1063.837341470275, 980.7592178037175]",0.2,15,15,0,False,0,False,False,[],0,0,367.64255880491476,15,12,1,12,[12],[1],True,True,False,False,True,[12],False,False,False,,,False,
q3_0003_P3_current_grid_v1/state=15/planner=q3_active,q3_0003_P3_current_grid_v1,15,q3_active,85,18,"[-1255.91377953741, 1229.1680612772825]",/measure,"[-1255.91377953741, 1229.1680612772825]",0.2,15,15,0,False,0,False,False,[],0,0,10.063083407522996,6,2,2,12,[2],[2],False,False,True,True,True,[12],False,True,True,,,False,
q3_0003_P3_current_grid_v1/state=16/planner=q3_active,q3_0003_P3_current_grid_v1,16,q3_active,87,14,"[-1296.9012974447796, 1195.1476084916612]",/measure,"[-1296.9012974447796, 1195.1476084916612]",0.2,15,15,0,False,0,False,False,[],0,0,653.7566367586439,15,1,1,1,[1],[1],False,False,False,False,True,[1],False,False,False,,,False,
q3_0003_P3_current_grid_v1/state=17/planner=q3_active,q3_0003_P3_current_grid_v1,17,q3_active,99,13,"[-1208.1867154214897, -561.7096800963575]",/measure,"[-1208.1867154214897, -561.7096800963575]",0.2,15,15,0,False,0,False,False,[],0,0,445.4603199289003,15,14,1,14,[14],"[1, 2]",True,True,False,False,True,[14],False,False,False,,,False,
q3_0003_P3_current_grid_v1/state=18/planner=q3_active,q3_0003_P3_current_grid_v1,18,q3_active,100,13,"[-1152.861713393963, -91.2368734100991]",/measure,"[-1152.861713393963, -91.2368734100991]",0.2,15,15,0,True,0,False,False,[],0,0,0.8377881064793051,1,2,2,14,[2],[2],False,False,True,True,True,[14],False,True,True,,,False,
q3_0003_P3_current_grid_v1/state=19/planner=q3_active,q3_0003_P3_current_grid_v1,19,q3_active,102,8,"[-1059.7050150582904, -776.0760839093989]",/measure,"[-1059.7050150582904, -776.0760839093989]",0.2,15,15,0,False,0,False,False,[],0,0,588.6865607322358,15,14,1,14,[14],[1],True,True,False,False,True,[14],False,False,False,,,False,
q3_0003_P3_current_grid_v1_nccp/state=0/planner=q3_active,q3_0003_P3_current_grid_v1_nccp,0,q3_active,21,10,"[606.4660622955425, 692.3237310120671]",/measure,"[606.4660622955425, 692.3237310120671]",0.2,15,15,0,False,2,False,False,"[1, 2]",0,0,730.6349772137344,14,9,1,9,[9],[1],True,True,False,False,True,[9],False,False,False,,,False,
q3_0003_P3_current_grid_v1_nccp/state=1/planner=q3_active,q3_0003_P3_current_grid_v1_nccp,1,q3_active,22,10,"[242.73235534137572, 201.89585365777188]",/measure,"[242.73235534137572, 201.89585365777188]",0.2,15,15,0,False,0,False,False,[],0,0,25.685325834633534,6,4,2,6,[4],[2],True,True,True,True,True,[6],False,True,True,,,False,
q3_0003_P3_current_grid_v1_nccp/state=2/planner=q3_active,q3_0003_P3_current_grid_v1_nccp,2,q3_active,24,1,"[803.9948699052038, 506.6653018746173]",/measure,"[803.9948699052038, 506.6653018746173]",0.2,15,15,0,False,4,False,False,"[1, 2, 8, 12]",0,0,730.7473246796455,12,14,12,7,[14],[12],True,True,True,True,True,[7],False,True,True,,,False,
q3_0003_P3_current_grid_v1_nccp/state=3/planner=q3_active,q3_0003_P3_current_grid_v1_nccp,3,q3_active,25,1,"[981.3940381512422, 883.7163774509743]",/measure,"[981.3940381512422, 883.7163774509743]",0.2,15,15,0,False,0,False,False,[],0,0,49.04817287957509,12,14,1,14,[14],[1],True,True,False,False,True,[14],False,False,False,,,False,
q3_0003_P3_current_grid_v1_nccp/state=4/planner=q3_active,q3_0003_P3_current_grid_v1_nccp,4,q3_active,27,15,"[764.5360205360131, 501.60735232221975]",/measure,"[764.5360205360131, 501.60735232221975]",0.2,15,15,0,False,4,False,False,"[1, 2, 8, 12]",0,0,730.9054973627943,12,3,1,3,[3],[1],True,True,False,False,True,[3],False,False,False,,,False,
q3_0003_P3_current_grid_v1_nccp/state=5/planner=q3_active,q3_0003_P3_current_grid_v1_nccp,5,q3_active,28,15,"[391.6758487801393, 410.5445836262793]",/measure,"[391.6758487801393, 410.5445836262793]",0.2,15,15,0,False,0,False,False,[],0,0,5.676263410813522,3,1,1,5,[1],[1],False,False,True,True,True,[5],False,True,True,,,False,
q3_0003_P3_current_grid_v1_nccp/state=6/planner=q3_active,q3_0003_P3_current_grid_v1_nccp,6,q3_active,47,3,"[997.537326137333, -247.1187126952061]",/measure,"[997.537326137333, -247.1187126952061]",0.2,15,15,0,False,0,False,False,[],0,0,1.2433243161290086,4,2,2,14,[2],[2],False,False,True,True,True,[14],False,True,True,,,False,
q3_0003_P3_current_grid_v1_nccp/state=7/planner=q3_active,q3_0003_P3_current_grid_v1_nccp,7,q3_active,49,19,"[727.1243548384259, -762.7852853950143]",/measure,"[727.1243548384259, -762.7852853950143]",0.2,15,15,0,False,0,False,False,[],0,0,8.839571611336236,9,1,1,0,[1],[1],False,False,True,True,True,[0],False,True,True,,,False,
q3_0003_P3_current_grid_v1_nccp/state=8/planner=q3_active,q3_0003_P3_current_grid_v1_nccp,8,q3_active,51,12,"[1141.4849469859944, 669.3981823071267]",/measure,"[1141.4849469859944, 669.3981823071267]",0.2,15,15,0,False,2,False,False,"[1, 2]",0,0,507.370297011051,14,10,1,10,[10],[1],True,True,False,False,True,[10],False,False,False,,,False,
q3_0003_P3_current_grid_v1_nccp/state=9/planner=q3_active,q3_0003_P3_current_grid_v1_nccp,9,q3_active,52,12,"[1439.7096656759193, 824.9661005257869]",/measure,"[1439.7096656759193, 824.9661005257869]",0.2,15,15,0,False,0,False,False,[],0,0,8.267589449501301,6,2,2,6,[2],[2],False,False,True,True,True,[6],False,True,True,,,False,
q3_0003_P3_current_grid_v1_nccp/state=10/planner=q3_active,q3_0003_P3_current_grid_v1_nccp,10,q3_active,54,7,"[1119.7494634444608, 701.2572133497079]",/measure,"[1119.7494634444608, 701.2572133497079]",0.2,15,15,0,False,0,False,False,[],0,0,530.2834505408887,15,2,8,10,[2],[8],True,True,True,True,True,[10],False,True,True,,,False,
q3_0003_P3_current_grid_v1_nccp/state=11/planner=q3_active,q3_0003_P3_current_grid_v1_nccp,11,q3_active,55,7,"[1417.66309473716, 936.1506312377603]",/measure,"[1417.66309473716, 936.1506312377603]",0.2,15,15,0,False,0,False,False,[],0,0,17.065031494338225,6,11,2,10,[11],[2],True,True,True,True,True,[10],False,True,True,,,False,
q3_0003_P3_current_grid_v1_nccp/state=12/planner=q3_active,q3_0003_P3_current_grid_v1_nccp,12,q3_active,57,2,"[1521.884609840142, 790.7007902850103]",/measure,"[1521.884609840142, 790.7007902850103]",0.2,15,15,0,False,0,False,False,[],0,0,631.5754013017644,15,2,8,2,[2],[8],True,True,False,False,True,[2],False,False,False,,,False,
q3_0003_P3_current_grid_v1_nccp/state=13/planner=q3_active,q3_0003_P3_current_grid_v1_nccp,13,q3_active,58,2,"[1282.137423108412, 1204.969794549138]",/measure,"[1282.137423108412, 1204.969794549138]",0.2,15,15,0,False,0,False,False,[],0,0,24.486917784039246,9,7,1,5,[7],[1],True,True,True,True,True,[5],False,True,True,,,False,
q3_0003_P3_current_grid_v1_nccp/state=14/planner=q3_active,q3_0003_P3_current_grid_v1_nccp,14,q3_active,84,18,"[-1063.837341470275, 980.7592178037175]",/measure,"[-1063.837341470275, 980.7592178037175]",0.2,15,15,0,False,0,False,False,[],0,0,367.64255880491476,15,12,1,12,[12],[1],True,True,False,False,True,[12],False,False,False,,,False,
q3_0003_P3_current_grid_v1_nccp/state=15/planner=q3_active,q3_0003_P3_current_grid_v1_nccp,15,q3_active,85,18,"[-1255.91377953741, 1229.1680612772825]",/measure,"[-1255.91377953741, 1229.1680612772825]",0.2,15,15,0,False,0,False,False,[],0,0,10.063083407522996,6,2,2,12,[2],[2],False,False,True,True,True,[12],False,True,True,,,False,
q3_0003_P3_current_grid_v1_nccp/state=16/planner=q3_active,q3_0003_P3_current_grid_v1_nccp,16,q3_active,87,14,"[-1303.5489721234321, 1189.7062940377984]",/measure,"[-1303.5489721234321, 1189.7062940377984]",0.2,15,15,0,False,0,False,False,[],0,0,653.7566367586439,15,1,1,1,[1],[1],False,False,False,False,True,[1],False,False,False,,,False,
q3_0003_P3_current_grid_v1_nccp/state=17/planner=q3_active,q3_0003_P3_current_grid_v1_nccp,17,q3_active,99,13,"[-1208.1867154214897, -561.7096800963575]",/measure,"[-1208.1867154214897, -561.7096800963575]",0.2,15,15,0,False,0,False,False,[],0,0,445.4603199289003,15,14,1,14,[14],"[1, 2]",True,True,False,False,True,[14],False,False,False,,,False,
q3_0003_P3_current_grid_v1_nccp/state=18/planner=q3_active,q3_0003_P3_current_grid_v1_nccp,18,q3_active,100,13,"[-1152.861713393963, -91.2368734100991]",/measure,"[-1152.861713393963, -91.2368734100991]",0.2,15,15,0,True,0,False,False,[],0,0,0.8377881064793051,1,2,2,14,[2],[2],False,False,True,True,True,[14],False,True,True,,,False,
q3_0003_P3_current_grid_v1_nccp/state=19/planner=q3_active,q3_0003_P3_current_grid_v1_nccp,19,q3_active,102,8,"[-1059.7050150582904, -776.0760839093989]",/measure,"[-1059.7050150582904, -776.0760839093989]",0.2,15,15,0,False,0,False,False,[],0,0,588.6865607322358,15,14,1,14,[14],[1],True,True,False,False,True,[14],False,False,False,,,False,
q3_0004_P3_current_grid_v1/state=0/planner=q3_active,q3_0004_P3_current_grid_v1,0,q3_active,21,14,"[605.1571207078466, 660.8412239180464]",/measure,"[605.1571207078466, 660.8412239180464]",0.2,15,15,0,False,2,False,False,"[1, 2]",0,0,730.2327666121528,14,7,1,7,[7],[1],True,True,False,False,True,[7],False,False,False,,,False,
q3_0004_P3_current_grid_v1/state=1/planner=q3_active,q3_0004_P3_current_grid_v1,1,q3_active,22,14,"[556.7870658339475, 983.9992596711459]",/measure,"[556.7870658339475, 983.9992596711459]",0.2,15,15,0,False,0,False,False,[],0,0,16.268728544546118,7,14,1,7,[14],[1],True,True,True,True,True,[7],False,True,True,,,False,
q3_0004_P3_current_grid_v1/state=2/planner=q3_active,q3_0004_P3_current_grid_v1,2,q3_active,24,11,"[378.55525978681186, 781.8935531344646]",/measure,"[378.55525978681186, 781.8935531344646]",0.2,15,15,0,False,3,False,False,"[2, 8, 12]",0,0,730.2960192045418,13,4,2,4,[4],[2],True,True,False,False,True,[4],False,False,False,,,False,
q3_0004_P3_current_grid_v1/state=3/planner=q3_active,q3_0004_P3_current_grid_v1,3,q3_active,25,11,"[682.9902631805818, 725.3532488491054]",/measure,"[682.9902631805818, 725.3532488491054]",0.2,15,15,0,False,0,False,False,[],0,0,3.1561372581678953,6,2,2,9,[2],[2],False,False,True,True,True,[9],False,True,True,,,False,
q3_0004_P3_current_grid_v1/state=4/planner=q3_active,q3_0004_P3_current_grid_v1,4,q3_active,45,3,"[1008.6732551819443, -251.71215811779774]",/measure,"[1008.6732551819443, -251.71215811779774]",0.2,15,15,0,False,0,False,False,[],0,0,3.5811174052291257,5,1,1,1,[1],[1],False,False,False,False,True,[1],False,False,False,,,False,
q3_0004_P3_current_grid_v1/state=5/planner=q3_active,q3_0004_P3_current_grid_v1,5,q3_active,47,8,"[-209.26536741946586, -820.8489660540017]",/measure,"[-209.26536741946586, -820.8489660540017]",0.2,15,15,0,False,3,False,False,"[1, 2, 3]",0,0,730.9054973627951,13,14,1,14,[14],[1],True,True,False,False,True,[14],False,False,False,,,False,
q3_0004_P3_current_grid_v1/state=6/planner=q3_active,q3_0004_P3_current_grid_v1,6,q3_active,49,16,"[-319.74259073236897, -741.3459199945911]",/measure,"[-319.74259073236897, -741.3459199945911]",0.2,15,15,0,False,2,False,False,"[8, 12]",0,0,730.9054973627943,14,1,14,1,[1],[14],True,True,False,False,True,[1],False,False,False,,,False,
q3_0004_P3_current_grid_v1/state=7/planner=q3_active,q3_0004_P3_current_grid_v1,7,q3_active,50,16,"[-278.81862647070324, -299.98192538456226]",/measure,"[-278.81862647070324, -299.98192538456226]",0.2,15,15,0,True,0,False,False,[],0,0,0.11226920651116146,1,2,2,14,[2],[2],False,False,True,True,True,[14],False,True,True,,,False,
q3_0004_P3_current_grid_v1/state=8/planner=q3_active,q3_0004_P3_current_grid_v1,8,q3_active,52,18,"[-820.8489660540026, -209.2653674194674]",/measure,"[-820.8489660540026, -209.2653674194674]",0.2,15,15,0,False,0,False,False,[],0,0,730.9054973627937,15,10,7,10,[10],[7],True,True,False,False,True,[10],False,False,False,,,False,
q3_0004_P3_current_grid_v1/state=9/planner=q3_active,q3_0004_P3_current_grid_v1,9,q3_active,53,18,"[-957.8782341891405, -568.3826600217899]",/measure,"[-957.8782341891405, -568.3826600217899]",0.2,15,15,0,False,0,False,False,[],0,0,17.781871444123613,9,10,1,5,[10],[1],True,True,True,True,True,[5],False,True,True,,,False,
q3_0004_P3_current_grid_v1/state=10/planner=q3_active,q3_0004_P3_current_grid_v1,10,q3_active,97,10,"[-1151.3924443013314, 539.5123702461935]",/measure,"[-1151.3924443013314, 539.5123702461935]",0.2,15,15,0,False,0,False,False,[],0,0,2.8742171778469476,2,2,2,7,[2],[2],False,False,True,True,True,[7],False,True,True,,,False,
q3_0004_P3_current_grid_v1/state=11/planner=q3_active,q3_0004_P3_current_grid_v1,11,q3_active,99,17,"[-1296.9847192346665, 417.10826456307916]",/measure,"[-1296.9847192346665, 417.10826456307916]",0.2,15,15,0,False,0,False,False,[],0,0,315.118836078306,15,2,2,2,[2],[2],False,False,False,False,True,[2],False,False,False,,,False,
q3_0004_P3_current_grid_v1/state=12/planner=q3_active,q3_0004_P3_current_grid_v1,12,q3_active,113,4,"[-841.4002028267854, -1370.392202532169]",/measure,"[-841.4002028267854, -1370.392202532169]",0.2,15,15,0,False,0,False,False,[],0,0,330.9733639915189,15,13,1,13,[13],[1],True,True,False,False,True,[13],False,False,False,,,False,
q3_0004_P3_current_grid_v1/state=13/planner=q3_active,q3_0004_P3_current_grid_v1,13,q3_active,115,1,"[47.22685547941302, -1385.8066583954687]",/measure,"[47.22685547941302, -1385.8066583954687]",0.2,15,15,0,False,0,False,False,[],0,0,524.9950064361713,15,1,1,7,[1],[1],False,False,True,True,True,[7],False,True,True,,,False,
q3_0004_P3_current_grid_v1/state=14/planner=q3_active,q3_0004_P3_current_grid_v1,14,q3_active,116,1,"[-298.8202619892447, -1242.0473639681813]",/measure,"[-298.8202619892447, -1242.0473639681813]",0.2,15,15,0,False,0,False,False,[],0,0,5.066181054241678,3,2,2,8,[2],[2],False,False,True,True,True,[8],False,True,True,,,False,
q3_0004_P3_current_grid_v1/state=15/planner=q3_active,q3_0004_P3_current_grid_v1,15,q3_active,128,15,"[-140.1741672273276, -1151.515383242288]",/measure,"[-140.1741672273276, -1151.515383242288]",0.2,15,15,0,False,0,False,False,[],0,0,10.316476833182918,6,2,2,6,[2],[2],False,False,True,True,True,[6],False,True,True,,,False,
q3_0004_P3_current_grid_v1_nccp/state=0/planner=q3_active,q3_0004_P3_current_grid_v1_nccp,0,q3_active,21,14,"[605.1571207078466, 660.8412239180464]",/measure,"[605.1571207078466, 660.8412239180464]",0.2,15,15,0,False,2,False,False,"[1, 2]",0,0,730.2327666121528,14,7,1,7,[7],[1],True,True,False,False,True,[7],False,False,False,,,False,
q3_0004_P3_current_grid_v1_nccp/state=1/planner=q3_active,q3_0004_P3_current_grid_v1_nccp,1,q3_active,22,14,"[556.7870658339475, 983.9992596711459]",/measure,"[556.7870658339475, 983.9992596711459]",0.2,15,15,0,False,0,False,False,[],0,0,16.268728544546118,7,14,1,7,[14],[1],True,True,True,True,True,[7],False,True,True,,,False,
q3_0004_P3_current_grid_v1_nccp/state=2/planner=q3_active,q3_0004_P3_current_grid_v1_nccp,2,q3_active,24,11,"[380.74637433659, 784.2991598038398]",/measure,"[380.74637433659, 784.2991598038398]",0.2,15,15,0,False,3,False,False,"[2, 8, 12]",0,0,730.2960192045418,13,4,2,4,[4],[2],True,True,False,False,True,[4],False,False,False,,,False,
q3_0004_P3_current_grid_v1_nccp/state=3/planner=q3_active,q3_0004_P3_current_grid_v1_nccp,3,q3_active,25,11,"[683.026980136606, 725.3971216152204]",/measure,"[683.026980136606, 725.3971216152204]",0.2,15,15,0,False,0,False,False,[],0,0,2.9834363624107425,6,2,2,9,[2],[2],False,False,True,True,True,[9],False,True,True,,,False,
q3_0004_P3_current_grid_v1_nccp/state=4/planner=q3_active,q3_0004_P3_current_grid_v1_nccp,4,q3_active,45,3,"[1008.6732551819443, -251.71215811779774]",/measure,"[1008.6732551819443, -251.71215811779774]",0.2,15,15,0,False,0,False,False,[],0,0,3.5811174052291257,5,1,1,1,[1],[1],False,False,False,False,True,[1],False,False,False,,,False,
q3_0004_P3_current_grid_v1_nccp/state=5/planner=q3_active,q3_0004_P3_current_grid_v1_nccp,5,q3_active,47,8,"[-209.26536741946586, -820.8489660540017]",/measure,"[-209.26536741946586, -820.8489660540017]",0.2,15,15,0,False,3,False,False,"[1, 2, 3]",0,0,730.9054973627951,13,14,1,14,[14],[1],True,True,False,False,True,[14],False,False,False,,,False,
q3_0004_P3_current_grid_v1_nccp/state=6/planner=q3_active,q3_0004_P3_current_grid_v1_nccp,6,q3_active,49,16,"[-315.8417398092855, -741.9136598909581]",/measure,"[-315.8417398092855, -741.9136598909581]",0.2,15,15,0,False,2,False,False,"[8, 12]",0,0,730.9054973627943,14,1,14,1,[1],[14],True,True,False,False,True,[1],False,False,False,,,False,
q3_0004_P3_current_grid_v1_nccp/state=7/planner=q3_active,q3_0004_P3_current_grid_v1_nccp,7,q3_active,51,18,"[-820.8489660540026, -209.2653674194674]",/measure,"[-820.8489660540026, -209.2653674194674]",0.2,15,15,0,False,0,False,False,[],0,0,730.9054973627937,15,10,7,10,[10],[7],True,True,False,False,True,[10],False,False,False,,,False,
q3_0004_P3_current_grid_v1_nccp/state=8/planner=q3_active,q3_0004_P3_current_grid_v1_nccp,8,q3_active,52,18,"[-957.8782341891405, -568.3826600217899]",/measure,"[-957.8782341891405, -568.3826600217899]",0.2,15,15,0,False,0,False,False,[],0,0,17.781871444123613,9,10,1,5,[10],[1],True,True,True,True,True,[5],False,True,True,,,False,
q3_0004_P3_current_grid_v1_nccp/state=9/planner=q3_active,q3_0004_P3_current_grid_v1_nccp,9,q3_active,96,10,"[-1151.3924443013314, 539.5123702461935]",/measure,"[-1151.3924443013314, 539.5123702461935]",0.2,15,15,0,False,0,False,False,[],0,0,2.8742171778469476,2,2,2,7,[2],[2],False,False,True,True,True,[7],False,True,True,,,False,
q3_0004_P3_current_grid_v1_nccp/state=10/planner=q3_active,q3_0004_P3_current_grid_v1_nccp,10,q3_active,98,17,"[-1290.9875805865922, 418.76064445167094]",/measure,"[-1290.9875805865922, 418.76064445167094]",0.2,15,15,0,False,0,False,False,[],0,0,315.118836078306,15,2,2,2,[2],[2],False,False,False,False,True,[2],False,False,False,,,False,
q3_0004_P3_current_grid_v1_nccp/state=11/planner=q3_active,q3_0004_P3_current_grid_v1_nccp,11,q3_active,112,4,"[-841.4002028267854, -1370.392202532169]",/measure,"[-841.4002028267854, -1370.392202532169]",0.2,15,15,0,False,0,False,False,[],0,0,330.9733639915189,15,13,1,13,[13],[1],True,True,False,False,True,[13],False,False,False,,,False,
q3_0004_P3_current_grid_v1_nccp/state=12/planner=q3_active,q3_0004_P3_current_grid_v1_nccp,12,q3_active,114,1,"[47.22685547941302, -1385.8066583954687]",/measure,"[47.22685547941302, -1385.8066583954687]",0.2,15,15,0,False,0,False,False,[],0,0,524.9950064361713,15,1,1,7,[1],[1],False,False,True,True,True,[7],False,True,True,,,False,
q3_0004_P3_current_grid_v1_nccp/state=13/planner=q3_active,q3_0004_P3_current_grid_v1_nccp,13,q3_active,115,1,"[-298.8202619892447, -1242.0473639681813]",/measure,"[-298.8202619892447, -1242.0473639681813]",0.2,15,15,0,False,0,False,False,[],0,0,5.066181054241678,3,2,2,8,[2],[2],False,False,True,True,True,[8],False,True,True,,,False,
q3_0004_P3_current_grid_v1_nccp/state=14/planner=q3_active,q3_0004_P3_current_grid_v1_nccp,14,q3_active,127,15,"[-140.1741672273276, -1151.515383242288]",/measure,"[-140.1741672273276, -1151.515383242288]",0.2,15,15,0,False,0,False,False,[],0,0,10.316476833182918,6,2,2,6,[2],[2],False,False,True,True,True,[6],False,True,True,,,False,
q3_0005_P3_current_grid_v1/state=0/planner=q3_active,q3_0005_P3_current_grid_v1,0,q3_active,21,9,"[739.5403980437535, -568.6411546984608]",/measure,"[739.5403980437535, -568.6411546984608]",0.2,15,15,0,False,2,False,False,"[1, 2]",0,0,730.3359679634037,14,7,2,7,[7],[2],True,True,False,False,True,[7],False,False,False,,,False,
q3_0005_P3_current_grid_v1/state=1/planner=q3_active,q3_0005_P3_current_grid_v1,1,q3_active,22,9,"[792.9459496180184, -909.9955492334743]",/measure,"[792.9459496180184, -909.9955492334743]",0.2,15,15,0,False,0,False,False,[],0,0,25.19831796745,8,10,1,5,[10],[1],True,True,True,True,True,[5],False,True,True,,,False,
q3_0005_P3_current_grid_v1/state=2/planner=q3_active,q3_0005_P3_current_grid_v1,2,q3_active,43,7,"[937.57120908656, -132.1943665723139]",/measure,"[937.57120908656, -132.1943665723139]",0.2,15,15,0,False,0,False,False,[],0,0,5.471639855299475,5,2,2,10,[2],[2],False,False,True,True,True,[10],False,True,True,,,False,
q3_0005_P3_current_grid_v1/state=3/planner=q3_active,q3_0005_P3_current_grid_v1,3,q3_active,45,6,"[1281.9411097764532, 162.50636425652107]",/measure,"[1281.9411097764532, 162.50636425652107]",0.2,15,15,0,False,0,False,False,[],0,0,14.82342547254601,6,4,1,14,[4],[1],True,True,True,True,True,[14],False,True,True,,,False,
q3_0005_P3_current_grid_v1/state=4/planner=q3_active,q3_0005_P3_current_grid_v1,4,q3_active,47,2,"[1576.664918834203, -41.26001583452614]",/measure,"[1576.664918834203, -41.26001583452614]",0.2,15,15,0,False,0,False,False,[],0,0,340.9832301798007,15,8,1,8,[8],[1],True,True,False,False,True,[8],False,False,False,,,False,
q3_0005_P3_current_grid_v1/state=5/planner=q3_active,q3_0005_P3_current_grid_v1,5,q3_active,49,19,"[1578.8581262970688, -476.2025370590002]",/measure,"[1578.8581262970688, -476.2025370590002]",0.2,15,15,0,False,0,False,False,[],0,0,496.05662753071647,15,1,1,7,[1],[1],False,False,True,True,True,[7],False,True,True,,,False,
q3_0005_P3_current_grid_v1/state=6/planner=q3_active,q3_0005_P3_current_grid_v1,6,q3_active,50,19,"[1245.9841754654508, -202.36952874836277]",/measure,"[1245.9841754654508, -202.36952874836277]",0.2,15,15,0,False,0,False,False,[],0,0,2.9050086980629075,3,2,2,6,[2],[2],False,False,True,True,True,[6],False,True,True,,,False,
q3_0005_P3_current_grid_v1/state=7/planner=q3_active,q3_0005_P3_current_grid_v1,7,q3_active,52,13,"[142.86242458857055, 33.92646636517987]",/measure,"[142.86242458857055, 33.92646636517987]",0.2,15,15,0,False,0,False,False,[],0,0,23.967741449585244,4,1,1,5,[1],[1],False,False,True,True,True,[5],False,True,True,,,False,
q3_0005_P3_current_grid_v1/state=8/planner=q3_active,q3_0005_P3_current_grid_v1,8,q3_active,68,4,"[214.82651872465541, 1377.8409591709542]",/measure,"[214.82651872465541, 1377.8409591709542]",0.2,15,15,0,False,0,False,False,[],0,0,402.68378896065457,15,11,1,11,[11],[1],True,True,False,False,True,[11],False,False,False,,,False,
q3_0005_P3_current_grid_v1/state=9/planner=q3_active,q3_0005_P3_current_grid_v1,9,q3_active,70,3,"[-22.40261644916552, 1387.6925573713113]",/measure,"[-22.40261644916552, 1387.6925573713113]",0.2,15,15,0,False,0,False,False,[],0,0,510.2746301420067,15,2,4,11,[2],[4],True,True,True,True,True,[11],False,True,True,,,False,
q3_0005_P3_current_grid_v1/state=10/planner=q3_active,q3_0005_P3_current_grid_v1,10,q3_active,96,18,"[-797.1997840744062, -547.955260321115]",/measure,"[-797.1997840744062, -547.955260321115]",0.2,15,15,0,False,0,False,False,[],0,0,0.906701405444803,3,1,1,0,[1],[1],False,False,True,True,True,[0],False,True,True,,,False,
q3_0005_P3_current_grid_v1/state=11/planner=q3_active,q3_0005_P3_current_grid_v1,11,q3_active,98,5,"[-737.77387214344, -931.3985760246464]",/measure,"[-737.77387214344, -931.3985760246464]",0.2,15,15,0,False,0,False,False,[],0,0,17.886876502643982,14,0,1,0,[0],[1],True,True,False,False,True,[0],False,False,False,,,False,
q3_0005_P3_current_grid_v1/state=12/planner=q3_active,q3_0005_P3_current_grid_v1,12,q3_active,110,17,"[-168.2906721763371, -102.59554376586186]",/measure,"[-168.2906721763371, -102.59554376586186]",0.2,15,15,0,False,0,False,False,[],0,0,6.909451305607689,6,1,1,10,[1],[1],False,False,True,True,True,[10],False,True,True,,,False,
q3_0005_P3_current_grid_v1/state=13/planner=q3_active,q3_0005_P3_current_grid_v1,13,q3_active,121,16,"[876.6439136810592, -945.2409546864172]",/measure,"[876.6439136810592, -945.2409546864172]",0.2,15,15,0,False,0,False,False,[],0,0,2.128879817833628,3,2,2,5,[2],[2],False,False,True,True,True,[5],False,True,True,,,False,
q3_0005_P3_current_grid_v1/state=14/planner=q3_active,q3_0005_P3_current_grid_v1,14,q3_active,123,10,"[-1460.5133853025036, -261.01100042134453]",/measure,"[-1460.5133853025036, -261.01100042134453]",0.2,15,15,0,False,2,False,False,"[1, 2]",0,0,322.48794428317564,14,4,2,13,[4],[2],True,True,True,True,True,[13],False,True,True,,,False,
q3_0005_P3_current_grid_v1_nccp/state=0/planner=q3_active,q3_0005_P3_current_grid_v1_nccp,0,q3_active,21,9,"[739.5403980437535, -568.6411546984608]",/measure,"[739.5403980437535, -568.6411546984608]",0.2,15,15,0,False,2,False,False,"[1, 2]",0,0,730.3359679634037,14,7,2,7,[7],[2],True,True,False,False,True,[7],False,False,False,,,False,
q3_0005_P3_current_grid_v1_nccp/state=1/planner=q3_active,q3_0005_P3_current_grid_v1_nccp,1,q3_active,22,9,"[792.9459496180184, -909.9955492334743]",/measure,"[792.9459496180184, -909.9955492334743]",0.2,15,15,0,False,0,False,False,[],0,0,25.19831796745,8,10,1,5,[10],[1],True,True,True,True,True,[5],False,True,True,,,False,
q3_0005_P3_current_grid_v1_nccp/state=2/planner=q3_active,q3_0005_P3_current_grid_v1_nccp,2,q3_active,43,7,"[937.57120908656, -132.1943665723139]",/measure,"[937.57120908656, -132.1943665723139]",0.2,15,15,0,False,0,False,False,[],0,0,5.471639855299475,5,2,2,10,[2],[2],False,False,True,True,True,[10],False,True,True,,,False,
q3_0005_P3_current_grid_v1_nccp/state=3/planner=q3_active,q3_0005_P3_current_grid_v1_nccp,3,q3_active,45,6,"[1281.9411097764532, 162.50636425652107]",/measure,"[1281.9411097764532, 162.50636425652107]",0.2,15,15,0,False,0,False,False,[],0,0,14.82342547254601,6,4,2,14,[4],[2],True,True,True,True,True,[14],False,True,True,,,False,
q3_0005_P3_current_grid_v1_nccp/state=4/planner=q3_active,q3_0005_P3_current_grid_v1_nccp,4,q3_active,47,2,"[1576.664918834203, -41.26001583452614]",/measure,"[1576.664918834203, -41.26001583452614]",0.2,15,15,0,False,0,False,False,[],0,0,340.9832301798007,15,8,1,8,[8],[1],True,True,False,False,True,[8],False,False,False,,,False,
q3_0005_P3_current_grid_v1_nccp/state=5/planner=q3_active,q3_0005_P3_current_grid_v1_nccp,5,q3_active,49,19,"[1578.8581262970688, -476.2025370590002]",/measure,"[1578.8581262970688, -476.2025370590002]",0.2,15,15,0,False,0,False,False,[],0,0,496.05662753071647,15,1,1,7,[1],[1],False,False,True,True,True,[7],False,True,True,,,False,
q3_0005_P3_current_grid_v1_nccp/state=6/planner=q3_active,q3_0005_P3_current_grid_v1_nccp,6,q3_active,50,19,"[1245.9841754654508, -202.36952874836277]",/measure,"[1245.9841754654508, -202.36952874836277]",0.2,15,15,0,False,0,False,False,[],0,0,2.9050086980629075,3,2,2,6,[2],[2],False,False,True,True,True,[6],False,True,True,,,False,
q3_0005_P3_current_grid_v1_nccp/state=7/planner=q3_active,q3_0005_P3_current_grid_v1_nccp,7,q3_active,52,13,"[142.86242458857055, 33.92646636517987]",/measure,"[142.86242458857055, 33.92646636517987]",0.2,15,15,0,False,0,False,False,[],0,0,23.967741449585244,4,1,1,5,[1],[1],False,False,True,True,True,[5],False,True,True,,,False,
q3_0005_P3_current_grid_v1_nccp/state=8/planner=q3_active,q3_0005_P3_current_grid_v1_nccp,8,q3_active,68,4,"[214.82651872465541, 1377.8409591709542]",/measure,"[214.82651872465541, 1377.8409591709542]",0.2,15,15,0,False,0,False,False,[],0,0,402.68378896065457,15,11,1,11,[11],[1],True,True,False,False,True,[11],False,False,False,,,False,
q3_0005_P3_current_grid_v1_nccp/state=9/planner=q3_active,q3_0005_P3_current_grid_v1_nccp,9,q3_active,70,3,"[-22.40261644916552, 1387.6925573713113]",/measure,"[-22.40261644916552, 1387.6925573713113]",0.2,15,15,0,False,0,False,False,[],0,0,510.2746301420067,15,2,4,11,[2],[4],True,True,True,True,True,[11],False,True,True,,,False,
q3_0005_P3_current_grid_v1_nccp/state=10/planner=q3_active,q3_0005_P3_current_grid_v1_nccp,10,q3_active,96,18,"[-797.1997840744062, -547.955260321115]",/measure,"[-797.1997840744062, -547.955260321115]",0.2,15,15,0,False,0,False,False,[],0,0,0.906701405444803,3,1,1,0,[1],[1],False,False,True,True,True,[0],False,True,True,,,False,
q3_0005_P3_current_grid_v1_nccp/state=11/planner=q3_active,q3_0005_P3_current_grid_v1_nccp,11,q3_active,98,5,"[-737.77387214344, -931.3985760246464]",/measure,"[-737.77387214344, -931.3985760246464]",0.2,15,15,0,False,0,False,False,[],0,0,17.886876502643982,14,0,1,0,[0],[1],True,True,False,False,True,[0],False,False,False,,,False,
q3_0005_P3_current_grid_v1_nccp/state=12/planner=q3_active,q3_0005_P3_current_grid_v1_nccp,12,q3_active,110,17,"[-168.2906721763371, -102.59554376586186]",/measure,"[-168.2906721763371, -102.59554376586186]",0.2,15,15,0,False,0,False,False,[],0,0,6.909451305607689,6,1,1,10,[1],[1],False,False,True,True,True,[10],False,True,True,,,False,
q3_0005_P3_current_grid_v1_nccp/state=13/planner=q3_active,q3_0005_P3_current_grid_v1_nccp,13,q3_active,121,16,"[876.6439136810592, -945.2409546864172]",/measure,"[876.6439136810592, -945.2409546864172]",0.2,15,15,0,False,0,False,False,[],0,0,2.128879817833628,3,2,2,5,[2],[2],False,False,True,True,True,[5],False,True,True,,,False,
q3_0005_P3_current_grid_v1_nccp/state=14/planner=q3_active,q3_0005_P3_current_grid_v1_nccp,14,q3_active,123,10,"[-1460.5133853025036, -261.01100042134453]",/measure,"[-1460.5133853025036, -261.01100042134453]",0.2,15,15,0,False,2,False,False,"[1, 2]",0,0,322.48794428317564,14,4,2,13,[4],[2],True,True,True,True,True,[13],False,True,True,,,False,
q3_0006_P3_current_grid_v1/state=0/planner=q3_active,q3_0006_P3_current_grid_v1,0,q3_active,21,13,"[-625.3922362514745, -664.4091645743786]",/measure,"[-625.3922362514745, -664.4091645743786]",0.2,15,15,0,False,2,False,False,"[1, 2]",0,0,730.2345668722486,14,10,2,13,[10],[2],True,True,True,True,True,[13],False,True,True,,,False,
q3_0006_P3_current_grid_v1/state=1/planner=q3_active,q3_0006_P3_current_grid_v1,1,q3_active,22,13,"[-1087.0545045108145, -765.6391744261939]",/measure,"[-1087.0545045108145, -765.6391744261939]",0.2,15,15,0,False,0,False,False,[],0,0,54.37955253206793,10,14,1,14,[14],[1],True,True,False,False,True,[14],False,False,False,,,False,
q3_0006_P3_current_grid_v1/state=2/planner=q3_active,q3_0006_P3_current_grid_v1,2,q3_active,24,6,"[-797.685015123683, -466.430091441343]",/measure,"[-797.685015123683, -466.430091441343]",0.2,15,15,0,False,4,False,False,"[1, 2, 8, 12]",0,0,730.9054973627943,12,4,2,4,[4],[2],True,True,False,False,True,[4],False,False,False,,,False,
q3_0006_P3_current_grid_v1/state=3/planner=q3_active,q3_0006_P3_current_grid_v1,3,q3_active,25,6,"[-279.7545165457224, -259.18176704061744]",/measure,"[-279.7545165457224, -259.18176704061744]",0.2,15,15,0,False,0,False,False,[],0,0,14.038921482274088,6,2,2,10,[2],[2],False,False,True,True,True,[10],False,True,True,,,False,
q3_0006_P3_current_grid_v1/state=4/planner=q3_active,q3_0006_P3_current_grid_v1,4,q3_active,27,4,"[806.3835323476538, -504.27663943216976]",/measure,"[806.3835323476538, -504.27663943216976]",0.2,15,15,0,False,4,False,False,"[1, 2, 10, 14]",0,0,730.9054973627929,12,7,2,7,[7],[2],True,True,False,False,True,[7],False,False,False,,,False,
q3_0006_P3_current_grid_v1/state=5/planner=q3_active,q3_0006_P3_current_grid_v1,5,q3_active,28,4,"[857.2671811406016, -776.4605604673047]",/measure,"[857.2671811406016, -776.4605604673047]",0.2,15,15,0,False,0,False,False,[],0,0,14.957530561197249,6,3,1,7,[3],[1],True,True,True,True,True,[7],False,True,True,,,False,
q3_0006_P3_current_grid_v1/state=6/planner=q3_active,q3_0006_P3_current_grid_v1,6,q3_active,47,17,"[672.499829358754, 139.60039351516502]",/measure,"[672.499829358754, 139.60039351516502]",0.2,15,15,0,False,0,False,False,[],0,0,8.160518002019948,3,1,1,1,[1],[1],False,False,False,False,True,[1],False,False,False,,,False,
q3_0006_P3_current_grid_v1/state=7/planner=q3_active,q3_0006_P3_current_grid_v1,7,q3_active,49,18,"[-165.4205854433559, 844.4827152327782]",/measure,"[-165.4205854433559, 844.4827152327782]",0.2,15,15,0,False,2,False,False,"[1, 2]",0,0,730.2878171704846,14,8,14,8,[8],[14],True,True,False,False,True,[8],False,False,False,,,False,
q3_0006_P3_current_grid_v1/state=8/planner=q3_active,q3_0006_P3_current_grid_v1,8,q3_active,50,18,"[-178.52183752389567, 399.35548143290794]",/measure,"[-178.52183752389567, 399.35548143290794]",0.2,15,15,0,False,0,False,False,[],0,0,7.546803155642447,5,1,1,7,[1],[1],False,False,True,True,True,[7],False,True,True,,,False,
q3_0006_P3_current_grid_v1/state=9/planner=q3_active,q3_0006_P3_current_grid_v1,9,q3_active,52,2,"[-277.354210824558, 774.3137674231539]",/measure,"[-277.354210824558, 774.3137674231539]",0.2,15,15,0,False,1,False,False,[14],0,0,730.5244389910839,15,8,14,8,[8],[14],True,True,False,False,True,[8],False,False,False,,,False,
q3_0006_P3_current_grid_v1/state=10/planner=q3_active,q3_0006_P3_current_grid_v1,10,q3_active,53,2,"[-913.6627734591902, 1101.8031385323097]",/measure,"[-913.6627734591902, 1101.8031385323097]",0.2,15,15,0,False,0,False,False,[],0,0,49.50120130979272,13,12,1,12,[12],[1],True,True,False,False,True,[12],False,False,False,,,False,
q3_0006_P3_current_grid_v1/state=11/planner=q3_active,q3_0006_P3_current_grid_v1,11,q3_active,55,20,"[-390.1458070425437, 856.9445261448863]",/measure,"[-390.1458070425437, 856.9445261448863]",0.2,15,15,0,False,4,False,False,"[1, 2, 9, 13]",0,0,730.7444040915922,12,4,2,4,[4],[2],True,True,False,False,True,[4],False,False,False,,,False,
q3_0006_P3_current_grid_v1/state=12/planner=q3_active,q3_0006_P3_current_grid_v1,12,q3_active,56,20,"[-16.80738923852712, 191.93905535476605]",/measure,"[-16.80738923852712, 191.93905535476605]",0.2,15,15,0,False,0,False,False,[],0,0,8.541046149311448,4,2,2,11,[2],[2],False,False,True,True,True,[11],False,True,True,,,False,
q3_0006_P3_current_grid_v1/state=13/planner=q3_active,q3_0006_P3_current_grid_v1,13,q3_active,71,7,"[-65.12971364107813, 1384.0433807710197]",/measure,"[-65.12971364107813, 1384.0433807710197]",0.2,15,15,0,False,0,False,False,[],0,0,535.7670249480087,15,11,1,11,[11],[1],True,True,False,False,True,[11],False,False,False,,,False,
q3_0006_P3_current_grid_v1/state=14/planner=q3_active,q3_0006_P3_current_grid_v1,14,q3_active,72,7,"[-88.15822599077032, 1667.6977857634247]",/measure,"[-88.15822599077032, 1667.6977857634247]",0.2,15,15,0,False,0,False,False,[],0,0,9.250989455262452,6,4,2,11,[4],[2],True,True,True,True,True,[11],False,True,True,,,False,
q3_0006_P3_current_grid_v1/state=15/planner=q3_active,q3_0006_P3_current_grid_v1,15,q3_active,86,14,"[-1158.9056347727403, 444.50275168449014]",/measure,"[-1158.9056347727403, 444.50275168449014]",0.2,15,15,0,False,2,False,False,"[1, 2]",0,0,638.3626760281337,14,13,1,13,[13],[1],True,True,False,False,True,[13],False,False,False,,,False,
q3_0006_P3_current_grid_v1/state=16/planner=q3_active,q3_0006_P3_current_grid_v1,16,q3_active,87,14,"[-1482.790630015611, 536.8675471252893]",/measure,"[-1482.790630015611, 536.8675471252893]",0.2,15,15,0,False,0,False,False,[],0,0,11.625611780258069,7,3,1,5,[3],[1],True,True,True,True,True,[5],False,True,True,,,False,
q3_0006_P3_current_grid_v1/state=17/planner=q3_active,q3_0006_P3_current_grid_v1,17,q3_active,100,10,"[-1414.6233628938453, -502.62441571252316]",/measure,"[-1414.6233628938453, -502.62441571252316]",0.2,15,15,0,False,0,False,False,[],0,0,391.3336655381125,15,14,1,13,[14],"[1, 2]",True,True,True,True,True,[13],False,True,True,,,False,
q3_0006_P3_current_grid_v1/state=18/planner=q3_active,q3_0006_P3_current_grid_v1,18,q3_active,101,10,"[-1644.045356996973, -547.7686735846146]",/measure,"[-1644.045356996973, -547.7686735846146]",0.2,15,15,0,False,0,False,False,[],0,0,5.291417076929836,4,1,1,5,[1],[1],False,False,True,True,True,[5],False,True,True,,,False,
q3_0006_P3_current_grid_v1/state=19/planner=q3_active,q3_0006_P3_current_grid_v1,19,q3_active,113,16,"[-648.2813936125365, -938.1566200842137]",/measure,"[-648.2813936125365, -938.1566200842137]",0.2,15,15,0,False,0,False,False,[],0,0,3.71344855986413,2,2,2,9,[2],[2],False,False,True,True,True,[9],False,True,True,,,False,
q3_0006_P3_current_grid_v1_nccp/state=0/planner=q3_active,q3_0006_P3_current_grid_v1_nccp,0,q3_active,21,13,"[-625.3922362514745, -664.4091645743786]",/measure,"[-625.3922362514745, -664.4091645743786]",0.2,15,15,0,False,2,False,False,"[1, 2]",0,0,730.2345668722486,14,10,2,13,[10],[2],True,True,True,True,True,[13],False,True,True,,,False,
q3_0006_P3_current_grid_v1_nccp/state=1/planner=q3_active,q3_0006_P3_current_grid_v1_nccp,1,q3_active,22,13,"[-1087.0545045108145, -765.6391744261939]",/measure,"[-1087.0545045108145, -765.6391744261939]",0.2,15,15,0,False,0,False,False,[],0,0,54.37955253206793,10,14,1,14,[14],[1],True,True,False,False,True,[14],False,False,False,,,False,
q3_0006_P3_current_grid_v1_nccp/state=2/planner=q3_active,q3_0006_P3_current_grid_v1_nccp,2,q3_active,24,6,"[-797.7921361747008, -469.3157793344041]",/measure,"[-797.7921361747008, -469.3157793344041]",0.2,15,15,0,False,4,False,False,"[1, 2, 8, 12]",0,0,730.9054973627943,12,4,2,4,[4],[2],True,True,False,False,True,[4],False,False,False,,,False,
q3_0006_P3_current_grid_v1_nccp/state=3/planner=q3_active,q3_0006_P3_current_grid_v1_nccp,3,q3_active,25,6,"[-279.7600213905841, -259.1783208722051]",/measure,"[-279.7600213905841, -259.1783208722051]",0.2,15,15,0,False,0,False,False,[],0,0,14.395871735768484,6,2,2,10,[2],[2],False,False,True,True,True,[10],False,True,True,,,False,
q3_0006_P3_current_grid_v1_nccp/state=4/planner=q3_active,q3_0006_P3_current_grid_v1_nccp,4,q3_active,27,4,"[806.3835323476538, -504.27663943216976]",/measure,"[806.3835323476538, -504.27663943216976]",0.2,15,15,0,False,4,False,False,"[1, 2, 10, 14]",0,0,730.9054973627929,12,7,2,7,[7],[2],True,True,False,False,True,[7],False,False,False,,,False,
q3_0006_P3_current_grid_v1_nccp/state=5/planner=q3_active,q3_0006_P3_current_grid_v1_nccp,5,q3_active,28,4,"[857.2671811406016, -776.4605604673047]",/measure,"[857.2671811406016, -776.4605604673047]",0.2,15,15,0,False,0,False,False,[],0,0,14.957530561197249,6,3,1,7,[3],[1],True,True,True,True,True,[7],False,True,True,,,False,
q3_0006_P3_current_grid_v1_nccp/state=6/planner=q3_active,q3_0006_P3_current_grid_v1_nccp,6,q3_active,47,17,"[672.499829358754, 139.60039351516502]",/measure,"[672.499829358754, 139.60039351516502]",0.2,15,15,0,False,0,False,False,[],0,0,8.160518002019948,3,1,1,1,[1],[1],False,False,False,False,True,[1],False,False,False,,,False,
q3_0006_P3_current_grid_v1_nccp/state=7/planner=q3_active,q3_0006_P3_current_grid_v1_nccp,7,q3_active,49,20,"[-136.50448139077804, 926.4391577149825]",/measure,"[-136.50448139077804, 926.4391577149825]",0.2,15,15,0,False,4,False,False,"[1, 2, 9, 13]",0,0,730.7444040915922,12,10,13,10,[10],[13],True,True,False,False,True,[10],False,False,False,,,False,
q3_0006_P3_current_grid_v1_nccp/state=8/planner=q3_active,q3_0006_P3_current_grid_v1_nccp,8,q3_active,50,20,"[-21.20329849152991, 161.94684074114966]",/measure,"[-21.20329849152991, 161.94684074114966]",0.2,15,15,0,False,0,False,False,[],0,0,43.28718051399714,6,4,2,11,[4],[2],True,True,True,True,True,[11],False,True,True,,,False,
q3_0006_P3_current_grid_v1_nccp/state=9/planner=q3_active,q3_0006_P3_current_grid_v1_nccp,9,q3_active,67,18,"[278.2252612371616, 752.8304895530598]",/measure,"[278.2252612371616, 752.8304895530598]",0.2,15,15,0,True,0,False,False,[],0,0,0.03628905581454589,1,1,1,1,[1],[1],False,False,False,False,True,[1],False,False,False,,,False,
q3_0006_P3_current_grid_v1_nccp/state=10/planner=q3_active,q3_0006_P3_current_grid_v1_nccp,10,q3_active,83,2,"[-906.4760187758656, 1117.976398484737]",/measure,"[-906.4760187758656, 1117.976398484737]",0.2,15,15,0,False,0,False,False,[],0,0,26.218848619905497,10,13,1,12,[13],[1],True,True,True,True,True,[12],False,True,True,,,False,
q3_0006_P3_current_grid_v1_nccp/state=11/planner=q3_active,q3_0006_P3_current_grid_v1_nccp,11,q3_active,85,7,"[-585.0877253556714, 1344.9625796280254]",/measure,"[-585.0877253556714, 1344.9625796280254]",0.2,15,15,0,False,0,False,False,[],0,0,4.927170860115734,4,2,2,2,[2],[2],False,False,False,False,True,[2],False,False,False,,,False,
q3_0006_P3_current_grid_v1_nccp/state=12/planner=q3_active,q3_0006_P3_current_grid_v1_nccp,12,q3_active,87,14,"[-1158.9056347727403, 444.50275168449014]",/measure,"[-1158.9056347727403, 444.50275168449014]",0.2,15,15,0,False,4,False,False,"[1, 2, 3, 4]",0,0,638.3626760281337,12,13,1,13,[13],[1],True,True,False,False,True,[13],False,False,False,,,False,
q3_0006_P3_current_grid_v1_nccp/state=13/planner=q3_active,q3_0006_P3_current_grid_v1_nccp,13,q3_active,88,14,"[-1482.790630015611, 536.8675471252893]",/measure,"[-1482.790630015611, 536.8675471252893]",0.2,15,15,0,False,0,False,False,[],0,0,11.625611780258069,7,3,1,5,[3],[1],True,True,True,True,True,[5],False,True,True,,,False,
q3_0006_P3_current_grid_v1_nccp/state=14/planner=q3_active,q3_0006_P3_current_grid_v1_nccp,14,q3_active,101,10,"[-1414.6233628938453, -502.62441571252316]",/measure,"[-1414.6233628938453, -502.62441571252316]",0.2,15,15,0,False,0,False,False,[],0,0,391.3336655381125,15,14,1,13,[14],"[1, 2]",True,True,True,True,True,[13],False,True,True,,,False,
q3_0006_P3_current_grid_v1_nccp/state=15/planner=q3_active,q3_0006_P3_current_grid_v1_nccp,15,q3_active,102,10,"[-1644.045356996973, -547.7686735846146]",/measure,"[-1644.045356996973, -547.7686735846146]",0.2,15,15,0,False,0,False,False,[],0,0,5.291417076929836,4,1,1,5,[1],[1],False,False,True,True,True,[5],False,True,True,,,False,
q3_0006_P3_current_grid_v1_nccp/state=16/planner=q3_active,q3_0006_P3_current_grid_v1_nccp,16,q3_active,114,16,"[-648.2813936125365, -938.1566200842137]",/measure,"[-648.2813936125365, -938.1566200842137]",0.2,15,15,0,False,0,False,False,[],0,0,3.71344855986413,2,2,2,9,[2],[2],False,False,True,True,True,[9],False,True,True,,,False,
q3_0007_P3_current_grid_v1/state=0/planner=q3_active,q3_0007_P3_current_grid_v1,0,q3_active,21,20,"[784.1903815635836, -526.7832678416804]",/measure,"[784.1903815635836, -526.7832678416804]",0.2,15,15,0,False,4,False,False,"[1, 2, 10, 14]",0,0,730.2409449829479,12,8,2,7,[8],[2],True,True,True,True,True,[7],False,True,True,,,False,
q3_0007_P3_current_grid_v1/state=1/planner=q3_active,q3_0007_P3_current_grid_v1,1,q3_active,23,5,"[609.4094327659338, -667.9113393539606]",/measure,"[609.4094327659338, -667.9113393539606]",0.2,15,15,0,False,0,False,False,[],0,0,730.3211061679177,15,2,2,2,[2],[2],False,False,False,False,True,[2],False,False,False,,,False,
q3_0007_P3_current_grid_v1/state=2/planner=q3_active,q3_0007_P3_current_grid_v1,2,q3_active,24,5,"[1291.6931086463105, -436.34263419369165]",/measure,"[1291.6931086463105, -436.34263419369165]",0.2,15,15,0,False,0,False,False,[],0,0,35.69849739604145,13,13,1,13,[13],[1],True,True,False,False,True,[13],False,False,False,,,False,
q3_0007_P3_current_grid_v1/state=3/planner=q3_active,q3_0007_P3_current_grid_v1,3,q3_active,44,1,"[1129.4351102796672, 357.4339822696363]",/measure,"[1129.4351102796672, 357.4339822696363]",0.2,15,15,0,False,0,False,False,[],0,0,3.1494962010050997,7,1,1,7,[1],[1],False,False,True,True,True,[7],False,True,True,,,False,
q3_0007_P3_current_grid_v1/state=4/planner=q3_active,q3_0007_P3_current_grid_v1,4,q3_active,46,15,"[698.2850462491574, 728.5480170173744]",/measure,"[698.2850462491574, 728.5480170173744]",0.2,15,15,0,False,2,False,False,"[1, 2]",0,0,730.8688562381228,14,11,13,11,[11],[13],True,True,False,False,True,[11],False,False,False,,,False,
q3_0007_P3_current_grid_v1/state=5/planner=q3_active,q3_0007_P3_current_grid_v1,5,q3_active,47,15,"[862.998755394369, 1064.849176691974]",/measure,"[862.998755394369, 1064.849176691974]",0.2,15,15,0,False,0,False,False,[],0,0,15.668427240063696,9,11,2,6,[11],[2],True,True,True,True,True,[6],False,True,True,,,False,
q3_0007_P3_current_grid_v1/state=6/planner=q3_active,q3_0007_P3_current_grid_v1,6,q3_active,81,10,"[-449.43188369892675, 640.2347254636687]",/measure,"[-449.43188369892675, 640.2347254636687]",0.2,15,15,0,False,0,False,False,[],0,0,32.515784914603955,10,8,1,5,[8],[1],True,True,True,True,True,[5],False,True,True,,,False,
q3_0007_P3_current_grid_v1/state=7/planner=q3_active,q3_0007_P3_current_grid_v1,7,q3_active,98,3,"[-884.7723856236163, -169.7495822230216]",/measure,"[-884.7723856236163, -169.7495822230216]",0.2,15,15,0,True,0,False,False,[],0,0,0.021958138821538853,1,2,2,2,[2],[2],False,False,False,False,True,[2],False,False,False,,,False,
q3_0007_P3_current_grid_v1/state=8/planner=q3_active,q3_0007_P3_current_grid_v1,8,q3_active,114,13,"[-886.7338511916089, -1276.5761229327034]",/measure,"[-886.7338511916089, -1276.5761229327034]",0.2,15,15,0,False,0,False,False,[],0,0,315.42263873033136,15,11,2,11,[11],[2],True,True,False,False,True,[11],False,False,False,,,False,
q3_0007_P3_current_grid_v1/state=9/planner=q3_active,q3_0007_P3_current_grid_v1,9,q3_active,116,14,"[232.68935833119014, -1146.5055233970195]",/measure,"[232.68935833119014, -1146.5055233970195]",0.2,15,15,0,False,2,False,False,"[1, 2]",0,0,690.1646186773402,14,8,1,8,[8],[1],True,True,False,False,True,[8],False,False,False,,,False,
q3_0007_P3_current_grid_v1/state=10/planner=q3_active,q3_0007_P3_current_grid_v1,10,q3_active,130,7,"[338.389055647346, -642.6029566333327]",/measure,"[338.389055647346, -642.6029566333327]",0.2,15,15,0,True,0,False,False,[],0,0,2.1693975408967283,1,2,2,2,[2],[2],False,False,False,False,True,[2],False,False,False,,,False,
q3_0007_P3_current_grid_v1/state=11/planner=q3_active,q3_0007_P3_current_grid_v1,11,q3_active,132,6,"[-1418.968969035475, -487.68078382132035]",/measure,"[-1418.968969035475, -487.68078382132035]",0.2,15,15,0,False,2,False,False,"[1, 2]",0,0,385.7367128533773,14,14,2,13,[14],[2],True,True,True,True,True,[13],False,True,True,,,False,
q3_0007_P3_current_grid_v1/state=12/planner=q3_active,q3_0007_P3_current_grid_v1,12,q3_active,133,6,"[-1679.8286399464612, -553.6002803134519]",/measure,"[-1679.8286399464612, -553.6002803134519]",0.2,15,15,0,False,0,False,False,[],0,0,10.884347686942633,5,3,1,5,[3],[1],True,True,True,True,True,[5],False,True,True,,,False,
q3_0007_P3_current_grid_v1_nccp/state=0/planner=q3_active,q3_0007_P3_current_grid_v1_nccp,0,q3_active,21,20,"[784.1903815635836, -526.7832678416804]",/measure,"[784.1903815635836, -526.7832678416804]",0.2,15,15,0,False,4,False,False,"[1, 2, 10, 14]",0,0,730.2409449829479,12,8,2,7,[8],[2],True,True,True,True,True,[7],False,True,True,,,False,
q3_0007_P3_current_grid_v1_nccp/state=1/planner=q3_active,q3_0007_P3_current_grid_v1_nccp,1,q3_active,23,5,"[610.5818243888276, -665.9757663671297]",/measure,"[610.5818243888276, -665.9757663671297]",0.2,15,15,0,False,0,False,False,[],0,0,730.3211061679177,15,2,2,2,[2],[2],False,False,False,False,True,[2],False,False,False,,,False,
q3_0007_P3_current_grid_v1_nccp/state=2/planner=q3_active,q3_0007_P3_current_grid_v1_nccp,2,q3_active,24,5,"[1291.917530666515, -436.4107695892327]",/measure,"[1291.917530666515, -436.4107695892327]",0.2,15,15,0,False,0,False,False,[],0,0,35.82934374889852,13,13,1,13,[13],[1],True,True,False,False,True,[13],False,False,False,,,False,
q3_0007_P3_current_grid_v1_nccp/state=3/planner=q3_active,q3_0007_P3_current_grid_v1_nccp,3,q3_active,44,1,"[1129.4351102796672, 357.4339822696363]",/measure,"[1129.4351102796672, 357.4339822696363]",0.2,15,15,0,False,0,False,False,[],0,0,3.1494962010050997,7,1,1,7,[1],[1],False,False,True,True,True,[7],False,True,True,,,False,
q3_0007_P3_current_grid_v1_nccp/state=4/planner=q3_active,q3_0007_P3_current_grid_v1_nccp,4,q3_active,46,15,"[698.2850462491574, 728.5480170173744]",/measure,"[698.2850462491574, 728.5480170173744]",0.2,15,15,0,False,2,False,False,"[1, 2]",0,0,730.8688562381228,14,11,14,11,[11],[14],True,True,False,False,True,[11],False,False,False,,,False,
q3_0007_P3_current_grid_v1_nccp/state=5/planner=q3_active,q3_0007_P3_current_grid_v1_nccp,5,q3_active,47,15,"[862.998755394369, 1064.849176691974]",/measure,"[862.998755394369, 1064.849176691974]",0.2,15,15,0,False,0,False,False,[],0,0,15.668427240063696,9,11,2,6,[11],[2],True,True,True,True,True,[6],False,True,True,,,False,
q3_0007_P3_current_grid_v1_nccp/state=6/planner=q3_active,q3_0007_P3_current_grid_v1_nccp,6,q3_active,81,10,"[-449.43188369892675, 640.2347254636687]",/measure,"[-449.43188369892675, 640.2347254636687]",0.2,15,15,0,False,0,False,False,[],0,0,32.515784914603955,10,8,1,5,[8],[1],True,True,True,True,True,[5],False,True,True,,,False,
q3_0007_P3_current_grid_v1_nccp/state=7/planner=q3_active,q3_0007_P3_current_grid_v1_nccp,7,q3_active,98,3,"[-884.7723856236163, -169.7495822230216]",/measure,"[-884.7723856236163, -169.7495822230216]",0.2,15,15,0,True,0,False,False,[],0,0,0.021958138821538853,1,2,2,2,[2],[2],False,False,False,False,True,[2],False,False,False,,,False,
q3_0007_P3_current_grid_v1_nccp/state=8/planner=q3_active,q3_0007_P3_current_grid_v1_nccp,8,q3_active,114,13,"[-886.7338511916089, -1276.5761229327034]",/measure,"[-886.7338511916089, -1276.5761229327034]",0.2,15,15,0,False,0,False,False,[],0,0,315.42263873033136,15,11,2,11,[11],[2],True,True,False,False,True,[11],False,False,False,,,False,
q3_0007_P3_current_grid_v1_nccp/state=9/planner=q3_active,q3_0007_P3_current_grid_v1_nccp,9,q3_active,116,14,"[232.68935833119014, -1146.5055233970195]",/measure,"[232.68935833119014, -1146.5055233970195]",0.2,15,15,0,False,2,False,False,"[1, 2]",0,0,690.1646186773402,14,8,1,8,[8],[1],True,True,False,False,True,[8],False,False,False,,,False,
q3_0007_P3_current_grid_v1_nccp/state=10/planner=q3_active,q3_0007_P3_current_grid_v1_nccp,10,q3_active,130,7,"[338.389055647346, -642.6029566333327]",/measure,"[338.389055647346, -642.6029566333327]",0.2,15,15,0,True,0,False,False,[],0,0,2.1693975408967283,1,2,2,2,[2],[2],False,False,False,False,True,[2],False,False,False,,,False,
q3_0007_P3_current_grid_v1_nccp/state=11/planner=q3_active,q3_0007_P3_current_grid_v1_nccp,11,q3_active,132,6,"[-1418.968969035475, -487.68078382132035]",/measure,"[-1418.968969035475, -487.68078382132035]",0.2,15,15,0,False,2,False,False,"[1, 2]",0,0,385.7367128533773,14,14,2,13,[14],[2],True,True,True,True,True,[13],False,True,True,,,False,
q3_0007_P3_current_grid_v1_nccp/state=12/planner=q3_active,q3_0007_P3_current_grid_v1_nccp,12,q3_active,133,6,"[-1679.8286399464612, -553.6002803134519]",/measure,"[-1679.8286399464612, -553.6002803134519]",0.2,15,15,0,False,0,False,False,[],0,0,10.884347686942633,5,3,1,5,[3],[1],True,True,True,True,True,[5],False,True,True,,,False,
q3_0046_P3_current_grid_v1/state=0/planner=q3_active,q3_0046_P3_current_grid_v1,0,q3_active,21,13,"[-57.11038895309265, 917.666955662502]",/measure,"[-57.11038895309265, 917.666955662502]",0.2,15,15,0,False,2,False,False,"[1, 2]",0,0,730.4931070830233,14,10,2,10,[10],[2],True,True,False,False,True,[10],False,False,False,,,False,
q3_0046_P3_current_grid_v1/state=1/planner=q3_active,q3_0046_P3_current_grid_v1,1,q3_active,23,4,"[-127.35693153301222, 798.4153401873057]",/measure,"[-127.35693153301222, 798.4153401873057]",0.2,15,15,0,False,1,False,False,[1],0,0,730.5171225853032,15,3,1,3,[3],[1],True,True,False,False,True,[3],False,False,False,,,False,
q3_0046_P3_current_grid_v1/state=2/planner=q3_active,q3_0046_P3_current_grid_v1,2,q3_active,25,19,"[-708.6440063889163, 163.4501342135116]",/measure,"[-708.6440063889163, 163.4501342135116]",0.2,15,15,0,False,2,False,False,"[1, 2]",0,0,730.610964004367,14,3,1,3,[3],[1],True,True,False,False,True,[3],False,False,False,,,False,
q3_0046_P3_current_grid_v1/state=3/planner=q3_active,q3_0046_P3_current_grid_v1,3,q3_active,27,9,"[-704.5062476047083, -242.0370394961514]",/measure,"[-704.5062476047083, -242.0370394961514]",0.2,15,15,0,False,0,False,False,[],0,0,730.9054973627943,15,2,2,2,[2],[2],False,False,False,False,True,[2],False,False,False,,,False,
q3_0046_P3_current_grid_v1/state=4/planner=q3_active,q3_0046_P3_current_grid_v1,4,q3_active,45,12,"[596.1994470805262, 41.595347956361834]",/measure,"[596.1994470805262, 41.595347956361834]",0.2,15,15,0,False,0,False,False,[],0,0,52.114837461515606,7,14,1,13,[14],[1],True,True,True,True,True,[13],False,True,True,,,False,
q3_0046_P3_current_grid_v1/state=5/planner=q3_active,q3_0046_P3_current_grid_v1,5,q3_active,77,6,"[-1126.4752801781028, 912.1049818639378]",/measure,"[-1126.4752801781028, 912.1049818639378]",0.2,15,15,0,False,0,False,False,[],0,0,400.817059147314,15,12,2,12,[12],[2],True,True,False,False,True,[12],False,False,False,,,False,
q3_0046_P3_current_grid_v1/state=6/planner=q3_active,q3_0046_P3_current_grid_v1,6,q3_active,78,6,"[-771.0834083806975, 997.9627491893484]",/measure,"[-771.0834083806975, 997.9627491893484]",0.2,15,15,0,False,0,False,False,[],0,0,0.06269465276854547,2,2,2,6,[2],[2],False,False,True,True,True,[6],False,True,True,,,False,
q3_0046_P3_current_grid_v1/state=7/planner=q3_active,q3_0046_P3_current_grid_v1,7,q3_active,80,1,"[-1176.0116084479218, 349.39626290053025]",/measure,"[-1176.0116084479218, 349.39626290053025]",0.2,15,15,0,False,2,False,False,"[1, 2]",0,0,699.123564576858,14,13,1,13,[13],[1],True,True,False,False,True,[13],False,False,False,,,False,
q3_0046_P3_current_grid_v1/state=8/planner=q3_active,q3_0046_P3_current_grid_v1,8,q3_active,81,1,"[-1635.4859143697674, 305.52469269669353]",/measure,"[-1635.4859143697674, 305.52469269669353]",0.2,15,15,0,False,0,False,False,[],0,0,43.15022246358727,9,14,1,14,[14],[1],True,True,False,False,True,[14],False,False,False,,,False,
q3_0046_P3_current_grid_v1/state=9/planner=q3_active,q3_0046_P3_current_grid_v1,9,q3_active,122,15,"[817.7285767412519, -974.4643856985401]",/measure,"[817.7285767412519, -974.4643856985401]",0.2,15,15,0,True,0,False,False,[],0,0,0.01271850002559205,1,1,1,1,[1],[1],False,False,False,False,True,[1],False,False,False,,,False,
q3_0046_P3_current_grid_v1/state=10/planner=q3_active,q3_0046_P3_current_grid_v1,10,q3_active,125,8,"[1245.626834055966, -385.76974087665246]",/measure,"[1245.626834055966, -385.76974087665246]",0.2,15,15,0,False,0,False,False,[],0,0,2.8261481603885343,3,1,1,7,[1],[1],False,False,True,True,True,[7],False,True,True,,,False,
q3_0046_P3_current_grid_v1/state=11/planner=q3_active,q3_0046_P3_current_grid_v1,11,q3_active,247,17,"[1398.6744694079562, -517.0954936466508]",/measure,"[1398.6744694079562, -517.0954936466508]",0.2,15,15,0,False,0,False,False,[],0,0,358.19131629636615,15,2,2,2,[2],[2],False,False,False,False,True,[2],False,False,False,,,False,
q3_0046_P3_current_grid_v1_nccp/state=0/planner=q3_active,q3_0046_P3_current_grid_v1_nccp,0,q3_active,21,13,"[-57.11038895309265, 917.666955662502]",/measure,"[-57.11038895309265, 917.666955662502]",0.2,15,15,0,False,2,False,False,"[1, 2]",0,0,730.4931070830233,14,10,2,10,[10],[2],True,True,False,False,True,[10],False,False,False,,,False,
q3_0046_P3_current_grid_v1_nccp/state=1/planner=q3_active,q3_0046_P3_current_grid_v1_nccp,1,q3_active,23,4,"[-128.166670714201, 798.9740134514149]",/measure,"[-128.166670714201, 798.9740134514149]",0.2,15,15,0,False,1,False,False,[1],0,0,730.5171225853032,15,3,1,3,[3],[1],True,True,False,False,True,[3],False,False,False,,,False,
q3_0046_P3_current_grid_v1_nccp/state=2/planner=q3_active,q3_0046_P3_current_grid_v1_nccp,2,q3_active,25,19,"[-707.8256721962265, 164.62007081037797]",/measure,"[-707.8256721962265, 164.62007081037797]",0.2,15,15,0,False,2,False,False,"[1, 2]",0,0,730.610964004367,14,3,1,3,[3],[1],True,True,False,False,True,[3],False,False,False,,,False,
q3_0046_P3_current_grid_v1_nccp/state=3/planner=q3_active,q3_0046_P3_current_grid_v1_nccp,3,q3_active,27,9,"[-706.3109471840185, -237.78011633298456]",/measure,"[-706.3109471840185, -237.78011633298456]",0.2,15,15,0,False,0,False,False,[],0,0,730.9054973627943,15,2,2,2,[2],[2],False,False,False,False,True,[2],False,False,False,,,False,
q3_0046_P3_current_grid_v1_nccp/state=4/planner=q3_active,q3_0046_P3_current_grid_v1_nccp,4,q3_active,45,12,"[596.1994470805262, 41.595347956361834]",/measure,"[596.1994470805262, 41.595347956361834]",0.2,15,15,0,False,0,False,False,[],0,0,52.114837461515606,7,14,1,13,[14],[1],True,True,True,True,True,[13],False,True,True,,,False,
q3_0046_P3_current_grid_v1_nccp/state=5/planner=q3_active,q3_0046_P3_current_grid_v1_nccp,5,q3_active,47,14,"[1448.3694917876094, -353.2391243399776]",/measure,"[1448.3694917876094, -353.2391243399776]",0.2,15,15,0,False,0,False,False,[],0,0,341.9803012165134,15,13,2,13,[13],[2],True,True,False,False,True,[13],False,False,False,,,False,
q3_0046_P3_current_grid_v1_nccp/state=6/planner=q3_active,q3_0046_P3_current_grid_v1_nccp,6,q3_active,49,5,"[1676.6134081294654, -295.20876401854923]",/measure,"[1676.6134081294654, -295.20876401854923]",0.2,15,15,0,False,0,False,False,[],0,0,488.82194969481077,15,1,1,1,[1],[1],False,False,False,False,True,[1],False,False,False,,,False,
q3_0046_P3_current_grid_v1_nccp/state=7/planner=q3_active,q3_0046_P3_current_grid_v1_nccp,7,q3_active,51,8,"[1072.8286589530596, -761.2609797192273]",/measure,"[1072.8286589530596, -761.2609797192273]",0.2,15,15,0,False,0,False,False,[],0,0,576.5974461125406,15,12,5,12,[12],[5],True,True,False,False,True,[12],False,False,False,,,False,
q3_0046_P3_current_grid_v1_nccp/state=8/planner=q3_active,q3_0046_P3_current_grid_v1_nccp,8,q3_active,52,8,"[1186.9008631187853, -391.5792998163138]",/measure,"[1186.9008631187853, -391.5792998163138]",0.2,15,15,0,False,0,False,False,[],0,0,3.991976911769882,5,2,2,11,[2],[2],False,False,True,True,True,[11],False,True,True,,,False,
q3_0046_P3_current_grid_v1_nccp/state=9/planner=q3_active,q3_0046_P3_current_grid_v1_nccp,9,q3_active,54,15,"[1011.3737239658537, -826.4184821699318]",/measure,"[1011.3737239658537, -826.4184821699318]",0.2,15,15,0,False,0,False,False,[],0,0,632.2401605273138,15,12,9,12,[12],[9],True,True,False,False,True,[12],False,False,False,,,False,
q3_0046_P3_current_grid_v1_nccp/state=10/planner=q3_active,q3_0046_P3_current_grid_v1_nccp,10,q3_active,55,15,"[1240.2530027324267, -883.4156461494523]",/measure,"[1240.2530027324267, -883.4156461494523]",0.2,15,15,0,False,0,False,False,[],0,0,0.12846470195802695,2,1,1,6,[1],[1],False,False,True,True,True,[6],False,True,True,,,False,
q3_0046_P3_current_grid_v1_nccp/state=11/planner=q3_active,q3_0046_P3_current_grid_v1_nccp,11,q3_active,79,6,"[-1126.4752801781028, 912.1049818639378]",/measure,"[-1126.4752801781028, 912.1049818639378]",0.2,15,15,0,False,0,False,False,[],0,0,400.817059147314,15,12,2,12,[12],[2],True,True,False,False,True,[12],False,False,False,,,False,
q3_0046_P3_current_grid_v1_nccp/state=12/planner=q3_active,q3_0046_P3_current_grid_v1_nccp,12,q3_active,80,6,"[-771.0834083806975, 997.9627491893484]",/measure,"[-771.0834083806975, 997.9627491893484]",0.2,15,15,0,False,0,False,False,[],0,0,0.06269465276854547,2,2,2,6,[2],[2],False,False,True,True,True,[6],False,True,True,,,False,
q3_0046_P3_current_grid_v1_nccp/state=13/planner=q3_active,q3_0046_P3_current_grid_v1_nccp,13,q3_active,92,1,"[-1650.5484051289611, 310.52182690590143]",/measure,"[-1650.5484051289611, 310.52182690590143]",0.2,15,15,0,False,0,False,False,[],0,0,11.717988139141251,9,1,1,5,[1],[1],False,False,True,True,True,[5],False,True,True,,,False,
q3_0046_P3_current_grid_v1_nccp/state=14/planner=q3_active,q3_0046_P3_current_grid_v1_nccp,14,q3_active,112,17,"[1042.8353219158903, -1001.7612373581028]",/measure,"[1042.8353219158903, -1001.7612373581028]",0.2,15,15,0,False,0,False,False,[],0,0,358.19131629636615,15,8,1,8,[8],[1],True,True,False,False,True,[8],False,False,False,,,False,
q3_0064_P3_current_grid_v1/state=0/planner=q3_active,q3_0064_P3_current_grid_v1,0,q3_active,21,15,"[-40.126617001549164, -894.9686109416518]",/measure,"[-40.126617001549164, -894.9686109416518]",0.2,15,15,0,False,2,False,False,"[1, 2]",0,0,730.2320808002993,14,14,2,14,[14],[2],True,True,False,False,True,[14],False,False,False,,,False,
q3_0064_P3_current_grid_v1/state=1/planner=q3_active,q3_0064_P3_current_grid_v1,1,q3_active,22,15,"[-282.0344921581311, -961.0176799082483]",/measure,"[-282.0344921581311, -961.0176799082483]",0.2,15,15,0,False,0,False,False,[],0,0,1.3236285118980895,2,1,1,13,[1],[1],False,False,True,True,True,[13],False,True,True,,,False,
q3_0064_P3_current_grid_v1/state=2/planner=q3_active,q3_0064_P3_current_grid_v1,2,q3_active,24,14,"[-441.62997411163224, -801.9392172852037]",/measure,"[-441.62997411163224, -801.9392172852037]",0.2,15,15,0,False,0,False,False,[],0,0,730.9054973627946,15,2,12,2,[2],[12],True,True,False,False,True,[2],False,False,False,,,False,
q3_0064_P3_current_grid_v1/state=3/planner=q3_active,q3_0064_P3_current_grid_v1,3,q3_active,25,14,"[-248.42731209558758, -990.9689780411296]",/measure,"[-248.42731209558758, -990.9689780411296]",0.2,15,15,0,False,0,False,False,[],0,0,1.9733470878860793,4,1,1,12,[1],[1],False,False,True,True,True,[12],False,True,True,,,False,
q3_0064_P3_current_grid_v1/state=4/planner=q3_active,q3_0064_P3_current_grid_v1,4,q3_active,27,12,"[-181.92228729032763, -944.4589574851948]",/measure,"[-181.92228729032763, -944.4589574851948]",0.2,15,15,0,False,0,False,False,[],0,0,730.9054973627954,15,2,2,2,[2],[2],False,False,False,False,True,[2],False,False,False,,,False,
q3_0064_P3_current_grid_v1/state=5/planner=q3_active,q3_0064_P3_current_grid_v1,5,q3_active,28,12,"[548.3332210162961, -1193.0699410061454]",/measure,"[548.3332210162961, -1193.0699410061454]",0.2,15,15,0,False,0,False,False,[],0,0,25.897996743716252,13,1,1,12,[1],[1],False,False,True,True,True,[12],False,True,True,,,False,
q3_0064_P3_current_grid_v1/state=6/planner=q3_active,q3_0064_P3_current_grid_v1,6,q3_active,30,5,"[314.21238467067275, -863.3379600634322]",/measure,"[314.21238467067275, -863.3379600634322]",0.2,15,15,0,False,2,False,False,"[1, 2]",0,0,730.9054973627944,14,4,2,4,[4],[2],True,True,False,False,True,[4],False,False,False,,,False,
q3_0064_P3_current_grid_v1/state=7/planner=q3_active,q3_0064_P3_current_grid_v1,7,q3_active,31,5,"[621.7836499323363, -868.5436958364787]",/measure,"[621.7836499323363, -868.5436958364787]",0.2,15,15,0,False,0,False,False,[],0,0,5.50374318935118,6,1,1,13,[1],[1],False,False,True,True,True,[13],False,True,True,,,False,
q3_0064_P3_current_grid_v1/state=8/planner=q3_active,q3_0064_P3_current_grid_v1,8,q3_active,49,18,"[1425.7475898321454, -460.7532037041835]",/measure,"[1425.7475898321454, -460.7532037041835]",0.2,15,15,0,False,0,False,False,[],0,0,375.7069199204311,15,13,1,13,[13],[1],True,True,False,False,True,[13],False,False,False,,,False,
q3_0064_P3_current_grid_v1/state=9/planner=q3_active,q3_0064_P3_current_grid_v1,9,q3_active,50,18,"[1678.2157743999041, -499.8461222886226]",/measure,"[1678.2157743999041, -499.8461222886226]",0.2,15,15,0,False,0,False,False,[],0,0,6.186959482829206,5,1,1,13,[1],[1],False,False,True,True,True,[13],False,True,True,,,False,
q3_0064_P3_current_grid_v1/state=10/planner=q3_active,q3_0064_P3_current_grid_v1,10,q3_active,52,10,"[1604.33004142059, 404.0568303425546]",/measure,"[1604.33004142059, 404.0568303425546]",0.2,15,15,0,False,1,False,False,[2],0,0,449.6963535378292,15,7,2,7,[7],[2],True,True,False,False,True,[7],False,False,False,,,False,
q3_0064_P3_current_grid_v1/state=11/planner=q3_active,q3_0064_P3_current_grid_v1,11,q3_active,53,10,"[1569.2748547394915, 664.3731480894271]",/measure,"[1569.2748547394915, 664.3731480894271]",0.2,15,15,0,False,0,False,False,[],0,0,4.145222466130495,4,1,1,7,[1],[1],False,False,True,True,True,[7],False,True,True,,,False,
q3_0064_P3_current_grid_v1/state=12/planner=q3_active,q3_0064_P3_current_grid_v1,12,q3_active,69,19,"[-97.94036132033676, 1023.8098325742726]",/measure,"[-97.94036132033676, 1023.8098325742726]",0.2,15,15,0,False,0,False,False,[],0,0,3.3198589733787323,5,1,1,0,[1],[1],False,False,True,True,True,[0],False,True,True,,,False,
q3_0064_P3_current_grid_v1/state=13/planner=q3_active,q3_0064_P3_current_grid_v1,13,q3_active,71,8,"[-121.04606666503781, 1033.9446683768583]",/measure,"[-121.04606666503781, 1033.9446683768583]",0.2,15,15,0,False,0,False,False,[],0,0,6.6249691975829315,7,2,2,2,[2],[2],False,False,False,False,True,[2],False,False,False,,,False,
q3_0064_P3_current_grid_v1/state=14/planner=q3_active,q3_0064_P3_current_grid_v1,14,q3_active,85,20,"[-406.6784237937055, 464.73017984454833]",/measure,"[-406.6784237937055, 464.73017984454833]",0.2,15,15,0,False,0,False,False,[],0,0,0.3675629562192846,3,2,2,0,[2],[2],False,False,True,True,True,[0],False,True,True,,,False,
q3_0064_P3_current_grid_v1/state=15/planner=q3_active,q3_0064_P3_current_grid_v1,15,q3_active,98,11,"[-1186.7990912043779, -597.1234173327679]",/measure,"[-1186.7990912043779, -597.1234173327679]",0.2,15,15,0,False,0,False,False,[],0,0,463.25164598457314,15,14,1,14,[14],[1],True,True,False,False,True,[14],False,False,False,,,False,
q3_0064_P3_current_grid_v1/state=16/planner=q3_active,q3_0064_P3_current_grid_v1,16,q3_active,99,11,"[-1520.94803837039, -746.314375340628]",/measure,"[-1520.94803837039, -746.314375340628]",0.2,15,15,0,False,0,False,False,[],0,0,10.562171943976331,6,1,1,5,[1],[1],False,False,True,True,True,[5],False,True,True,,,False,
q3_0064_P3_current_grid_v1/state=17/planner=q3_active,q3_0064_P3_current_grid_v1,17,q3_active,121,2,"[885.4738011287238, -945.6344633386412]",/measure,"[885.4738011287238, -945.6344633386412]",0.2,15,15,0,False,0,False,False,[],0,0,0.47251927380500547,2,2,2,9,[2],[2],False,False,True,True,True,[9],False,True,True,,,False,
q3_0064_P3_current_grid_v1/state=18/planner=q3_active,q3_0064_P3_current_grid_v1,18,q3_active,123,13,"[919.1720812373405, -978.8405526434551]",/measure,"[919.1720812373405, -978.8405526434551]",0.2,15,15,0,True,0,False,False,[],0,0,0.7544845473952009,1,12,12,3,[12],[12],False,False,True,True,True,[3],False,True,True,,,False,
q3_0064_P3_current_grid_v1/state=19/planner=q3_active,q3_0064_P3_current_grid_v1,19,q3_active,125,6,"[1092.8842934916927, -729.4294284544924]",/measure,"[1092.8842934916927, -729.4294284544924]",0.2,15,15,0,False,0,False,False,[],0,0,3.55795643145915,5,1,1,14,[1],[1],False,False,True,True,True,[14],False,True,True,,,False,
q3_0064_P3_current_grid_v1_nccp/state=0/planner=q3_active,q3_0064_P3_current_grid_v1_nccp,0,q3_active,21,15,"[-40.126617001549164, -894.9686109416518]",/measure,"[-40.126617001549164, -894.9686109416518]",0.2,15,15,0,False,2,False,False,"[1, 2]",0,0,730.2320808002993,14,14,2,14,[14],[2],True,True,False,False,True,[14],False,False,False,,,False,
q3_0064_P3_current_grid_v1_nccp/state=1/planner=q3_active,q3_0064_P3_current_grid_v1_nccp,1,q3_active,22,15,"[-282.0344921581311, -961.0176799082483]",/measure,"[-282.0344921581311, -961.0176799082483]",0.2,15,15,0,False,0,False,False,[],0,0,1.3236285118980895,2,1,1,13,[1],[1],False,False,True,True,True,[13],False,True,True,,,False,
q3_0064_P3_current_grid_v1_nccp/state=2/planner=q3_active,q3_0064_P3_current_grid_v1_nccp,2,q3_active,24,14,"[-439.01279527583563, -810.8090645256541]",/measure,"[-439.01279527583563, -810.8090645256541]",0.2,15,15,0,False,0,False,False,[],0,0,730.9054973627946,15,2,12,2,[2],[12],True,True,False,False,True,[2],False,False,False,,,False,
q3_0064_P3_current_grid_v1_nccp/state=3/planner=q3_active,q3_0064_P3_current_grid_v1_nccp,3,q3_active,25,14,"[-205.97974802008957, -948.4039503922527]",/measure,"[-205.97974802008957, -948.4039503922527]",0.2,15,15,0,False,0,False,False,[],0,0,1.5950361935833257,4,1,1,8,[1],[1],False,False,True,True,True,[8],False,True,True,,,False,
q3_0064_P3_current_grid_v1_nccp/state=4/planner=q3_active,q3_0064_P3_current_grid_v1_nccp,4,q3_active,27,12,"[-178.2042676515408, -936.4938170185189]",/measure,"[-178.2042676515408, -936.4938170185189]",0.2,15,15,0,False,0,False,False,[],0,0,730.9054973627954,15,2,2,2,[2],[2],False,False,False,False,True,[2],False,False,False,,,False,
q3_0064_P3_current_grid_v1_nccp/state=5/planner=q3_active,q3_0064_P3_current_grid_v1_nccp,5,q3_active,28,12,"[547.9755036137975, -1192.3102846052846]",/measure,"[547.9755036137975, -1192.3102846052846]",0.2,15,15,0,False,0,False,False,[],0,0,26.380252821858047,13,12,1,12,[12],[1],True,True,False,False,True,[12],False,False,False,,,False,
q3_0064_P3_current_grid_v1_nccp/state=6/planner=q3_active,q3_0064_P3_current_grid_v1_nccp,6,q3_active,30,5,"[313.7704059055225, -864.680425404745]",/measure,"[313.7704059055225, -864.680425404745]",0.2,15,15,0,False,2,False,False,"[1, 2]",0,0,730.9054973627944,14,4,2,4,[4],[2],True,True,False,False,True,[4],False,False,False,,,False,
q3_0064_P3_current_grid_v1_nccp/state=7/planner=q3_active,q3_0064_P3_current_grid_v1_nccp,7,q3_active,31,5,"[621.8231854280016, -868.6001295677709]",/measure,"[621.8231854280016, -868.6001295677709]",0.2,15,15,0,False,0,False,False,[],0,0,5.431912308798921,6,1,1,13,[1],[1],False,False,True,True,True,[13],False,True,True,,,False,
q3_0064_P3_current_grid_v1_nccp/state=8/planner=q3_active,q3_0064_P3_current_grid_v1_nccp,8,q3_active,49,18,"[1425.7475898321454, -460.7532037041835]",/measure,"[1425.7475898321454, -460.7532037041835]",0.2,15,15,0,False,0,False,False,[],0,0,375.7069199204311,15,13,1,13,[13],[1],True,True,False,False,True,[13],False,False,False,,,False,
q3_0064_P3_current_grid_v1_nccp/state=9/planner=q3_active,q3_0064_P3_current_grid_v1_nccp,9,q3_active,50,18,"[1678.2157743999041, -499.8461222886226]",/measure,"[1678.2157743999041, -499.8461222886226]",0.2,15,15,0,False,0,False,False,[],0,0,6.186959482829206,5,1,1,13,[1],[1],False,False,True,True,True,[13],False,True,True,,,False,
q3_0064_P3_current_grid_v1_nccp/state=10/planner=q3_active,q3_0064_P3_current_grid_v1_nccp,10,q3_active,52,10,"[1604.33004142059, 404.0568303425546]",/measure,"[1604.33004142059, 404.0568303425546]",0.2,15,15,0,False,1,False,False,[2],0,0,449.6963535378292,15,7,2,7,[7],[2],True,True,False,False,True,[7],False,False,False,,,False,
q3_0064_P3_current_grid_v1_nccp/state=11/planner=q3_active,q3_0064_P3_current_grid_v1_nccp,11,q3_active,53,10,"[1569.2748547394915, 664.3731480894271]",/measure,"[1569.2748547394915, 664.3731480894271]",0.2,15,15,0,False,0,False,False,[],0,0,4.145222466130495,4,1,1,7,[1],[1],False,False,True,True,True,[7],False,True,True,,,False,
q3_0064_P3_current_grid_v1_nccp/state=12/planner=q3_active,q3_0064_P3_current_grid_v1_nccp,12,q3_active,69,19,"[-97.94036132033676, 1023.8098325742726]",/measure,"[-97.94036132033676, 1023.8098325742726]",0.2,15,15,0,False,0,False,False,[],0,0,3.3198589733787323,5,1,1,0,[1],[1],False,False,True,True,True,[0],False,True,True,,,False,
q3_0064_P3_current_grid_v1_nccp/state=13/planner=q3_active,q3_0064_P3_current_grid_v1_nccp,13,q3_active,71,8,"[-121.04606666503781, 1033.9446683768583]",/measure,"[-121.04606666503781, 1033.9446683768583]",0.2,15,15,0,False,0,False,False,[],0,0,6.6249691975829315,7,2,2,2,[2],[2],False,False,False,False,True,[2],False,False,False,,,False,
q3_0064_P3_current_grid_v1_nccp/state=14/planner=q3_active,q3_0064_P3_current_grid_v1_nccp,14,q3_active,73,20,"[-227.52625776386864, 864.2864840875908]",/measure,"[-227.52625776386864, 864.2864840875908]",0.2,15,15,0,False,0,False,False,[],0,0,4.88294912725874,3,1,1,1,[1],[1],False,False,False,False,True,[1],False,False,False,,,False,
q3_0064_P3_current_grid_v1_nccp/state=15/planner=q3_active,q3_0064_P3_current_grid_v1_nccp,15,q3_active,97,11,"[-1186.7990912043779, -597.1234173327679]",/measure,"[-1186.7990912043779, -597.1234173327679]",0.2,15,15,0,False,0,False,False,[],0,0,463.25164598457314,15,14,1,14,[14],[1],True,True,False,False,True,[14],False,False,False,,,False,
q3_0064_P3_current_grid_v1_nccp/state=16/planner=q3_active,q3_0064_P3_current_grid_v1_nccp,16,q3_active,98,11,"[-1520.94803837039, -746.314375340628]",/measure,"[-1520.94803837039, -746.314375340628]",0.2,15,15,0,False,0,False,False,[],0,0,10.562171943976331,6,1,1,5,[1],[1],False,False,True,True,True,[5],False,True,True,,,False,
q3_0064_P3_current_grid_v1_nccp/state=17/planner=q3_active,q3_0064_P3_current_grid_v1_nccp,17,q3_active,120,2,"[885.4738011287238, -945.6344633386412]",/measure,"[885.4738011287238, -945.6344633386412]",0.2,15,15,0,False,0,False,False,[],0,0,0.47251927380500547,2,2,2,9,[2],[2],False,False,True,True,True,[9],False,True,True,,,False,
q3_0064_P3_current_grid_v1_nccp/state=18/planner=q3_active,q3_0064_P3_current_grid_v1_nccp,18,q3_active,122,13,"[918.7194793910365, -918.9305619393781]",/measure,"[918.7194793910365, -918.9305619393781]",0.2,15,15,0,True,0,False,False,[],0,0,0.7544845473952009,1,11,11,9,[11],[11],False,False,True,True,True,[9],False,True,True,,,False,
q3_0064_P3_current_grid_v1_nccp/state=19/planner=q3_active,q3_0064_P3_current_grid_v1_nccp,19,q3_active,124,6,"[1092.8842934916927, -729.4294284544924]",/measure,"[1092.8842934916927, -729.4294284544924]",0.2,15,15,0,False,0,False,False,[],0,0,3.55795643145915,5,1,1,14,[1],[1],False,False,True,True,True,[14],False,True,True,,,False,
q4_0000_P4_diagnostic_v1_grid_v1/state=0/planner=q4_active,q4_0000_P4_diagnostic_v1_grid_v1,0,q4_active,41,13,"[-573.223304703363, 213.62183262373793]",/measure,"[-573.223304703363, 213.62183262373793]",0.2,15,15,0,True,15,True,True,"[0, 1, 2, 3, 4, 5, 6, 7, 8, 9, 10, 11, 12, 13, 14]",0,0,730.9054973627944,1,0,0,8,[0],[0],False,False,True,True,True,[8],False,True,True,,,False,
q4_0000_P4_diagnostic_v1_grid_v1/state=1/planner=q4_active,q4_0000_P4_diagnostic_v1_grid_v1,1,q4_active,42,6,"[-475.68491530121423, 193.7977774380216]",/measure,"[-475.68491530121423, 193.7977774380216]",0.2,15,15,0,True,15,True,True,"[0, 1, 2, 3, 4, 5, 6, 7, 8, 9, 10, 11, 12, 13, 14]",0,0,730.3553117498024,1,14,14,14,[14],[14],False,False,False,False,True,[14],False,False,False,,,False,
q4_0000_P4_diagnostic_v1_grid_v1/state=2/planner=q4_active,q4_0000_P4_diagnostic_v1_grid_v1,2,q4_active,43,6,"[-402.46161059785106, 370.5744727346585]",/measure,"[-402.46161059785106, 370.5744727346585]",0.2,14,14,0,True,14,True,True,"[0, 1, 2, 3, 4, 5, 6, 7, 8, 9, 10, 11, 12, 13]",0,0,730.3553117498024,1,7,13,7,"[7, 13]",[13],True,False,False,False,True,[7],False,False,False,,,False,
q4_0000_P4_diagnostic_v1_grid_v1/state=3/planner=q4_active,q4_0000_P4_diagnostic_v1_grid_v1,3,q4_active,44,19,"[-388.69903453898166, 394.0836790047006]",/measure,"[-388.69903453898166, 394.0836790047006]",0.2,15,15,0,True,15,True,True,"[0, 1, 2, 3, 4, 5, 6, 7, 8, 9, 10, 11, 12, 13, 14]",0,0,730.4931070830223,1,7,7,7,[7],[7],False,False,False,False,True,[7],False,False,False,,,False,
q4_0000_P4_diagnostic_v1_grid_v1/state=4/planner=q4_active,q4_0000_P4_diagnostic_v1_grid_v1,4,q4_active,45,19,"[-550.1658777749308, 387.3679356277898]",/measure,"[-550.1658777749308, 387.3679356277898]",0.2,15,15,0,False,11,False,False,"[0, 4, 5, 6, 8, 9, 10, 11, 12, 13, 14]",0,0,1.8779315779084271,3,1,1,8,[1],[1],False,False,True,True,True,[8],False,True,True,,,False,
q4_0000_P4_diagnostic_v1_grid_v1/state=5/planner=diagnostic_v1,q4_0000_P4_diagnostic_v1_grid_v1,5,diagnostic_v1,47,6,"[-218.86106263903406, 121.59542781357769]",/measure,"[-218.86106263903406, 121.59542781357769]",0.2,31,4,27,True,31,True,True,"[0, 1, 2, 3, 4, 5, 6, 7, 8, 9, 10, 11, 12, 13, 14, 15, 16, 17, 18, 19, 20, 21, 22, 23, 24, 25, 26, 27, 28, 29, 30]",0,0,730.3553117498024,1,2,2,20,[2],[2],False,False,True,True,True,[20],False,True,True,True,True,,
q4_0000_P4_diagnostic_v1_grid_v1/state=6/planner=diagnostic_v1,q4_0000_P4_diagnostic_v1_grid_v1,6,diagnostic_v1,48,6,"[-212.44086765821214, 234.22520786759407]",/measure,"[-212.44086765821214, 234.22520786759407]",0.2,31,4,27,False,26,False,False,"[0, 1, 3, 4, 5, 6, 7, 9, 10, 11, 12, 13, 15, 16, 17, 18, 19, 21, 22, 23, 24, 25, 27, 28, 29, 30]",0,0,84.43636295968074,2,2,2,6,[2],[2],False,False,True,True,True,[6],False,True,True,True,True,,
q4_0000_P4_diagnostic_v1_grid_v1/state=7/planner=q4_active,q4_0000_P4_diagnostic_v1_grid_v1,7,q4_active,50,13,"[-573.2233047033632, -139.93155796953587]",/measure,"[-573.2233047033632, -139.93155796953587]",0.2,15,15,0,True,15,True,True,"[0, 1, 2, 3, 4, 5, 6, 7, 8, 9, 10, 11, 12, 13, 14]",0,0,730.9054973627944,1,1,1,14,[1],[1],False,False,True,True,True,[14],False,True,True,,,False,
q4_0000_P4_diagnostic_v1_grid_v1/state=8/planner=q4_active,q4_0000_P4_diagnostic_v1_grid_v1,8,q4_active,51,2,"[-868.0716590617183, -984.4134688682713]",/measure,"[-868.0716590617183, -984.4134688682713]",0.2,15,15,0,False,12,False,False,"[0, 3, 5, 6, 7, 8, 9, 10, 11, 12, 13, 14]",0,0,54.543138267725055,2,1,1,10,[1],[1],False,False,True,True,True,[10],False,True,True,,,False,
q4_0000_P4_diagnostic_v1_grid_v1/state=9/planner=q4_active,q4_0000_P4_diagnostic_v1_grid_v1,9,q4_active,52,2,"[-843.6733370553262, -985.0385665320828]",/measure,"[-843.6733370553262, -985.0385665320828]",0.2,15,15,0,False,14,False,False,"[0, 1, 2, 3, 4, 5, 6, 7, 8, 10, 11, 12, 13, 14]",0,0,1.3002307987930521,2,9,10,9,[9],[10],True,True,False,False,True,[9],False,False,False,,,False,
q4_0000_P4_diagnostic_v1_grid_v1/state=10/planner=q4_active,q4_0000_P4_diagnostic_v1_grid_v1,10,q4_active,71,8,"[-662.284857887869, -904.9919093970535]",/measure,"[-662.284857887869, -904.9919093970535]",0.2,15,15,0,True,15,True,True,"[0, 1, 2, 3, 4, 5, 6, 7, 8, 9, 10, 11, 12, 13, 14]",0,0,396.86603745995376,1,1,1,2,"[1, 2]",[1],False,False,True,False,True,[2],False,True,False,,,False,
q4_0000_P4_diagnostic_v1_grid_v1/state=11/planner=q4_active,q4_0000_P4_diagnostic_v1_grid_v1,11,q4_active,72,8,"[-738.2620164859906, -925.8611781507225]",/measure,"[-738.2620164859906, -925.8611781507225]",0.2,15,15,0,False,9,False,False,"[0, 2, 4, 6, 7, 8, 12, 13, 14]",0,0,396.86603745995376,7,11,8,8,[11],[8],True,True,True,True,True,[8],False,True,True,,,False,
q4_0000_P4_diagnostic_v1_grid_v1/state=12/planner=q4_active,q4_0000_P4_diagnostic_v1_grid_v1,12,q4_active,73,8,"[-885.6460638997493, -864.8127068345043]",/measure,"[-885.6460638997493, -864.8127068345043]",0.2,14,14,0,False,8,False,False,"[0, 2, 4, 6, 7, 11, 12, 13]",0,0,396.86603745995376,7,10,2,8,[10],[2],True,True,True,True,True,[8],False,True,True,,,False,
q4_0000_P4_diagnostic_v1_grid_v1/state=13/planner=q4_active,q4_0000_P4_diagnostic_v1_grid_v1,13,q4_active,74,8,"[-1086.8468794236542, -1360.7989411367275]",/measure,"[-1086.8468794236542, -1360.7989411367275]",0.2,15,15,0,False,8,False,False,"[0, 4, 6, 7, 8, 12, 13, 14]",0,0,70.72937054004316,8,11,1,11,[11],[1],True,True,False,False,True,[11],False,False,False,,,False,
q4_0000_P4_diagnostic_v1_grid_v1/state=14/planner=diagnostic_v1,q4_0000_P4_diagnostic_v1_grid_v1,14,diagnostic_v1,124,17,"[112.77226157316039, -927.211873293362]",/measure,"[112.77226157316039, -927.211873293362]",0.2,31,4,27,False,19,False,False,"[0, 1, 4, 5, 6, 7, 10, 11, 12, 13, 16, 17, 18, 19, 22, 24, 25, 28, 30]",0,0,8.08728549198079,3,28,28,0,[28],[28],False,False,True,True,True,[0],False,True,True,True,True,,
q4_0000_P4_diagnostic_v1_grid_v1/state=15/planner=diagnostic_v1,q4_0000_P4_diagnostic_v1_grid_v1,15,diagnostic_v1,126,15,"[307.19117756924487, -841.539794960491]",/measure,"[307.19117756924487, -841.539794960491]",0.2,31,4,27,True,31,True,True,"[0, 1, 2, 3, 4, 5, 6, 7, 8, 9, 10, 11, 12, 13, 14, 15, 16, 17, 18, 19, 20, 21, 22, 23, 24, 25, 26, 27, 28, 29, 30]",0,0,730.9054973627944,1,8,8,12,[8],[8],False,False,True,True,True,[12],False,True,True,True,True,,
q4_0000_P4_diagnostic_v1_grid_v1/state=16/planner=diagnostic_v1,q4_0000_P4_diagnostic_v1_grid_v1,16,diagnostic_v1,127,15,"[345.65829619628346, -1048.534161683549]",/measure,"[345.65829619628346, -1048.534161683549]",0.2,31,4,27,False,17,False,False,"[0, 2, 3, 4, 6, 8, 9, 12, 14, 15, 18, 20, 21, 24, 26, 27, 30]",0,0,39.333644475650246,3,5,13,5,[5],[13],True,True,False,False,True,[5],False,False,False,True,True,,
q4_0000_P4_diagnostic_v1_grid_v1/state=17/planner=q4_active,q4_0000_P4_diagnostic_v1_grid_v1,17,q4_active,227,5,"[-1487.761781250102, 715.3403981239497]",/measure,"[-1487.761781250102, 715.3403981239497]",0.2,15,15,0,True,15,True,True,"[0, 1, 2, 3, 4, 5, 6, 7, 8, 9, 10, 11, 12, 13, 14]",0,0,158.18582610326598,1,1,1,1,"[1, 2]",[1],False,False,False,False,True,[1],False,False,False,,,False,
q4_0000_P4_diagnostic_v1_grid_v1/state=18/planner=q4_active,q4_0000_P4_diagnostic_v1_grid_v1,18,q4_active,228,5,"[-1578.058767772532, 675.425230152022]",/measure,"[-1578.058767772532, 675.425230152022]",0.2,15,15,0,False,12,False,False,"[0, 4, 5, 6, 7, 8, 9, 10, 11, 12, 13, 14]",0,0,24.15498261234902,4,3,1,1,[3],[1],True,True,True,True,True,[1],False,True,True,,,False,
q4_0000_P4_diagnostic_v1_grid_v1/state=19/planner=q4_active,q4_0000_P4_diagnostic_v1_grid_v1,19,q4_active,295,18,"[-346.4527629449478, 1388.4676193701882]",/measure,"[-346.4527629449478, 1388.4676193701882]",0.2,15,15,0,False,13,False,False,"[0, 2, 4, 5, 6, 7, 8, 9, 10, 11, 12, 13, 14]",0,0,11.783545608973341,3,1,2,12,[1],[2],True,True,True,True,True,[12],False,True,True,,,False,
q4_0000_P4_diagnostic_v1_grid_v1/state=20/planner=q4_active,q4_0000_P4_diagnostic_v1_grid_v1,20,q4_active,333,10,"[30.749234753302865, 873.9259420503118]",/measure,"[30.749234753302865, 873.9259420503118]",0.2,15,15,0,False,13,False,False,"[0, 2, 4, 5, 6, 7, 8, 9, 10, 11, 12, 13, 14]",0,0,96.07130726164728,3,3,2,2,[3],[2],True,True,True,True,True,[2],False,True,True,,,False,
q4_0000_P4_diagnostic_v1_grid_v1/state=21/planner=q4_active,q4_0000_P4_diagnostic_v1_grid_v1,21,q4_active,334,10,"[60.64804856608795, 982.8396814851653]",/measure,"[60.64804856608795, 982.8396814851653]",0.2,15,15,0,False,13,False,False,"[0, 1, 3, 5, 6, 7, 8, 9, 10, 11, 12, 13, 14]",0,0,45.31823080825278,3,4,1,1,[4],[1],True,True,True,True,True,[1],False,True,True,,,False,
q4_0000_P4_diagnostic_v1_grid_v1/state=22/planner=q4_active,q4_0000_P4_diagnostic_v1_grid_v1,22,q4_active,335,10,"[156.8656508330326, 1064.2062784120988]",/measure,"[156.8656508330326, 1064.2062784120988]",0.2,15,15,0,False,9,False,False,"[0, 2, 4, 6, 8, 9, 10, 11, 12]",0,0,9.533304003362833,3,1,2,3,[1],[2],True,True,True,True,True,[3],False,True,True,,,False,
q4_0000_P4_diagnostic_v1_grid_v1/state=23/planner=q4_active,q4_0000_P4_diagnostic_v1_grid_v1,23,q4_active,337,12,"[291.9233302938077, 1585.8810041152392]",/measure,"[291.9233302938077, 1585.8810041152392]",0.2,15,15,0,False,14,False,False,"[0, 1, 2, 3, 5, 6, 7, 8, 9, 10, 11, 12, 13, 14]",0,0,3.7454844479010596,2,1,1,0,[1],[1],False,False,True,True,True,[0],False,True,True,,,False,
q4_0000_P4_diagnostic_v1_grid_v1/state=24/planner=q4_active,q4_0000_P4_diagnostic_v1_grid_v1,24,q4_active,379,7,"[935.2322816108358, 685.1357340252132]",/measure,"[935.2322816108358, 685.1357340252132]",0.2,15,15,0,False,11,False,False,"[0, 5, 6, 7, 8, 9, 10, 11, 12, 13, 14]",0,0,36.62169442460298,5,1,1,8,[1],[1],False,False,True,True,True,[8],False,True,True,,,False,
q4_0000_P4_diagnostic_v1_grid_v1/state=25/planner=q4_active,q4_0000_P4_diagnostic_v1_grid_v1,25,q4_active,381,9,"[938.9947069559325, 629.1276536944866]",/measure,"[938.9947069559325, 629.1276536944866]",0.2,15,15,0,False,13,False,False,"[0, 1, 2, 3, 4, 5, 6, 7, 8, 9, 12, 13, 14]",0,0,2.0533031353457076,2,2,2,2,[2],[2],False,False,False,False,True,[2],False,False,False,,,False,
q4_0000_P4_diagnostic_v1_grid_v1/state=26/planner=diagnostic_v1,q4_0000_P4_diagnostic_v1_grid_v1,26,diagnostic_v1,472,1,"[1603.5349651274291, -291.42990950679166]",/measure,"[1603.5349651274291, -291.42990950679166]",0.2,31,4,27,False,22,False,False,"[0, 1, 3, 4, 5, 6, 7, 10, 11, 12, 13, 16, 17, 18, 19, 22, 23, 24, 25, 28, 29, 30]",0,0,10.667417417963854,2,19,19,3,[19],[19],False,False,True,True,True,[3],False,True,True,True,True,,
q4_0000_P4_diagnostic_v1_grid_v1_nccp/state=0/planner=q4_active,q4_0000_P4_diagnostic_v1_grid_v1_nccp,0,q4_active,41,13,"[-573.223304703363, 213.62183262373793]",/measure,"[-573.223304703363, 213.62183262373793]",0.2,15,15,0,True,15,True,True,"[0, 1, 2, 3, 4, 5, 6, 7, 8, 9, 10, 11, 12, 13, 14]",0,0,730.9054973627944,1,0,0,8,[0],[0],False,False,True,True,True,[8],False,True,True,,,False,
q4_0000_P4_diagnostic_v1_grid_v1_nccp/state=1/planner=q4_active,q4_0000_P4_diagnostic_v1_grid_v1_nccp,1,q4_active,42,6,"[-475.68491530121423, 193.7977774380216]",/measure,"[-475.68491530121423, 193.7977774380216]",0.2,15,15,0,True,15,True,True,"[0, 1, 2, 3, 4, 5, 6, 7, 8, 9, 10, 11, 12, 13, 14]",0,0,730.3553117498024,1,14,14,14,[14],[14],False,False,False,False,True,[14],False,False,False,,,False,
q4_0000_P4_diagnostic_v1_grid_v1_nccp/state=2/planner=q4_active,q4_0000_P4_diagnostic_v1_grid_v1_nccp,2,q4_active,43,6,"[-402.46161059785106, 370.5744727346585]",/measure,"[-402.46161059785106, 370.5744727346585]",0.2,14,14,0,True,14,True,True,"[0, 1, 2, 3, 4, 5, 6, 7, 8, 9, 10, 11, 12, 13]",0,0,730.3553117498024,1,7,13,7,"[7, 13]",[13],True,False,False,False,True,[7],False,False,False,,,False,
q4_0000_P4_diagnostic_v1_grid_v1_nccp/state=3/planner=q4_active,q4_0000_P4_diagnostic_v1_grid_v1_nccp,3,q4_active,44,19,"[-388.69903453898166, 394.0836790047006]",/measure,"[-388.69903453898166, 394.0836790047006]",0.2,15,15,0,True,15,True,True,"[0, 1, 2, 3, 4, 5, 6, 7, 8, 9, 10, 11, 12, 13, 14]",0,0,730.4931070830223,1,7,7,7,[7],[7],False,False,False,False,True,[7],False,False,False,,,False,
q4_0000_P4_diagnostic_v1_grid_v1_nccp/state=4/planner=q4_active,q4_0000_P4_diagnostic_v1_grid_v1_nccp,4,q4_active,45,19,"[-550.1658777749308, 387.3679356277898]",/measure,"[-550.1658777749308, 387.3679356277898]",0.2,15,15,0,False,11,False,False,"[0, 4, 5, 6, 8, 9, 10, 11, 12, 13, 14]",0,0,1.8779315779084271,3,1,1,8,[1],[1],False,False,True,True,True,[8],False,True,True,,,False,
q4_0000_P4_diagnostic_v1_grid_v1_nccp/state=5/planner=diagnostic_v1,q4_0000_P4_diagnostic_v1_grid_v1_nccp,5,diagnostic_v1,47,6,"[-587.0029526792124, -327.5669550248571]",/measure,"[-587.0029526792124, -327.5669550248571]",0.2,31,4,27,True,31,True,True,"[0, 1, 2, 3, 4, 5, 6, 7, 8, 9, 10, 11, 12, 13, 14, 15, 16, 17, 18, 19, 20, 21, 22, 23, 24, 25, 26, 27, 28, 29, 30]",0,0,730.3553117498024,1,2,2,29,[2],[2],False,False,True,True,True,[29],False,True,True,True,True,,
q4_0000_P4_diagnostic_v1_grid_v1_nccp/state=6/planner=diagnostic_v1,q4_0000_P4_diagnostic_v1_grid_v1_nccp,6,diagnostic_v1,48,6,"[77.21094373349513, 86.85007174274577]",/measure,"[77.21094373349513, 86.85007174274577]",0.2,31,4,27,False,30,False,False,"[0, 1, 2, 3, 4, 5, 6, 7, 8, 9, 10, 11, 12, 13, 14, 15, 16, 17, 18, 19, 20, 21, 22, 23, 24, 25, 26, 27, 28, 29]",0,0,730.3553117498024,2,30,5,30,[30],"[5, 6]",True,True,False,False,True,[30],False,False,False,True,True,,
q4_0000_P4_diagnostic_v1_grid_v1_nccp/state=7/planner=diagnostic_v1,q4_0000_P4_diagnostic_v1_grid_v1_nccp,7,diagnostic_v1,49,6,"[-88.6551584046486, 222.02718193734876]",/measure,"[-88.6551584046486, 222.02718193734876]",0.2,31,4,27,False,22,False,False,"[0, 1, 3, 4, 7, 9, 10, 11, 13, 15, 16, 17, 19, 21, 22, 23, 24, 25, 27, 28, 29, 30]",0,0,20.787841030545618,3,6,14,6,[6],[14],True,True,False,False,True,[6],False,False,False,True,True,,
q4_0000_P4_diagnostic_v1_grid_v1_nccp/state=8/planner=q4_active,q4_0000_P4_diagnostic_v1_grid_v1_nccp,8,q4_active,51,13,"[-573.2233047033632, -139.93155796953587]",/measure,"[-573.2233047033632, -139.93155796953587]",0.2,15,15,0,True,15,True,True,"[0, 1, 2, 3, 4, 5, 6, 7, 8, 9, 10, 11, 12, 13, 14]",0,0,730.9054973627944,1,1,1,14,[1],[1],False,False,True,True,True,[14],False,True,True,,,False,
q4_0000_P4_diagnostic_v1_grid_v1_nccp/state=9/planner=q4_active,q4_0000_P4_diagnostic_v1_grid_v1_nccp,9,q4_active,52,2,"[-868.0716590617183, -984.4134688682713]",/measure,"[-868.0716590617183, -984.4134688682713]",0.2,15,15,0,False,12,False,False,"[0, 3, 5, 6, 7, 8, 9, 10, 11, 12, 13, 14]",0,0,54.543138267725055,2,1,1,10,[1],[1],False,False,True,True,True,[10],False,True,True,,,False,
q4_0000_P4_diagnostic_v1_grid_v1_nccp/state=10/planner=q4_active,q4_0000_P4_diagnostic_v1_grid_v1_nccp,10,q4_active,53,2,"[-843.6733370553262, -985.0385665320828]",/measure,"[-843.6733370553262, -985.0385665320828]",0.2,15,15,0,False,14,False,False,"[0, 1, 2, 3, 4, 5, 6, 7, 8, 10, 11, 12, 13, 14]",0,0,1.3002307987930521,2,9,10,9,[9],[10],True,True,False,False,True,[9],False,False,False,,,False,
q4_0000_P4_diagnostic_v1_grid_v1_nccp/state=11/planner=q4_active,q4_0000_P4_diagnostic_v1_grid_v1_nccp,11,q4_active,72,8,"[-662.284857887869, -904.9919093970535]",/measure,"[-662.284857887869, -904.9919093970535]",0.2,15,15,0,True,15,True,True,"[0, 1, 2, 3, 4, 5, 6, 7, 8, 9, 10, 11, 12, 13, 14]",0,0,396.86603745995376,1,1,1,2,"[1, 2]",[1],False,False,True,False,True,[2],False,True,False,,,False,
q4_0000_P4_diagnostic_v1_grid_v1_nccp/state=12/planner=q4_active,q4_0000_P4_diagnostic_v1_grid_v1_nccp,12,q4_active,73,8,"[-738.2620164859906, -925.8611781507225]",/measure,"[-738.2620164859906, -925.8611781507225]",0.2,15,15,0,False,9,False,False,"[0, 2, 4, 6, 7, 8, 12, 13, 14]",0,0,396.86603745995376,7,11,8,8,[11],[8],True,True,True,True,True,[8],False,True,True,,,False,
q4_0000_P4_diagnostic_v1_grid_v1_nccp/state=13/planner=q4_active,q4_0000_P4_diagnostic_v1_grid_v1_nccp,13,q4_active,74,8,"[-885.6460638997493, -864.8127068345043]",/measure,"[-885.6460638997493, -864.8127068345043]",0.2,14,14,0,False,8,False,False,"[0, 2, 4, 6, 7, 11, 12, 13]",0,0,396.86603745995376,7,10,2,8,[10],[2],True,True,True,True,True,[8],False,True,True,,,False,
q4_0000_P4_diagnostic_v1_grid_v1_nccp/state=14/planner=q4_active,q4_0000_P4_diagnostic_v1_grid_v1_nccp,14,q4_active,75,8,"[-1086.8468794236542, -1360.7989411367275]",/measure,"[-1086.8468794236542, -1360.7989411367275]",0.2,15,15,0,False,8,False,False,"[0, 4, 6, 7, 8, 12, 13, 14]",0,0,70.72937054004316,8,11,1,11,[11],[1],True,True,False,False,True,[11],False,False,False,,,False,
q4_0000_P4_diagnostic_v1_grid_v1_nccp/state=15/planner=diagnostic_v1,q4_0000_P4_diagnostic_v1_grid_v1_nccp,15,diagnostic_v1,125,17,"[112.77226157316039, -927.211873293362]",/measure,"[112.77226157316039, -927.211873293362]",0.2,31,4,27,False,19,False,False,"[0, 1, 4, 5, 6, 7, 10, 11, 12, 13, 16, 17, 18, 19, 22, 24, 25, 28, 30]",0,0,8.08728549198079,3,28,28,0,[28],[28],False,False,True,True,True,[0],False,True,True,True,True,,
q4_0000_P4_diagnostic_v1_grid_v1_nccp/state=16/planner=diagnostic_v1,q4_0000_P4_diagnostic_v1_grid_v1_nccp,16,diagnostic_v1,127,15,"[311.4566742585688, -832.1843473369053]",/measure,"[311.4566742585688, -832.1843473369053]",0.2,31,4,27,True,31,True,True,"[0, 1, 2, 3, 4, 5, 6, 7, 8, 9, 10, 11, 12, 13, 14, 15, 16, 17, 18, 19, 20, 21, 22, 23, 24, 25, 26, 27, 28, 29, 30]",0,0,730.9054973627944,1,8,8,12,[8],[8],False,False,True,True,True,[12],False,True,True,True,True,,
q4_0000_P4_diagnostic_v1_grid_v1_nccp/state=17/planner=diagnostic_v1,q4_0000_P4_diagnostic_v1_grid_v1_nccp,17,diagnostic_v1,128,15,"[291.64197379259247, -1214.5140137820667]",/measure,"[291.64197379259247, -1214.5140137820667]",0.2,31,4,27,False,17,False,False,"[0, 2, 3, 4, 6, 8, 9, 12, 14, 15, 18, 20, 21, 24, 26, 27, 30]",0,0,39.3168826353987,3,5,13,4,[5],[13],True,True,True,True,True,[4],False,True,True,True,True,,
q4_0000_P4_diagnostic_v1_grid_v1_nccp/state=18/planner=q4_active,q4_0000_P4_diagnostic_v1_grid_v1_nccp,18,q4_active,228,5,"[-1487.761781250102, 715.3403981239497]",/measure,"[-1487.761781250102, 715.3403981239497]",0.2,15,15,0,True,15,True,True,"[0, 1, 2, 3, 4, 5, 6, 7, 8, 9, 10, 11, 12, 13, 14]",0,0,158.18582610326598,1,1,1,1,"[1, 2]",[1],False,False,False,False,True,[1],False,False,False,,,False,
q4_0000_P4_diagnostic_v1_grid_v1_nccp/state=19/planner=q4_active,q4_0000_P4_diagnostic_v1_grid_v1_nccp,19,q4_active,229,5,"[-1578.058767772532, 675.425230152022]",/measure,"[-1578.058767772532, 675.425230152022]",0.2,15,15,0,False,12,False,False,"[0, 4, 5, 6, 7, 8, 9, 10, 11, 12, 13, 14]",0,0,24.15498261234902,4,3,1,1,[3],[1],True,True,True,True,True,[1],False,True,True,,,False,
q4_0000_P4_diagnostic_v1_grid_v1_nccp/state=20/planner=q4_active,q4_0000_P4_diagnostic_v1_grid_v1_nccp,20,q4_active,296,18,"[-346.4527629449478, 1388.4676193701882]",/measure,"[-346.4527629449478, 1388.4676193701882]",0.2,15,15,0,False,13,False,False,"[0, 2, 4, 5, 6, 7, 8, 9, 10, 11, 12, 13, 14]",0,0,11.783545608973341,3,1,2,12,[1],[2],True,True,True,True,True,[12],False,True,True,,,False,
q4_0000_P4_diagnostic_v1_grid_v1_nccp/state=21/planner=q4_active,q4_0000_P4_diagnostic_v1_grid_v1_nccp,21,q4_active,334,10,"[30.749234753302865, 873.9259420503118]",/measure,"[30.749234753302865, 873.9259420503118]",0.2,15,15,0,False,13,False,False,"[0, 2, 4, 5, 6, 7, 8, 9, 10, 11, 12, 13, 14]",0,0,96.07130726164728,3,3,2,2,[3],[2],True,True,True,True,True,[2],False,True,True,,,False,
q4_0000_P4_diagnostic_v1_grid_v1_nccp/state=22/planner=q4_active,q4_0000_P4_diagnostic_v1_grid_v1_nccp,22,q4_active,335,10,"[60.64804856608795, 982.8396814851653]",/measure,"[60.64804856608795, 982.8396814851653]",0.2,15,15,0,False,13,False,False,"[0, 1, 3, 5, 6, 7, 8, 9, 10, 11, 12, 13, 14]",0,0,45.31823080825278,3,4,1,1,[4],[1],True,True,True,True,True,[1],False,True,True,,,False,
q4_0000_P4_diagnostic_v1_grid_v1_nccp/state=23/planner=q4_active,q4_0000_P4_diagnostic_v1_grid_v1_nccp,23,q4_active,336,10,"[156.8656508330326, 1064.2062784120988]",/measure,"[156.8656508330326, 1064.2062784120988]",0.2,15,15,0,False,9,False,False,"[0, 2, 4, 6, 8, 9, 10, 11, 12]",0,0,9.533304003362833,3,1,2,3,[1],[2],True,True,True,True,True,[3],False,True,True,,,False,
q4_0000_P4_diagnostic_v1_grid_v1_nccp/state=24/planner=q4_active,q4_0000_P4_diagnostic_v1_grid_v1_nccp,24,q4_active,338,12,"[291.9233302938077, 1585.8810041152392]",/measure,"[291.9233302938077, 1585.8810041152392]",0.2,15,15,0,True,15,True,True,"[0, 1, 2, 3, 4, 5, 6, 7, 8, 9, 10, 11, 12, 13, 14]",0,0,3.7454844479010596,1,1,1,0,[1],[1],False,False,True,True,True,[0],False,True,True,,,False,
q4_0000_P4_diagnostic_v1_grid_v1_nccp/state=25/planner=q4_active,q4_0000_P4_diagnostic_v1_grid_v1_nccp,25,q4_active,380,7,"[935.2322816108358, 685.1357340252132]",/measure,"[935.2322816108358, 685.1357340252132]",0.2,15,15,0,False,11,False,False,"[0, 5, 6, 7, 8, 9, 10, 11, 12, 13, 14]",0,0,36.62169442460298,5,1,1,8,[1],[1],False,False,True,True,True,[8],False,True,True,,,False,
q4_0000_P4_diagnostic_v1_grid_v1_nccp/state=26/planner=q4_active,q4_0000_P4_diagnostic_v1_grid_v1_nccp,26,q4_active,382,9,"[940.3106058866351, 631.4756513379622]",/measure,"[940.3106058866351, 631.4756513379622]",0.2,15,15,0,False,13,False,False,"[0, 1, 2, 3, 4, 5, 6, 7, 8, 9, 12, 13, 14]",0,0,2.0533031353457076,2,2,2,2,[2],[2],False,False,False,False,True,[2],False,False,False,,,False,
q4_0000_P4_diagnostic_v1_grid_v1_nccp/state=27/planner=diagnostic_v1,q4_0000_P4_diagnostic_v1_grid_v1_nccp,27,diagnostic_v1,473,1,"[1603.5349651274291, -291.42990950679166]",/measure,"[1603.5349651274291, -291.42990950679166]",0.2,31,4,27,False,22,False,False,"[0, 1, 3, 4, 5, 6, 7, 10, 11, 12, 13, 16, 17, 18, 19, 22, 23, 24, 25, 28, 29, 30]",0,0,10.667417417963854,2,19,19,3,[19],[19],False,False,True,True,True,[3],False,True,True,True,True,,
q4_0001_P4_diagnostic_v1_grid_v1/state=0/planner=q4_active,q4_0001_P4_diagnostic_v1_grid_v1,0,q4_active,42,1,"[-645.0508878614224, 115.155380503337]",/measure,"[-645.0508878614224, 115.155380503337]",0.2,15,15,0,False,7,False,False,"[0, 5, 7, 11, 12, 13, 14]",0,0,17.99601462354911,2,2,2,2,[2],[2],False,False,False,False,True,[2],False,False,False,,,False,
q4_0001_P4_diagnostic_v1_grid_v1/state=1/planner=q4_active,q4_0001_P4_diagnostic_v1_grid_v1,1,q4_active,44,10,"[-759.9693653801761, -711.794612826438]",/measure,"[-759.9693653801761, -711.794612826438]",0.2,15,15,0,False,11,False,False,"[0, 5, 6, 7, 8, 9, 10, 11, 12, 13, 14]",0,0,23.673328457061633,3,1,1,6,[1],[1],False,False,True,True,True,[6],False,True,True,,,False,
q4_0001_P4_diagnostic_v1_grid_v1/state=2/planner=q4_active,q4_0001_P4_diagnostic_v1_grid_v1,2,q4_active,63,3,"[-759.5766923829805, -895.047952167148]",/measure,"[-759.5766923829805, -895.047952167148]",0.2,15,15,0,True,15,True,True,"[0, 1, 2, 3, 4, 5, 6, 7, 8, 9, 10, 11, 12, 13, 14]",0,0,387.8886606184591,1,1,1,1,"[1, 2]",[1],False,False,False,False,True,[1],False,False,False,,,False,
q4_0001_P4_diagnostic_v1_grid_v1/state=3/planner=q4_active,q4_0001_P4_diagnostic_v1_grid_v1,3,q4_active,64,3,"[-1249.4974851238471, -1169.6442657311766]",/measure,"[-1249.4974851238471, -1169.6442657311766]",0.2,15,15,0,True,14,False,True,"[0, 1, 3, 4, 5, 6, 7, 8, 9, 10, 11, 12, 13, 14]",0,0,68.90024970531549,1,1,1,14,[1],[1],False,False,True,True,True,[14],False,True,True,,,False,
q4_0001_P4_diagnostic_v1_grid_v1/state=4/planner=q4_active,q4_0001_P4_diagnostic_v1_grid_v1,4,q4_active,114,2,"[17.80981805971992, -1453.6101020756457]",/measure,"[17.80981805971992, -1453.6101020756457]",0.2,15,15,0,False,12,False,False,"[0, 3, 5, 6, 7, 8, 9, 10, 11, 12, 13, 14]",0,0,23.711177326303027,4,1,1,6,[1],[1],False,False,True,True,True,[6],False,True,True,,,False,
q4_0001_P4_diagnostic_v1_grid_v1/state=5/planner=q4_active,q4_0001_P4_diagnostic_v1_grid_v1,5,q4_active,191,19,"[-1601.3651681974777, 349.4002263538182]",/measure,"[-1601.3651681974777, 349.4002263538182]",0.2,15,15,0,False,11,False,False,"[0, 1, 3, 5, 7, 8, 9, 10, 11, 12, 14]",0,0,0.4880253800916847,3,2,2,0,[2],[2],False,False,True,True,True,[0],False,True,True,,,False,
q4_0001_P4_diagnostic_v1_grid_v1/state=6/planner=q4_active,q4_0001_P4_diagnostic_v1_grid_v1,6,q4_active,193,11,"[-1529.566029828114, 185.28283094706416]",/measure,"[-1529.566029828114, 185.28283094706416]",0.2,15,15,0,False,11,False,False,"[0, 5, 6, 7, 8, 9, 10, 11, 12, 13, 14]",0,0,13.29327553899861,2,2,2,2,[2],[2],False,False,False,False,True,[2],False,False,False,,,False,
q4_0001_P4_diagnostic_v1_grid_v1/state=7/planner=q4_active,q4_0001_P4_diagnostic_v1_grid_v1,7,q4_active,299,7,"[-450.0489198326512, 1010.4739517611133]",/measure,"[-450.0489198326512, 1010.4739517611133]",0.2,15,15,0,False,13,False,False,"[0, 1, 3, 5, 6, 7, 8, 9, 10, 11, 12, 13, 14]",0,0,80.68121054998582,2,4,1,8,[4],[1],True,True,True,True,True,[8],False,True,True,,,False,
q4_0001_P4_diagnostic_v1_grid_v1/state=8/planner=q4_active,q4_0001_P4_diagnostic_v1_grid_v1,8,q4_active,325,5,"[495.72317006974623, 876.6113844698473]",/measure,"[495.72317006974623, 876.6113844698473]",0.2,15,15,0,False,11,False,False,"[0, 5, 6, 7, 8, 9, 10, 11, 12, 13, 14]",0,0,10.443589158062235,3,2,2,6,[2],[2],False,False,True,True,True,[6],False,True,True,,,False,
q4_0001_P4_diagnostic_v1_grid_v1/state=9/planner=q4_active,q4_0001_P4_diagnostic_v1_grid_v1,9,q4_active,368,15,"[1289.3704693362256, 1145.0720907397222]",/measure,"[1289.3704693362256, 1145.0720907397222]",0.2,15,15,0,False,13,False,False,"[0, 1, 3, 5, 6, 7, 8, 9, 10, 11, 12, 13, 14]",0,0,30.4180850976084,3,2,1,12,[2],[1],True,True,True,True,True,[12],False,True,True,,,False,
q4_0001_P4_diagnostic_v1_grid_v1/state=10/planner=q4_active,q4_0001_P4_diagnostic_v1_grid_v1,10,q4_active,397,6,"[505.1688642262588, -993.3580905845549]",/measure,"[505.1688642262588, -993.3580905845549]",0.2,15,15,0,False,13,False,False,"[0, 1, 3, 5, 6, 7, 8, 9, 10, 11, 12, 13, 14]",0,0,36.730950687470994,2,4,1,7,[4],[1],True,True,True,True,True,[7],False,True,True,,,False,
q4_0001_P4_diagnostic_v1_grid_v1_nccp/state=0/planner=q4_active,q4_0001_P4_diagnostic_v1_grid_v1_nccp,0,q4_active,42,1,"[-646.3101925071129, 112.9029133826919]",/measure,"[-646.3101925071129, 112.9029133826919]",0.2,15,15,0,False,7,False,False,"[0, 5, 7, 11, 12, 13, 14]",0,0,17.99601462354911,2,2,2,2,[2],[2],False,False,False,False,True,[2],False,False,False,,,False,
q4_0001_P4_diagnostic_v1_grid_v1_nccp/state=1/planner=q4_active,q4_0001_P4_diagnostic_v1_grid_v1_nccp,1,q4_active,44,10,"[-759.9693653801761, -711.794612826438]",/measure,"[-759.9693653801761, -711.794612826438]",0.2,15,15,0,False,11,False,False,"[0, 5, 6, 7, 8, 9, 10, 11, 12, 13, 14]",0,0,23.673328457061633,3,1,1,6,[1],[1],False,False,True,True,True,[6],False,True,True,,,False,
q4_0001_P4_diagnostic_v1_grid_v1_nccp/state=2/planner=q4_active,q4_0001_P4_diagnostic_v1_grid_v1_nccp,2,q4_active,63,3,"[-759.5766923829805, -895.047952167148]",/measure,"[-759.5766923829805, -895.047952167148]",0.2,15,15,0,True,15,True,True,"[0, 1, 2, 3, 4, 5, 6, 7, 8, 9, 10, 11, 12, 13, 14]",0,0,387.8886606184591,1,1,1,1,"[1, 2]",[1],False,False,False,False,True,[1],False,False,False,,,False,
q4_0001_P4_diagnostic_v1_grid_v1_nccp/state=3/planner=q4_active,q4_0001_P4_diagnostic_v1_grid_v1_nccp,3,q4_active,64,3,"[-1249.4974851238471, -1169.6442657311766]",/measure,"[-1249.4974851238471, -1169.6442657311766]",0.2,15,15,0,True,14,False,True,"[0, 1, 3, 4, 5, 6, 7, 8, 9, 10, 11, 12, 13, 14]",0,0,68.90024970531549,1,1,1,14,[1],[1],False,False,True,True,True,[14],False,True,True,,,False,
q4_0001_P4_diagnostic_v1_grid_v1_nccp/state=4/planner=q4_active,q4_0001_P4_diagnostic_v1_grid_v1_nccp,4,q4_active,114,2,"[17.80981805971992, -1453.6101020756457]",/measure,"[17.80981805971992, -1453.6101020756457]",0.2,15,15,0,False,12,False,False,"[0, 3, 5, 6, 7, 8, 9, 10, 11, 12, 13, 14]",0,0,23.711177326303027,4,1,1,6,[1],[1],False,False,True,True,True,[6],False,True,True,,,False,
q4_0001_P4_diagnostic_v1_grid_v1_nccp/state=5/planner=q4_active,q4_0001_P4_diagnostic_v1_grid_v1_nccp,5,q4_active,191,19,"[-1601.3651681974777, 349.4002263538182]",/measure,"[-1601.3651681974777, 349.4002263538182]",0.2,15,15,0,False,11,False,False,"[0, 1, 3, 5, 7, 8, 9, 10, 11, 12, 14]",0,0,0.4880253800916847,3,2,2,0,[2],[2],False,False,True,True,True,[0],False,True,True,,,False,
q4_0001_P4_diagnostic_v1_grid_v1_nccp/state=6/planner=q4_active,q4_0001_P4_diagnostic_v1_grid_v1_nccp,6,q4_active,193,11,"[-1529.566029828114, 185.28283094706416]",/measure,"[-1529.566029828114, 185.28283094706416]",0.2,15,15,0,False,11,False,False,"[0, 5, 6, 7, 8, 9, 10, 11, 12, 13, 14]",0,0,13.29327553899861,2,2,2,2,[2],[2],False,False,False,False,True,[2],False,False,False,,,False,
q4_0001_P4_diagnostic_v1_grid_v1_nccp/state=7/planner=q4_active,q4_0001_P4_diagnostic_v1_grid_v1_nccp,7,q4_active,299,7,"[-450.0489198326512, 1010.4739517611133]",/measure,"[-450.0489198326512, 1010.4739517611133]",0.2,15,15,0,False,13,False,False,"[0, 1, 3, 5, 6, 7, 8, 9, 10, 11, 12, 13, 14]",0,0,80.68121054998582,2,4,1,8,[4],[1],True,True,True,True,True,[8],False,True,True,,,False,
q4_0001_P4_diagnostic_v1_grid_v1_nccp/state=8/planner=q4_active,q4_0001_P4_diagnostic_v1_grid_v1_nccp,8,q4_active,325,5,"[495.72317006974623, 876.6113844698473]",/measure,"[495.72317006974623, 876.6113844698473]",0.2,15,15,0,False,11,False,False,"[0, 5, 6, 7, 8, 9, 10, 11, 12, 13, 14]",0,0,10.443589158062235,3,2,2,6,[2],[2],False,False,True,True,True,[6],False,True,True,,,False,
q4_0001_P4_diagnostic_v1_grid_v1_nccp/state=9/planner=q4_active,q4_0001_P4_diagnostic_v1_grid_v1_nccp,9,q4_active,368,15,"[1289.3704693362256, 1145.0720907397222]",/measure,"[1289.3704693362256, 1145.0720907397222]",0.2,15,15,0,False,13,False,False,"[0, 1, 3, 5, 6, 7, 8, 9, 10, 11, 12, 13, 14]",0,0,30.4180850976084,3,2,1,12,[2],[1],True,True,True,True,True,[12],False,True,True,,,False,
q4_0001_P4_diagnostic_v1_grid_v1_nccp/state=10/planner=q4_active,q4_0001_P4_diagnostic_v1_grid_v1_nccp,10,q4_active,397,6,"[505.1688642262588, -993.3580905845549]",/measure,"[505.1688642262588, -993.3580905845549]",0.2,15,15,0,False,13,False,False,"[0, 1, 3, 5, 6, 7, 8, 9, 10, 11, 12, 13, 14]",0,0,36.730950687470994,2,4,1,7,[4],[1],True,True,True,True,True,[7],False,True,True,,,False,
q4_0002_P4_diagnostic_v1_grid_v1/state=0/planner=q4_active,q4_0002_P4_diagnostic_v1_grid_v1,0,q4_active,42,20,"[-596.8118331053294, 498.9532320935883]",/measure,"[-596.8118331053294, 498.9532320935883]",0.2,15,15,0,False,14,False,False,"[0, 1, 2, 3, 4, 5, 6, 7, 8, 9, 10, 11, 12, 14]",0,0,7.818013978083577,2,2,2,2,[2],[2],False,False,False,False,True,[2],False,False,False,,,False,
q4_0002_P4_diagnostic_v1_grid_v1/state=1/planner=q4_active,q4_0002_P4_diagnostic_v1_grid_v1,1,q4_active,44,9,"[-1097.4693229169982, 99.04440451883252]",/measure,"[-1097.4693229169982, 99.04440451883252]",0.2,15,15,0,True,15,True,True,"[0, 1, 2, 3, 4, 5, 6, 7, 8, 9, 10, 11, 12, 13, 14]",0,0,559.6530032261742,1,1,1,3,[1],[1],False,False,True,True,True,[3],False,True,True,,,False,
q4_0002_P4_diagnostic_v1_grid_v1/state=2/planner=q4_active,q4_0002_P4_diagnostic_v1_grid_v1,2,q4_active,45,9,"[-1628.159608711389, -553.1806555523491]",/measure,"[-1628.159608711389, -553.1806555523491]",0.2,15,15,0,False,13,False,False,"[0, 1, 3, 5, 6, 7, 8, 9, 10, 11, 12, 13, 14]",0,0,51.84274868752725,2,1,1,14,[1],[1],False,False,True,True,True,[14],False,True,True,,,False,
q4_0002_P4_diagnostic_v1_grid_v1/state=3/planner=q4_active,q4_0002_P4_diagnostic_v1_grid_v1,3,q4_active,64,12,"[-107.95819884009127, -1200.5356629396747]",/measure,"[-107.95819884009127, -1200.5356629396747]",0.2,15,15,0,False,13,False,False,"[0, 1, 3, 5, 6, 7, 8, 9, 10, 11, 12, 13, 14]",0,0,17.290019015803008,3,2,1,5,[2],[1],True,True,True,True,True,[5],False,True,True,,,False,
q4_0002_P4_diagnostic_v1_grid_v1/state=4/planner=q4_active,q4_0002_P4_diagnostic_v1_grid_v1,4,q4_active,66,8,"[-143.61646765234784, -1204.2766394321693]",/measure,"[-143.61646765234784, -1204.2766394321693]",0.2,15,15,0,True,15,True,True,"[0, 1, 2, 3, 4, 5, 6, 7, 8, 9, 10, 11, 12, 13, 14]",0,0,730.9054973627943,1,0,0,0,[0],[0],False,False,False,False,True,[0],False,False,False,,,False,
q4_0002_P4_diagnostic_v1_grid_v1/state=5/planner=q4_active,q4_0002_P4_diagnostic_v1_grid_v1,5,q4_active,67,8,"[-105.31319971714431, -1358.6473358433648]",/measure,"[-105.31319971714431, -1358.6473358433648]",0.2,15,15,0,True,15,True,True,"[0, 1, 2, 3, 4, 5, 6, 7, 8, 9, 10, 11, 12, 13, 14]",0,0,298.10445641638006,1,1,2,2,"[1, 2]",[2],True,False,True,False,True,[2],False,True,False,,,False,
q4_0002_P4_diagnostic_v1_grid_v1/state=6/planner=q4_active,q4_0002_P4_diagnostic_v1_grid_v1,6,q4_active,69,1,"[-157.88177764558915, -1211.8171087819346]",/measure,"[-157.88177764558915, -1211.8171087819346]",0.2,15,15,0,True,15,True,True,"[0, 1, 2, 3, 4, 5, 6, 7, 8, 9, 10, 11, 12, 13, 14]",0,0,485.77751923160093,1,2,2,2,[2],[2],False,False,False,False,True,[2],False,False,False,,,False,
q4_0002_P4_diagnostic_v1_grid_v1/state=7/planner=q4_active,q4_0002_P4_diagnostic_v1_grid_v1,7,q4_active,281,11,"[-370.6881305885281, 1485.7012022039312]",/measure,"[-370.6881305885281, 1485.7012022039312]",0.2,15,15,0,False,12,False,False,"[0, 1, 3, 5, 6, 7, 8, 9, 10, 12, 13, 14]",0,0,1.082738935590882,2,1,1,0,[1],[1],False,False,True,True,True,[0],False,True,True,,,False,
q4_0002_P4_diagnostic_v1_grid_v1/state=8/planner=q4_active,q4_0002_P4_diagnostic_v1_grid_v1,8,q4_active,322,6,"[330.3876611643452, 1279.7800776963832]",/measure,"[330.3876611643452, 1279.7800776963832]",0.2,15,15,0,False,13,False,False,"[0, 1, 3, 5, 6, 7, 8, 9, 10, 11, 12, 13, 14]",0,0,8.206675298579256,3,2,1,10,[2],[1],True,True,True,True,True,[10],False,True,True,,,False,
q4_0002_P4_diagnostic_v1_grid_v1/state=9/planner=q4_active,q4_0002_P4_diagnostic_v1_grid_v1,9,q4_active,396,18,"[780.2653056033213, -486.38579579340006]",/measure,"[780.2653056033213, -486.38579579340006]",0.2,15,15,0,False,13,False,False,"[0, 1, 3, 5, 6, 7, 8, 9, 10, 11, 12, 13, 14]",0,0,9.305963314354106,3,2,1,5,[2],[1],True,True,True,True,True,[5],False,True,True,,,False,
q4_0002_P4_diagnostic_v1_grid_v1/state=10/planner=q4_active,q4_0002_P4_diagnostic_v1_grid_v1,10,q4_active,398,13,"[786.9556449798384, -508.4319469741555]",/measure,"[786.9556449798384, -508.4319469741555]",0.2,15,15,0,True,15,True,True,"[0, 1, 2, 3, 4, 5, 6, 7, 8, 9, 10, 11, 12, 13, 14]",0,0,14.42565781285175,1,1,1,1,[1],[1],False,False,False,False,True,[1],False,False,False,,,False,
q4_0002_P4_diagnostic_v1_grid_v1/state=11/planner=q4_active,q4_0002_P4_diagnostic_v1_grid_v1,11,q4_active,410,5,"[234.8876851642597, -917.4546987771456]",/measure,"[234.8876851642597, -917.4546987771456]",0.2,15,15,0,False,11,False,False,"[0, 5, 6, 7, 8, 9, 10, 11, 12, 13, 14]",0,0,20.201493933730067,4,1,1,14,[1],[1],False,False,True,True,True,[14],False,True,True,,,False,
q4_0002_P4_diagnostic_v1_grid_v1_nccp/state=0/planner=q4_active,q4_0002_P4_diagnostic_v1_grid_v1_nccp,0,q4_active,42,20,"[-597.9326386661606, 498.6350747964986]",/measure,"[-597.9326386661606, 498.6350747964986]",0.2,15,15,0,False,14,False,False,"[0, 1, 2, 3, 4, 5, 6, 7, 8, 9, 10, 11, 12, 14]",0,0,7.818013978083577,2,2,2,2,[2],[2],False,False,False,False,True,[2],False,False,False,,,False,
q4_0002_P4_diagnostic_v1_grid_v1_nccp/state=1/planner=q4_active,q4_0002_P4_diagnostic_v1_grid_v1_nccp,1,q4_active,44,9,"[-1099.0089987664805, 98.80921341428078]",/measure,"[-1099.0089987664805, 98.80921341428078]",0.2,15,15,0,True,15,True,True,"[0, 1, 2, 3, 4, 5, 6, 7, 8, 9, 10, 11, 12, 13, 14]",0,0,559.6530032261742,1,1,1,3,[1],[1],False,False,True,True,True,[3],False,True,True,,,False,
q4_0002_P4_diagnostic_v1_grid_v1_nccp/state=2/planner=q4_active,q4_0002_P4_diagnostic_v1_grid_v1_nccp,2,q4_active,45,9,"[-1628.2772790675872, -553.1930463027702]",/measure,"[-1628.2772790675872, -553.1930463027702]",0.2,15,15,0,False,13,False,False,"[0, 1, 3, 5, 6, 7, 8, 9, 10, 11, 12, 13, 14]",0,0,51.750463954745484,2,1,1,14,[1],[1],False,False,True,True,True,[14],False,True,True,,,False,
q4_0002_P4_diagnostic_v1_grid_v1_nccp/state=3/planner=q4_active,q4_0002_P4_diagnostic_v1_grid_v1_nccp,3,q4_active,64,12,"[-107.95819884009127, -1200.5356629396747]",/measure,"[-107.95819884009127, -1200.5356629396747]",0.2,15,15,0,False,13,False,False,"[0, 1, 3, 5, 6, 7, 8, 9, 10, 11, 12, 13, 14]",0,0,17.290019015803008,3,2,1,5,[2],[1],True,True,True,True,True,[5],False,True,True,,,False,
q4_0002_P4_diagnostic_v1_grid_v1_nccp/state=4/planner=q4_active,q4_0002_P4_diagnostic_v1_grid_v1_nccp,4,q4_active,66,8,"[-143.61646765234784, -1204.2766394321693]",/measure,"[-143.61646765234784, -1204.2766394321693]",0.2,15,15,0,True,15,True,True,"[0, 1, 2, 3, 4, 5, 6, 7, 8, 9, 10, 11, 12, 13, 14]",0,0,730.9054973627943,1,0,0,0,[0],[0],False,False,False,False,True,[0],False,False,False,,,False,
q4_0002_P4_diagnostic_v1_grid_v1_nccp/state=5/planner=q4_active,q4_0002_P4_diagnostic_v1_grid_v1_nccp,5,q4_active,67,8,"[-105.31319971714431, -1358.6473358433648]",/measure,"[-105.31319971714431, -1358.6473358433648]",0.2,15,15,0,True,15,True,True,"[0, 1, 2, 3, 4, 5, 6, 7, 8, 9, 10, 11, 12, 13, 14]",0,0,298.10445641638006,1,1,2,2,"[1, 2]",[2],True,False,True,False,True,[2],False,True,False,,,False,
q4_0002_P4_diagnostic_v1_grid_v1_nccp/state=6/planner=q4_active,q4_0002_P4_diagnostic_v1_grid_v1_nccp,6,q4_active,69,1,"[-160.4933680277127, -1222.0182803335265]",/measure,"[-160.4933680277127, -1222.0182803335265]",0.2,15,15,0,True,15,True,True,"[0, 1, 2, 3, 4, 5, 6, 7, 8, 9, 10, 11, 12, 13, 14]",0,0,485.77751923160093,1,2,2,2,[2],[2],False,False,False,False,True,[2],False,False,False,,,False,
q4_0002_P4_diagnostic_v1_grid_v1_nccp/state=7/planner=q4_active,q4_0002_P4_diagnostic_v1_grid_v1_nccp,7,q4_active,281,11,"[-370.6881305885281, 1485.7012022039312]",/measure,"[-370.6881305885281, 1485.7012022039312]",0.2,15,15,0,False,12,False,False,"[0, 1, 3, 5, 6, 7, 8, 9, 10, 12, 13, 14]",0,0,1.082738935590882,2,1,1,0,[1],[1],False,False,True,True,True,[0],False,True,True,,,False,
q4_0002_P4_diagnostic_v1_grid_v1_nccp/state=8/planner=q4_active,q4_0002_P4_diagnostic_v1_grid_v1_nccp,8,q4_active,322,6,"[330.3876611643452, 1279.7800776963832]",/measure,"[330.3876611643452, 1279.7800776963832]",0.2,15,15,0,False,13,False,False,"[0, 1, 3, 5, 6, 7, 8, 9, 10, 11, 12, 13, 14]",0,0,8.206675298579256,3,2,1,10,[2],[1],True,True,True,True,True,[10],False,True,True,,,False,
q4_0002_P4_diagnostic_v1_grid_v1_nccp/state=9/planner=q4_active,q4_0002_P4_diagnostic_v1_grid_v1_nccp,9,q4_active,396,18,"[780.2653056033213, -486.38579579340006]",/measure,"[780.2653056033213, -486.38579579340006]",0.2,15,15,0,False,13,False,False,"[0, 1, 3, 5, 6, 7, 8, 9, 10, 11, 12, 13, 14]",0,0,9.305963314354106,3,2,1,5,[2],[1],True,True,True,True,True,[5],False,True,True,,,False,
q4_0002_P4_diagnostic_v1_grid_v1_nccp/state=10/planner=q4_active,q4_0002_P4_diagnostic_v1_grid_v1_nccp,10,q4_active,398,13,"[793.7504222650819, -508.1469504368996]",/measure,"[793.7504222650819, -508.1469504368996]",0.2,15,15,0,True,15,True,True,"[0, 1, 2, 3, 4, 5, 6, 7, 8, 9, 10, 11, 12, 13, 14]",0,0,14.42565781285175,1,1,1,1,[1],[1],False,False,False,False,True,[1],False,False,False,,,False,
q4_0002_P4_diagnostic_v1_grid_v1_nccp/state=11/planner=q4_active,q4_0002_P4_diagnostic_v1_grid_v1_nccp,11,q4_active,410,5,"[234.8876851642597, -917.4546987771456]",/measure,"[234.8876851642597, -917.4546987771456]",0.2,15,15,0,False,11,False,False,"[0, 5, 6, 7, 8, 9, 10, 11, 12, 13, 14]",0,0,20.201493933730067,4,1,1,14,[1],[1],False,False,True,True,True,[14],False,True,True,,,False,
q4_0003_P4_diagnostic_v1_grid_v1/state=0/planner=q4_active,q4_0003_P4_diagnostic_v1_grid_v1,0,q4_active,41,10,"[-322.72986614267785, 98.27392831735096]",/measure,"[-322.72986614267785, 98.27392831735096]",0.2,15,15,0,False,13,False,False,"[0, 2, 4, 5, 6, 7, 8, 9, 10, 11, 12, 13, 14]",0,0,36.13215415784666,3,1,2,2,[1],[2],True,True,True,True,True,[2],False,True,True,,,False,
q4_0003_P4_diagnostic_v1_grid_v1/state=1/planner=q4_active,q4_0003_P4_diagnostic_v1_grid_v1,1,q4_active,42,10,"[258.77087089931393, 217.20032176528417]",/measure,"[258.77087089931393, 217.20032176528417]",0.2,15,15,0,False,13,False,False,"[0, 2, 4, 5, 6, 7, 8, 9, 10, 11, 12, 13, 14]",0,0,17.283298203182174,3,1,2,10,[1],[2],True,True,True,True,True,[10],False,True,True,,,False,
q4_0003_P4_diagnostic_v1_grid_v1/state=2/planner=q4_active,q4_0003_P4_diagnostic_v1_grid_v1,2,q4_active,43,10,"[279.98407433491036, 165.98711832968775]",/measure,"[279.98407433491036, 165.98711832968775]",0.2,14,14,0,True,14,True,True,"[0, 1, 2, 3, 4, 5, 6, 7, 8, 9, 10, 11, 12, 13]",0,0,17.283298203182174,1,4,4,12,[4],[4],False,False,True,True,True,[12],False,True,True,,,False,
q4_0003_P4_diagnostic_v1_grid_v1/state=3/planner=q4_active,q4_0003_P4_diagnostic_v1_grid_v1,3,q4_active,45,15,"[325.24535191333115, 264.7654027671261]",/measure,"[325.24535191333115, 264.7654027671261]",0.2,15,15,0,False,14,False,False,"[0, 1, 2, 3, 5, 6, 7, 8, 9, 10, 11, 12, 13, 14]",0,0,45.63546685840255,2,1,1,1,[1],[1],False,False,False,False,True,[1],False,False,False,,,False,
q4_0003_P4_diagnostic_v1_grid_v1/state=4/planner=q4_active,q4_0003_P4_diagnostic_v1_grid_v1,4,q4_active,46,15,"[353.9461349697786, 434.0399628289638]",/measure,"[353.9461349697786, 434.0399628289638]",0.2,15,15,0,False,13,False,False,"[0, 2, 4, 5, 6, 7, 8, 9, 10, 11, 12, 13, 14]",0,0,7.88785361804009,3,1,2,11,[1],[2],True,True,True,True,True,[11],False,True,True,,,False,
q4_0003_P4_diagnostic_v1_grid_v1/state=5/planner=q4_active,q4_0003_P4_diagnostic_v1_grid_v1,5,q4_active,48,1,"[303.9948699052038, 506.66530187461734]",/measure,"[303.9948699052038, 506.66530187461734]",0.2,15,15,0,True,15,True,True,"[0, 1, 2, 3, 4, 5, 6, 7, 8, 9, 10, 11, 12, 13, 14]",0,0,730.7473246796455,1,11,11,11,[11],[11],False,False,False,False,True,[11],False,False,False,,,False,
q4_0003_P4_diagnostic_v1_grid_v1/state=6/planner=q4_active,q4_0003_P4_diagnostic_v1_grid_v1,6,q4_active,49,1,"[729.5079269836143, 801.4628841086292]",/measure,"[729.5079269836143, 801.4628841086292]",0.2,15,15,0,True,14,False,True,"[0, 2, 3, 4, 5, 6, 7, 8, 9, 10, 11, 12, 13, 14]",0,0,122.704286392846,1,2,2,4,[2],[2],False,False,True,True,True,[4],False,True,True,,,False,
q4_0003_P4_diagnostic_v1_grid_v1/state=7/planner=q4_active,q4_0003_P4_diagnostic_v1_grid_v1,7,q4_active,50,1,"[796.1708380407197, 849.9303332669292]",/measure,"[796.1708380407197, 849.9303332669292]",0.2,15,15,0,False,14,False,False,"[0, 1, 3, 4, 5, 6, 7, 8, 9, 10, 11, 12, 13, 14]",0,0,30.209252808296835,2,2,1,1,[2],[1],True,True,True,True,True,[1],False,True,True,,,False,
q4_0003_P4_diagnostic_v1_grid_v1/state=8/planner=q4_active,q4_0003_P4_diagnostic_v1_grid_v1,8,q4_active,51,1,"[844.8312086775362, 881.9650896838845]",/measure,"[844.8312086775362, 881.9650896838845]",0.2,15,15,0,False,14,False,False,"[0, 1, 3, 4, 5, 6, 7, 8, 9, 10, 11, 12, 13, 14]",0,0,5.182614949379449,2,2,1,1,[2],[1],True,True,True,True,True,[1],False,True,True,,,False,
q4_0003_P4_diagnostic_v1_grid_v1/state=9/planner=q4_active,q4_0003_P4_diagnostic_v1_grid_v1,9,q4_active,53,3,"[829.5927943009806, 274.83631574457524]",/measure,"[829.5927943009806, 274.83631574457524]",0.2,15,15,0,True,15,True,True,"[0, 1, 2, 3, 4, 5, 6, 7, 8, 9, 10, 11, 12, 13, 14]",0,0,730.8942652842516,1,1,1,3,[1],[1],False,False,True,True,True,[3],False,True,True,,,False,
q4_0003_P4_diagnostic_v1_grid_v1/state=10/planner=q4_active,q4_0003_P4_diagnostic_v1_grid_v1,10,q4_active,54,3,"[551.6689326720087, -5.453002962437125]",/measure,"[551.6689326720087, -5.453002962437125]",0.2,15,15,0,True,15,True,True,"[0, 1, 2, 3, 4, 5, 6, 7, 8, 9, 10, 11, 12, 13, 14]",0,0,730.8942652842516,1,1,1,10,[1],[1],False,False,True,True,True,[10],False,True,True,,,False,
q4_0003_P4_diagnostic_v1_grid_v1/state=11/planner=q4_active,q4_0003_P4_diagnostic_v1_grid_v1,11,q4_active,55,3,"[1002.9034977170404, -289.6129977157566]",/measure,"[1002.9034977170404, -289.6129977157566]",0.2,15,15,0,False,13,False,False,"[0, 1, 3, 5, 6, 7, 8, 9, 10, 11, 12, 13, 14]",0,0,106.50468000172027,3,4,1,12,[4],[1],True,True,True,True,True,[12],False,True,True,,,False,
q4_0003_P4_diagnostic_v1_grid_v1/state=12/planner=q4_active,q4_0003_P4_diagnostic_v1_grid_v1,12,q4_active,73,8,"[-1230.0082094246504, -552.5925448698854]",/measure,"[-1230.0082094246504, -552.5925448698854]",0.2,15,15,0,False,13,False,False,"[0, 1, 3, 5, 6, 7, 8, 9, 10, 11, 12, 13, 14]",0,0,3.381264976597933,3,2,1,9,[2],[1],True,True,True,True,True,[9],False,True,True,,,False,
q4_0003_P4_diagnostic_v1_grid_v1/state=13/planner=q4_active,q4_0003_P4_diagnostic_v1_grid_v1,13,q4_active,90,13,"[-1213.6729227903263, -79.61419572644583]",/measure,"[-1213.6729227903263, -79.61419572644583]",0.2,15,15,0,False,10,False,False,"[0, 5, 6, 7, 8, 9, 10, 11, 12, 14]",0,0,6.472704574331697,6,2,2,11,[2],[2],False,False,True,True,True,[11],False,True,True,,,False,
q4_0003_P4_diagnostic_v1_grid_v1/state=14/planner=q4_active,q4_0003_P4_diagnostic_v1_grid_v1,14,q4_active,92,18,"[-1207.3725009487875, 394.6240563564005]",/measure,"[-1207.3725009487875, 394.6240563564005]",0.2,15,15,0,True,15,True,True,"[0, 1, 2, 3, 4, 5, 6, 7, 8, 9, 10, 11, 12, 13, 14]",0,0,686.748161080194,1,1,1,3,[1],[1],False,False,True,True,True,[3],False,True,True,,,False,
q4_0003_P4_diagnostic_v1_grid_v1/state=15/planner=q4_active,q4_0003_P4_diagnostic_v1_grid_v1,15,q4_active,93,18,"[-1189.277706088997, 1227.2865479872107]",/measure,"[-1189.277706088997, 1227.2865479872107]",0.2,15,15,0,True,13,False,True,"[0, 1, 3, 5, 6, 7, 8, 9, 10, 11, 12, 13, 14]",0,0,60.19412106297945,1,1,1,7,[1],[1],False,False,True,True,True,[7],False,True,True,,,False,
q4_0003_P4_diagnostic_v1_grid_v1/state=16/planner=q4_active,q4_0003_P4_diagnostic_v1_grid_v1,16,q4_active,94,18,"[-1201.0217167664136, 1198.9339981331375]",/measure,"[-1201.0217167664136, 1198.9339981331375]",0.2,14,14,0,True,14,True,True,"[0, 1, 2, 3, 4, 5, 6, 7, 8, 9, 10, 11, 12, 13]",0,0,60.19412106297945,1,4,4,13,[4],[4],False,False,True,True,True,[13],False,True,True,,,False,
q4_0003_P4_diagnostic_v1_grid_v1/state=17/planner=q4_active,q4_0003_P4_diagnostic_v1_grid_v1,17,q4_active,95,18,"[-1236.7185199686628, 1206.6623866649354]",/measure,"[-1236.7185199686628, 1206.6623866649354]",0.2,15,15,0,False,11,False,False,"[0, 1, 3, 5, 6, 7, 8, 9, 10, 11, 14]",0,0,9.35131096511768,2,2,1,2,[2],[1],True,True,False,False,True,[2],False,False,False,,,False,
q4_0003_P4_diagnostic_v1_grid_v1/state=18/planner=q4_active,q4_0003_P4_diagnostic_v1_grid_v1,18,q4_active,374,7,"[1418.7004427001725, 862.1483343601354]",/measure,"[1418.7004427001725, 862.1483343601354]",0.2,15,15,0,False,13,False,False,"[0, 1, 3, 5, 6, 7, 8, 9, 10, 11, 12, 13, 14]",0,0,13.549532037222338,3,2,1,13,[2],[1],True,True,True,True,True,[13],False,True,True,,,False,
q4_0003_P4_diagnostic_v1_grid_v1/state=19/planner=q4_active,q4_0003_P4_diagnostic_v1_grid_v1,19,q4_active,375,7,"[1397.4872392645761, 870.9351309245391]",/measure,"[1397.4872392645761, 870.9351309245391]",0.2,14,14,0,True,14,True,True,"[0, 1, 2, 3, 4, 5, 6, 7, 8, 9, 10, 11, 12, 13]",0,0,13.549532037222338,1,3,3,12,[3],[3],False,False,True,True,True,[12],False,True,True,,,False,
q4_0003_P4_diagnostic_v1_grid_v1/state=20/planner=q4_active,q4_0003_P4_diagnostic_v1_grid_v1,20,q4_active,376,7,"[1418.7004427001725, 922.1483343601354]",/measure,"[1418.7004427001725, 922.1483343601354]",0.2,14,14,0,True,14,True,True,"[0, 1, 2, 3, 4, 5, 6, 7, 8, 9, 10, 11, 12, 13]",0,0,13.549532037222338,1,3,3,9,[3],[3],False,False,True,True,True,[9],False,True,True,,,False,
q4_0003_P4_diagnostic_v1_grid_v1/state=21/planner=q4_active,q4_0003_P4_diagnostic_v1_grid_v1,21,q4_active,378,12,"[1440.3577742808366, 881.2768738182214]",/measure,"[1440.3577742808366, 881.2768738182214]",0.2,15,15,0,True,15,True,True,"[0, 1, 2, 3, 4, 5, 6, 7, 8, 9, 10, 11, 12, 13, 14]",0,0,18.625122458775994,1,2,2,2,[2],[2],False,False,False,False,True,[2],False,False,False,,,False,
q4_0003_P4_diagnostic_v1_grid_v1/state=22/planner=q4_active,q4_0003_P4_diagnostic_v1_grid_v1,22,q4_active,380,2,"[1387.1000354568823, 940.4947779466901]",/measure,"[1387.1000354568823, 940.4947779466901]",0.2,15,15,0,False,11,False,False,"[0, 5, 6, 7, 8, 9, 10, 11, 12, 13, 14]",0,0,48.89012924483633,2,2,2,2,[2],[2],False,False,False,False,True,[2],False,False,False,,,False,
q4_0003_P4_diagnostic_v1_grid_v1/state=23/planner=q4_active,q4_0003_P4_diagnostic_v1_grid_v1,23,q4_active,400,19,"[697.2048585236214, -746.2952307371909]",/measure,"[697.2048585236214, -746.2952307371909]",0.2,15,15,0,True,15,True,True,"[0, 1, 2, 3, 4, 5, 6, 7, 8, 9, 10, 11, 12, 13, 14]",0,0,15.279750865871467,1,1,1,1,[1],[1],False,False,False,False,True,[1],False,False,False,,,False,
q4_0003_P4_diagnostic_v1_grid_v1/state=24/planner=q4_active,q4_0003_P4_diagnostic_v1_grid_v1,24,q4_active,401,19,"[758.3179038554168, -766.1752054085892]",/measure,"[758.3179038554168, -766.1752054085892]",0.2,15,15,0,False,10,False,False,"[0, 1, 3, 5, 7, 10, 11, 12, 13, 14]",0,0,15.279750865871467,2,2,1,4,[2],[1],True,True,True,True,True,[4],False,True,True,,,False,
q4_0003_P4_diagnostic_v1_grid_v1_nccp/state=0/planner=q4_active,q4_0003_P4_diagnostic_v1_grid_v1_nccp,0,q4_active,41,10,"[-322.72986614267785, 98.27392831735096]",/measure,"[-322.72986614267785, 98.27392831735096]",0.2,15,15,0,False,13,False,False,"[0, 2, 4, 5, 6, 7, 8, 9, 10, 11, 12, 13, 14]",0,0,36.13215415784666,3,1,2,2,[1],[2],True,True,True,True,True,[2],False,True,True,,,False,
q4_0003_P4_diagnostic_v1_grid_v1_nccp/state=1/planner=q4_active,q4_0003_P4_diagnostic_v1_grid_v1_nccp,1,q4_active,42,10,"[258.77087089931393, 217.20032176528417]",/measure,"[258.77087089931393, 217.20032176528417]",0.2,15,15,0,False,13,False,False,"[0, 2, 4, 5, 6, 7, 8, 9, 10, 11, 12, 13, 14]",0,0,17.283298203182174,3,1,2,10,[1],[2],True,True,True,True,True,[10],False,True,True,,,False,
q4_0003_P4_diagnostic_v1_grid_v1_nccp/state=2/planner=q4_active,q4_0003_P4_diagnostic_v1_grid_v1_nccp,2,q4_active,43,10,"[279.98407433491036, 165.98711832968775]",/measure,"[279.98407433491036, 165.98711832968775]",0.2,14,14,0,True,14,True,True,"[0, 1, 2, 3, 4, 5, 6, 7, 8, 9, 10, 11, 12, 13]",0,0,17.283298203182174,1,4,4,12,[4],[4],False,False,True,True,True,[12],False,True,True,,,False,
q4_0003_P4_diagnostic_v1_grid_v1_nccp/state=3/planner=q4_active,q4_0003_P4_diagnostic_v1_grid_v1_nccp,3,q4_active,45,15,"[331.6248279178266, 257.97735049252714]",/measure,"[331.6248279178266, 257.97735049252714]",0.2,15,15,0,True,15,True,True,"[0, 1, 2, 3, 4, 5, 6, 7, 8, 9, 10, 11, 12, 13, 14]",0,0,45.63546685840255,1,1,1,1,[1],[1],False,False,False,False,True,[1],False,False,False,,,False,
q4_0003_P4_diagnostic_v1_grid_v1_nccp/state=4/planner=q4_active,q4_0003_P4_diagnostic_v1_grid_v1_nccp,4,q4_active,46,15,"[354.45186514812, 434.951054473604]",/measure,"[354.45186514812, 434.951054473604]",0.2,15,15,0,False,13,False,False,"[0, 2, 4, 5, 6, 7, 8, 9, 10, 11, 12, 13, 14]",0,0,6.0168811253259555,3,3,2,11,[3],[2],True,True,True,True,True,[11],False,True,True,,,False,
q4_0003_P4_diagnostic_v1_grid_v1_nccp/state=5/planner=q4_active,q4_0003_P4_diagnostic_v1_grid_v1_nccp,5,q4_active,48,1,"[303.9948699052038, 506.66530187461734]",/measure,"[303.9948699052038, 506.66530187461734]",0.2,15,15,0,True,15,True,True,"[0, 1, 2, 3, 4, 5, 6, 7, 8, 9, 10, 11, 12, 13, 14]",0,0,730.7473246796455,1,11,11,11,[11],[11],False,False,False,False,True,[11],False,False,False,,,False,
q4_0003_P4_diagnostic_v1_grid_v1_nccp/state=6/planner=q4_active,q4_0003_P4_diagnostic_v1_grid_v1_nccp,6,q4_active,49,1,"[729.5079269836143, 801.4628841086292]",/measure,"[729.5079269836143, 801.4628841086292]",0.2,15,15,0,True,14,False,True,"[0, 2, 3, 4, 5, 6, 7, 8, 9, 10, 11, 12, 13, 14]",0,0,122.704286392846,1,2,2,4,[2],[2],False,False,True,True,True,[4],False,True,True,,,False,
q4_0003_P4_diagnostic_v1_grid_v1_nccp/state=7/planner=q4_active,q4_0003_P4_diagnostic_v1_grid_v1_nccp,7,q4_active,50,1,"[796.1708380407197, 849.9303332669292]",/measure,"[796.1708380407197, 849.9303332669292]",0.2,15,15,0,False,14,False,False,"[0, 1, 3, 4, 5, 6, 7, 8, 9, 10, 11, 12, 13, 14]",0,0,30.209252808296835,2,2,1,1,[2],[1],True,True,True,True,True,[1],False,True,True,,,False,
q4_0003_P4_diagnostic_v1_grid_v1_nccp/state=8/planner=q4_active,q4_0003_P4_diagnostic_v1_grid_v1_nccp,8,q4_active,51,1,"[844.8312086775362, 881.9650896838845]",/measure,"[844.8312086775362, 881.9650896838845]",0.2,15,15,0,False,14,False,False,"[0, 1, 3, 4, 5, 6, 7, 8, 9, 10, 11, 12, 13, 14]",0,0,5.182614949379449,2,2,1,1,[2],[1],True,True,True,True,True,[1],False,True,True,,,False,
q4_0003_P4_diagnostic_v1_grid_v1_nccp/state=9/planner=q4_active,q4_0003_P4_diagnostic_v1_grid_v1_nccp,9,q4_active,53,3,"[827.7240282187333, 275.4102692034435]",/measure,"[827.7240282187333, 275.4102692034435]",0.2,15,15,0,True,15,True,True,"[0, 1, 2, 3, 4, 5, 6, 7, 8, 9, 10, 11, 12, 13, 14]",0,0,730.8942652842516,1,1,1,3,[1],[1],False,False,True,True,True,[3],False,True,True,,,False,
q4_0003_P4_diagnostic_v1_grid_v1_nccp/state=10/planner=q4_active,q4_0003_P4_diagnostic_v1_grid_v1_nccp,10,q4_active,54,3,"[551.6689326720087, -5.453002962437125]",/measure,"[551.6689326720087, -5.453002962437125]",0.2,15,15,0,True,15,True,True,"[0, 1, 2, 3, 4, 5, 6, 7, 8, 9, 10, 11, 12, 13, 14]",0,0,730.8942652842516,1,1,1,10,[1],[1],False,False,True,True,True,[10],False,True,True,,,False,
q4_0003_P4_diagnostic_v1_grid_v1_nccp/state=11/planner=q4_active,q4_0003_P4_diagnostic_v1_grid_v1_nccp,11,q4_active,55,3,"[1002.9034977170404, -289.6129977157566]",/measure,"[1002.9034977170404, -289.6129977157566]",0.2,15,15,0,False,13,False,False,"[0, 1, 3, 5, 6, 7, 8, 9, 10, 11, 12, 13, 14]",0,0,106.50468000172027,3,4,1,12,[4],[1],True,True,True,True,True,[12],False,True,True,,,False,
q4_0003_P4_diagnostic_v1_grid_v1_nccp/state=12/planner=q4_active,q4_0003_P4_diagnostic_v1_grid_v1_nccp,12,q4_active,73,8,"[-1230.0082094246504, -552.5925448698854]",/measure,"[-1230.0082094246504, -552.5925448698854]",0.2,15,15,0,False,13,False,False,"[0, 1, 3, 5, 6, 7, 8, 9, 10, 11, 12, 13, 14]",0,0,3.381264976597933,3,2,1,9,[2],[1],True,True,True,True,True,[9],False,True,True,,,False,
q4_0003_P4_diagnostic_v1_grid_v1_nccp/state=13/planner=q4_active,q4_0003_P4_diagnostic_v1_grid_v1_nccp,13,q4_active,90,13,"[-1213.6729227903263, -79.61419572644583]",/measure,"[-1213.6729227903263, -79.61419572644583]",0.2,15,15,0,False,10,False,False,"[0, 5, 6, 7, 8, 9, 10, 11, 12, 14]",0,0,6.472704574331697,6,2,2,11,[2],[2],False,False,True,True,True,[11],False,True,True,,,False,
q4_0003_P4_diagnostic_v1_grid_v1_nccp/state=14/planner=q4_active,q4_0003_P4_diagnostic_v1_grid_v1_nccp,14,q4_active,92,18,"[-1209.1773862638406, 394.5422260169503]",/measure,"[-1209.1773862638406, 394.5422260169503]",0.2,15,15,0,True,15,True,True,"[0, 1, 2, 3, 4, 5, 6, 7, 8, 9, 10, 11, 12, 13, 14]",0,0,686.748161080194,1,1,1,3,[1],[1],False,False,True,True,True,[3],False,True,True,,,False,
q4_0003_P4_diagnostic_v1_grid_v1_nccp/state=15/planner=q4_active,q4_0003_P4_diagnostic_v1_grid_v1_nccp,15,q4_active,93,18,"[-1189.532258619619, 1227.547480295487]",/measure,"[-1189.532258619619, 1227.547480295487]",0.2,15,15,0,True,13,False,True,"[0, 1, 3, 5, 6, 7, 8, 9, 10, 11, 12, 13, 14]",0,0,59.92168938068244,1,1,1,7,[1],[1],False,False,True,True,True,[7],False,True,True,,,False,
q4_0003_P4_diagnostic_v1_grid_v1_nccp/state=16/planner=q4_active,q4_0003_P4_diagnostic_v1_grid_v1_nccp,16,q4_active,94,18,"[-1201.236372600868, 1199.291249586395]",/measure,"[-1201.236372600868, 1199.291249586395]",0.2,14,14,0,True,14,True,True,"[0, 1, 2, 3, 4, 5, 6, 7, 8, 9, 10, 11, 12, 13]",0,0,59.92168938068244,1,4,4,13,[4],[4],False,False,True,True,True,[13],False,True,True,,,False,
q4_0003_P4_diagnostic_v1_grid_v1_nccp/state=17/planner=q4_active,q4_0003_P4_diagnostic_v1_grid_v1_nccp,17,q4_active,95,18,"[-1236.8418811328727, 1206.8635744502865]",/measure,"[-1236.8418811328727, 1206.8635744502865]",0.2,15,15,0,False,11,False,False,"[0, 1, 3, 5, 6, 7, 8, 9, 10, 11, 14]",0,0,9.220338888787236,2,2,14,2,[2],[14],True,True,False,False,True,[2],False,False,False,,,False,
q4_0003_P4_diagnostic_v1_grid_v1_nccp/state=18/planner=q4_active,q4_0003_P4_diagnostic_v1_grid_v1_nccp,18,q4_active,374,7,"[1418.7004427001725, 862.1483343601354]",/measure,"[1418.7004427001725, 862.1483343601354]",0.2,15,15,0,False,13,False,False,"[0, 1, 3, 5, 6, 7, 8, 9, 10, 11, 12, 13, 14]",0,0,13.549532037222338,3,2,1,13,[2],[1],True,True,True,True,True,[13],False,True,True,,,False,
q4_0003_P4_diagnostic_v1_grid_v1_nccp/state=19/planner=q4_active,q4_0003_P4_diagnostic_v1_grid_v1_nccp,19,q4_active,375,7,"[1397.4872392645761, 870.9351309245391]",/measure,"[1397.4872392645761, 870.9351309245391]",0.2,14,14,0,True,14,True,True,"[0, 1, 2, 3, 4, 5, 6, 7, 8, 9, 10, 11, 12, 13]",0,0,13.549532037222338,1,3,3,12,[3],[3],False,False,True,True,True,[12],False,True,True,,,False,
q4_0003_P4_diagnostic_v1_grid_v1_nccp/state=20/planner=q4_active,q4_0003_P4_diagnostic_v1_grid_v1_nccp,20,q4_active,376,7,"[1418.7004427001725, 922.1483343601354]",/measure,"[1418.7004427001725, 922.1483343601354]",0.2,14,14,0,True,14,True,True,"[0, 1, 2, 3, 4, 5, 6, 7, 8, 9, 10, 11, 12, 13]",0,0,13.549532037222338,1,3,3,9,[3],[3],False,False,True,True,True,[9],False,True,True,,,False,
q4_0003_P4_diagnostic_v1_grid_v1_nccp/state=21/planner=q4_active,q4_0003_P4_diagnostic_v1_grid_v1_nccp,21,q4_active,378,12,"[1439.8007723164387, 885.2425689715841]",/measure,"[1439.8007723164387, 885.2425689715841]",0.2,15,15,0,True,15,True,True,"[0, 1, 2, 3, 4, 5, 6, 7, 8, 9, 10, 11, 12, 13, 14]",0,0,18.625122458775994,1,2,2,2,[2],[2],False,False,False,False,True,[2],False,False,False,,,False,
q4_0003_P4_diagnostic_v1_grid_v1_nccp/state=22/planner=q4_active,q4_0003_P4_diagnostic_v1_grid_v1_nccp,22,q4_active,380,2,"[1386.9768972585566, 944.4334508149667]",/measure,"[1386.9768972585566, 944.4334508149667]",0.2,15,15,0,False,11,False,False,"[0, 5, 6, 7, 8, 9, 10, 11, 12, 13, 14]",0,0,48.89012924483633,2,2,2,2,[2],[2],False,False,False,False,True,[2],False,False,False,,,False,
q4_0003_P4_diagnostic_v1_grid_v1_nccp/state=23/planner=q4_active,q4_0003_P4_diagnostic_v1_grid_v1_nccp,23,q4_active,400,19,"[697.2048585236214, -746.2952307371909]",/measure,"[697.2048585236214, -746.2952307371909]",0.2,15,15,0,True,15,True,True,"[0, 1, 2, 3, 4, 5, 6, 7, 8, 9, 10, 11, 12, 13, 14]",0,0,15.279750865871467,1,1,1,1,[1],[1],False,False,False,False,True,[1],False,False,False,,,False,
q4_0003_P4_diagnostic_v1_grid_v1_nccp/state=24/planner=q4_active,q4_0003_P4_diagnostic_v1_grid_v1_nccp,24,q4_active,401,19,"[758.3179038554168, -766.1752054085892]",/measure,"[758.3179038554168, -766.1752054085892]",0.2,15,15,0,False,10,False,False,"[0, 1, 3, 5, 7, 10, 11, 12, 13, 14]",0,0,15.279750865871467,2,2,1,4,[2],[1],True,True,True,True,True,[4],False,True,True,,,False,
q4_0004_P4_diagnostic_v1_grid_v1/state=0/planner=q4_active,q4_0004_P4_diagnostic_v1_grid_v1,0,q4_active,41,18,"[-969.7661651088958, -566.9652184138586]",/measure,"[-969.7661651088958, -566.9652184138586]",0.2,15,15,0,False,13,False,False,"[0, 1, 3, 5, 6, 7, 8, 9, 10, 11, 12, 13, 14]",0,0,30.798497487982903,3,2,1,10,[2],[1],True,True,True,True,True,[10],False,True,True,,,False,
q4_0004_P4_diagnostic_v1_grid_v1/state=1/planner=q4_active,q4_0004_P4_diagnostic_v1_grid_v1,1,q4_active,43,8,"[-750.7985048963008, -619.000200029765]",/measure,"[-750.7985048963008, -619.000200029765]",0.2,15,15,0,False,14,False,False,"[0, 1, 2, 3, 4, 5, 6, 7, 8, 10, 11, 12, 13, 14]",0,0,8.126479580262696,2,1,1,1,[1],[1],False,False,False,False,True,[1],False,False,False,,,False,
q4_0004_P4_diagnostic_v1_grid_v1/state=2/planner=q4_active,q4_0004_P4_diagnostic_v1_grid_v1,2,q4_active,63,4,"[-634.6750367335093, -904.0150630690679]",/measure,"[-634.6750367335093, -904.0150630690679]",0.2,15,15,0,True,15,True,True,"[0, 1, 2, 3, 4, 5, 6, 7, 8, 9, 10, 11, 12, 13, 14]",0,0,408.4376781040808,1,1,2,2,"[1, 2]",[2],True,False,True,False,True,[2],False,True,False,,,False,
q4_0004_P4_diagnostic_v1_grid_v1/state=3/planner=q4_active,q4_0004_P4_diagnostic_v1_grid_v1,3,q4_active,64,4,"[-882.0735280134902, -1285.8833695125054]",/measure,"[-882.0735280134902, -1285.8833695125054]",0.2,15,15,0,False,13,False,False,"[0, 1, 3, 5, 6, 7, 8, 9, 10, 11, 12, 13, 14]",0,0,47.61662010932869,2,4,1,7,[4],[1],True,True,True,True,True,[7],False,True,True,,,False,
q4_0004_P4_diagnostic_v1_grid_v1/state=4/planner=q4_active,q4_0004_P4_diagnostic_v1_grid_v1,4,q4_active,83,17,"[-1551.1763911496732, -10.421079769251]",/measure,"[-1551.1763911496732, -10.421079769251]",0.2,15,15,0,False,12,False,False,"[0, 2, 4, 5, 6, 7, 8, 9, 10, 11, 12, 13]",0,0,1.6785257975423065,3,1,2,0,[1],[2],True,True,True,True,True,[0],False,True,True,,,False,
q4_0004_P4_diagnostic_v1_grid_v1/state=5/planner=q4_active,q4_0004_P4_diagnostic_v1_grid_v1,5,q4_active,85,10,"[-1521.288962065872, 63.088366042238064]",/measure,"[-1521.288962065872, 63.088366042238064]",0.2,15,15,0,True,15,True,True,"[0, 1, 2, 3, 4, 5, 6, 7, 8, 9, 10, 11, 12, 13, 14]",0,0,610.0492927211246,1,1,1,1,[1],[1],False,False,False,False,True,[1],False,False,False,,,False,
q4_0004_P4_diagnostic_v1_grid_v1/state=6/planner=diagnostic_v1,q4_0004_P4_diagnostic_v1_grid_v1,6,diagnostic_v1,86,10,"[-962.7005132758081, -83.05690695403285]",/measure,"[-962.7005132758081, -83.05690695403285]",0.2,31,4,27,False,29,False,False,"[0, 1, 2, 3, 4, 5, 6, 7, 8, 9, 10, 11, 12, 14, 15, 16, 17, 18, 20, 21, 22, 23, 24, 25, 26, 27, 28, 29, 30]",0,0,610.0492927211246,3,13,22,24,[13],[22],True,True,True,True,True,[24],False,True,True,True,True,,
q4_0004_P4_diagnostic_v1_grid_v1/state=7/planner=diagnostic_v1,q4_0004_P4_diagnostic_v1_grid_v1,7,diagnostic_v1,87,10,"[-1109.6409378113358, 598.5333279347135]",/measure,"[-1109.6409378113358, 598.5333279347135]",0.2,31,4,27,False,17,False,False,"[0, 1, 3, 4, 5, 7, 9, 11, 13, 15, 17, 19, 21, 23, 25, 27, 29]",0,0,44.67847618601793,7,18,26,4,[18],[26],True,True,True,True,True,[4],False,True,True,True,True,,
q4_0004_P4_diagnostic_v1_grid_v1/state=8/planner=diagnostic_v1,q4_0004_P4_diagnostic_v1_grid_v1,8,diagnostic_v1,89,16,"[-220.6040549241451, -874.7522021096477]",/measure,"[-220.6040549241451, -874.7522021096477]",0.2,31,4,27,True,31,True,True,"[0, 1, 2, 3, 4, 5, 6, 7, 8, 9, 10, 11, 12, 13, 14, 15, 16, 17, 18, 19, 20, 21, 22, 23, 24, 25, 26, 27, 28, 29, 30]",0,0,730.9054973627943,1,27,27,22,[27],[27],False,False,True,True,True,[22],False,True,True,True,True,,
q4_0004_P4_diagnostic_v1_grid_v1/state=9/planner=diagnostic_v1,q4_0004_P4_diagnostic_v1_grid_v1,9,diagnostic_v1,90,16,"[130.1719941125727, -219.42315237799562]",/measure,"[130.1719941125727, -219.42315237799562]",0.2,30,4,26,True,30,True,True,"[0, 1, 2, 3, 4, 5, 6, 7, 8, 9, 10, 11, 12, 13, 14, 15, 16, 17, 18, 19, 20, 21, 22, 23, 24, 25, 26, 27, 28, 29]",0,0,730.9054973627943,1,16,27,29,"[16, 27]",[27],True,False,True,True,True,[29],False,True,True,True,True,,
q4_0004_P4_diagnostic_v1_grid_v1/state=10/planner=diagnostic_v1,q4_0004_P4_diagnostic_v1_grid_v1,10,diagnostic_v1,91,16,"[-305.3644982956157, -282.6881957638433]",/measure,"[-305.3644982956157, -282.6881957638433]",0.2,31,4,27,False,20,False,False,"[0, 2, 3, 4, 8, 9, 10, 11, 14, 15, 16, 17, 20, 21, 22, 23, 26, 27, 28, 29]",0,0,5.22856494085319,2,5,19,0,[5],[19],True,True,True,True,True,[0],False,True,True,True,True,,
q4_0004_P4_diagnostic_v1_grid_v1/state=11/planner=q4_active,q4_0004_P4_diagnostic_v1_grid_v1,11,q4_active,97,1,"[-287.68604392826944, -644.9576393176434]",/measure,"[-287.68604392826944, -644.9576393176434]",0.2,15,15,0,True,15,True,True,"[0, 1, 2, 3, 4, 5, 6, 7, 8, 9, 10, 11, 12, 13, 14]",0,0,45.20445344436338,1,2,2,2,[2],[2],False,False,False,False,True,[2],False,False,False,,,False,
q4_0004_P4_diagnostic_v1_grid_v1/state=12/planner=q4_active,q4_0004_P4_diagnostic_v1_grid_v1,12,q4_active,98,1,"[-347.27870583349295, -1257.4920169179647]",/measure,"[-347.27870583349295, -1257.4920169179647]",0.2,15,15,0,False,13,False,False,"[0, 1, 3, 5, 6, 7, 8, 9, 10, 11, 12, 13, 14]",0,0,7.565547079859311,3,2,1,6,[2],[1],True,True,True,True,True,[6],False,True,True,,,False,
q4_0004_P4_diagnostic_v1_grid_v1/state=13/planner=q4_active,q4_0004_P4_diagnostic_v1_grid_v1,13,q4_active,100,15,"[-393.6164676523482, -1204.2766394321688]",/measure,"[-393.6164676523482, -1204.2766394321688]",0.2,15,15,0,True,15,True,True,"[0, 1, 2, 3, 4, 5, 6, 7, 8, 9, 10, 11, 12, 13, 14]",0,0,730.9054973627951,1,11,11,11,[11],[11],False,False,False,False,True,[11],False,False,False,,,False,
q4_0004_P4_diagnostic_v1_grid_v1/state=14/planner=q4_active,q4_0004_P4_diagnostic_v1_grid_v1,14,q4_active,101,15,"[-159.68670868388588, -1205.9585867644646]",/measure,"[-159.68670868388588, -1205.9585867644646]",0.2,15,15,0,False,12,False,False,"[0, 1, 3, 5, 6, 7, 8, 9, 10, 12, 13, 14]",0,0,0.9777080065561385,3,1,1,13,[1],[1],False,False,True,True,True,[13],False,True,True,,,False,
q4_0004_P4_diagnostic_v1_grid_v1/state=15/planner=q4_active,q4_0004_P4_diagnostic_v1_grid_v1,15,q4_active,307,14,"[487.3632298014478, 968.5090755790559]",/measure,"[487.3632298014478, 968.5090755790559]",0.2,15,15,0,False,13,False,False,"[0, 2, 4, 5, 6, 7, 8, 9, 10, 11, 12, 13, 14]",0,0,26.857126289772662,3,1,2,10,[1],[2],True,True,True,True,True,[10],False,True,True,,,False,
q4_0004_P4_diagnostic_v1_grid_v1/state=16/planner=q4_active,q4_0004_P4_diagnostic_v1_grid_v1,16,q4_active,309,11,"[581.7546043142574, 878.6168709057949]",/measure,"[581.7546043142574, 878.6168709057949]",0.2,15,15,0,True,15,True,True,"[0, 1, 2, 3, 4, 5, 6, 7, 8, 9, 10, 11, 12, 13, 14]",0,0,18.21254223078544,1,2,2,2,[2],[2],False,False,False,False,True,[2],False,False,False,,,False,
q4_0004_P4_diagnostic_v1_grid_v1/state=17/planner=q4_active,q4_0004_P4_diagnostic_v1_grid_v1,17,q4_active,371,3,"[780.0866297788236, -617.175539217565]",/measure,"[780.0866297788236, -617.175539217565]",0.2,15,15,0,False,13,False,False,"[0, 1, 3, 5, 6, 7, 8, 9, 10, 11, 12, 13, 14]",0,0,16.89589045277383,3,2,1,5,[2],[1],True,True,True,True,True,[5],False,True,True,,,False,
q4_0004_P4_diagnostic_v1_grid_v1_nccp/state=0/planner=q4_active,q4_0004_P4_diagnostic_v1_grid_v1_nccp,0,q4_active,41,18,"[-969.7661651088958, -566.9652184138586]",/measure,"[-969.7661651088958, -566.9652184138586]",0.2,15,15,0,False,13,False,False,"[0, 1, 3, 5, 6, 7, 8, 9, 10, 11, 12, 13, 14]",0,0,30.798497487982903,3,2,1,10,[2],[1],True,True,True,True,True,[10],False,True,True,,,False,
q4_0004_P4_diagnostic_v1_grid_v1_nccp/state=1/planner=q4_active,q4_0004_P4_diagnostic_v1_grid_v1_nccp,1,q4_active,43,8,"[-753.5603761998445, -615.8583575147181]",/measure,"[-753.5603761998445, -615.8583575147181]",0.2,15,15,0,False,14,False,False,"[0, 1, 2, 3, 4, 5, 6, 7, 8, 10, 11, 12, 13, 14]",0,0,8.126479580262696,2,1,1,1,[1],[1],False,False,False,False,True,[1],False,False,False,,,False,
q4_0004_P4_diagnostic_v1_grid_v1_nccp/state=2/planner=q4_active,q4_0004_P4_diagnostic_v1_grid_v1_nccp,2,q4_active,63,4,"[-634.6750367335093, -904.0150630690679]",/measure,"[-634.6750367335093, -904.0150630690679]",0.2,15,15,0,True,15,True,True,"[0, 1, 2, 3, 4, 5, 6, 7, 8, 9, 10, 11, 12, 13, 14]",0,0,408.4376781040808,1,1,2,2,"[1, 2]",[2],True,False,True,False,True,[2],False,True,False,,,False,
q4_0004_P4_diagnostic_v1_grid_v1_nccp/state=3/planner=q4_active,q4_0004_P4_diagnostic_v1_grid_v1_nccp,3,q4_active,64,4,"[-882.0735280134902, -1285.8833695125054]",/measure,"[-882.0735280134902, -1285.8833695125054]",0.2,15,15,0,False,13,False,False,"[0, 1, 3, 5, 6, 7, 8, 9, 10, 11, 12, 13, 14]",0,0,47.61662010932869,2,4,1,7,[4],[1],True,True,True,True,True,[7],False,True,True,,,False,
q4_0004_P4_diagnostic_v1_grid_v1_nccp/state=4/planner=q4_active,q4_0004_P4_diagnostic_v1_grid_v1_nccp,4,q4_active,83,17,"[-1551.1763911496732, -10.421079769251]",/measure,"[-1551.1763911496732, -10.421079769251]",0.2,15,15,0,False,12,False,False,"[0, 2, 4, 5, 6, 7, 8, 9, 10, 11, 12, 13]",0,0,1.6785257975423065,3,1,2,0,[1],[2],True,True,True,True,True,[0],False,True,True,,,False,
q4_0004_P4_diagnostic_v1_grid_v1_nccp/state=5/planner=q4_active,q4_0004_P4_diagnostic_v1_grid_v1_nccp,5,q4_active,85,10,"[-1518.9653440111842, 58.68029987014417]",/measure,"[-1518.9653440111842, 58.68029987014417]",0.2,15,15,0,True,15,True,True,"[0, 1, 2, 3, 4, 5, 6, 7, 8, 9, 10, 11, 12, 13, 14]",0,0,610.0492927211246,1,1,1,1,[1],[1],False,False,False,False,True,[1],False,False,False,,,False,
q4_0004_P4_diagnostic_v1_grid_v1_nccp/state=6/planner=diagnostic_v1,q4_0004_P4_diagnostic_v1_grid_v1_nccp,6,diagnostic_v1,86,10,"[-958.6663092759233, -82.33118775437515]",/measure,"[-958.6663092759233, -82.33118775437515]",0.2,31,4,27,False,29,False,False,"[0, 1, 2, 3, 4, 5, 6, 7, 8, 9, 10, 11, 12, 14, 15, 16, 17, 18, 20, 21, 22, 23, 24, 25, 26, 27, 28, 29, 30]",0,0,610.0492927211246,3,13,22,24,[13],[22],True,True,True,True,True,[24],False,True,True,True,True,,
q4_0004_P4_diagnostic_v1_grid_v1_nccp/state=7/planner=diagnostic_v1,q4_0004_P4_diagnostic_v1_grid_v1_nccp,7,diagnostic_v1,87,10,"[-1110.2193442997202, 599.3013943867035]",/measure,"[-1110.2193442997202, 599.3013943867035]",0.2,31,4,27,False,17,False,False,"[0, 1, 3, 4, 5, 7, 9, 11, 13, 15, 17, 19, 21, 23, 25, 27, 29]",0,0,45.828590782060445,7,18,26,4,[18],[26],True,True,True,True,True,[4],False,True,True,True,True,,
q4_0004_P4_diagnostic_v1_grid_v1_nccp/state=8/planner=diagnostic_v1,q4_0004_P4_diagnostic_v1_grid_v1_nccp,8,diagnostic_v1,89,16,"[-220.6040549241451, -874.7522021096477]",/measure,"[-220.6040549241451, -874.7522021096477]",0.2,31,4,27,True,31,True,True,"[0, 1, 2, 3, 4, 5, 6, 7, 8, 9, 10, 11, 12, 13, 14, 15, 16, 17, 18, 19, 20, 21, 22, 23, 24, 25, 26, 27, 28, 29, 30]",0,0,730.9054973627943,1,27,27,22,[27],[27],False,False,True,True,True,[22],False,True,True,True,True,,
q4_0004_P4_diagnostic_v1_grid_v1_nccp/state=9/planner=diagnostic_v1,q4_0004_P4_diagnostic_v1_grid_v1_nccp,9,diagnostic_v1,90,16,"[130.1719941125727, -219.42315237799562]",/measure,"[130.1719941125727, -219.42315237799562]",0.2,30,4,26,True,30,True,True,"[0, 1, 2, 3, 4, 5, 6, 7, 8, 9, 10, 11, 12, 13, 14, 15, 16, 17, 18, 19, 20, 21, 22, 23, 24, 25, 26, 27, 28, 29]",0,0,730.9054973627943,1,16,27,29,"[16, 27]",[27],True,False,True,True,True,[29],False,True,True,True,True,,
q4_0004_P4_diagnostic_v1_grid_v1_nccp/state=10/planner=diagnostic_v1,q4_0004_P4_diagnostic_v1_grid_v1_nccp,10,diagnostic_v1,91,16,"[-305.3644982956157, -282.6881957638433]",/measure,"[-305.3644982956157, -282.6881957638433]",0.2,31,4,27,False,20,False,False,"[0, 2, 3, 4, 8, 9, 10, 11, 14, 15, 16, 17, 20, 21, 22, 23, 26, 27, 28, 29]",0,0,5.22856494085319,2,5,19,0,[5],[19],True,True,True,True,True,[0],False,True,True,True,True,,
q4_0004_P4_diagnostic_v1_grid_v1_nccp/state=11/planner=q4_active,q4_0004_P4_diagnostic_v1_grid_v1_nccp,11,q4_active,97,1,"[-287.68604392826944, -644.9576393176434]",/measure,"[-287.68604392826944, -644.9576393176434]",0.2,15,15,0,True,15,True,True,"[0, 1, 2, 3, 4, 5, 6, 7, 8, 9, 10, 11, 12, 13, 14]",0,0,45.20445344436338,1,2,2,2,[2],[2],False,False,False,False,True,[2],False,False,False,,,False,
q4_0004_P4_diagnostic_v1_grid_v1_nccp/state=12/planner=q4_active,q4_0004_P4_diagnostic_v1_grid_v1_nccp,12,q4_active,98,1,"[-347.27870583349295, -1257.4920169179647]",/measure,"[-347.27870583349295, -1257.4920169179647]",0.2,15,15,0,False,13,False,False,"[0, 1, 3, 5, 6, 7, 8, 9, 10, 11, 12, 13, 14]",0,0,7.565547079859311,3,2,1,6,[2],[1],True,True,True,True,True,[6],False,True,True,,,False,
q4_0004_P4_diagnostic_v1_grid_v1_nccp/state=13/planner=q4_active,q4_0004_P4_diagnostic_v1_grid_v1_nccp,13,q4_active,100,15,"[-393.6164676523482, -1204.2766394321688]",/measure,"[-393.6164676523482, -1204.2766394321688]",0.2,15,15,0,True,15,True,True,"[0, 1, 2, 3, 4, 5, 6, 7, 8, 9, 10, 11, 12, 13, 14]",0,0,730.9054973627951,1,11,11,11,[11],[11],False,False,False,False,True,[11],False,False,False,,,False,
q4_0004_P4_diagnostic_v1_grid_v1_nccp/state=14/planner=q4_active,q4_0004_P4_diagnostic_v1_grid_v1_nccp,14,q4_active,101,15,"[-159.68670868388588, -1205.9585867644646]",/measure,"[-159.68670868388588, -1205.9585867644646]",0.2,15,15,0,False,12,False,False,"[0, 1, 3, 5, 6, 7, 8, 9, 10, 12, 13, 14]",0,0,0.9777080065561385,3,1,1,13,[1],[1],False,False,True,True,True,[13],False,True,True,,,False,
q4_0004_P4_diagnostic_v1_grid_v1_nccp/state=15/planner=q4_active,q4_0004_P4_diagnostic_v1_grid_v1_nccp,15,q4_active,307,14,"[487.3632298014478, 968.5090755790559]",/measure,"[487.3632298014478, 968.5090755790559]",0.2,15,15,0,False,13,False,False,"[0, 2, 4, 5, 6, 7, 8, 9, 10, 11, 12, 13, 14]",0,0,26.857126289772662,3,1,2,10,[1],[2],True,True,True,True,True,[10],False,True,True,,,False,
q4_0004_P4_diagnostic_v1_grid_v1_nccp/state=16/planner=q4_active,q4_0004_P4_diagnostic_v1_grid_v1_nccp,16,q4_active,309,11,"[576.5259555585161, 880.6210220738878]",/measure,"[576.5259555585161, 880.6210220738878]",0.2,15,15,0,True,15,True,True,"[0, 1, 2, 3, 4, 5, 6, 7, 8, 9, 10, 11, 12, 13, 14]",0,0,18.21254223078544,1,2,2,2,[2],[2],False,False,False,False,True,[2],False,False,False,,,False,
q4_0004_P4_diagnostic_v1_grid_v1_nccp/state=17/planner=q4_active,q4_0004_P4_diagnostic_v1_grid_v1_nccp,17,q4_active,371,3,"[780.0866297788236, -617.175539217565]",/measure,"[780.0866297788236, -617.175539217565]",0.2,15,15,0,False,13,False,False,"[0, 1, 3, 5, 6, 7, 8, 9, 10, 11, 12, 13, 14]",0,0,16.89589045277383,3,2,1,5,[2],[1],True,True,True,True,True,[5],False,True,True,,,False,
q4_0005_P4_diagnostic_v1_grid_v1/state=0/planner=q4_active,q4_0005_P4_diagnostic_v1_grid_v1,0,q4_active,41,13,"[-368.8453567435517, 48.99163294458759]",/measure,"[-368.8453567435517, 48.99163294458759]",0.2,15,15,0,False,13,False,False,"[0, 2, 4, 5, 6, 7, 8, 9, 10, 11, 12, 13, 14]",0,0,33.69884852829706,3,1,2,2,[1],[2],True,True,True,True,True,[2],False,True,True,,,False,
q4_0005_P4_diagnostic_v1_grid_v1/state=1/planner=q4_active,q4_0005_P4_diagnostic_v1_grid_v1,1,q4_active,42,13,"[-167.47602117011738, 79.63678878675998]",/measure,"[-167.47602117011738, 79.63678878675998]",0.2,15,15,0,False,13,False,False,"[0, 2, 4, 5, 6, 7, 8, 9, 10, 11, 12, 13, 14]",0,0,12.475083896908277,3,1,2,2,[1],[2],True,True,True,True,True,[2],False,True,True,,,False,
q4_0005_P4_diagnostic_v1_grid_v1/state=2/planner=q4_active,q4_0005_P4_diagnostic_v1_grid_v1,2,q4_active,44,5,"[-708.7159503688214, -933.1087583899954]",/measure,"[-708.7159503688214, -933.1087583899954]",0.2,15,15,0,False,13,False,False,"[0, 2, 4, 5, 6, 7, 8, 9, 10, 11, 12, 13, 14]",0,0,39.10221655994228,3,1,2,6,[1],[2],True,True,True,True,True,[6],False,True,True,,,False,
q4_0005_P4_diagnostic_v1_grid_v1/state=3/planner=q4_active,q4_0005_P4_diagnostic_v1_grid_v1,3,q4_active,64,17,"[-565.6015421229145, -743.1449734047292]",/measure,"[-565.6015421229145, -743.1449734047292]",0.2,15,15,0,True,15,True,True,"[0, 1, 2, 3, 4, 5, 6, 7, 8, 9, 10, 11, 12, 13, 14]",0,0,730.3989406029713,1,12,12,13,[12],[12],False,False,True,True,True,[13],False,True,True,,,False,
q4_0005_P4_diagnostic_v1_grid_v1/state=4/planner=diagnostic_v1,q4_0005_P4_diagnostic_v1_grid_v1,4,diagnostic_v1,65,17,"[-236.02706140450312, -869.1511723685089]",/measure,"[-236.02706140450312, -869.1511723685089]",0.2,31,4,27,True,31,True,True,"[0, 1, 2, 3, 4, 5, 6, 7, 8, 9, 10, 11, 12, 13, 14, 15, 16, 17, 18, 19, 20, 21, 22, 23, 24, 25, 26, 27, 28, 29, 30]",0,0,730.3989406029713,1,5,5,21,"[5, 6]","[5, 6]",False,False,True,True,True,[21],False,True,True,True,True,,
q4_0005_P4_diagnostic_v1_grid_v1/state=5/planner=diagnostic_v1,q4_0005_P4_diagnostic_v1_grid_v1,5,diagnostic_v1,66,17,"[125.59437678558282, -219.74379988084308]",/measure,"[125.59437678558282, -219.74379988084308]",0.2,30,4,26,True,30,True,True,"[0, 1, 2, 3, 4, 5, 6, 7, 8, 9, 10, 11, 12, 13, 14, 15, 16, 17, 18, 19, 20, 21, 22, 23, 24, 25, 26, 27, 28, 29]",0,0,730.3989406029713,1,15,15,29,"[15, 26]","[15, 26]",False,False,True,True,True,[29],False,True,True,True,True,,
q4_0005_P4_diagnostic_v1_grid_v1/state=6/planner=q4_active,q4_0005_P4_diagnostic_v1_grid_v1,6,q4_active,68,10,"[-1570.0051389266928, -127.85593382346958]",/measure,"[-1570.0051389266928, -127.85593382346958]",0.2,15,15,0,False,11,False,False,"[0, 5, 6, 7, 8, 9, 10, 11, 12, 13, 14]",0,0,28.233425906724772,2,2,2,13,[2],[2],False,False,True,True,True,[13],False,True,True,,,False,
q4_0005_P4_diagnostic_v1_grid_v1/state=7/planner=q4_active,q4_0005_P4_diagnostic_v1_grid_v1,7,q4_active,344,4,"[368.0522975504095, 1541.7372775674569]",/measure,"[368.0522975504095, 1541.7372775674569]",0.2,15,15,0,False,13,False,False,"[0, 2, 4, 5, 6, 7, 8, 9, 10, 11, 12, 13, 14]",0,0,5.728904784876384,3,1,2,0,[1],[2],True,True,True,True,True,[0],False,True,True,,,False,
q4_0005_P4_diagnostic_v1_grid_v1/state=8/planner=diagnostic_v1,q4_0005_P4_diagnostic_v1_grid_v1,8,diagnostic_v1,360,3,"[230.40337471117175, 1653.429939069027]",/measure,"[230.40337471117175, 1653.429939069027]",0.2,31,4,27,False,29,False,False,"[0, 1, 2, 3, 4, 5, 6, 7, 8, 9, 10, 11, 12, 13, 14, 15, 16, 17, 18, 19, 20, 21, 22, 24, 25, 26, 27, 28, 30]",0,0,466.6773669401598,3,29,4,9,[29],[4],True,True,True,True,True,[9],False,True,True,True,True,,
q4_0005_P4_diagnostic_v1_grid_v1/state=9/planner=diagnostic_v1,q4_0005_P4_diagnostic_v1_grid_v1,9,diagnostic_v1,361,3,"[325.12245781529936, 1531.4643871585954]",/measure,"[325.12245781529936, 1531.4643871585954]",0.2,31,4,27,False,18,False,False,"[0, 1, 3, 4, 7, 9, 10, 12, 13, 15, 16, 18, 19, 22, 24, 25, 28, 30]",0,0,7.282678649573263,2,5,8,5,[5],[8],True,True,False,False,True,[5],False,False,False,True,True,,
q4_0005_P4_diagnostic_v1_grid_v1/state=10/planner=q4_active,q4_0005_P4_diagnostic_v1_grid_v1,10,q4_active,415,7,"[975.9800534455462, -156.97262349442587]",/measure,"[975.9800534455462, -156.97262349442587]",0.2,15,15,0,False,13,False,False,"[0, 1, 3, 5, 6, 7, 8, 9, 10, 11, 12, 13, 14]",0,0,11.690335111364618,3,2,1,0,[2],[1],True,True,True,True,True,[0],False,True,True,,,False,
q4_0005_P4_diagnostic_v1_grid_v1/state=11/planner=q4_active,q4_0005_P4_diagnostic_v1_grid_v1,11,q4_active,429,19,"[1207.2342808017174, -244.7303101527084]",/measure,"[1207.2342808017174, -244.7303101527084]",0.2,15,15,0,False,13,False,False,"[0, 1, 3, 5, 6, 7, 8, 9, 10, 11, 12, 13, 14]",0,0,25.024917858022032,3,2,1,12,[2],[1],True,True,True,True,True,[12],False,True,True,,,False,
q4_0005_P4_diagnostic_v1_grid_v1/state=12/planner=q4_active,q4_0005_P4_diagnostic_v1_grid_v1,12,q4_active,431,2,"[1357.1742627550661, -247.5978843320322]",/measure,"[1357.1742627550661, -247.5978843320322]",0.2,15,15,0,True,15,True,True,"[0, 1, 2, 3, 4, 5, 6, 7, 8, 9, 10, 11, 12, 13, 14]",0,0,50.392298990787495,1,1,1,1,[1],[1],False,False,False,False,True,[1],False,False,False,,,False,
q4_0005_P4_diagnostic_v1_grid_v1/state=13/planner=q4_active,q4_0005_P4_diagnostic_v1_grid_v1,13,q4_active,432,2,"[1545.1733558075641, -195.5515697261142]",/measure,"[1545.1733558075641, -195.5515697261142]",0.2,15,15,0,False,12,False,False,"[0, 1, 3, 5, 6, 7, 8, 9, 10, 12, 13, 14]",0,0,6.824129308390081,3,4,1,10,[4],[1],True,True,True,True,True,[10],False,True,True,,,False,
q4_0005_P4_diagnostic_v1_grid_v1/state=14/planner=q4_active,q4_0005_P4_diagnostic_v1_grid_v1,14,q4_active,444,16,"[844.8260499892322, -936.1395662320637]",/measure,"[844.8260499892322, -936.1395662320637]",0.2,15,15,0,True,14,False,True,"[0, 1, 3, 4, 5, 6, 7, 8, 9, 10, 11, 12, 13, 14]",0,0,28.678311013403555,1,1,1,11,[1],[1],False,False,True,True,True,[11],False,True,True,,,False,
q4_0005_P4_diagnostic_v1_grid_v1/state=15/planner=q4_active,q4_0005_P4_diagnostic_v1_grid_v1,15,q4_active,491,9,"[811.1521423170961, -1201.8652744545107]",/measure,"[811.1521423170961, -1201.8652744545107]",0.2,15,15,0,False,14,False,False,"[0, 2, 3, 4, 5, 6, 7, 8, 9, 10, 11, 12, 13, 14]",0,0,255.94787606146005,2,1,2,1,[1],[2],True,True,False,False,True,[1],False,False,False,,,False,
q4_0005_P4_diagnostic_v1_grid_v1/state=16/planner=q4_active,q4_0005_P4_diagnostic_v1_grid_v1,16,q4_active,492,9,"[786.5875956119326, -908.6149047173232]",/measure,"[786.5875956119326, -908.6149047173232]",0.2,15,15,0,False,12,False,False,"[0, 4, 5, 6, 7, 8, 9, 10, 11, 12, 13, 14]",0,0,33.21951029151168,3,3,1,14,[3],[1],True,True,True,True,True,[14],False,True,True,,,False,
q4_0005_P4_diagnostic_v1_grid_v1/state=17/planner=q4_active,q4_0005_P4_diagnostic_v1_grid_v1,17,q4_active,542,6,"[1334.2307484884993, 149.9645212137435]",/measure,"[1334.2307484884993, 149.9645212137435]",0.2,15,15,0,False,12,False,False,"[0, 4, 5, 6, 7, 8, 9, 10, 11, 12, 13, 14]",0,0,25.170849828812575,4,3,1,3,[3],[1],True,True,False,False,True,[3],False,False,False,,,False,
q4_0005_P4_diagnostic_v1_grid_v1_nccp/state=0/planner=q4_active,q4_0005_P4_diagnostic_v1_grid_v1_nccp,0,q4_active,41,13,"[-368.8453567435517, 48.99163294458759]",/measure,"[-368.8453567435517, 48.99163294458759]",0.2,15,15,0,False,13,False,False,"[0, 2, 4, 5, 6, 7, 8, 9, 10, 11, 12, 13, 14]",0,0,33.69884852829706,3,1,2,2,[1],[2],True,True,True,True,True,[2],False,True,True,,,False,
q4_0005_P4_diagnostic_v1_grid_v1_nccp/state=1/planner=q4_active,q4_0005_P4_diagnostic_v1_grid_v1_nccp,1,q4_active,42,13,"[-167.47602117011738, 79.63678878675998]",/measure,"[-167.47602117011738, 79.63678878675998]",0.2,15,15,0,False,13,False,False,"[0, 2, 4, 5, 6, 7, 8, 9, 10, 11, 12, 13, 14]",0,0,12.475083896908277,3,1,2,2,[1],[2],True,True,True,True,True,[2],False,True,True,,,False,
q4_0005_P4_diagnostic_v1_grid_v1_nccp/state=2/planner=q4_active,q4_0005_P4_diagnostic_v1_grid_v1_nccp,2,q4_active,44,5,"[-708.7159503688214, -933.1087583899954]",/measure,"[-708.7159503688214, -933.1087583899954]",0.2,15,15,0,False,13,False,False,"[0, 2, 4, 5, 6, 7, 8, 9, 10, 11, 12, 13, 14]",0,0,39.10221655994228,3,1,2,6,[1],[2],True,True,True,True,True,[6],False,True,True,,,False,
q4_0005_P4_diagnostic_v1_grid_v1_nccp/state=3/planner=q4_active,q4_0005_P4_diagnostic_v1_grid_v1_nccp,3,q4_active,64,17,"[-565.6015421229145, -743.1449734047292]",/measure,"[-565.6015421229145, -743.1449734047292]",0.2,15,15,0,True,15,True,True,"[0, 1, 2, 3, 4, 5, 6, 7, 8, 9, 10, 11, 12, 13, 14]",0,0,730.3989406029713,1,12,12,13,[12],[12],False,False,True,True,True,[13],False,True,True,,,False,
q4_0005_P4_diagnostic_v1_grid_v1_nccp/state=4/planner=diagnostic_v1,q4_0005_P4_diagnostic_v1_grid_v1_nccp,4,diagnostic_v1,65,17,"[-236.02706140450312, -869.1511723685089]",/measure,"[-236.02706140450312, -869.1511723685089]",0.2,31,4,27,True,31,True,True,"[0, 1, 2, 3, 4, 5, 6, 7, 8, 9, 10, 11, 12, 13, 14, 15, 16, 17, 18, 19, 20, 21, 22, 23, 24, 25, 26, 27, 28, 29, 30]",0,0,730.3989406029713,1,5,5,21,"[5, 6]","[5, 6]",False,False,True,True,True,[21],False,True,True,True,True,,
q4_0005_P4_diagnostic_v1_grid_v1_nccp/state=5/planner=diagnostic_v1,q4_0005_P4_diagnostic_v1_grid_v1_nccp,5,diagnostic_v1,66,17,"[125.59437678558282, -219.74379988084308]",/measure,"[125.59437678558282, -219.74379988084308]",0.2,30,4,26,True,30,True,True,"[0, 1, 2, 3, 4, 5, 6, 7, 8, 9, 10, 11, 12, 13, 14, 15, 16, 17, 18, 19, 20, 21, 22, 23, 24, 25, 26, 27, 28, 29]",0,0,730.3989406029713,1,15,15,29,"[15, 26]","[15, 26]",False,False,True,True,True,[29],False,True,True,True,True,,
q4_0005_P4_diagnostic_v1_grid_v1_nccp/state=6/planner=q4_active,q4_0005_P4_diagnostic_v1_grid_v1_nccp,6,q4_active,68,10,"[-1570.0051389266928, -127.85593382346958]",/measure,"[-1570.0051389266928, -127.85593382346958]",0.2,15,15,0,False,11,False,False,"[0, 5, 6, 7, 8, 9, 10, 11, 12, 13, 14]",0,0,28.233425906724772,2,2,2,13,[2],[2],False,False,True,True,True,[13],False,True,True,,,False,
q4_0005_P4_diagnostic_v1_grid_v1_nccp/state=7/planner=q4_active,q4_0005_P4_diagnostic_v1_grid_v1_nccp,7,q4_active,344,4,"[368.0522975504095, 1541.7372775674569]",/measure,"[368.0522975504095, 1541.7372775674569]",0.2,15,15,0,False,13,False,False,"[0, 2, 4, 5, 6, 7, 8, 9, 10, 11, 12, 13, 14]",0,0,5.728904784876384,3,1,2,0,[1],[2],True,True,True,True,True,[0],False,True,True,,,False,
q4_0005_P4_diagnostic_v1_grid_v1_nccp/state=8/planner=diagnostic_v1,q4_0005_P4_diagnostic_v1_grid_v1_nccp,8,diagnostic_v1,360,3,"[230.40337471117175, 1653.429939069027]",/measure,"[230.40337471117175, 1653.429939069027]",0.2,31,4,27,False,29,False,False,"[0, 1, 2, 3, 4, 5, 6, 7, 8, 9, 10, 11, 12, 13, 14, 15, 16, 17, 18, 19, 20, 21, 22, 24, 25, 26, 27, 28, 30]",0,0,466.6773669401598,3,29,4,9,[29],[4],True,True,True,True,True,[9],False,True,True,True,True,,
q4_0005_P4_diagnostic_v1_grid_v1_nccp/state=9/planner=diagnostic_v1,q4_0005_P4_diagnostic_v1_grid_v1_nccp,9,diagnostic_v1,361,3,"[325.12245781529936, 1531.4643871585954]",/measure,"[325.12245781529936, 1531.4643871585954]",0.2,31,4,27,False,18,False,False,"[0, 1, 3, 4, 7, 9, 10, 12, 13, 15, 16, 18, 19, 22, 24, 25, 28, 30]",0,0,7.282678649573263,2,5,8,5,[5],[8],True,True,False,False,True,[5],False,False,False,True,True,,
q4_0005_P4_diagnostic_v1_grid_v1_nccp/state=10/planner=q4_active,q4_0005_P4_diagnostic_v1_grid_v1_nccp,10,q4_active,415,7,"[975.9800534455462, -156.97262349442587]",/measure,"[975.9800534455462, -156.97262349442587]",0.2,15,15,0,False,13,False,False,"[0, 1, 3, 5, 6, 7, 8, 9, 10, 11, 12, 13, 14]",0,0,11.690335111364618,3,2,1,0,[2],[1],True,True,True,True,True,[0],False,True,True,,,False,
q4_0005_P4_diagnostic_v1_grid_v1_nccp/state=11/planner=q4_active,q4_0005_P4_diagnostic_v1_grid_v1_nccp,11,q4_active,429,19,"[1207.2342808017174, -244.7303101527084]",/measure,"[1207.2342808017174, -244.7303101527084]",0.2,15,15,0,False,13,False,False,"[0, 1, 3, 5, 6, 7, 8, 9, 10, 11, 12, 13, 14]",0,0,25.024917858022032,3,2,1,12,[2],[1],True,True,True,True,True,[12],False,True,True,,,False,
q4_0005_P4_diagnostic_v1_grid_v1_nccp/state=12/planner=q4_active,q4_0005_P4_diagnostic_v1_grid_v1_nccp,12,q4_active,431,2,"[1353.9299926515696, -252.419330311242]",/measure,"[1353.9299926515696, -252.419330311242]",0.2,15,15,0,True,15,True,True,"[0, 1, 2, 3, 4, 5, 6, 7, 8, 9, 10, 11, 12, 13, 14]",0,0,50.392298990787495,1,1,1,1,[1],[1],False,False,False,False,True,[1],False,False,False,,,False,
q4_0005_P4_diagnostic_v1_grid_v1_nccp/state=13/planner=q4_active,q4_0005_P4_diagnostic_v1_grid_v1_nccp,13,q4_active,432,2,"[1544.6351316966334, -195.55384749232894]",/measure,"[1544.6351316966334, -195.55384749232894]",0.2,15,15,0,False,12,False,False,"[0, 1, 3, 5, 6, 7, 8, 9, 10, 12, 13, 14]",0,0,5.979214642029515,3,4,1,10,[4],[1],True,True,True,True,True,[10],False,True,True,,,False,
q4_0005_P4_diagnostic_v1_grid_v1_nccp/state=14/planner=q4_active,q4_0005_P4_diagnostic_v1_grid_v1_nccp,14,q4_active,444,16,"[844.8260499892322, -936.1395662320637]",/measure,"[844.8260499892322, -936.1395662320637]",0.2,15,15,0,True,14,False,True,"[0, 1, 3, 4, 5, 6, 7, 8, 9, 10, 11, 12, 13, 14]",0,0,28.678311013403555,1,1,1,11,[1],[1],False,False,True,True,True,[11],False,True,True,,,False,
q4_0005_P4_diagnostic_v1_grid_v1_nccp/state=15/planner=q4_active,q4_0005_P4_diagnostic_v1_grid_v1_nccp,15,q4_active,491,9,"[811.1521423170961, -1201.8652744545107]",/measure,"[811.1521423170961, -1201.8652744545107]",0.2,15,15,0,False,14,False,False,"[0, 2, 3, 4, 5, 6, 7, 8, 9, 10, 11, 12, 13, 14]",0,0,255.94787606146005,2,1,2,1,[1],[2],True,True,False,False,True,[1],False,False,False,,,False,
q4_0005_P4_diagnostic_v1_grid_v1_nccp/state=16/planner=q4_active,q4_0005_P4_diagnostic_v1_grid_v1_nccp,16,q4_active,492,9,"[786.5875956119326, -908.6149047173232]",/measure,"[786.5875956119326, -908.6149047173232]",0.2,15,15,0,False,12,False,False,"[0, 4, 5, 6, 7, 8, 9, 10, 11, 12, 13, 14]",0,0,33.21951029151168,3,3,1,14,[3],[1],True,True,True,True,True,[14],False,True,True,,,False,
q4_0005_P4_diagnostic_v1_grid_v1_nccp/state=17/planner=q4_active,q4_0005_P4_diagnostic_v1_grid_v1_nccp,17,q4_active,542,6,"[1334.2307484884993, 149.9645212137435]",/measure,"[1334.2307484884993, 149.9645212137435]",0.2,15,15,0,False,12,False,False,"[0, 4, 5, 6, 7, 8, 9, 10, 11, 12, 13, 14]",0,0,25.170849828812575,4,3,1,3,[3],[1],True,True,False,False,True,[3],False,False,False,,,False,
q4_0006_P4_diagnostic_v1_grid_v1/state=0/planner=q4_active,q4_0006_P4_diagnostic_v1_grid_v1,0,q4_active,43,17,"[-203.04726876478927, 507.3438190663906]",/measure,"[-203.04726876478927, 507.3438190663906]",0.2,15,15,0,True,15,True,True,"[0, 1, 2, 3, 4, 5, 6, 7, 8, 9, 10, 11, 12, 13, 14]",0,0,730.4581696688302,1,10,10,10,[10],[10],False,False,False,False,True,[10],False,False,False,,,False,
q4_0006_P4_diagnostic_v1_grid_v1/state=1/planner=q4_active,q4_0006_P4_diagnostic_v1_grid_v1,1,q4_active,45,20,"[-148.37586470008588, 359.2316051535888]",/measure,"[-148.37586470008588, 359.2316051535888]",0.2,15,15,0,True,15,True,True,"[0, 1, 2, 3, 4, 5, 6, 7, 8, 9, 10, 11, 12, 13, 14]",0,0,730.9054973627939,1,6,6,10,[6],[6],False,False,True,True,True,[10],False,True,True,,,False,
q4_0006_P4_diagnostic_v1_grid_v1/state=2/planner=q4_active,q4_0006_P4_diagnostic_v1_grid_v1,2,q4_active,47,2,"[-863.3006902548615, 1153.139993518867]",/measure,"[-863.3006902548615, 1153.139993518867]",0.2,15,15,0,True,15,True,True,"[0, 1, 2, 3, 4, 5, 6, 7, 8, 9, 10, 11, 12, 13, 14]",0,0,49.58113821345479,1,1,1,8,[1],[1],False,False,True,True,True,[8],False,True,True,,,False,
q4_0006_P4_diagnostic_v1_grid_v1/state=3/planner=q4_active,q4_0006_P4_diagnostic_v1_grid_v1,3,q4_active,49,13,"[-1093.2810700315576, -686.0683844821158]",/measure,"[-1093.2810700315576, -686.0683844821158]",0.2,15,15,0,True,15,True,True,"[0, 1, 2, 3, 4, 5, 6, 7, 8, 9, 10, 11, 12, 13, 14]",0,0,52.800955329821065,1,1,1,10,[1],[1],False,False,True,True,True,[10],False,True,True,,,False,
q4_0006_P4_diagnostic_v1_grid_v1/state=4/planner=q4_active,q4_0006_P4_diagnostic_v1_grid_v1,4,q4_active,50,13,"[-1067.5423989896606, -675.4070778591023]",/measure,"[-1067.5423989896606, -675.4070778591023]",0.2,14,14,0,True,14,True,True,"[0, 1, 2, 3, 4, 5, 6, 7, 8, 9, 10, 11, 12, 13]",0,0,52.800955329821065,1,3,3,9,[3],[3],False,False,True,True,True,[9],False,True,True,,,False,
q4_0006_P4_diagnostic_v1_grid_v1/state=5/planner=q4_active,q4_0006_P4_diagnostic_v1_grid_v1,5,q4_active,51,13,"[-1050.093289771596, -703.28806453256]",/measure,"[-1050.093289771596, -703.28806453256]",0.2,15,15,0,False,13,False,False,"[0, 2, 3, 4, 5, 6, 7, 9, 10, 11, 12, 13, 14]",0,0,11.78583034360345,2,8,9,1,[8],[9],True,True,True,True,True,[1],False,True,True,,,False,
q4_0006_P4_diagnostic_v1_grid_v1/state=6/planner=q4_active,q4_0006_P4_diagnostic_v1_grid_v1,6,q4_active,81,10,"[-1630.9938012341788, -502.17601262227157]",/measure,"[-1630.9938012341788, -502.17601262227157]",0.2,15,15,0,False,13,False,False,"[0, 1, 3, 5, 6, 7, 8, 9, 10, 11, 12, 13, 14]",0,0,4.478762630863049,2,1,1,8,[1],[1],False,False,True,True,True,[8],False,True,True,,,False,
q4_0006_P4_diagnostic_v1_grid_v1/state=7/planner=q4_active,q4_0006_P4_diagnostic_v1_grid_v1,7,q4_active,96,16,"[-1096.4280927056273, -1250.8364554893644]",/measure,"[-1096.4280927056273, -1250.8364554893644]",0.2,15,15,0,False,11,False,False,"[0, 5, 6, 7, 8, 9, 10, 11, 12, 13, 14]",0,0,15.069818240547345,5,1,1,1,[1],[1],False,False,False,False,True,[1],False,False,False,,,False,
q4_0006_P4_diagnostic_v1_grid_v1/state=8/planner=q4_active,q4_0006_P4_diagnostic_v1_grid_v1,8,q4_active,97,16,"[-642.8045232626365, -995.9226654272895]",/measure,"[-642.8045232626365, -995.9226654272895]",0.2,15,15,0,False,11,False,False,"[0, 5, 6, 7, 8, 9, 10, 11, 12, 13, 14]",0,0,7.114230559341259,5,1,1,13,[1],[1],False,False,True,True,True,[13],False,True,True,,,False,
q4_0006_P4_diagnostic_v1_grid_v1/state=9/planner=q4_active,q4_0006_P4_diagnostic_v1_grid_v1,9,q4_active,195,14,"[-1597.8718884159678, 601.9257138187888]",/measure,"[-1597.8718884159678, 601.9257138187888]",0.2,15,15,0,True,15,True,True,"[0, 1, 2, 3, 4, 5, 6, 7, 8, 9, 10, 11, 12, 13, 14]",0,0,421.68799250337236,1,1,1,1,"[1, 2]","[1, 2]",False,False,False,False,True,[1],False,False,False,,,False,
q4_0006_P4_diagnostic_v1_grid_v1/state=10/planner=q4_active,q4_0006_P4_diagnostic_v1_grid_v1,10,q4_active,263,7,"[-446.53175867002915, 1478.3487441865036]",/measure,"[-446.53175867002915, 1478.3487441865036]",0.2,15,15,0,False,13,False,False,"[0, 1, 3, 5, 6, 7, 8, 9, 10, 11, 12, 13, 14]",0,0,7.054189684007362,3,2,1,1,[2],[1],True,True,True,True,True,[1],False,True,True,,,False,
q4_0006_P4_diagnostic_v1_grid_v1/state=11/planner=q4_active,q4_0006_P4_diagnostic_v1_grid_v1,11,q4_active,345,4,"[863.1489414852404, -769.5314445734698]",/measure,"[863.1489414852404, -769.5314445734698]",0.2,15,15,0,False,13,False,False,"[0, 1, 3, 5, 6, 7, 8, 9, 10, 11, 12, 13, 14]",0,0,34.61823444601586,3,2,1,8,[2],[1],True,True,True,True,True,[8],False,True,True,,,False,
q4_0006_P4_diagnostic_v1_grid_v1_nccp/state=0/planner=q4_active,q4_0006_P4_diagnostic_v1_grid_v1_nccp,0,q4_active,43,17,"[-203.04726876478927, 507.3438190663906]",/measure,"[-203.04726876478927, 507.3438190663906]",0.2,15,15,0,True,15,True,True,"[0, 1, 2, 3, 4, 5, 6, 7, 8, 9, 10, 11, 12, 13, 14]",0,0,730.4581696688302,1,10,10,10,[10],[10],False,False,False,False,True,[10],False,False,False,,,False,
q4_0006_P4_diagnostic_v1_grid_v1_nccp/state=1/planner=q4_active,q4_0006_P4_diagnostic_v1_grid_v1_nccp,1,q4_active,45,20,"[-148.37586470008588, 359.2316051535888]",/measure,"[-148.37586470008588, 359.2316051535888]",0.2,15,15,0,True,15,True,True,"[0, 1, 2, 3, 4, 5, 6, 7, 8, 9, 10, 11, 12, 13, 14]",0,0,730.9054973627939,1,6,6,10,[6],[6],False,False,True,True,True,[10],False,True,True,,,False,
q4_0006_P4_diagnostic_v1_grid_v1_nccp/state=2/planner=q4_active,q4_0006_P4_diagnostic_v1_grid_v1_nccp,2,q4_active,47,2,"[-863.3006902548615, 1153.139993518867]",/measure,"[-863.3006902548615, 1153.139993518867]",0.2,15,15,0,True,15,True,True,"[0, 1, 2, 3, 4, 5, 6, 7, 8, 9, 10, 11, 12, 13, 14]",0,0,49.58113821345479,1,1,1,8,[1],[1],False,False,True,True,True,[8],False,True,True,,,False,
q4_0006_P4_diagnostic_v1_grid_v1_nccp/state=3/planner=q4_active,q4_0006_P4_diagnostic_v1_grid_v1_nccp,3,q4_active,49,13,"[-1093.2810700315576, -686.0683844821158]",/measure,"[-1093.2810700315576, -686.0683844821158]",0.2,15,15,0,True,15,True,True,"[0, 1, 2, 3, 4, 5, 6, 7, 8, 9, 10, 11, 12, 13, 14]",0,0,52.800955329821065,1,1,1,10,[1],[1],False,False,True,True,True,[10],False,True,True,,,False,
q4_0006_P4_diagnostic_v1_grid_v1_nccp/state=4/planner=q4_active,q4_0006_P4_diagnostic_v1_grid_v1_nccp,4,q4_active,50,13,"[-1067.5423989896606, -675.4070778591023]",/measure,"[-1067.5423989896606, -675.4070778591023]",0.2,14,14,0,True,14,True,True,"[0, 1, 2, 3, 4, 5, 6, 7, 8, 9, 10, 11, 12, 13]",0,0,52.800955329821065,1,3,3,9,[3],[3],False,False,True,True,True,[9],False,True,True,,,False,
q4_0006_P4_diagnostic_v1_grid_v1_nccp/state=5/planner=q4_active,q4_0006_P4_diagnostic_v1_grid_v1_nccp,5,q4_active,51,13,"[-1050.093289771596, -703.28806453256]",/measure,"[-1050.093289771596, -703.28806453256]",0.2,15,15,0,False,13,False,False,"[0, 2, 3, 4, 5, 6, 7, 9, 10, 11, 12, 13, 14]",0,0,11.78583034360345,2,8,9,1,[8],[9],True,True,True,True,True,[1],False,True,True,,,False,
q4_0006_P4_diagnostic_v1_grid_v1_nccp/state=6/planner=q4_active,q4_0006_P4_diagnostic_v1_grid_v1_nccp,6,q4_active,81,10,"[-1630.9938012341788, -502.17601262227157]",/measure,"[-1630.9938012341788, -502.17601262227157]",0.2,15,15,0,False,13,False,False,"[0, 1, 3, 5, 6, 7, 8, 9, 10, 11, 12, 13, 14]",0,0,4.478762630863049,2,1,1,8,[1],[1],False,False,True,True,True,[8],False,True,True,,,False,
q4_0006_P4_diagnostic_v1_grid_v1_nccp/state=7/planner=q4_active,q4_0006_P4_diagnostic_v1_grid_v1_nccp,7,q4_active,96,16,"[-1096.4280927056273, -1250.8364554893644]",/measure,"[-1096.4280927056273, -1250.8364554893644]",0.2,15,15,0,False,11,False,False,"[0, 5, 6, 7, 8, 9, 10, 11, 12, 13, 14]",0,0,15.069818240547345,5,1,1,1,[1],[1],False,False,False,False,True,[1],False,False,False,,,False,
q4_0006_P4_diagnostic_v1_grid_v1_nccp/state=8/planner=q4_active,q4_0006_P4_diagnostic_v1_grid_v1_nccp,8,q4_active,97,16,"[-642.8045232626365, -995.9226654272895]",/measure,"[-642.8045232626365, -995.9226654272895]",0.2,15,15,0,False,11,False,False,"[0, 5, 6, 7, 8, 9, 10, 11, 12, 13, 14]",0,0,7.114230559341259,5,1,1,13,[1],[1],False,False,True,True,True,[13],False,True,True,,,False,
q4_0006_P4_diagnostic_v1_grid_v1_nccp/state=9/planner=q4_active,q4_0006_P4_diagnostic_v1_grid_v1_nccp,9,q4_active,195,14,"[-1597.8718884159678, 601.9257138187888]",/measure,"[-1597.8718884159678, 601.9257138187888]",0.2,15,15,0,True,15,True,True,"[0, 1, 2, 3, 4, 5, 6, 7, 8, 9, 10, 11, 12, 13, 14]",0,0,421.68799250337236,1,1,1,1,"[1, 2]","[1, 2]",False,False,False,False,True,[1],False,False,False,,,False,
q4_0006_P4_diagnostic_v1_grid_v1_nccp/state=10/planner=q4_active,q4_0006_P4_diagnostic_v1_grid_v1_nccp,10,q4_active,263,7,"[-446.53175867002915, 1478.3487441865036]",/measure,"[-446.53175867002915, 1478.3487441865036]",0.2,15,15,0,False,13,False,False,"[0, 1, 3, 5, 6, 7, 8, 9, 10, 11, 12, 13, 14]",0,0,7.054189684007362,3,2,1,1,[2],[1],True,True,True,True,True,[1],False,True,True,,,False,
q4_0006_P4_diagnostic_v1_grid_v1_nccp/state=11/planner=q4_active,q4_0006_P4_diagnostic_v1_grid_v1_nccp,11,q4_active,345,4,"[863.1489414852404, -769.5314445734698]",/measure,"[863.1489414852404, -769.5314445734698]",0.2,15,15,0,False,13,False,False,"[0, 1, 3, 5, 6, 7, 8, 9, 10, 11, 12, 13, 14]",0,0,34.61823444601586,3,2,1,8,[2],[1],True,True,True,True,True,[8],False,True,True,,,False,
q4_0007_P4_diagnostic_v1_grid_v1/state=0/planner=q4_active,q4_0007_P4_diagnostic_v1_grid_v1,0,q4_active,41,10,"[-512.2143021069867, 642.9520849792434]",/measure,"[-512.2143021069867, 642.9520849792434]",0.2,15,15,0,False,13,False,False,"[0, 2, 4, 5, 6, 7, 8, 9, 10, 11, 12, 13, 14]",0,0,7.886826285186938,3,1,2,11,[1],[2],True,True,True,True,True,[11],False,True,True,,,False,
q4_0007_P4_diagnostic_v1_grid_v1/state=1/planner=q4_active,q4_0007_P4_diagnostic_v1_grid_v1,1,q4_active,42,10,"[-503.4275055425831, 621.738881543647]",/measure,"[-503.4275055425831, 621.738881543647]",0.2,14,14,0,True,14,True,True,"[0, 1, 2, 3, 4, 5, 6, 7, 8, 9, 10, 11, 12, 13]",0,0,7.886826285186938,1,4,4,11,[4],[4],False,False,True,True,True,[11],False,True,True,,,False,
q4_0007_P4_diagnostic_v1_grid_v1/state=2/planner=q4_active,q4_0007_P4_diagnostic_v1_grid_v1,2,q4_active,43,10,"[-462.67978634522035, 640.4918221992656]",/measure,"[-462.67978634522035, 640.4918221992656]",0.2,14,14,0,True,14,True,True,"[0, 1, 2, 3, 4, 5, 6, 7, 8, 9, 10, 11, 12, 13]",0,0,7.886826285186938,1,4,4,3,[4],[4],False,False,True,True,True,[3],False,True,True,,,False,
q4_0007_P4_diagnostic_v1_grid_v1/state=3/planner=q4_active,q4_0007_P4_diagnostic_v1_grid_v1,3,q4_active,65,7,"[-515.0260521740609, -492.9884418147372]",/measure,"[-515.0260521740609, -492.9884418147372]",0.2,15,15,0,True,15,True,True,"[0, 1, 2, 3, 4, 5, 6, 7, 8, 9, 10, 11, 12, 13, 14]",0,0,730.3329041149807,1,10,10,10,[10],[10],False,False,False,False,True,[10],False,False,False,,,False,
q4_0007_P4_diagnostic_v1_grid_v1/state=4/planner=diagnostic_v1,q4_0007_P4_diagnostic_v1_grid_v1,4,diagnostic_v1,66,7,"[-338.249356877424, -669.7651371113741]",/measure,"[-338.249356877424, -669.7651371113741]",0.2,31,4,27,False,30,False,False,"[0, 1, 2, 3, 4, 5, 6, 7, 8, 9, 10, 11, 12, 13, 14, 15, 16, 17, 18, 19, 20, 21, 22, 23, 24, 25, 26, 27, 28, 30]",0,0,730.3329041149807,2,29,10,0,[29],[10],True,True,True,True,True,[0],False,True,True,True,True,,
q4_0007_P4_diagnostic_v1_grid_v1/state=5/planner=diagnostic_v1,q4_0007_P4_diagnostic_v1_grid_v1,5,diagnostic_v1,67,7,"[109.39290740579548, -892.512534912992]",/measure,"[109.39290740579548, -892.512534912992]",0.2,20,4,16,True,20,True,True,"[0, 1, 2, 3, 4, 5, 6, 7, 8, 9, 10, 11, 12, 13, 14, 15, 16, 17, 18, 19]",0,0,730.3329041149807,1,0,0,14,"[0, 1, 2, 3]","[0, 1]",False,False,True,True,True,[14],False,True,True,True,True,,
q4_0007_P4_diagnostic_v1_grid_v1/state=6/planner=diagnostic_v1,q4_0007_P4_diagnostic_v1_grid_v1,6,diagnostic_v1,68,7,"[197.4181321864509, -154.43966601567558]",/measure,"[197.4181321864509, -154.43966601567558]",0.2,29,4,25,True,29,True,True,"[0, 1, 2, 3, 4, 5, 6, 7, 8, 9, 10, 11, 12, 13, 14, 15, 16, 17, 18, 19, 20, 21, 22, 23, 24, 25, 26, 27, 28]",0,0,730.3329041149807,1,14,14,28,"[14, 25]","[14, 25]",False,False,True,True,True,[28],False,True,True,True,True,,
q4_0007_P4_diagnostic_v1_grid_v1/state=7/planner=q4_active,q4_0007_P4_diagnostic_v1_grid_v1,7,q4_active,70,20,"[245.5699677506353, -571.4463229927655]",/measure,"[245.5699677506353, -571.4463229927655]",0.2,15,15,0,True,15,True,True,"[0, 1, 2, 3, 4, 5, 6, 7, 8, 9, 10, 11, 12, 13, 14]",0,0,730.2409449829479,1,1,1,3,[1],[1],False,False,True,True,True,[3],False,True,True,,,False,
q4_0007_P4_diagnostic_v1_grid_v1/state=8/planner=q4_active,q4_0007_P4_diagnostic_v1_grid_v1,8,q4_active,71,20,"[633.6777874505045, -670.6352678268569]",/measure,"[633.6777874505045, -670.6352678268569]",0.2,15,15,0,False,13,False,False,"[0, 1, 3, 5, 6, 7, 8, 9, 10, 11, 12, 13, 14]",0,0,20.31255174851488,2,1,1,12,[1],[1],False,False,True,True,True,[12],False,True,True,,,False,
q4_0007_P4_diagnostic_v1_grid_v1/state=9/planner=q4_active,q4_0007_P4_diagnostic_v1_grid_v1,9,q4_active,72,20,"[663.905998388123, -626.1040533324569]",/measure,"[663.905998388123, -626.1040533324569]",0.2,14,14,0,True,14,True,True,"[0, 1, 2, 3, 4, 5, 6, 7, 8, 9, 10, 11, 12, 13]",0,0,20.31255174851488,1,3,3,6,[3],[3],False,False,True,True,True,[6],False,True,True,,,False,
q4_0007_P4_diagnostic_v1_grid_v1/state=10/planner=q4_active,q4_0007_P4_diagnostic_v1_grid_v1,10,q4_active,74,5,"[606.530725471016, -670.6487627222899]",/measure,"[606.530725471016, -670.6487627222899]",0.2,15,15,0,True,15,True,True,"[0, 1, 2, 3, 4, 5, 6, 7, 8, 9, 10, 11, 12, 13, 14]",0,0,730.3211061679177,1,2,2,2,[2],[2],False,False,False,False,True,[2],False,False,False,,,False,
q4_0007_P4_diagnostic_v1_grid_v1/state=11/planner=diagnostic_v1,q4_0007_P4_diagnostic_v1_grid_v1,11,diagnostic_v1,75,5,"[174.0285876642829, -333.6424111437003]",/measure,"[174.0285876642829, -333.6424111437003]",0.2,31,4,27,False,30,False,False,"[0, 1, 2, 3, 4, 5, 6, 7, 8, 9, 10, 11, 12, 13, 14, 15, 16, 17, 18, 19, 20, 21, 22, 23, 24, 26, 27, 28, 29, 30]",0,0,730.3211061679177,2,25,21,23,[25],[21],True,True,True,True,True,[23],False,True,True,True,True,,
q4_0007_P4_diagnostic_v1_grid_v1/state=12/planner=diagnostic_v1,q4_0007_P4_diagnostic_v1_grid_v1,12,diagnostic_v1,76,5,"[315.6047003366424, 404.6759818098479]",/measure,"[315.6047003366424, 404.6759818098479]",0.2,31,4,27,False,27,False,False,"[0, 1, 2, 3, 4, 5, 6, 7, 8, 9, 10, 11, 12, 13, 14, 15, 16, 18, 19, 20, 21, 22, 24, 26, 27, 28, 30]",0,0,730.3211061679177,5,29,19,29,[29],[19],True,True,False,False,True,[29],False,False,False,True,True,,
q4_0007_P4_diagnostic_v1_grid_v1/state=13/planner=diagnostic_v1,q4_0007_P4_diagnostic_v1_grid_v1,13,diagnostic_v1,77,5,"[1387.5758200634143, -337.53699181207804]",/measure,"[1387.5758200634143, -337.53699181207804]",0.2,31,4,27,False,15,False,False,"[0, 1, 2, 3, 8, 9, 14, 15, 18, 20, 21, 24, 26, 27, 30]",0,0,82.49092734328397,12,23,25,4,[23],[25],True,True,True,True,True,[4],False,True,True,True,True,,
q4_0007_P4_diagnostic_v1_grid_v1/state=14/planner=q4_active,q4_0007_P4_diagnostic_v1_grid_v1,14,q4_active,79,1,"[922.3343022271514, -104.62614426302878]",/measure,"[922.3343022271514, -104.62614426302878]",0.2,15,15,0,True,15,True,True,"[0, 1, 2, 3, 4, 5, 6, 7, 8, 9, 10, 11, 12, 13, 14]",0,0,730.5195556558605,1,1,1,3,[1],[1],False,False,True,True,True,[3],False,True,True,,,False,
q4_0007_P4_diagnostic_v1_grid_v1/state=15/planner=q4_active,q4_0007_P4_diagnostic_v1_grid_v1,15,q4_active,80,1,"[1120.056636611179, 343.2699601852706]",/measure,"[1120.056636611179, 343.2699601852706]",0.2,15,15,0,False,13,False,False,"[0, 1, 3, 5, 6, 7, 8, 9, 10, 11, 12, 13, 14]",0,0,14.214693209343071,3,2,1,5,[2],[1],True,True,True,True,True,[5],False,True,True,,,False,
q4_0007_P4_diagnostic_v1_grid_v1/state=16/planner=q4_active,q4_0007_P4_diagnostic_v1_grid_v1,16,q4_active,82,14,"[33.0417439254507, -961.1419716888317]",/measure,"[33.0417439254507, -961.1419716888317]",0.2,15,15,0,True,15,True,True,"[0, 1, 2, 3, 4, 5, 6, 7, 8, 9, 10, 11, 12, 13, 14]",0,0,730.9054973627935,1,1,1,4,[1],[1],False,False,True,True,True,[4],False,True,True,,,False,
q4_0007_P4_diagnostic_v1_grid_v1/state=17/planner=q4_active,q4_0007_P4_diagnostic_v1_grid_v1,17,q4_active,84,13,"[-202.62209432736975, -1238.0444105343252]",/measure,"[-202.62209432736975, -1238.0444105343252]",0.2,15,15,0,True,15,True,True,"[0, 1, 2, 3, 4, 5, 6, 7, 8, 9, 10, 11, 12, 13, 14]",0,0,437.54783338405645,1,2,2,2,[2],[2],False,False,False,False,True,[2],False,False,False,,,False,
q4_0007_P4_diagnostic_v1_grid_v1/state=18/planner=q4_active,q4_0007_P4_diagnostic_v1_grid_v1,18,q4_active,85,13,"[-801.364163536243, -1433.7621755323194]",/measure,"[-801.364163536243, -1433.7621755323194]",0.2,15,15,0,False,12,False,False,"[0, 1, 3, 5, 6, 7, 9, 10, 11, 12, 13, 14]",0,0,2.688389896305903,3,2,1,0,[2],[1],True,True,True,True,True,[0],False,True,True,,,False,
q4_0007_P4_diagnostic_v1_grid_v1/state=19/planner=q4_active,q4_0007_P4_diagnostic_v1_grid_v1,19,q4_active,86,13,"[-801.364163536243, -1403.7621755323194]",/measure,"[-801.364163536243, -1403.7621755323194]",0.2,14,14,0,False,13,False,False,"[0, 1, 2, 3, 4, 5, 6, 8, 9, 10, 11, 12, 13]",0,0,2.688389896305903,2,7,0,8,[7],"[0, 1, 2, 3, 4, 5]",True,True,True,True,True,[8],False,True,True,,,False,
q4_0007_P4_diagnostic_v1_grid_v1/state=20/planner=q4_active,q4_0007_P4_diagnostic_v1_grid_v1,20,q4_active,100,6,"[-1662.7085398706222, -558.9417205743741]",/measure,"[-1662.7085398706222, -558.9417205743741]",0.2,15,15,0,True,14,False,True,"[0, 2, 3, 4, 5, 6, 7, 8, 9, 10, 11, 12, 13, 14]",0,0,36.56940539753498,1,2,2,13,[2],[2],False,False,True,True,True,[13],False,True,True,,,False,
q4_0007_P4_diagnostic_v1_grid_v1/state=21/planner=q4_active,q4_0007_P4_diagnostic_v1_grid_v1,21,q4_active,344,15,"[886.4005018362501, 793.0378505395978]",/measure,"[886.4005018362501, 793.0378505395978]",0.2,15,15,0,False,14,False,False,"[0, 1, 3, 4, 5, 6, 7, 8, 9, 10, 11, 12, 13, 14]",0,0,396.66003911552303,2,2,1,2,[2],[1],True,True,False,False,True,[2],False,False,False,,,False,
q4_0007_P4_diagnostic_v1_grid_v1/state=22/planner=q4_active,q4_0007_P4_diagnostic_v1_grid_v1,22,q4_active,345,15,"[916.9291543206, 1063.8710960330193]",/measure,"[916.9291543206, 1063.8710960330193]",0.2,15,15,0,False,9,False,False,"[0, 5, 6, 7, 8, 9, 10, 11, 12]",0,0,6.564077281725957,3,1,1,5,[1],[1],False,False,True,True,True,[5],False,True,True,,,False,
q4_0007_P4_diagnostic_v1_grid_v1_nccp/state=0/planner=q4_active,q4_0007_P4_diagnostic_v1_grid_v1_nccp,0,q4_active,41,10,"[-512.2143021069867, 642.9520849792434]",/measure,"[-512.2143021069867, 642.9520849792434]",0.2,15,15,0,False,13,False,False,"[0, 2, 4, 5, 6, 7, 8, 9, 10, 11, 12, 13, 14]",0,0,7.886826285186938,3,1,2,11,[1],[2],True,True,True,True,True,[11],False,True,True,,,False,
q4_0007_P4_diagnostic_v1_grid_v1_nccp/state=1/planner=q4_active,q4_0007_P4_diagnostic_v1_grid_v1_nccp,1,q4_active,42,10,"[-503.4275055425831, 621.738881543647]",/measure,"[-503.4275055425831, 621.738881543647]",0.2,14,14,0,True,14,True,True,"[0, 1, 2, 3, 4, 5, 6, 7, 8, 9, 10, 11, 12, 13]",0,0,7.886826285186938,1,4,4,11,[4],[4],False,False,True,True,True,[11],False,True,True,,,False,
q4_0007_P4_diagnostic_v1_grid_v1_nccp/state=2/planner=q4_active,q4_0007_P4_diagnostic_v1_grid_v1_nccp,2,q4_active,43,10,"[-462.67978634522035, 640.4918221992656]",/measure,"[-462.67978634522035, 640.4918221992656]",0.2,14,14,0,True,14,True,True,"[0, 1, 2, 3, 4, 5, 6, 7, 8, 9, 10, 11, 12, 13]",0,0,7.886826285186938,1,4,4,3,[4],[4],False,False,True,True,True,[3],False,True,True,,,False,
q4_0007_P4_diagnostic_v1_grid_v1_nccp/state=3/planner=q4_active,q4_0007_P4_diagnostic_v1_grid_v1_nccp,3,q4_active,65,7,"[-515.0260521740609, -492.9884418147372]",/measure,"[-515.0260521740609, -492.9884418147372]",0.2,15,15,0,True,15,True,True,"[0, 1, 2, 3, 4, 5, 6, 7, 8, 9, 10, 11, 12, 13, 14]",0,0,730.3329041149807,1,10,10,10,[10],[10],False,False,False,False,True,[10],False,False,False,,,False,
q4_0007_P4_diagnostic_v1_grid_v1_nccp/state=4/planner=diagnostic_v1,q4_0007_P4_diagnostic_v1_grid_v1_nccp,4,diagnostic_v1,66,7,"[-338.249356877424, -669.7651371113741]",/measure,"[-338.249356877424, -669.7651371113741]",0.2,31,4,27,False,30,False,False,"[0, 1, 2, 3, 4, 5, 6, 7, 8, 9, 10, 11, 12, 13, 14, 15, 16, 17, 18, 19, 20, 21, 22, 23, 24, 25, 26, 27, 28, 30]",0,0,730.3329041149807,2,29,10,0,[29],[10],True,True,True,True,True,[0],False,True,True,True,True,,
q4_0007_P4_diagnostic_v1_grid_v1_nccp/state=5/planner=diagnostic_v1,q4_0007_P4_diagnostic_v1_grid_v1_nccp,5,diagnostic_v1,67,7,"[109.39290740579548, -892.512534912992]",/measure,"[109.39290740579548, -892.512534912992]",0.2,20,4,16,True,20,True,True,"[0, 1, 2, 3, 4, 5, 6, 7, 8, 9, 10, 11, 12, 13, 14, 15, 16, 17, 18, 19]",0,0,730.3329041149807,1,0,0,14,"[0, 1, 2, 3]","[0, 1]",False,False,True,True,True,[14],False,True,True,True,True,,
q4_0007_P4_diagnostic_v1_grid_v1_nccp/state=6/planner=diagnostic_v1,q4_0007_P4_diagnostic_v1_grid_v1_nccp,6,diagnostic_v1,68,7,"[197.4181321864509, -154.43966601567558]",/measure,"[197.4181321864509, -154.43966601567558]",0.2,29,4,25,True,29,True,True,"[0, 1, 2, 3, 4, 5, 6, 7, 8, 9, 10, 11, 12, 13, 14, 15, 16, 17, 18, 19, 20, 21, 22, 23, 24, 25, 26, 27, 28]",0,0,730.3329041149807,1,14,14,28,"[14, 25]","[14, 25]",False,False,True,True,True,[28],False,True,True,True,True,,
q4_0007_P4_diagnostic_v1_grid_v1_nccp/state=7/planner=q4_active,q4_0007_P4_diagnostic_v1_grid_v1_nccp,7,q4_active,70,20,"[249.29727054205281, -572.9025085527325]",/measure,"[249.29727054205281, -572.9025085527325]",0.2,15,15,0,True,15,True,True,"[0, 1, 2, 3, 4, 5, 6, 7, 8, 9, 10, 11, 12, 13, 14]",0,0,730.2409449829479,1,1,1,3,[1],[1],False,False,True,True,True,[3],False,True,True,,,False,
q4_0007_P4_diagnostic_v1_grid_v1_nccp/state=8/planner=q4_active,q4_0007_P4_diagnostic_v1_grid_v1_nccp,8,q4_active,71,20,"[633.2307526391518, -670.1997278997653]",/measure,"[633.2307526391518, -670.1997278997653]",0.2,15,15,0,False,13,False,False,"[0, 1, 3, 5, 6, 7, 8, 9, 10, 11, 12, 13, 14]",0,0,19.997713823849953,2,1,1,12,[1],[1],False,False,True,True,True,[12],False,True,True,,,False,
q4_0007_P4_diagnostic_v1_grid_v1_nccp/state=9/planner=q4_active,q4_0007_P4_diagnostic_v1_grid_v1_nccp,9,q4_active,72,20,"[663.3854054694751, -625.6402082082467]",/measure,"[663.3854054694751, -625.6402082082467]",0.2,14,14,0,True,14,True,True,"[0, 1, 2, 3, 4, 5, 6, 7, 8, 9, 10, 11, 12, 13]",0,0,19.997713823849953,1,3,3,6,[3],[3],False,False,True,True,True,[6],False,True,True,,,False,
q4_0007_P4_diagnostic_v1_grid_v1_nccp/state=10/planner=q4_active,q4_0007_P4_diagnostic_v1_grid_v1_nccp,10,q4_active,74,5,"[611.3461984031898, -665.9662844307355]",/measure,"[611.3461984031898, -665.9662844307355]",0.2,15,15,0,True,15,True,True,"[0, 1, 2, 3, 4, 5, 6, 7, 8, 9, 10, 11, 12, 13, 14]",0,0,730.3211061679177,1,2,2,2,[2],[2],False,False,False,False,True,[2],False,False,False,,,False,
q4_0007_P4_diagnostic_v1_grid_v1_nccp/state=11/planner=diagnostic_v1,q4_0007_P4_diagnostic_v1_grid_v1_nccp,11,diagnostic_v1,75,5,"[175.50088113455462, -335.2076241204553]",/measure,"[175.50088113455462, -335.2076241204553]",0.2,31,4,27,False,30,False,False,"[0, 1, 2, 3, 4, 5, 6, 7, 8, 9, 10, 11, 12, 13, 14, 15, 16, 17, 18, 19, 20, 21, 22, 23, 24, 26, 27, 28, 29, 30]",0,0,730.3211061679177,2,25,21,23,[25],[21],True,True,True,True,True,[23],False,True,True,True,True,,
q4_0007_P4_diagnostic_v1_grid_v1_nccp/state=12/planner=diagnostic_v1,q4_0007_P4_diagnostic_v1_grid_v1_nccp,12,diagnostic_v1,76,5,"[314.0674439230836, 403.4668073212893]",/measure,"[314.0674439230836, 403.4668073212893]",0.2,31,4,27,False,27,False,False,"[0, 1, 2, 3, 4, 5, 6, 7, 8, 9, 10, 11, 12, 13, 14, 15, 16, 18, 19, 20, 21, 22, 24, 26, 27, 28, 30]",0,0,730.3211061679177,5,29,19,29,[29],[19],True,True,False,False,True,[29],False,False,False,True,True,,
q4_0007_P4_diagnostic_v1_grid_v1_nccp/state=13/planner=diagnostic_v1,q4_0007_P4_diagnostic_v1_grid_v1_nccp,13,diagnostic_v1,77,5,"[1387.563941233115, -337.53279480672137]",/measure,"[1387.563941233115, -337.53279480672137]",0.2,31,4,27,False,15,False,False,"[0, 1, 2, 3, 8, 9, 14, 15, 18, 20, 21, 24, 26, 27, 30]",0,0,82.50071701969387,12,23,25,4,[23],[25],True,True,True,True,True,[4],False,True,True,True,True,,
q4_0007_P4_diagnostic_v1_grid_v1_nccp/state=14/planner=q4_active,q4_0007_P4_diagnostic_v1_grid_v1_nccp,14,q4_active,79,1,"[923.2819449179, -103.54786788887805]",/measure,"[923.2819449179, -103.54786788887805]",0.2,15,15,0,True,15,True,True,"[0, 1, 2, 3, 4, 5, 6, 7, 8, 9, 10, 11, 12, 13, 14]",0,0,730.5195556558605,1,1,1,3,[1],[1],False,False,True,True,True,[3],False,True,True,,,False,
q4_0007_P4_diagnostic_v1_grid_v1_nccp/state=15/planner=q4_active,q4_0007_P4_diagnostic_v1_grid_v1_nccp,15,q4_active,80,1,"[1119.9492565519904, 343.25593258131795]",/measure,"[1119.9492565519904, 343.25593258131795]",0.2,15,15,0,False,13,False,False,"[0, 1, 3, 5, 6, 7, 8, 9, 10, 11, 12, 13, 14]",0,0,14.144008144749424,3,2,1,5,[2],[1],True,True,True,True,True,[5],False,True,True,,,False,
q4_0007_P4_diagnostic_v1_grid_v1_nccp/state=16/planner=q4_active,q4_0007_P4_diagnostic_v1_grid_v1_nccp,16,q4_active,82,14,"[34.99639007104366, -962.8426961393175]",/measure,"[34.99639007104366, -962.8426961393175]",0.2,15,15,0,True,15,True,True,"[0, 1, 2, 3, 4, 5, 6, 7, 8, 9, 10, 11, 12, 13, 14]",0,0,730.9054973627935,1,1,1,4,[1],[1],False,False,True,True,True,[4],False,True,True,,,False,
q4_0007_P4_diagnostic_v1_grid_v1_nccp/state=17/planner=q4_active,q4_0007_P4_diagnostic_v1_grid_v1_nccp,17,q4_active,84,13,"[-200.45179067214067, -1238.0084690444703]",/measure,"[-200.45179067214067, -1238.0084690444703]",0.2,15,15,0,True,15,True,True,"[0, 1, 2, 3, 4, 5, 6, 7, 8, 9, 10, 11, 12, 13, 14]",0,0,437.54783338405645,1,2,2,2,[2],[2],False,False,False,False,True,[2],False,False,False,,,False,
q4_0007_P4_diagnostic_v1_grid_v1_nccp/state=18/planner=q4_active,q4_0007_P4_diagnostic_v1_grid_v1_nccp,18,q4_active,85,13,"[-801.3778560375173, -1433.858672701401]",/measure,"[-801.3778560375173, -1433.858672701401]",0.2,15,15,0,False,12,False,False,"[0, 1, 3, 5, 6, 7, 9, 10, 11, 12, 13, 14]",0,0,2.708138667897849,3,2,1,0,[2],[1],True,True,True,True,True,[0],False,True,True,,,False,
q4_0007_P4_diagnostic_v1_grid_v1_nccp/state=19/planner=q4_active,q4_0007_P4_diagnostic_v1_grid_v1_nccp,19,q4_active,86,13,"[-801.3778560375173, -1403.858672701401]",/measure,"[-801.3778560375173, -1403.858672701401]",0.2,14,14,0,False,13,False,False,"[0, 1, 2, 3, 4, 5, 6, 8, 9, 10, 11, 12, 13]",0,0,2.708138667897849,2,7,0,8,[7],"[0, 1, 2, 3, 4, 5]",True,True,True,True,True,[8],False,True,True,,,False,
q4_0007_P4_diagnostic_v1_grid_v1_nccp/state=20/planner=q4_active,q4_0007_P4_diagnostic_v1_grid_v1_nccp,20,q4_active,100,6,"[-1662.7085398706222, -558.9417205743741]",/measure,"[-1662.7085398706222, -558.9417205743741]",0.2,15,15,0,True,14,False,True,"[0, 2, 3, 4, 5, 6, 7, 8, 9, 10, 11, 12, 13, 14]",0,0,36.56940539753498,1,2,2,13,[2],[2],False,False,True,True,True,[13],False,True,True,,,False,
q4_0007_P4_diagnostic_v1_grid_v1_nccp/state=21/planner=q4_active,q4_0007_P4_diagnostic_v1_grid_v1_nccp,21,q4_active,344,15,"[886.4005018362501, 793.0378505395978]",/measure,"[886.4005018362501, 793.0378505395978]",0.2,15,15,0,False,14,False,False,"[0, 1, 3, 4, 5, 6, 7, 8, 9, 10, 11, 12, 13, 14]",0,0,396.66003911552303,2,2,1,2,[2],[1],True,True,False,False,True,[2],False,False,False,,,False,
q4_0007_P4_diagnostic_v1_grid_v1_nccp/state=22/planner=q4_active,q4_0007_P4_diagnostic_v1_grid_v1_nccp,22,q4_active,345,15,"[916.9291543206, 1063.8710960330193]",/measure,"[916.9291543206, 1063.8710960330193]",0.2,15,15,0,False,9,False,False,"[0, 5, 6, 7, 8, 9, 10, 11, 12]",0,0,6.564077281725957,3,1,1,5,[1],[1],False,False,True,True,True,[5],False,True,True,,,False,
q4_0042_P4_diagnostic_v1_grid_v1/state=0/planner=q4_active,q4_0042_P4_diagnostic_v1_grid_v1,0,q4_active,41,12,"[-566.6849702885378, -280.00665598862673]",/measure,"[-566.6849702885378, -280.00665598862673]",0.2,15,15,0,True,15,True,True,"[0, 1, 2, 3, 4, 5, 6, 7, 8, 9, 10, 11, 12, 13, 14]",0,0,730.5952132698358,1,0,0,14,[0],[0],False,False,True,True,True,[14],False,True,True,,,False,
q4_0042_P4_diagnostic_v1_grid_v1/state=1/planner=q4_active,q4_0042_P4_diagnostic_v1_grid_v1,1,q4_active,202,18,"[-1263.088768721333, -116.47659055780917]",/measure,"[-1263.088768721333, -116.47659055780917]",0.2,15,15,0,False,11,False,False,"[0, 5, 6, 7, 8, 9, 10, 11, 12, 13, 14]",0,0,20.909803775277002,5,2,2,6,[2],[2],False,False,True,True,True,[6],False,True,True,,,False,
q4_0042_P4_diagnostic_v1_grid_v1/state=2/planner=diagnostic_v1,q4_0042_P4_diagnostic_v1_grid_v1,2,diagnostic_v1,204,12,"[-839.7333543456874, 590.1182649083926]",/measure,"[-839.7333543456874, 590.1182649083926]",0.2,31,4,27,True,31,True,True,"[0, 1, 2, 3, 4, 5, 6, 7, 8, 9, 10, 11, 12, 13, 14, 15, 16, 17, 18, 19, 20, 21, 22, 23, 24, 25, 26, 27, 28, 29, 30]",0,0,730.5952132698358,1,19,19,28,[19],[19],False,False,True,True,True,[28],False,True,True,True,True,,
q4_0042_P4_diagnostic_v1_grid_v1/state=3/planner=diagnostic_v1,q4_0042_P4_diagnostic_v1_grid_v1,3,diagnostic_v1,205,12,"[-98.24928436504854, 339.71584086871417]",/measure,"[-98.24928436504854, 339.71584086871417]",0.2,30,4,26,True,30,True,True,"[0, 1, 2, 3, 4, 5, 6, 7, 8, 9, 10, 11, 12, 13, 14, 15, 16, 17, 18, 19, 20, 21, 22, 23, 24, 25, 26, 27, 28, 29]",0,0,730.5952132698358,1,22,22,28,[22],[22],False,False,True,True,True,[28],False,True,True,True,True,,
q4_0042_P4_diagnostic_v1_grid_v1/state=4/planner=diagnostic_v1,q4_0042_P4_diagnostic_v1_grid_v1,4,diagnostic_v1,206,12,"[-469.4689531934015, -153.3248804462001]",/measure,"[-469.4689531934015, -153.3248804462001]",0.2,31,4,27,False,20,False,False,"[0, 1, 3, 4, 7, 9, 10, 12, 13, 15, 16, 18, 19, 21, 22, 24, 25, 27, 28, 30]",0,0,9.850889214039203,6,6,20,3,[6],[20],True,True,True,True,True,[3],False,True,True,True,True,,
q4_0042_P4_diagnostic_v1_grid_v1/state=5/planner=diagnostic_v1,q4_0042_P4_diagnostic_v1_grid_v1,5,diagnostic_v1,208,11,"[-445.83208620198786, 66.98807037422989]",/measure,"[-445.83208620198786, 66.98807037422989]",0.2,31,4,27,True,31,True,True,"[0, 1, 2, 3, 4, 5, 6, 7, 8, 9, 10, 11, 12, 13, 14, 15, 16, 17, 18, 19, 20, 21, 22, 23, 24, 25, 26, 27, 28, 29, 30]",0,0,730.8376119435025,1,8,8,14,[8],[8],False,False,True,True,True,[14],False,True,True,True,True,,
q4_0042_P4_diagnostic_v1_grid_v1/state=6/planner=diagnostic_v1,q4_0042_P4_diagnostic_v1_grid_v1,6,diagnostic_v1,209,11,"[-651.8041087812575, 408.27455484261475]",/measure,"[-651.8041087812575, 408.27455484261475]",0.2,31,4,27,True,30,False,True,"[0, 1, 2, 3, 4, 5, 6, 7, 8, 9, 10, 11, 12, 13, 14, 15, 16, 17, 18, 19, 20, 21, 22, 23, 24, 25, 27, 28, 29, 30]",0,0,504.9807655864814,1,20,20,18,[20],[20],False,False,True,True,True,[18],False,True,True,True,True,,
q4_0042_P4_diagnostic_v1_grid_v1/state=7/planner=diagnostic_v1,q4_0042_P4_diagnostic_v1_grid_v1,7,diagnostic_v1,211,17,"[-947.2170472933859, 445.23353274772927]",/measure,"[-947.2170472933859, 445.23353274772927]",0.2,31,4,27,True,31,True,True,"[0, 1, 2, 3, 4, 5, 6, 7, 8, 9, 10, 11, 12, 13, 14, 15, 16, 17, 18, 19, 20, 21, 22, 23, 24, 25, 26, 27, 28, 29, 30]",0,0,730.9054973627947,1,26,26,11,[26],[26],False,False,True,True,True,[11],False,True,True,True,True,,
q4_0042_P4_diagnostic_v1_grid_v1/state=8/planner=diagnostic_v1,q4_0042_P4_diagnostic_v1_grid_v1,8,diagnostic_v1,212,17,"[-437.2065004655476, 764.7203022982249]",/measure,"[-437.2065004655476, 764.7203022982249]",0.2,31,4,27,False,29,False,False,"[0, 1, 2, 3, 4, 5, 6, 7, 8, 9, 10, 11, 12, 13, 14, 15, 16, 17, 18, 19, 21, 22, 23, 24, 25, 27, 28, 29, 30]",0,0,730.9054973627947,3,20,5,16,[20],"[5, 6]",True,True,True,True,True,[16],False,True,True,True,True,,
q4_0042_P4_diagnostic_v1_grid_v1/state=9/planner=diagnostic_v1,q4_0042_P4_diagnostic_v1_grid_v1,9,diagnostic_v1,213,17,"[-687.3373424780402, 1215.664919722292]",/measure,"[-687.3373424780402, 1215.664919722292]",0.2,31,4,27,False,15,False,False,"[0, 1, 3, 7, 9, 11, 13, 15, 17, 19, 21, 23, 25, 27, 29]",0,0,27.906535551779196,5,12,20,4,[12],[20],True,True,True,True,True,[4],False,True,True,True,True,,
q4_0042_P4_diagnostic_v1_grid_v1/state=10/planner=q4_active,q4_0042_P4_diagnostic_v1_grid_v1,10,q4_active,311,2,"[-707.3231294660543, 1421.4472128929187]",/measure,"[-707.3231294660543, 1421.4472128929187]",0.2,15,15,0,False,13,False,False,"[0, 2, 4, 5, 6, 7, 8, 9, 10, 11, 12, 13, 14]",0,0,18.685227689651153,3,1,2,6,[1],[2],True,True,True,True,True,[6],False,True,True,,,False,
q4_0042_P4_diagnostic_v1_grid_v1/state=11/planner=q4_active,q4_0042_P4_diagnostic_v1_grid_v1,11,q4_active,313,3,"[-583.4376999468201, 1120.6165809405654]",/measure,"[-583.4376999468201, 1120.6165809405654]",0.2,15,15,0,False,11,False,False,"[0, 5, 6, 7, 8, 9, 10, 11, 12, 13, 14]",0,0,45.30382637156055,5,2,2,2,[2],[2],False,False,False,False,True,[2],False,False,False,,,False,
q4_0042_P4_diagnostic_v1_grid_v1/state=12/planner=q4_active,q4_0042_P4_diagnostic_v1_grid_v1,12,q4_active,314,3,"[-423.5691310391245, 669.8848025990499]",/measure,"[-423.5691310391245, 669.8848025990499]",0.2,15,15,0,False,9,False,False,"[0, 5, 6, 7, 8, 11, 12, 13, 14]",0,0,2.544805831569306,5,2,2,8,[2],[2],False,False,True,True,True,[8],False,True,True,,,False,
q4_0042_P4_diagnostic_v1_grid_v1/state=13/planner=q4_active,q4_0042_P4_diagnostic_v1_grid_v1,13,q4_active,358,5,"[-557.9429262707681, 1399.2731657697984]",/measure,"[-557.9429262707681, 1399.2731657697984]",0.2,15,15,0,True,15,True,True,"[0, 1, 2, 3, 4, 5, 6, 7, 8, 9, 10, 11, 12, 13, 14]",0,0,520.5302014297584,1,10,10,9,[10],[10],False,False,True,True,True,[9],False,True,True,,,False,
q4_0042_P4_diagnostic_v1_grid_v1/state=14/planner=q4_active,q4_0042_P4_diagnostic_v1_grid_v1,14,q4_active,359,5,"[-381.1662309741312, 1326.0498610664354]",/measure,"[-381.1662309741312, 1326.0498610664354]",0.2,14,14,0,True,14,True,True,"[0, 1, 2, 3, 4, 5, 6, 7, 8, 9, 10, 11, 12, 13]",0,0,520.5302014297584,1,1,1,8,[1],[1],False,False,True,True,True,[8],False,True,True,,,False,
q4_0042_P4_diagnostic_v1_grid_v1/state=15/planner=q4_active,q4_0042_P4_diagnostic_v1_grid_v1,15,q4_active,452,6,"[1456.1220136126838, 395.9029685285598]",/measure,"[1456.1220136126838, 395.9029685285598]",0.2,15,15,0,False,12,False,False,"[0, 3, 5, 6, 7, 8, 9, 10, 11, 12, 13, 14]",0,0,46.64893007519362,4,1,1,12,[1],[1],False,False,True,True,True,[12],False,True,True,,,False,
q4_0042_P4_diagnostic_v1_grid_v1/state=16/planner=q4_active,q4_0042_P4_diagnostic_v1_grid_v1,16,q4_active,467,10,"[582.4562667992395, -553.5083941821372]",/measure,"[582.4562667992395, -553.5083941821372]",0.2,15,15,0,False,11,False,False,"[0, 5, 6, 7, 8, 9, 10, 11, 12, 13, 14]",0,0,5.634177686532514,2,2,2,11,[2],[2],False,False,True,True,True,[11],False,True,True,,,False,
q4_0042_P4_diagnostic_v1_grid_v1/state=17/planner=diagnostic_v1,q4_0042_P4_diagnostic_v1_grid_v1,17,diagnostic_v1,499,20,"[437.6016047232548, -1948.293768495834]",/measure,"[437.6016047232548, -1948.293768495834]",0.2,31,4,27,False,27,False,False,"[0, 1, 2, 3, 4, 5, 6, 7, 8, 9, 10, 11, 12, 13, 14, 15, 16, 17, 18, 19, 20, 22, 23, 25, 26, 28, 29]",0,0,357.0633733444695,5,21,16,15,[21],[16],True,True,True,True,True,[15],False,True,True,True,True,,
q4_0042_P4_diagnostic_v1_grid_v1/state=18/planner=diagnostic_v1,q4_0042_P4_diagnostic_v1_grid_v1,18,diagnostic_v1,500,20,"[485.62271467207455, -1652.7005420851658]",/measure,"[485.62271467207455, -1652.7005420851658]",0.2,31,4,27,False,19,False,False,"[0, 1, 3, 4, 7, 9, 10, 13, 15, 16, 19, 21, 22, 24, 25, 27, 28, 29, 30]",0,0,3.041304402691196,2,14,14,4,[14],[14],False,False,True,True,True,[4],False,True,True,True,True,,
q4_0042_P4_diagnostic_v1_grid_v1/state=19/planner=q4_active,q4_0042_P4_diagnostic_v1_grid_v1,19,q4_active,529,7,"[925.6607077497509, -1376.8272948292797]",/measure,"[925.6607077497509, -1376.8272948292797]",0.2,15,15,0,True,15,True,True,"[0, 1, 2, 3, 4, 5, 6, 7, 8, 9, 10, 11, 12, 13, 14]",0,0,482.3358631890685,1,12,12,13,[12],[12],False,False,True,True,True,[13],False,True,True,,,False,
q4_0042_P4_diagnostic_v1_grid_v1/state=20/planner=q4_active,q4_0042_P4_diagnostic_v1_grid_v1,20,q4_active,539,7,"[1013.9523705640358, -823.7662789782416]",/measure,"[1013.9523705640358, -823.7662789782416]",0.2,15,15,0,False,8,False,False,"[0, 6, 8, 9, 10, 11, 12, 13]",0,0,11.084056554670063,5,1,1,7,[1],[1],False,False,True,True,True,[7],False,True,True,,,False,
q4_0042_P4_diagnostic_v1_grid_v1/state=21/planner=q4_active,q4_0042_P4_diagnostic_v1_grid_v1,21,q4_active,541,8,"[1618.5575831441633, -686.4883201867433]",/measure,"[1618.5575831441633, -686.4883201867433]",0.2,15,15,0,True,15,True,True,"[0, 1, 2, 3, 4, 5, 6, 7, 8, 9, 10, 11, 12, 13, 14]",0,0,590.5470461789289,1,2,2,14,[2],[2],False,False,True,True,True,[14],False,True,True,,,False,
q4_0042_P4_diagnostic_v1_grid_v1/state=22/planner=diagnostic_v1,q4_0042_P4_diagnostic_v1_grid_v1,22,diagnostic_v1,543,16,"[1540.7592312886043, -378.4901997348747]",/measure,"[1540.7592312886043, -378.4901997348747]",0.2,31,4,27,False,27,False,False,"[0, 1, 2, 3, 4, 6, 7, 8, 9, 10, 12, 13, 14, 15, 16, 18, 19, 20, 21, 22, 24, 25, 26, 27, 28, 29, 30]",0,0,730.3744904214848,5,5,22,22,[5],[22],True,True,True,True,True,[22],False,True,True,True,True,,
q4_0042_P4_diagnostic_v1_grid_v1_nccp/state=0/planner=q4_active,q4_0042_P4_diagnostic_v1_grid_v1_nccp,0,q4_active,41,12,"[-566.6849702885378, -280.00665598862673]",/measure,"[-566.6849702885378, -280.00665598862673]",0.2,15,15,0,True,15,True,True,"[0, 1, 2, 3, 4, 5, 6, 7, 8, 9, 10, 11, 12, 13, 14]",0,0,730.5952132698358,1,0,0,14,[0],[0],False,False,True,True,True,[14],False,True,True,,,False,
q4_0042_P4_diagnostic_v1_grid_v1_nccp/state=1/planner=q4_active,q4_0042_P4_diagnostic_v1_grid_v1_nccp,1,q4_active,202,18,"[-1263.088768721333, -116.47659055780917]",/measure,"[-1263.088768721333, -116.47659055780917]",0.2,15,15,0,False,11,False,False,"[0, 5, 6, 7, 8, 9, 10, 11, 12, 13, 14]",0,0,20.909803775277002,5,2,2,6,[2],[2],False,False,True,True,True,[6],False,True,True,,,False,
q4_0042_P4_diagnostic_v1_grid_v1_nccp/state=2/planner=diagnostic_v1,q4_0042_P4_diagnostic_v1_grid_v1_nccp,2,diagnostic_v1,204,12,"[-839.7333543456874, 590.1182649083926]",/measure,"[-839.7333543456874, 590.1182649083926]",0.2,31,4,27,True,31,True,True,"[0, 1, 2, 3, 4, 5, 6, 7, 8, 9, 10, 11, 12, 13, 14, 15, 16, 17, 18, 19, 20, 21, 22, 23, 24, 25, 26, 27, 28, 29, 30]",0,0,730.5952132698358,1,19,19,28,[19],[19],False,False,True,True,True,[28],False,True,True,True,True,,
q4_0042_P4_diagnostic_v1_grid_v1_nccp/state=3/planner=diagnostic_v1,q4_0042_P4_diagnostic_v1_grid_v1_nccp,3,diagnostic_v1,205,12,"[-98.24928436504854, 339.71584086871417]",/measure,"[-98.24928436504854, 339.71584086871417]",0.2,30,4,26,True,30,True,True,"[0, 1, 2, 3, 4, 5, 6, 7, 8, 9, 10, 11, 12, 13, 14, 15, 16, 17, 18, 19, 20, 21, 22, 23, 24, 25, 26, 27, 28, 29]",0,0,730.5952132698358,1,22,22,28,[22],[22],False,False,True,True,True,[28],False,True,True,True,True,,
q4_0042_P4_diagnostic_v1_grid_v1_nccp/state=4/planner=diagnostic_v1,q4_0042_P4_diagnostic_v1_grid_v1_nccp,4,diagnostic_v1,206,12,"[-469.4689531934015, -153.3248804462001]",/measure,"[-469.4689531934015, -153.3248804462001]",0.2,31,4,27,False,20,False,False,"[0, 1, 3, 4, 7, 9, 10, 12, 13, 15, 16, 18, 19, 21, 22, 24, 25, 27, 28, 30]",0,0,9.850889214039203,6,6,20,3,[6],[20],True,True,True,True,True,[3],False,True,True,True,True,,
q4_0042_P4_diagnostic_v1_grid_v1_nccp/state=5/planner=diagnostic_v1,q4_0042_P4_diagnostic_v1_grid_v1_nccp,5,diagnostic_v1,208,11,"[-500.9713640730221, 173.43323305317503]",/measure,"[-500.9713640730221, 173.43323305317503]",0.2,31,4,27,True,31,True,True,"[0, 1, 2, 3, 4, 5, 6, 7, 8, 9, 10, 11, 12, 13, 14, 15, 16, 17, 18, 19, 20, 21, 22, 23, 24, 25, 26, 27, 28, 29, 30]",0,0,730.8376119435025,1,14,14,12,[14],[14],False,False,True,True,True,[12],False,True,True,True,True,,
q4_0042_P4_diagnostic_v1_grid_v1_nccp/state=6/planner=diagnostic_v1,q4_0042_P4_diagnostic_v1_grid_v1_nccp,6,diagnostic_v1,209,11,"[-647.5463958770501, 248.4560957018622]",/measure,"[-647.5463958770501, 248.4560957018622]",0.2,31,4,27,False,21,False,False,"[0, 1, 3, 4, 5, 7, 9, 10, 11, 13, 15, 16, 17, 19, 21, 22, 23, 25, 27, 28, 29]",0,0,32.14771559995229,2,6,14,6,[6],[14],True,True,False,False,True,[6],False,False,False,True,True,,
q4_0042_P4_diagnostic_v1_grid_v1_nccp/state=7/planner=diagnostic_v1,q4_0042_P4_diagnostic_v1_grid_v1_nccp,7,diagnostic_v1,211,17,"[-943.9475959107255, 446.95451782945946]",/measure,"[-943.9475959107255, 446.95451782945946]",0.2,31,4,27,True,31,True,True,"[0, 1, 2, 3, 4, 5, 6, 7, 8, 9, 10, 11, 12, 13, 14, 15, 16, 17, 18, 19, 20, 21, 22, 23, 24, 25, 26, 27, 28, 29, 30]",0,0,730.9054973627947,1,26,26,11,[26],[26],False,False,True,True,True,[11],False,True,True,True,True,,
q4_0042_P4_diagnostic_v1_grid_v1_nccp/state=8/planner=diagnostic_v1,q4_0042_P4_diagnostic_v1_grid_v1_nccp,8,diagnostic_v1,212,17,"[-437.2065004655476, 764.7203022982249]",/measure,"[-437.2065004655476, 764.7203022982249]",0.2,31,4,27,False,29,False,False,"[0, 1, 2, 3, 4, 5, 6, 7, 8, 9, 10, 11, 12, 13, 14, 15, 16, 17, 18, 19, 21, 22, 23, 24, 25, 27, 28, 29, 30]",0,0,730.9054973627947,3,20,6,16,[20],[6],True,True,True,True,True,[16],False,True,True,True,True,,
q4_0042_P4_diagnostic_v1_grid_v1_nccp/state=9/planner=diagnostic_v1,q4_0042_P4_diagnostic_v1_grid_v1_nccp,9,diagnostic_v1,213,17,"[-687.3373424780402, 1215.664919722292]",/measure,"[-687.3373424780402, 1215.664919722292]",0.2,31,4,27,False,15,False,False,"[0, 1, 3, 7, 9, 11, 13, 15, 17, 19, 21, 23, 25, 27, 29]",0,0,27.906535551779196,5,12,20,4,[12],[20],True,True,True,True,True,[4],False,True,True,True,True,,
q4_0042_P4_diagnostic_v1_grid_v1_nccp/state=10/planner=q4_active,q4_0042_P4_diagnostic_v1_grid_v1_nccp,10,q4_active,311,2,"[-707.3231294660543, 1421.4472128929187]",/measure,"[-707.3231294660543, 1421.4472128929187]",0.2,15,15,0,False,13,False,False,"[0, 2, 4, 5, 6, 7, 8, 9, 10, 11, 12, 13, 14]",0,0,18.685227689651153,3,1,2,6,[1],[2],True,True,True,True,True,[6],False,True,True,,,False,
q4_0042_P4_diagnostic_v1_grid_v1_nccp/state=11/planner=q4_active,q4_0042_P4_diagnostic_v1_grid_v1_nccp,11,q4_active,313,3,"[-583.9907408629429, 1125.1493888785103]",/measure,"[-583.9907408629429, 1125.1493888785103]",0.2,15,15,0,False,11,False,False,"[0, 5, 6, 7, 8, 9, 10, 11, 12, 13, 14]",0,0,45.30382637156055,5,2,2,2,[2],[2],False,False,False,False,True,[2],False,False,False,,,False,
q4_0042_P4_diagnostic_v1_grid_v1_nccp/state=12/planner=q4_active,q4_0042_P4_diagnostic_v1_grid_v1_nccp,12,q4_active,314,3,"[-423.5151325077148, 669.8809738866798]",/measure,"[-423.5151325077148, 669.8809738866798]",0.2,15,15,0,False,9,False,False,"[0, 5, 6, 7, 8, 11, 12, 13, 14]",0,0,2.581356213424023,5,2,2,8,[2],[2],False,False,True,True,True,[8],False,True,True,,,False,
q4_0042_P4_diagnostic_v1_grid_v1_nccp/state=13/planner=q4_active,q4_0042_P4_diagnostic_v1_grid_v1_nccp,13,q4_active,358,5,"[-557.9429262707681, 1399.2731657697984]",/measure,"[-557.9429262707681, 1399.2731657697984]",0.2,15,15,0,True,15,True,True,"[0, 1, 2, 3, 4, 5, 6, 7, 8, 9, 10, 11, 12, 13, 14]",0,0,520.5302014297584,1,10,10,9,[10],[10],False,False,True,True,True,[9],False,True,True,,,False,
q4_0042_P4_diagnostic_v1_grid_v1_nccp/state=14/planner=q4_active,q4_0042_P4_diagnostic_v1_grid_v1_nccp,14,q4_active,359,5,"[-381.1662309741312, 1326.0498610664354]",/measure,"[-381.1662309741312, 1326.0498610664354]",0.2,14,14,0,True,14,True,True,"[0, 1, 2, 3, 4, 5, 6, 7, 8, 9, 10, 11, 12, 13]",0,0,520.5302014297584,1,1,1,8,[1],[1],False,False,True,True,True,[8],False,True,True,,,False,
q4_0042_P4_diagnostic_v1_grid_v1_nccp/state=15/planner=q4_active,q4_0042_P4_diagnostic_v1_grid_v1_nccp,15,q4_active,452,6,"[1456.1220136126838, 395.9029685285598]",/measure,"[1456.1220136126838, 395.9029685285598]",0.2,15,15,0,False,12,False,False,"[0, 3, 5, 6, 7, 8, 9, 10, 11, 12, 13, 14]",0,0,46.64893007519362,4,1,1,12,[1],[1],False,False,True,True,True,[12],False,True,True,,,False,
q4_0042_P4_diagnostic_v1_grid_v1_nccp/state=16/planner=q4_active,q4_0042_P4_diagnostic_v1_grid_v1_nccp,16,q4_active,467,10,"[582.4562667992395, -553.5083941821372]",/measure,"[582.4562667992395, -553.5083941821372]",0.2,15,15,0,False,11,False,False,"[0, 5, 6, 7, 8, 9, 10, 11, 12, 13, 14]",0,0,5.634177686532514,2,2,2,11,[2],[2],False,False,True,True,True,[11],False,True,True,,,False,
q4_0042_P4_diagnostic_v1_grid_v1_nccp/state=17/planner=diagnostic_v1,q4_0042_P4_diagnostic_v1_grid_v1_nccp,17,diagnostic_v1,499,20,"[437.6016047232548, -1948.293768495834]",/measure,"[437.6016047232548, -1948.293768495834]",0.2,31,4,27,False,27,False,False,"[0, 1, 2, 3, 4, 5, 6, 7, 8, 9, 10, 11, 12, 13, 14, 15, 16, 17, 18, 19, 20, 22, 23, 25, 26, 28, 29]",0,0,357.0633733444695,5,21,16,15,[21],[16],True,True,True,True,True,[15],False,True,True,True,True,,
q4_0042_P4_diagnostic_v1_grid_v1_nccp/state=18/planner=diagnostic_v1,q4_0042_P4_diagnostic_v1_grid_v1_nccp,18,diagnostic_v1,500,20,"[485.62271467207455, -1652.7005420851658]",/measure,"[485.62271467207455, -1652.7005420851658]",0.2,31,4,27,False,19,False,False,"[0, 1, 3, 4, 7, 9, 10, 13, 15, 16, 19, 21, 22, 24, 25, 27, 28, 29, 30]",0,0,3.041304402691196,2,14,14,4,[14],[14],False,False,True,True,True,[4],False,True,True,True,True,,
q4_0042_P4_diagnostic_v1_grid_v1_nccp/state=19/planner=q4_active,q4_0042_P4_diagnostic_v1_grid_v1_nccp,19,q4_active,529,7,"[925.6607077497509, -1376.8272948292797]",/measure,"[925.6607077497509, -1376.8272948292797]",0.2,15,15,0,True,15,True,True,"[0, 1, 2, 3, 4, 5, 6, 7, 8, 9, 10, 11, 12, 13, 14]",0,0,482.3358631890685,1,12,12,13,[12],[12],False,False,True,True,True,[13],False,True,True,,,False,
q4_0042_P4_diagnostic_v1_grid_v1_nccp/state=20/planner=q4_active,q4_0042_P4_diagnostic_v1_grid_v1_nccp,20,q4_active,539,7,"[1013.9523705640358, -823.7662789782416]",/measure,"[1013.9523705640358, -823.7662789782416]",0.2,15,15,0,False,8,False,False,"[0, 6, 8, 9, 10, 11, 12, 13]",0,0,11.084056554670063,5,1,1,7,[1],[1],False,False,True,True,True,[7],False,True,True,,,False,
q4_0042_P4_diagnostic_v1_grid_v1_nccp/state=21/planner=q4_active,q4_0042_P4_diagnostic_v1_grid_v1_nccp,21,q4_active,541,8,"[1618.5575831441633, -686.4883201867433]",/measure,"[1618.5575831441633, -686.4883201867433]",0.2,15,15,0,True,15,True,True,"[0, 1, 2, 3, 4, 5, 6, 7, 8, 9, 10, 11, 12, 13, 14]",0,0,590.5470461789289,1,2,2,14,[2],[2],False,False,True,True,True,[14],False,True,True,,,False,
q4_0042_P4_diagnostic_v1_grid_v1_nccp/state=22/planner=diagnostic_v1,q4_0042_P4_diagnostic_v1_grid_v1_nccp,22,diagnostic_v1,543,16,"[1540.7592312886043, -378.4901997348747]",/measure,"[1540.7592312886043, -378.4901997348747]",0.2,31,4,27,False,27,False,False,"[0, 1, 2, 3, 4, 6, 7, 8, 9, 10, 12, 13, 14, 15, 16, 18, 19, 20, 21, 22, 24, 25, 26, 27, 28, 29, 30]",0,0,730.3744904214848,5,5,22,22,[5],[22],True,True,True,True,True,[22],False,True,True,True,True,,
q4_0061_P4_diagnostic_v1_grid_v1/state=0/planner=q4_active,q4_0061_P4_diagnostic_v1_grid_v1,0,q4_active,41,1,"[-906.8192803881141, -475.66411121006354]",/measure,"[-906.8192803881141, -475.66411121006354]",0.2,15,15,0,False,13,False,False,"[0, 1, 3, 5, 6, 7, 8, 9, 10, 11, 12, 13, 14]",0,0,19.594746313783933,3,2,1,10,[2],[1],True,True,True,True,True,[10],False,True,True,,,False,
q4_0061_P4_diagnostic_v1_grid_v1/state=1/planner=q4_active,q4_0061_P4_diagnostic_v1_grid_v1,1,q4_active,43,12,"[-844.0113885651654, -668.1642646615488]",/measure,"[-844.0113885651654, -668.1642646615488]",0.2,15,15,0,True,15,True,True,"[0, 1, 2, 3, 4, 5, 6, 7, 8, 9, 10, 11, 12, 13, 14]",0,0,38.67153164294713,1,1,1,1,[1],[1],False,False,False,False,True,[1],False,False,False,,,False,
q4_0061_P4_diagnostic_v1_grid_v1/state=2/planner=q4_active,q4_0061_P4_diagnostic_v1_grid_v1,2,q4_active,44,12,"[-683.8232831136415, -886.7140072246225]",/measure,"[-683.8232831136415, -886.7140072246225]",0.2,15,15,0,False,12,False,False,"[0, 1, 3, 5, 6, 7, 8, 10, 11, 12, 13, 14]",0,0,0.4220621308818657,2,1,1,8,[1],[1],False,False,True,True,True,[8],False,True,True,,,False,
q4_0061_P4_diagnostic_v1_grid_v1/state=3/planner=q4_active,q4_0061_P4_diagnostic_v1_grid_v1,3,q4_active,64,11,"[-1083.074673808917, -932.4283901850642]",/measure,"[-1083.074673808917, -932.4283901850642]",0.2,15,15,0,False,13,False,False,"[0, 1, 3, 5, 6, 7, 8, 9, 10, 11, 12, 13, 14]",0,0,23.77166480077118,2,1,1,10,[1],[1],False,False,True,True,True,[10],False,True,True,,,False,
q4_0061_P4_diagnostic_v1_grid_v1/state=4/planner=q4_active,q4_0061_P4_diagnostic_v1_grid_v1,4,q4_active,66,2,"[-1158.6608136318682, -1121.1874308463414]",/measure,"[-1158.6608136318682, -1121.1874308463414]",0.2,15,15,0,True,15,True,True,"[0, 1, 2, 3, 4, 5, 6, 7, 8, 9, 10, 11, 12, 13, 14]",0,0,53.44198952417267,1,2,2,7,[2],[2],False,False,True,True,True,[7],False,True,True,,,False,
q4_0061_P4_diagnostic_v1_grid_v1/state=5/planner=diagnostic_v1,q4_0061_P4_diagnostic_v1_grid_v1,5,diagnostic_v1,117,7,"[371.2410183865879, -511.4796125386186]",/measure,"[371.2410183865879, -511.4796125386186]",0.2,31,4,27,False,30,False,False,"[0, 1, 2, 3, 4, 5, 6, 7, 8, 9, 10, 11, 12, 13, 14, 15, 16, 17, 18, 19, 20, 21, 22, 23, 24, 25, 27, 28, 29, 30]",0,0,730.9038884762365,2,26,6,6,[26],[6],True,True,True,True,True,[6],False,True,True,True,True,,
q4_0061_P4_diagnostic_v1_grid_v1/state=6/planner=diagnostic_v1,q4_0061_P4_diagnostic_v1_grid_v1,6,diagnostic_v1,118,7,"[892.5914306268692, 130.9033455585316]",/measure,"[892.5914306268692, 130.9033455585316]",0.2,31,4,27,False,28,False,False,"[0, 1, 2, 3, 4, 5, 6, 7, 8, 9, 10, 11, 12, 13, 14, 15, 16, 17, 18, 19, 20, 21, 22, 24, 25, 27, 28, 30]",0,0,730.9038884762365,4,29,16,21,[29],[16],True,True,True,True,True,[21],False,True,True,True,True,,
q4_0061_P4_diagnostic_v1_grid_v1/state=7/planner=diagnostic_v1,q4_0061_P4_diagnostic_v1_grid_v1,7,diagnostic_v1,119,7,"[333.7074780533859, 118.70795479642351]",/measure,"[333.7074780533859, 118.70795479642351]",0.2,30,4,26,False,27,False,False,"[0, 1, 2, 3, 4, 5, 6, 7, 8, 9, 10, 11, 12, 13, 14, 15, 16, 17, 18, 19, 21, 22, 23, 24, 26, 27, 28]",0,0,730.9038884762365,4,29,15,23,[29],[15],True,True,True,True,True,[23],False,True,True,True,True,,
q4_0061_P4_diagnostic_v1_grid_v1/state=8/planner=diagnostic_v1,q4_0061_P4_diagnostic_v1_grid_v1,8,diagnostic_v1,121,8,"[524.3405880635647, 283.66701611688893]",/measure,"[524.3405880635647, 283.66701611688893]",0.2,31,4,27,True,31,True,True,"[0, 1, 2, 3, 4, 5, 6, 7, 8, 9, 10, 11, 12, 13, 14, 15, 16, 17, 18, 19, 20, 21, 22, 23, 24, 25, 26, 27, 28, 29, 30]",0,0,730.5318069805824,1,26,26,12,[26],[26],False,False,True,True,True,[12],False,True,True,True,True,,
q4_0061_P4_diagnostic_v1_grid_v1/state=9/planner=diagnostic_v1,q4_0061_P4_diagnostic_v1_grid_v1,9,diagnostic_v1,122,8,"[532.361359067564, 1101.8410466580565]",/measure,"[532.361359067564, 1101.8410466580565]",0.2,31,4,27,False,24,False,False,"[0, 1, 3, 4, 6, 7, 9, 10, 12, 13, 15, 16, 17, 18, 19, 21, 22, 23, 24, 25, 27, 28, 29, 30]",0,0,54.06510552024491,2,11,26,4,[11],[26],True,True,True,True,True,[4],False,True,True,True,True,,
q4_0061_P4_diagnostic_v1_grid_v1/state=10/planner=diagnostic_v1,q4_0061_P4_diagnostic_v1_grid_v1,10,diagnostic_v1,123,8,"[333.1083015729786, 1119.1100674484608]",/measure,"[333.1083015729786, 1119.1100674484608]",0.2,30,4,26,False,22,False,False,"[0, 1, 3, 4, 5, 6, 8, 9, 10, 11, 12, 14, 15, 17, 18, 20, 21, 23, 24, 26, 27, 29]",0,0,54.06510552024491,2,16,0,3,[16],[0],True,True,True,True,True,[3],False,True,True,True,True,,
q4_0061_P4_diagnostic_v1_grid_v1/state=11/planner=q4_active,q4_0061_P4_diagnostic_v1_grid_v1,11,q4_active,220,3,"[-1351.679324361111, 234.9221780907736]",/measure,"[-1351.679324361111, 234.9221780907736]",0.2,15,15,0,True,15,True,True,"[0, 1, 2, 3, 4, 5, 6, 7, 8, 9, 10, 11, 12, 13, 14]",0,0,578.638265358928,1,12,12,2,[12],[12],False,False,True,True,True,[2],False,True,True,,,False,
q4_0061_P4_diagnostic_v1_grid_v1/state=12/planner=q4_active,q4_0061_P4_diagnostic_v1_grid_v1,12,q4_active,221,3,"[-1521.4275059680187, 125.93030524891428]",/measure,"[-1521.4275059680187, 125.93030524891428]",0.2,15,15,0,False,9,False,False,"[0, 1, 3, 5, 7, 11, 12, 13, 14]",0,0,7.593956852880737,3,2,2,6,[2],[2],False,False,True,True,True,[6],False,True,True,,,False,
q4_0061_P4_diagnostic_v1_grid_v1/state=13/planner=q4_active,q4_0061_P4_diagnostic_v1_grid_v1,13,q4_active,307,15,"[-659.5684413234425, 1451.2413730779372]",/measure,"[-659.5684413234425, 1451.2413730779372]",0.2,15,15,0,False,14,False,False,"[0, 1, 3, 4, 5, 6, 7, 8, 9, 10, 11, 12, 13, 14]",0,0,110.54431468667443,2,2,1,2,[2],"[1, 2]",True,False,False,False,True,[2],False,False,False,,,False,
q4_0061_P4_diagnostic_v1_grid_v1/state=14/planner=q4_active,q4_0061_P4_diagnostic_v1_grid_v1,14,q4_active,308,15,"[-650.6544630589856, 1510.7555699982395]",/measure,"[-650.6544630589856, 1510.7555699982395]",0.2,15,15,0,False,12,False,False,"[0, 2, 4, 5, 6, 7, 8, 9, 10, 11, 12, 13]",0,0,0.6269009209640366,2,1,1,1,[1],[1],False,False,False,False,True,[1],False,False,False,,,False,
q4_0061_P4_diagnostic_v1_grid_v1/state=15/planner=q4_active,q4_0061_P4_diagnostic_v1_grid_v1,15,q4_active,321,14,"[-452.2999473440489, 716.9698456754126]",/measure,"[-452.2999473440489, 716.9698456754126]",0.2,15,15,0,True,15,True,True,"[0, 1, 2, 3, 4, 5, 6, 7, 8, 9, 10, 11, 12, 13, 14]",0,0,730.3744904214867,1,6,6,1,[6],[6],False,False,True,True,True,[1],False,True,True,,,False,
q4_0061_P4_diagnostic_v1_grid_v1/state=16/planner=q4_active,q4_0061_P4_diagnostic_v1_grid_v1,16,q4_active,343,6,"[736.101040450036, 1369.9960332651083]",/measure,"[736.101040450036, 1369.9960332651083]",0.2,15,15,0,False,13,False,False,"[0, 2, 4, 5, 6, 7, 8, 9, 10, 11, 12, 13, 14]",0,0,19.46646499995411,3,1,2,6,[1],[2],True,True,True,True,True,[6],False,True,True,,,False,
q4_0061_P4_diagnostic_v1_grid_v1/state=17/planner=q4_active,q4_0061_P4_diagnostic_v1_grid_v1,17,q4_active,381,10,"[862.1287285131106, 581.2176713726942]",/measure,"[862.1287285131106, 581.2176713726942]",0.2,15,15,0,True,15,True,True,"[0, 1, 2, 3, 4, 5, 6, 7, 8, 9, 10, 11, 12, 13, 14]",0,0,380.08175579751526,1,2,2,1,[2],[2],False,False,True,True,True,[1],False,True,True,,,False,
q4_0061_P4_diagnostic_v1_grid_v1/state=18/planner=q4_active,q4_0061_P4_diagnostic_v1_grid_v1,18,q4_active,382,10,"[1124.2902099436017, 673.4223666254586]",/measure,"[1124.2902099436017, 673.4223666254586]",0.2,15,15,0,False,10,False,False,"[0, 5, 6, 7, 8, 9, 10, 11, 13, 14]",0,0,8.587244892645682,3,1,1,13,[1],[1],False,False,True,True,True,[13],False,True,True,,,False,
q4_0061_P4_diagnostic_v1_grid_v1/state=19/planner=q4_active,q4_0061_P4_diagnostic_v1_grid_v1,19,q4_active,400,16,"[1272.6786614580583, -1161.434978008167]",/measure,"[1272.6786614580583, -1161.434978008167]",0.2,15,15,0,False,13,False,False,"[0, 2, 4, 5, 6, 7, 8, 9, 10, 11, 12, 13, 14]",0,0,55.33668580684464,3,1,2,12,[1],[2],True,True,True,True,True,[12],False,True,True,,,False,
q4_0061_P4_diagnostic_v1_grid_v1/state=20/planner=q4_active,q4_0061_P4_diagnostic_v1_grid_v1,20,q4_active,401,16,"[1261.6460057043155, -1134.7997908584875]",/measure,"[1261.6460057043155, -1134.7997908584875]",0.2,14,14,0,True,14,True,True,"[0, 1, 2, 3, 4, 5, 6, 7, 8, 9, 10, 11, 12, 13]",0,0,55.33668580684464,1,4,4,11,[4],[4],False,False,True,True,True,[11],False,True,True,,,False,
q4_0061_P4_diagnostic_v1_grid_v1/state=21/planner=q4_active,q4_0061_P4_diagnostic_v1_grid_v1,21,q4_active,402,16,"[1299.3138486077378, -1097.1319479550652]",/measure,"[1299.3138486077378, -1097.1319479550652]",0.2,14,14,0,True,14,True,True,"[0, 1, 2, 3, 4, 5, 6, 7, 8, 9, 10, 11, 12, 13]",0,0,55.33668580684464,1,2,2,9,[2],[2],False,False,True,True,True,[9],False,True,True,,,False,
q4_0061_P4_diagnostic_v1_grid_v1/state=22/planner=q4_active,q4_0061_P4_diagnostic_v1_grid_v1,22,q4_active,403,16,"[1327.5348594458744, -1108.2642586435397]",/measure,"[1327.5348594458744, -1108.2642586435397]",0.2,15,15,0,False,13,False,False,"[0, 2, 3, 4, 5, 6, 7, 8, 10, 11, 12, 13, 14]",0,0,0.7800542702906093,2,9,9,1,[9],[9],False,False,True,True,True,[1],False,True,True,,,False,
q4_0061_P4_diagnostic_v1_grid_v1/state=23/planner=q4_active,q4_0061_P4_diagnostic_v1_grid_v1,23,q4_active,468,9,"[1599.8758903059852, -628.9077889313069]",/measure,"[1599.8758903059852, -628.9077889313069]",0.2,15,15,0,False,10,False,False,"[0, 5, 6, 8, 9, 10, 11, 12, 13, 14]",0,0,10.167979320434927,6,1,1,8,[1],[1],False,False,True,True,True,[8],False,True,True,,,False,
q4_0061_P4_diagnostic_v1_grid_v1_nccp/state=0/planner=q4_active,q4_0061_P4_diagnostic_v1_grid_v1_nccp,0,q4_active,41,1,"[-906.8192803881141, -475.66411121006354]",/measure,"[-906.8192803881141, -475.66411121006354]",0.2,15,15,0,False,13,False,False,"[0, 1, 3, 5, 6, 7, 8, 9, 10, 11, 12, 13, 14]",0,0,19.594746313783933,3,2,1,10,[2],[1],True,True,True,True,True,[10],False,True,True,,,False,
q4_0061_P4_diagnostic_v1_grid_v1_nccp/state=1/planner=q4_active,q4_0061_P4_diagnostic_v1_grid_v1_nccp,1,q4_active,43,12,"[-846.6538843573097, -663.6358269803452]",/measure,"[-846.6538843573097, -663.6358269803452]",0.2,15,15,0,True,15,True,True,"[0, 1, 2, 3, 4, 5, 6, 7, 8, 9, 10, 11, 12, 13, 14]",0,0,38.67153164294713,1,1,1,1,[1],[1],False,False,False,False,True,[1],False,False,False,,,False,
q4_0061_P4_diagnostic_v1_grid_v1_nccp/state=2/planner=q4_active,q4_0061_P4_diagnostic_v1_grid_v1_nccp,2,q4_active,44,12,"[-683.7498833016984, -886.5630858922316]",/measure,"[-683.7498833016984, -886.5630858922316]",0.2,15,15,0,False,12,False,False,"[0, 1, 3, 5, 6, 7, 8, 10, 11, 12, 13, 14]",0,0,0.43280208960921485,2,1,1,8,[1],[1],False,False,True,True,True,[8],False,True,True,,,False,
q4_0061_P4_diagnostic_v1_grid_v1_nccp/state=3/planner=q4_active,q4_0061_P4_diagnostic_v1_grid_v1_nccp,3,q4_active,64,11,"[-1083.074673808917, -932.4283901850642]",/measure,"[-1083.074673808917, -932.4283901850642]",0.2,15,15,0,False,13,False,False,"[0, 1, 3, 5, 6, 7, 8, 9, 10, 11, 12, 13, 14]",0,0,23.77166480077118,2,1,1,10,[1],[1],False,False,True,True,True,[10],False,True,True,,,False,
q4_0061_P4_diagnostic_v1_grid_v1_nccp/state=4/planner=q4_active,q4_0061_P4_diagnostic_v1_grid_v1_nccp,4,q4_active,66,2,"[-1129.4287321715005, -991.0314223361215]",/measure,"[-1129.4287321715005, -991.0314223361215]",0.2,15,15,0,False,14,False,False,"[0, 2, 3, 4, 5, 6, 7, 8, 9, 10, 11, 12, 13, 14]",0,0,53.44198952417267,2,1,2,2,[1],[2],True,True,True,True,True,[2],False,True,True,,,False,
q4_0061_P4_diagnostic_v1_grid_v1_nccp/state=5/planner=q4_active,q4_0061_P4_diagnostic_v1_grid_v1_nccp,5,q4_active,67,2,"[-1145.2366445463474, -1065.109682647543]",/measure,"[-1145.2366445463474, -1065.109682647543]",0.2,15,15,0,True,15,True,True,"[0, 1, 2, 3, 4, 5, 6, 7, 8, 9, 10, 11, 12, 13, 14]",0,0,20.413730917083402,1,2,2,1,[2],[2],False,False,True,True,True,[1],False,True,True,,,False,
q4_0061_P4_diagnostic_v1_grid_v1_nccp/state=6/planner=diagnostic_v1,q4_0061_P4_diagnostic_v1_grid_v1_nccp,6,diagnostic_v1,118,7,"[396.1414945426629, -614.1497297797962]",/measure,"[396.1414945426629, -614.1497297797962]",0.2,31,4,27,False,30,False,False,"[0, 1, 2, 3, 4, 5, 6, 7, 8, 9, 10, 11, 12, 13, 14, 15, 16, 17, 18, 19, 20, 21, 22, 23, 24, 25, 27, 28, 29, 30]",0,0,730.9038884762365,2,26,5,12,[26],"[5, 6]",True,True,True,True,True,[12],False,True,True,True,True,,
q4_0061_P4_diagnostic_v1_grid_v1_nccp/state=7/planner=diagnostic_v1,q4_0061_P4_diagnostic_v1_grid_v1_nccp,7,diagnostic_v1,119,7,"[321.5335436959118, -259.3554741196201]",/measure,"[321.5335436959118, -259.3554741196201]",0.2,31,4,27,False,29,False,False,"[0, 1, 2, 3, 4, 5, 6, 7, 8, 9, 10, 11, 12, 13, 14, 15, 16, 17, 18, 19, 20, 21, 22, 23, 24, 25, 27, 28, 30]",0,0,730.9038884762365,3,29,16,17,[29],[16],True,True,True,True,True,[17],False,True,True,True,True,,
q4_0061_P4_diagnostic_v1_grid_v1_nccp/state=8/planner=diagnostic_v1,q4_0061_P4_diagnostic_v1_grid_v1_nccp,8,diagnostic_v1,120,7,"[534.2147918241146, -93.13870529233779]",/measure,"[534.2147918241146, -93.13870529233779]",0.2,31,4,27,True,31,True,True,"[0, 1, 2, 3, 4, 5, 6, 7, 8, 9, 10, 11, 12, 13, 14, 15, 16, 17, 18, 19, 20, 21, 22, 23, 24, 25, 26, 27, 28, 29, 30]",0,0,730.9038884762365,1,14,14,11,[14],[14],False,False,True,True,True,[11],False,True,True,True,True,,
q4_0061_P4_diagnostic_v1_grid_v1_nccp/state=9/planner=diagnostic_v1,q4_0061_P4_diagnostic_v1_grid_v1_nccp,9,diagnostic_v1,235,8,"[419.4118530614767, 275.38178201792016]",/measure,"[419.4118530614767, 275.38178201792016]",0.2,31,4,27,True,31,True,True,"[0, 1, 2, 3, 4, 5, 6, 7, 8, 9, 10, 11, 12, 13, 14, 15, 16, 17, 18, 19, 20, 21, 22, 23, 24, 25, 26, 27, 28, 29, 30]",0,0,730.5318069805824,1,26,26,6,[26],[26],False,False,True,True,True,[6],False,True,True,True,True,,
q4_0061_P4_diagnostic_v1_grid_v1_nccp/state=10/planner=diagnostic_v1,q4_0061_P4_diagnostic_v1_grid_v1_nccp,10,diagnostic_v1,236,8,"[524.8615724727981, 1078.978024434786]",/measure,"[524.8615724727981, 1078.978024434786]",0.2,31,4,27,False,25,False,False,"[0, 1, 3, 4, 6, 7, 9, 10, 11, 12, 13, 15, 16, 17, 18, 19, 21, 22, 23, 24, 25, 27, 28, 29, 30]",0,0,76.0144374292026,2,26,26,4,[26],[26],False,False,True,True,True,[4],False,True,True,True,True,,
q4_0061_P4_diagnostic_v1_grid_v1_nccp/state=11/planner=q4_active,q4_0061_P4_diagnostic_v1_grid_v1_nccp,11,q4_active,316,3,"[-1351.679324361111, 234.9221780907736]",/measure,"[-1351.679324361111, 234.9221780907736]",0.2,15,15,0,True,15,True,True,"[0, 1, 2, 3, 4, 5, 6, 7, 8, 9, 10, 11, 12, 13, 14]",0,0,578.638265358928,1,12,12,2,[12],[12],False,False,True,True,True,[2],False,True,True,,,False,
q4_0061_P4_diagnostic_v1_grid_v1_nccp/state=12/planner=q4_active,q4_0061_P4_diagnostic_v1_grid_v1_nccp,12,q4_active,317,3,"[-1521.4275059680187, 125.93030524891428]",/measure,"[-1521.4275059680187, 125.93030524891428]",0.2,15,15,0,False,9,False,False,"[0, 1, 3, 5, 7, 11, 12, 13, 14]",0,0,7.593956852880737,3,2,2,6,[2],[2],False,False,True,True,True,[6],False,True,True,,,False,
q4_0061_P4_diagnostic_v1_grid_v1_nccp/state=13/planner=q4_active,q4_0061_P4_diagnostic_v1_grid_v1_nccp,13,q4_active,403,15,"[-659.5684413234425, 1451.2413730779372]",/measure,"[-659.5684413234425, 1451.2413730779372]",0.2,15,15,0,False,14,False,False,"[0, 1, 3, 4, 5, 6, 7, 8, 9, 10, 11, 12, 13, 14]",0,0,110.54431468667443,2,2,1,2,[2],"[1, 2]",True,False,False,False,True,[2],False,False,False,,,False,
q4_0061_P4_diagnostic_v1_grid_v1_nccp/state=14/planner=q4_active,q4_0061_P4_diagnostic_v1_grid_v1_nccp,14,q4_active,404,15,"[-650.6544630589856, 1510.7555699982395]",/measure,"[-650.6544630589856, 1510.7555699982395]",0.2,15,15,0,False,12,False,False,"[0, 2, 4, 5, 6, 7, 8, 9, 10, 11, 12, 13]",0,0,0.6269009209640366,2,1,1,1,[1],[1],False,False,False,False,True,[1],False,False,False,,,False,
q4_0061_P4_diagnostic_v1_grid_v1_nccp/state=15/planner=q4_active,q4_0061_P4_diagnostic_v1_grid_v1_nccp,15,q4_active,417,14,"[-452.2999473440489, 716.9698456754126]",/measure,"[-452.2999473440489, 716.9698456754126]",0.2,15,15,0,True,15,True,True,"[0, 1, 2, 3, 4, 5, 6, 7, 8, 9, 10, 11, 12, 13, 14]",0,0,730.3744904214867,1,6,6,1,[6],[6],False,False,True,True,True,[1],False,True,True,,,False,
q4_0061_P4_diagnostic_v1_grid_v1_nccp/state=16/planner=q4_active,q4_0061_P4_diagnostic_v1_grid_v1_nccp,16,q4_active,439,6,"[736.101040450036, 1369.9960332651083]",/measure,"[736.101040450036, 1369.9960332651083]",0.2,15,15,0,False,13,False,False,"[0, 2, 4, 5, 6, 7, 8, 9, 10, 11, 12, 13, 14]",0,0,19.46646499995411,3,1,2,6,[1],[2],True,True,True,True,True,[6],False,True,True,,,False,
q4_0061_P4_diagnostic_v1_grid_v1_nccp/state=17/planner=q4_active,q4_0061_P4_diagnostic_v1_grid_v1_nccp,17,q4_active,477,10,"[862.1287285131106, 581.2176713726942]",/measure,"[862.1287285131106, 581.2176713726942]",0.2,15,15,0,True,15,True,True,"[0, 1, 2, 3, 4, 5, 6, 7, 8, 9, 10, 11, 12, 13, 14]",0,0,380.08175579751526,1,2,2,1,[2],[2],False,False,True,True,True,[1],False,True,True,,,False,
q4_0061_P4_diagnostic_v1_grid_v1_nccp/state=18/planner=q4_active,q4_0061_P4_diagnostic_v1_grid_v1_nccp,18,q4_active,478,10,"[1124.2902099436017, 673.4223666254586]",/measure,"[1124.2902099436017, 673.4223666254586]",0.2,15,15,0,False,10,False,False,"[0, 5, 6, 7, 8, 9, 10, 11, 13, 14]",0,0,8.587244892645682,3,1,1,13,[1],[1],False,False,True,True,True,[13],False,True,True,,,False,
q4_0061_P4_diagnostic_v1_grid_v1_nccp/state=19/planner=q4_active,q4_0061_P4_diagnostic_v1_grid_v1_nccp,19,q4_active,496,16,"[1272.6786614580583, -1161.434978008167]",/measure,"[1272.6786614580583, -1161.434978008167]",0.2,15,15,0,False,13,False,False,"[0, 2, 4, 5, 6, 7, 8, 9, 10, 11, 12, 13, 14]",0,0,55.33668580684464,3,1,2,12,[1],[2],True,True,True,True,True,[12],False,True,True,,,False,
q4_0061_P4_diagnostic_v1_grid_v1_nccp/state=20/planner=q4_active,q4_0061_P4_diagnostic_v1_grid_v1_nccp,20,q4_active,497,16,"[1261.6460057043155, -1134.7997908584875]",/measure,"[1261.6460057043155, -1134.7997908584875]",0.2,14,14,0,True,14,True,True,"[0, 1, 2, 3, 4, 5, 6, 7, 8, 9, 10, 11, 12, 13]",0,0,55.33668580684464,1,4,4,11,[4],[4],False,False,True,True,True,[11],False,True,True,,,False,
q4_0061_P4_diagnostic_v1_grid_v1_nccp/state=21/planner=q4_active,q4_0061_P4_diagnostic_v1_grid_v1_nccp,21,q4_active,498,16,"[1299.3138486077378, -1097.1319479550652]",/measure,"[1299.3138486077378, -1097.1319479550652]",0.2,14,14,0,True,14,True,True,"[0, 1, 2, 3, 4, 5, 6, 7, 8, 9, 10, 11, 12, 13]",0,0,55.33668580684464,1,2,2,9,[2],[2],False,False,True,True,True,[9],False,True,True,,,False,
q4_0061_P4_diagnostic_v1_grid_v1_nccp/state=22/planner=q4_active,q4_0061_P4_diagnostic_v1_grid_v1_nccp,22,q4_active,499,16,"[1327.5348594458744, -1108.2642586435397]",/measure,"[1327.5348594458744, -1108.2642586435397]",0.2,15,15,0,False,13,False,False,"[0, 2, 3, 4, 5, 6, 7, 8, 10, 11, 12, 13, 14]",0,0,0.7800542702906093,2,9,9,1,[9],[9],False,False,True,True,True,[1],False,True,True,,,False,
q4_0061_P4_diagnostic_v1_grid_v1_nccp/state=23/planner=q4_active,q4_0061_P4_diagnostic_v1_grid_v1_nccp,23,q4_active,564,9,"[1599.8758903059852, -628.9077889313069]",/measure,"[1599.8758903059852, -628.9077889313069]",0.2,15,15,0,False,10,False,False,"[0, 5, 6, 8, 9, 10, 11, 12, 13, 14]",0,0,10.167979320434927,6,1,1,8,[1],[1],False,False,True,True,True,[8],False,True,True,,,False,
q4_0072_P4_diagnostic_v1_grid_v1/state=0/planner=q4_active,q4_0072_P4_diagnostic_v1_grid_v1,0,q4_active,42,16,"[-803.9543117815888, -232.93280631514386]",/measure,"[-803.9543117815888, -232.93280631514386]",0.2,15,15,0,True,15,True,True,"[0, 1, 2, 3, 4, 5, 6, 7, 8, 9, 10, 11, 12, 13, 14]",0,0,116.33428625757554,1,2,2,2,[2],[2],False,False,False,False,True,[2],False,False,False,,,False,
q4_0072_P4_diagnostic_v1_grid_v1/state=1/planner=q4_active,q4_0072_P4_diagnostic_v1_grid_v1,1,q4_active,62,15,"[-767.6615241075356, -893.1558392435815]",/measure,"[-767.6615241075356, -893.1558392435815]",0.2,15,15,0,True,15,True,True,"[0, 1, 2, 3, 4, 5, 6, 7, 8, 9, 10, 11, 12, 13, 14]",0,0,389.32854649428066,1,1,2,1,"[1, 2]",[2],True,False,False,False,True,[1],False,False,False,,,False,
q4_0072_P4_diagnostic_v1_grid_v1/state=2/planner=q4_active,q4_0072_P4_diagnostic_v1_grid_v1,2,q4_active,63,15,"[-1339.6651567716497, -1100.0305742025391]",/measure,"[-1339.6651567716497, -1100.0305742025391]",0.2,15,15,0,True,14,False,True,"[0, 1, 3, 4, 5, 6, 7, 8, 9, 10, 11, 12, 13, 14]",0,0,52.58735817208526,1,1,1,10,[1],[1],False,False,True,True,True,[10],False,True,True,,,False,
q4_0072_P4_diagnostic_v1_grid_v1/state=3/planner=diagnostic_v1,q4_0072_P4_diagnostic_v1_grid_v1,3,diagnostic_v1,83,5,"[-133.80107675468912, -892.163009771162]",/measure,"[-133.80107675468912, -892.163009771162]",0.2,31,4,27,True,31,True,True,"[0, 1, 2, 3, 4, 5, 6, 7, 8, 9, 10, 11, 12, 13, 14, 15, 16, 17, 18, 19, 20, 21, 22, 23, 24, 25, 26, 27, 28, 29, 30]",0,0,730.9054973627943,1,21,21,22,[21],[21],False,False,True,True,True,[22],False,True,True,True,True,,
q4_0072_P4_diagnostic_v1_grid_v1/state=4/planner=diagnostic_v1,q4_0072_P4_diagnostic_v1_grid_v1,4,diagnostic_v1,84,5,"[151.05241029948417, -205.60748331093612]",/measure,"[151.05241029948417, -205.60748331093612]",0.2,30,4,26,True,30,True,True,"[0, 1, 2, 3, 4, 5, 6, 7, 8, 9, 10, 11, 12, 13, 14, 15, 16, 17, 18, 19, 20, 21, 22, 23, 24, 25, 26, 27, 28, 29]",0,0,730.9054973627943,1,16,16,29,"[16, 27]",[16],False,False,True,True,True,[29],False,True,True,True,True,,
q4_0072_P4_diagnostic_v1_grid_v1/state=5/planner=q4_active,q4_0072_P4_diagnostic_v1_grid_v1,5,q4_active,86,13,"[481.4374846310222, -1031.2229295131142]",/measure,"[481.4374846310222, -1031.2229295131142]",0.2,15,15,0,False,11,False,False,"[0, 5, 6, 7, 8, 9, 10, 11, 12, 13, 14]",0,0,29.41807721956115,4,2,2,8,[2],[2],False,False,True,True,True,[8],False,True,True,,,False,
q4_0072_P4_diagnostic_v1_grid_v1/state=6/planner=diagnostic_v1,q4_0072_P4_diagnostic_v1_grid_v1,6,diagnostic_v1,88,3,"[192.055580825439, -795.4436032366929]",/measure,"[192.055580825439, -795.4436032366929]",0.2,31,4,27,False,30,False,False,"[0, 1, 2, 3, 4, 5, 6, 7, 8, 9, 10, 11, 12, 13, 14, 15, 16, 17, 18, 19, 20, 21, 22, 23, 24, 26, 27, 28, 29, 30]",0,0,730.9054973627954,2,5,6,17,"[5, 6]",[6],True,False,True,True,True,[17],False,True,True,True,True,,
q4_0072_P4_diagnostic_v1_grid_v1/state=7/planner=diagnostic_v1,q4_0072_P4_diagnostic_v1_grid_v1,7,diagnostic_v1,89,3,"[427.66049302511806, -823.7923619148506]",/measure,"[427.66049302511806, -823.7923619148506]",0.2,31,4,27,False,23,False,False,"[0, 1, 3, 4, 6, 7, 9, 10, 12, 13, 15, 16, 18, 19, 21, 22, 23, 24, 25, 27, 28, 29, 30]",0,0,1.9122355429896274,2,20,20,6,[20],[20],False,False,True,True,True,[6],False,True,True,True,True,,
q4_0072_P4_diagnostic_v1_grid_v1/state=8/planner=diagnostic_v1,q4_0072_P4_diagnostic_v1_grid_v1,8,diagnostic_v1,91,10,"[776.6280812401641, -289.6654162681384]",/measure,"[776.6280812401641, -289.6654162681384]",0.2,31,4,27,False,29,False,False,"[0, 1, 2, 3, 4, 5, 6, 7, 8, 9, 10, 11, 12, 13, 14, 15, 16, 17, 18, 19, 21, 22, 23, 24, 25, 27, 28, 29, 30]",0,0,730.5567395272864,3,20,28,6,[20],[28],True,True,True,True,True,[6],False,True,True,True,True,,
q4_0072_P4_diagnostic_v1_grid_v1/state=9/planner=diagnostic_v1,q4_0072_P4_diagnostic_v1_grid_v1,9,diagnostic_v1,92,10,"[1321.2506475226057, 142.07073310715788]",/measure,"[1321.2506475226057, 142.07073310715788]",0.2,31,4,27,False,24,False,False,"[0, 1, 3, 4, 6, 7, 9, 10, 12, 13, 15, 16, 17, 18, 19, 21, 22, 23, 24, 25, 27, 28, 29, 30]",0,0,36.15115874651174,2,11,26,4,[11],[26],True,True,True,True,True,[4],False,True,True,True,True,,
q4_0072_P4_diagnostic_v1_grid_v1/state=10/planner=diagnostic_v1,q4_0072_P4_diagnostic_v1_grid_v1,10,diagnostic_v1,93,10,"[1210.191231561875, 308.4011456193061]",/measure,"[1210.191231561875, 308.4011456193061]",0.2,30,4,26,False,22,False,False,"[0, 1, 3, 4, 5, 6, 8, 9, 10, 11, 12, 14, 15, 17, 18, 20, 21, 23, 24, 26, 27, 29]",0,0,36.15115874651174,2,0,0,3,"[0, 9]","[0, 9]",False,False,True,True,True,[3],False,True,True,True,True,,
q4_0072_P4_diagnostic_v1_grid_v1/state=11/planner=diagnostic_v1,q4_0072_P4_diagnostic_v1_grid_v1,11,diagnostic_v1,107,18,"[660.0930925100278, 383.0071087919691]",/measure,"[660.0930925100278, 383.0071087919691]",0.2,31,4,27,False,30,False,False,"[0, 1, 2, 3, 4, 5, 6, 7, 8, 9, 10, 11, 12, 13, 14, 15, 16, 17, 18, 19, 20, 21, 22, 23, 24, 25, 27, 28, 29, 30]",0,0,730.9054973627944,2,28,28,5,[28],[28],False,False,True,True,True,[5],False,True,True,True,True,,
q4_0072_P4_diagnostic_v1_grid_v1/state=12/planner=diagnostic_v1,q4_0072_P4_diagnostic_v1_grid_v1,12,diagnostic_v1,108,18,"[245.4820950307276, 312.6048011823568]",/measure,"[245.4820950307276, 312.6048011823568]",0.2,31,4,27,False,30,False,False,"[0, 1, 2, 3, 4, 5, 6, 7, 8, 9, 10, 11, 12, 13, 14, 15, 16, 17, 18, 19, 20, 21, 22, 23, 24, 25, 27, 28, 29, 30]",0,0,730.9054973627944,2,26,22,17,[26],[22],True,True,True,True,True,[17],False,True,True,True,True,,
q4_0072_P4_diagnostic_v1_grid_v1/state=13/planner=diagnostic_v1,q4_0072_P4_diagnostic_v1_grid_v1,13,diagnostic_v1,109,18,"[-302.56071674032165, 849.8909205481817]",/measure,"[-302.56071674032165, 849.8909205481817]",0.2,31,4,27,False,30,False,False,"[0, 1, 2, 3, 4, 5, 6, 7, 8, 9, 10, 11, 12, 13, 14, 15, 16, 17, 18, 19, 20, 21, 22, 23, 24, 25, 27, 28, 29, 30]",0,0,730.9054973627944,2,26,14,21,[26],[14],True,True,True,True,True,[21],False,True,True,True,True,,
q4_0072_P4_diagnostic_v1_grid_v1/state=14/planner=q4_active,q4_0072_P4_diagnostic_v1_grid_v1,14,q4_active,301,14,"[301.73041214085026, 1429.4349613237669]",/measure,"[301.73041214085026, 1429.4349613237669]",0.2,15,15,0,False,13,False,False,"[0, 1, 3, 5, 6, 7, 8, 9, 10, 11, 12, 13, 14]",0,0,8.977305397041636,3,2,1,0,[2],[1],True,True,True,True,True,[0],False,True,True,,,False,
q4_0072_P4_diagnostic_v1_grid_v1/state=15/planner=q4_active,q4_0072_P4_diagnostic_v1_grid_v1,15,q4_active,434,7,"[1319.7306899065293, -583.9774606503395]",/measure,"[1319.7306899065293, -583.9774606503395]",0.2,15,15,0,False,13,False,False,"[0, 3, 4, 5, 6, 7, 8, 9, 10, 11, 12, 13, 14]",0,0,380.1812465734437,3,1,1,1,[1],[1],False,False,False,False,True,[1],False,False,False,,,False,
q4_0072_P4_diagnostic_v1_grid_v1/state=16/planner=q4_active,q4_0072_P4_diagnostic_v1_grid_v1,16,q4_active,435,7,"[738.4431692496719, 39.99606785299246]",/measure,"[738.4431692496719, 39.99606785299246]",0.2,15,15,0,False,10,False,False,"[0, 5, 6, 7, 8, 9, 10, 11, 12, 13]",0,0,16.724221022326436,6,1,1,7,[1],[1],False,False,True,True,True,[7],False,True,True,,,False,
q4_0072_P4_diagnostic_v1_grid_v1/state=17/planner=q4_active,q4_0072_P4_diagnostic_v1_grid_v1,17,q4_active,477,2,"[1516.0780360574418, 105.77561703897422]",/measure,"[1516.0780360574418, 105.77561703897422]",0.2,15,15,0,True,15,True,True,"[0, 1, 2, 3, 4, 5, 6, 7, 8, 9, 10, 11, 12, 13, 14]",0,0,494.2115109194905,1,0,0,1,[0],[0],False,False,True,True,True,[1],False,True,True,,,False,
q4_0072_P4_diagnostic_v1_grid_v1/state=18/planner=q4_active,q4_0072_P4_diagnostic_v1_grid_v1,18,q4_active,478,2,"[1546.280927824373, -110.45966491292869]",/measure,"[1546.280927824373, -110.45966491292869]",0.2,15,15,0,False,10,False,False,"[0, 2, 4, 6, 9, 10, 11, 12, 13, 14]",0,0,4.767274618592019,2,1,1,7,[1],[1],False,False,True,True,True,[7],False,True,True,,,False,
q4_0072_P4_diagnostic_v1_grid_v1_nccp/state=0/planner=q4_active,q4_0072_P4_diagnostic_v1_grid_v1_nccp,0,q4_active,42,16,"[-806.2501185304836, -228.8738002965842]",/measure,"[-806.2501185304836, -228.8738002965842]",0.2,15,15,0,True,15,True,True,"[0, 1, 2, 3, 4, 5, 6, 7, 8, 9, 10, 11, 12, 13, 14]",0,0,116.33428625757554,1,2,2,2,[2],[2],False,False,False,False,True,[2],False,False,False,,,False,
q4_0072_P4_diagnostic_v1_grid_v1_nccp/state=1/planner=q4_active,q4_0072_P4_diagnostic_v1_grid_v1_nccp,1,q4_active,62,15,"[-767.6615241075356, -893.1558392435815]",/measure,"[-767.6615241075356, -893.1558392435815]",0.2,15,15,0,True,15,True,True,"[0, 1, 2, 3, 4, 5, 6, 7, 8, 9, 10, 11, 12, 13, 14]",0,0,389.32854649428066,1,1,2,1,"[1, 2]",[2],True,False,False,False,True,[1],False,False,False,,,False,
q4_0072_P4_diagnostic_v1_grid_v1_nccp/state=2/planner=q4_active,q4_0072_P4_diagnostic_v1_grid_v1_nccp,2,q4_active,63,15,"[-1339.6651567716497, -1100.0305742025391]",/measure,"[-1339.6651567716497, -1100.0305742025391]",0.2,15,15,0,True,14,False,True,"[0, 1, 3, 4, 5, 6, 7, 8, 9, 10, 11, 12, 13, 14]",0,0,52.58735817208526,1,1,1,10,[1],[1],False,False,True,True,True,[10],False,True,True,,,False,
q4_0072_P4_diagnostic_v1_grid_v1_nccp/state=3/planner=diagnostic_v1,q4_0072_P4_diagnostic_v1_grid_v1_nccp,3,diagnostic_v1,83,5,"[-133.80107675468912, -892.163009771162]",/measure,"[-133.80107675468912, -892.163009771162]",0.2,31,4,27,True,31,True,True,"[0, 1, 2, 3, 4, 5, 6, 7, 8, 9, 10, 11, 12, 13, 14, 15, 16, 17, 18, 19, 20, 21, 22, 23, 24, 25, 26, 27, 28, 29, 30]",0,0,730.9054973627943,1,21,21,22,[21],[21],False,False,True,True,True,[22],False,True,True,True,True,,
q4_0072_P4_diagnostic_v1_grid_v1_nccp/state=4/planner=diagnostic_v1,q4_0072_P4_diagnostic_v1_grid_v1_nccp,4,diagnostic_v1,84,5,"[151.05241029948417, -205.60748331093612]",/measure,"[151.05241029948417, -205.60748331093612]",0.2,30,4,26,True,30,True,True,"[0, 1, 2, 3, 4, 5, 6, 7, 8, 9, 10, 11, 12, 13, 14, 15, 16, 17, 18, 19, 20, 21, 22, 23, 24, 25, 26, 27, 28, 29]",0,0,730.9054973627943,1,16,16,29,"[16, 27]",[16],False,False,True,True,True,[29],False,True,True,True,True,,
q4_0072_P4_diagnostic_v1_grid_v1_nccp/state=5/planner=q4_active,q4_0072_P4_diagnostic_v1_grid_v1_nccp,5,q4_active,86,13,"[481.4374846310222, -1031.2229295131142]",/measure,"[481.4374846310222, -1031.2229295131142]",0.2,15,15,0,False,11,False,False,"[0, 5, 6, 7, 8, 9, 10, 11, 12, 13, 14]",0,0,29.41807721956115,4,2,2,8,[2],[2],False,False,True,True,True,[8],False,True,True,,,False,
q4_0072_P4_diagnostic_v1_grid_v1_nccp/state=6/planner=diagnostic_v1,q4_0072_P4_diagnostic_v1_grid_v1_nccp,6,diagnostic_v1,88,3,"[192.33225583716694, -793.484551630219]",/measure,"[192.33225583716694, -793.484551630219]",0.2,31,4,27,False,30,False,False,"[0, 1, 2, 3, 4, 5, 6, 7, 8, 9, 10, 11, 12, 13, 14, 15, 16, 17, 18, 19, 20, 21, 22, 23, 24, 26, 27, 28, 29, 30]",0,0,730.9054973627954,2,5,6,17,"[5, 6]",[6],True,False,True,True,True,[17],False,True,True,True,True,,
q4_0072_P4_diagnostic_v1_grid_v1_nccp/state=7/planner=diagnostic_v1,q4_0072_P4_diagnostic_v1_grid_v1_nccp,7,diagnostic_v1,89,3,"[427.3985222090119, -822.9158510896173]",/measure,"[427.3985222090119, -822.9158510896173]",0.2,31,4,27,False,23,False,False,"[0, 1, 3, 4, 6, 7, 9, 10, 12, 13, 15, 16, 18, 19, 21, 22, 23, 24, 25, 27, 28, 29, 30]",0,0,1.9626812923221486,2,20,20,6,[20],[20],False,False,True,True,True,[6],False,True,True,True,True,,
q4_0072_P4_diagnostic_v1_grid_v1_nccp/state=8/planner=diagnostic_v1,q4_0072_P4_diagnostic_v1_grid_v1_nccp,8,diagnostic_v1,91,10,"[772.3595536388103, -294.5996124008386]",/measure,"[772.3595536388103, -294.5996124008386]",0.2,31,4,27,False,29,False,False,"[0, 1, 2, 3, 4, 5, 6, 7, 8, 9, 10, 11, 12, 13, 14, 15, 16, 17, 18, 19, 21, 22, 23, 24, 25, 27, 28, 29, 30]",0,0,730.5567395272864,3,20,28,6,[20],[28],True,True,True,True,True,[6],False,True,True,True,True,,
q4_0072_P4_diagnostic_v1_grid_v1_nccp/state=9/planner=diagnostic_v1,q4_0072_P4_diagnostic_v1_grid_v1_nccp,9,diagnostic_v1,92,10,"[1321.8295526192276, 142.11564368622726]",/measure,"[1321.8295526192276, 142.11564368622726]",0.2,31,4,27,False,24,False,False,"[0, 1, 3, 4, 6, 7, 9, 10, 12, 13, 15, 16, 17, 18, 19, 21, 22, 23, 24, 25, 27, 28, 29, 30]",0,0,36.37829888971892,2,11,26,4,[11],[26],True,True,True,True,True,[4],False,True,True,True,True,,
q4_0072_P4_diagnostic_v1_grid_v1_nccp/state=10/planner=diagnostic_v1,q4_0072_P4_diagnostic_v1_grid_v1_nccp,10,diagnostic_v1,93,10,"[1211.023545415537, 308.6149793232671]",/measure,"[1211.023545415537, 308.6149793232671]",0.2,30,4,26,False,22,False,False,"[0, 1, 3, 4, 5, 6, 8, 9, 10, 11, 12, 14, 15, 17, 18, 20, 21, 23, 24, 26, 27, 29]",0,0,36.37829888971892,2,0,0,3,"[0, 9]",[0],False,False,True,True,True,[3],False,True,True,True,True,,
q4_0072_P4_diagnostic_v1_grid_v1_nccp/state=11/planner=diagnostic_v1,q4_0072_P4_diagnostic_v1_grid_v1_nccp,11,diagnostic_v1,107,18,"[660.1395444088288, 382.1317613511044]",/measure,"[660.1395444088288, 382.1317613511044]",0.2,31,4,27,False,30,False,False,"[0, 1, 2, 3, 4, 5, 6, 7, 8, 9, 10, 11, 12, 13, 14, 15, 16, 17, 18, 19, 20, 21, 22, 23, 24, 25, 27, 28, 29, 30]",0,0,730.9054973627944,2,28,28,5,[28],[28],False,False,True,True,True,[5],False,True,True,True,True,,
q4_0072_P4_diagnostic_v1_grid_v1_nccp/state=12/planner=diagnostic_v1,q4_0072_P4_diagnostic_v1_grid_v1_nccp,12,diagnostic_v1,108,18,"[245.22438449519868, 312.37052802905066]",/measure,"[245.22438449519868, 312.37052802905066]",0.2,31,4,27,False,30,False,False,"[0, 1, 2, 3, 4, 5, 6, 7, 8, 9, 10, 11, 12, 13, 14, 15, 16, 17, 18, 19, 20, 21, 22, 23, 24, 25, 27, 28, 29, 30]",0,0,730.9054973627944,2,26,22,17,[26],[22],True,True,True,True,True,[17],False,True,True,True,True,,
q4_0072_P4_diagnostic_v1_grid_v1_nccp/state=13/planner=diagnostic_v1,q4_0072_P4_diagnostic_v1_grid_v1_nccp,13,diagnostic_v1,109,18,"[-302.56071674032165, 849.8909205481817]",/measure,"[-302.56071674032165, 849.8909205481817]",0.2,31,4,27,False,30,False,False,"[0, 1, 2, 3, 4, 5, 6, 7, 8, 9, 10, 11, 12, 13, 14, 15, 16, 17, 18, 19, 20, 21, 22, 23, 24, 25, 27, 28, 29, 30]",0,0,730.9054973627944,2,26,14,21,[26],[14],True,True,True,True,True,[21],False,True,True,True,True,,
q4_0072_P4_diagnostic_v1_grid_v1_nccp/state=14/planner=q4_active,q4_0072_P4_diagnostic_v1_grid_v1_nccp,14,q4_active,301,14,"[301.73041214085026, 1429.4349613237669]",/measure,"[301.73041214085026, 1429.4349613237669]",0.2,15,15,0,False,13,False,False,"[0, 1, 3, 5, 6, 7, 8, 9, 10, 11, 12, 13, 14]",0,0,8.977305397041636,3,2,1,0,[2],[1],True,True,True,True,True,[0],False,True,True,,,False,
q4_0072_P4_diagnostic_v1_grid_v1_nccp/state=15/planner=q4_active,q4_0072_P4_diagnostic_v1_grid_v1_nccp,15,q4_active,434,7,"[1321.4572550260837, -585.8050290066484]",/measure,"[1321.4572550260837, -585.8050290066484]",0.2,15,15,0,False,13,False,False,"[0, 3, 4, 5, 6, 7, 8, 9, 10, 11, 12, 13, 14]",0,0,380.1812465734437,3,1,1,1,[1],[1],False,False,False,False,True,[1],False,False,False,,,False,
q4_0072_P4_diagnostic_v1_grid_v1_nccp/state=16/planner=q4_active,q4_0072_P4_diagnostic_v1_grid_v1_nccp,16,q4_active,435,7,"[738.449297555452, 40.579836267533835]",/measure,"[738.449297555452, 40.579836267533835]",0.2,15,15,0,False,10,False,False,"[0, 5, 6, 7, 8, 9, 10, 11, 12, 13]",0,0,16.827131045815403,6,1,1,7,[1],[1],False,False,True,True,True,[7],False,True,True,,,False,
q4_0072_P4_diagnostic_v1_grid_v1_nccp/state=17/planner=q4_active,q4_0072_P4_diagnostic_v1_grid_v1_nccp,17,q4_active,477,2,"[1516.0780360574418, 105.77561703897422]",/measure,"[1516.0780360574418, 105.77561703897422]",0.2,15,15,0,True,15,True,True,"[0, 1, 2, 3, 4, 5, 6, 7, 8, 9, 10, 11, 12, 13, 14]",0,0,494.2115109194905,1,0,0,1,[0],[0],False,False,True,True,True,[1],False,True,True,,,False,
q4_0072_P4_diagnostic_v1_grid_v1_nccp/state=18/planner=q4_active,q4_0072_P4_diagnostic_v1_grid_v1_nccp,18,q4_active,478,2,"[1546.280927824373, -110.45966491292869]",/measure,"[1546.280927824373, -110.45966491292869]",0.2,15,15,0,False,10,False,False,"[0, 2, 4, 6, 9, 10, 11, 12, 13, 14]",0,0,4.767274618592019,2,1,1,7,[1],[1],False,False,True,True,True,[7],False,True,True,,,False,
