version,id,step,world_index,phase,N,history_length,known_count,rejected
v1,184,1,0,early,16,20,6,0
v1,184,1,1,early,16,20,6,0
v2,184,1,0,early,16,20,6,0
v2,184,1,1,early,16,20,6,0
v1,980,6,0,early,10,109,6,0
v1,980,6,1,early,10,109,6,0
v2,980,6,0,early,10,109,6,0
v2,980,6,1,early,10,109,6,0
v1,566,2,0,early,10,45,3,0
v1,566,2,1,early,10,45,3,0
v2,566,2,0,early,10,45,3,0
v2,566,2,1,early,10,45,3,0
v1,725,2,0,early,13,41,7,0
v1,725,2,1,early,13,41,7,1
v2,725,2,0,early,13,41,7,0
v2,725,2,1,early,13,41,7,0
v1,183,3,0,early,16,60,8,0
v1,183,3,1,early,16,60,8,0
v2,183,3,0,early,16,60,8,0
v2,183,3,1,early,16,60,8,0
v1,27,1,0,early,16,20,4,0
v1,27,1,1,early,16,20,4,0
v2,27,1,0,early,16,20,4,0
v2,27,1,1,early,16,20,4,0
v1,543,8,0,early,11,150,7,1
v1,543,8,1,early,11,150,7,0
v2,543,8,0,early,11,150,7,0
v2,543,8,1,early,11,150,7,0
v1,33,0,0,early,16,0,0,0
v1,33,0,1,early,16,0,0,0
v2,33,0,0,early,16,0,0,0
v2,33,0,1,early,16,0,0,0
v1,136,4,0,early,16,79,8,0
v1,136,4,1,early,16,79,8,0
v2,136,4,0,early,16,79,8,0
v2,136,4,1,early,16,79,8,0
v1,978,2,0,early,14,43,8,1
v1,978,2,1,early,14,43,8,0
v2,978,2,0,early,14,43,8,0
v2,978,2,1,early,14,43,8,0
v1,405,1,0,early,16,20,2,0
v1,405,1,1,early,16,20,2,0
v2,405,1,0,early,16,20,2,0
v2,405,1,1,early,16,20,2,0
v1,223,1,0,early,16,20,7,0
v1,223,1,1,early,16,20,7,1
v2,223,1,0,early,16,20,7,0
v2,223,1,1,early,16,20,7,0
v1,794,4,0,early,10,78,8,0
v1,794,4,1,early,10,78,8,0
v2,794,4,0,early,10,78,8,0
v2,794,4,1,early,10,78,8,0
v1,241,0,0,early,16,0,0,0
v1,241,0,1,early,16,0,0,0
v2,241,0,0,early,16,0,0,0
v2,241,0,1,early,16,0,0,0
v1,105,1,0,early,16,20,4,0
v1,105,1,1,early,16,20,4,0
v2,105,1,0,early,16,20,4,0
v2,105,1,1,early,16,20,4,0
v1,977,4,0,early,13,84,10,0
v1,977,4,1,early,13,84,10,0
v2,977,4,0,early,13,84,10,0
v2,977,4,1,early,13,84,10,0
v1,46,4,0,early,16,83,11,0
v1,46,4,1,early,16,83,11,0
v2,46,4,0,early,16,83,11,0
v2,46,4,1,early,16,83,11,0
v1,364,4,0,early,16,83,8,0
v1,364,4,1,early,16,83,8,1
v2,364,4,0,early,16,83,8,0
v2,364,4,1,early,16,83,8,0
v1,290,0,0,early,16,0,0,0
v1,290,0,1,early,16,0,0,0
v2,290,0,0,early,16,0,0,0
v2,290,0,1,early,16,0,0,0
v1,52,1,0,early,16,20,2,0
v1,52,1,1,early,16,20,2,0
v2,52,1,0,early,16,20,2,0
v2,52,1,1,early,16,20,2,0
v1,181,6,0,early,16,119,10,0
v1,181,6,1,early,16,119,10,0
v2,181,6,0,early,16,119,10,0
v2,181,6,1,early,16,119,10,0
v1,231,1,0,early,16,20,6,0
v1,231,1,1,early,16,20,6,0
v2,231,1,0,early,16,20,6,0
v2,231,1,1,early,16,20,6,0
v1,913,8,0,early,15,153,12,0
v1,913,8,1,early,15,153,12,0
v2,913,8,0,early,15,153,12,0
v2,913,8,1,early,15,153,12,0
v1,871,2,0,early,15,43,11,0
v1,871,2,1,early,15,43,11,1
v2,871,2,0,early,15,43,11,0
v2,871,2,1,early,15,43,11,0
v1,58,3,0,early,16,59,10,1
v1,58,3,1,early,16,59,10,0
v2,58,3,0,early,16,59,10,0
v2,58,3,1,early,16,59,10,0
v1,599,5,0,early,13,94,7,0
v1,599,5,1,early,13,94,7,0
v2,599,5,0,early,13,94,7,0
v2,599,5,1,early,13,94,7,0
v1,392,1,0,early,16,20,6,0
v1,392,1,1,early,16,20,6,0
v2,392,1,0,early,16,20,6,0
v2,392,1,1,early,16,20,6,0
v1,701,7,0,early,13,128,12,0
v1,701,7,1,early,13,128,12,0
v2,701,7,0,early,13,128,12,0
v2,701,7,1,early,13,128,12,0
v1,689,5,0,early,13,99,3,0
v1,689,5,1,early,13,99,3,0
v2,689,5,0,early,13,99,3,0
v2,689,5,1,early,13,99,3,0
v1,600,0,0,early,14,0,0,0
v1,600,0,1,early,14,0,0,0
v2,600,0,0,early,14,0,0,0
v2,600,0,1,early,14,0,0,0
v1,129,1,0,early,16,20,7,0
v1,129,1,1,early,16,20,7,0
v2,129,1,0,early,16,20,7,0
v2,129,1,1,early,16,20,7,0
v1,285,3,0,early,16,62,7,0
v1,285,3,1,early,16,62,7,0
v2,285,3,0,early,16,62,7,0
v2,285,3,1,early,16,62,7,0
v1,132,4,0,early,16,77,8,0
v1,132,4,1,early,16,77,8,0
v2,132,4,0,early,16,77,8,0
v2,132,4,1,early,16,77,8,0
v1,333,2,0,early,16,45,10,0
v1,333,2,1,early,16,45,10,0
v2,333,2,0,early,16,45,10,0
v2,333,2,1,early,16,45,10,0
v1,941,3,0,early,13,62,7,0
v1,941,3,1,early,13,62,7,0
v2,941,3,0,early,13,62,7,0
v2,941,3,1,early,13,62,7,0
v1,747,0,0,early,11,0,0,0
v1,747,0,1,early,11,0,0,0
v2,747,0,0,early,11,0,0,0
v2,747,0,1,early,11,0,0,0
v1,944,8,0,early,10,160,6,0
v1,944,8,1,early,10,160,6,0
v2,944,8,0,early,10,160,6,0
v2,944,8,1,early,10,160,6,0
v1,1018,2,0,early,12,41,6,0
v1,1018,2,1,early,12,41,6,0
v2,1018,2,0,early,12,41,6,0
v2,1018,2,1,early,12,41,6,0
v1,556,1,0,early,12,20,4,0
v1,556,1,1,early,12,20,4,0
v2,556,1,0,early,12,20,4,0
v2,556,1,1,early,12,20,4,0
v1,967,0,0,early,15,0,0,0
v1,967,0,1,early,15,0,0,0
v2,967,0,0,early,15,0,0,0
v2,967,0,1,early,15,0,0,0
v1,753,8,0,early,11,156,4,0
v1,753,8,1,early,11,156,4,0
v2,753,8,0,early,11,156,4,0
v2,753,8,1,early,11,156,4,0
v1,481,4,0,early,16,77,7,0
v1,481,4,1,early,16,77,7,0
v2,481,4,0,early,16,77,7,0
v2,481,4,1,early,16,77,7,0
v1,320,3,0,early,16,64,10,0
v1,320,3,1,early,16,64,10,0
v2,320,3,0,early,16,64,10,0
v2,320,3,1,early,16,64,10,0
v1,92,5,0,early,16,94,8,0
v1,92,5,1,early,16,94,8,0
v2,92,5,0,early,16,94,8,0
v2,92,5,1,early,16,94,8,0
v1,347,1,0,early,16,20,2,0
v1,347,1,1,early,16,20,2,0
v2,347,1,0,early,16,20,2,0
v2,347,1,1,early,16,20,2,0
v1,824,1,0,early,10,20,2,0
v1,824,1,1,early,10,20,2,0
v2,824,1,0,early,10,20,2,0
v2,824,1,1,early,10,20,2,0
v1,855,4,0,early,11,80,8,0
v1,855,4,1,early,11,80,8,0
v2,855,4,0,early,11,80,8,0
v2,855,4,1,early,11,80,8,0
v1,854,6,0,early,10,118,5,0
v1,854,6,1,early,10,118,5,0
v2,854,6,0,early,10,118,5,0
v2,854,6,1,early,10,118,5,0
v1,169,2,0,early,16,41,10,0
v1,169,2,1,early,16,41,10,0
v2,169,2,0,early,16,41,10,0
v2,169,2,1,early,16,41,10,0
v1,410,0,0,early,16,0,0,0
v1,410,0,1,early,16,0,0,0
v2,410,0,0,early,16,0,0,0
v2,410,0,1,early,16,0,0,0
v1,1004,6,0,early,10,120,7,0
v1,1004,6,1,early,10,120,7,0
v2,1004,6,0,early,10,120,7,0
v2,1004,6,1,early,10,120,7,0
v1,545,8,0,early,13,127,12,0
v1,545,8,1,early,13,127,12,0
v2,545,8,0,early,13,127,12,0
v2,545,8,1,early,13,127,12,0
v1,251,6,0,early,16,112,9,0
v1,251,6,1,early,16,112,9,0
v2,251,6,0,early,16,112,9,0
v2,251,6,1,early,16,112,9,0
v1,960,0,0,early,14,0,0,0
v1,960,0,1,early,14,0,0,0
v2,960,0,0,early,14,0,0,0
v2,960,0,1,early,14,0,0,0
v1,983,5,0,early,13,98,8,0
v1,983,5,1,early,13,98,8,0
v2,983,5,0,early,13,98,8,0
v2,983,5,1,early,13,98,8,0
v1,259,5,0,early,16,100,7,0
v1,259,5,1,early,16,100,7,0
v2,259,5,0,early,16,100,7,0
v2,259,5,1,early,16,100,7,0
v1,982,0,0,early,12,0,0,0
v1,982,0,1,early,12,0,0,0
v2,982,0,0,early,12,0,0,0
v2,982,0,1,early,12,0,0,0
v1,313,0,0,early,16,0,0,0
v1,313,0,1,early,16,0,0,0
v2,313,0,0,early,16,0,0,0
v2,313,0,1,early,16,0,0,0
v1,793,7,0,early,15,124,10,0
v1,793,7,1,early,15,124,10,0
v2,793,7,0,early,15,124,10,0
v2,793,7,1,early,15,124,10,0
v1,191,5,0,early,16,95,14,0
v1,191,5,1,early,16,95,14,0
v2,191,5,0,early,16,95,14,0
v2,191,5,1,early,16,95,14,0
v1,392,4,0,early,16,81,13,1
v1,392,4,1,early,16,81,13,0
v2,392,4,0,early,16,81,13,0
v2,392,4,1,early,16,81,13,0
v1,558,6,0,early,14,112,10,0
v1,558,6,1,early,14,112,10,0
v2,558,6,0,early,14,112,10,0
v2,558,6,1,early,14,112,10,0
v1,615,6,0,early,11,116,7,0
v1,615,6,1,early,11,116,7,0
v2,615,6,0,early,11,116,7,0
v2,615,6,1,early,11,116,7,0
v1,884,8,0,early,10,147,10,0
v1,884,8,1,early,10,147,10,0
v2,884,8,0,early,10,147,10,0
v2,884,8,1,early,10,147,10,0
v1,770,7,0,early,10,128,6,0
v1,770,7,1,early,10,128,6,0
v2,770,7,0,early,10,128,6,0
v2,770,7,1,early,10,128,6,0
v1,663,5,0,early,11,97,6,0
v1,663,5,1,early,11,97,6,0
v2,663,5,0,early,11,97,6,0
v2,663,5,1,early,11,97,6,0
v1,764,4,0,early,10,82,6,0
v1,764,4,1,early,10,82,6,0
v2,764,4,0,early,10,82,6,0
v2,764,4,1,early,10,82,6,0
v1,734,2,0,early,10,42,6,0
v1,734,2,1,early,10,42,6,0
v2,734,2,0,early,10,42,6,0
v2,734,2,1,early,10,42,6,0
v1,858,8,0,early,14,159,7,0
v1,858,8,1,early,14,159,7,0
v2,858,8,0,early,14,159,7,0
v2,858,8,1,early,14,159,7,0
v1,508,6,0,early,16,114,13,0
v1,508,6,1,early,16,114,13,1
v2,508,6,0,early,16,114,13,0
v2,508,6,1,early,16,114,13,0
v1,781,4,0,early,15,79,9,0
v1,781,4,1,early,15,79,9,0
v2,781,4,0,early,15,79,9,0
v2,781,4,1,early,15,79,9,0
v1,648,2,0,early,14,42,6,0
v1,648,2,1,early,14,42,6,0
v2,648,2,0,early,14,42,6,0
v2,648,2,1,early,14,42,6,0
v1,962,2,0,early,10,40,5,0
v1,962,2,1,early,10,40,5,0
v2,962,2,0,early,10,40,5,0
v2,962,2,1,early,10,40,5,0
v1,457,0,0,early,16,0,0,0
v1,457,0,1,early,16,0,0,0
v2,457,0,0,early,16,0,0,0
v2,457,0,1,early,16,0,0,0
v1,738,8,0,early,14,139,8,0
v1,738,8,1,early,14,139,8,0
v2,738,8,0,early,14,139,8,0
v2,738,8,1,early,14,139,8,0
v1,571,7,0,early,15,129,7,0
v1,571,7,1,early,15,129,7,0
v2,571,7,0,early,15,129,7,0
v2,571,7,1,early,15,129,7,0
v1,36,1,0,early,16,20,8,0
v1,36,1,1,early,16,20,8,0
v2,36,1,0,early,16,20,8,0
v2,36,1,1,early,16,20,8,0
v1,102,2,0,early,16,43,9,0
v1,102,2,1,early,16,43,9,0
v2,102,2,0,early,16,43,9,0
v2,102,2,1,early,16,43,9,0
v1,325,4,0,early,16,78,11,0
v1,325,4,1,early,16,78,11,0
v2,325,4,0,early,16,78,11,0
v2,325,4,1,early,16,78,11,0
v1,386,6,0,early,16,104,9,0
v1,386,6,1,early,16,104,9,0
v2,386,6,0,early,16,104,9,0
v2,386,6,1,early,16,104,9,0
v1,115,2,0,early,16,41,6,0
v1,115,2,1,early,16,41,6,0
v2,115,2,0,early,16,41,6,0
v2,115,2,1,early,16,41,6,0
v1,628,5,0,early,12,95,9,0
v1,628,5,1,early,12,95,9,0
v2,628,5,0,early,12,95,9,0
v2,628,5,1,early,12,95,9,0
v1,520,3,0,early,12,62,10,0
v1,520,3,1,early,12,62,10,0
v2,520,3,0,early,12,62,10,0
v2,520,3,1,early,12,62,10,0
v1,31,1,0,early,16,20,8,0
v1,31,1,1,early,16,20,8,0
v2,31,1,0,early,16,20,8,0
v2,31,1,1,early,16,20,8,0
v1,551,1,0,early,13,20,6,0
v1,551,1,1,early,13,20,6,0
v2,551,1,0,early,13,20,6,0
v2,551,1,1,early,13,20,6,0
v1,652,8,0,early,12,143,9,0
v1,652,8,1,early,12,143,9,0
v2,652,8,0,early,12,143,9,0
v2,652,8,1,early,12,143,9,0
v1,830,8,0,early,10,156,3,0
v1,830,8,1,early,10,156,3,0
v2,830,8,0,early,10,156,3,0
v2,830,8,1,early,10,156,3,0
v1,24,5,0,early,16,101,7,0
v1,24,5,1,early,16,101,7,1
v2,24,5,0,early,16,101,7,0
v2,24,5,1,early,16,101,7,0
v1,131,3,0,early,16,60,12,0
v1,131,3,1,early,16,60,12,0
v2,131,3,0,early,16,60,12,0
v2,131,3,1,early,16,60,12,0
v1,70,1,0,early,16,20,7,0
v1,70,1,1,early,16,20,7,0
v2,70,1,0,early,16,20,7,0
v2,70,1,1,early,16,20,7,0
v1,916,7,0,early,12,138,6,0
v1,916,7,1,early,12,138,6,0
v2,916,7,0,early,12,138,6,0
v2,916,7,1,early,12,138,6,0
v1,870,7,0,early,14,110,13,0
v1,870,7,1,early,14,110,13,1
v2,870,7,0,early,14,110,13,0
v2,870,7,1,early,14,110,13,0
v1,162,1,0,early,16,20,8,0
v1,162,1,1,early,16,20,8,0
v2,162,1,0,early,16,20,8,0
v2,162,1,1,early,16,20,8,0
v1,834,0,0,early,14,0,0,0
v1,834,0,1,early,14,0,0,0
v2,834,0,0,early,14,0,0,0
v2,834,0,1,early,14,0,0,0
v1,847,4,0,early,15,81,5,0
v1,847,4,1,early,15,81,5,0
v2,847,4,0,early,15,81,5,0
v2,847,4,1,early,15,81,5,0
v1,91,4,0,early,16,76,12,0
v1,91,4,1,early,16,76,12,0
v2,91,4,0,early,16,76,12,0
v2,91,4,1,early,16,76,12,0
v1,32,6,0,early,16,111,8,0
v1,32,6,1,early,16,111,8,0
v2,32,6,0,early,16,111,8,0
v2,32,6,1,early,16,111,8,0
v1,820,0,0,early,12,0,0,0
v1,820,0,1,early,12,0,0,0
v2,820,0,0,early,12,0,0,0
v2,820,0,1,early,12,0,0,0
v1,271,3,0,early,16,59,7,0
v1,271,3,1,early,16,59,7,0
v2,271,3,0,early,16,59,7,0
v2,271,3,1,early,16,59,7,0
v1,64,3,0,early,16,62,10,0
v1,64,3,1,early,16,62,10,0
v2,64,3,0,early,16,62,10,0
v2,64,3,1,early,16,62,10,0
v1,808,3,0,early,12,63,7,1
v1,808,3,1,early,12,63,7,0
v2,808,3,0,early,12,63,7,0
v2,808,3,1,early,12,63,7,0
v1,802,3,0,early,12,62,7,0
v1,802,3,1,early,12,62,7,0
v2,802,3,0,early,12,62,7,0
v2,802,3,1,early,12,62,7,0
v1,826,5,0,early,12,97,9,0
v1,826,5,1,early,12,97,9,1
v2,826,5,0,early,12,97,9,0
v2,826,5,1,early,12,97,9,0
v1,600,1,0,early,14,20,7,0
v1,600,1,1,early,14,20,7,0
v2,600,1,0,early,14,20,7,0
v2,600,1,1,early,14,20,7,0
v1,354,3,0,early,16,62,10,0
v1,354,3,1,early,16,62,10,0
v2,354,3,0,early,16,62,10,0
v2,354,3,1,early,16,62,10,0
v1,136,5,0,early,16,97,8,0
v1,136,5,1,early,16,97,8,0
v2,136,5,0,early,16,97,8,0
v2,136,5,1,early,16,97,8,0
v1,52,4,0,early,16,79,5,0
v1,52,4,1,early,16,79,5,0
v2,52,4,0,early,16,79,5,0
v2,52,4,1,early,16,79,5,0
v1,758,0,0,early,10,0,0,0
v1,758,0,1,early,10,0,0,0
v2,758,0,0,early,10,0,0,0
v2,758,0,1,early,10,0,0,0
v1,538,4,0,early,12,75,5,1
v1,538,4,1,early,12,75,5,0
v2,538,4,0,early,12,75,5,0
v2,538,4,1,early,12,75,5,0
v1,716,2,0,early,10,41,3,0
v1,716,2,1,early,10,41,3,0
v2,716,2,0,early,10,41,3,0
v2,716,2,1,early,10,41,3,0
v1,978,4,0,early,14,81,10,0
v1,978,4,1,early,14,81,10,0
v2,978,4,0,early,14,81,10,0
v2,978,4,1,early,14,81,10,0
v1,571,2,0,early,15,42,7,1
v1,571,2,1,early,15,42,7,0
v2,571,2,0,early,15,42,7,0
v2,571,2,1,early,15,42,7,0
v1,320,4,0,early,16,81,13,0
v1,320,4,1,early,16,81,13,0
v2,320,4,0,early,16,81,13,0
v2,320,4,1,early,16,81,13,0
v1,212,0,0,early,16,0,0,0
v1,212,0,1,early,16,0,0,0
v2,212,0,0,early,16,0,0,0
v2,212,0,1,early,16,0,0,0
v1,89,2,0,early,16,45,8,0
v1,89,2,1,early,16,45,8,0
v2,89,2,0,early,16,45,8,0
v2,89,2,1,early,16,45,8,0
v1,283,7,0,early,16,125,12,0
v1,283,7,1,early,16,125,12,0
v2,283,7,0,early,16,125,12,0
v2,283,7,1,early,16,125,12,0
v1,543,5,0,early,11,97,7,0
v1,543,5,1,early,11,97,7,0
v2,543,5,0,early,11,97,7,0
v2,543,5,1,early,11,97,7,0
v1,334,4,0,early,16,78,10,0
v1,334,4,1,early,16,78,10,0
v2,334,4,0,early,16,78,10,0
v2,334,4,1,early,16,78,10,0
v1,369,1,0,early,16,20,8,0
v1,369,1,1,early,16,20,8,0
v2,369,1,0,early,16,20,8,0
v2,369,1,1,early,16,20,8,0
v1,563,8,0,early,13,149,8,0
v1,563,8,1,early,13,149,8,0
v2,563,8,0,early,13,149,8,0
v2,563,8,1,early,13,149,8,0
v1,799,4,0,early,15,77,13,1
v1,799,4,1,early,15,77,13,0
v2,799,4,0,early,15,77,13,0
v2,799,4,1,early,15,77,13,0
v1,576,8,0,early,14,147,6,0
v1,576,8,1,early,14,147,6,0
v2,576,8,0,early,14,147,6,0
v2,576,8,1,early,14,147,6,0
v1,662,0,0,early,10,0,0,0
v1,662,0,1,early,10,0,0,0
v2,662,0,0,early,10,0,0,0
v2,662,0,1,early,10,0,0,0
v1,604,7,0,early,12,133,11,0
v1,604,7,1,early,12,133,11,0
v2,604,7,0,early,12,133,11,0
v2,604,7,1,early,12,133,11,0
v1,716,3,0,early,10,61,4,0
v1,716,3,1,early,10,61,4,0
v2,716,3,0,early,10,61,4,0
v2,716,3,1,early,10,61,4,0
v1,587,2,0,early,13,45,8,0
v1,587,2,1,early,13,45,8,0
v2,587,2,0,early,13,45,8,0
v2,587,2,1,early,13,45,8,0
v1,454,2,0,early,16,42,5,0
v1,454,2,1,early,16,42,5,1
v2,454,2,0,early,16,42,5,0
v2,454,2,1,early,16,42,5,0
v1,34,5,0,early,16,91,10,0
v1,34,5,1,early,16,91,10,0
v2,34,5,0,early,16,91,10,0
v2,34,5,1,early,16,91,10,0
v1,628,0,0,early,12,0,0,0
v1,628,0,1,early,12,0,0,0
v2,628,0,0,early,12,0,0,0
v2,628,0,1,early,12,0,0,0
v1,905,2,0,early,13,40,10,0
v1,905,2,1,early,13,40,10,0
v2,905,2,0,early,13,40,10,0
v2,905,2,1,early,13,40,10,0
v1,269,6,0,early,16,109,9,0
v1,269,6,1,early,16,109,9,0
v2,269,6,0,early,16,109,9,0
v2,269,6,1,early,16,109,9,0
v1,474,2,0,early,16,45,9,0
v1,474,2,1,early,16,45,9,0
v2,474,2,0,early,16,45,9,0
v2,474,2,1,early,16,45,9,0
v1,561,0,0,early,11,0,0,0
v1,561,0,1,early,11,0,0,0
v2,561,0,0,early,11,0,0,0
v2,561,0,1,early,11,0,0,0
v1,580,6,0,early,12,120,5,0
v1,580,6,1,early,12,120,5,0
v2,580,6,0,early,12,120,5,0
v2,580,6,1,early,12,120,5,0
v1,355,0,0,early,16,0,0,0
v1,355,0,1,early,16,0,0,0
v2,355,0,0,early,16,0,0,0
v2,355,0,1,early,16,0,0,0
v1,15,1,0,early,16,20,2,0
v1,15,1,1,early,16,20,2,0
v2,15,1,0,early,16,20,2,0
v2,15,1,1,early,16,20,2,0
v1,81,1,0,early,16,20,5,0
v1,81,1,1,early,16,20,5,0
v2,81,1,0,early,16,20,5,0
v2,81,1,1,early,16,20,5,0
v1,765,6,0,early,11,113,11,0
v1,765,6,1,early,11,113,11,1
v2,765,6,0,early,11,113,11,0
v2,765,6,1,early,11,113,11,0
v1,1005,7,0,early,11,134,9,0
v1,1005,7,1,early,11,134,9,0
v2,1005,7,0,early,11,134,9,0
v2,1005,7,1,early,11,134,9,0
v1,315,4,0,early,16,77,13,0
v1,315,4,1,early,16,77,13,0
v2,315,4,0,early,16,77,13,0
v2,315,4,1,early,16,77,13,0
v1,974,5,0,early,10,99,10,0
v1,974,5,1,early,10,99,10,0
v2,974,5,0,early,10,99,10,0
v2,974,5,1,early,10,99,10,0
v1,310,3,0,early,16,61,12,0
v1,310,3,1,early,16,61,12,0
v2,310,3,0,early,16,61,12,0
v2,310,3,1,early,16,61,12,0
v1,324,2,0,early,16,42,8,0
v1,324,2,1,early,16,42,8,0
v2,324,2,0,early,16,42,8,0
v2,324,2,1,early,16,42,8,0
v1,819,2,0,early,11,46,9,0
v1,819,2,1,early,11,46,9,0
v2,819,2,0,early,11,46,9,0
v2,819,2,1,early,11,46,9,0
v1,621,2,0,early,11,41,7,0
v1,621,2,1,early,11,41,7,0
v2,621,2,0,early,11,41,7,0
v2,621,2,1,early,11,41,7,0
v1,777,5,0,early,11,102,5,0
v1,777,5,1,early,11,102,5,0
v2,777,5,0,early,11,102,5,0
v2,777,5,1,early,11,102,5,0
v1,522,3,0,early,14,64,6,1
v1,522,3,1,early,14,64,6,0
v2,522,3,0,early,14,64,6,0
v2,522,3,1,early,14,64,6,0
v1,664,0,0,early,12,0,0,0
v1,664,0,1,early,12,0,0,0
v2,664,0,0,early,12,0,0,0
v2,664,0,1,early,12,0,0,0
v1,927,8,0,early,11,144,7,1
v1,927,8,1,early,11,144,7,0
v2,927,8,0,early,11,144,7,0
v2,927,8,1,early,11,144,7,0
v1,711,6,0,early,11,108,8,0
v1,711,6,1,early,11,108,8,0
v2,711,6,0,early,11,108,8,0
v2,711,6,1,early,11,108,8,0
v1,818,5,0,early,10,99,6,0
v1,818,5,1,early,10,99,6,0
v2,818,5,0,early,10,99,6,0
v2,818,5,1,early,10,99,6,0
v1,979,6,0,early,15,114,9,0
v1,979,6,1,early,15,114,9,0
v2,979,6,0,early,15,114,9,0
v2,979,6,1,early,15,114,9,0
v1,717,1,0,early,11,20,4,0
v1,717,1,1,early,11,20,4,0
v2,717,1,0,early,11,20,4,0
v2,717,1,1,early,11,20,4,0
v1,277,0,0,early,16,0,0,0
v1,277,0,1,early,16,0,0,0
v2,277,0,0,early,16,0,0,0
v2,277,0,1,early,16,0,0,0
v1,912,6,0,early,14,114,10,0
v1,912,6,1,early,14,114,10,0
v2,912,6,0,early,14,114,10,0
v2,912,6,1,early,14,114,10,0
v1,105,7,0,early,16,133,10,0
v1,105,7,1,early,16,133,10,0
v2,105,7,0,early,16,133,10,0
v2,105,7,1,early,16,133,10,0
v1,521,7,0,early,13,134,10,0
v1,521,7,1,early,13,134,10,0
v2,521,7,0,early,13,134,10,0
v2,521,7,1,early,13,134,10,0
v1,132,6,0,early,16,104,10,0
v1,132,6,1,early,16,104,10,0
v2,132,6,0,early,16,104,10,0
v2,132,6,1,early,16,104,10,0
v1,1014,6,0,early,14,112,13,0
v1,1014,6,1,early,14,112,13,0
v2,1014,6,0,early,14,112,13,0
v2,1014,6,1,early,14,112,13,0
v1,571,0,0,early,15,0,0,0
v1,571,0,1,early,15,0,0,0
v2,571,0,0,early,15,0,0,0
v2,571,0,1,early,15,0,0,0
v1,974,3,0,early,10,62,10,0
v1,974,3,1,early,10,62,10,0
v2,974,3,0,early,10,62,10,0
v2,974,3,1,early,10,62,10,0
v1,815,3,0,early,13,60,9,1
v1,815,3,1,early,13,60,9,0
v2,815,3,0,early,13,60,9,0
v2,815,3,1,early,13,60,9,0
v1,882,3,0,early,14,62,8,1
v1,882,3,1,early,14,62,8,0
v2,882,3,0,early,14,62,8,0
v2,882,3,1,early,14,62,8,0
v1,784,8,0,early,12,146,8,0
v1,784,8,1,early,12,146,8,0
v2,784,8,0,early,12,146,8,0
v2,784,8,1,early,12,146,8,0
v1,516,8,0,early,14,142,11,0
v1,516,8,1,early,14,142,11,0
v2,516,8,0,early,14,142,11,0
v2,516,8,1,early,14,142,11,0
v1,791,6,0,early,13,118,5,0
v1,791,6,1,early,13,118,5,0
v2,791,6,0,early,13,118,5,0
v2,791,6,1,early,13,118,5,0
v1,761,2,0,early,13,45,5,0
v1,761,2,1,early,13,45,5,0
v2,761,2,0,early,13,45,5,0
v2,761,2,1,early,13,45,5,0
v1,203,0,0,early,16,0,0,0
v1,203,0,1,early,16,0,0,0
v2,203,0,0,early,16,0,0,0
v2,203,0,1,early,16,0,0,0
v1,313,5,0,early,16,93,12,0
v1,313,5,1,early,16,93,12,0
v2,313,5,0,early,16,93,12,0
v2,313,5,1,early,16,93,12,0
v1,143,5,0,early,16,100,6,1
v1,143,5,1,early,16,100,6,0
v2,143,5,0,early,16,100,6,0
v2,143,5,1,early,16,100,6,0
v1,407,0,0,early,16,0,0,0
v1,407,0,1,early,16,0,0,0
v2,407,0,0,early,16,0,0,0
v2,407,0,1,early,16,0,0,0
v1,614,7,0,early,10,135,6,0
v1,614,7,1,early,10,135,6,0
v2,614,7,0,early,10,135,6,0
v2,614,7,1,early,10,135,6,0
v1,391,2,0,early,16,47,12,0
v1,391,2,1,early,16,47,12,0
v2,391,2,0,early,16,47,12,0
v2,391,2,1,early,16,47,12,0
v1,98,4,0,early,16,79,12,0
v1,98,4,1,early,16,79,12,0
v2,98,4,0,early,16,79,12,0
v2,98,4,1,early,16,79,12,0
v1,753,3,0,early,11,61,4,0
v1,753,3,1,early,11,61,4,0
v2,753,3,0,early,11,61,4,0
v2,753,3,1,early,11,61,4,0
v1,766,5,0,early,12,98,5,0
v1,766,5,1,early,12,98,5,0
v2,766,5,0,early,12,98,5,0
v2,766,5,1,early,12,98,5,0
v1,513,2,0,early,11,42,9,0
v1,513,2,1,early,11,42,9,0
v2,513,2,0,early,11,42,9,0
v2,513,2,1,early,11,42,9,0
v1,272,5,0,early,16,103,11,0
v1,272,5,1,early,16,103,11,0
v2,272,5,0,early,16,103,11,0
v2,272,5,1,early,16,103,11,0
v1,961,5,0,early,15,94,11,1
v1,961,5,1,early,15,94,11,0
v2,961,5,0,early,15,94,11,0
v2,961,5,1,early,15,94,11,0
v1,885,3,0,early,11,62,6,0
v1,885,3,1,early,11,62,6,1
v2,885,3,0,early,11,62,6,0
v2,885,3,1,early,11,62,6,0
v1,171,1,0,early,16,20,4,0
v1,171,1,1,early,16,20,4,0
v2,171,1,0,early,16,20,4,0
v2,171,1,1,early,16,20,4,0
v1,561,7,0,early,11,135,9,0
v1,561,7,1,early,11,135,9,0
v2,561,7,0,early,11,135,9,0
v2,561,7,1,early,11,135,9,0
v1,914,2,0,early,10,45,3,0
v1,914,2,1,early,10,45,3,0
v2,914,2,0,early,10,45,3,0
v2,914,2,1,early,10,45,3,0
v1,1019,4,0,early,13,81,7,0
v1,1019,4,1,early,13,81,7,0
v2,1019,4,0,early,13,81,7,0
v2,1019,4,1,early,13,81,7,0
v1,141,2,0,early,16,46,13,0
v1,141,2,1,early,16,46,13,0
v2,141,2,0,early,16,46,13,0
v2,141,2,1,early,16,46,13,0
v1,995,6,0,early,13,113,9,0
v1,995,6,1,early,13,113,9,0
v2,995,6,0,early,13,113,9,0
v2,995,6,1,early,13,113,9,0
v1,804,2,0,early,14,43,3,0
v1,804,2,1,early,14,43,3,0
v2,804,2,0,early,14,43,3,0
v2,804,2,1,early,14,43,3,0
v1,34,4,0,early,16,76,10,0
v1,34,4,1,early,16,76,10,0
v2,34,4,0,early,16,76,10,0
v2,34,4,1,early,16,76,10,0
v1,529,3,0,early,15,58,8,1
v1,529,3,1,early,15,58,8,0
v2,529,3,0,early,15,58,8,0
v2,529,3,1,early,15,58,8,0
v1,1004,7,0,early,10,140,8,0
v1,1004,7,1,early,10,140,8,0
v2,1004,7,0,early,10,140,8,0
v2,1004,7,1,early,10,140,8,0
v1,584,6,0,early,10,111,10,0
v1,584,6,1,early,10,111,10,0
v2,584,6,0,early,10,111,10,0
v2,584,6,1,early,10,111,10,0
v1,396,7,0,early,16,128,13,0
v1,396,7,1,early,16,128,13,0
v2,396,7,0,early,16,128,13,0
v2,396,7,1,early,16,128,13,0
v1,1002,7,0,early,14,116,13,0
v1,1002,7,1,early,14,116,13,0
v2,1002,7,0,early,14,116,13,0
v2,1002,7,1,early,14,116,13,0
v1,267,0,0,early,16,0,0,0
v1,267,0,1,early,16,0,0,0
v2,267,0,0,early,16,0,0,0
v2,267,0,1,early,16,0,0,0
v1,582,3,0,early,14,63,9,0
v1,582,3,1,early,14,63,9,0
v2,582,3,0,early,14,63,9,0
v2,582,3,1,early,14,63,9,0
v1,398,3,0,early,16,61,10,0
v1,398,3,1,early,16,61,10,0
v2,398,3,0,early,16,61,10,0
v2,398,3,1,early,16,61,10,0
v1,701,6,0,early,13,110,12,0
v1,701,6,1,early,13,110,12,0
v2,701,6,0,early,13,110,12,0
v2,701,6,1,early,13,110,12,0
v1,400,5,0,early,16,101,9,0
v1,400,5,1,early,16,101,9,0
v2,400,5,0,early,16,101,9,0
v2,400,5,1,early,16,101,9,0
v1,405,3,0,early,16,63,8,0
v1,405,3,1,early,16,63,8,0
v2,405,3,0,early,16,63,8,0
v2,405,3,1,early,16,63,8,0
v1,362,5,0,early,16,100,8,0
v1,362,5,1,early,16,100,8,0
v2,362,5,0,early,16,100,8,0
v2,362,5,1,early,16,100,8,0
v1,371,3,0,early,16,60,12,0
v1,371,3,1,early,16,60,12,0
v2,371,3,0,early,16,60,12,0
v2,371,3,1,early,16,60,12,0
v1,497,6,0,early,16,118,9,0
v1,497,6,1,early,16,118,9,0
v2,497,6,0,early,16,118,9,0
v2,497,6,1,early,16,118,9,0
v1,40,4,0,early,16,74,15,1
v1,40,4,1,early,16,74,15,0
v2,40,4,0,early,16,74,15,0
v2,40,4,1,early,16,74,15,0
v1,878,7,0,early,10,133,6,0
v1,878,7,1,early,10,133,6,0
v2,878,7,0,early,10,133,6,0
v2,878,7,1,early,10,133,6,0
v1,993,5,0,early,11,98,9,1
v1,993,5,1,early,11,98,9,0
v2,993,5,0,early,11,98,9,0
v2,993,5,1,early,11,98,9,0
v1,755,3,0,early,13,63,9,0
v1,755,3,1,early,13,63,9,0
v2,755,3,0,early,13,63,9,0
v2,755,3,1,early,13,63,9,0
v1,915,3,0,early,11,63,4,0
v1,915,3,1,early,11,63,4,0
v2,915,3,0,early,11,63,4,0
v2,915,3,1,early,11,63,4,0
v1,828,5,0,early,14,99,10,0
v1,828,5,1,early,14,99,10,0
v2,828,5,0,early,14,99,10,0
v2,828,5,1,early,14,99,10,0
v1,12,4,0,early,16,81,13,0
v1,12,4,1,early,16,81,13,0
v2,12,4,0,early,16,81,13,0
v2,12,4,1,early,16,81,13,0
v1,811,6,0,early,15,111,12,0
v1,811,6,1,early,15,111,12,0
v2,811,6,0,early,15,111,12,0
v2,811,6,1,early,15,111,12,0
v1,611,8,0,early,13,147,12,1
v1,611,8,1,early,13,147,12,1
v2,611,8,0,early,13,147,12,0
v2,611,8,1,early,13,147,12,0
v1,538,2,0,early,12,43,5,0
v1,538,2,1,early,12,43,5,0
v2,538,2,0,early,12,43,5,0
v2,538,2,1,early,12,43,5,0
v1,937,2,0,early,15,41,4,0
v1,937,2,1,early,15,41,4,0
v2,937,2,0,early,15,41,4,0
v2,937,2,1,early,15,41,4,0
v1,383,3,0,early,16,64,12,0
v1,383,3,1,early,16,64,12,0
v2,383,3,0,early,16,64,12,0
v2,383,3,1,early,16,64,12,0
v1,502,4,0,early,16,78,10,0
v1,502,4,1,early,16,78,10,0
v2,502,4,0,early,16,78,10,0
v2,502,4,1,early,16,78,10,0
v1,792,6,0,early,14,109,12,0
v1,792,6,1,early,14,109,12,0
v2,792,6,0,early,14,109,12,0
v2,792,6,1,early,14,109,12,0
v1,224,7,0,early,16,118,12,0
v1,224,7,1,early,16,118,12,0
v2,224,7,0,early,16,118,12,0
v2,224,7,1,early,16,118,12,0
v1,1009,2,0,early,15,43,4,0
v1,1009,2,1,early,15,43,4,0
v2,1009,2,0,early,15,43,4,0
v2,1009,2,1,early,15,43,4,0
v1,233,4,0,early,16,84,10,0
v1,233,4,1,early,16,84,10,0
v2,233,4,0,early,16,84,10,0
v2,233,4,1,early,16,84,10,0
v1,430,1,0,early,16,20,4,0
v1,430,1,1,early,16,20,4,0
v2,430,1,0,early,16,20,4,0
v2,430,1,1,early,16,20,4,0
v1,547,6,0,early,15,116,11,0
v1,547,6,1,early,15,116,11,0
v2,547,6,0,early,15,116,11,0
v2,547,6,1,early,15,116,11,0
v1,835,6,0,early,15,110,14,0
v1,835,6,1,early,15,110,14,0
v2,835,6,0,early,15,110,14,0
v2,835,6,1,early,15,110,14,0
v1,534,8,0,early,14,141,11,0
v1,534,8,1,early,14,141,11,0
v2,534,8,0,early,14,141,11,0
v2,534,8,1,early,14,141,11,0
v1,26,4,0,early,16,83,11,0
v1,26,4,1,early,16,83,11,0
v2,26,4,0,early,16,83,11,0
v2,26,4,1,early,16,83,11,0
v1,45,5,0,early,16,104,11,0
v1,45,5,1,early,16,104,11,0
v2,45,5,0,early,16,104,11,0
v2,45,5,1,early,16,104,11,0
v1,560,3,0,early,10,60,5,0
v1,560,3,1,early,10,60,5,0
v2,560,3,0,early,10,60,5,0
v2,560,3,1,early,10,60,5,0
v1,938,5,0,early,10,104,6,0
v1,938,5,1,early,10,104,6,0
v2,938,5,0,early,10,104,6,0
v2,938,5,1,early,10,104,6,0
v1,616,5,0,early,12,99,9,0
v1,616,5,1,early,12,99,9,0
v2,616,5,0,early,12,99,9,0
v2,616,5,1,early,12,99,9,0
v1,869,4,0,early,13,82,7,0
v1,869,4,1,early,13,82,7,0
v2,869,4,0,early,13,82,7,0
v2,869,4,1,early,13,82,7,0
v1,446,2,0,early,16,44,12,0
v1,446,2,1,early,16,44,12,0
v2,446,2,0,early,16,44,12,0
v2,446,2,1,early,16,44,12,0
v1,854,5,0,early,10,101,4,0
v1,854,5,1,early,10,101,4,0
v2,854,5,0,early,10,101,4,0
v2,854,5,1,early,10,101,4,0
v1,185,1,0,early,16,20,8,0
v1,185,1,1,early,16,20,8,0
v2,185,1,0,early,16,20,8,0
v2,185,1,1,early,16,20,8,0
v1,598,8,0,early,12,136,9,0
v1,598,8,1,early,12,136,9,0
v2,598,8,0,early,12,136,9,0
v2,598,8,1,early,12,136,9,0
v1,720,4,0,early,14,80,8,0
v1,720,4,1,early,14,80,8,1
v2,720,4,0,early,14,80,8,0
v2,720,4,1,early,14,80,8,0
v1,933,7,0,early,11,124,10,0
v1,933,7,1,early,11,124,10,0
v2,933,7,0,early,11,124,10,0
v2,933,7,1,early,11,124,10,0
v1,321,3,0,early,16,61,6,0
v1,321,3,1,early,16,61,6,0
v2,321,3,0,early,16,61,6,0
v2,321,3,1,early,16,61,6,0
v1,789,3,0,early,11,61,6,0
v1,789,3,1,early,11,61,6,0
v2,789,3,0,early,11,61,6,0
v2,789,3,1,early,11,61,6,0
v1,594,1,0,early,14,20,6,0
v1,594,1,1,early,14,20,6,0
v2,594,1,0,early,14,20,6,0
v2,594,1,1,early,14,20,6,0
v1,632,4,0,early,10,82,3,0
v1,632,4,1,early,10,82,3,0
v2,632,4,0,early,10,82,3,0
v2,632,4,1,early,10,82,3,0
v1,874,2,0,early,12,40,2,0
v1,874,2,1,early,12,40,2,0
v2,874,2,0,early,12,40,2,0
v2,874,2,1,early,12,40,2,0
v1,716,8,0,early,10,143,5,0
v1,716,8,1,early,10,143,5,0
v2,716,8,0,early,10,143,5,0
v2,716,8,1,early,10,143,5,0
v1,938,2,0,early,10,43,4,0
v1,938,2,1,early,10,43,4,0
v2,938,2,0,early,10,43,4,0
v2,938,2,1,early,10,43,4,0
v1,635,0,0,early,13,0,0,0
v1,635,0,1,early,13,0,0,0
v2,635,0,0,early,13,0,0,0
v2,635,0,1,early,13,0,0,0
v1,900,8,0,early,14,150,8,0
v1,900,8,1,early,14,150,8,0
v2,900,8,0,early,14,150,8,0
v2,900,8,1,early,14,150,8,0
v1,1008,2,0,early,14,41,8,0
v1,1008,2,1,early,14,41,8,0
v2,1008,2,0,early,14,41,8,0
v2,1008,2,1,early,14,41,8,0
v1,102,0,0,early,16,0,0,0
v1,102,0,1,early,16,0,0,0
v2,102,0,0,early,16,0,0,0
v2,102,0,1,early,16,0,0,0
v1,807,5,0,early,11,99,9,0
v1,807,5,1,early,11,99,9,0
v2,807,5,0,early,11,99,9,0
v2,807,5,1,early,11,99,9,0
v1,608,1,0,early,10,20,2,0
v1,608,1,1,early,10,20,2,0
v2,608,1,0,early,10,20,2,0
v2,608,1,1,early,10,20,2,0
v1,676,7,0,early,12,111,11,0
v1,676,7,1,early,12,111,11,0
v2,676,7,0,early,12,111,11,0
v2,676,7,1,early,12,111,11,0
v1,193,3,0,early,16,65,8,0
v1,193,3,1,early,16,65,8,0
v2,193,3,0,early,16,65,8,0
v2,193,3,1,early,16,65,8,0
v1,470,0,0,early,16,0,0,0
v1,470,0,1,early,16,0,0,0
v2,470,0,0,early,16,0,0,0
v2,470,0,1,early,16,0,0,0
v1,394,5,0,early,16,93,14,1
v1,394,5,1,early,16,93,14,0
v2,394,5,0,early,16,93,14,0
v2,394,5,1,early,16,93,14,0
v1,172,0,0,early,16,0,0,0
v1,172,0,1,early,16,0,0,0
v2,172,0,0,early,16,0,0,0
v2,172,0,1,early,16,0,0,0
v1,557,2,0,early,13,47,9,0
v1,557,2,1,early,13,47,9,0
v2,557,2,0,early,13,47,9,0
v2,557,2,1,early,13,47,9,0
v1,785,6,0,early,13,116,7,0
v1,785,6,1,early,13,116,7,0
v2,785,6,0,early,13,116,7,0
v2,785,6,1,early,13,116,7,0
v1,888,2,0,early,14,41,8,0
v1,888,2,1,early,14,41,8,0
v2,888,2,0,early,14,41,8,0
v2,888,2,1,early,14,41,8,0
v1,335,0,0,early,16,0,0,0
v1,335,0,1,early,16,0,0,0
v2,335,0,0,early,16,0,0,0
v2,335,0,1,early,16,0,0,0
v1,532,3,0,early,12,59,6,0
v1,532,3,1,early,12,59,6,0
v2,532,3,0,early,12,59,6,0
v2,532,3,1,early,12,59,6,0
v1,858,7,0,early,14,140,5,0
v1,858,7,1,early,14,140,5,0
v2,858,7,0,early,14,140,5,0
v2,858,7,1,early,14,140,5,0
v1,216,3,0,early,16,60,10,0
v1,216,3,1,early,16,60,10,1
v2,216,3,0,early,16,60,10,0
v2,216,3,1,early,16,60,10,0
v1,394,2,0,early,16,41,11,1
v1,394,2,1,early,16,41,11,0
v2,394,2,0,early,16,41,11,0
v2,394,2,1,early,16,41,11,0
v1,934,1,0,early,12,20,3,0
v1,934,1,1,early,12,20,3,0
v2,934,1,0,early,12,20,3,0
v2,934,1,1,early,12,20,3,0
v1,720,2,0,early,14,42,7,0
v1,720,2,1,early,14,42,7,0
v2,720,2,0,early,14,42,7,0
v2,720,2,1,early,14,42,7,0
v1,827,0,0,early,13,0,0,0
v1,827,0,1,early,13,0,0,0
v2,827,0,0,early,13,0,0,0
v2,827,0,1,early,13,0,0,0
v1,499,3,0,early,16,65,10,0
v1,499,3,1,early,16,65,10,0
v2,499,3,0,early,16,65,10,0
v2,499,3,1,early,16,65,10,0
v1,2,2,0,early,16,42,8,0
v1,2,2,1,early,16,42,8,0
v2,2,2,0,early,16,42,8,0
v2,2,2,1,early,16,42,8,0
v1,485,2,0,early,16,42,9,0
v1,485,2,1,early,16,42,9,0
v2,485,2,0,early,16,42,9,0
v2,485,2,1,early,16,42,9,0
v1,508,4,0,early,16,82,13,0
v1,508,4,1,early,16,82,13,0
v2,508,4,0,early,16,82,13,0
v2,508,4,1,early,16,82,13,0
v1,768,4,0,early,14,90,10,0
v1,768,4,1,early,14,90,10,0
v2,768,4,0,early,14,90,10,0
v2,768,4,1,early,14,90,10,0
v1,397,1,0,early,16,20,4,0
v1,397,1,1,early,16,20,4,0
v2,397,1,0,early,16,20,4,0
v2,397,1,1,early,16,20,4,0
v1,34,0,0,early,16,0,0,0
v1,34,0,1,early,16,0,0,0
v2,34,0,0,early,16,0,0,0
v2,34,0,1,early,16,0,0,0
v1,92,0,0,early,16,0,0,0
v1,92,0,1,early,16,0,0,0
v2,92,0,0,early,16,0,0,0
v2,92,0,1,early,16,0,0,0
v1,654,8,0,early,14,120,12,0
v1,654,8,1,early,14,120,12,0
v2,654,8,0,early,14,120,12,0
v2,654,8,1,early,14,120,12,0
v1,459,5,0,early,16,90,12,0
v1,459,5,1,early,16,90,12,0
v2,459,5,0,early,16,90,12,0
v2,459,5,1,early,16,90,12,0
v1,543,6,0,early,11,118,7,0
v1,543,6,1,early,11,118,7,0
v2,543,6,0,early,11,118,7,0
v2,543,6,1,early,11,118,7,0
v1,826,0,0,early,12,0,0,0
v1,826,0,1,early,12,0,0,0
v2,826,0,0,early,12,0,0,0
v2,826,0,1,early,12,0,0,0
v1,718,8,0,early,12,141,8,0
v1,718,8,1,early,12,141,8,0
v2,718,8,0,early,12,141,8,0
v2,718,8,1,early,12,141,8,0
v1,30,6,0,early,16,109,12,0
v1,30,6,1,early,16,109,12,0
v2,30,6,0,early,16,109,12,0
v2,30,6,1,early,16,109,12,0
v1,973,3,0,early,15,63,10,0
v1,973,3,1,early,15,63,10,0
v2,973,3,0,early,15,63,10,0
v2,973,3,1,early,15,63,10,0
v1,780,1,0,early,14,20,8,0
v1,780,1,1,early,14,20,8,0
v2,780,1,0,early,14,20,8,0
v2,780,1,1,early,14,20,8,0
v1,78,4,0,early,16,82,7,1
v1,78,4,1,early,16,82,7,0
v2,78,4,0,early,16,82,7,0
v2,78,4,1,early,16,82,7,0
v1,662,2,0,early,10,40,4,0
v1,662,2,1,early,10,40,4,0
v2,662,2,0,early,10,40,4,0
v2,662,2,1,early,10,40,4,0
v1,664,3,0,early,12,61,5,0
v1,664,3,1,early,12,61,5,0
v2,664,3,0,early,12,61,5,0
v2,664,3,1,early,12,61,5,0
v1,774,3,0,early,14,61,2,0
v1,774,3,1,early,14,61,2,0
v2,774,3,0,early,14,61,2,0
v2,774,3,1,early,14,61,2,0
v1,752,0,0,early,10,0,0,0
v1,752,0,1,early,10,0,0,0
v2,752,0,0,early,10,0,0,0
v2,752,0,1,early,10,0,0,0
v1,402,2,0,early,16,42,8,0
v1,402,2,1,early,16,42,8,0
v2,402,2,0,early,16,42,8,0
v2,402,2,1,early,16,42,8,0
v1,717,0,0,early,11,0,0,0
v1,717,0,1,early,11,0,0,0
v2,717,0,0,early,11,0,0,0
v2,717,0,1,early,11,0,0,0
v1,923,2,0,early,13,44,4,0
v1,923,2,1,early,13,44,4,0
v2,923,2,0,early,13,44,4,0
v2,923,2,1,early,13,44,4,0
v1,606,3,0,early,14,64,5,0
v1,606,3,1,early,14,64,5,0
v2,606,3,0,early,14,64,5,0
v2,606,3,1,early,14,64,5,0
v1,699,6,0,early,11,112,8,0
v1,699,6,1,early,11,112,8,0
v2,699,6,0,early,11,112,8,0
v2,699,6,1,early,11,112,8,0
v1,174,5,0,early,16,95,14,0
v1,174,5,1,early,16,95,14,0
v2,174,5,0,early,16,95,14,0
v2,174,5,1,early,16,95,14,0
v1,980,8,0,early,10,139,6,0
v1,980,8,1,early,10,139,6,0
v2,980,8,0,early,10,139,6,0
v2,980,8,1,early,10,139,6,0
v1,814,8,0,early,12,143,11,0
v1,814,8,1,early,12,143,11,0
v2,814,8,0,early,12,143,11,0
v2,814,8,1,early,12,143,11,0
v1,17,1,0,early,16,20,4,0
v1,17,1,1,early,16,20,4,0
v2,17,1,0,early,16,20,4,0
v2,17,1,1,early,16,20,4,0
v1,736,2,0,early,12,47,2,0
v1,736,2,1,early,12,47,2,0
v2,736,2,0,early,12,47,2,0
v2,736,2,1,early,12,47,2,0
v1,696,6,0,early,14,114,7,0
v1,696,6,1,early,14,114,7,1
v2,696,6,0,early,14,114,7,0
v2,696,6,1,early,14,114,7,0
v1,524,0,0,early,10,0,0,0
v1,524,0,1,early,10,0,0,0
v2,524,0,0,early,10,0,0,0
v2,524,0,1,early,10,0,0,0
v1,1005,8,0,early,11,151,9,0
v1,1005,8,1,early,11,151,9,0
v2,1005,8,0,early,11,151,9,0
v2,1005,8,1,early,11,151,9,0
v1,526,2,0,early,12,42,7,0
v1,526,2,1,early,12,42,7,0
v2,526,2,0,early,12,42,7,0
v2,526,2,1,early,12,42,7,0
v1,550,2,0,early,12,44,5,0
v1,550,2,1,early,12,44,5,0
v2,550,2,0,early,12,44,5,0
v2,550,2,1,early,12,44,5,0
v1,564,6,0,early,14,118,9,0
v1,564,6,1,early,14,118,9,0
v2,564,6,0,early,14,118,9,0
v2,564,6,1,early,14,118,9,0
v1,464,2,0,early,16,41,9,0
v1,464,2,1,early,16,41,9,0
v2,464,2,0,early,16,41,9,0
v2,464,2,1,early,16,41,9,0
v1,956,8,0,early,10,156,7,0
v1,956,8,1,early,10,156,7,0
v2,956,8,0,early,10,156,7,0
v2,956,8,1,early,10,156,7,0
v1,1011,8,0,early,11,134,10,0
v1,1011,8,1,early,11,134,10,1
v2,1011,8,0,early,11,134,10,0
v2,1011,8,1,early,11,134,10,0
v1,309,4,0,early,16,83,14,0
v1,309,4,1,early,16,83,14,1
v2,309,4,0,early,16,83,14,0
v2,309,4,1,early,16,83,14,0
v1,926,6,0,early,10,114,4,0
v1,926,6,1,early,10,114,4,0
v2,926,6,0,early,10,114,4,0
v2,926,6,1,early,10,114,4,0
v1,740,0,0,early,10,0,0,0
v1,740,0,1,early,10,0,0,0
v2,740,0,0,early,10,0,0,0
v2,740,0,1,early,10,0,0,0
v1,946,6,0,early,12,106,9,1
v1,946,6,1,early,12,106,9,0
v2,946,6,0,early,12,106,9,0
v2,946,6,1,early,12,106,9,0
v1,612,4,0,early,14,77,5,0
v1,612,4,1,early,14,77,5,0
v2,612,4,0,early,14,77,5,0
v2,612,4,1,early,14,77,5,0
v1,434,7,0,early,16,136,10,0
v1,434,7,1,early,16,136,10,0
v2,434,7,0,early,16,136,10,0
v2,434,7,1,early,16,136,10,0
v1,559,5,0,early,15,95,6,0
v1,559,5,1,early,15,95,6,0
v2,559,5,0,early,15,95,6,0
v2,559,5,1,early,15,95,6,0
v1,866,5,0,early,10,100,7,0
v1,866,5,1,early,10,100,7,0
v2,866,5,0,early,10,100,7,0
v2,866,5,1,early,10,100,7,0
v1,867,6,0,early,11,118,7,0
v1,867,6,1,early,11,118,7,0
v2,867,6,0,early,11,118,7,0
v2,867,6,1,early,11,118,7,0
v1,743,1,0,early,13,20,4,0
v1,743,1,1,early,13,20,4,0
v2,743,1,0,early,13,20,4,0
v2,743,1,1,early,13,20,4,0
v1,443,0,0,early,16,0,0,0
v1,443,0,1,early,16,0,0,0
v2,443,0,0,early,16,0,0,0
v2,443,0,1,early,16,0,0,0
v1,371,5,0,early,16,84,12,0
v1,371,5,1,early,16,84,12,0
v2,371,5,0,early,16,84,12,0
v2,371,5,1,early,16,84,12,0
v1,978,7,0,early,14,117,10,0
v1,978,7,1,early,14,117,10,0
v2,978,7,0,early,14,117,10,0
v2,978,7,1,early,14,117,10,0
v1,252,4,0,early,16,81,6,0
v1,252,4,1,early,16,81,6,0
v2,252,4,0,early,16,81,6,0
v2,252,4,1,early,16,81,6,0
v1,261,5,0,early,16,90,12,0
v1,261,5,1,early,16,90,12,0
v2,261,5,0,early,16,90,12,0
v2,261,5,1,early,16,90,12,0
v1,880,3,0,early,12,73,8,0
v1,880,3,1,early,12,73,8,0
v2,880,3,0,early,12,73,8,0
v2,880,3,1,early,12,73,8,0
v1,340,1,0,early,16,20,7,0
v1,340,1,1,early,16,20,7,0
v2,340,1,0,early,16,20,7,0
v2,340,1,1,early,16,20,7,0
v1,180,7,0,early,16,118,14,0
v1,180,7,1,early,16,118,14,0
v2,180,7,0,early,16,118,14,0
v2,180,7,1,early,16,118,14,0
v1,745,8,0,early,15,133,14,0
v1,745,8,1,early,15,133,14,0
v2,745,8,0,early,15,133,14,0
v2,745,8,1,early,15,133,14,0
v1,432,2,0,early,16,44,10,1
v1,432,2,1,early,16,44,10,0
v2,432,2,0,early,16,44,10,0
v2,432,2,1,early,16,44,10,0
v1,368,0,0,early,16,0,0,0
v1,368,0,1,early,16,0,0,0
v2,368,0,0,early,16,0,0,0
v2,368,0,1,early,16,0,0,0
v1,676,2,0,early,12,46,8,0
v1,676,2,1,early,12,46,8,0
v2,676,2,0,early,12,46,8,0
v2,676,2,1,early,12,46,8,0
v1,508,2,0,early,16,47,13,0
v1,508,2,1,early,16,47,13,0
v2,508,2,0,early,16,47,13,0
v2,508,2,1,early,16,47,13,0
v1,953,1,0,early,13,20,10,0
v1,953,1,1,early,13,20,10,0
v2,953,1,0,early,13,20,10,0
v2,953,1,1,early,13,20,10,0
v1,615,1,0,early,11,20,3,0
v1,615,1,1,early,11,20,3,0
v2,615,1,0,early,11,20,3,0
v2,615,1,1,early,11,20,3,0
v1,828,3,0,early,14,64,8,0
v1,828,3,1,early,14,64,8,0
v2,828,3,0,early,14,64,8,0
v2,828,3,1,early,14,64,8,0
v1,956,2,0,early,10,45,6,0
v1,956,2,1,early,10,45,6,0
v2,956,2,0,early,10,45,6,0
v2,956,2,1,early,10,45,6,0
v1,339,2,0,early,16,41,6,0
v1,339,2,1,early,16,41,6,0
v2,339,2,0,early,16,41,6,0
v2,339,2,1,early,16,41,6,0
v1,211,2,0,early,16,42,7,0
v1,211,2,1,early,16,42,7,0
v2,211,2,0,early,16,42,7,0
v2,211,2,1,early,16,42,7,0
v1,614,0,0,early,10,0,0,0
v1,614,0,1,early,10,0,0,0
v2,614,0,0,early,10,0,0,0
v2,614,0,1,early,10,0,0,0
v1,393,2,0,early,16,43,10,0
v1,393,2,1,early,16,43,10,0
v2,393,2,0,early,16,43,10,0
v2,393,2,1,early,16,43,10,0
v1,148,1,0,early,16,20,7,0
v1,148,1,1,early,16,20,7,0
v2,148,1,0,early,16,20,7,0
v2,148,1,1,early,16,20,7,0
v1,423,2,0,early,16,50,11,0
v1,423,2,1,early,16,50,11,0
v2,423,2,0,early,16,50,11,0
v2,423,2,1,early,16,50,11,0
v1,250,5,0,early,16,94,13,0
v1,250,5,1,early,16,94,13,0
v2,250,5,0,early,16,94,13,0
v2,250,5,1,early,16,94,13,0
v1,637,4,0,early,15,83,12,0
v1,637,4,1,early,15,83,12,0
v2,637,4,0,early,15,83,12,0
v2,637,4,1,early,15,83,12,0
v1,313,1,0,early,16,20,5,0
v1,313,1,1,early,16,20,5,0
v2,313,1,0,early,16,20,5,0
v2,313,1,1,early,16,20,5,0
v1,830,2,0,early,10,42,2,0
v1,830,2,1,early,10,42,2,0
v2,830,2,0,early,10,42,2,0
v2,830,2,1,early,10,42,2,0
v1,267,2,0,early,16,42,9,0
v1,267,2,1,early,16,42,9,0
v2,267,2,0,early,16,42,9,0
v2,267,2,1,early,16,42,9,0
v1,992,3,0,early,10,68,9,0
v1,992,3,1,early,10,68,9,0
v2,992,3,0,early,10,68,9,0
v2,992,3,1,early,10,68,9,0
v1,975,1,0,early,11,20,4,0
v1,975,1,1,early,11,20,4,0
v2,975,1,0,early,11,20,4,0
v2,975,1,1,early,11,20,4,0
v1,643,7,0,early,15,132,10,0
v1,643,7,1,early,15,132,10,0
v2,643,7,0,early,15,132,10,0
v2,643,7,1,early,15,132,10,0
v1,1022,2,0,early,10,43,4,0
v1,1022,2,1,early,10,43,4,0
v2,1022,2,0,early,10,43,4,0
v2,1022,2,1,early,10,43,4,0
v1,791,7,0,early,13,143,5,0
v1,791,7,1,early,13,143,5,0
v2,791,7,0,early,13,143,5,0
v2,791,7,1,early,13,143,5,0
v1,563,4,0,early,13,79,7,0
v1,563,4,1,early,13,79,7,0
v2,563,4,0,early,13,79,7,0
v2,563,4,1,early,13,79,7,0
v1,863,5,0,early,13,91,7,0
v1,863,5,1,early,13,91,7,0
v2,863,5,0,early,13,91,7,0
v2,863,5,1,early,13,91,7,0
v1,417,4,0,early,16,83,15,0
v1,417,4,1,early,16,83,15,0
v2,417,4,0,early,16,83,15,0
v2,417,4,1,early,16,83,15,0
v1,921,7,0,early,11,127,8,0
v1,921,7,1,early,11,127,8,1
v2,921,7,0,early,11,127,8,0
v2,921,7,1,early,11,127,8,0
v1,449,7,0,early,16,122,10,1
v1,449,7,1,early,16,122,10,0
v2,449,7,0,early,16,122,10,0
v2,449,7,1,early,16,122,10,0
v1,845,8,0,early,13,127,8,0
v1,845,8,1,early,13,127,8,0
v2,845,8,0,early,13,127,8,0
v2,845,8,1,early,13,127,8,0
v1,45,1,0,early,16,20,2,0
v1,45,1,1,early,16,20,2,0
v2,45,1,0,early,16,20,2,0
v2,45,1,1,early,16,20,2,0
v1,883,1,0,early,15,20,9,0
v1,883,1,1,early,15,20,9,1
v2,883,1,0,early,15,20,9,0
v2,883,1,1,early,15,20,9,0
v1,561,6,0,early,11,113,9,0
v1,561,6,1,early,11,113,9,0
v2,561,6,0,early,11,113,9,0
v2,561,6,1,early,11,113,9,0
v1,272,0,0,early,16,0,0,0
v1,272,0,1,early,16,0,0,0
v2,272,0,0,early,16,0,0,0
v2,272,0,1,early,16,0,0,0
v1,622,0,0,early,12,0,0,0
v1,622,0,1,early,12,0,0,0
v2,622,0,0,early,12,0,0,0
v2,622,0,1,early,12,0,0,0
v1,304,4,0,early,16,76,9,0
v1,304,4,1,early,16,76,9,0
v2,304,4,0,early,16,76,9,0
v2,304,4,1,early,16,76,9,0
v1,159,2,0,early,16,48,11,0
v1,159,2,1,early,16,48,11,0
v2,159,2,0,early,16,48,11,0
v2,159,2,1,early,16,48,11,0
v1,545,0,0,early,13,0,0,0
v1,545,0,1,early,13,0,0,0
v2,545,0,0,early,13,0,0,0
v2,545,0,1,early,13,0,0,0
v1,977,5,0,early,13,99,10,0
v1,977,5,1,early,13,99,10,0
v2,977,5,0,early,13,99,10,0
v2,977,5,1,early,13,99,10,0
v1,782,1,0,early,10,20,2,0
v1,782,1,1,early,10,20,2,0
v2,782,1,0,early,10,20,2,0
v2,782,1,1,early,10,20,2,0
v1,753,2,0,early,11,42,4,0
v1,753,2,1,early,11,42,4,0
v2,753,2,0,early,11,42,4,0
v2,753,2,1,early,11,42,4,0
v1,671,7,0,early,13,123,11,0
v1,671,7,1,early,13,123,11,0
v2,671,7,0,early,13,123,11,0
v2,671,7,1,early,13,123,11,0
v1,674,3,0,early,10,62,9,0
v1,674,3,1,early,10,62,9,0
v2,674,3,0,early,10,62,9,0
v2,674,3,1,early,10,62,9,0
v1,145,1,0,early,16,20,6,0
v1,145,1,1,early,16,20,6,0
v2,145,1,0,early,16,20,6,0
v2,145,1,1,early,16,20,6,0
v1,862,7,0,early,12,129,8,0
v1,862,7,1,early,12,129,8,0
v2,862,7,0,early,12,129,8,0
v2,862,7,1,early,12,129,8,0
v1,844,8,0,early,12,148,10,0
v1,844,8,1,early,12,148,10,0
v2,844,8,0,early,12,148,10,0
v2,844,8,1,early,12,148,10,0
v1,739,6,0,early,15,110,11,0
v1,739,6,1,early,15,110,11,0
v2,739,6,0,early,15,110,11,0
v2,739,6,1,early,15,110,11,0
v1,603,8,0,early,11,139,8,0
v1,603,8,1,early,11,139,8,0
v2,603,8,0,early,11,139,8,0
v2,603,8,1,early,11,139,8,0
v1,845,4,0,early,13,75,8,0
v1,845,4,1,early,13,75,8,0
v2,845,4,0,early,13,75,8,0
v2,845,4,1,early,13,75,8,0
v1,280,2,0,early,16,41,6,0
v1,280,2,1,early,16,41,6,0
v2,280,2,0,early,16,41,6,0
v2,280,2,1,early,16,41,6,0
v1,730,7,0,early,12,133,7,1
v1,730,7,1,early,12,133,7,0
v2,730,7,0,early,12,133,7,0
v2,730,7,1,early,12,133,7,0
v1,679,8,0,early,15,137,12,0
v1,679,8,1,early,15,137,12,0
v2,679,8,0,early,15,137,12,0
v2,679,8,1,early,15,137,12,0
v1,140,1,0,early,16,20,4,0
v1,140,1,1,early,16,20,4,0
v2,140,1,0,early,16,20,4,0
v2,140,1,1,early,16,20,4,0
v1,955,1,0,early,15,20,9,0
v1,955,1,1,early,15,20,9,0
v2,955,1,0,early,15,20,9,0
v2,955,1,1,early,15,20,9,0
v1,849,5,0,early,11,95,7,0
v1,849,5,1,early,11,95,7,0
v2,849,5,0,early,11,95,7,0
v2,849,5,1,early,11,95,7,0
v1,100,4,0,early,16,75,9,0
v1,100,4,1,early,16,75,9,0
v2,100,4,0,early,16,75,9,0
v2,100,4,1,early,16,75,9,0
v1,439,2,0,early,16,41,12,0
v1,439,2,1,early,16,41,12,0
v2,439,2,0,early,16,41,12,0
v2,439,2,1,early,16,41,12,0
v1,428,4,0,early,16,92,11,0
v1,428,4,1,early,16,92,11,0
v2,428,4,0,early,16,92,11,0
v2,428,4,1,early,16,92,11,0
v1,1016,4,0,early,10,79,7,0
v1,1016,4,1,early,10,79,7,0
v2,1016,4,0,early,10,79,7,0
v2,1016,4,1,early,10,79,7,0
v1,547,0,0,early,15,0,0,0
v1,547,0,1,early,15,0,0,0
v2,547,0,0,early,15,0,0,0
v2,547,0,1,early,15,0,0,0
v1,460,0,0,early,16,0,0,0
v1,460,0,1,early,16,0,0,0
v2,460,0,0,early,16,0,0,0
v2,460,0,1,early,16,0,0,0
v1,94,4,0,early,16,83,5,0
v1,94,4,1,early,16,83,5,0
v2,94,4,0,early,16,83,5,0
v2,94,4,1,early,16,83,5,0
v1,971,4,0,early,13,78,7,0
v1,971,4,1,early,13,78,7,0
v2,971,4,0,early,13,78,7,0
v2,971,4,1,early,13,78,7,0
v1,389,3,0,early,16,65,9,0
v1,389,3,1,early,16,65,9,0
v2,389,3,0,early,16,65,9,0
v2,389,3,1,early,16,65,9,0
v1,593,5,0,early,13,99,5,0
v1,593,5,1,early,13,99,5,0
v2,593,5,0,early,13,99,5,0
v2,593,5,1,early,13,99,5,0
v1,926,2,0,early,10,41,3,0
v1,926,2,1,early,10,41,3,0
v2,926,2,0,early,10,41,3,0
v2,926,2,1,early,10,41,3,0
v1,138,0,0,early,16,0,0,0
v1,138,0,1,early,16,0,0,0
v2,138,0,0,early,16,0,0,0
v2,138,0,1,early,16,0,0,0
v1,757,0,0,early,15,0,0,0
v1,757,0,1,early,15,0,0,0
v2,757,0,0,early,15,0,0,0
v2,757,0,1,early,15,0,0,0
v1,663,6,0,early,11,115,8,0
v1,663,6,1,early,11,115,8,0
v2,663,6,0,early,11,115,8,0
v2,663,6,1,early,11,115,8,0
v1,737,2,0,early,13,42,5,0
v1,737,2,1,early,13,42,5,0
v2,737,2,0,early,13,42,5,0
v2,737,2,1,early,13,42,5,0
v1,522,1,0,early,14,20,5,0
v1,522,1,1,early,14,20,5,0
v2,522,1,0,early,14,20,5,0
v2,522,1,1,early,14,20,5,0
v1,523,7,0,early,15,121,7,0
v1,523,7,1,early,15,121,7,0
v2,523,7,0,early,15,121,7,0
v2,523,7,1,early,15,121,7,0
v1,909,1,0,early,11,20,3,0
v1,909,1,1,early,11,20,3,0
v2,909,1,0,early,11,20,3,0
v2,909,1,1,early,11,20,3,0
v1,902,3,0,early,10,61,9,0
v1,902,3,1,early,10,61,9,0
v2,902,3,0,early,10,61,9,0
v2,902,3,1,early,10,61,9,0
v1,368,5,0,early,16,99,13,0
v1,368,5,1,early,16,99,13,0
v2,368,5,0,early,16,99,13,0
v2,368,5,1,early,16,99,13,0
v1,264,0,0,early,16,0,0,0
v1,264,0,1,early,16,0,0,0
v2,264,0,0,early,16,0,0,0
v2,264,0,1,early,16,0,0,0
v1,162,3,0,early,16,60,10,0
v1,162,3,1,early,16,60,10,0
v2,162,3,0,early,16,60,10,0
v2,162,3,1,early,16,60,10,0
v1,755,1,0,early,13,20,6,0
v1,755,1,1,early,13,20,6,0
v2,755,1,0,early,13,20,6,0
v2,755,1,1,early,13,20,6,0
v1,277,2,0,early,16,46,9,0
v1,277,2,1,early,16,46,9,0
v2,277,2,0,early,16,46,9,0
v2,277,2,1,early,16,46,9,0
v1,586,7,0,early,12,125,12,0
v1,586,7,1,early,12,125,12,0
v2,586,7,0,early,12,125,12,0
v2,586,7,1,early,12,125,12,0
v1,686,3,0,early,10,61,8,0
v1,686,3,1,early,10,61,8,0
v2,686,3,0,early,10,61,8,0
v2,686,3,1,early,10,61,8,0
v1,859,5,0,early,15,95,13,1
v1,859,5,1,early,15,95,13,0
v2,859,5,0,early,15,95,13,0
v2,859,5,1,early,15,95,13,0
v1,451,4,0,early,16,79,11,0
v1,451,4,1,early,16,79,11,0
v2,451,4,0,early,16,79,11,0
v2,451,4,1,early,16,79,11,0
v1,109,1,0,early,16,20,4,0
v1,109,1,1,early,16,20,4,0
v2,109,1,0,early,16,20,4,0
v2,109,1,1,early,16,20,4,0
v1,632,3,0,early,10,65,3,0
v1,632,3,1,early,10,65,3,0
v2,632,3,0,early,10,65,3,0
v2,632,3,1,early,10,65,3,0
v1,868,3,0,early,12,61,11,0
v1,868,3,1,early,12,61,11,0
v2,868,3,0,early,12,61,11,0
v2,868,3,1,early,12,61,11,0
v1,710,8,0,early,10,156,7,0
v1,710,8,1,early,10,156,7,1
v2,710,8,0,early,10,156,7,0
v2,710,8,1,early,10,156,7,0
v1,531,3,0,early,11,60,6,0
v1,531,3,1,early,11,60,6,0
v2,531,3,0,early,11,60,6,0
v2,531,3,1,early,11,60,6,0
v1,944,0,0,early,10,0,0,0
v1,944,0,1,early,10,0,0,0
v2,944,0,0,early,10,0,0,0
v2,944,0,1,early,10,0,0,0
v1,358,0,0,early,16,0,0,0
v1,358,0,1,early,16,0,0,0
v2,358,0,0,early,16,0,0,0
v2,358,0,1,early,16,0,0,0
v1,493,0,0,early,16,0,0,0
v1,493,0,1,early,16,0,0,0
v2,493,0,0,early,16,0,0,0
v2,493,0,1,early,16,0,0,0
v1,485,4,0,early,16,76,12,0
v1,485,4,1,early,16,76,12,1
v2,485,4,0,early,16,76,12,0
v2,485,4,1,early,16,76,12,0
v1,844,5,0,early,12,100,10,0
v1,844,5,1,early,12,100,10,0
v2,844,5,0,early,12,100,10,0
v2,844,5,1,early,12,100,10,0
v1,196,1,0,early,16,20,6,0
v1,196,1,1,early,16,20,6,0
v2,196,1,0,early,16,20,6,0
v2,196,1,1,early,16,20,6,0
v1,185,0,0,early,16,0,0,0
v1,185,0,1,early,16,0,0,0
v2,185,0,0,early,16,0,0,0
v2,185,0,1,early,16,0,0,0
v1,383,5,0,early,16,97,13,0
v1,383,5,1,early,16,97,13,0
v2,383,5,0,early,16,97,13,0
v2,383,5,1,early,16,97,13,0
v1,316,1,0,early,16,20,6,0
v1,316,1,1,early,16,20,6,0
v2,316,1,0,early,16,20,6,0
v2,316,1,1,early,16,20,6,0
v1,881,0,0,early,13,0,0,0
v1,881,0,1,early,13,0,0,0
v2,881,0,0,early,13,0,0,0
v2,881,0,1,early,13,0,0,0
v1,812,2,0,early,10,45,9,1
v1,812,2,1,early,10,45,9,0
v2,812,2,0,early,10,45,9,0
v2,812,2,1,early,10,45,9,0
v1,627,2,0,early,11,41,5,0
v1,627,2,1,early,11,41,5,0
v2,627,2,0,early,11,41,5,0
v2,627,2,1,early,11,41,5,0
v1,632,8,0,early,10,152,7,0
v1,632,8,1,early,10,152,7,0
v2,632,8,0,early,10,152,7,0
v2,632,8,1,early,10,152,7,0
v1,743,0,0,early,13,0,0,0
v1,743,0,1,early,13,0,0,0
v2,743,0,0,early,13,0,0,0
v2,743,0,1,early,13,0,0,0
v1,650,7,0,early,10,141,7,0
v1,650,7,1,early,10,141,7,0
v2,650,7,0,early,10,141,7,0
v2,650,7,1,early,10,141,7,0
v1,332,0,0,early,16,0,0,0
v1,332,0,1,early,16,0,0,0
v2,332,0,0,early,16,0,0,0
v2,332,0,1,early,16,0,0,0
v1,833,7,0,early,13,134,10,0
v1,833,7,1,early,13,134,10,0
v2,833,7,0,early,13,134,10,0
v2,833,7,1,early,13,134,10,0
v1,484,1,0,early,16,20,7,0
v1,484,1,1,early,16,20,7,0
v2,484,1,0,early,16,20,7,0
v2,484,1,1,early,16,20,7,0
v1,997,8,0,early,15,131,10,0
v1,997,8,1,early,15,131,10,1
v2,997,8,0,early,15,131,10,0
v2,997,8,1,early,15,131,10,0
v1,968,7,0,early,10,124,10,0
v1,968,7,1,early,10,124,10,0
v2,968,7,0,early,10,124,10,0
v2,968,7,1,early,10,124,10,0
v1,110,0,0,early,16,0,0,0
v1,110,0,1,early,16,0,0,0
v2,110,0,0,early,16,0,0,0
v2,110,0,1,early,16,0,0,0
v1,650,3,0,early,10,65,5,0
v1,650,3,1,early,10,65,5,0
v2,650,3,0,early,10,65,5,0
v2,650,3,1,early,10,65,5,0
v1,587,3,0,early,13,61,9,1
v1,587,3,1,early,13,61,9,0
v2,587,3,0,early,13,61,9,0
v2,587,3,1,early,13,61,9,0
v1,748,4,0,early,12,81,4,0
v1,748,4,1,early,12,81,4,0
v2,748,4,0,early,12,81,4,0
v2,748,4,1,early,12,81,4,0
v1,483,7,0,early,16,132,7,1
v1,483,7,1,early,16,132,7,0
v2,483,7,0,early,16,132,7,0
v2,483,7,1,early,16,132,7,0
v1,649,4,0,early,15,80,7,0
v1,649,4,1,early,15,80,7,0
v2,649,4,0,early,15,80,7,0
v2,649,4,1,early,15,80,7,0
v1,736,6,0,early,12,123,5,0
v1,736,6,1,early,12,123,5,0
v2,736,6,0,early,12,123,5,0
v2,736,6,1,early,12,123,5,0
v1,1010,5,0,early,10,101,7,0
v1,1010,5,1,early,10,101,7,0
v2,1010,5,0,early,10,101,7,0
v2,1010,5,1,early,10,101,7,0
v1,642,4,0,early,14,76,13,0
v1,642,4,1,early,14,76,13,0
v2,642,4,0,early,14,76,13,0
v2,642,4,1,early,14,76,13,0
v1,551,2,0,early,13,40,9,0
v1,551,2,1,early,13,40,9,0
v2,551,2,0,early,13,40,9,0
v2,551,2,1,early,13,40,9,0
v1,194,5,0,early,16,95,7,0
v1,194,5,1,early,16,95,7,0
v2,194,5,0,early,16,95,7,0
v2,194,5,1,early,16,95,7,0
v1,512,7,0,early,10,130,7,0
v1,512,7,1,early,10,130,7,0
v2,512,7,0,early,10,130,7,0
v2,512,7,1,early,10,130,7,0
v1,696,7,0,early,14,130,8,0
v1,696,7,1,early,14,130,8,0
v2,696,7,0,early,14,130,8,0
v2,696,7,1,early,14,130,8,0
v1,802,1,0,early,12,20,5,0
v1,802,1,1,early,12,20,5,0
v2,802,1,0,early,12,20,5,0
v2,802,1,1,early,12,20,5,0
v1,331,2,0,early,16,42,7,0
v1,331,2,1,early,16,42,7,0
v2,331,2,0,early,16,42,7,0
v2,331,2,1,early,16,42,7,0
v1,909,7,0,early,11,129,5,0
v1,909,7,1,early,11,129,5,0
v2,909,7,0,early,11,129,5,0
v2,909,7,1,early,11,129,5,0
v1,711,2,0,early,11,46,8,0
v1,711,2,1,early,11,46,8,0
v2,711,2,0,early,11,46,8,0
v2,711,2,1,early,11,46,8,0
v1,494,3,0,early,16,62,6,0
v1,494,3,1,early,16,62,6,0
v2,494,3,0,early,16,62,6,0
v2,494,3,1,early,16,62,6,0
v1,709,5,0,early,15,95,13,0
v1,709,5,1,early,15,95,13,1
v2,709,5,0,early,15,95,13,0
v2,709,5,1,early,15,95,13,0
v1,272,6,0,early,16,117,11,0
v1,272,6,1,early,16,117,11,0
v2,272,6,0,early,16,117,11,0
v2,272,6,1,early,16,117,11,0
v1,33,5,0,early,16,101,9,1
v1,33,5,1,early,16,101,9,0
v2,33,5,0,early,16,101,9,0
v2,33,5,1,early,16,101,9,0
v1,527,2,0,early,13,43,6,0
v1,527,2,1,early,13,43,6,0
v2,527,2,0,early,13,43,6,0
v2,527,2,1,early,13,43,6,0
v1,698,1,0,early,10,20,5,0
v1,698,1,1,early,10,20,5,0
v2,698,1,0,early,10,20,5,0
v2,698,1,1,early,10,20,5,0
v1,128,3,0,early,16,63,7,0
v1,128,3,1,early,16,63,7,0
v2,128,3,0,early,16,63,7,0
v2,128,3,1,early,16,63,7,0
v1,215,0,0,early,16,0,0,0
v1,215,0,1,early,16,0,0,0
v2,215,0,0,early,16,0,0,0
v2,215,0,1,early,16,0,0,0
v1,678,4,0,early,14,80,5,0
v1,678,4,1,early,14,80,5,0
v2,678,4,0,early,14,80,5,0
v2,678,4,1,early,14,80,5,0
v1,637,0,0,early,15,0,0,0
v1,637,0,1,early,15,0,0,0
v2,637,0,0,early,15,0,0,0
v2,637,0,1,early,15,0,0,0
v1,227,3,0,early,16,67,11,0
v1,227,3,1,early,16,67,11,0
v2,227,3,0,early,16,67,11,0
v2,227,3,1,early,16,67,11,0
v1,633,8,0,early,11,148,8,0
v1,633,8,1,early,11,148,8,0
v2,633,8,0,early,11,148,8,0
v2,633,8,1,early,11,148,8,0
v1,977,1,0,early,13,20,6,0
v1,977,1,1,early,13,20,6,0
v2,977,1,0,early,13,20,6,0
v2,977,1,1,early,13,20,6,0
v1,590,0,0,early,10,0,0,0
v1,590,0,1,early,10,0,0,0
v2,590,0,0,early,10,0,0,0
v2,590,0,1,early,10,0,0,0
v1,32,5,0,early,16,94,8,0
v1,32,5,1,early,16,94,8,0
v2,32,5,0,early,16,94,8,0
v2,32,5,1,early,16,94,8,0
v1,701,4,0,early,13,78,11,0
v1,701,4,1,early,13,78,11,0
v2,701,4,0,early,13,78,11,0
v2,701,4,1,early,13,78,11,0
v1,212,4,0,early,16,83,6,0
v1,212,4,1,early,16,83,6,0
v2,212,4,0,early,16,83,6,0
v2,212,4,1,early,16,83,6,0
v1,332,1,0,early,16,20,4,0
v1,332,1,1,early,16,20,4,1
v2,332,1,0,early,16,20,4,0
v2,332,1,1,early,16,20,4,0
v1,455,4,0,early,16,82,12,0
v1,455,4,1,early,16,82,12,0
v2,455,4,0,early,16,82,12,0
v2,455,4,1,early,16,82,12,0
v1,166,6,0,early,16,113,8,0
v1,166,6,1,early,16,113,8,0
v2,166,6,0,early,16,113,8,0
v2,166,6,1,early,16,113,8,0
v1,759,0,0,early,11,0,0,0
v1,759,0,1,early,11,0,0,0
v2,759,0,0,early,11,0,0,0
v2,759,0,1,early,11,0,0,0
v1,890,8,0,early,10,161,6,0
v1,890,8,1,early,10,161,6,0
v2,890,8,0,early,10,161,6,0
v2,890,8,1,early,10,161,6,0
v1,33,7,0,early,16,133,12,0
v1,33,7,1,early,16,133,12,0
v2,33,7,0,early,16,133,12,0
v2,33,7,1,early,16,133,12,0
v1,970,0,0,early,12,0,0,0
v1,970,0,1,early,12,0,0,0
v2,970,0,0,early,12,0,0,0
v2,970,0,1,early,12,0,0,0
v1,1005,6,0,early,11,116,9,0
v1,1005,6,1,early,11,116,9,0
v2,1005,6,0,early,11,116,9,0
v2,1005,6,1,early,11,116,9,0
v1,416,1,0,early,16,20,6,0
v1,416,1,1,early,16,20,6,0
v2,416,1,0,early,16,20,6,0
v2,416,1,1,early,16,20,6,0
v1,586,6,0,early,12,112,11,0
v1,586,6,1,early,12,112,11,1
v2,586,6,0,early,12,112,11,0
v2,586,6,1,early,12,112,11,0
v1,977,8,0,early,13,135,10,0
v1,977,8,1,early,13,135,10,0
v2,977,8,0,early,13,135,10,0
v2,977,8,1,early,13,135,10,0
v1,926,7,0,early,10,131,4,0
v1,926,7,1,early,10,131,4,0
v2,926,7,0,early,10,131,4,0
v2,926,7,1,early,10,131,4,0
v1,196,6,0,early,16,122,10,0
v1,196,6,1,early,16,122,10,1
v2,196,6,0,early,16,122,10,0
v2,196,6,1,early,16,122,10,0
v1,555,0,0,early,11,0,0,0
v1,555,0,1,early,11,0,0,0
v2,555,0,0,early,11,0,0,0
v2,555,0,1,early,11,0,0,0
v1,247,2,0,early,16,42,6,0
v1,247,2,1,early,16,42,6,0
v2,247,2,0,early,16,42,6,0
v2,247,2,1,early,16,42,6,0
v1,364,0,0,early,16,0,0,0
v1,364,0,1,early,16,0,0,0
v2,364,0,0,early,16,0,0,0
v2,364,0,1,early,16,0,0,0
v1,552,3,0,early,14,61,10,1
v1,552,3,1,early,14,61,10,0
v2,552,3,0,early,14,61,10,0
v2,552,3,1,early,14,61,10,0
v1,734,8,0,early,10,130,8,0
v1,734,8,1,early,10,130,8,0
v2,734,8,0,early,10,130,8,0
v2,734,8,1,early,10,130,8,0
v1,936,4,0,early,14,78,7,0
v1,936,4,1,early,14,78,7,0
v2,936,4,0,early,14,78,7,0
v2,936,4,1,early,14,78,7,0
v1,932,6,0,early,10,113,5,0
v1,932,6,1,early,10,113,5,0
v2,932,6,0,early,10,113,5,0
v2,932,6,1,early,10,113,5,0
v1,389,1,0,early,16,20,3,0
v1,389,1,1,early,16,20,3,0
v2,389,1,0,early,16,20,3,0
v2,389,1,1,early,16,20,3,0
v1,743,3,0,early,13,60,7,0
v1,743,3,1,early,13,60,7,0
v2,743,3,0,early,13,60,7,0
v2,743,3,1,early,13,60,7,0
v1,907,0,0,early,15,0,0,0
v1,907,0,1,early,15,0,0,0
v2,907,0,0,early,15,0,0,0
v2,907,0,1,early,15,0,0,0
v1,914,1,0,early,10,20,3,0
v1,914,1,1,early,10,20,3,0
v2,914,1,0,early,10,20,3,0
v2,914,1,1,early,10,20,3,0
v1,733,2,0,early,15,47,13,0
v1,733,2,1,early,15,47,13,0
v2,733,2,0,early,15,47,13,0
v2,733,2,1,early,15,47,13,0
v1,129,5,0,early,16,98,15,0
v1,129,5,1,early,16,98,15,0
v2,129,5,0,early,16,98,15,0
v2,129,5,1,early,16,98,15,0
v1,727,2,0,early,15,41,5,0
v1,727,2,1,early,15,41,5,1
v2,727,2,0,early,15,41,5,0
v2,727,2,1,early,15,41,5,0
v1,547,1,0,early,15,20,4,0
v1,547,1,1,early,15,20,4,0
v2,547,1,0,early,15,20,4,0
v2,547,1,1,early,15,20,4,0
v1,690,3,0,early,14,64,7,0
v1,690,3,1,early,14,64,7,0
v2,690,3,0,early,14,64,7,0
v2,690,3,1,early,14,64,7,0
v1,923,4,0,early,13,85,5,0
v1,923,4,1,early,13,85,5,0
v2,923,4,0,early,13,85,5,0
v2,923,4,1,early,13,85,5,0
v1,401,5,0,early,16,95,8,0
v1,401,5,1,early,16,95,8,0
v2,401,5,0,early,16,95,8,0
v2,401,5,1,early,16,95,8,0
v1,496,3,0,early,16,61,13,0
v1,496,3,1,early,16,61,13,0
v2,496,3,0,early,16,61,13,0
v2,496,3,1,early,16,61,13,0
v1,1018,8,0,early,12,142,8,0
v1,1018,8,1,early,12,142,8,0
v2,1018,8,0,early,12,142,8,0
v2,1018,8,1,early,12,142,8,0
v1,38,4,0,early,16,77,7,0
v1,38,4,1,early,16,77,7,0
v2,38,4,0,early,16,77,7,0
v2,38,4,1,early,16,77,7,0
v1,890,2,0,early,10,42,5,0
v1,890,2,1,early,10,42,5,0
v2,890,2,0,early,10,42,5,0
v2,890,2,1,early,10,42,5,0
v1,169,9,0,middle,16,165,13,0
v1,169,9,1,middle,16,165,13,1
v2,169,9,0,middle,16,165,13,0
v2,169,9,1,middle,16,165,13,0
v1,619,9,0,middle,15,166,12,0
v1,619,9,1,middle,15,166,12,0
v2,619,9,0,middle,15,166,12,0
v2,619,9,1,middle,15,166,12,0
v1,906,15,0,middle,14,204,13,0
v1,906,15,1,middle,14,204,13,1
v2,906,15,0,middle,14,204,13,0
v2,906,15,1,middle,14,204,13,0
v1,473,8,0,middle,16,144,12,0
v1,473,8,1,middle,16,144,12,0
v2,473,8,0,middle,16,144,12,0
v2,473,8,1,middle,16,144,12,0
v1,721,15,0,middle,15,248,13,0
v1,721,15,1,middle,15,248,13,0
v2,721,15,0,middle,15,248,13,0
v2,721,15,1,middle,15,248,13,0
v1,78,8,0,middle,16,143,12,0
v1,78,8,1,middle,16,143,12,0
v2,78,8,0,middle,16,143,12,0
v2,78,8,1,middle,16,143,12,0
v1,711,10,0,middle,11,161,9,0
v1,711,10,1,middle,11,161,9,0
v2,711,10,0,middle,11,161,9,0
v2,711,10,1,middle,11,161,9,0
v1,334,9,0,middle,16,159,12,0
v1,334,9,1,middle,16,159,12,0
v2,334,9,0,middle,16,159,12,0
v2,334,9,1,middle,16,159,12,0
v1,985,13,0,middle,15,195,13,0
v1,985,13,1,middle,15,195,13,0
v2,985,13,0,middle,15,195,13,0
v2,985,13,1,middle,15,195,13,0
v1,853,9,0,middle,15,154,13,1
v1,853,9,1,middle,15,154,13,0
v2,853,9,0,middle,15,154,13,0
v2,853,9,1,middle,15,154,13,0
v1,932,11,0,middle,10,189,6,0
v1,932,11,1,middle,10,189,6,0
v2,932,11,0,middle,10,189,6,0
v2,932,11,1,middle,10,189,6,0
v1,671,11,0,middle,13,176,11,0
v1,671,11,1,middle,13,176,11,1
v2,671,11,0,middle,13,176,11,0
v2,671,11,1,middle,13,176,11,0
v1,26,8,0,middle,16,155,13,0
v1,26,8,1,middle,16,155,13,0
v2,26,8,0,middle,16,155,13,0
v2,26,8,1,middle,16,155,13,0
v1,479,12,0,middle,16,185,11,0
v1,479,12,1,middle,16,185,11,0
v2,479,12,0,middle,16,185,11,0
v2,479,12,1,middle,16,185,11,0
v1,732,11,0,middle,14,210,12,1
v1,732,11,1,middle,14,210,12,0
v2,732,11,0,middle,14,210,12,0
v2,732,11,1,middle,14,210,12,0
v1,438,9,0,middle,16,118,15,0
v1,438,9,1,middle,16,118,15,0
v2,438,9,0,middle,16,118,15,0
v2,438,9,1,middle,16,118,15,0
v1,872,16,0,middle,10,262,9,0
v1,872,16,1,middle,10,262,9,0
v2,872,16,0,middle,10,262,9,0
v2,872,16,1,middle,10,262,9,0
v1,682,16,0,middle,12,280,10,0
v1,682,16,1,middle,12,280,10,0
v2,682,16,0,middle,12,280,10,0
v2,682,16,1,middle,12,280,10,0
v1,619,16,0,middle,15,243,13,1
v1,619,16,1,middle,15,243,13,0
v2,619,16,0,middle,15,243,13,0
v2,619,16,1,middle,15,243,13,0
v1,665,11,0,middle,13,164,10,0
v1,665,11,1,middle,13,164,10,1
v2,665,11,0,middle,13,164,10,0
v2,665,11,1,middle,13,164,10,0
v1,878,16,0,middle,10,268,6,0
v1,878,16,1,middle,10,268,6,0
v2,878,16,0,middle,10,268,6,0
v2,878,16,1,middle,10,268,6,0
v1,936,14,0,middle,14,212,11,0
v1,936,14,1,middle,14,212,11,0
v2,936,14,0,middle,14,212,11,0
v2,936,14,1,middle,14,212,11,0
v1,513,13,0,middle,11,196,11,0
v1,513,13,1,middle,11,196,11,0
v2,513,13,0,middle,11,196,11,0
v2,513,13,1,middle,11,196,11,0
v1,708,10,0,middle,14,155,12,0
v1,708,10,1,middle,14,155,12,0
v2,708,10,0,middle,14,155,12,0
v2,708,10,1,middle,14,155,12,0
v1,728,12,0,middle,10,203,8,0
v1,728,12,1,middle,10,203,8,0
v2,728,12,0,middle,10,203,8,0
v2,728,12,1,middle,10,203,8,0
v1,773,16,0,middle,13,275,10,0
v1,773,16,1,middle,13,275,10,1
v2,773,16,0,middle,13,275,10,0
v2,773,16,1,middle,13,275,10,0
v1,788,13,0,middle,10,219,10,0
v1,788,13,1,middle,10,219,10,0
v2,788,13,0,middle,10,219,10,0
v2,788,13,1,middle,10,219,10,0
v1,857,15,0,middle,13,214,12,1
v1,857,15,1,middle,13,214,12,0
v2,857,15,0,middle,13,214,12,0
v2,857,15,1,middle,13,214,12,0
v1,269,10,0,middle,16,168,12,1
v1,269,10,1,middle,16,168,12,0
v2,269,10,0,middle,16,168,12,0
v2,269,10,1,middle,16,168,12,0
v1,512,9,0,middle,10,164,7,0
v1,512,9,1,middle,10,164,7,0
v2,512,9,0,middle,10,164,7,0
v2,512,9,1,middle,10,164,7,0
v1,887,16,0,middle,13,286,10,1
v1,887,16,1,middle,13,286,10,0
v2,887,16,0,middle,13,286,10,0
v2,887,16,1,middle,13,286,10,0
v1,44,6,0,middle,16,117,10,0
v1,44,6,1,middle,16,117,10,0
v2,44,6,0,middle,16,117,10,0
v2,44,6,1,middle,16,117,10,0
v1,987,9,0,middle,11,162,10,0
v1,987,9,1,middle,11,162,10,0
v2,987,9,0,middle,11,162,10,0
v2,987,9,1,middle,11,162,10,0
v1,873,13,0,middle,11,211,7,0
v1,873,13,1,middle,11,211,7,0
v2,873,13,0,middle,11,211,7,0
v2,873,13,1,middle,11,211,7,0
v1,264,10,0,middle,16,171,14,0
v1,264,10,1,middle,16,171,14,0
v2,264,10,0,middle,16,171,14,0
v2,264,10,1,middle,16,171,14,0
v1,967,13,0,middle,15,190,12,0
v1,967,13,1,middle,15,190,12,0
v2,967,13,0,middle,15,190,12,0
v2,967,13,1,middle,15,190,12,0
v1,818,12,0,middle,10,206,10,0
v1,818,12,1,middle,10,206,10,0
v2,818,12,0,middle,10,206,10,0
v2,818,12,1,middle,10,206,10,0
v1,868,10,0,middle,12,170,12,1
v1,868,10,1,middle,12,170,12,0
v2,868,10,0,middle,12,170,12,0
v2,868,10,1,middle,12,170,12,0
v1,738,11,0,middle,14,179,10,0
v1,738,11,1,middle,14,179,10,0
v2,738,11,0,middle,14,179,10,0
v2,738,11,1,middle,14,179,10,0
v1,413,7,0,middle,16,128,11,0
v1,413,7,1,middle,16,128,11,0
v2,413,7,0,middle,16,128,11,0
v2,413,7,1,middle,16,128,11,0
v1,860,16,0,middle,10,259,8,0
v1,860,16,1,middle,10,259,8,0
v2,860,16,0,middle,10,259,8,0
v2,860,16,1,middle,10,259,8,0
v1,672,13,0,middle,14,198,14,0
v1,672,13,1,middle,14,198,14,0
v2,672,13,0,middle,14,198,14,0
v2,672,13,1,middle,14,198,14,0
v1,499,7,0,middle,16,123,12,0
v1,499,7,1,middle,16,123,12,0
v2,499,7,0,middle,16,123,12,0
v2,499,7,1,middle,16,123,12,0
v1,882,10,0,middle,14,162,12,0
v1,882,10,1,middle,14,162,12,0
v2,882,10,0,middle,14,162,12,0
v2,882,10,1,middle,14,162,12,0
v1,973,14,0,middle,15,213,13,0
v1,973,14,1,middle,15,213,13,0
v2,973,14,0,middle,15,213,13,0
v2,973,14,1,middle,15,213,13,0
v1,878,11,0,middle,10,193,6,0
v1,878,11,1,middle,10,193,6,0
v2,878,11,0,middle,10,193,6,0
v2,878,11,1,middle,10,193,6,0
v1,704,12,0,middle,10,224,8,0
v1,704,12,1,middle,10,224,8,0
v2,704,12,0,middle,10,224,8,0
v2,704,12,1,middle,10,224,8,0
v1,967,12,0,middle,15,182,12,0
v1,967,12,1,middle,15,182,12,0
v2,967,12,0,middle,15,182,12,0
v2,967,12,1,middle,15,182,12,0
v1,909,15,0,middle,11,256,10,0
v1,909,15,1,middle,11,256,10,0
v2,909,15,0,middle,11,256,10,0
v2,909,15,1,middle,11,256,10,0
v1,626,9,0,middle,10,166,9,0
v1,626,9,1,middle,10,166,9,0
v2,626,9,0,middle,10,166,9,0
v2,626,9,1,middle,10,166,9,0
v1,890,15,0,middle,10,265,9,0
v1,890,15,1,middle,10,265,9,0
v2,890,15,0,middle,10,265,9,0
v2,890,15,1,middle,10,265,9,0
v1,969,10,0,middle,11,179,9,0
v1,969,10,1,middle,11,179,9,1
v2,969,10,0,middle,11,179,9,0
v2,969,10,1,middle,11,179,9,0
v1,114,7,0,middle,16,127,14,0
v1,114,7,1,middle,16,127,14,0
v2,114,7,0,middle,16,127,14,0
v2,114,7,1,middle,16,127,14,0
v1,647,12,0,middle,13,188,12,0
v1,647,12,1,middle,13,188,12,0
v2,647,12,0,middle,13,188,12,0
v2,647,12,1,middle,13,188,12,0
v1,122,10,0,middle,16,176,8,0
v1,122,10,1,middle,16,176,8,0
v2,122,10,0,middle,16,176,8,0
v2,122,10,1,middle,16,176,8,0
v1,561,10,0,middle,11,175,10,1
v1,561,10,1,middle,11,175,10,0
v2,561,10,0,middle,11,175,10,0
v2,561,10,1,middle,11,175,10,0
v1,956,10,0,middle,10,192,7,0
v1,956,10,1,middle,10,192,7,0
v2,956,10,0,middle,10,192,7,0
v2,956,10,1,middle,10,192,7,0
v1,947,15,0,middle,13,221,13,0
v1,947,15,1,middle,13,221,13,0
v2,947,15,0,middle,13,221,13,0
v2,947,15,1,middle,13,221,13,0
v1,604,16,0,middle,12,251,12,0
v1,604,16,1,middle,12,251,12,0
v2,604,16,0,middle,12,251,12,0
v2,604,16,1,middle,12,251,12,0
v1,630,10,0,middle,14,157,11,0
v1,630,10,1,middle,14,157,11,0
v2,630,10,0,middle,14,157,11,0
v2,630,10,1,middle,14,157,11,0
v1,523,14,0,middle,15,216,9,0
v1,523,14,1,middle,15,216,9,0
v2,523,14,0,middle,15,216,9,0
v2,523,14,1,middle,15,216,9,0
v1,903,12,0,middle,11,230,8,0
v1,903,12,1,middle,11,230,8,0
v2,903,12,0,middle,11,230,8,0
v2,903,12,1,middle,11,230,8,0
v1,871,10,0,middle,15,147,12,0
v1,871,10,1,middle,15,147,12,0
v2,871,10,0,middle,15,147,12,0
v2,871,10,1,middle,15,147,12,0
v1,509,13,0,middle,16,205,13,0
v1,509,13,1,middle,16,205,13,0
v2,509,13,0,middle,16,205,13,0
v2,509,13,1,middle,16,205,13,0
v1,132,10,0,middle,16,152,10,0
v1,132,10,1,middle,16,152,10,0
v2,132,10,0,middle,16,152,10,0
v2,132,10,1,middle,16,152,10,0
v1,618,11,0,middle,14,190,11,0
v1,618,11,1,middle,14,190,11,1
v2,618,11,0,middle,14,190,11,0
v2,618,11,1,middle,14,190,11,0
v1,917,11,0,middle,13,187,13,0
v1,917,11,1,middle,13,187,13,1
v2,917,11,0,middle,13,187,13,0
v2,917,11,1,middle,13,187,13,0
v1,432,7,0,middle,16,125,12,0
v1,432,7,1,middle,16,125,12,0
v2,432,7,0,middle,16,125,12,0
v2,432,7,1,middle,16,125,12,0
v1,100,13,0,middle,16,196,14,0
v1,100,13,1,middle,16,196,14,1
v2,100,13,0,middle,16,196,14,0
v2,100,13,1,middle,16,196,14,0
v1,733,9,0,middle,15,121,15,0
v1,733,9,1,middle,15,121,15,0
v2,733,9,0,middle,15,121,15,0
v2,733,9,1,middle,15,121,15,0
v1,781,10,0,middle,15,187,12,0
v1,781,10,1,middle,15,187,12,1
v2,781,10,0,middle,15,187,12,0
v2,781,10,1,middle,15,187,12,0
v1,522,15,0,middle,14,250,11,0
v1,522,15,1,middle,14,250,11,0
v2,522,15,0,middle,14,250,11,0
v2,522,15,1,middle,14,250,11,0
v1,63,7,0,middle,16,144,11,0
v1,63,7,1,middle,16,144,11,0
v2,63,7,0,middle,16,144,11,0
v2,63,7,1,middle,16,144,11,0
v1,362,14,0,middle,16,234,15,0
v1,362,14,1,middle,16,234,15,0
v2,362,14,0,middle,16,234,15,0
v2,362,14,1,middle,16,234,15,0
v1,945,11,0,middle,11,187,8,1
v1,945,11,1,middle,11,187,8,0
v2,945,11,0,middle,11,187,8,0
v2,945,11,1,middle,11,187,8,0
v1,991,9,0,middle,15,163,13,0
v1,991,9,1,middle,15,163,13,0
v2,991,9,0,middle,15,163,13,0
v2,991,9,1,middle,15,163,13,0
v1,524,16,0,middle,10,252,10,0
v1,524,16,1,middle,10,252,10,0
v2,524,16,0,middle,10,252,10,0
v2,524,16,1,middle,10,252,10,0
v1,261,11,0,middle,16,156,13,0
v1,261,11,1,middle,16,156,13,0
v2,261,11,0,middle,16,156,13,0
v2,261,11,1,middle,16,156,13,0
v1,157,7,0,middle,16,118,11,0
v1,157,7,1,middle,16,118,11,0
v2,157,7,0,middle,16,118,11,0
v2,157,7,1,middle,16,118,11,0
v1,1,12,0,middle,16,172,13,0
v1,1,12,1,middle,16,172,13,1
v2,1,12,0,middle,16,172,13,0
v2,1,12,1,middle,16,172,13,0
v1,728,14,0,middle,10,229,8,1
v1,728,14,1,middle,10,229,8,0
v2,728,14,0,middle,10,229,8,0
v2,728,14,1,middle,10,229,8,0
v1,298,12,0,middle,16,209,11,0
v1,298,12,1,middle,16,209,11,0
v2,298,12,0,middle,16,209,11,0
v2,298,12,1,middle,16,209,11,0
v1,300,7,0,middle,16,124,9,0
v1,300,7,1,middle,16,124,9,0
v2,300,7,0,middle,16,124,9,0
v2,300,7,1,middle,16,124,9,0
v1,606,10,0,middle,14,192,9,0
v1,606,10,1,middle,14,192,9,0
v2,606,10,0,middle,14,192,9,0
v2,606,10,1,middle,14,192,9,0
v1,421,9,0,middle,16,159,12,0
v1,421,9,1,middle,16,159,12,0
v2,421,9,0,middle,16,159,12,0
v2,421,9,1,middle,16,159,12,0
v1,434,9,0,middle,16,174,13,0
v1,434,9,1,middle,16,174,13,0
v2,434,9,0,middle,16,174,13,0
v2,434,9,1,middle,16,174,13,0
v1,405,12,0,middle,16,179,11,0
v1,405,12,1,middle,16,179,11,0
v2,405,12,0,middle,16,179,11,0
v2,405,12,1,middle,16,179,11,0
v1,638,10,0,middle,10,161,9,0
v1,638,10,1,middle,10,161,9,0
v2,638,10,0,middle,10,161,9,0
v2,638,10,1,middle,10,161,9,0
v1,326,11,0,middle,16,197,13,0
v1,326,11,1,middle,16,197,13,0
v2,326,11,0,middle,16,197,13,0
v2,326,11,1,middle,16,197,13,0
v1,973,13,0,middle,15,204,13,0
v1,973,13,1,middle,15,204,13,0
v2,973,13,0,middle,15,204,13,0
v2,973,13,1,middle,15,204,13,0
v1,466,13,0,middle,16,186,12,0
v1,466,13,1,middle,16,186,12,0
v2,466,13,0,middle,16,186,12,0
v2,466,13,1,middle,16,186,12,0
v1,550,15,0,middle,12,229,12,0
v1,550,15,1,middle,12,229,12,0
v2,550,15,0,middle,12,229,12,0
v2,550,15,1,middle,12,229,12,0
v1,777,16,0,middle,11,275,11,0
v1,777,16,1,middle,11,275,11,0
v2,777,16,0,middle,11,275,11,0
v2,777,16,1,middle,11,275,11,0
v1,911,12,0,middle,13,186,13,0
v1,911,12,1,middle,13,186,13,0
v2,911,12,0,middle,13,186,13,0
v2,911,12,1,middle,13,186,13,0
v1,229,6,0,middle,16,116,12,0
v1,229,6,1,middle,16,116,12,1
v2,229,6,0,middle,16,116,12,0
v2,229,6,1,middle,16,116,12,0
v1,186,9,0,middle,16,159,11,0
v1,186,9,1,middle,16,159,11,0
v2,186,9,0,middle,16,159,11,0
v2,186,9,1,middle,16,159,11,0
v1,594,15,0,middle,14,197,14,0
v1,594,15,1,middle,14,197,14,0
v2,594,15,0,middle,14,197,14,0
v2,594,15,1,middle,14,197,14,0
v1,914,10,0,middle,10,192,7,0
v1,914,10,1,middle,10,192,7,0
v2,914,10,0,middle,10,192,7,0
v2,914,10,1,middle,10,192,7,0
v1,587,14,0,middle,13,188,13,0
v1,587,14,1,middle,13,188,13,0
v2,587,14,0,middle,13,188,13,0
v2,587,14,1,middle,13,188,13,0
v1,492,6,0,middle,16,116,9,0
v1,492,6,1,middle,16,116,9,1
v2,492,6,0,middle,16,116,9,0
v2,492,6,1,middle,16,116,9,0
v1,9,9,0,middle,16,146,11,0
v1,9,9,1,middle,16,146,11,0
v2,9,9,0,middle,16,146,11,0
v2,9,9,1,middle,16,146,11,0
v1,534,15,0,middle,14,256,13,0
v1,534,15,1,middle,14,256,13,0
v2,534,15,0,middle,14,256,13,0
v2,534,15,1,middle,14,256,13,0
v1,262,3,0,middle,16,61,13,0
v1,262,3,1,middle,16,61,13,0
v2,262,3,0,middle,16,61,13,0
v2,262,3,1,middle,16,61,13,0
v1,95,5,0,middle,16,94,11,0
v1,95,5,1,middle,16,94,11,0
v2,95,5,0,middle,16,94,11,0
v2,95,5,1,middle,16,94,11,0
v1,4,13,0,middle,16,173,13,0
v1,4,13,1,middle,16,173,13,0
v2,4,13,0,middle,16,173,13,0
v2,4,13,1,middle,16,173,13,0
v1,34,10,0,middle,16,160,12,0
v1,34,10,1,middle,16,160,12,0
v2,34,10,0,middle,16,160,12,0
v2,34,10,1,middle,16,160,12,0
v1,885,12,0,middle,11,199,9,0
v1,885,12,1,middle,11,199,9,0
v2,885,12,0,middle,11,199,9,0
v2,885,12,1,middle,11,199,9,0
v1,618,13,0,middle,14,214,13,0
v1,618,13,1,middle,14,214,13,0
v2,618,13,0,middle,14,214,13,0
v2,618,13,1,middle,14,214,13,0
v1,351,7,0,middle,16,126,14,0
v1,351,7,1,middle,16,126,14,0
v2,351,7,0,middle,16,126,14,0
v2,351,7,1,middle,16,126,14,0
v1,14,7,0,middle,16,131,10,0
v1,14,7,1,middle,16,131,10,0
v2,14,7,0,middle,16,131,10,0
v2,14,7,1,middle,16,131,10,0
v1,96,12,0,middle,16,198,13,0
v1,96,12,1,middle,16,198,13,0
v2,96,12,0,middle,16,198,13,0
v2,96,12,1,middle,16,198,13,0
v1,992,9,0,middle,10,156,9,0
v1,992,9,1,middle,10,156,9,0
v2,992,9,0,middle,10,156,9,0
v2,992,9,1,middle,10,156,9,0
v1,631,16,0,middle,15,245,14,0
v1,631,16,1,middle,15,245,14,0
v2,631,16,0,middle,15,245,14,0
v2,631,16,1,middle,15,245,14,0
v1,854,16,0,middle,10,280,9,0
v1,854,16,1,middle,10,280,9,0
v2,854,16,0,middle,10,280,9,0
v2,854,16,1,middle,10,280,9,0
v1,165,9,0,middle,16,149,11,0
v1,165,9,1,middle,16,149,11,0
v2,165,9,0,middle,16,149,11,0
v2,165,9,1,middle,16,149,11,0
v1,722,10,0,middle,10,189,6,0
v1,722,10,1,middle,10,189,6,0
v2,722,10,0,middle,10,189,6,0
v2,722,10,1,middle,10,189,6,0
v1,716,13,0,middle,10,218,6,0
v1,716,13,1,middle,10,218,6,0
v2,716,13,0,middle,10,218,6,0
v2,716,13,1,middle,10,218,6,0
v1,881,11,0,middle,13,185,9,0
v1,881,11,1,middle,13,185,9,0
v2,881,11,0,middle,13,185,9,0
v2,881,11,1,middle,13,185,9,0
v1,966,15,0,middle,14,207,12,0
v1,966,15,1,middle,14,207,12,0
v2,966,15,0,middle,14,207,12,0
v2,966,15,1,middle,14,207,12,0
v1,654,11,0,middle,14,148,14,0
v1,654,11,1,middle,14,148,14,0
v2,654,11,0,middle,14,148,14,0
v2,654,11,1,middle,14,148,14,0
v1,881,13,0,middle,13,213,9,0
v1,881,13,1,middle,13,213,9,0
v2,881,13,0,middle,13,213,9,0
v2,881,13,1,middle,13,213,9,0
v1,128,8,0,middle,16,131,12,0
v1,128,8,1,middle,16,131,12,0
v2,128,8,0,middle,16,131,12,0
v2,128,8,1,middle,16,131,12,0
v1,481,6,0,middle,16,108,9,0
v1,481,6,1,middle,16,108,9,0
v2,481,6,0,middle,16,108,9,0
v2,481,6,1,middle,16,108,9,0
v1,550,10,0,middle,12,169,10,0
v1,550,10,1,middle,12,169,10,0
v2,550,10,0,middle,12,169,10,0
v2,550,10,1,middle,12,169,10,0
v1,443,13,0,middle,16,174,13,0
v1,443,13,1,middle,16,174,13,0
v2,443,13,0,middle,16,174,13,0
v2,443,13,1,middle,16,174,13,0
v1,711,12,0,middle,11,183,9,0
v1,711,12,1,middle,11,183,9,0
v2,711,12,0,middle,11,183,9,0
v2,711,12,1,middle,11,183,9,0
v1,580,11,0,middle,12,206,7,0
v1,580,11,1,middle,12,206,7,0
v2,580,11,0,middle,12,206,7,0
v2,580,11,1,middle,12,206,7,0
v1,730,13,0,middle,12,230,12,1
v1,730,13,1,middle,12,230,12,0
v2,730,13,0,middle,12,230,12,0
v2,730,13,1,middle,12,230,12,0
v1,605,11,0,middle,13,187,9,0
v1,605,11,1,middle,13,187,9,1
v2,605,11,0,middle,13,187,9,0
v2,605,11,1,middle,13,187,9,0
v1,775,11,0,middle,15,182,12,0
v1,775,11,1,middle,15,182,12,0
v2,775,11,0,middle,15,182,12,0
v2,775,11,1,middle,15,182,12,0
v1,177,12,0,middle,16,200,11,0
v1,177,12,1,middle,16,200,11,0
v2,177,12,0,middle,16,200,11,0
v2,177,12,1,middle,16,200,11,0
v1,995,11,0,middle,13,168,10,0
v1,995,11,1,middle,13,168,10,0
v2,995,11,0,middle,13,168,10,0
v2,995,11,1,middle,13,168,10,0
v1,790,12,0,middle,12,188,10,0
v1,790,12,1,middle,12,188,10,0
v2,790,12,0,middle,12,188,10,0
v2,790,12,1,middle,12,188,10,0
v1,396,9,0,middle,16,161,14,0
v1,396,9,1,middle,16,161,14,0
v2,396,9,0,middle,16,161,14,0
v2,396,9,1,middle,16,161,14,0
v1,640,14,0,middle,12,261,6,0
v1,640,14,1,middle,12,261,6,0
v2,640,14,0,middle,12,261,6,0
v2,640,14,1,middle,12,261,6,0
v1,493,9,0,middle,16,167,9,0
v1,493,9,1,middle,16,167,9,0
v2,493,9,0,middle,16,167,9,0
v2,493,9,1,middle,16,167,9,0
v1,613,11,0,middle,15,210,12,0
v1,613,11,1,middle,15,210,12,0
v2,613,11,0,middle,15,210,12,0
v2,613,11,1,middle,15,210,12,0
v1,791,13,0,middle,13,240,9,0
v1,791,13,1,middle,13,240,9,0
v2,791,13,0,middle,13,240,9,0
v2,791,13,1,middle,13,240,9,0
v1,950,15,0,middle,10,269,9,0
v1,950,15,1,middle,10,269,9,0
v2,950,15,0,middle,10,269,9,0
v2,950,15,1,middle,10,269,9,0
v1,751,11,0,middle,15,207,11,1
v1,751,11,1,middle,15,207,11,1
v2,751,11,0,middle,15,207,11,0
v2,751,11,1,middle,15,207,11,0
v1,757,13,0,middle,15,179,15,0
v1,757,13,1,middle,15,179,15,0
v2,757,13,0,middle,15,179,15,0
v2,757,13,1,middle,15,179,15,0
v1,685,9,0,middle,15,145,11,0
v1,685,9,1,middle,15,145,11,0
v2,685,9,0,middle,15,145,11,0
v2,685,9,1,middle,15,145,11,0
v1,339,13,0,middle,16,172,14,0
v1,339,13,1,middle,16,172,14,0
v2,339,13,0,middle,16,172,14,0
v2,339,13,1,middle,16,172,14,0
v1,698,16,0,middle,10,251,9,0
v1,698,16,1,middle,10,251,9,0
v2,698,16,0,middle,10,251,9,0
v2,698,16,1,middle,10,251,9,0
v1,889,11,0,middle,15,175,12,0
v1,889,11,1,middle,15,175,12,0
v2,889,11,0,middle,15,175,12,0
v2,889,11,1,middle,15,175,12,0
v1,57,15,0,middle,16,213,13,0
v1,57,15,1,middle,16,213,13,0
v2,57,15,0,middle,16,213,13,0
v2,57,15,1,middle,16,213,13,0
v1,390,8,0,middle,16,133,11,0
v1,390,8,1,middle,16,133,11,0
v2,390,8,0,middle,16,133,11,0
v2,390,8,1,middle,16,133,11,0
v1,26,7,0,middle,16,138,11,0
v1,26,7,1,middle,16,138,11,0
v2,26,7,0,middle,16,138,11,0
v2,26,7,1,middle,16,138,11,0
v1,935,12,0,middle,13,182,11,0
v1,935,12,1,middle,13,182,11,0
v2,935,12,0,middle,13,182,11,0
v2,935,12,1,middle,13,182,11,0
v1,210,5,0,middle,16,104,10,0
v1,210,5,1,middle,16,104,10,0
v2,210,5,0,middle,16,104,10,0
v2,210,5,1,middle,16,104,10,0
v1,526,13,0,middle,12,212,11,0
v1,526,13,1,middle,12,212,11,0
v2,526,13,0,middle,12,212,11,0
v2,526,13,1,middle,12,212,11,0
v1,732,10,0,middle,14,190,10,0
v1,732,10,1,middle,14,190,10,0
v2,732,10,0,middle,14,190,10,0
v2,732,10,1,middle,14,190,10,0
v1,899,10,0,middle,13,159,13,1
v1,899,10,1,middle,13,159,13,0
v2,899,10,0,middle,13,159,13,0
v2,899,10,1,middle,13,159,13,0
v1,907,12,0,middle,15,155,15,0
v1,907,12,1,middle,15,155,15,0
v2,907,12,0,middle,15,155,15,0
v2,907,12,1,middle,15,155,15,0
v1,82,7,0,middle,16,136,6,0
v1,82,7,1,middle,16,136,6,0
v2,82,7,0,middle,16,136,6,0
v2,82,7,1,middle,16,136,6,0
v1,298,13,0,middle,16,221,13,0
v1,298,13,1,middle,16,221,13,0
v2,298,13,0,middle,16,221,13,0
v2,298,13,1,middle,16,221,13,0
v1,690,15,0,middle,14,226,13,0
v1,690,15,1,middle,14,226,13,1
v2,690,15,0,middle,14,226,13,0
v2,690,15,1,middle,14,226,13,0
v1,824,10,0,middle,10,200,5,0
v1,824,10,1,middle,10,200,5,0
v2,824,10,0,middle,10,200,5,0
v2,824,10,1,middle,10,200,5,0
v1,812,9,0,middle,10,147,10,0
v1,812,9,1,middle,10,147,10,0
v2,812,9,0,middle,10,147,10,0
v2,812,9,1,middle,10,147,10,0
v1,54,8,0,middle,16,131,11,0
v1,54,8,1,middle,16,131,11,0
v2,54,8,0,middle,16,131,11,0
v2,54,8,1,middle,16,131,11,0
v1,319,8,0,middle,16,132,14,0
v1,319,8,1,middle,16,132,14,0
v2,319,8,0,middle,16,132,14,0
v2,319,8,1,middle,16,132,14,0
v1,502,11,0,middle,16,174,14,0
v1,502,11,1,middle,16,174,14,0
v2,502,11,0,middle,16,174,14,0
v2,502,11,1,middle,16,174,14,0
v1,359,11,0,middle,16,149,15,0
v1,359,11,1,middle,16,149,15,0
v2,359,11,0,middle,16,149,15,0
v2,359,11,1,middle,16,149,15,0
v1,259,9,0,middle,16,157,7,0
v1,259,9,1,middle,16,157,7,0
v2,259,9,0,middle,16,157,7,0
v2,259,9,1,middle,16,157,7,0
v1,1019,9,0,middle,13,159,12,0
v1,1019,9,1,middle,13,159,12,0
v2,1019,9,0,middle,13,159,12,0
v2,1019,9,1,middle,13,159,12,0
v1,464,6,0,middle,16,116,13,0
v1,464,6,1,middle,16,116,13,0
v2,464,6,0,middle,16,116,13,0
v2,464,6,1,middle,16,116,13,0
v1,63,8,0,middle,16,157,12,0
v1,63,8,1,middle,16,157,12,0
v2,63,8,0,middle,16,157,12,0
v2,63,8,1,middle,16,157,12,0
v1,997,11,0,middle,15,170,11,1
v1,997,11,1,middle,15,170,11,0
v2,997,11,0,middle,15,170,11,0
v2,997,11,1,middle,15,170,11,0
v1,809,9,0,middle,13,140,11,1
v1,809,9,1,middle,13,140,11,0
v2,809,9,0,middle,13,140,11,0
v2,809,9,1,middle,13,140,11,0
v1,115,10,0,middle,16,169,9,0
v1,115,10,1,middle,16,169,9,0
v2,115,10,0,middle,16,169,9,0
v2,115,10,1,middle,16,169,9,0
v1,460,9,0,middle,16,155,10,0
v1,460,9,1,middle,16,155,10,0
v2,460,9,0,middle,16,155,10,0
v2,460,9,1,middle,16,155,10,0
v1,471,8,0,middle,16,150,5,0
v1,471,8,1,middle,16,150,5,0
v2,471,8,0,middle,16,150,5,0
v2,471,8,1,middle,16,150,5,0
v1,617,9,0,middle,13,155,7,1
v1,617,9,1,middle,13,155,7,0
v2,617,9,0,middle,13,155,7,0
v2,617,9,1,middle,13,155,7,0
v1,725,15,0,middle,13,231,11,0
v1,725,15,1,middle,13,231,11,0
v2,725,15,0,middle,13,231,11,0
v2,725,15,1,middle,13,231,11,0
v1,710,16,0,middle,10,287,10,0
v1,710,16,1,middle,10,287,10,1
v2,710,16,0,middle,10,287,10,0
v2,710,16,1,middle,10,287,10,0
v1,994,13,0,middle,12,184,11,0
v1,994,13,1,middle,12,184,11,1
v2,994,13,0,middle,12,184,11,0
v2,994,13,1,middle,12,184,11,0
v1,19,11,0,middle,16,174,14,0
v1,19,11,1,middle,16,174,14,0
v2,19,11,0,middle,16,174,14,0
v2,19,11,1,middle,16,174,14,0
v1,803,10,0,middle,13,178,10,0
v1,803,10,1,middle,13,178,10,0
v2,803,10,0,middle,13,178,10,0
v2,803,10,1,middle,13,178,10,0
v1,956,12,0,middle,10,228,8,0
v1,956,12,1,middle,10,228,8,0
v2,956,12,0,middle,10,228,8,0
v2,956,12,1,middle,10,228,8,0
v1,184,10,0,middle,16,179,14,0
v1,184,10,1,middle,16,179,14,0
v2,184,10,0,middle,16,179,14,0
v2,184,10,1,middle,16,179,14,0
v1,441,13,0,middle,16,210,11,0
v1,441,13,1,middle,16,210,11,0
v2,441,13,0,middle,16,210,11,0
v2,441,13,1,middle,16,210,11,0
v1,55,12,0,middle,16,186,13,0
v1,55,12,1,middle,16,186,13,1
v2,55,12,0,middle,16,186,13,0
v2,55,12,1,middle,16,186,13,0
v1,22,9,0,middle,16,159,11,0
v1,22,9,1,middle,16,159,11,1
v2,22,9,0,middle,16,159,11,0
v2,22,9,1,middle,16,159,11,0
v1,864,13,0,middle,14,187,14,0
v1,864,13,1,middle,14,187,14,0
v2,864,13,0,middle,14,187,14,0
v2,864,13,1,middle,14,187,14,0
v1,225,7,0,middle,16,112,12,0
v1,225,7,1,middle,16,112,12,0
v2,225,7,0,middle,16,112,12,0
v2,225,7,1,middle,16,112,12,0
v1,309,7,0,middle,16,124,14,1
v1,309,7,1,middle,16,124,14,1
v2,309,7,0,middle,16,124,14,0
v2,309,7,1,middle,16,124,14,0
v1,870,12,0,middle,14,165,13,0
v1,870,12,1,middle,14,165,13,0
v2,870,12,0,middle,14,165,13,0
v2,870,12,1,middle,14,165,13,0
v1,441,10,0,middle,16,174,10,1
v1,441,10,1,middle,16,174,10,0
v2,441,10,0,middle,16,174,10,0
v2,441,10,1,middle,16,174,10,0
v1,93,12,0,middle,16,210,12,0
v1,93,12,1,middle,16,210,12,0
v2,93,12,0,middle,16,210,12,0
v2,93,12,1,middle,16,210,12,0
v1,904,12,0,middle,12,197,10,0
v1,904,12,1,middle,12,197,10,0
v2,904,12,0,middle,12,197,10,0
v2,904,12,1,middle,12,197,10,0
v1,980,13,0,middle,10,211,9,0
v1,980,13,1,middle,10,211,9,0
v2,980,13,0,middle,10,211,9,0
v2,980,13,1,middle,10,211,9,0
v1,936,11,0,middle,14,178,11,0
v1,936,11,1,middle,14,178,11,0
v2,936,11,0,middle,14,178,11,0
v2,936,11,1,middle,14,178,11,0
v1,85,3,0,middle,16,60,10,0
v1,85,3,1,middle,16,60,10,0
v2,85,3,0,middle,16,60,10,0
v2,85,3,1,middle,16,60,10,0
v1,522,12,0,middle,14,203,10,0
v1,522,12,1,middle,14,203,10,0
v2,522,12,0,middle,14,203,10,0
v2,522,12,1,middle,14,203,10,0
v1,281,3,0,middle,16,60,12,0
v1,281,3,1,middle,16,60,12,0
v2,281,3,0,middle,16,60,12,0
v2,281,3,1,middle,16,60,12,0
v1,472,3,0,middle,16,60,13,0
v1,472,3,1,middle,16,60,13,1
v2,472,3,0,middle,16,60,13,0
v2,472,3,1,middle,16,60,13,0
v1,196,10,0,middle,16,188,11,0
v1,196,10,1,middle,16,188,11,0
v2,196,10,0,middle,16,188,11,0
v2,196,10,1,middle,16,188,11,0
v1,447,12,0,middle,16,180,15,1
v1,447,12,1,middle,16,180,15,0
v2,447,12,0,middle,16,180,15,0
v2,447,12,1,middle,16,180,15,0
v1,23,8,0,middle,16,126,14,0
v1,23,8,1,middle,16,126,14,0
v2,23,8,0,middle,16,126,14,0
v2,23,8,1,middle,16,126,14,0
v1,449,11,0,middle,16,170,11,0
v1,449,11,1,middle,16,170,11,0
v2,449,11,0,middle,16,170,11,0
v2,449,11,1,middle,16,170,11,0
v1,992,15,0,middle,10,237,10,0
v1,992,15,1,middle,10,237,10,0
v2,992,15,0,middle,10,237,10,0
v2,992,15,1,middle,10,237,10,0
v1,191,9,0,middle,16,147,14,0
v1,191,9,1,middle,16,147,14,0
v2,191,9,0,middle,16,147,14,0
v2,191,9,1,middle,16,147,14,0
v1,382,13,0,middle,16,216,13,1
v1,382,13,1,middle,16,216,13,0
v2,382,13,0,middle,16,216,13,0
v2,382,13,1,middle,16,216,13,0
v1,853,13,0,middle,15,194,13,0
v1,853,13,1,middle,15,194,13,0
v2,853,13,0,middle,15,194,13,0
v2,853,13,1,middle,15,194,13,0
v1,312,7,0,middle,16,121,10,0
v1,312,7,1,middle,16,121,10,0
v2,312,7,0,middle,16,121,10,0
v2,312,7,1,middle,16,121,10,0
v1,25,13,0,middle,16,173,14,0
v1,25,13,1,middle,16,173,14,0
v2,25,13,0,middle,16,173,14,0
v2,25,13,1,middle,16,173,14,0
v1,759,14,0,middle,11,225,10,0
v1,759,14,1,middle,11,225,10,0
v2,759,14,0,middle,11,225,10,0
v2,759,14,1,middle,11,225,10,0
v1,246,10,0,middle,16,165,11,0
v1,246,10,1,middle,16,165,11,0
v2,246,10,0,middle,16,165,11,0
v2,246,10,1,middle,16,165,11,0
v1,74,9,0,middle,16,166,7,0
v1,74,9,1,middle,16,166,7,0
v2,74,9,0,middle,16,166,7,0
v2,74,9,1,middle,16,166,7,0
v1,68,5,0,middle,16,94,14,0
v1,68,5,1,middle,16,94,14,0
v2,68,5,0,middle,16,94,14,0
v2,68,5,1,middle,16,94,14,0
v1,699,14,0,middle,11,234,11,1
v1,699,14,1,middle,11,234,11,1
v2,699,14,0,middle,11,234,11,0
v2,699,14,1,middle,11,234,11,0
v1,511,11,0,middle,16,180,14,0
v1,511,11,1,middle,16,180,14,0
v2,511,11,0,middle,16,180,14,0
v2,511,11,1,middle,16,180,14,0
v1,926,10,0,middle,10,186,8,0
v1,926,10,1,middle,10,186,8,0
v2,926,10,0,middle,10,186,8,0
v2,926,10,1,middle,10,186,8,0
v1,680,9,0,middle,10,174,6,0
v1,680,9,1,middle,10,174,6,0
v2,680,9,0,middle,10,174,6,0
v2,680,9,1,middle,10,174,6,0
v1,858,16,0,middle,14,282,9,0
v1,858,16,1,middle,14,282,9,1
v2,858,16,0,middle,14,282,9,0
v2,858,16,1,middle,14,282,9,0
v1,550,9,0,middle,12,157,10,0
v1,550,9,1,middle,12,157,10,0
v2,550,9,0,middle,12,157,10,0
v2,550,9,1,middle,12,157,10,0
v1,845,14,0,middle,13,202,13,0
v1,845,14,1,middle,13,202,13,0
v2,845,14,0,middle,13,202,13,0
v2,845,14,1,middle,13,202,13,0
v1,78,14,0,middle,16,200,15,1
v1,78,14,1,middle,16,200,15,0
v2,78,14,0,middle,16,200,15,0
v2,78,14,1,middle,16,200,15,0
v1,486,9,0,middle,16,132,14,0
v1,486,9,1,middle,16,132,14,0
v2,486,9,0,middle,16,132,14,0
v2,486,9,1,middle,16,132,14,0
v1,592,13,0,middle,12,197,12,0
v1,592,13,1,middle,12,197,12,0
v2,592,13,0,middle,12,197,12,0
v2,592,13,1,middle,12,197,12,0
v1,539,10,0,middle,13,180,8,0
v1,539,10,1,middle,13,180,8,0
v2,539,10,0,middle,13,180,8,0
v2,539,10,1,middle,13,180,8,0
v1,396,13,0,middle,16,211,14,0
v1,396,13,1,middle,16,211,14,0
v2,396,13,0,middle,16,211,14,0
v2,396,13,1,middle,16,211,14,0
v1,373,9,0,middle,16,157,13,0
v1,373,9,1,middle,16,157,13,0
v2,373,9,0,middle,16,157,13,0
v2,373,9,1,middle,16,157,13,0
v1,798,9,0,middle,14,156,9,0
v1,798,9,1,middle,14,156,9,0
v2,798,9,0,middle,14,156,9,0
v2,798,9,1,middle,14,156,9,0
v1,36,7,0,middle,16,130,13,0
v1,36,7,1,middle,16,130,13,0
v2,36,7,0,middle,16,130,13,0
v2,36,7,1,middle,16,130,13,0
v1,126,8,0,middle,16,153,6,0
v1,126,8,1,middle,16,153,6,0
v2,126,8,0,middle,16,153,6,0
v2,126,8,1,middle,16,153,6,0
v1,80,9,0,middle,16,163,12,0
v1,80,9,1,middle,16,163,12,0
v2,80,9,0,middle,16,163,12,0
v2,80,9,1,middle,16,163,12,0
v1,77,9,0,middle,16,156,10,0
v1,77,9,1,middle,16,156,10,1
v2,77,9,0,middle,16,156,10,0
v2,77,9,1,middle,16,156,10,0
v1,286,12,0,middle,16,172,14,0
v1,286,12,1,middle,16,172,14,0
v2,286,12,0,middle,16,172,14,0
v2,286,12,1,middle,16,172,14,0
v1,739,13,0,middle,15,200,12,0
v1,739,13,1,middle,15,200,12,0
v2,739,13,0,middle,15,200,12,0
v2,739,13,1,middle,15,200,12,0
v1,864,16,0,middle,14,211,14,0
v1,864,16,1,middle,14,211,14,0
v2,864,16,0,middle,14,211,14,0
v2,864,16,1,middle,14,211,14,0
v1,973,16,0,middle,15,231,13,0
v1,973,16,1,middle,15,231,13,0
v2,973,16,0,middle,15,231,13,0
v2,973,16,1,middle,15,231,13,0
v1,213,12,0,middle,16,208,11,0
v1,213,12,1,middle,16,208,11,0
v2,213,12,0,middle,16,208,11,0
v2,213,12,1,middle,16,208,11,0
v1,292,8,0,middle,16,135,11,0
v1,292,8,1,middle,16,135,11,0
v2,292,8,0,middle,16,135,11,0
v2,292,8,1,middle,16,135,11,0
v1,984,11,0,middle,14,161,12,1
v1,984,11,1,middle,14,161,12,0
v2,984,11,0,middle,14,161,12,0
v2,984,11,1,middle,14,161,12,0
v1,837,11,0,middle,11,192,6,0
v1,837,11,1,middle,11,192,6,1
v2,837,11,0,middle,11,192,6,0
v2,837,11,1,middle,11,192,6,0
v1,801,9,0,middle,11,167,5,1
v1,801,9,1,middle,11,167,5,0
v2,801,9,0,middle,11,167,5,0
v2,801,9,1,middle,11,167,5,0
v1,554,16,0,middle,10,229,10,0
v1,554,16,1,middle,10,229,10,0
v2,554,16,0,middle,10,229,10,0
v2,554,16,1,middle,10,229,10,0
v1,650,14,0,middle,10,249,8,0
v1,650,14,1,middle,10,249,8,0
v2,650,14,0,middle,10,249,8,0
v2,650,14,1,middle,10,249,8,0
v1,828,16,0,middle,14,231,14,0
v1,828,16,1,middle,14,231,14,1
v2,828,16,0,middle,14,231,14,0
v2,828,16,1,middle,14,231,14,0
v1,117,11,0,middle,16,198,12,0
v1,117,11,1,middle,16,198,12,0
v2,117,11,0,middle,16,198,12,0
v2,117,11,1,middle,16,198,12,0
v1,671,14,0,middle,13,214,12,0
v1,671,14,1,middle,13,214,12,1
v2,671,14,0,middle,13,214,12,0
v2,671,14,1,middle,13,214,12,0
v1,534,13,0,middle,14,222,11,0
v1,534,13,1,middle,14,222,11,0
v2,534,13,0,middle,14,222,11,0
v2,534,13,1,middle,14,222,11,0
v1,650,11,0,middle,10,204,7,0
v1,650,11,1,middle,10,204,7,0
v2,650,11,0,middle,10,204,7,0
v2,650,11,1,middle,10,204,7,0
v1,616,9,0,middle,12,158,10,0
v1,616,9,1,middle,12,158,10,0
v2,616,9,0,middle,12,158,10,0
v2,616,9,1,middle,12,158,10,0
v1,709,15,0,middle,15,201,15,0
v1,709,15,1,middle,15,201,15,1
v2,709,15,0,middle,15,201,15,0
v2,709,15,1,middle,15,201,15,0
v1,524,14,0,middle,10,230,10,0
v1,524,14,1,middle,10,230,10,0
v2,524,14,0,middle,10,230,10,0
v2,524,14,1,middle,10,230,10,0
v1,849,9,0,middle,11,155,7,0
v1,849,9,1,middle,11,155,7,0
v2,849,9,0,middle,11,155,7,0
v2,849,9,1,middle,11,155,7,0
v1,486,10,0,middle,16,141,14,0
v1,486,10,1,middle,16,141,14,0
v2,486,10,0,middle,16,141,14,0
v2,486,10,1,middle,16,141,14,0
v1,128,7,0,middle,16,117,12,0
v1,128,7,1,middle,16,117,12,0
v2,128,7,0,middle,16,117,12,0
v2,128,7,1,middle,16,117,12,0
v1,792,10,0,middle,14,158,12,0
v1,792,10,1,middle,14,158,12,0
v2,792,10,0,middle,14,158,12,0
v2,792,10,1,middle,14,158,12,0
v1,327,11,0,middle,16,189,13,1
v1,327,11,1,middle,16,189,13,0
v2,327,11,0,middle,16,189,13,0
v2,327,11,1,middle,16,189,13,0
v1,736,13,0,middle,12,239,9,0
v1,736,13,1,middle,12,239,9,0
v2,736,13,0,middle,12,239,9,0
v2,736,13,1,middle,12,239,9,0
v1,704,13,0,middle,10,242,8,0
v1,704,13,1,middle,10,242,8,0
v2,704,13,0,middle,10,242,8,0
v2,704,13,1,middle,10,242,8,0
v1,814,12,0,middle,12,198,11,0
v1,814,12,1,middle,12,198,11,0
v2,814,12,0,middle,12,198,11,0
v2,814,12,1,middle,12,198,11,0
v1,948,10,0,middle,14,161,11,0
v1,948,10,1,middle,14,161,11,0
v2,948,10,0,middle,14,161,11,0
v2,948,10,1,middle,14,161,11,0
v1,920,14,0,middle,10,194,10,0
v1,920,14,1,middle,10,194,10,0
v2,920,14,0,middle,10,194,10,0
v2,920,14,1,middle,10,194,10,0
v1,717,14,0,middle,11,211,10,0
v1,717,14,1,middle,11,211,10,1
v2,717,14,0,middle,11,211,10,0
v2,717,14,1,middle,11,211,10,0
v1,94,12,0,middle,16,221,8,0
v1,94,12,1,middle,16,221,8,0
v2,94,12,0,middle,16,221,8,0
v2,94,12,1,middle,16,221,8,0
v1,879,15,0,middle,11,256,11,0
v1,879,15,1,middle,11,256,11,0
v2,879,15,0,middle,11,256,11,0
v2,879,15,1,middle,11,256,11,0
v1,497,7,0,middle,16,134,9,1
v1,497,7,1,middle,16,134,9,0
v2,497,7,0,middle,16,134,9,0
v2,497,7,1,middle,16,134,9,0
v1,216,10,0,middle,16,141,15,0
v1,216,10,1,middle,16,141,15,0
v2,216,10,0,middle,16,141,15,0
v2,216,10,1,middle,16,141,15,0
v1,483,8,0,middle,16,149,8,0
v1,483,8,1,middle,16,149,8,0
v2,483,8,0,middle,16,149,8,0
v2,483,8,1,middle,16,149,8,0
v1,685,10,0,middle,15,157,11,0
v1,685,10,1,middle,15,157,11,0
v2,685,10,0,middle,15,157,11,0
v2,685,10,1,middle,15,157,11,0
v1,801,14,0,middle,11,246,6,0
v1,801,14,1,middle,11,246,6,0
v2,801,14,0,middle,11,246,6,0
v2,801,14,1,middle,11,246,6,0
v1,799,13,0,middle,15,174,15,1
v1,799,13,1,middle,15,174,15,0
v2,799,13,0,middle,15,174,15,0
v2,799,13,1,middle,15,174,15,0
v1,852,11,0,middle,14,192,9,1
v1,852,11,1,middle,14,192,9,1
v2,852,11,0,middle,14,192,9,0
v2,852,11,1,middle,14,192,9,0
v1,808,14,0,middle,12,225,12,0
v1,808,14,1,middle,12,225,12,0
v2,808,14,0,middle,12,225,12,0
v2,808,14,1,middle,12,225,12,0
v1,175,8,0,middle,16,141,11,0
v1,175,8,1,middle,16,141,11,1
v2,175,8,0,middle,16,141,11,0
v2,175,8,1,middle,16,141,11,0
v1,787,12,0,middle,15,189,14,0
v1,787,12,1,middle,15,189,14,0
v2,787,12,0,middle,15,189,14,0
v2,787,12,1,middle,15,189,14,0
v1,933,15,0,middle,11,207,11,0
v1,933,15,1,middle,11,207,11,1
v2,933,15,0,middle,11,207,11,0
v2,933,15,1,middle,11,207,11,0
v1,559,11,0,middle,15,194,7,0
v1,559,11,1,middle,15,194,7,0
v2,559,11,0,middle,15,194,7,0
v2,559,11,1,middle,15,194,7,0
v1,506,5,0,middle,16,88,14,0
v1,506,5,1,middle,16,88,14,0
v2,506,5,0,middle,16,88,14,0
v2,506,5,1,middle,16,88,14,0
v1,33,11,0,middle,16,175,12,0
v1,33,11,1,middle,16,175,12,0
v2,33,11,0,middle,16,175,12,0
v2,33,11,1,middle,16,175,12,0
v1,743,9,0,middle,13,170,13,0
v1,743,9,1,middle,13,170,13,1
v2,743,9,0,middle,13,170,13,0
v2,743,9,1,middle,13,170,13,0
v1,530,11,0,middle,10,193,9,0
v1,530,11,1,middle,10,193,9,0
v2,530,11,0,middle,10,193,9,0
v2,530,11,1,middle,10,193,9,0
v1,52,7,0,middle,16,135,7,0
v1,52,7,1,middle,16,135,7,0
v2,52,7,0,middle,16,135,7,0
v2,52,7,1,middle,16,135,7,0
v1,53,8,0,middle,16,134,13,0
v1,53,8,1,middle,16,134,13,0
v2,53,8,0,middle,16,134,13,0
v2,53,8,1,middle,16,134,13,0
v1,750,12,0,middle,14,217,7,0
v1,750,12,1,middle,14,217,7,1
v2,750,12,0,middle,14,217,7,0
v2,750,12,1,middle,14,217,7,0
v1,769,9,0,middle,15,148,13,0
v1,769,9,1,middle,15,148,13,0
v2,769,9,0,middle,15,148,13,0
v2,769,9,1,middle,15,148,13,0
v1,251,7,0,middle,16,127,9,0
v1,251,7,1,middle,16,127,9,0
v2,251,7,0,middle,16,127,9,0
v2,251,7,1,middle,16,127,9,0
v1,532,16,0,middle,12,235,12,0
v1,532,16,1,middle,12,235,12,0
v2,532,16,0,middle,12,235,12,0
v2,532,16,1,middle,12,235,12,0
v1,244,7,0,middle,16,120,11,1
v1,244,7,1,middle,16,120,11,0
v2,244,7,0,middle,16,120,11,0
v2,244,7,1,middle,16,120,11,0
v1,523,11,0,middle,15,177,8,1
v1,523,11,1,middle,15,177,8,0
v2,523,11,0,middle,15,177,8,0
v2,523,11,1,middle,15,177,8,0
v1,703,14,0,middle,15,223,14,0
v1,703,14,1,middle,15,223,14,0
v2,703,14,0,middle,15,223,14,0
v2,703,14,1,middle,15,223,14,0
v1,383,9,0,middle,16,161,13,0
v1,383,9,1,middle,16,161,13,0
v2,383,9,0,middle,16,161,13,0
v2,383,9,1,middle,16,161,13,0
v1,1009,9,0,middle,15,172,9,0
v1,1009,9,1,middle,15,172,9,1
v2,1009,9,0,middle,15,172,9,0
v2,1009,9,1,middle,15,172,9,0
v1,890,14,0,middle,10,254,9,0
v1,890,14,1,middle,10,254,9,0
v2,890,14,0,middle,10,254,9,0
v2,890,14,1,middle,10,254,9,0
v1,69,10,0,middle,16,155,15,0
v1,69,10,1,middle,16,155,15,0
v2,69,10,0,middle,16,155,15,0
v2,69,10,1,middle,16,155,15,0
v1,986,14,0,middle,10,217,8,0
v1,986,14,1,middle,10,217,8,0
v2,986,14,0,middle,10,217,8,0
v2,986,14,1,middle,10,217,8,0
v1,789,16,0,middle,11,235,11,0
v1,789,16,1,middle,11,235,11,0
v2,789,16,0,middle,11,235,11,0
v2,789,16,1,middle,11,235,11,0
v1,410,10,0,middle,16,156,11,0
v1,410,10,1,middle,16,156,11,0
v2,410,10,0,middle,16,156,11,0
v2,410,10,1,middle,16,156,11,0
v1,143,7,0,middle,16,138,7,0
v1,143,7,1,middle,16,138,7,0
v2,143,7,0,middle,16,138,7,0
v2,143,7,1,middle,16,138,7,0
v1,902,13,0,middle,10,233,10,0
v1,902,13,1,middle,10,233,10,0
v2,902,13,0,middle,10,233,10,0
v2,902,13,1,middle,10,233,10,0
v1,261,10,0,middle,16,145,12,0
v1,261,10,1,middle,16,145,12,0
v2,261,10,0,middle,16,145,12,0
v2,261,10,1,middle,16,145,12,0
v1,470,10,0,middle,16,154,10,0
v1,470,10,1,middle,16,154,10,0
v2,470,10,0,middle,16,154,10,0
v2,470,10,1,middle,16,154,10,0
v1,146,7,0,middle,16,110,15,0
v1,146,7,1,middle,16,110,15,0
v2,146,7,0,middle,16,110,15,0
v2,146,7,1,middle,16,110,15,0
v1,1017,11,0,middle,11,185,10,0
v1,1017,11,1,middle,11,185,10,0
v2,1017,11,0,middle,11,185,10,0
v2,1017,11,1,middle,11,185,10,0
v1,662,10,0,middle,10,186,7,0
v1,662,10,1,middle,10,186,7,0
v2,662,10,0,middle,10,186,7,0
v2,662,10,1,middle,10,186,7,0
v1,345,7,0,middle,16,118,14,0
v1,345,7,1,middle,16,118,14,0
v2,345,7,0,middle,16,118,14,0
v2,345,7,1,middle,16,118,14,0
v1,812,15,0,middle,10,213,10,0
v1,812,15,1,middle,10,213,10,0
v2,812,15,0,middle,10,213,10,0
v2,812,15,1,middle,10,213,10,0
v1,652,16,0,middle,12,268,12,0
v1,652,16,1,middle,12,268,12,1
v2,652,16,0,middle,12,268,12,0
v2,652,16,1,middle,12,268,12,0
v1,773,9,0,middle,13,167,7,0
v1,773,9,1,middle,13,167,7,0
v2,773,9,0,middle,13,167,7,0
v2,773,9,1,middle,13,167,7,0
v1,295,8,0,middle,16,131,14,0
v1,295,8,1,middle,16,131,14,1
v2,295,8,0,middle,16,131,14,0
v2,295,8,1,middle,16,131,14,0
v1,70,11,0,middle,16,173,12,1
v1,70,11,1,middle,16,173,12,1
v2,70,11,0,middle,16,173,12,0
v2,70,11,1,middle,16,173,12,0
v1,982,13,0,middle,12,239,11,0
v1,982,13,1,middle,12,239,11,0
v2,982,13,0,middle,12,239,11,0
v2,982,13,1,middle,12,239,11,0
v1,141,14,0,middle,16,190,15,1
v1,141,14,1,middle,16,190,15,0
v2,141,14,0,middle,16,190,15,0
v2,141,14,1,middle,16,190,15,0
v1,867,16,0,middle,11,265,9,0
v1,867,16,1,middle,11,265,9,0
v2,867,16,0,middle,11,265,9,0
v2,867,16,1,middle,11,265,9,0
v1,503,9,0,middle,16,159,11,0
v1,503,9,1,middle,16,159,11,0
v2,503,9,0,middle,16,159,11,0
v2,503,9,1,middle,16,159,11,0
v1,827,16,0,middle,13,226,13,1
v1,827,16,1,middle,13,226,13,0
v2,827,16,0,middle,13,226,13,0
v2,827,16,1,middle,13,226,13,0
v1,931,15,0,middle,15,236,12,0
v1,931,15,1,middle,15,236,12,0
v2,931,15,0,middle,15,236,12,0
v2,931,15,1,middle,15,236,12,0
v1,917,15,0,middle,13,239,13,0
v1,917,15,1,middle,13,239,13,0
v2,917,15,0,middle,13,239,13,0
v2,917,15,1,middle,13,239,13,0
v1,699,13,0,middle,11,225,11,0
v1,699,13,1,middle,11,225,11,0
v2,699,13,0,middle,11,225,11,0
v2,699,13,1,middle,11,225,11,0
v1,670,15,0,middle,12,201,12,0
v1,670,15,1,middle,12,201,12,0
v2,670,15,0,middle,12,201,12,0
v2,670,15,1,middle,12,201,12,0
v1,156,13,0,middle,16,224,10,0
v1,156,13,1,middle,16,224,10,0
v2,156,13,0,middle,16,224,10,0
v2,156,13,1,middle,16,224,10,0
v1,840,13,0,middle,14,205,10,0
v1,840,13,1,middle,14,205,10,0
v2,840,13,0,middle,14,205,10,0
v2,840,13,1,middle,14,205,10,0
v1,603,9,0,middle,11,155,9,0
v1,603,9,1,middle,11,155,9,0
v2,603,9,0,middle,11,155,9,0
v2,603,9,1,middle,11,155,9,0
v1,284,7,0,middle,16,125,10,0
v1,284,7,1,middle,16,125,10,0
v2,284,7,0,middle,16,125,10,0
v2,284,7,1,middle,16,125,10,0
v1,531,16,0,middle,11,282,9,0
v1,531,16,1,middle,11,282,9,0
v2,531,16,0,middle,11,282,9,0
v2,531,16,1,middle,11,282,9,0
v1,985,11,0,middle,15,171,11,0
v1,985,11,1,middle,15,171,11,0
v2,985,11,0,middle,15,171,11,0
v2,985,11,1,middle,15,171,11,0
v1,924,14,0,middle,14,219,11,0
v1,924,14,1,middle,14,219,11,0
v2,924,14,0,middle,14,219,11,0
v2,924,14,1,middle,14,219,11,0
v1,488,5,0,middle,16,90,10,1
v1,488,5,1,middle,16,90,10,0
v2,488,5,0,middle,16,90,10,0
v2,488,5,1,middle,16,90,10,0
v1,105,9,0,middle,16,164,12,0
v1,105,9,1,middle,16,164,12,0
v2,105,9,0,middle,16,164,12,0
v2,105,9,1,middle,16,164,12,0
v1,679,15,0,middle,15,201,14,0
v1,679,15,1,middle,15,201,14,0
v2,679,15,0,middle,15,201,14,0
v2,679,15,1,middle,15,201,14,0
v1,251,13,0,middle,16,217,12,0
v1,251,13,1,middle,16,217,12,0
v2,251,13,0,middle,16,217,12,0
v2,251,13,1,middle,16,217,12,0
v1,274,12,0,middle,16,192,13,0
v1,274,12,1,middle,16,192,13,0
v2,274,12,0,middle,16,192,13,0
v2,274,12,1,middle,16,192,13,0
v1,660,15,0,middle,14,228,12,0
v1,660,15,1,middle,14,228,12,0
v2,660,15,0,middle,14,228,12,0
v2,660,15,1,middle,14,228,12,0
v1,521,14,0,middle,13,217,11,0
v1,521,14,1,middle,13,217,11,0
v2,521,14,0,middle,13,217,11,0
v2,521,14,1,middle,13,217,11,0
v1,177,8,0,middle,16,146,10,0
v1,177,8,1,middle,16,146,10,0
v2,177,8,0,middle,16,146,10,0
v2,177,8,1,middle,16,146,10,0
v1,890,13,0,middle,10,240,9,1
v1,890,13,1,middle,10,240,9,1
v2,890,13,0,middle,10,240,9,0
v2,890,13,1,middle,10,240,9,0
v1,493,13,0,middle,16,219,11,1
v1,493,13,1,middle,16,219,11,0
v2,493,13,0,middle,16,219,11,0
v2,493,13,1,middle,16,219,11,0
v1,62,12,0,middle,16,203,13,0
v1,62,12,1,middle,16,203,13,0
v2,62,12,0,middle,16,203,13,0
v2,62,12,1,middle,16,203,13,0
v1,942,10,0,middle,14,144,10,0
v1,942,10,1,middle,14,144,10,0
v2,942,10,0,middle,14,144,10,0
v2,942,10,1,middle,14,144,10,0
v1,498,11,0,middle,16,174,14,0
v1,498,11,1,middle,16,174,14,0
v2,498,11,0,middle,16,174,14,0
v2,498,11,1,middle,16,174,14,0
v1,761,12,0,middle,13,205,8,0
v1,761,12,1,middle,13,205,8,0
v2,761,12,0,middle,13,205,8,0
v2,761,12,1,middle,13,205,8,0
v1,113,9,0,middle,16,161,10,0
v1,113,9,1,middle,16,161,10,0
v2,113,9,0,middle,16,161,10,0
v2,113,9,1,middle,16,161,10,0
v1,788,12,0,middle,10,204,10,0
v1,788,12,1,middle,10,204,10,0
v2,788,12,0,middle,10,204,10,0
v2,788,12,1,middle,10,204,10,0
v1,942,16,0,middle,14,205,12,0
v1,942,16,1,middle,14,205,12,0
v2,942,16,0,middle,14,205,12,0
v2,942,16,1,middle,14,205,12,0
v1,396,10,0,middle,16,180,14,0
v1,396,10,1,middle,16,180,14,0
v2,396,10,0,middle,16,180,14,0
v2,396,10,1,middle,16,180,14,0
v1,244,8,0,middle,16,132,11,0
v1,244,8,1,middle,16,132,11,0
v2,244,8,0,middle,16,132,11,0
v2,244,8,1,middle,16,132,11,0
v1,109,10,0,middle,16,179,11,0
v1,109,10,1,middle,16,179,11,0
v2,109,10,0,middle,16,179,11,0
v2,109,10,1,middle,16,179,11,0
v1,410,8,0,middle,16,130,10,0
v1,410,8,1,middle,16,130,10,0
v2,410,8,0,middle,16,130,10,0
v2,410,8,1,middle,16,130,10,0
v1,35,3,0,middle,16,59,9,0
v1,35,3,1,middle,16,59,9,0
v2,35,3,0,middle,16,59,9,0
v2,35,3,1,middle,16,59,9,0
v1,692,10,0,middle,10,163,8,0
v1,692,10,1,middle,10,163,8,0
v2,692,10,0,middle,10,163,8,0
v2,692,10,1,middle,10,163,8,0
v1,216,9,0,middle,16,131,15,0
v1,216,9,1,middle,16,131,15,0
v2,216,9,0,middle,16,131,15,0
v2,216,9,1,middle,16,131,15,0
v1,311,5,0,middle,16,94,13,0
v1,311,5,1,middle,16,94,13,0
v2,311,5,0,middle,16,94,13,0
v2,311,5,1,middle,16,94,13,0
v1,273,7,0,middle,16,124,13,0
v1,273,7,1,middle,16,124,13,0
v2,273,7,0,middle,16,124,13,0
v2,273,7,1,middle,16,124,13,0
v1,594,12,0,middle,14,174,14,0
v1,594,12,1,middle,14,174,14,0
v2,594,12,0,middle,14,174,14,0
v2,594,12,1,middle,14,174,14,0
v1,126,11,0,middle,16,206,10,0
v1,126,11,1,middle,16,206,10,0
v2,126,11,0,middle,16,206,10,0
v2,126,11,1,middle,16,206,10,0
v1,505,12,0,middle,16,201,15,0
v1,505,12,1,middle,16,201,15,0
v2,505,12,0,middle,16,201,15,0
v2,505,12,1,middle,16,201,15,0
v1,707,14,0,middle,13,243,11,0
v1,707,14,1,middle,13,243,11,0
v2,707,14,0,middle,13,243,11,0
v2,707,14,1,middle,13,243,11,0
v1,942,12,0,middle,14,164,10,1
v1,942,12,1,middle,14,164,10,0
v2,942,12,0,middle,14,164,10,0
v2,942,12,1,middle,14,164,10,0
v1,92,13,0,middle,16,219,12,1
v1,92,13,1,middle,16,219,12,0
v2,92,13,0,middle,16,219,12,0
v2,92,13,1,middle,16,219,12,0
v1,301,4,0,middle,16,77,13,0
v1,301,4,1,middle,16,77,13,1
v2,301,4,0,middle,16,77,13,0
v2,301,4,1,middle,16,77,13,0
v1,606,16,0,middle,14,270,10,1
v1,606,16,1,middle,14,270,10,0
v2,606,16,0,middle,14,270,10,0
v2,606,16,1,middle,14,270,10,0
v1,401,10,0,middle,16,171,10,0
v1,401,10,1,middle,16,171,10,0
v2,401,10,0,middle,16,171,10,0
v2,401,10,1,middle,16,171,10,0
v1,418,10,0,middle,16,155,11,0
v1,418,10,1,middle,16,155,11,1
v2,418,10,0,middle,16,155,11,0
v2,418,10,1,middle,16,155,11,0
v1,1002,10,0,middle,14,143,14,0
v1,1002,10,1,middle,14,143,14,0
v2,1002,10,0,middle,14,143,14,0
v2,1002,10,1,middle,14,143,14,0
v1,843,14,0,middle,11,218,11,0
v1,843,14,1,middle,11,218,11,0
v2,843,14,0,middle,11,218,11,0
v2,843,14,1,middle,11,218,11,0
v1,682,14,0,middle,12,255,10,0
v1,682,14,1,middle,12,255,10,0
v2,682,14,0,middle,12,255,10,0
v2,682,14,1,middle,12,255,10,0
v1,716,11,0,middle,10,190,6,0
v1,716,11,1,middle,10,190,6,0
v2,716,11,0,middle,10,190,6,0
v2,716,11,1,middle,10,190,6,0
v1,648,12,0,middle,14,218,10,0
v1,648,12,1,middle,14,218,10,0
v2,648,12,0,middle,14,218,10,0
v2,648,12,1,middle,14,218,10,0
v1,202,5,0,middle,16,91,12,0
v1,202,5,1,middle,16,91,12,0
v2,202,5,0,middle,16,91,12,0
v2,202,5,1,middle,16,91,12,0
v1,39,9,0,middle,16,131,14,0
v1,39,9,1,middle,16,131,14,0
v2,39,9,0,middle,16,131,14,0
v2,39,9,1,middle,16,131,14,0
v1,871,15,0,middle,15,190,15,0
v1,871,15,1,middle,15,190,15,0
v2,871,15,0,middle,15,190,15,0
v2,871,15,1,middle,15,190,15,0
v1,649,11,0,middle,15,179,11,0
v1,649,11,1,middle,15,179,11,0
v2,649,11,0,middle,15,179,11,0
v2,649,11,1,middle,15,179,11,0
v1,944,10,0,middle,10,194,8,0
v1,944,10,1,middle,10,194,8,0
v2,944,10,0,middle,10,194,8,0
v2,944,10,1,middle,10,194,8,0
v1,901,9,0,middle,15,164,8,0
v1,901,9,1,middle,15,164,8,0
v2,901,9,0,middle,15,164,8,0
v2,901,9,1,middle,15,164,8,0
v1,807,16,0,middle,11,235,11,0
v1,807,16,1,middle,11,235,11,0
v2,807,16,0,middle,11,235,11,0
v2,807,16,1,middle,11,235,11,0
v1,828,9,0,middle,14,156,13,0
v1,828,9,1,middle,14,156,13,0
v2,828,9,0,middle,14,156,13,0
v2,828,9,1,middle,14,156,13,0
v1,939,11,0,middle,11,182,11,1
v1,939,11,1,middle,11,182,11,1
v2,939,11,0,middle,11,182,11,0
v2,939,11,1,middle,11,182,11,0
v1,358,6,0,middle,16,120,13,0
v1,358,6,1,middle,16,120,13,0
v2,358,6,0,middle,16,120,13,0
v2,358,6,1,middle,16,120,13,0
v1,909,13,0,middle,11,233,10,0
v1,909,13,1,middle,11,233,10,0
v2,909,13,0,middle,11,233,10,0
v2,909,13,1,middle,11,233,10,0
v1,965,11,0,middle,13,176,11,0
v1,965,11,1,middle,13,176,11,0
v2,965,11,0,middle,13,176,11,0
v2,965,11,1,middle,13,176,11,0
v1,339,9,0,middle,16,140,14,0
v1,339,9,1,middle,16,140,14,0
v2,339,9,0,middle,16,140,14,0
v2,339,9,1,middle,16,140,14,0
v1,287,16,0,middle,16,214,15,0
v1,287,16,1,middle,16,214,15,0
v2,287,16,0,middle,16,214,15,0
v2,287,16,1,middle,16,214,15,0
v1,175,7,0,middle,16,131,11,0
v1,175,7,1,middle,16,131,11,0
v2,175,7,0,middle,16,131,11,0
v2,175,7,1,middle,16,131,11,0
v1,418,9,0,middle,16,143,11,0
v1,418,9,1,middle,16,143,11,0
v2,418,9,0,middle,16,143,11,0
v2,418,9,1,middle,16,143,11,0
v1,760,10,0,middle,12,159,9,1
v1,760,10,1,middle,12,159,9,0
v2,760,10,0,middle,12,159,9,0
v2,760,10,1,middle,12,159,9,0
v1,378,11,0,middle,16,203,9,0
v1,378,11,1,middle,16,203,9,0
v2,378,11,0,middle,16,203,9,0
v2,378,11,1,middle,16,203,9,0
v1,495,11,0,middle,16,182,13,1
v1,495,11,1,middle,16,182,13,0
v2,495,11,0,middle,16,182,13,0
v2,495,11,1,middle,16,182,13,0
v1,989,14,0,middle,13,230,13,0
v1,989,14,1,middle,13,230,13,1
v2,989,14,0,middle,13,230,13,0
v2,989,14,1,middle,13,230,13,0
v1,615,11,0,middle,11,200,9,0
v1,615,11,1,middle,11,200,9,0
v2,615,11,0,middle,11,200,9,0
v2,615,11,1,middle,11,200,9,0
v1,450,7,0,middle,16,135,15,0
v1,450,7,1,middle,16,135,15,1
v2,450,7,0,middle,16,135,15,0
v2,450,7,1,middle,16,135,15,0
v1,604,11,0,middle,12,185,11,0
v1,604,11,1,middle,12,185,11,0
v2,604,11,0,middle,12,185,11,0
v2,604,11,1,middle,12,185,11,0
v1,685,14,0,middle,15,205,12,0
v1,685,14,1,middle,15,205,12,0
v2,685,14,0,middle,15,205,12,0
v2,685,14,1,middle,15,205,12,0
v1,986,9,0,middle,10,151,7,0
v1,986,9,1,middle,10,151,7,0
v2,986,9,0,middle,10,151,7,0
v2,986,9,1,middle,10,151,7,0
v1,340,8,0,middle,16,134,12,0
v1,340,8,1,middle,16,134,12,0
v2,340,8,0,middle,16,134,12,0
v2,340,8,1,middle,16,134,12,0
v1,529,12,0,middle,15,180,14,0
v1,529,12,1,middle,15,180,14,0
v2,529,12,0,middle,15,180,14,0
v2,529,12,1,middle,15,180,14,0
v1,958,12,0,middle,12,195,9,0
v1,958,12,1,middle,12,195,9,0
v2,958,12,0,middle,12,195,9,0
v2,958,12,1,middle,12,195,9,0
v1,770,12,0,middle,10,205,8,0
v1,770,12,1,middle,10,205,8,0
v2,770,12,0,middle,10,205,8,0
v2,770,12,1,middle,10,205,8,0
v1,506,7,0,middle,16,108,14,1
v1,506,7,1,middle,16,108,14,0
v2,506,7,0,middle,16,108,14,0
v2,506,7,1,middle,16,108,14,0
v1,824,12,0,middle,10,235,5,0
v1,824,12,1,middle,10,235,5,1
v2,824,12,0,middle,10,235,5,0
v2,824,12,1,middle,10,235,5,0
v1,699,12,0,middle,11,211,11,1
v1,699,12,1,middle,11,211,11,0
v2,699,12,0,middle,11,211,11,0
v2,699,12,1,middle,11,211,11,0
v1,928,15,0,middle,12,229,11,0
v1,928,15,1,middle,12,229,11,0
v2,928,15,0,middle,12,229,11,0
v2,928,15,1,middle,12,229,11,0
v1,558,11,0,middle,14,182,11,0
v1,558,11,1,middle,14,182,11,0
v2,558,11,0,middle,14,182,11,0
v2,558,11,1,middle,14,182,11,0
v1,831,14,0,middle,11,251,8,0
v1,831,14,1,middle,11,251,8,0
v2,831,14,0,middle,11,251,8,0
v2,831,14,1,middle,11,251,8,0
v1,52,11,0,middle,16,197,12,0
v1,52,11,1,middle,16,197,12,1
v2,52,11,0,middle,16,197,12,0
v2,52,11,1,middle,16,197,12,0
v1,547,12,0,middle,15,196,14,0
v1,547,12,1,middle,15,196,14,0
v2,547,12,0,middle,15,196,14,0
v2,547,12,1,middle,15,196,14,0
v1,474,10,0,middle,16,153,10,0
v1,474,10,1,middle,16,153,10,0
v2,474,10,0,middle,16,153,10,0
v2,474,10,1,middle,16,153,10,0
v1,489,14,0,middle,16,187,13,0
v1,489,14,1,middle,16,187,13,0
v2,489,14,0,middle,16,187,13,0
v2,489,14,1,middle,16,187,13,0
v1,309,11,0,middle,16,155,15,0
v1,309,11,1,middle,16,155,15,0
v2,309,11,0,middle,16,155,15,0
v2,309,11,1,middle,16,155,15,0
v1,207,9,0,middle,16,141,15,0
v1,207,9,1,middle,16,141,15,0
v2,207,9,0,middle,16,141,15,0
v2,207,9,1,middle,16,141,15,0
v1,998,9,0,middle,10,158,7,0
v1,998,9,1,middle,10,158,7,0
v2,998,9,0,middle,10,158,7,0
v2,998,9,1,middle,10,158,7,0
v1,144,8,0,middle,16,145,11,0
v1,144,8,1,middle,16,145,11,0
v2,144,8,0,middle,16,145,11,0
v2,144,8,1,middle,16,145,11,0
v1,432,6,0,middle,16,110,12,0
v1,432,6,1,middle,16,110,12,0
v2,432,6,0,middle,16,110,12,0
v2,432,6,1,middle,16,110,12,0
v1,994,14,0,middle,12,193,11,0
v1,994,14,1,middle,12,193,11,0
v2,994,14,0,middle,12,193,11,0
v2,994,14,1,middle,12,193,11,0
v1,155,14,0,middle,16,186,14,0
v1,155,14,1,middle,16,186,14,0
v2,155,14,0,middle,16,186,14,0
v2,155,14,1,middle,16,186,14,0
v1,50,15,0,middle,16,226,15,0
v1,50,15,1,middle,16,226,15,0
v2,50,15,0,middle,16,226,15,0
v2,50,15,1,middle,16,226,15,0
v1,79,8,0,middle,16,135,14,0
v1,79,8,1,middle,16,135,14,0
v2,79,8,0,middle,16,135,14,0
v2,79,8,1,middle,16,135,14,0
v1,740,11,0,middle,10,199,5,0
v1,740,11,1,middle,10,199,5,0
v2,740,11,0,middle,10,199,5,0
v2,740,11,1,middle,10,199,5,0
v1,428,7,0,middle,16,134,13,0
v1,428,7,1,middle,16,134,13,0
v2,428,7,0,middle,16,134,13,0
v2,428,7,1,middle,16,134,13,0
v1,75,8,0,middle,16,121,10,0
v1,75,8,1,middle,16,121,10,0
v2,75,8,0,middle,16,121,10,0
v2,75,8,1,middle,16,121,10,0
v1,133,13,0,middle,16,215,14,0
v1,133,13,1,middle,16,215,14,0
v2,133,13,0,middle,16,215,14,0
v2,133,13,1,middle,16,215,14,0
v1,892,15,0,middle,12,235,12,0
v1,892,15,1,middle,12,235,12,0
v2,892,15,0,middle,12,235,12,0
v2,892,15,1,middle,12,235,12,0
v1,248,9,0,middle,16,150,10,0
v1,248,9,1,middle,16,150,10,0
v2,248,9,0,middle,16,150,10,0
v2,248,9,1,middle,16,150,10,0
v1,997,14,0,middle,15,201,14,0
v1,997,14,1,middle,15,201,14,0
v2,997,14,0,middle,15,201,14,0
v2,997,14,1,middle,15,201,14,0
v1,961,13,0,middle,15,202,13,0
v1,961,13,1,middle,15,202,13,0
v2,961,13,0,middle,15,202,13,0
v2,961,13,1,middle,15,202,13,0
v1,957,12,0,middle,11,223,6,0
v1,957,12,1,middle,11,223,6,0
v2,957,12,0,middle,11,223,6,0
v2,957,12,1,middle,11,223,6,0
v1,533,15,0,middle,13,236,13,0
v1,533,15,1,middle,13,236,13,0
v2,533,15,0,middle,13,236,13,0
v2,533,15,1,middle,13,236,13,0
v1,886,13,0,middle,12,176,12,0
v1,886,13,1,middle,12,176,12,0
v2,886,13,0,middle,12,176,12,0
v2,886,13,1,middle,12,176,12,0
v1,909,9,0,middle,11,163,5,0
v1,909,9,1,middle,11,163,5,0
v2,909,9,0,middle,11,163,5,0
v2,909,9,1,middle,11,163,5,0
v1,766,14,0,middle,12,244,9,0
v1,766,14,1,middle,12,244,9,0
v2,766,14,0,middle,12,244,9,0
v2,766,14,1,middle,12,244,9,0
v1,57,11,0,middle,16,173,13,0
v1,57,11,1,middle,16,173,13,0
v2,57,11,0,middle,16,173,13,0
v2,57,11,1,middle,16,173,13,0
v1,279,7,0,middle,16,120,15,0
v1,279,7,1,middle,16,120,15,0
v2,279,7,0,middle,16,120,15,0
v2,279,7,1,middle,16,120,15,0
v1,631,10,0,middle,15,174,11,0
v1,631,10,1,middle,15,174,11,0
v2,631,10,0,middle,15,174,11,0
v2,631,10,1,middle,15,174,11,0
v1,399,6,0,middle,16,110,13,0
v1,399,6,1,middle,16,110,13,0
v2,399,6,0,middle,16,110,13,0
v2,399,6,1,middle,16,110,13,0
v1,204,8,0,middle,16,140,12,0
v1,204,8,1,middle,16,140,12,0
v2,204,8,0,middle,16,140,12,0
v2,204,8,1,middle,16,140,12,0
v1,172,9,0,middle,16,136,15,0
v1,172,9,1,middle,16,136,15,1
v2,172,9,0,middle,16,136,15,0
v2,172,9,1,middle,16,136,15,0
v1,131,5,0,middle,16,94,12,0
v1,131,5,1,middle,16,94,12,0
v2,131,5,0,middle,16,94,12,0
v2,131,5,1,middle,16,94,12,0
v1,817,12,0,middle,15,191,14,0
v1,817,12,1,middle,15,191,14,0
v2,817,12,0,middle,15,191,14,0
v2,817,12,1,middle,15,191,14,0
v1,376,8,0,middle,16,147,13,0
v1,376,8,1,middle,16,147,13,0
v2,376,8,0,middle,16,147,13,0
v2,376,8,1,middle,16,147,13,0
v1,272,12,0,middle,16,198,11,0
v1,272,12,1,middle,16,198,11,0
v2,272,12,0,middle,16,198,11,0
v2,272,12,1,middle,16,198,11,0
v1,811,16,0,middle,15,199,13,0
v1,811,16,1,middle,15,199,13,0
v2,811,16,0,middle,15,199,13,0
v2,811,16,1,middle,15,199,13,0
v1,636,9,0,middle,14,173,13,0
v1,636,9,1,middle,14,173,13,0
v2,636,9,0,middle,14,173,13,0
v2,636,9,1,middle,14,173,13,0
v1,596,9,0,middle,10,158,6,0
v1,596,9,1,middle,10,158,6,0
v2,596,9,0,middle,10,158,6,0
v2,596,9,1,middle,10,158,6,0
v1,155,11,0,middle,16,156,13,0
v1,155,11,1,middle,16,156,13,0
v2,155,11,0,middle,16,156,13,0
v2,155,11,1,middle,16,156,13,0
v1,203,6,0,middle,16,114,12,0
v1,203,6,1,middle,16,114,12,0
v2,203,6,0,middle,16,114,12,0
v2,203,6,1,middle,16,114,12,0
v1,691,9,0,middle,15,140,13,0
v1,691,9,1,middle,15,140,13,0
v2,691,9,0,middle,15,140,13,0
v2,691,9,1,middle,15,140,13,0
v1,908,9,0,middle,10,155,10,0
v1,908,9,1,middle,10,155,10,0
v2,908,9,0,middle,10,155,10,0
v2,908,9,1,middle,10,155,10,0
v1,400,11,0,middle,16,191,14,0
v1,400,11,1,middle,16,191,14,0
v2,400,11,0,middle,16,191,14,0
v2,400,11,1,middle,16,191,14,0
v1,979,15,0,middle,15,238,12,0
v1,979,15,1,middle,15,238,12,0
v2,979,15,0,middle,15,238,12,0
v2,979,15,1,middle,15,238,12,0
v1,248,7,0,middle,16,126,10,1
v1,248,7,1,middle,16,126,10,0
v2,248,7,0,middle,16,126,10,0
v2,248,7,1,middle,16,126,10,0
v1,846,15,0,middle,14,255,12,0
v1,846,15,1,middle,14,255,12,0
v2,846,15,0,middle,14,255,12,0
v2,846,15,1,middle,14,255,12,0
v1,418,12,0,middle,16,182,12,0
v1,418,12,1,middle,16,182,12,0
v2,418,12,0,middle,16,182,12,0
v2,418,12,1,middle,16,182,12,0
v1,350,6,0,middle,16,107,12,1
v1,350,6,1,middle,16,107,12,0
v2,350,6,0,middle,16,107,12,0
v2,350,6,1,middle,16,107,12,0
v1,543,13,0,middle,11,231,8,0
v1,543,13,1,middle,11,231,8,0
v2,543,13,0,middle,11,231,8,0
v2,543,13,1,middle,11,231,8,0
v1,203,11,0,middle,16,202,14,0
v1,203,11,1,middle,16,202,14,0
v2,203,11,0,middle,16,202,14,0
v2,203,11,1,middle,16,202,14,0
v1,383,8,0,middle,16,146,13,0
v1,383,8,1,middle,16,146,13,0
v2,383,8,0,middle,16,146,13,0
v2,383,8,1,middle,16,146,13,0
v1,188,15,0,middle,16,227,14,0
v1,188,15,1,middle,16,227,14,0
v2,188,15,0,middle,16,227,14,0
v2,188,15,1,middle,16,227,14,0
v1,941,10,0,middle,13,165,9,0
v1,941,10,1,middle,13,165,9,0
v2,941,10,0,middle,13,165,9,0
v2,941,10,1,middle,13,165,9,0
v1,584,14,0,middle,10,206,10,0
v1,584,14,1,middle,10,206,10,0
v2,584,14,0,middle,10,206,10,0
v2,584,14,1,middle,10,206,10,0
v1,672,14,0,middle,14,204,14,0
v1,672,14,1,middle,14,204,14,0
v2,672,14,0,middle,14,204,14,0
v2,672,14,1,middle,14,204,14,0
v1,57,10,0,middle,16,161,13,1
v1,57,10,1,middle,16,161,13,0
v2,57,10,0,middle,16,161,13,0
v2,57,10,1,middle,16,161,13,0
v1,787,15,0,middle,15,214,14,0
v1,787,15,1,middle,15,214,14,0
v2,787,15,0,middle,15,214,14,0
v2,787,15,1,middle,15,214,14,0
v1,1011,14,0,middle,11,219,11,0
v1,1011,14,1,middle,11,219,11,0
v2,1011,14,0,middle,11,219,11,0
v2,1011,14,1,middle,11,219,11,0
v1,350,8,0,middle,16,129,12,0
v1,350,8,1,middle,16,129,12,0
v2,350,8,0,middle,16,129,12,0
v2,350,8,1,middle,16,129,12,0
v1,981,16,0,middle,11,269,8,0
v1,981,16,1,middle,11,269,8,0
v2,981,16,0,middle,11,269,8,0
v2,981,16,1,middle,11,269,8,0
v1,654,12,0,middle,14,159,14,0
v1,654,12,1,middle,14,159,14,1
v2,654,12,0,middle,14,159,14,0
v2,654,12,1,middle,14,159,14,0
v1,895,11,0,middle,15,179,15,1
v1,895,11,1,middle,15,179,15,0
v2,895,11,0,middle,15,179,15,0
v2,895,11,1,middle,15,179,15,0
v1,234,6,0,middle,16,117,9,0
v1,234,6,1,middle,16,117,9,0
v2,234,6,0,middle,16,117,9,0
v2,234,6,1,middle,16,117,9,0
v1,1023,13,0,middle,11,235,10,0
v1,1023,13,1,middle,11,235,10,0
v2,1023,13,0,middle,11,235,10,0
v2,1023,13,1,middle,11,235,10,0
v1,26,9,0,middle,16,169,14,0
v1,26,9,1,middle,16,169,14,0
v2,26,9,0,middle,16,169,14,0
v2,26,9,1,middle,16,169,14,0
v1,213,9,0,middle,16,161,7,0
v1,213,9,1,middle,16,161,7,0
v2,213,9,0,middle,16,161,7,0
v2,213,9,1,middle,16,161,7,0
v1,771,13,0,middle,11,248,8,1
v1,771,13,1,middle,11,248,8,1
v2,771,13,0,middle,11,248,8,0
v2,771,13,1,middle,11,248,8,0
v1,612,12,0,middle,14,210,8,0
v1,612,12,1,middle,14,210,8,0
v2,612,12,0,middle,14,210,8,0
v2,612,12,1,middle,14,210,8,0
v1,155,8,0,middle,16,123,12,0
v1,155,8,1,middle,16,123,12,0
v2,155,8,0,middle,16,123,12,0
v2,155,8,1,middle,16,123,12,0
v1,390,7,0,middle,16,120,10,1
v1,390,7,1,middle,16,120,10,0
v2,390,7,0,middle,16,120,10,0
v2,390,7,1,middle,16,120,10,0
v1,683,16,0,middle,13,243,12,0
v1,683,16,1,middle,13,243,12,0
v2,683,16,0,middle,13,243,12,0
v2,683,16,1,middle,13,243,12,0
v1,991,12,0,middle,15,192,13,0
v1,991,12,1,middle,15,192,13,0
v2,991,12,0,middle,15,192,13,0
v2,991,12,1,middle,15,192,13,0
v1,446,6,0,middle,16,109,13,0
v1,446,6,1,middle,16,109,13,0
v2,446,6,0,middle,16,109,13,0
v2,446,6,1,middle,16,109,13,0
v1,234,7,0,middle,16,136,10,0
v1,234,7,1,middle,16,136,10,0
v2,234,7,0,middle,16,136,10,0
v2,234,7,1,middle,16,136,10,0
v1,928,14,0,middle,12,217,11,0
v1,928,14,1,middle,12,217,11,0
v2,928,14,0,middle,12,217,11,0
v2,928,14,1,middle,12,217,11,0
v1,803,9,0,middle,13,161,10,0
v1,803,9,1,middle,13,161,10,0
v2,803,9,0,middle,13,161,10,0
v2,803,9,1,middle,13,161,10,0
v1,284,9,0,middle,16,153,11,0
v1,284,9,1,middle,16,153,11,0
v2,284,9,0,middle,16,153,11,0
v2,284,9,1,middle,16,153,11,0
v1,334,6,0,middle,16,114,10,0
v1,334,6,1,middle,16,114,10,0
v2,334,6,0,middle,16,114,10,0
v2,334,6,1,middle,16,114,10,0
v1,912,13,0,middle,14,200,11,0
v1,912,13,1,middle,14,200,11,0
v2,912,13,0,middle,14,200,11,0
v2,912,13,1,middle,14,200,11,0
v1,520,12,0,middle,12,191,11,0
v1,520,12,1,middle,12,191,11,0
v2,520,12,0,middle,12,191,11,0
v2,520,12,1,middle,12,191,11,0
v1,592,9,0,middle,12,142,10,0
v1,592,9,1,middle,12,142,10,0
v2,592,9,0,middle,12,142,10,0
v2,592,9,1,middle,12,142,10,0
v1,970,12,0,middle,12,211,11,0
v1,970,12,1,middle,12,211,11,0
v2,970,12,0,middle,12,211,11,0
v2,970,12,1,middle,12,211,11,0
v1,303,12,0,middle,16,172,13,0
v1,303,12,1,middle,16,172,13,0
v2,303,12,0,middle,16,172,13,0
v2,303,12,1,middle,16,172,13,0
v1,581,15,0,middle,13,269,10,0
v1,581,15,1,middle,13,269,10,0
v2,581,15,0,middle,13,269,10,0
v2,581,15,1,middle,13,269,10,0
v1,829,10,0,middle,15,167,11,0
v1,829,10,1,middle,15,167,11,0
v2,829,10,0,middle,15,167,11,0
v2,829,10,1,middle,15,167,11,0
v1,440,9,0,middle,16,166,7,1
v1,440,9,1,middle,16,166,7,0
v2,440,9,0,middle,16,166,7,0
v2,440,9,1,middle,16,166,7,0
v1,265,7,0,middle,16,134,9,0
v1,265,7,1,middle,16,134,9,0
v2,265,7,0,middle,16,134,9,0
v2,265,7,1,middle,16,134,9,0
v1,431,9,0,middle,16,152,15,0
v1,431,9,1,middle,16,152,15,0
v2,431,9,0,middle,16,152,15,0
v2,431,9,1,middle,16,152,15,0
v1,793,11,0,middle,15,181,11,0
v1,793,11,1,middle,15,181,11,1
v2,793,11,0,middle,15,181,11,0
v2,793,11,1,middle,15,181,11,0
v1,567,15,0,middle,11,228,10,0
v1,567,15,1,middle,11,228,10,0
v2,567,15,0,middle,11,228,10,0
v2,567,15,1,middle,11,228,10,0
v1,607,13,0,middle,15,192,11,0
v1,607,13,1,middle,15,192,11,0
v2,607,13,0,middle,15,192,11,0
v2,607,13,1,middle,15,192,11,0
v1,36,10,0,middle,16,172,13,0
v1,36,10,1,middle,16,172,13,0
v2,36,10,0,middle,16,172,13,0
v2,36,10,1,middle,16,172,13,0
v1,779,11,0,middle,13,201,8,0
v1,779,11,1,middle,13,201,8,0
v2,779,11,0,middle,13,201,8,0
v2,779,11,1,middle,13,201,8,0
v1,250,12,0,middle,16,185,14,0
v1,250,12,1,middle,16,185,14,0
v2,250,12,0,middle,16,185,14,0
v2,250,12,1,middle,16,185,14,0
v1,854,15,0,middle,10,268,8,0
v1,854,15,1,middle,10,268,8,0
v2,854,15,0,middle,10,268,8,0
v2,854,15,1,middle,10,268,8,0
v1,141,10,0,middle,16,162,14,0
v1,141,10,1,middle,16,162,14,0
v2,141,10,0,middle,16,162,14,0
v2,141,10,1,middle,16,162,14,0
v1,989,9,0,middle,13,166,11,0
v1,989,9,1,middle,13,166,11,0
v2,989,9,0,middle,13,166,11,0
v2,989,9,1,middle,13,166,11,0
v1,221,5,0,middle,16,95,14,0
v1,221,5,1,middle,16,95,14,0
v2,221,5,0,middle,16,95,14,0
v2,221,5,1,middle,16,95,14,0
v1,813,10,0,middle,11,183,8,0
v1,813,10,1,middle,11,183,8,0
v2,813,10,0,middle,11,183,8,0
v2,813,10,1,middle,11,183,8,0
v1,800,9,0,middle,10,163,6,0
v1,800,9,1,middle,10,163,6,0
v2,800,9,0,middle,10,163,6,0
v2,800,9,1,middle,10,163,6,0
v1,290,8,0,middle,16,145,11,0
v1,290,8,1,middle,16,145,11,0
v2,290,8,0,middle,16,145,11,0
v2,290,8,1,middle,16,145,11,0
v1,751,9,0,middle,15,177,11,0
v1,751,9,1,middle,15,177,11,0
v2,751,9,0,middle,15,177,11,0
v2,751,9,1,middle,15,177,11,0
v1,273,19,0,late,16,236,15,1
v1,273,19,1,late,16,236,15,0
v2,273,19,0,late,16,236,15,0
v2,273,19,1,late,16,236,15,0
v1,153,16,0,late,16,228,15,0
v1,153,16,1,late,16,228,15,0
v2,153,16,0,late,16,228,15,0
v2,153,16,1,late,16,228,15,0
v1,221,7,0,late,16,126,14,0
v1,221,7,1,late,16,126,14,0
v2,221,7,0,late,16,126,14,0
v2,221,7,1,late,16,126,14,0
v1,305,20,0,late,16,212,15,1
v1,305,20,1,late,16,212,15,0
v2,305,20,0,late,16,212,15,0
v2,305,20,1,late,16,212,15,0
v1,409,13,0,late,16,199,14,0
v1,409,13,1,late,16,199,14,0
v2,409,13,0,late,16,199,14,0
v2,409,13,1,late,16,199,14,0
v1,395,17,0,late,16,194,15,0
v1,395,17,1,late,16,194,15,0
v2,395,17,0,late,16,194,15,0
v2,395,17,1,late,16,194,15,0
v1,559,22,0,late,15,330,14,0
v1,559,22,1,late,15,330,14,0
v2,559,22,0,late,15,330,14,0
v2,559,22,1,late,15,330,14,0
v1,283,17,0,late,16,252,14,0
v1,283,17,1,late,16,252,14,0
v2,283,17,0,late,16,252,14,0
v2,283,17,1,late,16,252,14,0
v1,969,23,0,late,11,344,11,0
v1,969,23,1,late,11,344,11,0
v2,969,23,0,late,11,344,11,0
v2,969,23,1,late,11,344,11,0
v1,827,23,0,late,13,282,13,1
v1,827,23,1,late,13,282,13,0
v2,827,23,0,late,13,282,13,0
v2,827,23,1,late,13,282,13,0
v1,337,17,0,late,16,223,14,0
v1,337,17,1,late,16,223,14,0
v2,337,17,0,late,16,223,14,0
v2,337,17,1,late,16,223,14,0
v1,816,19,0,late,14,262,14,1
v1,816,19,1,late,14,262,14,1
v2,816,19,0,late,14,262,14,0
v2,816,19,1,late,14,262,14,0
v1,830,22,0,late,10,374,9,1
v1,830,22,1,late,10,374,9,0
v2,830,22,0,late,10,374,9,0
v2,830,22,1,late,10,374,9,0
v1,723,23,0,late,11,301,11,0
v1,723,23,1,late,11,301,11,0
v2,723,23,0,late,11,301,11,0
v2,723,23,1,late,11,301,11,0
v1,67,10,0,late,16,175,11,0
v1,67,10,1,late,16,175,11,0
v2,67,10,0,late,16,175,11,0
v2,67,10,1,late,16,175,11,0
v1,791,23,0,late,13,349,13,0
v1,791,23,1,late,13,349,13,0
v2,791,23,0,late,13,349,13,0
v2,791,23,1,late,13,349,13,0
v1,938,23,0,late,10,371,10,0
v1,938,23,1,late,10,371,10,0
v2,938,23,0,late,10,371,10,0
v2,938,23,1,late,10,371,10,0
v1,522,19,0,late,14,293,12,0
v1,522,19,1,late,14,293,12,0
v2,522,19,0,late,14,293,12,0
v2,522,19,1,late,14,293,12,0
v1,687,23,0,late,11,312,11,0
v1,687,23,1,late,11,312,11,0
v2,687,23,0,late,11,312,11,0
v2,687,23,1,late,11,312,11,0
v1,684,19,0,late,14,296,14,0
v1,684,19,1,late,14,296,14,0
v2,684,19,0,late,14,296,14,0
v2,684,19,1,late,14,296,14,0
v1,888,19,0,late,14,285,14,0
v1,888,19,1,late,14,285,14,1
v2,888,19,0,late,14,285,14,0
v2,888,19,1,late,14,285,14,0
v1,609,18,0,late,11,271,10,0
v1,609,18,1,late,11,271,10,1
v2,609,18,0,late,11,271,10,0
v2,609,18,1,late,11,271,10,0
v1,767,22,0,late,13,327,13,0
v1,767,22,1,late,13,327,13,0
v2,767,22,0,late,13,327,13,0
v2,767,22,1,late,13,327,13,0
v1,176,12,0,late,16,188,14,0
v1,176,12,1,late,16,188,14,0
v2,176,12,0,late,16,188,14,0
v2,176,12,1,late,16,188,14,0
v1,697,22,0,late,15,318,14,0
v1,697,22,1,late,15,318,14,0
v2,697,22,0,late,15,318,14,0
v2,697,22,1,late,15,318,14,0
v1,20,13,0,late,16,203,15,0
v1,20,13,1,late,16,203,15,0
v2,20,13,0,late,16,203,15,0
v2,20,13,1,late,16,203,15,0
v1,590,24,0,late,10,371,10,0
v1,590,24,1,late,10,371,10,0
v2,590,24,0,late,10,371,10,0
v2,590,24,1,late,10,371,10,0
v1,874,18,0,late,12,279,11,0
v1,874,18,1,late,12,279,11,0
v2,874,18,0,late,12,279,11,0
v2,874,18,1,late,12,279,11,0
v1,715,23,0,late,15,300,15,1
v1,715,23,1,late,15,300,15,0
v2,715,23,0,late,15,300,15,0
v2,715,23,1,late,15,300,15,0
v1,712,17,0,late,12,263,9,0
v1,712,17,1,late,12,263,9,0
v2,712,17,0,late,12,263,9,0
v2,712,17,1,late,12,263,9,0
v1,792,23,0,late,14,290,14,0
v1,792,23,1,late,14,290,14,1
v2,792,23,0,late,14,290,14,0
v2,792,23,1,late,14,290,14,0
v1,939,20,0,late,11,273,11,0
v1,939,20,1,late,11,273,11,0
v2,939,20,0,late,11,273,11,0
v2,939,20,1,late,11,273,11,0
v1,493,15,0,late,16,247,12,0
v1,493,15,1,late,16,247,12,0
v2,493,15,0,late,16,247,12,0
v2,493,15,1,late,16,247,12,0
v1,901,18,0,late,15,256,15,0
v1,901,18,1,late,15,256,15,0
v2,901,18,0,late,15,256,15,0
v2,901,18,1,late,15,256,15,0
v1,556,23,0,late,12,342,12,0
v1,556,23,1,late,12,342,12,0
v2,556,23,0,late,12,342,12,0
v2,556,23,1,late,12,342,12,0
v1,963,20,0,late,11,317,11,0
v1,963,20,1,late,11,317,11,1
v2,963,20,0,late,11,317,11,0
v2,963,20,1,late,11,317,11,0
v1,46,12,0,late,16,167,15,0
v1,46,12,1,late,16,167,15,1
v2,46,12,0,late,16,167,15,0
v2,46,12,1,late,16,167,15,0
v1,589,23,0,late,15,331,15,0
v1,589,23,1,late,15,331,15,0
v2,589,23,0,late,15,331,15,0
v2,589,23,1,late,15,331,15,0
v1,162,14,0,late,16,224,14,0
v1,162,14,1,late,16,224,14,1
v2,162,14,0,late,16,224,14,0
v2,162,14,1,late,16,224,14,0
v1,953,20,0,late,13,265,11,1
v1,953,20,1,late,13,265,11,0
v2,953,20,0,late,13,265,11,0
v2,953,20,1,late,13,265,11,0
v1,360,22,0,late,16,271,14,0
v1,360,22,1,late,16,271,14,0
v2,360,22,0,late,16,271,14,0
v2,360,22,1,late,16,271,14,0
v1,963,23,0,late,11,347,11,0
v1,963,23,1,late,11,347,11,0
v2,963,23,0,late,11,347,11,0
v2,963,23,1,late,11,347,11,0
v1,803,22,0,late,13,305,12,0
v1,803,22,1,late,13,305,12,0
v2,803,22,0,late,13,305,12,0
v2,803,22,1,late,13,305,12,0
v1,190,13,0,late,16,215,13,0
v1,190,13,1,late,16,215,13,0
v2,190,13,0,late,16,215,13,0
v2,190,13,1,late,16,215,13,0
v1,760,18,0,late,12,255,10,0
v1,760,18,1,late,12,255,10,0
v2,760,18,0,late,12,255,10,0
v2,760,18,1,late,12,255,10,0
v1,100,16,0,late,16,217,15,0
v1,100,16,1,late,16,217,15,0
v2,100,16,0,late,16,217,15,0
v2,100,16,1,late,16,217,15,0
v1,77,17,0,late,16,265,14,0
v1,77,17,1,late,16,265,14,0
v2,77,17,0,late,16,265,14,0
v2,77,17,1,late,16,265,14,0
v1,680,23,0,late,10,400,10,0
v1,680,23,1,late,10,400,10,0
v2,680,23,0,late,10,400,10,0
v2,680,23,1,late,10,400,10,0
v1,455,13,0,late,16,194,15,0
v1,455,13,1,late,16,194,15,0
v2,455,13,0,late,16,194,15,0
v2,455,13,1,late,16,194,15,0
v1,709,22,0,late,15,254,15,0
v1,709,22,1,late,15,254,15,0
v2,709,22,0,late,15,254,15,0
v2,709,22,1,late,15,254,15,0
v1,834,17,0,late,14,204,14,0
v1,834,17,1,late,14,204,14,0
v2,834,17,0,late,14,204,14,0
v2,834,17,1,late,14,204,14,0
v1,621,24,0,late,11,342,11,0
v1,621,24,1,late,11,342,11,0
v2,621,24,0,late,11,342,11,0
v2,621,24,1,late,11,342,11,0
v1,811,23,0,late,15,246,15,0
v1,811,23,1,late,15,246,15,0
v2,811,23,0,late,15,246,15,0
v2,811,23,1,late,15,246,15,0
v1,679,24,0,late,15,255,15,0
v1,679,24,1,late,15,255,15,0
v2,679,24,0,late,15,255,15,0
v2,679,24,1,late,15,255,15,0
v1,911,21,0,late,13,287,13,0
v1,911,21,1,late,13,287,13,0
v2,911,21,0,late,13,287,13,0
v2,911,21,1,late,13,287,13,0
v1,516,19,0,late,14,279,14,1
v1,516,19,1,late,14,279,14,0
v2,516,19,0,late,14,279,14,0
v2,516,19,1,late,14,279,14,0
v1,201,15,0,late,16,190,15,0
v1,201,15,1,late,16,190,15,0
v2,201,15,0,late,16,190,15,0
v2,201,15,1,late,16,190,15,0
v1,352,12,0,late,16,208,15,0
v1,352,12,1,late,16,208,15,0
v2,352,12,0,late,16,208,15,0
v2,352,12,1,late,16,208,15,0
v1,21,11,0,late,16,157,13,1
v1,21,11,1,late,16,157,13,0
v2,21,11,0,late,16,157,13,0
v2,21,11,1,late,16,157,13,0
v1,570,18,0,late,14,285,12,0
v1,570,18,1,late,14,285,12,0
v2,570,18,0,late,14,285,12,0
v2,570,18,1,late,14,285,12,0
v1,441,17,0,late,16,248,13,0
v1,441,17,1,late,16,248,13,0
v2,441,17,0,late,16,248,13,0
v2,441,17,1,late,16,248,13,0
v1,343,17,0,late,16,240,15,0
v1,343,17,1,late,16,240,15,0
v2,343,17,0,late,16,240,15,0
v2,343,17,1,late,16,240,15,0
v1,747,23,0,late,11,324,11,0
v1,747,23,1,late,11,324,11,0
v2,747,23,0,late,11,324,11,0
v2,747,23,1,late,11,324,11,0
v1,961,20,0,late,15,263,15,0
v1,961,20,1,late,15,263,15,1
v2,961,20,0,late,15,263,15,0
v2,961,20,1,late,15,263,15,0
v1,127,15,0,late,16,239,11,0
v1,127,15,1,late,16,239,11,0
v2,127,15,0,late,16,239,11,0
v2,127,15,1,late,16,239,11,0
v1,382,19,0,late,16,266,15,0
v1,382,19,1,late,16,266,15,0
v2,382,19,0,late,16,266,15,0
v2,382,19,1,late,16,266,15,0
v1,541,17,0,late,15,266,15,0
v1,541,17,1,late,15,266,15,0
v2,541,17,0,late,15,266,15,0
v2,541,17,1,late,15,266,15,0
v1,893,24,0,late,13,295,13,0
v1,893,24,1,late,13,295,13,0
v2,893,24,0,late,13,295,13,0
v2,893,24,1,late,13,295,13,0
v1,738,19,0,late,14,252,14,0
v1,738,19,1,late,14,252,14,1
v2,738,19,0,late,14,252,14,0
v2,738,19,1,late,14,252,14,0
v1,71,15,0,late,16,220,14,1
v1,71,15,1,late,16,220,14,0
v2,71,15,0,late,16,220,14,0
v2,71,15,1,late,16,220,14,0
v1,877,17,0,late,15,214,15,0
v1,877,17,1,late,15,214,15,1
v2,877,17,0,late,15,214,15,0
v2,877,17,1,late,15,214,15,0
v1,143,16,0,late,16,269,15,0
v1,143,16,1,late,16,269,15,0
v2,143,16,0,late,16,269,15,0
v2,143,16,1,late,16,269,15,0
v1,543,18,0,late,11,303,11,0
v1,543,18,1,late,11,303,11,0
v2,543,18,0,late,11,303,11,0
v2,543,18,1,late,11,303,11,0
v1,4,19,0,late,16,216,15,0
v1,4,19,1,late,16,216,15,0
v2,4,19,0,late,16,216,15,0
v2,4,19,1,late,16,216,15,0
v1,768,23,0,late,14,306,14,0
v1,768,23,1,late,14,306,14,0
v2,768,23,0,late,14,306,14,0
v2,768,23,1,late,14,306,14,0
v1,658,18,0,late,12,266,12,0
v1,658,18,1,late,12,266,12,0
v2,658,18,0,late,12,266,12,0
v2,658,18,1,late,12,266,12,0
v1,715,24,0,late,15,305,15,0
v1,715,24,1,late,15,305,15,0
v2,715,24,0,late,15,305,15,0
v2,715,24,1,late,15,305,15,0
v1,766,21,0,late,12,335,10,0
v1,766,21,1,late,12,335,10,0
v2,766,21,0,late,12,335,10,0
v2,766,21,1,late,12,335,10,0
v1,185,7,0,late,16,125,14,1
v1,185,7,1,late,16,125,14,1
v2,185,7,0,late,16,125,14,0
v2,185,7,1,late,16,125,14,0
v1,142,15,0,late,16,242,13,0
v1,142,15,1,late,16,242,13,0
v2,142,15,0,late,16,242,13,0
v2,142,15,1,late,16,242,13,0
v1,52,16,0,late,16,249,15,0
v1,52,16,1,late,16,249,15,0
v2,52,16,0,late,16,249,15,0
v2,52,16,1,late,16,249,15,0
v1,53,17,0,late,16,235,15,0
v1,53,17,1,late,16,235,15,0
v2,53,17,0,late,16,235,15,0
v2,53,17,1,late,16,235,15,0
v1,942,22,0,late,14,255,14,0
v1,942,22,1,late,14,255,14,0
v2,942,22,0,late,14,255,14,0
v2,942,22,1,late,14,255,14,0
v1,845,24,0,late,13,274,13,0
v1,845,24,1,late,13,274,13,0
v2,845,24,0,late,13,274,13,0
v2,845,24,1,late,13,274,13,0
v1,460,16,0,late,16,241,11,0
v1,460,16,1,late,16,241,11,0
v2,460,16,0,late,16,241,11,0
v2,460,16,1,late,16,241,11,0
v1,497,19,0,late,16,279,15,1
v1,497,19,1,late,16,279,15,0
v2,497,19,0,late,16,279,15,0
v2,497,19,1,late,16,279,15,0
v1,344,17,0,late,16,243,14,1
v1,344,17,1,late,16,243,14,0
v2,344,17,0,late,16,243,14,0
v2,344,17,1,late,16,243,14,0
v1,761,22,0,late,13,324,13,0
v1,761,22,1,late,13,324,13,0
v2,761,22,0,late,13,324,13,0
v2,761,22,1,late,13,324,13,0
v1,88,11,0,late,16,190,14,0
v1,88,11,1,late,16,190,14,0
v2,88,11,0,late,16,190,14,0
v2,88,11,1,late,16,190,14,0
v1,981,18,0,late,11,296,8,0
v1,981,18,1,late,11,296,8,0
v2,981,18,0,late,11,296,8,0
v2,981,18,1,late,11,296,8,0
v1,822,18,0,late,14,253,13,0
v1,822,18,1,late,14,253,13,0
v2,822,18,0,late,14,253,13,0
v2,822,18,1,late,14,253,13,0
v1,551,24,0,late,13,307,13,0
v1,551,24,1,late,13,307,13,0
v2,551,24,0,late,13,307,13,0
v2,551,24,1,late,13,307,13,0
v1,782,21,0,late,10,332,9,0
v1,782,21,1,late,10,332,9,0
v2,782,21,0,late,10,332,9,0
v2,782,21,1,late,10,332,9,0
v1,660,24,0,late,14,305,14,0
v1,660,24,1,late,14,305,14,0
v2,660,24,0,late,14,305,14,0
v2,660,24,1,late,14,305,14,0
v1,478,19,0,late,16,278,15,0
v1,478,19,1,late,16,278,15,1
v2,478,19,0,late,16,278,15,0
v2,478,19,1,late,16,278,15,0
v1,921,19,0,late,11,298,10,0
v1,921,19,1,late,11,298,10,0
v2,921,19,0,late,11,298,10,0
v2,921,19,1,late,11,298,10,0
v1,908,22,0,late,10,315,10,0
v1,908,22,1,late,10,315,10,0
v2,908,22,0,late,10,315,10,0
v2,908,22,1,late,10,315,10,0
v1,786,18,0,late,14,209,14,0
v1,786,18,1,late,14,209,14,1
v2,786,18,0,late,14,209,14,0
v2,786,18,1,late,14,209,14,0
v1,605,22,0,late,13,309,13,0
v1,605,22,1,late,13,309,13,0
v2,605,22,0,late,13,309,13,0
v2,605,22,1,late,13,309,13,0
v1,689,18,0,late,13,298,12,0
v1,689,18,1,late,13,298,12,0
v2,689,18,0,late,13,298,12,0
v2,689,18,1,late,13,298,12,0
v1,749,24,0,late,13,325,13,0
v1,749,24,1,late,13,325,13,0
v2,749,24,0,late,13,325,13,0
v2,749,24,1,late,13,325,13,0
v1,711,22,0,late,11,285,11,0
v1,711,22,1,late,11,285,11,0
v2,711,22,0,late,11,285,11,0
v2,711,22,1,late,11,285,11,0
v1,205,11,0,late,16,178,14,0
v1,205,11,1,late,16,178,14,0
v2,205,11,0,late,16,178,14,0
v2,205,11,1,late,16,178,14,0
v1,745,21,0,late,15,237,15,0
v1,745,21,1,late,15,237,15,0
v2,745,21,0,late,15,237,15,0
v2,745,21,1,late,15,237,15,0
v1,571,23,0,late,15,306,15,0
v1,571,23,1,late,15,306,15,0
v2,571,23,0,late,15,306,15,0
v2,571,23,1,late,15,306,15,0
v1,200,13,0,late,16,199,12,0
v1,200,13,1,late,16,199,12,0
v2,200,13,0,late,16,199,12,0
v2,200,13,1,late,16,199,12,0
v1,331,15,0,late,16,268,14,0
v1,331,15,1,late,16,268,14,0
v2,331,15,0,late,16,268,14,0
v2,331,15,1,late,16,268,14,0
v1,891,22,0,late,11,308,10,0
v1,891,22,1,late,11,308,10,0
v2,891,22,0,late,11,308,10,0
v2,891,22,1,late,11,308,10,0
v1,848,23,0,late,10,328,10,1
v1,848,23,1,late,10,328,10,0
v2,848,23,0,late,10,328,10,0
v2,848,23,1,late,10,328,10,0
v1,1013,20,0,late,13,308,13,0
v1,1013,20,1,late,13,308,13,0
v2,1013,20,0,late,13,308,13,0
v2,1013,20,1,late,13,308,13,0
v1,79,12,0,late,16,179,14,0
v1,79,12,1,late,16,179,14,0
v2,79,12,0,late,16,179,14,0
v2,79,12,1,late,16,179,14,0
v1,828,21,0,late,14,268,14,0
v1,828,21,1,late,14,268,14,0
v2,828,21,0,late,14,268,14,0
v2,828,21,1,late,14,268,14,0
v1,610,23,0,late,12,318,12,0
v1,610,23,1,late,12,318,12,1
v2,610,23,0,late,12,318,12,0
v2,610,23,1,late,12,318,12,0
v1,650,21,0,late,10,349,9,0
v1,650,21,1,late,10,349,9,0
v2,650,21,0,late,10,349,9,0
v2,650,21,1,late,10,349,9,0
v1,128,14,0,late,16,193,12,1
v1,128,14,1,late,16,193,12,0
v2,128,14,0,late,16,193,12,0
v2,128,14,1,late,16,193,12,0
v1,613,22,0,late,15,317,15,0
v1,613,22,1,late,15,317,15,0
v2,613,22,0,late,15,317,15,0
v2,613,22,1,late,15,317,15,0
v1,557,22,0,late,13,259,13,0
v1,557,22,1,late,13,259,13,0
v2,557,22,0,late,13,259,13,0
v2,557,22,1,late,13,259,13,0
v1,307,15,0,late,16,249,13,0
v1,307,15,1,late,16,249,13,0
v2,307,15,0,late,16,249,13,0
v2,307,15,1,late,16,249,13,0
v1,383,20,0,late,16,283,15,0
v1,383,20,1,late,16,283,15,1
v2,383,20,0,late,16,283,15,0
v2,383,20,1,late,16,283,15,0
v1,637,17,0,late,15,256,14,0
v1,637,17,1,late,15,256,14,0
v2,637,17,0,late,15,256,14,0
v2,637,17,1,late,15,256,14,0
v1,366,10,0,late,16,158,14,0
v1,366,10,1,late,16,158,14,0
v2,366,10,0,late,16,158,14,0
v2,366,10,1,late,16,158,14,0
v1,89,18,0,late,16,267,15,1
v1,89,18,1,late,16,267,15,0
v2,89,18,0,late,16,267,15,0
v2,89,18,1,late,16,267,15,0
v1,470,14,0,late,16,203,13,0
v1,470,14,1,late,16,203,13,0
v2,470,14,0,late,16,203,13,0
v2,470,14,1,late,16,203,13,0
v1,832,23,0,late,12,354,12,0
v1,832,23,1,late,12,354,12,0
v2,832,23,0,late,12,354,12,0
v2,832,23,1,late,12,354,12,0
v1,733,23,0,late,15,202,15,0
v1,733,23,1,late,15,202,15,0
v2,733,23,0,late,15,202,15,0
v2,733,23,1,late,15,202,15,0
v1,749,20,0,late,13,294,13,0
v1,749,20,1,late,13,294,13,0
v2,749,20,0,late,13,294,13,0
v2,749,20,1,late,13,294,13,0
v1,445,14,0,late,16,232,14,0
v1,445,14,1,late,16,232,14,1
v2,445,14,0,late,16,232,14,0
v2,445,14,1,late,16,232,14,0
v1,1005,18,0,late,11,257,11,1
v1,1005,18,1,late,11,257,11,0
v2,1005,18,0,late,11,257,11,0
v2,1005,18,1,late,11,257,11,0
v1,108,18,0,late,16,228,15,1
v1,108,18,1,late,16,228,15,0
v2,108,18,0,late,16,228,15,0
v2,108,18,1,late,16,228,15,0
v1,844,17,0,late,12,275,12,0
v1,844,17,1,late,12,275,12,0
v2,844,17,0,late,12,275,12,0
v2,844,17,1,late,12,275,12,0
v1,456,12,0,late,16,223,12,0
v1,456,12,1,late,16,223,12,0
v2,456,12,0,late,16,223,12,0
v2,456,12,1,late,16,223,12,0
v1,176,13,0,late,16,199,15,0
v1,176,13,1,late,16,199,15,0
v2,176,13,0,late,16,199,15,0
v2,176,13,1,late,16,199,15,0
v1,961,24,0,late,15,298,15,0
v1,961,24,1,late,15,298,15,0
v2,961,24,0,late,15,298,15,0
v2,961,24,1,late,15,298,15,0
v1,140,18,0,late,16,263,14,0
v1,140,18,1,late,16,263,14,0
v2,140,18,0,late,16,263,14,0
v2,140,18,1,late,16,263,14,0
v1,768,17,0,late,14,245,12,0
v1,768,17,1,late,14,245,12,0
v2,768,17,0,late,14,245,12,0
v2,768,17,1,late,14,245,12,0
v1,729,17,0,late,11,273,11,0
v1,729,17,1,late,11,273,11,0
v2,729,17,0,late,11,273,11,0
v2,729,17,1,late,11,273,11,0
v1,992,17,0,late,10,259,10,0
v1,992,17,1,late,10,259,10,0
v2,992,17,0,late,10,259,10,0
v2,992,17,1,late,10,259,10,0
v1,180,17,0,late,16,216,15,0
v1,180,17,1,late,16,216,15,0
v2,180,17,0,late,16,216,15,0
v2,180,17,1,late,16,216,15,0
v1,590,20,0,late,10,324,9,1
v1,590,20,1,late,10,324,9,0
v2,590,20,0,late,10,324,9,0
v2,590,20,1,late,10,324,9,0
v1,847,23,0,late,15,299,15,0
v1,847,23,1,late,15,299,15,0
v2,847,23,0,late,15,299,15,0
v2,847,23,1,late,15,299,15,0
v1,640,18,0,late,12,324,9,0
v1,640,18,1,late,12,324,9,0
v2,640,18,0,late,12,324,9,0
v2,640,18,1,late,12,324,9,0
v1,347,17,0,late,16,284,15,1
v1,347,17,1,late,16,284,15,0
v2,347,17,0,late,16,284,15,0
v2,347,17,1,late,16,284,15,0
v1,255,18,0,late,16,262,15,0
v1,255,18,1,late,16,262,15,0
v2,255,18,0,late,16,262,15,0
v2,255,18,1,late,16,262,15,0
v1,751,20,0,late,15,300,15,1
v1,751,20,1,late,15,300,15,0
v2,751,20,0,late,15,300,15,0
v2,751,20,1,late,15,300,15,0
v1,478,21,0,late,16,295,15,0
v1,478,21,1,late,16,295,15,0
v2,478,21,0,late,16,295,15,0
v2,478,21,1,late,16,295,15,0
v1,796,23,0,late,12,298,12,0
v1,796,23,1,late,12,298,12,0
v2,796,23,0,late,12,298,12,0
v2,796,23,1,late,12,298,12,0
v1,506,8,0,late,16,117,14,0
v1,506,8,1,late,16,117,14,0
v2,506,8,0,late,16,117,14,0
v2,506,8,1,late,16,117,14,0
v1,502,16,0,late,16,221,15,0
v1,502,16,1,late,16,221,15,1
v2,502,16,0,late,16,221,15,0
v2,502,16,1,late,16,221,15,0
v1,73,14,0,late,16,198,14,0
v1,73,14,1,late,16,198,14,0
v2,73,14,0,late,16,198,14,0
v2,73,14,1,late,16,198,14,0
v1,11,21,0,late,16,243,15,0
v1,11,21,1,late,16,243,15,0
v2,11,21,0,late,16,243,15,0
v2,11,21,1,late,16,243,15,0
v1,868,22,0,late,12,278,12,0
v1,868,22,1,late,12,278,12,1
v2,868,22,0,late,12,278,12,0
v2,868,22,1,late,12,278,12,0
v1,1019,20,0,late,13,264,13,0
v1,1019,20,1,late,13,264,13,0
v2,1019,20,0,late,13,264,13,0
v2,1019,20,1,late,13,264,13,0
v1,839,21,0,late,13,247,13,0
v1,839,21,1,late,13,247,13,0
v2,839,21,0,late,13,247,13,0
v2,839,21,1,late,13,247,13,0
v1,466,17,0,late,16,226,12,0
v1,466,17,1,late,16,226,12,0
v2,466,17,0,late,16,226,12,0
v2,466,17,1,late,16,226,12,0
v1,757,22,0,late,15,224,15,1
v1,757,22,1,late,15,224,15,0
v2,757,22,0,late,15,224,15,0
v2,757,22,1,late,15,224,15,0
v1,131,11,0,late,16,182,12,0
v1,131,11,1,late,16,182,12,0
v2,131,11,0,late,16,182,12,0
v2,131,11,1,late,16,182,12,0
v1,855,18,0,late,11,242,11,0
v1,855,18,1,late,11,242,11,0
v2,855,18,0,late,11,242,11,0
v2,855,18,1,late,11,242,11,0
v1,859,22,0,late,15,271,15,0
v1,859,22,1,late,15,271,15,0
v2,859,22,0,late,15,271,15,0
v2,859,22,1,late,15,271,15,0
v1,315,14,0,late,16,211,15,0
v1,315,14,1,late,16,211,15,0
v2,315,14,0,late,16,211,15,0
v2,315,14,1,late,16,211,15,0
v1,108,16,0,late,16,213,14,0
v1,108,16,1,late,16,213,14,0
v2,108,16,0,late,16,213,14,0
v2,108,16,1,late,16,213,14,0
v1,112,15,0,late,16,231,13,0
v1,112,15,1,late,16,231,13,0
v2,112,15,0,late,16,231,13,0
v2,112,15,1,late,16,231,13,0
v1,177,17,0,late,16,256,14,0
v1,177,17,1,late,16,256,14,1
v2,177,17,0,late,16,256,14,0
v2,177,17,1,late,16,256,14,0
v1,607,23,0,late,15,281,14,0
v1,607,23,1,late,15,281,14,0
v2,607,23,0,late,15,281,14,0
v2,607,23,1,late,15,281,14,0
v1,344,20,0,late,16,262,14,0
v1,344,20,1,late,16,262,14,0
v2,344,20,0,late,16,262,14,0
v2,344,20,1,late,16,262,14,0
v1,213,21,0,late,16,305,15,0
v1,213,21,1,late,16,305,15,0
v2,213,21,0,late,16,305,15,0
v2,213,21,1,late,16,305,15,0
v1,700,17,0,late,12,292,11,1
v1,700,17,1,late,12,292,11,0
v2,700,17,0,late,12,292,11,0
v2,700,17,1,late,12,292,11,0
v1,171,20,0,late,16,315,15,0
v1,171,20,1,late,16,315,15,0
v2,171,20,0,late,16,315,15,0
v2,171,20,1,late,16,315,15,0
v1,312,16,0,late,16,221,13,0
v1,312,16,1,late,16,221,13,1
v2,312,16,0,late,16,221,13,0
v2,312,16,1,late,16,221,13,0
v1,274,18,0,late,16,241,15,0
v1,274,18,1,late,16,241,15,0
v2,274,18,0,late,16,241,15,0
v2,274,18,1,late,16,241,15,0
v1,878,23,0,late,10,364,10,0
v1,878,23,1,late,10,364,10,0
v2,878,23,0,late,10,364,10,0
v2,878,23,1,late,10,364,10,0
v1,1007,20,0,late,13,283,13,0
v1,1007,20,1,late,13,283,13,0
v2,1007,20,0,late,13,283,13,0
v2,1007,20,1,late,13,283,13,0
v1,611,24,0,late,13,293,13,0
v1,611,24,1,late,13,293,13,0
v2,611,24,0,late,13,293,13,0
v2,611,24,1,late,13,293,13,0
v1,639,18,0,late,11,318,10,0
v1,639,18,1,late,11,318,10,0
v2,639,18,0,late,11,318,10,0
v2,639,18,1,late,11,318,10,0
v1,999,19,0,late,11,253,11,1
v1,999,19,1,late,11,253,11,0
v2,999,19,0,late,11,253,11,0
v2,999,19,1,late,11,253,11,0
v1,323,9,0,late,16,157,14,0
v1,323,9,1,late,16,157,14,1
v2,323,9,0,late,16,157,14,0
v2,323,9,1,late,16,157,14,0
v1,21,13,0,late,16,180,14,1
v1,21,13,1,late,16,180,14,1
v2,21,13,0,late,16,180,14,0
v2,21,13,1,late,16,180,14,0
v1,384,13,0,late,16,184,10,0
v1,384,13,1,late,16,184,10,0
v2,384,13,0,late,16,184,10,0
v2,384,13,1,late,16,184,10,0
v1,917,21,0,late,13,313,13,0
v1,917,21,1,late,13,313,13,0
v2,917,21,0,late,13,313,13,0
v2,917,21,1,late,13,313,13,0
v1,838,20,0,late,12,307,12,0
v1,838,20,1,late,12,307,12,1
v2,838,20,0,late,12,307,12,0
v2,838,20,1,late,12,307,12,0
v1,574,20,0,late,12,246,12,0
v1,574,20,1,late,12,246,12,0
v2,574,20,0,late,12,246,12,0
v2,574,20,1,late,12,246,12,0
v1,585,17,0,late,11,252,10,0
v1,585,17,1,late,11,252,10,0
v2,585,17,0,late,11,252,10,0
v2,585,17,1,late,11,252,10,0
v1,452,13,0,late,16,176,13,0
v1,452,13,1,late,16,176,13,0
v2,452,13,0,late,16,176,13,0
v2,452,13,1,late,16,176,13,0
v1,1006,20,0,late,12,261,12,0
v1,1006,20,1,late,12,261,12,0
v2,1006,20,0,late,12,261,12,0
v2,1006,20,1,late,12,261,12,0
v1,22,18,0,late,16,253,14,1
v1,22,18,1,late,16,253,14,0
v2,22,18,0,late,16,253,14,0
v2,22,18,1,late,16,253,14,0
v1,53,15,0,late,16,215,14,0
v1,53,15,1,late,16,215,14,0
v2,53,15,0,late,16,215,14,0
v2,53,15,1,late,16,215,14,0
v1,556,21,0,late,12,320,11,0
v1,556,21,1,late,12,320,11,0
v2,556,21,0,late,12,320,11,0
v2,556,21,1,late,12,320,11,0
v1,652,24,0,late,12,354,12,0
v1,652,24,1,late,12,354,12,0
v2,652,24,0,late,12,354,12,0
v2,652,24,1,late,12,354,12,0
v1,913,21,0,late,15,268,15,0
v1,913,21,1,late,15,268,15,0
v2,913,21,0,late,15,268,15,0
v2,913,21,1,late,15,268,15,0
v1,329,16,0,late,16,223,15,0
v1,329,16,1,late,16,223,15,1
v2,329,16,0,late,16,223,15,0
v2,329,16,1,late,16,223,15,0
v1,90,22,0,late,16,267,15,0
v1,90,22,1,late,16,267,15,0
v2,90,22,0,late,16,267,15,0
v2,90,22,1,late,16,267,15,0
v1,812,23,0,late,10,297,10,0
v1,812,23,1,late,10,297,10,0
v2,812,23,0,late,10,297,10,0
v2,812,23,1,late,10,297,10,0
v1,533,20,0,late,13,283,13,0
v1,533,20,1,late,13,283,13,0
v2,533,20,0,late,13,283,13,0
v2,533,20,1,late,13,283,13,0
v1,659,23,0,late,13,283,13,0
v1,659,23,1,late,13,283,13,0
v2,659,23,0,late,13,283,13,0
v2,659,23,1,late,13,283,13,0
v1,737,19,0,late,13,238,13,0
v1,737,19,1,late,13,238,13,0
v2,737,19,0,late,13,238,13,0
v2,737,19,1,late,13,238,13,0
v1,250,16,0,late,16,234,14,0
v1,250,16,1,late,16,234,14,0
v2,250,16,0,late,16,234,14,0
v2,250,16,1,late,16,234,14,0
v1,944,20,0,late,10,337,10,0
v1,944,20,1,late,10,337,10,0
v2,944,20,0,late,10,337,10,0
v2,944,20,1,late,10,337,10,0
v1,755,22,0,late,13,307,13,0
v1,755,22,1,late,13,307,13,0
v2,755,22,0,late,13,307,13,0
v2,755,22,1,late,13,307,13,0
v1,547,18,0,late,15,254,14,0
v1,547,18,1,late,15,254,14,0
v2,547,18,0,late,15,254,14,0
v2,547,18,1,late,15,254,14,0
v1,333,17,0,late,16,197,14,0
v1,333,17,1,late,16,197,14,0
v2,333,17,0,late,16,197,14,0
v2,333,17,1,late,16,197,14,0
v1,457,21,0,late,16,299,15,0
v1,457,21,1,late,16,299,15,0
v2,457,21,0,late,16,299,15,0
v2,457,21,1,late,16,299,15,0
v1,183,21,0,late,16,271,15,1
v1,183,21,1,late,16,271,15,0
v2,183,21,0,late,16,271,15,0
v2,183,21,1,late,16,271,15,0
v1,535,19,0,late,15,304,11,0
v1,535,19,1,late,15,304,11,0
v2,535,19,0,late,15,304,11,0
v2,535,19,1,late,15,304,11,0
v1,946,20,0,late,12,275,12,0
v1,946,20,1,late,12,275,12,1
v2,946,20,0,late,12,275,12,0
v2,946,20,1,late,12,275,12,0
v1,1002,18,0,late,14,199,14,0
v1,1002,18,1,late,14,199,14,0
v2,1002,18,0,late,14,199,14,0
v2,1002,18,1,late,14,199,14,0
v1,317,10,0,late,16,150,15,0
v1,317,10,1,late,16,150,15,0
v2,317,10,0,late,16,150,15,0
v2,317,10,1,late,16,150,15,0
v1,815,18,0,late,13,249,13,0
v1,815,18,1,late,13,249,13,0
v2,815,18,0,late,13,249,13,0
v2,815,18,1,late,13,249,13,0
v1,865,19,0,late,15,313,12,1
v1,865,19,1,late,15,313,12,0
v2,865,19,0,late,15,313,12,0
v2,865,19,1,late,15,313,12,0
v1,269,18,0,late,16,241,15,0
v1,269,18,1,late,16,241,15,0
v2,269,18,0,late,16,241,15,0
v2,269,18,1,late,16,241,15,0
v1,234,16,0,late,16,234,14,0
v1,234,16,1,late,16,234,14,0
v2,234,16,0,late,16,234,14,0
v2,234,16,1,late,16,234,14,0
v1,228,16,0,late,16,198,15,0
v1,228,16,1,late,16,198,15,0
v2,228,16,0,late,16,198,15,0
v2,228,16,1,late,16,198,15,0
v1,825,21,0,late,11,349,11,0
v1,825,21,1,late,11,349,11,0
v2,825,21,0,late,11,349,11,0
v2,825,21,1,late,11,349,11,0
v1,792,24,0,late,14,299,14,0
v1,792,24,1,late,14,299,14,0
v2,792,24,0,late,14,299,14,0
v2,792,24,1,late,14,299,14,0
v1,311,14,0,late,16,205,15,0
v1,311,14,1,late,16,205,15,0
v2,311,14,0,late,16,205,15,0
v2,311,14,1,late,16,205,15,0
v1,135,11,0,late,16,201,13,0
v1,135,11,1,late,16,201,13,0
v2,135,11,0,late,16,201,13,0
v2,135,11,1,late,16,201,13,0
v1,544,19,0,late,12,283,11,0
v1,544,19,1,late,12,283,11,0
v2,544,19,0,late,12,283,11,0
v2,544,19,1,late,12,283,11,0
v1,287,18,0,late,16,228,15,0
v1,287,18,1,late,16,228,15,0
v2,287,18,0,late,16,228,15,0
v2,287,18,1,late,16,228,15,0
v1,613,19,0,late,15,294,15,0
v1,613,19,1,late,15,294,15,0
v2,613,19,0,late,15,294,15,0
v2,613,19,1,late,15,294,15,0
v1,876,23,0,late,14,315,14,0
v1,876,23,1,late,14,315,14,0
v2,876,23,0,late,14,315,14,0
v2,876,23,1,late,14,315,14,0
v1,74,17,0,late,16,297,15,0
v1,74,17,1,late,16,297,15,0
v2,74,17,0,late,16,297,15,0
v2,74,17,1,late,16,297,15,0
v1,575,17,0,late,13,236,12,1
v1,575,17,1,late,13,236,12,0
v2,575,17,0,late,13,236,12,0
v2,575,17,1,late,13,236,12,0
v1,484,15,0,late,16,215,14,0
v1,484,15,1,late,16,215,14,0
v2,484,15,0,late,16,215,14,0
v2,484,15,1,late,16,215,14,0
v1,757,24,0,late,15,234,15,0
v1,757,24,1,late,15,234,15,0
v2,757,24,0,late,15,234,15,0
v2,757,24,1,late,15,234,15,0
v1,549,19,0,late,11,287,8,0
v1,549,19,1,late,11,287,8,0
v2,549,19,0,late,11,287,8,0
v2,549,19,1,late,11,287,8,0
v1,282,10,0,late,16,150,15,0
v1,282,10,1,late,16,150,15,0
v2,282,10,0,late,16,150,15,0
v2,282,10,1,late,16,150,15,0
v1,79,15,0,late,16,209,15,0
v1,79,15,1,late,16,209,15,0
v2,79,15,0,late,16,209,15,0
v2,79,15,1,late,16,209,15,0
v1,4,21,0,late,16,228,15,1
v1,4,21,1,late,16,228,15,0
v2,4,21,0,late,16,228,15,0
v2,4,21,1,late,16,228,15,0
v1,606,17,0,late,14,285,11,0
v1,606,17,1,late,14,285,11,1
v2,606,17,0,late,14,285,11,0
v2,606,17,1,late,14,285,11,0
v1,814,18,0,late,12,276,11,0
v1,814,18,1,late,12,276,11,0
v2,814,18,0,late,12,276,11,0
v2,814,18,1,late,12,276,11,0
v1,444,20,0,late,16,300,15,0
v1,444,20,1,late,16,300,15,0
v2,444,20,0,late,16,300,15,0
v2,444,20,1,late,16,300,15,0
v1,272,18,0,late,16,261,14,0
v1,272,18,1,late,16,261,14,0
v2,272,18,0,late,16,261,14,0
v2,272,18,1,late,16,261,14,0
v1,529,21,0,late,15,244,15,1
v1,529,21,1,late,15,244,15,0
v2,529,21,0,late,15,244,15,0
v2,529,21,1,late,15,244,15,0
v1,291,17,0,late,16,204,15,0
v1,291,17,1,late,16,204,15,0
v2,291,17,0,late,16,204,15,0
v2,291,17,1,late,16,204,15,0
v1,622,19,0,late,12,256,12,0
v1,622,19,1,late,12,256,12,0
v2,622,19,0,late,12,256,12,0
v2,622,19,1,late,12,256,12,0
v1,311,13,0,late,16,199,15,0
v1,311,13,1,late,16,199,15,0
v2,311,13,0,late,16,199,15,0
v2,311,13,1,late,16,199,15,0
v1,917,18,0,late,13,278,13,0
v1,917,18,1,late,13,278,13,0
v2,917,18,0,late,13,278,13,0
v2,917,18,1,late,13,278,13,0
v1,283,19,0,late,16,270,14,0
v1,283,19,1,late,16,270,14,0
v2,283,19,0,late,16,270,14,0
v2,283,19,1,late,16,270,14,0
v1,34,16,0,late,16,213,15,0
v1,34,16,1,late,16,213,15,0
v2,34,16,0,late,16,213,15,0
v2,34,16,1,late,16,213,15,0
v1,147,22,0,late,16,300,14,1
v1,147,22,1,late,16,300,14,0
v2,147,22,0,late,16,300,14,0
v2,147,22,1,late,16,300,14,0
v1,723,21,0,late,11,283,11,0
v1,723,21,1,late,11,283,11,0
v2,723,21,0,late,11,283,11,0
v2,723,21,1,late,11,283,11,0
v1,451,15,0,late,16,208,14,1
v1,451,15,1,late,16,208,14,0
v2,451,15,0,late,16,208,14,0
v2,451,15,1,late,16,208,14,0
v1,550,22,0,late,12,298,12,0
v1,550,22,1,late,12,298,12,0
v2,550,22,0,late,12,298,12,0
v2,550,22,1,late,12,298,12,0
v1,320,17,0,late,16,200,15,0
v1,320,17,1,late,16,200,15,0
v2,320,17,0,late,16,200,15,0
v2,320,17,1,late,16,200,15,0
v1,470,18,0,late,16,242,15,1
v1,470,18,1,late,16,242,15,0
v2,470,18,0,late,16,242,15,0
v2,470,18,1,late,16,242,15,0
v1,92,17,0,late,16,263,13,0
v1,92,17,1,late,16,263,13,0
v2,92,17,0,late,16,263,13,0
v2,92,17,1,late,16,263,13,0
v1,438,22,0,late,16,197,15,0
v1,438,22,1,late,16,197,15,0
v2,438,22,0,late,16,197,15,0
v2,438,22,1,late,16,197,15,0
v1,266,18,0,late,16,253,15,0
v1,266,18,1,late,16,253,15,0
v2,266,18,0,late,16,253,15,0
v2,266,18,1,late,16,253,15,0
v1,512,19,0,late,10,314,10,0
v1,512,19,1,late,10,314,10,0
v2,512,19,0,late,10,314,10,0
v2,512,19,1,late,10,314,10,0
v1,203,13,0,late,16,234,15,0
v1,203,13,1,late,16,234,15,0
v2,203,13,0,late,16,234,15,0
v2,203,13,1,late,16,234,15,0
v1,210,11,0,late,16,177,12,0
v1,210,11,1,late,16,177,12,0
v2,210,11,0,late,16,177,12,0
v2,210,11,1,late,16,177,12,0
v1,930,18,0,late,14,268,14,1
v1,930,18,1,late,14,268,14,0
v2,930,18,0,late,14,268,14,0
v2,930,18,1,late,14,268,14,0
v1,509,20,0,late,16,264,15,0
v1,509,20,1,late,16,264,15,0
v2,509,20,0,late,16,264,15,0
v2,509,20,1,late,16,264,15,0
v1,71,12,0,late,16,183,13,0
v1,71,12,1,late,16,183,13,0
v2,71,12,0,late,16,183,13,0
v2,71,12,1,late,16,183,13,0
v1,297,17,0,late,16,226,15,0
v1,297,17,1,late,16,226,15,0
v2,297,17,0,late,16,226,15,0
v2,297,17,1,late,16,226,15,0
v1,763,23,0,late,15,340,15,1
v1,763,23,1,late,15,340,15,0
v2,763,23,0,late,15,340,15,0
v2,763,23,1,late,15,340,15,0
v1,70,16,0,late,16,219,12,0
v1,70,16,1,late,16,219,12,1
v2,70,16,0,late,16,219,12,0
v2,70,16,1,late,16,219,12,0
v1,759,23,0,late,11,332,11,0
v1,759,23,1,late,11,332,11,0
v2,759,23,0,late,11,332,11,0
v2,759,23,1,late,11,332,11,0
v1,817,18,0,late,15,244,15,0
v1,817,18,1,late,15,244,15,0
v2,817,18,0,late,15,244,15,0
v2,817,18,1,late,15,244,15,0
v1,820,22,0,late,12,333,12,1
v1,820,22,1,late,12,333,12,0
v2,820,22,0,late,12,333,12,0
v2,820,22,1,late,12,333,12,0
v1,774,21,0,late,14,283,13,0
v1,774,21,1,late,14,283,13,0
v2,774,21,0,late,14,283,13,0
v2,774,21,1,late,14,283,13,0
v1,310,12,0,late,16,164,15,0
v1,310,12,1,late,16,164,15,0
v2,310,12,0,late,16,164,15,0
v2,310,12,1,late,16,164,15,0
v1,407,16,0,late,16,281,15,0
v1,407,16,1,late,16,281,15,0
v2,407,16,0,late,16,281,15,0
v2,407,16,1,late,16,281,15,0
v1,997,19,0,late,15,234,14,0
v1,997,19,1,late,15,234,14,0
v2,997,19,0,late,15,234,14,0
v2,997,19,1,late,15,234,14,0
v1,272,20,0,late,16,278,14,0
v1,272,20,1,late,16,278,14,1
v2,272,20,0,late,16,278,14,0
v2,272,20,1,late,16,278,14,0
v1,520,19,0,late,12,256,12,0
v1,520,19,1,late,12,256,12,0
v2,520,19,0,late,12,256,12,0
v2,520,19,1,late,12,256,12,0
v1,630,22,0,late,14,256,14,0
v1,630,22,1,late,14,256,14,0
v2,630,22,0,late,14,256,14,0
v2,630,22,1,late,14,256,14,0
v1,873,21,0,late,11,311,11,0
v1,873,21,1,late,11,311,11,0
v2,873,21,0,late,11,311,11,0
v2,873,21,1,late,11,311,11,0
v1,618,22,0,late,14,305,14,0
v1,618,22,1,late,14,305,14,0
v2,618,22,0,late,14,305,14,0
v2,618,22,1,late,14,305,14,0
v1,895,18,0,late,15,221,15,0
v1,895,18,1,late,15,221,15,0
v2,895,18,0,late,15,221,15,0
v2,895,18,1,late,15,221,15,0
v1,252,13,0,late,16,225,12,0
v1,252,13,1,late,16,225,12,0
v2,252,13,0,late,16,225,12,0
v2,252,13,1,late,16,225,12,0
v1,316,17,0,late,16,242,14,0
v1,316,17,1,late,16,242,14,1
v2,316,17,0,late,16,242,14,0
v2,316,17,1,late,16,242,14,0
v1,906,21,0,late,14,254,14,1
v1,906,21,1,late,14,254,14,0
v2,906,21,0,late,14,254,14,0
v2,906,21,1,late,14,254,14,0
v1,45,15,0,late,16,235,15,0
v1,45,15,1,late,16,235,15,0
v2,45,15,0,late,16,235,15,0
v2,45,15,1,late,16,235,15,0
v1,734,17,0,late,10,237,10,0
v1,734,17,1,late,10,237,10,0
v2,734,17,0,late,10,237,10,0
v2,734,17,1,late,10,237,10,0
v1,655,21,0,late,15,278,15,1
v1,655,21,1,late,15,278,15,0
v2,655,21,0,late,15,278,15,0
v2,655,21,1,late,15,278,15,0
v1,725,20,0,late,13,291,11,0
v1,725,20,1,late,13,291,11,0
v2,725,20,0,late,13,291,11,0
v2,725,20,1,late,13,291,11,0
v1,150,21,0,late,16,296,15,0
v1,150,21,1,late,16,296,15,0
v2,150,21,0,late,16,296,15,0
v2,150,21,1,late,16,296,15,0
v1,67,9,0,late,16,160,11,0
v1,67,9,1,late,16,160,11,0
v2,67,9,0,late,16,160,11,0
v2,67,9,1,late,16,160,11,0
v1,581,21,0,late,13,325,13,0
v1,581,21,1,late,13,325,13,0
v2,581,21,0,late,13,325,13,0
v2,581,21,1,late,13,325,13,0
v1,968,20,0,late,10,290,10,0
v1,968,20,1,late,10,290,10,0
v2,968,20,0,late,10,290,10,0
v2,968,20,1,late,10,290,10,0
v1,950,21,0,late,10,349,10,0
v1,950,21,1,late,10,349,10,0
v2,950,21,0,late,10,349,10,0
v2,950,21,1,late,10,349,10,0
v1,821,21,0,late,13,270,13,0
v1,821,21,1,late,13,270,13,1
v2,821,21,0,late,13,270,13,0
v2,821,21,1,late,13,270,13,0
v1,664,17,0,late,12,255,11,1
v1,664,17,1,late,12,255,11,0
v2,664,17,0,late,12,255,11,0
v2,664,17,1,late,12,255,11,0
v1,900,19,0,late,14,288,12,0
v1,900,19,1,late,14,288,12,0
v2,900,19,0,late,14,288,12,0
v2,900,19,1,late,14,288,12,0
v1,790,17,0,late,12,248,10,0
v1,790,17,1,late,12,248,10,0
v2,790,17,0,late,12,248,10,0
v2,790,17,1,late,12,248,10,0
v1,64,14,0,late,16,209,15,0
v1,64,14,1,late,16,209,15,0
v2,64,14,0,late,16,209,15,0
v2,64,14,1,late,16,209,15,0
v1,336,18,0,late,16,241,14,0
v1,336,18,1,late,16,241,14,0
v2,336,18,0,late,16,241,14,0
v2,336,18,1,late,16,241,14,0
v1,565,19,0,late,15,269,14,0
v1,565,19,1,late,15,269,14,0
v2,565,19,0,late,15,269,14,0
v2,565,19,1,late,15,269,14,0
v1,933,24,0,late,11,288,11,0
v1,933,24,1,late,11,288,11,0
v2,933,24,0,late,11,288,11,0
v2,933,24,1,late,11,288,11,0
v1,266,16,0,late,16,239,15,0
v1,266,16,1,late,16,239,15,0
v2,266,16,0,late,16,239,15,0
v2,266,16,1,late,16,239,15,0
v1,698,20,0,late,10,306,10,0
v1,698,20,1,late,10,306,10,0
v2,698,20,0,late,10,306,10,0
v2,698,20,1,late,10,306,10,0
v1,819,21,0,late,11,247,11,0
v1,819,21,1,late,11,247,11,0
v2,819,21,0,late,11,247,11,0
v2,819,21,1,late,11,247,11,0
v1,341,13,0,late,16,195,14,0
v1,341,13,1,late,16,195,14,0
v2,341,13,0,late,16,195,14,0
v2,341,13,1,late,16,195,14,0
v1,200,16,0,late,16,229,13,0
v1,200,16,1,late,16,229,13,1
v2,200,16,0,late,16,229,13,0
v2,200,16,1,late,16,229,13,0
v1,147,21,0,late,16,291,11,0
v1,147,21,1,late,16,291,11,0
v2,147,21,0,late,16,291,11,0
v2,147,21,1,late,16,291,11,0
v1,360,20,0,late,16,257,14,0
v1,360,20,1,late,16,257,14,0
v2,360,20,0,late,16,257,14,0
v2,360,20,1,late,16,257,14,0
v1,97,15,0,late,16,223,15,0
v1,97,15,1,late,16,223,15,0
v2,97,15,0,late,16,223,15,0
v2,97,15,1,late,16,223,15,0
v1,980,19,0,late,10,280,9,0
v1,980,19,1,late,10,280,9,0
v2,980,19,0,late,10,280,9,0
v2,980,19,1,late,10,280,9,0
v1,786,22,0,late,14,233,14,0
v1,786,22,1,late,14,233,14,0
v2,786,22,0,late,14,233,14,0
v2,786,22,1,late,14,233,14,0
v1,997,23,0,late,15,258,15,0
v1,997,23,1,late,15,258,15,0
v2,997,23,0,late,15,258,15,0
v2,997,23,1,late,15,258,15,0
v1,734,23,0,late,10,297,10,0
v1,734,23,1,late,10,297,10,0
v2,734,23,0,late,10,297,10,0
v2,734,23,1,late,10,297,10,0
v1,721,24,0,late,15,321,15,0
v1,721,24,1,late,15,321,15,0
v2,721,24,0,late,15,321,15,0
v2,721,24,1,late,15,321,15,0
v1,1001,19,0,late,13,259,13,0
v1,1001,19,1,late,13,259,13,0
v2,1001,19,0,late,13,259,13,0
v2,1001,19,1,late,13,259,13,0
v1,563,18,0,late,13,275,13,0
v1,563,18,1,late,13,275,13,1
v2,563,18,0,late,13,275,13,0
v2,563,18,1,late,13,275,13,0
v1,902,19,0,late,10,299,10,0
v1,902,19,1,late,10,299,10,0
v2,902,19,0,late,10,299,10,0
v2,902,19,1,late,10,299,10,0
v1,316,16,0,late,16,234,13,0
v1,316,16,1,late,16,234,13,0
v2,316,16,0,late,16,234,13,0
v2,316,16,1,late,16,234,13,0
v1,398,14,0,late,16,193,15,0
v1,398,14,1,late,16,193,15,1
v2,398,14,0,late,16,193,15,0
v2,398,14,1,late,16,193,15,0
v1,488,11,0,late,16,167,15,0
v1,488,11,1,late,16,167,15,0
v2,488,11,0,late,16,167,15,0
v2,488,11,1,late,16,167,15,0
v1,686,22,0,late,10,321,10,0
v1,686,22,1,late,10,321,10,0
v2,686,22,0,late,10,321,10,0
v2,686,22,1,late,10,321,10,0
v1,812,24,0,late,10,307,10,0
v1,812,24,1,late,10,307,10,0
v2,812,24,0,late,10,307,10,0
v2,812,24,1,late,10,307,10,0
v1,517,21,0,late,15,262,15,1
v1,517,21,1,late,15,262,15,0
v2,517,21,0,late,15,262,15,0
v2,517,21,1,late,15,262,15,0
v1,515,17,0,late,13,246,13,0
v1,515,17,1,late,13,246,13,0
v2,515,17,0,late,13,246,13,0
v2,515,17,1,late,13,246,13,0
v1,425,11,0,late,16,189,13,0
v1,425,11,1,late,16,189,13,0
v2,425,11,0,late,16,189,13,0
v2,425,11,1,late,16,189,13,0
v1,878,20,0,late,10,333,10,0
v1,878,20,1,late,10,333,10,0
v2,878,20,0,late,10,333,10,0
v2,878,20,1,late,10,333,10,0
v1,342,6,0,late,16,112,14,0
v1,342,6,1,late,16,112,14,0
v2,342,6,0,late,16,112,14,0
v2,342,6,1,late,16,112,14,0
v1,599,17,0,late,13,256,12,0
v1,599,17,1,late,13,256,12,0
v2,599,17,0,late,13,256,12,0
v2,599,17,1,late,13,256,12,0
v1,683,20,0,late,13,283,12,0
v1,683,20,1,late,13,283,12,1
v2,683,20,0,late,13,283,12,0
v2,683,20,1,late,13,283,12,0
v1,338,18,0,late,16,277,13,0
v1,338,18,1,late,16,277,13,0
v2,338,18,0,late,16,277,13,0
v2,338,18,1,late,16,277,13,0
v1,1021,23,0,late,15,295,15,0
v1,1021,23,1,late,15,295,15,0
v2,1021,23,0,late,15,295,15,0
v2,1021,23,1,late,15,295,15,0
v1,922,23,0,late,12,320,12,0
v1,922,23,1,late,12,320,12,1
v2,922,23,0,late,12,320,12,0
v2,922,23,1,late,12,320,12,0
v1,74,18,0,late,16,305,15,0
v1,74,18,1,late,16,305,15,0
v2,74,18,0,late,16,305,15,0
v2,74,18,1,late,16,305,15,0
v1,912,18,0,late,14,252,14,0
v1,912,18,1,late,14,252,14,0
v2,912,18,0,late,14,252,14,0
v2,912,18,1,late,14,252,14,0
v1,151,20,0,late,16,255,15,0
v1,151,20,1,late,16,255,15,0
v2,151,20,0,late,16,255,15,0
v2,151,20,1,late,16,255,15,0
v1,907,20,0,late,15,207,15,0
v1,907,20,1,late,15,207,15,0
v2,907,20,0,late,15,207,15,0
v2,907,20,1,late,15,207,15,0
v1,0,16,0,late,16,293,15,0
v1,0,16,1,late,16,293,15,0
v2,0,16,0,late,16,293,15,0
v2,0,16,1,late,16,293,15,0
v1,561,17,0,late,11,257,11,0
v1,561,17,1,late,11,257,11,0
v2,561,17,0,late,11,257,11,0
v2,561,17,1,late,11,257,11,0
v1,565,23,0,late,15,299,15,0
v1,565,23,1,late,15,299,15,0
v2,565,23,0,late,15,299,15,0
v2,565,23,1,late,15,299,15,0
v1,263,15,0,late,16,187,15,0
v1,263,15,1,late,16,187,15,1
v2,263,15,0,late,16,187,15,0
v2,263,15,1,late,16,187,15,0
v1,866,22,0,late,10,329,10,0
v1,866,22,1,late,10,329,10,0
v2,866,22,0,late,10,329,10,0
v2,866,22,1,late,10,329,10,0
v1,109,14,0,late,16,230,12,0
v1,109,14,1,late,16,230,12,0
v2,109,14,0,late,16,230,12,0
v2,109,14,1,late,16,230,12,0
v1,887,24,0,late,13,360,13,0
v1,887,24,1,late,13,360,13,0
v2,887,24,0,late,13,360,13,0
v2,887,24,1,late,13,360,13,0
v1,341,14,0,late,16,212,14,1
v1,341,14,1,late,16,212,14,0
v2,341,14,0,late,16,212,14,0
v2,341,14,1,late,16,212,14,0
v1,273,17,0,late,16,220,14,0
v1,273,17,1,late,16,220,14,0
v2,273,17,0,late,16,220,14,0
v2,273,17,1,late,16,220,14,0
v1,413,11,0,late,16,185,15,0
v1,413,11,1,late,16,185,15,0
v2,413,11,0,late,16,185,15,0
v2,413,11,1,late,16,185,15,0
v1,653,18,0,late,13,253,12,0
v1,653,18,1,late,13,253,12,0
v2,653,18,0,late,13,253,12,0
v2,653,18,1,late,13,253,12,0
v1,943,23,0,late,15,245,15,0
v1,943,23,1,late,15,245,15,0
v2,943,23,0,late,15,245,15,0
v2,943,23,1,late,15,245,15,0
v1,910,20,0,late,12,287,12,0
v1,910,20,1,late,12,287,12,0
v2,910,20,0,late,12,287,12,0
v2,910,20,1,late,12,287,12,0
v1,631,17,0,late,15,257,14,0
v1,631,17,1,late,15,257,14,0
v2,631,17,0,late,15,257,14,0
v2,631,17,1,late,15,257,14,0
v1,854,23,0,late,10,364,9,0
v1,854,23,1,late,10,364,9,0
v2,854,23,0,late,10,364,9,0
v2,854,23,1,late,10,364,9,0
v1,428,10,0,late,16,177,15,0
v1,428,10,1,late,16,177,15,1
v2,428,10,0,late,16,177,15,0
v2,428,10,1,late,16,177,15,0
v1,50,21,0,late,16,276,15,0
v1,50,21,1,late,16,276,15,0
v2,50,21,0,late,16,276,15,0
v2,50,21,1,late,16,276,15,0
v1,627,21,0,late,11,332,11,1
v1,627,21,1,late,11,332,11,0
v2,627,21,0,late,11,332,11,0
v2,627,21,1,late,11,332,11,0
v1,608,23,0,late,10,365,10,0
v1,608,23,1,late,10,365,10,1
v2,608,23,0,late,10,365,10,0
v2,608,23,1,late,10,365,10,0
v1,592,22,0,late,12,278,12,1
v1,592,22,1,late,12,278,12,0
v2,592,22,0,late,12,278,12,0
v2,592,22,1,late,12,278,12,0
v1,770,24,0,late,10,339,10,0
v1,770,24,1,late,10,339,10,0
v2,770,24,0,late,10,339,10,0
v2,770,24,1,late,10,339,10,0
v1,682,21,0,late,12,334,12,0
v1,682,21,1,late,12,334,12,1
v2,682,21,0,late,12,334,12,0
v2,682,21,1,late,12,334,12,0
v1,885,21,0,late,11,306,10,0
v1,885,21,1,late,11,306,10,0
v2,885,21,0,late,11,306,10,0
v2,885,21,1,late,11,306,10,0
v1,978,23,0,late,14,280,14,0
v1,978,23,1,late,14,280,14,0
v2,978,23,0,late,14,280,14,0
v2,978,23,1,late,14,280,14,0
v1,676,19,0,late,12,225,11,0
v1,676,19,1,late,12,225,11,0
v2,676,19,0,late,12,225,11,0
v2,676,19,1,late,12,225,11,0
v1,621,22,0,late,11,324,11,0
v1,621,22,1,late,11,324,11,0
v2,621,22,0,late,11,324,11,0
v2,621,22,1,late,11,324,11,0
v1,81,12,0,late,16,194,11,0
v1,81,12,1,late,16,194,11,0
v2,81,12,0,late,16,194,11,0
v2,81,12,1,late,16,194,11,0
v1,219,18,0,late,16,208,15,0
v1,219,18,1,late,16,208,15,1
v2,219,18,0,late,16,208,15,0
v2,219,18,1,late,16,208,15,0
v1,607,22,0,late,15,275,14,1
v1,607,22,1,late,15,275,14,0
v2,607,22,0,late,15,275,14,0
v2,607,22,1,late,15,275,14,0
v1,930,19,0,late,14,274,14,0
v1,930,19,1,late,14,274,14,0
v2,930,19,0,late,14,274,14,0
v2,930,19,1,late,14,274,14,0
v1,547,21,0,late,15,276,15,1
v1,547,21,1,late,15,276,15,0
v2,547,21,0,late,15,276,15,0
v2,547,21,1,late,15,276,15,0
v1,917,19,0,late,13,290,13,0
v1,917,19,1,late,13,290,13,1
v2,917,19,0,late,13,290,13,0
v2,917,19,1,late,13,290,13,0
v1,866,18,0,late,10,287,10,0
v1,866,18,1,late,10,287,10,0
v2,866,18,0,late,10,287,10,0
v2,866,18,1,late,10,287,10,0
v1,657,17,0,late,11,256,10,0
v1,657,17,1,late,11,256,10,0
v2,657,17,0,late,11,256,10,0
v2,657,17,1,late,11,256,10,0
v1,330,11,0,late,16,207,7,0
v1,330,11,1,late,16,207,7,0
v2,330,11,0,late,16,207,7,0
v2,330,11,1,late,16,207,7,0
v1,883,22,0,late,15,257,15,1
v1,883,22,1,late,15,257,15,0
v2,883,22,0,late,15,257,15,0
v2,883,22,1,late,15,257,15,0
v1,947,22,0,late,13,286,13,0
v1,947,22,1,late,13,286,13,0
v2,947,22,0,late,13,286,13,0
v2,947,22,1,late,13,286,13,0
v1,915,24,0,late,11,376,11,0
v1,915,24,1,late,11,376,11,0
v2,915,24,0,late,11,376,11,0
v2,915,24,1,late,11,376,11,0
v1,387,22,0,late,16,284,14,0
v1,387,22,1,late,16,284,14,0
v2,387,22,0,late,16,284,14,0
v2,387,22,1,late,16,284,14,0
v1,479,18,0,late,16,245,14,0
v1,479,18,1,late,16,245,14,1
v2,479,18,0,late,16,245,14,0
v2,479,18,1,late,16,245,14,0
v1,343,20,0,late,16,265,15,0
v1,343,20,1,late,16,265,15,0
v2,343,20,0,late,16,265,15,0
v2,343,20,1,late,16,265,15,0
v1,746,19,0,late,10,313,10,1
v1,746,19,1,late,10,313,10,0
v2,746,19,0,late,10,313,10,0
v2,746,19,1,late,10,313,10,0
v1,353,12,0,late,16,191,15,0
v1,353,12,1,late,16,191,15,0
v2,353,12,0,late,16,191,15,0
v2,353,12,1,late,16,191,15,0
v1,693,19,0,late,11,286,11,0
v1,693,19,1,late,11,286,11,0
v2,693,19,0,late,11,286,11,0
v2,693,19,1,late,11,286,11,0
v1,969,24,0,late,11,354,11,0
v1,969,24,1,late,11,354,11,0
v2,969,24,0,late,11,354,11,0
v2,969,24,1,late,11,354,11,0
v1,890,22,0,late,10,339,10,0
v1,890,22,1,late,10,339,10,0
v2,890,22,0,late,10,339,10,0
v2,890,22,1,late,10,339,10,0
v1,814,24,0,late,12,331,12,0
v1,814,24,1,late,12,331,12,0
v2,814,24,0,late,12,331,12,0
v2,814,24,1,late,12,331,12,0
v1,345,12,0,late,16,173,14,0
v1,345,12,1,late,16,173,14,1
v2,345,12,0,late,16,173,14,0
v2,345,12,1,late,16,173,14,0
v1,2,14,0,late,16,239,10,0
v1,2,14,1,late,16,239,10,0
v2,2,14,0,late,16,239,10,0
v2,2,14,1,late,16,239,10,0
v1,798,21,0,late,14,325,14,0
v1,798,21,1,late,14,325,14,0
v2,798,21,0,late,14,325,14,0
v2,798,21,1,late,14,325,14,0
v1,763,19,0,late,15,305,13,1
v1,763,19,1,late,15,305,13,0
v2,763,19,0,late,15,305,13,0
v2,763,19,1,late,15,305,13,0
v1,944,22,0,late,10,359,10,0
v1,944,22,1,late,10,359,10,0
v2,944,22,0,late,10,359,10,0
v2,944,22,1,late,10,359,10,0
v1,286,14,0,late,16,190,15,0
v1,286,14,1,late,16,190,15,0
v2,286,14,0,late,16,190,15,0
v2,286,14,1,late,16,190,15,0
v1,521,21,0,late,13,281,12,0
v1,521,21,1,late,13,281,12,0
v2,521,21,0,late,13,281,12,0
v2,521,21,1,late,13,281,12,0
v1,720,18,0,late,14,236,14,0
v1,720,18,1,late,14,236,14,0
v2,720,18,0,late,14,236,14,0
v2,720,18,1,late,14,236,14,0
v1,422,9,0,late,16,130,14,1
v1,422,9,1,late,16,130,14,0
v2,422,9,0,late,16,130,14,0
v2,422,9,1,late,16,130,14,0
v1,573,20,0,late,11,327,11,0
v1,573,20,1,late,11,327,11,0
v2,573,20,0,late,11,327,11,0
v2,573,20,1,late,11,327,11,0
v1,467,7,0,late,16,128,15,0
v1,467,7,1,late,16,128,15,0
v2,467,7,0,late,16,128,15,0
v2,467,7,1,late,16,128,15,0
v1,338,20,0,late,16,299,14,0
v1,338,20,1,late,16,299,14,0
v2,338,20,0,late,16,299,14,0
v2,338,20,1,late,16,299,14,0
v1,916,21,0,late,12,349,12,0
v1,916,21,1,late,12,349,12,0
v2,916,21,0,late,12,349,12,0
v2,916,21,1,late,12,349,12,0
v1,959,24,0,late,13,376,13,0
v1,959,24,1,late,13,376,13,0
v2,959,24,0,late,13,376,13,0
v2,959,24,1,late,13,376,13,0
v1,367,13,0,late,16,192,13,1
v1,367,13,1,late,16,192,13,0
v2,367,13,0,late,16,192,13,0
v2,367,13,1,late,16,192,13,0
v1,172,12,0,late,16,154,15,0
v1,172,12,1,late,16,154,15,1
v2,172,12,0,late,16,154,15,0
v2,172,12,1,late,16,154,15,0
v1,306,12,0,late,16,190,13,0
v1,306,12,1,late,16,190,13,0
v2,306,12,0,late,16,190,13,0
v2,306,12,1,late,16,190,13,0
v1,980,21,0,late,10,302,9,0
v1,980,21,1,late,10,302,9,0
v2,980,21,0,late,10,302,9,0
v2,980,21,1,late,10,302,9,0
v1,796,22,0,late,12,290,12,0
v1,796,22,1,late,12,290,12,0
v2,796,22,0,late,12,290,12,0
v2,796,22,1,late,12,290,12,0
v1,355,14,0,late,16,264,10,0
v1,355,14,1,late,16,264,10,0
v2,355,14,0,late,16,264,10,0
v2,355,14,1,late,16,264,10,0
v1,651,18,0,late,11,314,10,0
v1,651,18,1,late,11,314,10,0
v2,651,18,0,late,11,314,10,0
v2,651,18,1,late,11,314,10,0
v1,441,21,0,late,16,284,15,0
v1,441,21,1,late,16,284,15,0
v2,441,21,0,late,16,284,15,0
v2,441,21,1,late,16,284,15,0
v1,612,21,0,late,14,322,13,0
v1,612,21,1,late,14,322,13,0
v2,612,21,0,late,14,322,13,0
v2,612,21,1,late,14,322,13,0
v1,440,14,0,late,16,236,12,0
v1,440,14,1,late,16,236,12,1
v2,440,14,0,late,16,236,12,0
v2,440,14,1,late,16,236,12,0
v1,568,24,0,late,12,348,12,0
v1,568,24,1,late,12,348,12,0
v2,568,24,0,late,12,348,12,0
v2,568,24,1,late,12,348,12,0
v1,381,14,0,late,16,237,15,1
v1,381,14,1,late,16,237,15,0
v2,381,14,0,late,16,237,15,0
v2,381,14,1,late,16,237,15,0
v1,356,15,0,late,16,184,15,0
v1,356,15,1,late,16,184,15,0
v2,356,15,0,late,16,184,15,0
v2,356,15,1,late,16,184,15,0
v1,719,23,0,late,13,308,13,0
v1,719,23,1,late,13,308,13,0
v2,719,23,0,late,13,308,13,0
v2,719,23,1,late,13,308,13,0
v1,746,21,0,late,10,340,10,0
v1,746,21,1,late,10,340,10,0
v2,746,21,0,late,10,340,10,0
v2,746,21,1,late,10,340,10,0
v1,752,18,0,late,10,282,9,0
v1,752,18,1,late,10,282,9,0
v2,752,18,0,late,10,282,9,0
v2,752,18,1,late,10,282,9,0
v1,534,20,0,late,14,305,14,0
v1,534,20,1,late,14,305,14,0
v2,534,20,0,late,14,305,14,0
v2,534,20,1,late,14,305,14,0
v1,228,14,0,late,16,183,15,0
v1,228,14,1,late,16,183,15,0
v2,228,14,0,late,16,183,15,0
v2,228,14,1,late,16,183,15,0
v1,688,19,0,late,12,262,12,0
v1,688,19,1,late,12,262,12,0
v2,688,19,0,late,12,262,12,0
v2,688,19,1,late,12,262,12,0
v1,144,16,0,late,16,242,14,0
v1,144,16,1,late,16,242,14,0
v2,144,16,0,late,16,242,14,0
v2,144,16,1,late,16,242,14,0
v1,169,14,0,late,16,225,15,0
v1,169,14,1,late,16,225,15,0
v2,169,14,0,late,16,225,15,0
v2,169,14,1,late,16,225,15,0
v1,1017,17,0,late,11,265,10,0
v1,1017,17,1,late,11,265,10,0
v2,1017,17,0,late,11,265,10,0
v2,1017,17,1,late,11,265,10,0
v1,593,21,0,late,13,351,12,1
v1,593,21,1,late,13,351,12,1
v2,593,21,0,late,13,351,12,0
v2,593,21,1,late,13,351,12,0
v1,777,19,0,late,11,314,11,0
v1,777,19,1,late,11,314,11,0
v2,777,19,0,late,11,314,11,0
v2,777,19,1,late,11,314,11,0
v1,700,22,0,late,12,352,12,0
v1,700,22,1,late,12,352,12,0
v2,700,22,0,late,12,352,12,0
v2,700,22,1,late,12,352,12,0
v1,344,21,0,late,16,268,15,0
v1,344,21,1,late,16,268,15,0
v2,344,21,0,late,16,268,15,0
v2,344,21,1,late,16,268,15,0
v1,261,15,0,late,16,199,15,1
v1,261,15,1,late,16,199,15,0
v2,261,15,0,late,16,199,15,0
v2,261,15,1,late,16,199,15,0
v1,764,19,0,late,10,295,9,0
v1,764,19,1,late,10,295,9,0
v2,764,19,0,late,10,295,9,0
v2,764,19,1,late,10,295,9,0
v1,941,21,0,late,13,285,13,0
v1,941,21,1,late,13,285,13,0
v2,941,21,0,late,13,285,13,0
v2,941,21,1,late,13,285,13,0
v1,500,17,0,late,16,231,14,0
v1,500,17,1,late,16,231,14,0
v2,500,17,0,late,16,231,14,0
v2,500,17,1,late,16,231,14,0
v1,1002,19,0,late,14,206,14,1
v1,1002,19,1,late,14,206,14,0
v2,1002,19,0,late,14,206,14,0
v2,1002,19,1,late,14,206,14,0
v1,716,17,0,late,10,274,7,0
v1,716,17,1,late,10,274,7,1
v2,716,17,0,late,10,274,7,0
v2,716,17,1,late,10,274,7,0
v1,13,9,0,late,16,137,13,0
v1,13,9,1,late,16,137,13,0
v2,13,9,0,late,16,137,13,0
v2,13,9,1,late,16,137,13,0
v1,969,17,0,late,11,275,10,0
v1,969,17,1,late,11,275,10,0
v2,969,17,0,late,11,275,10,0
v2,969,17,1,late,11,275,10,0
v1,435,19,0,late,16,213,14,0
v1,435,19,1,late,16,213,14,1
v2,435,19,0,late,16,213,14,0
v2,435,19,1,late,16,213,14,0
v1,876,17,0,late,14,268,13,0
v1,876,17,1,late,14,268,13,0
v2,876,17,0,late,14,268,13,0
v2,876,17,1,late,14,268,13,0
v1,696,19,0,late,14,279,12,0
v1,696,19,1,late,14,279,12,0
v2,696,19,0,late,14,279,12,0
v2,696,19,1,late,14,279,12,0
v1,636,17,0,late,14,264,14,0
v1,636,17,1,late,14,264,14,1
v2,636,17,0,late,14,264,14,0
v2,636,17,1,late,14,264,14,0
v1,668,22,0,late,10,332,8,0
v1,668,22,1,late,10,332,8,0
v2,668,22,0,late,10,332,8,0
v2,668,22,1,late,10,332,8,0
v1,316,15,0,late,16,223,13,0
v1,316,15,1,late,16,223,13,0
v2,316,15,0,late,16,223,13,0
v2,316,15,1,late,16,223,13,0
v1,616,21,0,late,12,284,11,0
v1,616,21,1,late,12,284,11,0
v2,616,21,0,late,12,284,11,0
v2,616,21,1,late,12,284,11,0
v1,158,21,0,late,16,282,15,0
v1,158,21,1,late,16,282,15,0
v2,158,21,0,late,16,282,15,0
v2,158,21,1,late,16,282,15,0
v1,90,17,0,late,16,235,15,0
v1,90,17,1,late,16,235,15,0
v2,90,17,0,late,16,235,15,0
v2,90,17,1,late,16,235,15,0
v1,721,22,0,late,15,305,14,0
v1,721,22,1,late,15,305,14,0
v2,721,22,0,late,15,305,14,0
v2,721,22,1,late,15,305,14,0
v1,1018,17,0,late,12,257,12,0
v1,1018,17,1,late,12,257,12,0
v2,1018,17,0,late,12,257,12,0
v2,1018,17,1,late,12,257,12,0
v1,847,17,0,late,15,250,12,0
v1,847,17,1,late,15,250,12,0
v2,847,17,0,late,15,250,12,0
v2,847,17,1,late,15,250,12,0
v1,488,12,0,late,16,177,15,0
v1,488,12,1,late,16,177,15,1
v2,488,12,0,late,16,177,15,0
v2,488,12,1,late,16,177,15,0
v1,629,20,0,late,13,305,12,0
v1,629,20,1,late,13,305,12,0
v2,629,20,0,late,13,305,12,0
v2,629,20,1,late,13,305,12,0
v1,542,18,0,late,10,288,10,0
v1,542,18,1,late,10,288,10,0
v2,542,18,0,late,10,288,10,0
v2,542,18,1,late,10,288,10,0
v1,93,14,0,late,16,241,13,0
v1,93,14,1,late,16,241,13,0
v2,93,14,0,late,16,241,13,0
v2,93,14,1,late,16,241,13,0
v1,317,9,0,late,16,143,15,0
v1,317,9,1,late,16,143,15,1
v2,317,9,0,late,16,143,15,0
v2,317,9,1,late,16,143,15,0
v1,438,23,0,late,16,202,15,1
v1,438,23,1,late,16,202,15,0
v2,438,23,0,late,16,202,15,0
v2,438,23,1,late,16,202,15,0
v1,527,17,0,late,13,264,11,0
v1,527,17,1,late,13,264,11,0
v2,527,17,0,late,13,264,11,0
v2,527,17,1,late,13,264,11,0
v1,283,16,0,late,16,239,13,0
v1,283,16,1,late,16,239,13,0
v2,283,16,0,late,16,239,13,0
v2,283,16,1,late,16,239,13,0
v1,900,18,0,late,14,280,12,0
v1,900,18,1,late,14,280,12,0
v2,900,18,0,late,14,280,12,0
v2,900,18,1,late,14,280,12,0
v1,765,24,0,late,11,305,11,0
v1,765,24,1,late,11,305,11,0
v2,765,24,0,late,11,305,11,0
v2,765,24,1,late,11,305,11,0
v1,965,22,0,late,13,292,13,0
v1,965,22,1,late,13,292,13,0
v2,965,22,0,late,13,292,13,0
v2,965,22,1,late,13,292,13,0
v1,87,11,0,late,16,186,12,0
v1,87,11,1,late,16,186,12,0
v2,87,11,0,late,16,186,12,0
v2,87,11,1,late,16,186,12,0
v1,608,18,0,late,10,307,10,0
v1,608,18,1,late,10,307,10,0
v2,608,18,0,late,10,307,10,0
v2,608,18,1,late,10,307,10,0
v1,303,17,0,late,16,220,15,0
v1,303,17,1,late,16,220,15,0
v2,303,17,0,late,16,220,15,0
v2,303,17,1,late,16,220,15,0
v1,936,18,0,late,14,251,13,0
v1,936,18,1,late,14,251,13,0
v2,936,18,0,late,14,251,13,0
v2,936,18,1,late,14,251,13,0
v1,459,15,0,late,16,214,13,0
v1,459,15,1,late,16,214,13,1
v2,459,15,0,late,16,214,13,0
v2,459,15,1,late,16,214,13,0
v1,842,19,0,late,10,322,9,0
v1,842,19,1,late,10,322,9,0
v2,842,19,0,late,10,322,9,0
v2,842,19,1,late,10,322,9,0
v1,733,21,0,late,15,192,15,0
v1,733,21,1,late,15,192,15,0
v2,733,21,0,late,15,192,15,0
v2,733,21,1,late,15,192,15,0
v1,846,17,0,late,14,281,13,0
v1,846,17,1,late,14,281,13,0
v2,846,17,0,late,14,281,13,0
v2,846,17,1,late,14,281,13,0
v1,808,22,0,late,12,297,12,0
v1,808,22,1,late,12,297,12,0
v2,808,22,0,late,12,297,12,0
v2,808,22,1,late,12,297,12,0
v1,994,22,0,late,12,265,11,0
v1,994,22,1,late,12,265,11,0
v2,994,22,0,late,12,265,11,0
v2,994,22,1,late,12,265,11,0
v1,867,17,0,late,11,279,9,0
v1,867,17,1,late,11,279,9,0
v2,867,17,0,late,11,279,9,0
v2,867,17,1,late,11,279,9,0
v1,254,19,0,late,16,199,15,0
v1,254,19,1,late,16,199,15,0
v2,254,19,0,late,16,199,15,0
v2,254,19,1,late,16,199,15,0
v1,431,17,0,late,16,256,15,0
v1,431,17,1,late,16,256,15,0
v2,431,17,0,late,16,256,15,0
v2,431,17,1,late,16,256,15,0
v1,54,13,0,late,16,190,14,0
v1,54,13,1,late,16,190,14,0
v2,54,13,0,late,16,190,14,0
v2,54,13,1,late,16,190,14,0
v1,502,15,0,late,16,214,15,0
v1,502,15,1,late,16,214,15,0
v2,502,15,0,late,16,214,15,0
v2,502,15,1,late,16,214,15,0
v1,80,13,0,late,16,208,13,1
v1,80,13,1,late,16,208,13,0
v2,80,13,0,late,16,208,13,0
v2,80,13,1,late,16,208,13,0
v1,524,23,0,late,10,326,10,0
v1,524,23,1,late,10,326,10,0
v2,524,23,0,late,10,326,10,0
v2,524,23,1,late,10,326,10,0
v1,979,22,0,late,15,292,15,0
v1,979,22,1,late,15,292,15,0
v2,979,22,0,late,15,292,15,0
v2,979,22,1,late,15,292,15,0
v1,985,22,0,late,15,293,15,0
v1,985,22,1,late,15,293,15,0
v2,985,22,0,late,15,293,15,0
v2,985,22,1,late,15,293,15,0
v1,612,23,0,late,14,344,14,0
v1,612,23,1,late,14,344,14,0
v2,612,23,0,late,14,344,14,0
v2,612,23,1,late,14,344,14,0
v1,602,19,0,late,10,312,9,0
v1,602,19,1,late,10,312,9,0
v2,602,19,0,late,10,312,9,0
v2,602,19,1,late,10,312,9,0
v1,949,24,0,late,15,283,15,0
v1,949,24,1,late,15,283,15,0
v2,949,24,0,late,15,283,15,0
v2,949,24,1,late,15,283,15,0
v1,668,20,0,late,10,305,8,0
v1,668,20,1,late,10,305,8,0
v2,668,20,0,late,10,305,8,0
v2,668,20,1,late,10,305,8,0
v1,0,18,0,late,16,313,15,0
v1,0,18,1,late,16,313,15,0
v2,0,18,0,late,16,313,15,0
v2,0,18,1,late,16,313,15,0
v1,617,20,0,late,13,291,13,0
v1,617,20,1,late,13,291,13,0
v2,617,20,0,late,13,291,13,0
v2,617,20,1,late,13,291,13,0
v1,418,18,0,late,16,237,15,0
v1,418,18,1,late,16,237,15,0
v2,418,18,0,late,16,237,15,0
v2,418,18,1,late,16,237,15,0
v1,775,17,0,late,15,229,14,0
v1,775,17,1,late,15,229,14,0
v2,775,17,0,late,15,229,14,0
v2,775,17,1,late,15,229,14,0
v1,738,18,0,late,14,245,13,0
v1,738,18,1,late,14,245,13,0
v2,738,18,0,late,14,245,13,0
v2,738,18,1,late,14,245,13,0
v1,336,13,0,late,16,182,13,0
v1,336,13,1,late,16,182,13,0
v2,336,13,0,late,16,182,13,0
v2,336,13,1,late,16,182,13,0
v1,918,17,0,late,14,256,13,0
v1,918,17,1,late,14,256,13,1
v2,918,17,0,late,14,256,13,0
v2,918,17,1,late,14,256,13,0
v1,446,8,0,late,16,141,13,0
v1,446,8,1,late,16,141,13,0
v2,446,8,0,late,16,141,13,0
v2,446,8,1,late,16,141,13,0
v1,628,21,0,late,12,299,12,0
v1,628,21,1,late,12,299,12,0
v2,628,21,0,late,12,299,12,0
v2,628,21,1,late,12,299,12,0
v1,582,21,0,late,14,287,12,0
v1,582,21,1,late,14,287,12,0
v2,582,21,0,late,14,287,12,0
v2,582,21,1,late,14,287,12,0
v1,951,24,0,late,11,345,11,1
v1,951,24,1,late,11,345,11,0
v2,951,24,0,late,11,345,11,0
v2,951,24,1,late,11,345,11,0
v1,418,16,0,late,16,221,14,0
v1,418,16,1,late,16,221,14,1
v2,418,16,0,late,16,221,14,0
v2,418,16,1,late,16,221,14,0
v1,870,21,0,late,14,259,14,0
v1,870,21,1,late,14,259,14,1
v2,870,21,0,late,14,259,14,0
v2,870,21,1,late,14,259,14,0
v1,931,19,0,late,15,276,14,0
v1,931,19,1,late,15,276,14,0
v2,931,19,0,late,15,276,14,0
v2,931,19,1,late,15,276,14,0
v1,865,21,0,late,15,329,12,0
v1,865,21,1,late,15,329,12,1
v2,865,21,0,late,15,329,12,0
v2,865,21,1,late,15,329,12,0
v1,600,24,0,late,14,253,14,0
v1,600,24,1,late,14,253,14,0
v2,600,24,0,late,14,253,14,0
v2,600,24,1,late,14,253,14,0
v1,309,16,0,late,16,185,15,1
v1,309,16,1,late,16,185,15,0
v2,309,16,0,late,16,185,15,0
v2,309,16,1,late,16,185,15,0
v1,98,18,0,late,16,244,15,0
v1,98,18,1,late,16,244,15,0
v2,98,18,0,late,16,244,15,0
v2,98,18,1,late,16,244,15,0
v1,662,20,0,late,10,318,10,0
v1,662,20,1,late,10,318,10,0
v2,662,20,0,late,10,318,10,0
v2,662,20,1,late,10,318,10,0
v1,732,21,0,late,14,327,14,0
v1,732,21,1,late,14,327,14,0
v2,732,21,0,late,14,327,14,0
v2,732,21,1,late,14,327,14,0
v1,858,22,0,late,14,361,14,0
v1,858,22,1,late,14,361,14,0
v2,858,22,0,late,14,361,14,0
v2,858,22,1,late,14,361,14,0
v1,476,9,0,late,16,156,14,0
v1,476,9,1,late,16,156,14,0
v2,476,9,0,late,16,156,14,0
v2,476,9,1,late,16,156,14,0
v1,326,17,0,late,16,250,14,0
v1,326,17,1,late,16,250,14,0
v2,326,17,0,late,16,250,14,0
v2,326,17,1,late,16,250,14,0
v1,553,17,0,late,15,214,14,1
v1,553,17,1,late,15,214,14,0
v2,553,17,0,late,15,214,14,0
v2,553,17,1,late,15,214,14,0
v1,112,17,0,late,16,251,14,1
v1,112,17,1,late,16,251,14,0
v2,112,17,0,late,16,251,14,0
v2,112,17,1,late,16,251,14,0
v1,108,17,0,late,16,221,15,1
v1,108,17,1,late,16,221,15,0
v2,108,17,0,late,16,221,15,0
v2,108,17,1,late,16,221,15,0
v1,329,20,0,late,16,251,15,0
v1,329,20,1,late,16,251,15,0
v2,329,20,0,late,16,251,15,0
v2,329,20,1,late,16,251,15,0
v1,265,17,0,late,16,285,11,0
v1,265,17,1,late,16,285,11,0
v2,265,17,0,late,16,285,11,0
v2,265,17,1,late,16,285,11,0
v1,495,16,0,late,16,242,15,0
v1,495,16,1,late,16,242,15,0
v2,495,16,0,late,16,242,15,0
v2,495,16,1,late,16,242,15,0
v1,143,17,0,late,16,275,15,0
v1,143,17,1,late,16,275,15,0
v2,143,17,0,late,16,275,15,0
v2,143,17,1,late,16,275,15,0
v1,103,16,0,late,16,210,15,0
v1,103,16,1,late,16,210,15,0
v2,103,16,0,late,16,210,15,0
v2,103,16,1,late,16,210,15,0
v1,811,22,0,late,15,240,15,1
v1,811,22,1,late,15,240,15,0
v2,811,22,0,late,15,240,15,0
v2,811,22,1,late,15,240,15,0
v1,667,21,0,late,15,254,15,0
v1,667,21,1,late,15,254,15,0
v2,667,21,0,late,15,254,15,0
v2,667,21,1,late,15,254,15,0
v1,59,11,0,late,16,201,14,0
v1,59,11,1,late,16,201,14,0
v2,59,11,0,late,16,201,14,0
v2,59,11,1,late,16,201,14,0
v1,699,20,0,late,11,288,11,0
v1,699,20,1,late,11,288,11,0
v2,699,20,0,late,11,288,11,0
v2,699,20,1,late,11,288,11,0
v1,511,15,0,late,16,220,15,0
v1,511,15,1,late,16,220,15,0
v2,511,15,0,late,16,220,15,0
v2,511,15,1,late,16,220,15,0
v1,252,14,0,late,16,235,12,0
v1,252,14,1,late,16,235,12,0
v2,252,14,0,late,16,235,12,0
v2,252,14,1,late,16,235,12,0
v1,500,19,0,late,16,247,15,0
v1,500,19,1,late,16,247,15,0
v2,500,19,0,late,16,247,15,0
v2,500,19,1,late,16,247,15,0
v1,186,22,0,late,16,287,15,0
v1,186,22,1,late,16,287,15,1
v2,186,22,0,late,16,287,15,0
v2,186,22,1,late,16,287,15,0
v1,395,15,0,late,16,178,14,0
v1,395,15,1,late,16,178,14,0
v2,395,15,0,late,16,178,14,0
v2,395,15,1,late,16,178,14,0
v1,1,15,0,late,16,199,14,1
v1,1,15,1,late,16,199,14,1
v2,1,15,0,late,16,199,14,0
v2,1,15,1,late,16,199,14,0
v1,484,16,0,late,16,221,15,0
v1,484,16,1,late,16,221,15,0
v2,484,16,0,late,16,221,15,0
v2,484,16,1,late,16,221,15,0
v1,313,22,0,late,16,238,15,0
v1,313,22,1,late,16,238,15,0
v2,313,22,0,late,16,238,15,0
v2,313,22,1,late,16,238,15,0
v1,138,15,0,late,16,217,14,1
v1,138,15,1,late,16,217,14,0
v2,138,15,0,late,16,217,14,0
v2,138,15,1,late,16,217,14,0
v1,309,14,0,late,16,173,15,0
v1,309,14,1,late,16,173,15,1
v2,309,14,0,late,16,173,15,0
v2,309,14,1,late,16,173,15,0
v1,363,8,0,late,16,117,14,0
v1,363,8,1,late,16,117,14,0
v2,363,8,0,late,16,117,14,0
v2,363,8,1,late,16,117,14,0
v1,508,19,0,late,16,248,15,0
v1,508,19,1,late,16,248,15,1
v2,508,19,0,late,16,248,15,0
v2,508,19,1,late,16,248,15,0
v1,483,21,0,late,16,315,13,0
v1,483,21,1,late,16,315,13,0
v2,483,21,0,late,16,315,13,0
v2,483,21,1,late,16,315,13,0
v1,328,9,0,late,16,130,12,0
v1,328,9,1,late,16,130,12,0
v2,328,9,0,late,16,130,12,0
v2,328,9,1,late,16,130,12,0
v1,436,13,0,late,16,213,13,0
v1,436,13,1,late,16,213,13,0
v2,436,13,0,late,16,213,13,0
v2,436,13,1,late,16,213,13,0
v1,375,16,0,late,16,220,15,0
v1,375,16,1,late,16,220,15,0
v2,375,16,0,late,16,220,15,0
v2,375,16,1,late,16,220,15,0
v1,288,22,0,late,16,323,15,0
v1,288,22,1,late,16,323,15,0
v2,288,22,0,late,16,323,15,0
v2,288,22,1,late,16,323,15,0
v1,279,14,0,late,16,202,15,0
v1,279,14,1,late,16,202,15,0
v2,279,14,0,late,16,202,15,0
v2,279,14,1,late,16,202,15,0
v1,162,18,0,late,16,252,15,1
v1,162,18,1,late,16,252,15,0
v2,162,18,0,late,16,252,15,0
v2,162,18,1,late,16,252,15,0
v1,452,14,0,late,16,187,14,0
v1,452,14,1,late,16,187,14,0
v2,452,14,0,late,16,187,14,0
v2,452,14,1,late,16,187,14,0
v1,388,20,0,late,16,270,15,0
v1,388,20,1,late,16,270,15,0
v2,388,20,0,late,16,270,15,0
v2,388,20,1,late,16,270,15,0
v1,181,14,0,late,16,245,14,1
v1,181,14,1,late,16,245,14,1
v2,181,14,0,late,16,245,14,0
v2,181,14,1,late,16,245,14,0
v1,16,11,0,late,16,181,11,0
v1,16,11,1,late,16,181,11,0
v2,16,11,0,late,16,181,11,0
v2,16,11,1,late,16,181,11,0
v1,79,14,0,late,16,198,14,0
v1,79,14,1,late,16,198,14,0
v2,79,14,0,late,16,198,14,0
v2,79,14,1,late,16,198,14,0
v1,148,16,0,late,16,232,15,0
v1,148,16,1,late,16,232,15,0
v2,148,16,0,late,16,232,15,0
v2,148,16,1,late,16,232,15,0
v1,19,14,0,late,16,208,14,0
v1,19,14,1,late,16,208,14,0
v2,19,14,0,late,16,208,14,0
v2,19,14,1,late,16,208,14,0
v1,147,18,0,late,16,262,11,0
v1,147,18,1,late,16,262,11,0
v2,147,18,0,late,16,262,11,0
v2,147,18,1,late,16,262,11,0
v1,156,15,0,late,16,254,13,0
v1,156,15,1,late,16,254,13,0
v2,156,15,0,late,16,254,13,0
v2,156,15,1,late,16,254,13,0
v1,316,14,0,late,16,214,12,0
v1,316,14,1,late,16,214,12,0
v2,316,14,0,late,16,214,12,0
v2,316,14,1,late,16,214,12,0
v1,196,16,0,late,16,271,14,0
v1,196,16,1,late,16,271,14,0
v2,196,16,0,late,16,271,14,0
v2,196,16,1,late,16,271,14,0
v1,275,15,0,late,16,225,15,0
v1,275,15,1,late,16,225,15,0
v2,275,15,0,late,16,225,15,0
v2,275,15,1,late,16,225,15,0
v1,386,20,0,late,16,263,15,0
v1,386,20,1,late,16,263,15,0
v2,386,20,0,late,16,263,15,0
v2,386,20,1,late,16,263,15,0
v1,78,20,0,late,16,234,15,0
v1,78,20,1,late,16,234,15,0
v2,78,20,0,late,16,234,15,0
v2,78,20,1,late,16,234,15,0
v1,142,19,0,late,16,277,15,0
v1,142,19,1,late,16,277,15,0
v2,142,19,0,late,16,277,15,0
v2,142,19,1,late,16,277,15,0
v1,311,12,0,late,16,189,15,0
v1,311,12,1,late,16,189,15,0
v2,311,12,0,late,16,189,15,0
v2,311,12,1,late,16,189,15,0
v1,255,13,0,late,16,207,14,1
v1,255,13,1,late,16,207,14,0
v2,255,13,0,late,16,207,14,0
v2,255,13,1,late,16,207,14,0
v1,112,19,0,late,16,274,15,0
v1,112,19,1,late,16,274,15,0
v2,112,19,0,late,16,274,15,0
v2,112,19,1,late,16,274,15,0
v1,443,20,0,late,16,230,15,0
v1,443,20,1,late,16,230,15,0
v2,443,20,0,late,16,230,15,0
v2,443,20,1,late,16,230,15,0
v1,405,18,0,late,16,243,15,0
v1,405,18,1,late,16,243,15,0
v2,405,18,0,late,16,243,15,0
v2,405,18,1,late,16,243,15,0
v1,416,17,0,late,16,234,15,0
v1,416,17,1,late,16,234,15,0
v2,416,17,0,late,16,234,15,0
v2,416,17,1,late,16,234,15,0
v1,425,13,0,late,16,215,15,0
v1,425,13,1,late,16,215,15,0
v2,425,13,0,late,16,215,15,0
v2,425,13,1,late,16,215,15,0
v1,345,11,0,late,16,162,14,1
v1,345,11,1,late,16,162,14,0
v2,345,11,0,late,16,162,14,0
v2,345,11,1,late,16,162,14,0
v1,224,18,0,late,16,220,13,0
v1,224,18,1,late,16,220,13,0
v2,224,18,0,late,16,220,13,0
v2,224,18,1,late,16,220,13,0
v1,245,14,0,late,16,206,15,0
v1,245,14,1,late,16,206,15,0
v2,245,14,0,late,16,206,15,0
v2,245,14,1,late,16,206,15,0
v1,101,22,0,late,16,306,15,0
v1,101,22,1,late,16,306,15,0
v2,101,22,0,late,16,306,15,0
v2,101,22,1,late,16,306,15,0
v1,445,15,0,late,16,241,14,0
v1,445,15,1,late,16,241,14,0
v2,445,15,0,late,16,241,14,0
v2,445,15,1,late,16,241,14,0
v1,203,15,0,late,16,252,15,1
v1,203,15,1,late,16,252,15,0
v2,203,15,0,late,16,252,15,0
v2,203,15,1,late,16,252,15,0
v1,211,14,0,late,16,210,13,0
v1,211,14,1,late,16,210,13,1
v2,211,14,0,late,16,210,13,0
v2,211,14,1,late,16,210,13,0
v1,81,14,0,late,16,218,11,0
v1,81,14,1,late,16,218,11,0
v2,81,14,0,late,16,218,11,0
v2,81,14,1,late,16,218,11,0
v1,192,14,0,late,16,188,15,0
v1,192,14,1,late,16,188,15,0
v2,192,14,0,late,16,188,15,0
v2,192,14,1,late,16,188,15,0
v1,164,20,0,late,16,289,14,0
v1,164,20,1,late,16,289,14,0
v2,164,20,0,late,16,289,14,0
v2,164,20,1,late,16,289,14,0
v1,236,18,0,late,16,259,13,0
v1,236,18,1,late,16,259,13,0
v2,236,18,0,late,16,259,13,0
v2,236,18,1,late,16,259,13,0
v1,125,14,0,late,16,218,15,0
v1,125,14,1,late,16,218,15,0
v2,125,14,0,late,16,218,15,0
v2,125,14,1,late,16,218,15,0
v1,247,16,0,late,16,231,15,1
v1,247,16,1,late,16,231,15,1
v2,247,16,0,late,16,231,15,0
v2,247,16,1,late,16,231,15,0
v1,339,19,0,late,16,214,15,1
v1,339,19,1,late,16,214,15,0
v2,339,19,0,late,16,214,15,0
v2,339,19,1,late,16,214,15,0
v1,71,16,0,late,16,230,15,0
v1,71,16,1,late,16,230,15,0
v2,71,16,0,late,16,230,15,0
v2,71,16,1,late,16,230,15,0
v1,473,16,0,late,16,248,14,0
v1,473,16,1,late,16,248,14,0
v2,473,16,0,late,16,248,14,0
v2,473,16,1,late,16,248,14,0
v1,266,19,0,late,16,260,15,0
v1,266,19,1,late,16,260,15,0
v2,266,19,0,late,16,260,15,0
v2,266,19,1,late,16,260,15,0
v1,364,15,0,late,16,229,12,0
v1,364,15,1,late,16,229,12,1
v2,364,15,0,late,16,229,12,0
v2,364,15,1,late,16,229,12,0
v1,469,15,0,late,16,265,14,0
v1,469,15,1,late,16,265,14,0
v2,469,15,0,late,16,265,14,0
v2,469,15,1,late,16,265,14,0
v1,268,10,0,late,16,154,12,0
v1,268,10,1,late,16,154,12,0
v2,268,10,0,late,16,154,12,0
v2,268,10,1,late,16,154,12,0
v1,257,19,0,late,16,244,15,0
v1,257,19,1,late,16,244,15,0
v2,257,19,0,late,16,244,15,0
v2,257,19,1,late,16,244,15,0
v1,275,12,0,late,16,198,14,0
v1,275,12,1,late,16,198,14,0
v2,275,12,0,late,16,198,14,0
v2,275,12,1,late,16,198,14,0
v1,256,16,0,late,16,239,13,0
v1,256,16,1,late,16,239,13,0
v2,256,16,0,late,16,239,13,0
v2,256,16,1,late,16,239,13,0
v1,481,14,0,late,16,208,15,1
v1,481,14,1,late,16,208,15,0
v2,481,14,0,late,16,208,15,0
v2,481,14,1,late,16,208,15,0
v1,246,16,0,late,16,228,15,0
v1,246,16,1,late,16,228,15,1
v2,246,16,0,late,16,228,15,0
v2,246,16,1,late,16,228,15,0
v1,129,16,0,late,16,213,15,0
v1,129,16,1,late,16,213,15,1
v2,129,16,0,late,16,213,15,0
v2,129,16,1,late,16,213,15,0
v1,28,17,0,late,16,240,12,0
v1,28,17,1,late,16,240,12,0
v2,28,17,0,late,16,240,12,0
v2,28,17,1,late,16,240,12,0
v1,14,15,0,late,16,247,13,0
v1,14,15,1,late,16,247,13,0
v2,14,15,0,late,16,247,13,0
v2,14,15,1,late,16,247,13,0
v1,102,10,0,late,16,188,13,0
v1,102,10,1,late,16,188,13,0
v2,102,10,0,late,16,188,13,0
v2,102,10,1,late,16,188,13,0
v1,10,10,0,late,16,167,14,0
v1,10,10,1,late,16,167,14,0
v2,10,10,0,late,16,167,14,0
v2,10,10,1,late,16,167,14,0
v1,48,13,0,late,16,185,14,0
v1,48,13,1,late,16,185,14,1
v2,48,13,0,late,16,185,14,0
v2,48,13,1,late,16,185,14,0
v1,354,12,0,late,16,180,13,1
v1,354,12,1,late,16,180,13,1
v2,354,12,0,late,16,180,13,0
v2,354,12,1,late,16,180,13,0
v1,39,20,0,late,16,223,14,0
v1,39,20,1,late,16,223,14,1
v2,39,20,0,late,16,223,14,0
v2,39,20,1,late,16,223,14,0
v1,412,15,0,late,16,212,15,0
v1,412,15,1,late,16,212,15,0
v2,412,15,0,late,16,212,15,0
v2,412,15,1,late,16,212,15,0
v1,314,15,0,late,16,222,15,0
v1,314,15,1,late,16,222,15,1
v2,314,15,0,late,16,222,15,0
v2,314,15,1,late,16,222,15,0
v1,107,15,0,late,16,245,15,0
v1,107,15,1,late,16,245,15,1
v2,107,15,0,late,16,245,15,0
v2,107,15,1,late,16,245,15,0
v1,232,15,0,late,16,228,15,0
v1,232,15,1,late,16,228,15,1
v2,232,15,0,late,16,228,15,0
v2,232,15,1,late,16,228,15,0
v1,113,15,0,late,16,238,15,0
v1,113,15,1,late,16,238,15,0
v2,113,15,0,late,16,238,15,0
v2,113,15,1,late,16,238,15,0
v1,251,17,0,late,16,267,13,0
v1,251,17,1,late,16,267,13,0
v2,251,17,0,late,16,267,13,0
v2,251,17,1,late,16,267,13,0
v1,290,17,0,late,16,233,15,0
v1,290,17,1,late,16,233,15,0
v2,290,17,0,late,16,233,15,0
v2,290,17,1,late,16,233,15,0
v1,216,14,0,late,16,164,15,0
v1,216,14,1,late,16,164,15,0
v2,216,14,0,late,16,164,15,0
v2,216,14,1,late,16,164,15,0
v1,127,17,0,late,16,259,14,0
v1,127,17,1,late,16,259,14,0
v2,127,17,0,late,16,259,14,0
v2,127,17,1,late,16,259,14,0
v1,367,12,0,late,16,182,13,0
v1,367,12,1,late,16,182,13,0
v2,367,12,0,late,16,182,13,0
v2,367,12,1,late,16,182,13,0
v1,288,20,0,late,16,301,15,0
v1,288,20,1,late,16,301,15,0
v2,288,20,0,late,16,301,15,0
v2,288,20,1,late,16,301,15,0
v1,394,14,0,late,16,187,14,0
v1,394,14,1,late,16,187,14,0
v2,394,14,0,late,16,187,14,0
v2,394,14,1,late,16,187,14,0
v1,466,16,0,late,16,216,12,0
v1,466,16,1,late,16,216,12,0
v2,466,16,0,late,16,216,12,0
v2,466,16,1,late,16,216,12,0
v1,507,19,0,late,16,272,14,1
v1,507,19,1,late,16,272,14,0
v2,507,19,0,late,16,272,14,0
v2,507,19,1,late,16,272,14,0
v1,270,16,0,late,16,223,14,0
v1,270,16,1,late,16,223,14,0
v2,270,16,0,late,16,223,14,0
v2,270,16,1,late,16,223,14,0
v1,411,16,0,late,16,224,14,0
v1,411,16,1,late,16,224,14,0
v2,411,16,0,late,16,224,14,0
v2,411,16,1,late,16,224,14,0
v1,10,12,0,late,16,191,14,0
v1,10,12,1,late,16,191,14,0
v2,10,12,0,late,16,191,14,0
v2,10,12,1,late,16,191,14,0
v1,468,17,0,late,16,281,12,0
v1,468,17,1,late,16,281,12,0
v2,468,17,0,late,16,281,12,0
v2,468,17,1,late,16,281,12,0
v1,491,14,0,late,16,225,15,0
v1,491,14,1,late,16,225,15,0
v2,491,14,0,late,16,225,15,0
v2,491,14,1,late,16,225,15,0
v1,423,12,0,late,16,178,15,0
v1,423,12,1,late,16,178,15,0
v2,423,12,0,late,16,178,15,0
v2,423,12,1,late,16,178,15,0
v1,21,10,0,late,16,146,13,0
v1,21,10,1,late,16,146,13,0
v2,21,10,0,late,16,146,13,0
v2,21,10,1,late,16,146,13,0
v1,454,10,0,late,16,191,13,0
v1,454,10,1,late,16,191,13,1
v2,454,10,0,late,16,191,13,0
v2,454,10,1,late,16,191,13,0
v1,391,15,0,late,16,196,15,0
v1,391,15,1,late,16,196,15,0
v2,391,15,0,late,16,196,15,0
v2,391,15,1,late,16,196,15,0
v1,482,12,0,late,16,173,14,0
v1,482,12,1,late,16,173,14,0
v2,482,12,0,late,16,173,14,0
v2,482,12,1,late,16,173,14,0
v1,232,16,0,late,16,234,15,0
v1,232,16,1,late,16,234,15,0
v2,232,16,0,late,16,234,15,0
v2,232,16,1,late,16,234,15,0
v1,115,15,0,late,16,242,13,0
v1,115,15,1,late,16,242,13,0
v2,115,15,0,late,16,242,13,0
v2,115,15,1,late,16,242,13,0
v1,141,22,0,late,16,239,15,0
v1,141,22,1,late,16,239,15,0
v2,141,22,0,late,16,239,15,0
v2,141,22,1,late,16,239,15,0
v1,458,16,0,late,16,171,15,0
v1,458,16,1,late,16,171,15,1
v2,458,16,0,late,16,171,15,0
v2,458,16,1,late,16,171,15,0
v1,54,16,0,late,16,214,15,0
v1,54,16,1,late,16,214,15,0
v2,54,16,0,late,16,214,15,0
v2,54,16,1,late,16,214,15,0
v1,223,17,0,late,16,254,15,0
v1,223,17,1,late,16,254,15,0
v2,223,17,0,late,16,254,15,0
v2,223,17,1,late,16,254,15,0
v1,230,19,0,late,16,235,15,0
v1,230,19,1,late,16,235,15,0
v2,230,19,0,late,16,235,15,0
v2,230,19,1,late,16,235,15,0
v1,326,18,0,late,16,257,15,0
v1,326,18,1,late,16,257,15,0
v2,326,18,0,late,16,257,15,0
v2,326,18,1,late,16,257,15,0
v1,318,9,0,late,16,164,13,0
v1,318,9,1,late,16,164,13,0
v2,318,9,0,late,16,164,13,0
v2,318,9,1,late,16,164,13,0
v1,254,17,0,late,16,187,15,0
v1,254,17,1,late,16,187,15,0
v2,254,17,0,late,16,187,15,0
v2,254,17,1,late,16,187,15,0
v1,141,18,0,late,16,219,15,0
v1,141,18,1,late,16,219,15,0
v2,141,18,0,late,16,219,15,0
v2,141,18,1,late,16,219,15,0
v1,248,16,0,late,16,224,15,0
v1,248,16,1,late,16,224,15,0
v2,248,16,0,late,16,224,15,0
v2,248,16,1,late,16,224,15,0
v1,484,13,0,late,16,203,14,0
v1,484,13,1,late,16,203,14,0
v2,484,13,0,late,16,203,14,0
v2,484,13,1,late,16,203,14,0
v1,230,21,0,late,16,247,15,0
v1,230,21,1,late,16,247,15,1
v2,230,21,0,late,16,247,15,0
v2,230,21,1,late,16,247,15,0
v1,214,14,0,late,16,181,15,0
v1,214,14,1,late,16,181,15,0
v2,214,14,0,late,16,181,15,0
v2,214,14,1,late,16,181,15,0
v1,184,18,0,late,16,241,15,0
v1,184,18,1,late,16,241,15,0
v2,184,18,0,late,16,241,15,0
v2,184,18,1,late,16,241,15,0
v1,240,16,0,late,16,223,15,0
v1,240,16,1,late,16,223,15,0
v2,240,16,0,late,16,223,15,0
v2,240,16,1,late,16,223,15,0
v1,389,14,0,late,16,207,15,0
v1,389,14,1,late,16,207,15,0
v2,389,14,0,late,16,207,15,0
v2,389,14,1,late,16,207,15,0
v1,134,13,0,late,16,203,15,1
v1,134,13,1,late,16,203,15,0
v2,134,13,0,late,16,203,15,0
v2,134,13,1,late,16,203,15,0
v1,141,21,0,late,16,234,15,0
v1,141,21,1,late,16,234,15,0
v2,141,21,0,late,16,234,15,0
v2,141,21,1,late,16,234,15,0
v1,424,18,0,late,16,253,14,0
v1,424,18,1,late,16,253,14,0
v2,424,18,0,late,16,253,14,0
v2,424,18,1,late,16,253,14,0
v1,265,18,0,late,16,295,12,0
v1,265,18,1,late,16,295,12,0
v2,265,18,0,late,16,295,12,0
v2,265,18,1,late,16,295,12,0
v1,324,12,0,late,16,182,13,1
v1,324,12,1,late,16,182,13,0
v2,324,12,0,late,16,182,13,0
v2,324,12,1,late,16,182,13,0
v1,193,16,0,late,16,235,15,0
v1,193,16,1,late,16,235,15,0
v2,193,16,0,late,16,235,15,0
v2,193,16,1,late,16,235,15,0
v1,418,17,0,late,16,230,14,0
v1,418,17,1,late,16,230,14,0
v2,418,17,0,late,16,230,14,0
v2,418,17,1,late,16,230,14,0
v1,20,10,0,late,16,174,14,0
v1,20,10,1,late,16,174,14,0
v2,20,10,0,late,16,174,14,0
v2,20,10,1,late,16,174,14,0
v1,211,13,0,late,16,197,13,0
v1,211,13,1,late,16,197,13,0
v2,211,13,0,late,16,197,13,0
v2,211,13,1,late,16,197,13,0
v1,7,14,0,late,16,224,15,0
v1,7,14,1,late,16,224,15,0
v2,7,14,0,late,16,224,15,0
v2,7,14,1,late,16,224,15,0
v1,331,12,0,late,16,220,10,1
v1,331,12,1,late,16,220,10,0
v2,331,12,0,late,16,220,10,0
v2,331,12,1,late,16,220,10,0
v1,255,17,0,late,16,251,15,0
v1,255,17,1,late,16,251,15,0
v2,255,17,0,late,16,251,15,0
v2,255,17,1,late,16,251,15,0
v1,80,12,0,late,16,197,13,0
v1,80,12,1,late,16,197,13,0
v2,80,12,0,late,16,197,13,0
v2,80,12,1,late,16,197,13,0
v1,76,17,0,late,16,252,13,0
v1,76,17,1,late,16,252,13,0
v2,76,17,0,late,16,252,13,0
v2,76,17,1,late,16,252,13,0
v1,110,10,0,late,16,170,13,0
v1,110,10,1,late,16,170,13,0
v2,110,10,0,late,16,170,13,0
v2,110,10,1,late,16,170,13,0
v1,501,13,0,late,16,206,15,0
v1,501,13,1,late,16,206,15,0
v2,501,13,0,late,16,206,15,0
v2,501,13,1,late,16,206,15,0
v1,392,10,0,late,16,154,13,0
v1,392,10,1,late,16,154,13,0
v2,392,10,0,late,16,154,13,0
v2,392,10,1,late,16,154,13,0
v1,483,16,0,late,16,264,13,0
v1,483,16,1,late,16,264,13,0
v2,483,16,0,late,16,264,13,0
v2,483,16,1,late,16,264,13,0
v1,249,15,0,late,16,190,15,0
v1,249,15,1,late,16,190,15,0
v2,249,15,0,late,16,190,15,0
v2,249,15,1,late,16,190,15,0
v1,290,16,0,late,16,226,15,0
v1,290,16,1,late,16,226,15,0
v2,290,16,0,late,16,226,15,0
v2,290,16,1,late,16,226,15,0
v1,117,15,0,late,16,250,15,0
v1,117,15,1,late,16,250,15,0
v2,117,15,0,late,16,250,15,0
v2,117,15,1,late,16,250,15,0
v1,244,14,0,late,16,204,11,0
v1,244,14,1,late,16,204,11,0
v2,244,14,0,late,16,204,11,0
v2,244,14,1,late,16,204,11,0
v1,73,15,0,late,16,206,14,0
v1,73,15,1,late,16,206,14,0
v2,73,15,0,late,16,206,14,0
v2,73,15,1,late,16,206,14,0
v1,489,18,0,late,16,228,15,0
v1,489,18,1,late,16,228,15,0
v2,489,18,0,late,16,228,15,0
v2,489,18,1,late,16,228,15,0
v1,465,9,0,late,16,150,14,0
v1,465,9,1,late,16,150,14,0
v2,465,9,0,late,16,150,14,0
v2,465,9,1,late,16,150,14,0
v1,395,18,0,late,16,204,15,0
v1,395,18,1,late,16,204,15,0
v2,395,18,0,late,16,204,15,0
v2,395,18,1,late,16,204,15,0
v1,142,20,0,late,16,285,15,0
v1,142,20,1,late,16,285,15,0
v2,142,20,0,late,16,285,15,0
v2,142,20,1,late,16,285,15,0
v1,460,14,0,late,16,219,11,0
v1,460,14,1,late,16,219,11,0
v2,460,14,0,late,16,219,11,0
v2,460,14,1,late,16,219,11,0
v1,210,14,0,late,16,206,15,0
v1,210,14,1,late,16,206,15,0
v2,210,14,0,late,16,206,15,0
v2,210,14,1,late,16,206,15,0
v1,69,18,0,late,16,241,15,1
v1,69,18,1,late,16,241,15,1
v2,69,18,0,late,16,241,15,0
v2,69,18,1,late,16,241,15,0
v1,452,17,0,late,16,211,15,1
v1,452,17,1,late,16,211,15,0
v2,452,17,0,late,16,211,15,0
v2,452,17,1,late,16,211,15,0
v1,373,20,0,late,16,254,15,0
v1,373,20,1,late,16,254,15,0
v2,373,20,0,late,16,254,15,0
v2,373,20,1,late,16,254,15,0
v1,66,8,0,late,16,145,14,0
v1,66,8,1,late,16,145,14,0
v2,66,8,0,late,16,145,14,0
v2,66,8,1,late,16,145,14,0
v1,438,20,0,late,16,187,15,0
v1,438,20,1,late,16,187,15,1
v2,438,20,0,late,16,187,15,0
v2,438,20,1,late,16,187,15,0
v1,199,16,0,late,16,281,14,0
v1,199,16,1,late,16,281,14,0
v2,199,16,0,late,16,281,14,0
v2,199,16,1,late,16,281,14,0
v1,177,19,0,late,16,272,14,0
v1,177,19,1,late,16,272,14,0
v2,177,19,0,late,16,272,14,0
v2,177,19,1,late,16,272,14,0
v1,175,15,0,late,16,200,15,0
v1,175,15,1,late,16,200,15,0
v2,175,15,0,late,16,200,15,0
v2,175,15,1,late,16,200,15,0
v1,308,16,0,late,16,231,15,0
v1,308,16,1,late,16,231,15,0
v2,308,16,0,late,16,231,15,0
v2,308,16,1,late,16,231,15,0
v1,196,15,0,late,16,259,14,0
v1,196,15,1,late,16,259,14,0
v2,196,15,0,late,16,259,14,0
v2,196,15,1,late,16,259,14,0
v1,71,13,0,late,16,197,13,0
v1,71,13,1,late,16,197,13,0
v2,71,13,0,late,16,197,13,0
v2,71,13,1,late,16,197,13,0
v1,275,13,0,late,16,207,14,1
v1,275,13,1,late,16,207,14,0
v2,275,13,0,late,16,207,14,0
v2,275,13,1,late,16,207,14,0
v1,479,17,0,late,16,236,12,0
v1,479,17,1,late,16,236,12,0
v2,479,17,0,late,16,236,12,0
v2,479,17,1,late,16,236,12,0
v1,253,4,0,late,16,81,15,0
v1,253,4,1,late,16,81,15,0
v2,253,4,0,late,16,81,15,0
v2,253,4,1,late,16,81,15,0
v1,51,7,0,late,16,119,15,0
v1,51,7,1,late,16,119,15,0
v2,51,7,0,late,16,119,15,0
v2,51,7,1,late,16,119,15,0
v1,320,16,0,late,16,194,14,0
v1,320,16,1,late,16,194,14,0
v2,320,16,0,late,16,194,14,0
v2,320,16,1,late,16,194,14,0
v1,100,19,0,late,16,237,15,0
v1,100,19,1,late,16,237,15,0
v2,100,19,0,late,16,237,15,0
v2,100,19,1,late,16,237,15,0
v1,290,14,0,late,16,212,15,0
v1,290,14,1,late,16,212,15,0
v2,290,14,0,late,16,212,15,0
v2,290,14,1,late,16,212,15,0
v1,61,11,0,late,16,178,14,0
v1,61,11,1,late,16,178,14,0
v2,61,11,0,late,16,178,14,0
v2,61,11,1,late,16,178,14,0
v1,86,15,0,late,16,191,15,1
v1,86,15,1,late,16,191,15,0
v2,86,15,0,late,16,191,15,0
v2,86,15,1,late,16,191,15,0
v1,372,9,0,late,16,154,13,0
v1,372,9,1,late,16,154,13,0
v2,372,9,0,late,16,154,13,0
v2,372,9,1,late,16,154,13,0
v1,97,16,0,late,16,234,15,0
v1,97,16,1,late,16,234,15,0
v2,97,16,0,late,16,234,15,0
v2,97,16,1,late,16,234,15,0
v1,503,16,0,late,16,218,15,0
v1,503,16,1,late,16,218,15,0
v2,503,16,0,late,16,218,15,0
v2,503,16,1,late,16,218,15,0
v1,476,11,0,late,16,186,15,0
v1,476,11,1,late,16,186,15,0
v2,476,11,0,late,16,186,15,0
v2,476,11,1,late,16,186,15,0
v1,486,11,0,late,16,149,14,0
v1,486,11,1,late,16,149,14,0
v2,486,11,0,late,16,149,14,0
v2,486,11,1,late,16,149,14,0
v1,293,9,0,late,16,133,15,0
v1,293,9,1,late,16,133,15,0
v2,293,9,0,late,16,133,15,0
v2,293,9,1,late,16,133,15,0
v1,412,17,0,late,16,228,15,0
v1,412,17,1,late,16,228,15,1
v2,412,17,0,late,16,228,15,0
v2,412,17,1,late,16,228,15,0
v1,235,9,0,late,16,156,14,0
v1,235,9,1,late,16,156,14,0
v2,235,9,0,late,16,156,14,0
v2,235,9,1,late,16,156,14,0
v1,377,22,0,late,16,254,15,0
v1,377,22,1,late,16,254,15,0
v2,377,22,0,late,16,254,15,0
v2,377,22,1,late,16,254,15,0
v1,444,15,0,late,16,243,10,0
v1,444,15,1,late,16,243,10,0
v2,444,15,0,late,16,243,10,0
v2,444,15,1,late,16,243,10,0
v1,306,13,0,late,16,202,13,0
v1,306,13,1,late,16,202,13,0
v2,306,13,0,late,16,202,13,0
v2,306,13,1,late,16,202,13,0
v1,325,17,0,late,16,234,15,0
v1,325,17,1,late,16,234,15,0
v2,325,17,0,late,16,234,15,0
v2,325,17,1,late,16,234,15,0
v1,109,13,0,late,16,218,12,0
v1,109,13,1,late,16,218,12,0
v2,109,13,0,late,16,218,12,0
v2,109,13,1,late,16,218,12,0
v1,56,13,0,late,16,207,12,0
v1,56,13,1,late,16,207,12,0
v2,56,13,0,late,16,207,12,0
v2,56,13,1,late,16,207,12,0
v1,51,6,0,late,16,107,15,0
v1,51,6,1,late,16,107,15,1
v2,51,6,0,late,16,107,15,0
v2,51,6,1,late,16,107,15,0
v1,61,14,0,late,16,208,15,0
v1,61,14,1,late,16,208,15,0
v2,61,14,0,late,16,208,15,0
v2,61,14,1,late,16,208,15,0
v1,118,15,0,late,16,201,15,1
v1,118,15,1,late,16,201,15,0
v2,118,15,0,late,16,201,15,0
v2,118,15,1,late,16,201,15,0
v1,417,21,0,late,16,223,15,0
v1,417,21,1,late,16,223,15,0
v2,417,21,0,late,16,223,15,0
v2,417,21,1,late,16,223,15,0
v1,313,18,0,late,16,214,15,0
v1,313,18,1,late,16,214,15,1
v2,313,18,0,late,16,214,15,0
v2,313,18,1,late,16,214,15,0
v1,274,14,0,late,16,208,13,0
v1,274,14,1,late,16,208,13,0
v2,274,14,0,late,16,208,13,0
v2,274,14,1,late,16,208,13,0
v1,133,15,0,late,16,243,14,0
v1,133,15,1,late,16,243,14,1
v2,133,15,0,late,16,243,14,0
v2,133,15,1,late,16,243,14,0
v1,495,13,0,late,16,210,13,0
v1,495,13,1,late,16,210,13,0
v2,495,13,0,late,16,210,13,0
v2,495,13,1,late,16,210,13,0
v1,424,19,0,late,16,263,15,0
v1,424,19,1,late,16,263,15,0
v2,424,19,0,late,16,263,15,0
v2,424,19,1,late,16,263,15,0
v1,294,18,0,late,16,258,13,0
v1,294,18,1,late,16,258,13,0
v2,294,18,0,late,16,258,13,0
v2,294,18,1,late,16,258,13,0
v1,464,13,0,late,16,196,15,0
v1,464,13,1,late,16,196,15,0
v2,464,13,0,late,16,196,15,0
v2,464,13,1,late,16,196,15,0
v1,177,14,0,late,16,223,13,0
v1,177,14,1,late,16,223,13,0
v2,177,14,0,late,16,223,13,0
v2,177,14,1,late,16,223,13,0
v1,474,14,0,late,16,198,14,0
v1,474,14,1,late,16,198,14,1
v2,474,14,0,late,16,198,14,0
v2,474,14,1,late,16,198,14,0
v1,494,17,0,late,16,229,14,0
v1,494,17,1,late,16,229,14,0
v2,494,17,0,late,16,229,14,0
v2,494,17,1,late,16,229,14,0
v1,34,15,0,late,16,205,15,0
v1,34,15,1,late,16,205,15,0
v2,34,15,0,late,16,205,15,0
v2,34,15,1,late,16,205,15,0
v1,361,17,0,late,16,227,15,0
v1,361,17,1,late,16,227,15,0
v2,361,17,0,late,16,227,15,0
v2,361,17,1,late,16,227,15,0
v1,183,18,0,late,16,253,15,0
v1,183,18,1,late,16,253,15,0
v2,183,18,0,late,16,253,15,0
v2,183,18,1,late,16,253,15,0
v1,77,16,0,late,16,255,14,0
v1,77,16,1,late,16,255,14,0
v2,77,16,0,late,16,255,14,0
v2,77,16,1,late,16,255,14,0
v1,486,12,0,late,16,157,14,0
v1,486,12,1,late,16,157,14,0
v2,486,12,0,late,16,157,14,0
v2,486,12,1,late,16,157,14,0
v1,288,17,0,late,16,268,10,0
v1,288,17,1,late,16,268,10,0
v2,288,17,0,late,16,268,10,0
v2,288,17,1,late,16,268,10,0
v1,114,12,0,late,16,177,15,0
v1,114,12,1,late,16,177,15,1
v2,114,12,0,late,16,177,15,0
v2,114,12,1,late,16,177,15,0
v1,470,16,0,late,16,226,14,0
v1,470,16,1,late,16,226,14,0
v2,470,16,0,late,16,226,14,0
v2,470,16,1,late,16,226,14,0
v1,309,17,0,late,16,191,15,0
v1,309,17,1,late,16,191,15,0
v2,309,17,0,late,16,191,15,0
v2,309,17,1,late,16,191,15,0
v1,2,16,0,late,16,267,10,0
v1,2,16,1,late,16,267,10,0
v2,2,16,0,late,16,267,10,0
v2,2,16,1,late,16,267,10,0
v1,45,16,0,late,16,241,15,0
v1,45,16,1,late,16,241,15,0
v2,45,16,0,late,16,241,15,0
v2,45,16,1,late,16,241,15,0
v1,428,9,0,late,16,160,15,0
v1,428,9,1,late,16,160,15,1
v2,428,9,0,late,16,160,15,0
v2,428,9,1,late,16,160,15,0
v1,258,12,0,late,16,223,13,1
v1,258,12,1,late,16,223,13,0
v2,258,12,0,late,16,223,13,0
v2,258,12,1,late,16,223,13,0
v1,285,14,0,late,16,219,14,0
v1,285,14,1,late,16,219,14,0
v2,285,14,0,late,16,219,14,0
v2,285,14,1,late,16,219,14,0
v1,508,21,0,late,16,258,15,1
v1,508,21,1,late,16,258,15,1
v2,508,21,0,late,16,258,15,0
v2,508,21,1,late,16,258,15,0
v1,30,18,0,late,16,232,15,0
v1,30,18,1,late,16,232,15,0
v2,30,18,0,late,16,232,15,0
v2,30,18,1,late,16,232,15,0
v1,284,18,0,late,16,252,15,0
v1,284,18,1,late,16,252,15,0
v2,284,18,0,late,16,252,15,0
v2,284,18,1,late,16,252,15,0
v1,473,18,0,late,16,267,14,1
v1,473,18,1,late,16,267,14,0
v2,473,18,0,late,16,267,14,0
v2,473,18,1,late,16,267,14,0
v1,499,13,0,late,16,201,12,0
v1,499,13,1,late,16,201,12,0
v2,499,13,0,late,16,201,12,0
v2,499,13,1,late,16,201,12,0
v1,489,17,0,late,16,217,14,0
v1,489,17,1,late,16,217,14,0
v2,489,17,0,late,16,217,14,0
v2,489,17,1,late,16,217,14,0
v1,10,13,0,late,16,207,15,0
v1,10,13,1,late,16,207,15,0
v2,10,13,0,late,16,207,15,0
v2,10,13,1,late,16,207,15,0
v1,49,10,0,late,16,163,12,0
v1,49,10,1,late,16,163,12,0
v2,49,10,0,late,16,163,12,0
v2,49,10,1,late,16,163,12,0
v1,254,20,0,late,16,205,15,0
v1,254,20,1,late,16,205,15,1
v2,254,20,0,late,16,205,15,0
v2,254,20,1,late,16,205,15,0
v1,320,12,0,late,16,163,14,0
v1,320,12,1,late,16,163,14,0
v2,320,12,0,late,16,163,14,0
v2,320,12,1,late,16,163,14,0
v1,326,13,0,late,16,215,14,0
v1,326,13,1,late,16,215,14,0
v2,326,13,0,late,16,215,14,0
v2,326,13,1,late,16,215,14,0
v1,389,13,0,late,16,195,15,1
v1,389,13,1,late,16,195,15,0
v2,389,13,0,late,16,195,15,0
v2,389,13,1,late,16,195,15,0
v1,423,11,0,late,16,169,13,0
v1,423,11,1,late,16,169,13,0
v2,423,11,0,late,16,169,13,0
v2,423,11,1,late,16,169,13,0
v1,503,15,0,late,16,211,15,0
v1,503,15,1,late,16,211,15,0
v2,503,15,0,late,16,211,15,0
v2,503,15,1,late,16,211,15,0
v1,495,18,0,late,16,265,15,0
v1,495,18,1,late,16,265,15,0
v2,495,18,0,late,16,265,15,0
v2,495,18,1,late,16,265,15,0
v1,225,13,0,late,16,181,14,0
v1,225,13,1,late,16,181,14,0
v2,225,13,0,late,16,181,14,0
v2,225,13,1,late,16,181,14,0
v1,460,18,0,late,16,264,15,0
v1,460,18,1,late,16,264,15,0
v2,460,18,0,late,16,264,15,0
v2,460,18,1,late,16,264,15,0
v1,78,19,0,late,16,229,15,0
v1,78,19,1,late,16,229,15,0
v2,78,19,0,late,16,229,15,0
v2,78,19,1,late,16,229,15,0
v1,400,16,0,late,16,231,15,0
v1,400,16,1,late,16,231,15,0
v2,400,16,0,late,16,231,15,0
v2,400,16,1,late,16,231,15,0
v1,174,15,0,late,16,176,14,0
v1,174,15,1,late,16,176,14,0
v2,174,15,0,late,16,176,14,0
v2,174,15,1,late,16,176,14,0
v1,297,22,0,late,16,259,15,1
v1,297,22,1,late,16,259,15,0
v2,297,22,0,late,16,259,15,0
v2,297,22,1,late,16,259,15,0
v1,92,15,0,late,16,241,12,0
v1,92,15,1,late,16,241,12,0
v2,92,15,0,late,16,241,12,0
v2,92,15,1,late,16,241,12,0
v1,390,13,0,late,16,192,15,1
v1,390,13,1,late,16,192,15,0
v2,390,13,0,late,16,192,15,0
v2,390,13,1,late,16,192,15,0
v1,61,10,0,late,16,166,14,0
v1,61,10,1,late,16,166,14,0
v2,61,10,0,late,16,166,14,0
v2,61,10,1,late,16,166,14,0
v1,18,22,0,late,16,264,15,0
v1,18,22,1,late,16,264,15,0
v2,18,22,0,late,16,264,15,0
v2,18,22,1,late,16,264,15,0
v1,303,20,0,late,16,241,15,0
v1,303,20,1,late,16,241,15,0
v2,303,20,0,late,16,241,15,0
v2,303,20,1,late,16,241,15,0
v1,43,17,0,late,16,285,12,0
v1,43,17,1,late,16,285,12,0
v2,43,17,0,late,16,285,12,0
v2,43,17,1,late,16,285,12,0
v1,88,12,0,late,16,204,14,0
v1,88,12,1,late,16,204,14,0
v2,88,12,0,late,16,204,14,0
v2,88,12,1,late,16,204,14,0
v1,261,13,0,late,16,181,14,0
v1,261,13,1,late,16,181,14,0
v2,261,13,0,late,16,181,14,0
v2,261,13,1,late,16,181,14,0
v1,42,11,0,late,16,158,15,0
v1,42,11,1,late,16,158,15,0
v2,42,11,0,late,16,158,15,0
v2,42,11,1,late,16,158,15,0
v1,36,14,0,late,16,226,13,0
v1,36,14,1,late,16,226,13,0
v2,36,14,0,late,16,226,13,0
v2,36,14,1,late,16,226,13,0
v1,47,20,0,late,16,264,15,0
v1,47,20,1,late,16,264,15,1
v2,47,20,0,late,16,264,15,0
v2,47,20,1,late,16,264,15,0
v1,429,15,0,late,16,224,15,0
v1,429,15,1,late,16,224,15,0
v2,429,15,0,late,16,224,15,0
v2,429,15,1,late,16,224,15,0
v1,84,18,0,late,16,223,15,0
v1,84,18,1,late,16,223,15,0
v2,84,18,0,late,16,223,15,0
v2,84,18,1,late,16,223,15,0
v1,176,11,0,late,16,173,14,0
v1,176,11,1,late,16,173,14,0
v2,176,11,0,late,16,173,14,0
v2,176,11,1,late,16,173,14,0
v1,443,14,0,late,16,185,14,0
v1,443,14,1,late,16,185,14,0
v2,443,14,0,late,16,185,14,0
v2,443,14,1,late,16,185,14,0
v1,92,20,0,late,16,292,15,0
v1,92,20,1,late,16,292,15,0
v2,92,20,0,late,16,292,15,0
v2,92,20,1,late,16,292,15,0
v1,383,15,0,late,16,239,13,0
v1,383,15,1,late,16,239,13,0
v2,383,15,0,late,16,239,13,0
v2,383,15,1,late,16,239,13,0
v1,95,7,0,late,16,120,13,0
v1,95,7,1,late,16,120,13,1
v2,95,7,0,late,16,120,13,0
v2,95,7,1,late,16,120,13,0
v1,109,16,0,late,16,254,12,0
v1,109,16,1,late,16,254,12,0
v2,109,16,0,late,16,254,12,0
v2,109,16,1,late,16,254,12,0
v1,287,17,0,late,16,221,15,1
v1,287,17,1,late,16,221,15,1
v2,287,17,0,late,16,221,15,0
v2,287,17,1,late,16,221,15,0
v1,499,12,0,late,16,189,12,0
v1,499,12,1,late,16,189,12,0
v2,499,12,0,late,16,189,12,0
v2,499,12,1,late,16,189,12,0
v1,221,6,0,late,16,109,14,0
v1,221,6,1,late,16,109,14,1
v2,221,6,0,late,16,109,14,0
v2,221,6,1,late,16,109,14,0
v1,252,15,0,late,16,245,12,0
v1,252,15,1,late,16,245,12,0
v2,252,15,0,late,16,245,12,0
v2,252,15,1,late,16,245,12,0
v1,412,18,0,late,16,237,15,0
v1,412,18,1,late,16,237,15,1
v2,412,18,0,late,16,237,15,0
v2,412,18,1,late,16,237,15,0
v1,495,15,0,late,16,232,15,0
v1,495,15,1,late,16,232,15,0
v2,495,15,0,late,16,232,15,0
v2,495,15,1,late,16,232,15,0
v1,240,18,0,late,16,239,15,1
v1,240,18,1,late,16,239,15,0
v2,240,18,0,late,16,239,15,0
v2,240,18,1,late,16,239,15,0
v1,471,22,0,late,16,353,14,0
v1,471,22,1,late,16,353,14,0
v2,471,22,0,late,16,353,14,0
v2,471,22,1,late,16,353,14,0
v1,427,20,0,late,16,291,14,0
v1,427,20,1,late,16,291,14,0
v2,427,20,0,late,16,291,14,0
v2,427,20,1,late,16,291,14,0
v1,231,19,0,late,16,251,15,0
v1,231,19,1,late,16,251,15,1
v2,231,19,0,late,16,251,15,0
v2,231,19,1,late,16,251,15,0
v1,436,17,0,late,16,266,15,1
v1,436,17,1,late,16,266,15,0
v2,436,17,0,late,16,266,15,0
v2,436,17,1,late,16,266,15,0
v1,169,16,0,late,16,237,15,0
v1,169,16,1,late,16,237,15,0
v2,169,16,0,late,16,237,15,0
v2,169,16,1,late,16,237,15,0
v1,133,19,0,late,16,271,14,1
v1,133,19,1,late,16,271,14,0
v2,133,19,0,late,16,271,14,0
v2,133,19,1,late,16,271,14,0
v1,379,17,0,late,16,249,15,0
v1,379,17,1,late,16,249,15,0
v2,379,17,0,late,16,249,15,0
v2,379,17,1,late,16,249,15,0
v1,489,20,0,late,16,246,15,1
v1,489,20,1,late,16,246,15,0
v2,489,20,0,late,16,246,15,0
v2,489,20,1,late,16,246,15,0
v1,254,15,0,late,16,175,15,1
v1,254,15,1,late,16,175,15,0
v2,254,15,0,late,16,175,15,0
v2,254,15,1,late,16,175,15,0
v1,115,18,0,late,16,275,15,0
v1,115,18,1,late,16,275,15,0
v2,115,18,0,late,16,275,15,0
v2,115,18,1,late,16,275,15,0
v1,89,16,0,late,16,251,15,0
v1,89,16,1,late,16,251,15,0
v2,89,16,0,late,16,251,15,0
v2,89,16,1,late,16,251,15,0
v1,307,18,0,late,16,286,14,0
v1,307,18,1,late,16,286,14,0
v2,307,18,0,late,16,286,14,0
v2,307,18,1,late,16,286,14,0
v1,361,18,0,late,16,234,15,1
v1,361,18,1,late,16,234,15,0
v2,361,18,0,late,16,234,15,0
v2,361,18,1,late,16,234,15,0
v1,401,15,0,late,16,228,13,0
v1,401,15,1,late,16,228,13,0
v2,401,15,0,late,16,228,13,0
v2,401,15,1,late,16,228,13,0
v1,434,21,0,late,16,274,15,0
v1,434,21,1,late,16,274,15,0
v2,434,21,0,late,16,274,15,0
v2,434,21,1,late,16,274,15,0
v1,277,16,0,late,16,246,14,0
v1,277,16,1,late,16,246,14,1
v2,277,16,0,late,16,246,14,0
v2,277,16,1,late,16,246,14,0
v1,240,13,0,late,16,199,15,0
v1,240,13,1,late,16,199,15,0
v2,240,13,0,late,16,199,15,0
v2,240,13,1,late,16,199,15,0
v1,61,13,0,late,16,198,14,0
v1,61,13,1,late,16,198,14,0
v2,61,13,0,late,16,198,14,0
v2,61,13,1,late,16,198,14,0
v1,436,18,0,late,16,278,15,1
v1,436,18,1,late,16,278,15,0
v2,436,18,0,late,16,278,15,0
v2,436,18,1,late,16,278,15,0
v1,348,12,0,late,16,203,14,0
v1,348,12,1,late,16,203,14,0
v2,348,12,0,late,16,203,14,0
v2,348,12,1,late,16,203,14,0
v1,427,18,0,late,16,279,14,1
v1,427,18,1,late,16,279,14,0
v2,427,18,0,late,16,279,14,0
v2,427,18,1,late,16,279,14,0
v1,201,16,0,late,16,197,15,0
v1,201,16,1,late,16,197,15,0
v2,201,16,0,late,16,197,15,0
v2,201,16,1,late,16,197,15,0
v1,473,19,0,late,16,274,15,0
v1,473,19,1,late,16,274,15,0
v2,473,19,0,late,16,274,15,0
v2,473,19,1,late,16,274,15,0
v1,390,10,0,late,16,160,12,0
v1,390,10,1,late,16,160,12,1
v2,390,10,0,late,16,160,12,0
v2,390,10,1,late,16,160,12,0
v1,377,17,0,late,16,211,13,0
v1,377,17,1,late,16,211,13,0
v2,377,17,0,late,16,211,13,0
v2,377,17,1,late,16,211,13,0
v1,371,15,0,late,16,185,15,0
v1,371,15,1,late,16,185,15,0
v2,371,15,0,late,16,185,15,0
v2,371,15,1,late,16,185,15,0
v1,1,19,0,late,16,229,15,0
v1,1,19,1,late,16,229,15,1
v2,1,19,0,late,16,229,15,0
v2,1,19,1,late,16,229,15,0
v1,388,17,0,late,16,242,13,1
v1,388,17,1,late,16,242,13,1
v2,388,17,0,late,16,242,13,0
v2,388,17,1,late,16,242,13,0
v1,150,16,0,late,16,253,14,0
v1,150,16,1,late,16,253,14,0
v2,150,16,0,late,16,253,14,0
v2,150,16,1,late,16,253,14,0
v1,18,20,0,late,16,252,14,0
v1,18,20,1,late,16,252,14,1
v2,18,20,0,late,16,252,14,0
v2,18,20,1,late,16,252,14,0
v1,78,17,0,late,16,218,15,1
v1,78,17,1,late,16,218,15,0
v2,78,17,0,late,16,218,15,0
v2,78,17,1,late,16,218,15,0
v1,157,13,0,late,16,190,12,0
v1,157,13,1,late,16,190,12,0
v2,157,13,0,late,16,190,12,0
v2,157,13,1,late,16,190,12,0
v1,485,17,0,late,16,208,13,0
v1,485,17,1,late,16,208,13,0
v2,485,17,0,late,16,208,13,0
v2,485,17,1,late,16,208,13,0
v1,415,15,0,late,16,220,13,0
v1,415,15,1,late,16,220,13,0
v2,415,15,0,late,16,220,13,0
v2,415,15,1,late,16,220,13,0
v1,352,9,0,late,16,161,12,0
v1,352,9,1,late,16,161,12,0
v2,352,9,0,late,16,161,12,0
v2,352,9,1,late,16,161,12,0
v1,75,14,0,late,16,187,12,0
v1,75,14,1,late,16,187,12,1
v2,75,14,0,late,16,187,12,0
v2,75,14,1,late,16,187,12,0
v1,181,15,0,late,16,255,14,0
v1,181,15,1,late,16,255,14,0
v2,181,15,0,late,16,255,14,0
v2,181,15,1,late,16,255,14,0
v1,37,9,0,late,16,149,15,1
v1,37,9,1,late,16,149,15,0
v2,37,9,0,late,16,149,15,0
v2,37,9,1,late,16,149,15,0
v1,386,17,0,late,16,234,14,0
v1,386,17,1,late,16,234,14,0
v2,386,17,0,late,16,234,14,0
v2,386,17,1,late,16,234,14,0
v1,499,14,0,late,16,213,14,0
v1,499,14,1,late,16,213,14,1
v2,499,14,0,late,16,213,14,0
v2,499,14,1,late,16,213,14,0
v1,402,17,0,late,16,247,14,0
v1,402,17,1,late,16,247,14,0
v2,402,17,0,late,16,247,14,0
v2,402,17,1,late,16,247,14,0
v1,229,16,0,late,16,222,15,1
v1,229,16,1,late,16,222,15,0
v2,229,16,0,late,16,222,15,0
v2,229,16,1,late,16,222,15,0
v1,137,17,0,late,16,230,13,1
v1,137,17,1,late,16,230,13,1
v2,137,17,0,late,16,230,13,0
v2,137,17,1,late,16,230,13,0
v1,236,16,0,late,16,243,12,0
v1,236,16,1,late,16,243,12,0
v2,236,16,0,late,16,243,12,0
v2,236,16,1,late,16,243,12,0
v1,374,17,0,late,16,217,15,1
v1,374,17,1,late,16,217,15,0
v2,374,17,0,late,16,217,15,0
v2,374,17,1,late,16,217,15,0
v1,19,15,0,late,16,218,15,0
v1,19,15,1,late,16,218,15,0
v2,19,15,0,late,16,218,15,0
v2,19,15,1,late,16,218,15,0
v1,86,20,0,late,16,220,15,0
v1,86,20,1,late,16,220,15,0
v2,86,20,0,late,16,220,15,0
v2,86,20,1,late,16,220,15,0
v1,20,14,0,late,16,212,15,0
v1,20,14,1,late,16,212,15,0
v2,20,14,0,late,16,212,15,0
v2,20,14,1,late,16,212,15,0
v1,257,16,0,late,16,220,14,0
v1,257,16,1,late,16,220,14,0
v2,257,16,0,late,16,220,14,0
v2,257,16,1,late,16,220,14,0
v1,183,17,0,late,16,245,15,0
v1,183,17,1,late,16,245,15,0
v2,183,17,0,late,16,245,15,0
v2,183,17,1,late,16,245,15,0
v1,319,14,0,late,16,185,14,0
v1,319,14,1,late,16,185,14,1
v2,319,14,0,late,16,185,14,0
v2,319,14,1,late,16,185,14,0
v1,382,15,0,late,16,234,13,0
v1,382,15,1,late,16,234,13,0
v2,382,15,0,late,16,234,13,0
v2,382,15,1,late,16,234,13,0
v1,395,16,0,late,16,186,14,0
v1,395,16,1,late,16,186,14,0
v2,395,16,0,late,16,186,14,0
v2,395,16,1,late,16,186,14,0
v1,383,18,0,late,16,270,14,0
v1,383,18,1,late,16,270,14,0
v2,383,18,0,late,16,270,14,0
v2,383,18,1,late,16,270,14,0
v1,165,18,0,late,16,239,15,0
v1,165,18,1,late,16,239,15,0
v2,165,18,0,late,16,239,15,0
v2,165,18,1,late,16,239,15,0
v1,329,17,0,late,16,230,15,0
v1,329,17,1,late,16,230,15,0
v2,329,17,0,late,16,230,15,0
v2,329,17,1,late,16,230,15,0
v1,416,12,0,late,16,193,15,0
v1,416,12,1,late,16,193,15,0
v2,416,12,0,late,16,193,15,0
v2,416,12,1,late,16,193,15,0
v1,327,17,0,late,16,250,14,0
v1,327,17,1,late,16,250,14,0
v2,327,17,0,late,16,250,14,0
v2,327,17,1,late,16,250,14,0
v1,431,13,0,late,16,204,15,0
v1,431,13,1,late,16,204,15,0
v2,431,13,0,late,16,204,15,0
v2,431,13,1,late,16,204,15,0
v1,170,11,0,late,16,165,15,0
v1,170,11,1,late,16,165,15,0
v2,170,11,0,late,16,165,15,0
v2,170,11,1,late,16,165,15,0
v1,370,12,0,late,16,182,14,0
v1,370,12,1,late,16,182,14,0
v2,370,12,0,late,16,182,14,0
v2,370,12,1,late,16,182,14,0
v1,157,16,0,late,16,227,14,0
v1,157,16,1,late,16,227,14,0
v2,157,16,0,late,16,227,14,0
v2,157,16,1,late,16,227,14,0
v1,472,4,0,late,16,75,14,0
v1,472,4,1,late,16,75,14,0
v2,472,4,0,late,16,75,14,0
v2,472,4,1,late,16,75,14,0
v1,356,13,0,late,16,172,15,0
v1,356,13,1,late,16,172,15,0
v2,356,13,0,late,16,172,15,0
v2,356,13,1,late,16,172,15,0
v1,346,21,0,late,16,251,15,0
v1,346,21,1,late,16,251,15,0
v2,346,21,0,late,16,251,15,0
v2,346,21,1,late,16,251,15,0
v1,318,10,0,late,16,179,13,1
v1,318,10,1,late,16,179,13,0
v2,318,10,0,late,16,179,13,0
v2,318,10,1,late,16,179,13,0
v1,430,18,0,late,16,254,14,0
v1,430,18,1,late,16,254,14,0
v2,430,18,0,late,16,254,14,0
v2,430,18,1,late,16,254,14,0
v1,100,20,0,late,16,242,15,0
v1,100,20,1,late,16,242,15,0
v2,100,20,0,late,16,242,15,0
v2,100,20,1,late,16,242,15,0
v1,247,19,0,late,16,253,15,0
v1,247,19,1,late,16,253,15,0
v2,247,19,0,late,16,253,15,0
v2,247,19,1,late,16,253,15,0
v1,350,13,0,late,16,172,15,0
v1,350,13,1,late,16,172,15,0
v2,350,13,0,late,16,172,15,0
v2,350,13,1,late,16,172,15,0
v1,48,18,0,late,16,223,15,1
v1,48,18,1,late,16,223,15,0
v2,48,18,0,late,16,223,15,0
v2,48,18,1,late,16,223,15,0
v1,462,13,0,late,16,216,12,0
v1,462,13,1,late,16,216,12,0
v2,462,13,0,late,16,216,12,0
v2,462,13,1,late,16,216,12,0
v1,374,14,0,late,16,195,14,1
v1,374,14,1,late,16,195,14,0
v2,374,14,0,late,16,195,14,0
v2,374,14,1,late,16,195,14,0
v1,145,11,0,late,16,150,13,0
v1,145,11,1,late,16,150,13,0
v2,145,11,0,late,16,150,13,0
v2,145,11,1,late,16,150,13,0
v1,281,6,0,late,16,112,13,0
v1,281,6,1,late,16,112,13,0
v2,281,6,0,late,16,112,13,0
v2,281,6,1,late,16,112,13,0
v1,209,17,0,late,16,260,13,0
v1,209,17,1,late,16,260,13,0
v2,209,17,0,late,16,260,13,0
v2,209,17,1,late,16,260,13,0
v1,9,14,0,late,16,203,14,0
v1,9,14,1,late,16,203,14,0
v2,9,14,0,late,16,203,14,0
v2,9,14,1,late,16,203,14,0
v1,418,22,0,late,16,262,15,0
v1,418,22,1,late,16,262,15,0
v2,418,22,0,late,16,262,15,0
v2,418,22,1,late,16,262,15,0
v1,8,22,0,late,16,283,15,0
v1,8,22,1,late,16,283,15,0
v2,8,22,0,late,16,283,15,0
v2,8,22,1,late,16,283,15,0
v1,500,16,0,late,16,223,14,0
v1,500,16,1,late,16,223,14,0
v2,500,16,0,late,16,223,14,0
v2,500,16,1,late,16,223,14,0
v1,6,12,0,late,16,170,15,0
v1,6,12,1,late,16,170,15,0
v2,6,12,0,late,16,170,15,0
v2,6,12,1,late,16,170,15,0
v1,121,8,0,late,16,132,15,0
v1,121,8,1,late,16,132,15,0
v2,121,8,0,late,16,132,15,0
v2,121,8,1,late,16,132,15,0
v1,262,4,0,late,16,86,15,0
v1,262,4,1,late,16,86,15,0
v2,262,4,0,late,16,86,15,0
v2,262,4,1,late,16,86,15,0
v1,450,16,0,late,16,188,15,0
v1,450,16,1,late,16,188,15,0
v2,450,16,0,late,16,188,15,0
v2,450,16,1,late,16,188,15,0
v1,134,14,0,late,16,213,15,0
v1,134,14,1,late,16,213,15,0
v2,134,14,0,late,16,213,15,0
v2,134,14,1,late,16,213,15,0
v1,451,17,0,late,16,222,15,0
v1,451,17,1,late,16,222,15,0
v2,451,17,0,late,16,222,15,0
v2,451,17,1,late,16,222,15,0
v1,205,10,0,late,16,164,12,0
v1,205,10,1,late,16,164,12,0
v2,205,10,0,late,16,164,12,0
v2,205,10,1,late,16,164,12,0
v1,394,13,0,late,16,176,14,0
v1,394,13,1,late,16,176,14,0
v2,394,13,0,late,16,176,14,0
v2,394,13,1,late,16,176,14,0
v1,424,17,0,late,16,243,13,0
v1,424,17,1,late,16,243,13,0
v2,424,17,0,late,16,243,13,0
v2,424,17,1,late,16,243,13,0
v1,161,14,0,late,16,235,13,0
v1,161,14,1,late,16,235,13,0
v2,161,14,0,late,16,235,13,0
v2,161,14,1,late,16,235,13,0
v1,376,15,0,late,16,214,13,0
v1,376,15,1,late,16,214,13,0
v2,376,15,0,late,16,214,13,0
v2,376,15,1,late,16,214,13,0
v1,199,17,0,late,16,294,14,0
v1,199,17,1,late,16,294,14,0
v2,199,17,0,late,16,294,14,0
v2,199,17,1,late,16,294,14,0
v1,0,17,0,late,16,303,15,0
v1,0,17,1,late,16,303,15,0
v2,0,17,0,late,16,303,15,0
v2,0,17,1,late,16,303,15,0
v1,375,13,0,late,16,203,15,0
v1,375,13,1,late,16,203,15,0
v2,375,13,0,late,16,203,15,0
v2,375,13,1,late,16,203,15,0
v1,22,15,0,late,16,229,12,0
v1,22,15,1,late,16,229,12,0
v2,22,15,0,late,16,229,12,0
v2,22,15,1,late,16,229,12,0
v1,277,17,0,late,16,255,15,0
v1,277,17,1,late,16,255,15,0
v2,277,17,0,late,16,255,15,0
v2,277,17,1,late,16,255,15,0
v1,119,11,0,late,16,197,13,0
v1,119,11,1,late,16,197,13,0
v2,119,11,0,late,16,197,13,0
v2,119,11,1,late,16,197,13,0
v1,272,17,0,late,16,253,12,0
v1,272,17,1,late,16,253,12,0
v2,272,17,0,late,16,253,12,0
v2,272,17,1,late,16,253,12,0
v1,430,21,0,late,16,275,15,0
v1,430,21,1,late,16,275,15,0
v2,430,21,0,late,16,275,15,0
v2,430,21,1,late,16,275,15,0
v1,212,17,0,late,16,256,12,1
v1,212,17,1,late,16,256,12,0
v2,212,17,0,late,16,256,12,0
v2,212,17,1,late,16,256,12,0
v1,463,14,0,late,16,235,10,1
v1,463,14,1,late,16,235,10,0
v2,463,14,0,late,16,235,10,0
v2,463,14,1,late,16,235,10,0
v1,461,16,0,late,16,201,14,0
v1,461,16,1,late,16,201,14,0
v2,461,16,0,late,16,201,14,0
v2,461,16,1,late,16,201,14,0
v1,267,13,0,late,16,216,14,0
v1,267,13,1,late,16,216,14,0
v2,267,13,0,late,16,216,14,0
v2,267,13,1,late,16,216,14,0
v1,449,17,0,late,16,233,14,1
v1,449,17,1,late,16,233,14,0
v2,449,17,0,late,16,233,14,0
v2,449,17,1,late,16,233,14,0
v1,35,6,0,late,16,106,11,0
v1,35,6,1,late,16,106,11,0
v2,35,6,0,late,16,106,11,0
v2,35,6,1,late,16,106,11,0
v1,247,15,0,late,16,224,14,0
v1,247,15,1,late,16,224,14,0
v2,247,15,0,late,16,224,14,0
v2,247,15,1,late,16,224,14,0
v1,339,18,0,late,16,208,14,0
v1,339,18,1,late,16,208,14,0
v2,339,18,0,late,16,208,14,0
v2,339,18,1,late,16,208,14,0
v1,427,21,0,late,16,297,14,1
v1,427,21,1,late,16,297,14,0
v2,427,21,0,late,16,297,14,0
v2,427,21,1,late,16,297,14,0
v1,59,13,0,late,16,225,15,0
v1,59,13,1,late,16,225,15,0
v2,59,13,0,late,16,225,15,0
v2,59,13,1,late,16,225,15,0
v1,409,14,0,late,16,208,14,0
v1,409,14,1,late,16,208,14,0
v2,409,14,0,late,16,208,14,0
v2,409,14,1,late,16,208,14,0
v1,29,21,0,late,16,269,15,0
v1,29,21,1,late,16,269,15,0
v2,29,21,0,late,16,269,15,0
v2,29,21,1,late,16,269,15,0
v1,349,16,0,late,16,226,14,0
v1,349,16,1,late,16,226,14,0
v2,349,16,0,late,16,226,14,0
v2,349,16,1,late,16,226,14,0
v1,466,20,0,late,16,253,15,0
v1,466,20,1,late,16,253,15,1
v2,466,20,0,late,16,253,15,0
v2,466,20,1,late,16,253,15,0
v1,398,18,0,late,16,225,15,0
v1,398,18,1,late,16,225,15,0
v2,398,18,0,late,16,225,15,0
v2,398,18,1,late,16,225,15,0
v1,96,19,0,late,16,262,15,0
v1,96,19,1,late,16,262,15,0
v2,96,19,0,late,16,262,15,0
v2,96,19,1,late,16,262,15,0
v1,205,12,0,late,16,193,14,0
v1,205,12,1,late,16,193,14,1
v2,205,12,0,late,16,193,14,0
v2,205,12,1,late,16,193,14,0
v1,103,14,0,late,16,194,15,0
v1,103,14,1,late,16,194,15,1
v2,103,14,0,late,16,194,15,0
v2,103,14,1,late,16,194,15,0
v1,96,20,0,late,16,269,15,1
v1,96,20,1,late,16,269,15,0
v2,96,20,0,late,16,269,15,0
v2,96,20,1,late,16,269,15,0
v1,155,19,0,late,16,217,15,1
v1,155,19,1,late,16,217,15,1
v2,155,19,0,late,16,217,15,0
v2,155,19,1,late,16,217,15,0
v1,260,14,0,late,16,212,15,0
v1,260,14,1,late,16,212,15,0
v2,260,14,0,late,16,212,15,0
v2,260,14,1,late,16,212,15,0
v1,273,14,0,late,16,195,14,1
v1,273,14,1,late,16,195,14,0
v2,273,14,0,late,16,195,14,0
v2,273,14,1,late,16,195,14,0
v1,291,14,0,late,16,181,15,0
v1,291,14,1,late,16,181,15,0
v2,291,14,0,late,16,181,15,0
v2,291,14,1,late,16,181,15,0
v1,490,19,0,late,16,275,15,0
v1,490,19,1,late,16,275,15,0
v2,490,19,0,late,16,275,15,0
v2,490,19,1,late,16,275,15,0
v1,212,15,0,late,16,234,12,0
v1,212,15,1,late,16,234,12,0
v2,212,15,0,late,16,234,12,0
v2,212,15,1,late,16,234,12,0
v1,136,17,0,late,16,274,14,0
v1,136,17,1,late,16,274,14,0
v2,136,17,0,late,16,274,14,0
v2,136,17,1,late,16,274,14,0
v1,417,19,0,late,16,213,15,0
v1,417,19,1,late,16,213,15,0
v2,417,19,0,late,16,213,15,0
v2,417,19,1,late,16,213,15,0
v1,471,16,0,late,16,268,6,0
v1,471,16,1,late,16,268,6,0
v2,471,16,0,late,16,268,6,0
v2,471,16,1,late,16,268,6,0
v1,53,14,0,late,16,205,14,1
v1,53,14,1,late,16,205,14,0
v2,53,14,0,late,16,205,14,0
v2,53,14,1,late,16,205,14,0
v1,411,18,0,late,16,242,15,0
v1,411,18,1,late,16,242,15,0
v2,411,18,0,late,16,242,15,0
v2,411,18,1,late,16,242,15,0
v1,322,17,0,late,16,276,14,0
v1,322,17,1,late,16,276,14,0
v2,322,17,0,late,16,276,14,0
v2,322,17,1,late,16,276,14,0
v1,468,19,0,late,16,305,14,0
v1,468,19,1,late,16,305,14,0
v2,468,19,0,late,16,305,14,0
v2,468,19,1,late,16,305,14,0
v1,493,19,0,late,16,281,14,0
v1,493,19,1,late,16,281,14,0
v2,493,19,0,late,16,281,14,0
v2,493,19,1,late,16,281,14,0
v1,383,17,0,late,16,259,14,0
v1,383,17,1,late,16,259,14,1
v2,383,17,0,late,16,259,14,0
v2,383,17,1,late,16,259,14,0
v1,246,19,0,late,16,254,15,0
v1,246,19,1,late,16,254,15,0
v2,246,19,0,late,16,254,15,0
v2,246,19,1,late,16,254,15,0
v1,26,17,0,late,16,226,14,1
v1,26,17,1,late,16,226,14,0
v2,26,17,0,late,16,226,14,0
v2,26,17,1,late,16,226,14,0
v1,27,19,0,late,16,269,15,0
v1,27,19,1,late,16,269,15,0
v2,27,19,0,late,16,269,15,0
v2,27,19,1,late,16,269,15,0
v1,407,15,0,late,16,271,13,1
v1,407,15,1,late,16,271,13,0
v2,407,15,0,late,16,271,13,0
v2,407,15,1,late,16,271,13,0
v1,270,17,0,late,16,230,14,0
v1,270,17,1,late,16,230,14,0
v2,270,17,0,late,16,230,14,0
v2,270,17,1,late,16,230,14,0
v1,371,17,0,late,16,198,15,0
v1,371,17,1,late,16,198,15,0
v2,371,17,0,late,16,198,15,0
v2,371,17,1,late,16,198,15,0
v1,197,10,0,late,16,140,14,0
v1,197,10,1,late,16,140,14,1
v2,197,10,0,late,16,140,14,0
v2,197,10,1,late,16,140,14,0
v1,224,17,0,late,16,212,13,0
v1,224,17,1,late,16,212,13,0
v2,224,17,0,late,16,212,13,0
v2,224,17,1,late,16,212,13,0
v1,448,13,0,late,16,228,15,0
v1,448,13,1,late,16,228,15,0
v2,448,13,0,late,16,228,15,0
v2,448,13,1,late,16,228,15,0
v1,289,16,0,late,16,260,14,0
v1,289,16,1,late,16,260,14,0
v2,289,16,0,late,16,260,14,0
v2,289,16,1,late,16,260,14,0
v1,212,21,0,late,16,287,15,0
v1,212,21,1,late,16,287,15,0
v2,212,21,0,late,16,287,15,0
v2,212,21,1,late,16,287,15,0
v1,224,15,0,late,16,196,13,0
v1,224,15,1,late,16,196,13,0
v2,224,15,0,late,16,196,13,0
v2,224,15,1,late,16,196,13,0
v1,451,14,0,late,16,199,14,0
v1,451,14,1,late,16,199,14,0
v2,451,14,0,late,16,199,14,0
v2,451,14,1,late,16,199,14,0
v1,347,16,0,late,16,275,15,1
v1,347,16,1,late,16,275,15,0
v2,347,16,0,late,16,275,15,0
v2,347,16,1,late,16,275,15,0
v1,2,15,0,late,16,253,10,0
v1,2,15,1,late,16,253,10,1
v2,2,15,0,late,16,253,10,0
v2,2,15,1,late,16,253,10,0
v1,131,13,0,late,16,208,14,0
v1,131,13,1,late,16,208,14,0
v2,131,13,0,late,16,208,14,0
v2,131,13,1,late,16,208,14,0
v1,166,20,0,late,16,291,15,0
v1,166,20,1,late,16,291,15,0
v2,166,20,0,late,16,291,15,0
v2,166,20,1,late,16,291,15,0
v1,414,12,0,late,16,183,15,0
v1,414,12,1,late,16,183,15,0
v2,414,12,0,late,16,183,15,0
v2,414,12,1,late,16,183,15,0
v1,354,14,0,late,16,200,14,0
v1,354,14,1,late,16,200,14,0
v2,354,14,0,late,16,200,14,0
v2,354,14,1,late,16,200,14,0
v1,1,17,0,late,16,214,14,0
v1,1,17,1,late,16,214,14,0
v2,1,17,0,late,16,214,14,0
v2,1,17,1,late,16,214,14,0
v1,378,15,0,late,16,251,13,0
v1,378,15,1,late,16,251,13,0
v2,378,15,0,late,16,251,13,0
v2,378,15,1,late,16,251,13,0
v1,393,17,0,late,16,246,15,0
v1,393,17,1,late,16,246,15,0
v2,393,17,0,late,16,246,15,0
v2,393,17,1,late,16,246,15,0
v1,8,23,0,late,16,288,15,0
v1,8,23,1,late,16,288,15,0
v2,8,23,0,late,16,288,15,0
v2,8,23,1,late,16,288,15,0
v1,400,14,0,late,16,215,14,1
v1,400,14,1,late,16,215,14,0
v2,400,14,0,late,16,215,14,0
v2,400,14,1,late,16,215,14,0
v1,230,15,0,late,16,202,14,1
v1,230,15,1,late,16,202,14,1
v2,230,15,0,late,16,202,14,0
v2,230,15,1,late,16,202,14,0
v1,199,15,0,late,16,269,11,0
v1,199,15,1,late,16,269,11,0
v2,199,15,0,late,16,269,11,0
v2,199,15,1,late,16,269,11,0
v1,225,16,0,late,16,205,15,1
v1,225,16,1,late,16,205,15,0
v2,225,16,0,late,16,205,15,0
v2,225,16,1,late,16,205,15,0
v1,55,14,0,late,16,202,14,0
v1,55,14,1,late,16,202,14,1
v2,55,14,0,late,16,202,14,0
v2,55,14,1,late,16,202,14,0
v1,134,15,0,late,16,223,15,0
v1,134,15,1,late,16,223,15,0
v2,134,15,0,late,16,223,15,0
v2,134,15,1,late,16,223,15,0
v1,387,17,0,late,16,236,11,0
v1,387,17,1,late,16,236,11,0
v2,387,17,0,late,16,236,11,0
v2,387,17,1,late,16,236,11,0
v1,485,19,0,late,16,224,14,0
v1,485,19,1,late,16,224,14,0
v2,485,19,0,late,16,224,14,0
v2,485,19,1,late,16,224,14,0
v1,431,18,0,late,16,267,15,1
v1,431,18,1,late,16,267,15,1
v2,431,18,0,late,16,267,15,0
v2,431,18,1,late,16,267,15,0
v1,286,15,0,late,16,200,15,0
v1,286,15,1,late,16,200,15,0
v2,286,15,0,late,16,200,15,0
v2,286,15,1,late,16,200,15,0
v1,122,19,0,late,16,283,14,0
v1,122,19,1,late,16,283,14,0
v2,122,19,0,late,16,283,14,0
v2,122,19,1,late,16,283,14,0
v1,200,14,0,late,16,209,12,0
v1,200,14,1,late,16,209,12,0
v2,200,14,0,late,16,209,12,0
v2,200,14,1,late,16,209,12,0
v1,242,12,0,late,16,197,13,0
v1,242,12,1,late,16,197,13,0
v2,242,12,0,late,16,197,13,0
v2,242,12,1,late,16,197,13,0
v1,489,21,0,late,16,252,15,1
v1,489,21,1,late,16,252,15,0
v2,489,21,0,late,16,252,15,0
v2,489,21,1,late,16,252,15,0
v1,156,20,0,late,16,295,15,0
v1,156,20,1,late,16,295,15,0
v2,156,20,0,late,16,295,15,0
v2,156,20,1,late,16,295,15,0
v1,266,17,0,late,16,246,15,0
v1,266,17,1,late,16,246,15,1
v2,266,17,0,late,16,246,15,0
v2,266,17,1,late,16,246,15,0
v1,447,16,0,late,16,216,15,0
v1,447,16,1,late,16,216,15,0
v2,447,16,0,late,16,216,15,0
v2,447,16,1,late,16,216,15,0
v1,260,15,0,late,16,220,15,0
v1,260,15,1,late,16,220,15,0
v2,260,15,0,late,16,220,15,0
v2,260,15,1,late,16,220,15,0
v1,42,12,0,late,16,169,15,0
v1,42,12,1,late,16,169,15,0
v2,42,12,0,late,16,169,15,0
v2,42,12,1,late,16,169,15,0
v1,158,17,0,late,16,252,15,1
v1,158,17,1,late,16,252,15,0
v2,158,17,0,late,16,252,15,0
v2,158,17,1,late,16,252,15,0
v1,25,22,0,late,16,228,15,1
v1,25,22,1,late,16,228,15,0
v2,25,22,0,late,16,228,15,0
v2,25,22,1,late,16,228,15,0
v1,296,10,0,late,16,163,14,0
v1,296,10,1,late,16,163,14,1
v2,296,10,0,late,16,163,14,0
v2,296,10,1,late,16,163,14,0
v1,454,8,0,late,16,153,12,0
v1,454,8,1,late,16,153,12,0
v2,454,8,0,late,16,153,12,0
v2,454,8,1,late,16,153,12,0
v1,114,10,0,late,16,158,14,0
v1,114,10,1,late,16,158,14,0
v2,114,10,0,late,16,158,14,0
v2,114,10,1,late,16,158,14,0
v1,266,22,0,late,16,281,15,0
v1,266,22,1,late,16,281,15,0
v2,266,22,0,late,16,281,15,0
v2,266,22,1,late,16,281,15,0
v1,278,18,0,late,16,227,15,0
v1,278,18,1,late,16,227,15,1
v2,278,18,0,late,16,227,15,0
v2,278,18,1,late,16,227,15,0
v1,44,11,0,late,16,179,13,1
v1,44,11,1,late,16,179,13,0
v2,44,11,0,late,16,179,13,0
v2,44,11,1,late,16,179,13,0
v1,25,20,0,late,16,218,15,0
v1,25,20,1,late,16,218,15,0
v2,25,20,0,late,16,218,15,0
v2,25,20,1,late,16,218,15,0
v1,405,19,0,late,16,250,15,0
v1,405,19,1,late,16,250,15,0
v2,405,19,0,late,16,250,15,0
v2,405,19,1,late,16,250,15,0
v1,209,14,0,late,16,236,13,0
v1,209,14,1,late,16,236,13,0
v2,209,14,0,late,16,236,13,0
v2,209,14,1,late,16,236,13,0
v1,490,16,0,late,16,253,15,0
v1,490,16,1,late,16,253,15,0
v2,490,16,0,late,16,253,15,0
v2,490,16,1,late,16,253,15,0
v1,461,14,0,late,16,187,14,0
v1,461,14,1,late,16,187,14,0
v2,461,14,0,late,16,187,14,0
v2,461,14,1,late,16,187,14,0
v1,76,16,0,late,16,242,13,0
v1,76,16,1,late,16,242,13,0
v2,76,16,0,late,16,242,13,0
v2,76,16,1,late,16,242,13,0
v1,326,15,0,late,16,236,14,0
v1,326,15,1,late,16,236,14,0
v2,326,15,0,late,16,236,14,0
v2,326,15,1,late,16,236,14,0
v1,502,18,0,late,16,235,15,0
v1,502,18,1,late,16,235,15,0
v2,502,18,0,late,16,235,15,0
v2,502,18,1,late,16,235,15,0
v1,376,14,0,late,16,205,13,0
v1,376,14,1,late,16,205,13,0
v2,376,14,0,late,16,205,13,0
v2,376,14,1,late,16,205,13,0
v1,233,14,0,late,16,196,15,0
v1,233,14,1,late,16,196,15,0
v2,233,14,0,late,16,196,15,0
v2,233,14,1,late,16,196,15,0
v1,65,12,0,late,16,150,15,0
v1,65,12,1,late,16,150,15,0
v2,65,12,0,late,16,150,15,0
v2,65,12,1,late,16,150,15,0
v1,120,11,0,late,16,182,14,0
v1,120,11,1,late,16,182,14,0
v2,120,11,0,late,16,182,14,0
v2,120,11,1,late,16,182,14,0
v1,490,17,0,late,16,261,15,0
v1,490,17,1,late,16,261,15,0
v2,490,17,0,late,16,261,15,0
v2,490,17,1,late,16,261,15,0
v1,138,17,0,late,16,237,15,0
v1,138,17,1,late,16,237,15,0
v2,138,17,0,late,16,237,15,0
v2,138,17,1,late,16,237,15,0
v1,15,16,0,late,16,239,12,0
v1,15,16,1,late,16,239,12,0
v2,15,16,0,late,16,239,12,0
v2,15,16,1,late,16,239,12,0
v1,227,15,0,late,16,190,14,0
v1,227,15,1,late,16,190,14,0
v2,227,15,0,late,16,190,14,0
v2,227,15,1,late,16,190,14,0
v1,114,11,0,late,16,167,15,0
v1,114,11,1,late,16,167,15,1
v2,114,11,0,late,16,167,15,0
v2,114,11,1,late,16,167,15,0
v1,293,10,0,late,16,140,15,0
v1,293,10,1,late,16,140,15,0
v2,293,10,0,late,16,140,15,0
v2,293,10,1,late,16,140,15,0
v1,269,13,0,late,16,198,12,0
v1,269,13,1,late,16,198,12,0
v2,269,13,0,late,16,198,12,0
v2,269,13,1,late,16,198,12,0
v1,393,15,0,late,16,226,15,1
v1,393,15,1,late,16,226,15,0
v2,393,15,0,late,16,226,15,0
v2,393,15,1,late,16,226,15,0
v1,89,22,0,late,16,299,15,1
v1,89,22,1,late,16,299,15,0
v2,89,22,0,late,16,299,15,0
v2,89,22,1,late,16,299,15,0
v1,292,16,0,late,16,236,14,0
v1,292,16,1,late,16,236,14,0
v2,292,16,0,late,16,236,14,0
v2,292,16,1,late,16,236,14,0
v1,167,11,0,late,16,164,14,1
v1,167,11,1,late,16,164,14,0
v2,167,11,0,late,16,164,14,0
v2,167,11,1,late,16,164,14,0
v1,420,9,0,late,16,166,15,0
v1,420,9,1,late,16,166,15,1
v2,420,9,0,late,16,166,15,0
v2,420,9,1,late,16,166,15,0
v1,9,16,0,late,16,220,14,1
v1,9,16,1,late,16,220,14,0
v2,9,16,0,late,16,220,14,0
v2,9,16,1,late,16,220,14,0
v1,165,17,0,late,16,233,15,0
v1,165,17,1,late,16,233,15,0
v2,165,17,0,late,16,233,15,0
v2,165,17,1,late,16,233,15,0
v1,93,17,0,late,16,274,14,0
v1,93,17,1,late,16,274,14,0
v2,93,17,0,late,16,274,14,0
v2,93,17,1,late,16,274,14,0
v1,430,20,0,late,16,269,14,0
v1,430,20,1,late,16,269,14,1
v2,430,20,0,late,16,269,14,0
v2,430,20,1,late,16,269,14,0
v1,459,17,0,late,16,232,14,0
v1,459,17,1,late,16,232,14,0
v2,459,17,0,late,16,232,14,0
v2,459,17,1,late,16,232,14,0
v1,416,15,0,late,16,220,15,0
v1,416,15,1,late,16,220,15,0
v2,416,15,0,late,16,220,15,0
v2,416,15,1,late,16,220,15,0
v1,76,19,0,late,16,272,13,0
v1,76,19,1,late,16,272,13,0
v2,76,19,0,late,16,272,13,0
v2,76,19,1,late,16,272,13,0
v1,298,20,0,late,16,283,15,0
v1,298,20,1,late,16,283,15,0
v2,298,20,0,late,16,283,15,0
v2,298,20,1,late,16,283,15,0
v1,248,17,0,late,16,229,15,0
v1,248,17,1,late,16,229,15,0
v2,248,17,0,late,16,229,15,0
v2,248,17,1,late,16,229,15,0
v1,316,18,0,late,16,250,15,0
v1,316,18,1,late,16,250,15,0
v2,316,18,0,late,16,250,15,0
v2,316,18,1,late,16,250,15,0
v1,83,17,0,late,16,260,14,1
v1,83,17,1,late,16,260,14,1
v2,83,17,0,late,16,260,14,0
v2,83,17,1,late,16,260,14,0
v1,295,9,0,late,16,142,14,0
v1,295,9,1,late,16,142,14,0
v2,295,9,0,late,16,142,14,0
v2,295,9,1,late,16,142,14,0
v1,310,17,0,late,16,204,15,0
v1,310,17,1,late,16,204,15,0
v2,310,17,0,late,16,204,15,0
v2,310,17,1,late,16,204,15,0
v1,47,18,0,late,16,242,13,0
v1,47,18,1,late,16,242,13,0
v2,47,18,0,late,16,242,13,0
v2,47,18,1,late,16,242,13,0
v1,443,19,0,late,16,222,14,0
v1,443,19,1,late,16,222,14,0
v2,443,19,0,late,16,222,14,0
v2,443,19,1,late,16,222,14,0
v1,154,9,0,late,16,162,12,0
v1,154,9,1,late,16,162,12,1
v2,154,9,0,late,16,162,12,0
v2,154,9,1,late,16,162,12,0
v1,377,19,0,late,16,229,15,0
v1,377,19,1,late,16,229,15,0
v2,377,19,0,late,16,229,15,0
v2,377,19,1,late,16,229,15,0
v1,314,13,0,late,16,208,15,0
v1,314,13,1,late,16,208,15,0
v2,314,13,0,late,16,208,15,0
v2,314,13,1,late,16,208,15,0
v1,396,20,0,late,16,268,15,1
v1,396,20,1,late,16,268,15,0
v2,396,20,0,late,16,268,15,0
v2,396,20,1,late,16,268,15,0
v1,74,15,0,late,16,271,13,0
v1,74,15,1,late,16,271,13,0
v2,74,15,0,late,16,271,13,0
v2,74,15,1,late,16,271,13,0
v1,404,9,0,late,16,154,13,0
v1,404,9,1,late,16,154,13,1
v2,404,9,0,late,16,154,13,0
v2,404,9,1,late,16,154,13,0
v1,39,16,0,late,16,192,14,1
v1,39,16,1,late,16,192,14,0
v2,39,16,0,late,16,192,14,0
v2,39,16,1,late,16,192,14,0
v1,360,17,0,late,16,236,14,0
v1,360,17,1,late,16,236,14,0
v2,360,17,0,late,16,236,14,0
v2,360,17,1,late,16,236,14,0
v1,284,14,0,late,16,215,14,0
v1,284,14,1,late,16,215,14,0
v2,284,14,0,late,16,215,14,0
v2,284,14,1,late,16,215,14,0
v1,146,13,0,late,16,165,15,0
v1,146,13,1,late,16,165,15,0
v2,146,13,0,late,16,165,15,0
v2,146,13,1,late,16,165,15,0
v1,163,12,0,late,16,197,14,0
v1,163,12,1,late,16,197,14,0
v2,163,12,0,late,16,197,14,0
v2,163,12,1,late,16,197,14,0
v1,66,9,0,late,16,157,14,0
v1,66,9,1,late,16,157,14,0
v2,66,9,0,late,16,157,14,0
v2,66,9,1,late,16,157,14,0
v1,322,20,0,late,16,303,14,0
v1,322,20,1,late,16,303,14,0
v2,322,20,0,late,16,303,14,0
v2,322,20,1,late,16,303,14,0
v1,224,19,0,late,16,228,13,0
v1,224,19,1,late,16,228,13,0
v2,224,19,0,late,16,228,13,0
v2,224,19,1,late,16,228,13,0
v1,283,15,0,late,16,229,13,0
v1,283,15,1,late,16,229,13,0
v2,283,15,0,late,16,229,13,0
v2,283,15,1,late,16,229,13,0
v1,80,15,0,late,16,230,15,0
v1,80,15,1,late,16,230,15,0
v2,80,15,0,late,16,230,15,0
v2,80,15,1,late,16,230,15,0
v1,479,21,0,late,16,272,15,0
v1,479,21,1,late,16,272,15,0
v2,479,21,0,late,16,272,15,0
v2,479,21,1,late,16,272,15,0
v1,239,14,0,late,16,246,13,0
v1,239,14,1,late,16,246,13,0
v2,239,14,0,late,16,246,13,0
v2,239,14,1,late,16,246,13,0
v1,327,21,0,late,16,281,15,0
v1,327,21,1,late,16,281,15,1
v2,327,21,0,late,16,281,15,0
v2,327,21,1,late,16,281,15,0
v1,55,19,0,late,16,237,15,1
v1,55,19,1,late,16,237,15,0
v2,55,19,0,late,16,237,15,0
v2,55,19,1,late,16,237,15,0
v1,264,12,0,late,16,193,14,0
v1,264,12,1,late,16,193,14,0
v2,264,12,0,late,16,193,14,0
v2,264,12,1,late,16,193,14,0
v1,365,8,0,late,16,130,15,0
v1,365,8,1,late,16,130,15,0
v2,365,8,0,late,16,130,15,0
v2,365,8,1,late,16,130,15,0
v1,170,12,0,late,16,170,15,0
v1,170,12,1,late,16,170,15,0
v2,170,12,0,late,16,170,15,0
v2,170,12,1,late,16,170,15,0
v1,200,15,0,late,16,219,12,1
v1,200,15,1,late,16,219,12,1
v2,200,15,0,late,16,219,12,0
v2,200,15,1,late,16,219,12,0
v1,230,18,0,late,16,229,15,0
v1,230,18,1,late,16,229,15,0
v2,230,18,0,late,16,229,15,0
v2,230,18,1,late,16,229,15,0
