id,step,N,confirmed,residual,planned_discovery_cost,belief_hit,R12_hit,residual_quartile
0,0,12,0,7778.525816,6716.991993972456,1.0,1.0,Q4_high
0,1,12,4,7659.525816,6882.02770730918,1.0,1.0,Q4_high
0,2,12,6,7138.900949000001,6308.547143873665,1.0,0.0,Q4_high
0,3,12,6,6741.360712000001,5655.182783943444,1.0,0.0,Q4_high
0,4,12,6,6069.379948,4919.985673126947,1.0,1.0,Q4_high
0,5,12,7,5895.3862690000005,4888.009850640818,1.0,0.0,Q4_high
0,6,12,7,5768.404126,4761.02770730918,1.0,0.0,Q4_high
0,7,12,7,5481.720937,4474.344518312075,1.0,1.0,Q4_high
0,8,12,8,5198.720937,4191.344518312075,1.0,0.0,Q4_high
0,9,12,8,4866.06761,3830.2370788656212,1.0,0.0,Q3
0,10,12,8,4240.992050000001,3466.743160393475,1.0,0.0,Q3
0,11,12,8,3958.9102190000003,3184.6613293149703,1.0,1.0,Q3
0,12,12,9,3687.9102190000003,2913.6613293149703,1.0,1.0,Q3
0,13,12,10,3396.1885780000002,2606.572500822254,1.0,1.0,Q3
0,14,12,11,3196.817948,2413.204839032229,1.0,0.0,Q2
0,15,12,11,2797.3524370000005,2253.443278499667,1.0,0.0,Q2
0,16,12,11,2417.9051550000004,1873.995996986228,0.0,0.0,Q2
0,17,12,11,2314.923012,1771.01385365459,0.0,1.0,Q2
0,18,12,12,2052.239823,1508.3306646574852,0.0,0.0,Q2
0,19,12,12,1388.5809600000002,1273.6100375664676,0.0,0.0,Q1_low
0,20,12,12,1045.301587,930.3306646574853,0.0,0.0,Q1_low
0,21,12,12,954.3194440000007,839.3485213258475,0.0,0.0,Q1_low
0,22,12,12,703.6362550000003,588.6653323287426,0.0,0.0,Q1_low
0,23,12,12,456.63625500000035,341.66533232874264,0.0,0.0,Q1_low
0,24,12,12,211.84469700000045,211.84469721118415,0.0,0.0,Q1_low
1,0,11,0,7606.615404,6716.991993972456,1.0,1.0,Q4_high
1,1,11,3,7487.615404,6882.02770730918,1.0,1.0,Q4_high
1,2,11,5,6931.18347,6004.281697246626,1.0,1.0,Q4_high
1,3,11,6,6776.911623,5850.0098506408185,1.0,0.0,Q4_high
1,4,11,6,6504.6006,5467.8903744029385,1.0,0.0,Q4_high
1,5,11,6,6171.353698,5138.326661643713,1.0,1.0,Q4_high
1,6,11,7,5876.353698,4843.326661643713,1.0,0.0,Q4_high
1,7,11,7,5737.371555,4704.344518312076,1.0,0.0,Q4_high
1,8,11,7,5438.688366,4405.66132931497,1.0,0.0,Q4_high
1,9,11,7,4960.133989,4002.69489456875,1.0,0.0,Q3
1,10,11,7,3832.817746,3446.398743288962,1.0,1.0,Q3
1,11,11,9,3534.398913,3267.190318238572,1.0,0.0,Q3
1,12,11,9,3386.905637,3119.697042651695,1.0,0.0,Q3
1,13,11,9,3277.9234940000006,3010.7148993200576,1.0,0.0,Q2
1,14,11,9,3009.2403050000003,2742.0317103229527,1.0,1.0,Q2
1,15,11,11,2744.2403050000003,2477.0317103229527,0.0,0.0,Q2
1,16,11,11,2241.503522,2237.475840077669,0.0,0.0,Q2
1,17,11,11,2111.3583470000003,2107.330664657485,0.0,0.0,Q2
1,18,11,11,1858.3583470000003,1854.3306646574852,0.0,0.0,Q2
1,19,11,11,1605.3583470000003,1601.3306646574852,0.0,0.0,Q1_low
1,20,11,11,1508.3762040000001,1504.3485213258475,0.0,0.0,Q1_low
1,21,11,11,746.960384,746.9603848286632,0.0,0.0,Q1_low
1,22,11,11,588.6653320000005,588.6653323287426,0.0,0.0,Q1_low
1,23,11,11,341.6653320000005,341.6653323287427,0.0,0.0,Q1_low
1,24,11,11,250.6831890000003,250.68318899710488,0.0,0.0,Q1_low
2,0,14,0,6705.604465,6716.991993972456,1.0,1.0,Q4_high
2,1,14,7,6586.604465,6882.02770730918,1.0,0.0,Q4_high
2,2,14,7,6176.008769,6146.863091653032,1.0,1.0,Q4_high
2,3,14,8,5344.134651,5164.418565333257,1.0,1.0,Q4_high
2,4,14,9,5036.680560000001,4763.576127914432,1.0,0.0,Q3
2,5,14,9,4895.413237000001,4622.308804975351,1.0,0.0,Q3
2,6,14,9,4618.413237000001,4345.308804975351,1.0,0.0,Q3
2,7,14,9,4497.4310940000005,4224.326661643713,1.0,0.0,Q3
2,8,14,9,4014.5785350000006,3814.3221012630625,1.0,0.0,Q3
2,9,14,9,3770.8999060000006,3570.643472646608,1.0,0.0,Q3
2,10,14,9,3655.9177630000004,3455.6613293149708,1.0,0.0,Q3
2,11,14,9,3381.2345740000005,3180.978140317866,1.0,0.0,Q3
2,12,14,9,3110.2345740000005,2909.978140317866,1.0,0.0,Q2
2,13,14,9,2995.2524310000003,2794.995996986228,1.0,1.0,Q2
2,14,14,10,2720.5692420000005,2520.312807989123,1.0,0.0,Q2
2,15,14,10,2302.173799,2071.2943953652143,1.0,1.0,Q2
2,16,14,12,2155.192212,1924.312807989123,1.0,0.0,Q2
2,17,14,12,2046.2100690000007,1815.3306646574852,1.0,0.0,Q2
2,18,14,12,1576.1662130000004,1332.368892654588,1.0,1.0,Q1_low
2,19,14,14,1449.7616070000004,1205.9642866632755,0.0,0.0,Q1_low
2,20,14,14,1170.3366860000006,1083.5554987575802,0.0,0.0,Q1_low
2,21,14,14,957.6929090000003,907.5787936020567,0.0,0.0,Q1_low
2,22,14,14,814.7794480000002,764.6653323287426,0.0,0.0,Q1_low
2,23,14,14,570.0962589999999,519.9821433316378,0.0,0.0,Q1_low
2,24,14,14,114.09402800000043,114.0940279003799,0.0,0.0,Q1_low
3,0,10,0,6808.465022,6716.991993972456,1.0,1.0,Q4_high
3,1,10,5,6689.465022,6882.02770730918,1.0,1.0,Q4_high
3,2,10,6,6227.520397,6177.394411579166,1.0,1.0,Q4_high
3,3,10,7,5922.226547,5780.245577968394,1.0,0.0,Q4_high
3,4,10,7,5707.008676,5565.02770730918,1.0,0.0,Q4_high
3,5,10,7,5568.026533,5426.045563977543,1.0,0.0,Q4_high
3,6,10,7,5269.343344000001,5127.362374980437,1.0,1.0,Q4_high
3,7,10,8,4974.343344000001,4832.362374980437,1.0,0.0,Q3
3,8,10,8,4835.361201000001,4693.3802316488,1.0,0.0,Q3
3,9,10,8,4370.048006000001,4059.69542860932,1.0,0.0,Q3
3,10,10,8,4178.031763000001,3867.679185983333,1.0,0.0,Q3
3,11,10,8,3564.2139370000004,3401.7513847103187,1.0,1.0,Q3
3,12,10,10,3202.999447,3134.3848052613575,0.0,0.0,Q2
3,13,10,10,3005.330291,2898.8570264389105,0.0,0.0,Q2
3,14,10,10,2675.9831030000005,2592.910101536784,0.0,0.0,Q2
3,15,10,10,2496.421523,2413.3485213258473,0.0,0.0,Q2
3,16,10,10,2237.421523,2154.3485213258473,0.0,0.0,Q2
3,17,10,10,2134.4393800000007,2051.3663779942094,0.0,0.0,Q2
3,18,10,10,1871.7561910000004,1788.6831889971047,0.0,0.0,Q2
3,19,10,10,1375.1091880000004,1375.1091885087926,0.0,0.0,Q1_low
3,20,10,10,956.6474750000007,956.6474756603805,0.0,0.0,Q1_low
3,21,10,10,703.6474750000007,703.6474756603805,0.0,0.0,Q1_low
3,22,10,10,606.6653320000005,606.6653323287426,0.0,0.0,Q1_low
3,23,10,10,349.9821430000002,349.98214333163776,0.0,0.0,Q1_low
3,24,10,10,96.98214300000018,96.98214333163779,0.0,0.0,Q1_low
4,0,15,0,7464.343625,6716.991993972456,1.0,1.0,Q4_high
4,1,15,5,7345.343625,6882.02770730918,1.0,1.0,Q4_high
4,2,15,8,6850.407086,5995.152662508521,1.0,0.0,Q4_high
4,3,15,8,6308.55515,5715.145013669409,1.0,0.0,Q4_high
4,4,15,8,6138.736798,5545.326661643713,1.0,0.0,Q4_high
4,5,15,8,5993.754655000001,5400.344518312075,1.0,0.0,Q4_high
4,6,15,8,5402.906328000001,4718.405289992674,1.0,1.0,Q4_high
4,7,15,10,5051.712847000001,4284.384878091819,1.0,1.0,Q3
4,8,15,11,4762.438178,4064.9607275764047,1.0,0.0,Q3
4,9,15,11,4605.8219690000005,3908.3445183120757,1.0,0.0,Q3
4,10,15,11,4003.9823550000006,3555.9416430311467,1.0,1.0,Q3
4,11,15,12,3690.7198980000003,3242.6791859833324,1.0,1.0,Q3
4,12,15,13,3330.847304000001,2962.517056459961,1.0,0.0,Q3
4,13,15,13,3106.2960310000008,2683.1829403931647,1.0,1.0,Q2
4,14,15,14,2891.1269440000005,2468.01385365459,0.0,0.0,Q2
4,15,15,14,2489.082254000001,2209.923789463901,0.0,0.0,Q2
4,16,15,14,2187.172318000001,1908.01385365459,0.0,0.0,Q2
4,17,15,14,2096.1901750000006,1817.0317103229522,0.0,0.0,Q2
4,18,15,14,1627.2410200000004,1440.1320889581118,0.0,0.0,Q1_low
4,19,15,14,1289.1523000000007,1208.8260236738809,0.0,1.0,Q1_low
4,20,15,15,1144.2954820000004,1063.9692054584054,0.0,0.0,Q1_low
4,21,15,15,950.3123140000007,950.3123145773309,0.0,0.0,Q1_low
4,22,15,15,516.6653320000005,516.6653323287426,0.0,0.0,Q1_low
4,23,15,15,293.6653320000005,293.66533232874264,0.0,0.0,Q1_low
4,24,15,15,226.6831890000003,226.68318899710482,0.0,0.0,Q1_low
5,0,10,0,6760.492319,6716.991993972456,1.0,1.0,Q4_high
5,1,10,2,6641.492319,6882.02770730918,1.0,1.0,Q4_high
5,2,10,3,6159.524568,6285.828854739065,1.0,1.0,Q4_high
5,3,10,4,5831.724975,5611.649516149858,1.0,0.0,Q4_high
5,4,10,4,5623.384264,5403.308804975351,1.0,0.0,Q4_high
5,5,10,4,5322.384264,5102.308804975351,1.0,0.0,Q4_high
5,6,10,4,5177.402121,4957.326661643713,1.0,0.0,Q4_high
5,7,10,4,4872.718932,4652.643472646609,1.0,1.0,Q3
5,8,10,5,4571.718932,4351.643472646609,1.0,0.0,Q3
5,9,10,5,4119.828371,3901.731673115807,1.0,0.0,Q3
5,10,10,5,3940.074838,3721.978140317866,1.0,0.0,Q3
5,11,10,5,3651.074838,3432.978140317866,1.0,1.0,Q3
5,12,10,6,3150.209355,2924.453224972139,1.0,0.0,Q2
5,13,10,6,3008.73427,2782.9781403178654,1.0,0.0,Q2
5,14,10,6,2881.7521269999997,2655.9959969862275,1.0,0.0,Q2
5,15,10,6,2595.0689380000003,2369.312807989123,1.0,1.0,Q2
5,16,10,8,2312.0689380000003,2086.312807989123,1.0,0.0,Q2
5,17,10,8,2185.086795,1959.3306646574852,1.0,0.0,Q2
5,18,10,8,1749.1107700000002,1564.2594411788723,1.0,1.0,Q2
5,19,10,9,1415.3590020000001,1242.8085339823326,1.0,1.0,Q1_low
5,20,10,10,1008.6374299999998,985.3777593033535,0.0,0.0,Q1_low
5,21,10,10,753.1457469999996,753.1457477376623,0.0,0.0,Q1_low
5,22,10,10,606.6653319999996,606.6653323287426,0.0,0.0,Q1_low
5,23,10,10,349.9821430000002,349.98214333163776,0.0,0.0,Q1_low
5,24,10,10,96.98214300000018,96.98214333163779,0.0,0.0,Q1_low
6,0,13,0,6907.970679,6716.991993972456,1.0,1.0,Q4_high
6,1,13,8,6788.970679,6882.02770730918,1.0,1.0,Q4_high
6,2,13,9,6351.8477330000005,6063.475930997477,1.0,0.0,Q4_high
6,3,13,9,5517.186517,5094.339686769777,1.0,0.0,Q4_high
6,4,13,9,5056.79781,4702.937770743541,0.0,1.0,Q3
6,5,13,10,4753.655795000001,4343.784646457503,1.0,1.0,Q3
6,6,13,11,4575.709506,4165.838357195124,1.0,0.0,Q3
6,7,13,11,4211.49075,3654.948732037086,1.0,0.0,Q3
6,8,13,11,4135.886536,3579.3445183120753,0.0,1.0,Q3
6,9,13,12,3888.886536,3332.3445183120757,1.0,0.0,Q3
6,10,13,12,3641.886536,3085.3445183120757,1.0,0.0,Q3
6,11,13,12,3550.904393,2994.3623749804374,1.0,0.0,Q3
6,12,13,12,3300.221204,2743.6791859833324,1.0,0.0,Q2
6,13,13,12,3049.538015,2492.9959969862275,1.0,0.0,Q2
6,14,13,12,2958.555872,2402.01385365459,1.0,0.0,Q2
6,15,13,12,2711.555872,2155.01385365459,1.0,1.0,Q2
6,16,13,13,2122.3735939999997,1828.0950490343246,0.0,0.0,Q2
6,17,13,13,1765.274542,1470.995996986228,0.0,0.0,Q2
6,18,13,13,1680.292399,1386.01385365459,0.0,0.0,Q1_low
6,19,13,13,1435.6092099999996,1141.3306646574852,0.0,0.0,Q1_low
6,20,13,13,1194.6092099999996,900.3306646574853,0.0,0.0,Q1_low
6,21,13,13,1109.6270670000004,815.3485213258475,0.0,0.0,Q1_low
6,22,13,13,864.943878,570.6653323287426,0.0,0.0,Q1_low
6,23,13,13,623.943878,329.66533232874264,0.0,0.0,Q1_low
6,24,13,13,538.9617349999999,244.68318899710482,0.0,0.0,Q1_low
7,0,15,0,7061.757053,6716.991993972456,1.0,1.0,Q4_high
7,1,15,5,6942.757053,6882.02770730918,0.0,1.0,Q4_high
7,2,15,8,6299.889812,6051.114981328905,0.0,0.0,Q4_high
7,3,15,8,5962.284235,5490.554487381387,0.0,0.0,Q4_high
7,4,15,8,5820.721742,5348.991993972456,0.0,0.0,Q4_high
7,5,15,8,5687.739599,5216.0098506408185,0.0,0.0,Q4_high
7,6,15,8,5166.157456000001,4626.898347500901,0.0,1.0,Q4_high
7,7,15,9,5065.585770000001,4526.326661643713,0.0,0.0,Q3
7,8,15,9,4594.944263,3869.7632382484526,0.0,1.0,Q3
7,9,15,10,4451.842354,3726.6613293149703,0.0,1.0,Q3
7,10,15,11,3842.50766,3247.5972481397703,0.0,0.0,Q3
7,11,15,11,3753.5895980000005,3158.679185983333,0.0,0.0,Q3
7,12,15,11,3650.6074550000003,3055.697042651695,0.0,0.0,Q3
7,13,15,11,3387.9242660000004,2793.01385365459,0.0,0.0,Q3
7,14,15,11,3128.9242660000004,2534.01385365459,1.0,0.0,Q2
7,15,15,11,3025.9421230000003,2431.031710322952,1.0,1.0,Q2
7,16,15,12,2763.2589340000004,2168.3485213258473,1.0,0.0,Q2
7,17,15,12,2357.6792510000005,1916.4209844421073,1.0,1.0,Q2
7,18,15,14,1920.9393150000005,1631.6879370826823,0.0,1.0,Q2
7,19,15,15,1818.5820430000003,1529.3306646574852,0.0,0.0,Q2
7,20,15,15,1367.0048310000002,1296.407153392854,0.0,0.0,Q1_low
7,21,15,15,1222.2630100000006,1151.6653323287426,0.0,0.0,Q1_low
7,22,15,15,993.2630100000006,922.6653323287426,0.0,0.0,Q1_low
7,23,15,15,920.2808670000004,849.6831889971048,0.0,0.0,Q1_low
7,24,15,15,687.5976780000001,617.0,0.0,0.0,Q1_low
8,0,15,0,6622.068472,6716.991993972456,1.0,1.0,Q4_high
8,1,15,6,6503.068472,6882.02770730918,1.0,0.0,Q4_high
8,2,15,6,5603.59099,5654.877003502923,1.0,1.0,Q4_high
8,3,15,7,5209.841716,5349.174333258811,1.0,0.0,Q4_high
8,4,15,7,5031.677233,5028.991993972456,1.0,0.0,Q3
8,5,15,7,4904.69509,4902.0098506408185,1.0,1.0,Q3
8,6,15,9,4618.011901,4615.326661643713,1.0,1.0,Q3
8,7,15,12,4335.011901,4332.326661643713,1.0,0.0,Q3
8,8,15,12,4052.011901,4049.326661643713,1.0,0.0,Q3
8,9,15,12,3582.87633,3538.166954132999,1.0,1.0,Q3
8,10,15,13,3222.843712,3128.316068242666,1.0,1.0,Q2
8,11,15,15,2747.450021,2660.1812096049875,0.0,0.0,Q2
8,12,15,15,2603.621158,2534.444449717251,0.0,0.0,Q2
8,13,15,15,2367.5390829999997,2298.362374980438,0.0,0.0,Q2
8,14,15,15,2134.8558940000003,2065.679185983333,0.0,0.0,Q2
8,15,15,15,1902.172705,1832.995996986228,0.0,0.0,Q2
8,16,15,15,1673.172705,1603.995996986228,0.0,0.0,Q1_low
8,17,15,15,1600.1905619999998,1531.01385365459,0.0,0.0,Q1_low
8,18,15,15,1367.5073730000004,1298.3306646574852,0.0,0.0,Q1_low
8,19,15,15,927.2010449999998,927.2010459505279,0.0,0.0,Q1_low
8,20,15,15,810.3306640000001,810.3306646574854,0.0,0.0,Q1_low
8,21,15,15,743.3485209999999,743.3485213258475,0.0,0.0,Q1_low
8,22,15,15,516.6653319999996,516.6653323287426,0.0,0.0,Q1_low
8,23,15,15,293.6653319999996,293.6653323287427,0.0,0.0,Q1_low
8,24,15,15,226.6831890000003,226.68318899710488,0.0,0.0,Q1_low
9,0,11,0,7750.727141,6716.991993972456,1.0,1.0,Q4_high
9,1,11,3,7631.727141,6882.02770730918,1.0,1.0,Q4_high
9,2,11,4,7195.600636,6189.277138280944,1.0,0.0,Q4_high
9,3,11,4,6988.333348,5982.0098506408185,1.0,0.0,Q4_high
9,4,11,4,6546.865812,5587.193198442815,1.0,1.0,Q4_high
9,5,11,6,6360.017132000001,5400.344518312075,1.0,0.0,Q4_high
9,6,11,6,5836.19004,5169.257683567462,1.0,1.0,Q4_high
9,7,11,7,5494.489639,4776.630472548555,1.0,1.0,Q4_high
9,8,11,8,5074.469862,4332.658968342244,1.0,0.0,Q3
9,9,11,8,4900.4900800000005,4297.01385365459,1.0,0.0,Q3
9,10,11,8,4623.4900800000005,3877.995996986228,1.0,0.0,Q3
9,11,11,8,4502.507937,3757.01385365459,1.0,0.0,Q3
9,12,11,8,4221.824748000001,3476.3306646574856,1.0,0.0,Q3
9,13,11,8,3368.5980560000007,2682.135912209125,1.0,1.0,Q3
9,14,11,9,3206.7749520000007,2520.312807989123,0.0,0.0,Q2
9,15,11,9,2935.7749520000007,2249.312807989123,0.0,0.0,Q2
9,16,11,9,2664.7749520000007,1978.312807989123,0.0,1.0,Q2
9,17,11,10,2549.7928090000005,1863.3306646574852,0.0,1.0,Q2
9,18,11,11,2074.270087,1545.606034807401,0.0,0.0,Q2
9,19,11,11,1597.0049520000002,1313.7428349070365,0.0,0.0,Q1_low
9,20,11,11,1155.34274,1027.6450657274197,0.0,0.0,Q1_low
9,21,11,11,831.3451500000001,703.6474756603805,0.0,0.0,Q1_low
9,22,11,11,734.3630069999999,606.6653323287426,0.0,0.0,Q1_low
9,23,11,11,477.6798180000005,349.9821433316378,0.0,0.0,Q1_low
9,24,11,11,224.67981800000052,96.98214333163783,0.0,0.0,Q1_low
10,0,16,0,4931.054167,6716.991993972456,1.0,1.0,Q3
10,1,16,8,4812.054167,6882.02770730918,1.0,1.0,Q3
10,2,16,10,4275.5284010000005,5899.646301498267,1.0,1.0,Q3
10,3,16,11,3890.8739860000005,5452.85016402769,1.0,0.0,Q3
10,4,16,11,3715.3326270000002,5277.308804975351,1.0,0.0,Q3
10,5,16,11,3420.3326270000002,4982.308804975351,1.0,0.0,Q3
10,6,16,11,3281.3504840000005,4843.326661643713,1.0,0.0,Q2
10,7,16,11,2728.127144,4289.078339996508,1.0,0.0,Q2
10,8,16,11,2586.692277,4147.643472646609,1.0,0.0,Q2
10,9,16,11,2202.451496,3904.853951348386,1.0,1.0,Q2
10,10,16,12,1900.5339630000003,3546.2726535506076,1.0,1.0,Q2
10,11,16,15,1286.5921720000001,2764.608504615705,1.0,1.0,Q1_low
11,0,10,0,6611.79657,6716.991993972456,1.0,1.0,Q4_high
11,1,10,7,6492.79657,6882.02770730918,0.0,1.0,Q4_high
11,2,10,8,5778.78725,5753.558559893179,0.0,1.0,Q4_high
11,3,10,9,5186.034221,5044.979415056139,0.0,0.0,Q4_high
11,4,10,9,5044.0468,4902.991993972456,0.0,0.0,Q3
11,5,10,9,4773.950355000001,4725.124414851519,0.0,0.0,Q3
11,6,10,9,4578.1704580000005,4529.344518312076,0.0,0.0,Q3
11,7,10,9,4307.1704580000005,4258.344518312076,0.0,0.0,Q3
11,8,10,9,4192.188315,4143.362374980437,0.0,0.0,Q3
11,9,10,9,3917.5051260000005,3868.679185983333,0.0,0.0,Q3
11,10,10,9,3448.7946980000006,3239.7957842585774,0.0,0.0,Q3
11,11,10,9,3309.6602430000003,3100.6613293149703,1.0,0.0,Q2
11,12,10,9,3044.6602430000003,2835.6613293149703,1.0,0.0,Q2
11,13,10,9,2935.6781000000005,2726.679185983333,1.0,0.0,Q2
11,14,10,9,2666.9949110000002,2457.995996986228,1.0,0.0,Q2
11,15,10,9,2401.9949110000007,2192.995996986228,1.0,0.0,Q2
11,16,10,9,2293.0127680000005,2084.01385365459,1.0,0.0,Q2
11,17,10,9,2024.3295790000002,1815.3306646574852,1.0,0.0,Q2
11,18,10,9,1581.2345560000003,1561.858794890995,1.0,1.0,Q1_low
11,19,10,10,1268.7064260000006,1249.3306646574852,0.0,0.0,Q1_low
11,20,10,10,1165.7242830000005,1146.3485213258475,0.0,0.0,Q1_low
11,21,10,10,804.4870450000008,804.4870455289808,0.0,0.0,Q1_low
11,22,10,10,606.6653320000005,606.6653323287426,0.0,0.0,Q1_low
11,23,10,10,353.6653320000005,353.6653323287427,0.0,0.0,Q1_low
11,24,10,10,256.6831890000003,256.6831889971049,0.0,0.0,Q1_low
12,0,11,0,6772.18724,6716.991993972456,1.0,1.0,Q4_high
12,1,11,3,6653.18724,6882.02770730918,1.0,1.0,Q4_high
12,2,11,5,6122.1892370000005,6012.260985348801,1.0,0.0,Q4_high
12,3,11,5,5956.254913000001,5846.326661643712,1.0,0.0,Q4_high
12,4,11,5,5655.254913000001,5545.326661643713,1.0,0.0,Q4_high
12,5,11,5,5333.002735,5013.081653404771,1.0,0.0,Q4_high
12,6,11,5,5163.247743,4843.326661643713,1.0,0.0,Q4_high
12,7,11,5,4868.247743,4548.326661643713,1.0,1.0,Q3
12,8,11,6,4573.247743,4253.326661643713,1.0,0.0,Q3
12,9,11,6,4180.911727000001,3878.577102772071,1.0,1.0,Q3
12,10,11,7,4027.995954,3725.6613293149703,1.0,0.0,Q3
12,11,11,7,3349.122601,3104.2866374058513,1.0,1.0,Q3
12,12,11,9,2941.913642,2746.8265666207344,1.0,0.0,Q2
12,13,11,9,2762.0652160000004,2566.9781403178654,1.0,0.0,Q2
12,14,11,9,2653.083073,2457.9959969862275,1.0,0.0,Q2
12,15,11,9,2384.3998840000004,2189.312807989123,1.0,0.0,Q2
12,16,11,9,2119.3998840000004,1924.312807989123,1.0,0.0,Q2
12,17,11,9,2010.4177410000002,1815.3306646574852,1.0,1.0,Q2
12,18,11,10,1741.734552,1546.6474756603805,1.0,1.0,Q2
12,19,11,11,1155.806904,1076.912419085866,0.0,0.0,Q1_low
12,20,11,11,1035.541961,956.6474756603805,0.0,0.0,Q1_low
12,21,11,11,763.9419779999998,763.941978240746,0.0,0.0,Q1_low
12,22,11,11,584.9821430000002,584.9821433316378,0.0,0.0,Q1_low
12,23,11,11,337.9821430000002,337.9821433316378,0.0,0.0,Q1_low
12,24,11,11,90.98214300000018,90.98214333163783,0.0,0.0,Q1_low
13,0,16,0,7893.707741,6716.991993972456,1.0,1.0,Q4_high
13,1,16,3,7774.707741,6882.02770730918,1.0,1.0,Q4_high
13,2,16,5,7247.215926,6042.628921593391,1.0,0.0,Q4_high
13,3,16,5,6756.800354,5891.454254426006,1.0,0.0,Q4_high
13,4,16,5,6556.373807,5691.02770730918,1.0,0.0,Q4_high
13,5,16,5,6411.391664000001,5546.045563977542,1.0,1.0,Q4_high
13,6,16,6,6106.708475,5241.362374980437,1.0,1.0,Q4_high
13,7,16,7,5762.818888,4867.553364184816,1.0,0.0,Q4_high
13,8,16,7,5588.645755,4693.3802316488,1.0,0.0,Q4_high
13,9,16,7,5121.7104309999995,3928.085503582898,1.0,1.0,Q3
13,10,16,8,4650.672408,3496.4312755116516,1.0,1.0,Q3
13,11,16,11,4291.843870000001,3255.473003995284,1.0,1.0,Q3
13,12,16,13,3139.258059,2773.5400090364824,1.0,0.0,Q2
13,13,16,13,2934.397236,2568.679185983333,1.0,0.0,Q2
13,14,16,13,2837.4150930000005,2471.697042651695,1.0,0.0,Q2
13,15,16,13,2580.731904,2215.01385365459,1.0,0.0,Q2
13,16,16,13,2327.731904,1962.0138536545903,1.0,0.0,Q2
13,17,16,13,2230.749761,1865.0317103229522,1.0,1.0,Q2
13,18,16,14,1974.0665719999997,1608.3485213258475,1.0,1.0,Q2
13,19,16,15,1721.0665719999997,1355.3485213258475,1.0,0.0,Q2
13,20,16,15,1187.2964240000001,880.054747276985,1.0,0.0,Q1_low
13,21,16,15,797.9278140000006,651.9120509077355,1.0,1.0,Q1_low
14,0,11,0,8113.258827,6716.991993972456,1.0,1.0,Q4_high
14,1,11,7,7994.258827,6882.02770730918,0.0,1.0,Q4_high
14,2,11,8,7326.746346,5768.728073335804,0.0,1.0,Q4_high
14,3,11,10,6915.363885,5280.1554278772455,0.0,0.0,Q4_high
14,4,11,10,6660.517261999999,5025.308804975351,0.0,0.0,Q4_high
14,5,11,10,6377.517261999999,4742.308804975351,0.0,0.0,Q4_high
14,6,11,10,6250.535119,4615.326661643713,0.0,0.0,Q4_high
14,7,11,10,5494.887578,4059.239338563627,0.0,0.0,Q4_high
14,8,11,10,3771.2252369999997,3551.91106155924,1.0,0.0,Q3
14,9,11,10,3695.9576479999996,3476.643472646608,0.0,1.0,Q3
14,10,11,11,3442.9576479999996,3223.6434726466086,0.0,0.0,Q3
14,11,11,11,3189.9576479999996,2970.643472646608,0.0,0.0,Q2
14,12,11,11,3092.9755049999994,2873.6613293149703,0.0,0.0,Q2
14,13,11,11,2836.292316,2616.978140317866,0.0,0.0,Q2
14,14,11,11,2583.292316,2363.9781403178654,0.0,0.0,Q2
14,15,11,11,2486.310173,2266.9959969862275,0.0,0.0,Q2
14,16,11,11,2229.6269839999995,2010.312807989123,0.0,0.0,Q2
14,17,11,11,1972.9437949999992,1753.629618992018,0.0,0.0,Q2
14,18,11,11,1875.961652,1656.6474756603805,0.0,0.0,Q2
14,19,11,11,1622.961652,1403.6474756603805,0.0,0.0,Q1_low
14,20,11,11,1175.961652,956.6474756603805,0.0,0.0,Q1_low
14,21,11,11,922.961652,703.6474756603805,0.0,0.0,Q1_low
14,22,11,11,648.0140599999995,648.0140599465965,0.0,0.0,Q1_low
14,23,11,11,337.98214299999927,337.98214333163776,0.0,0.0,Q1_low
14,24,11,11,90.98214299999927,90.98214333163779,0.0,0.0,Q1_low
15,0,10,0,7352.122069,6716.991993972456,1.0,1.0,Q4_high
15,1,10,3,7233.122069,6882.02770730918,0.0,1.0,Q4_high
15,2,10,4,6705.208234,6170.261313330013,0.0,0.0,Q4_high
15,3,10,4,6513.273582,5978.326661643712,0.0,0.0,Q4_high
15,4,10,4,6362.291439,5827.344518312075,0.0,0.0,Q4_high
15,5,10,4,6051.60825,5516.66132931497,0.0,0.0,Q4_high
15,6,10,4,5744.60825,5209.66132931497,0.0,0.0,Q4_high
15,7,10,4,5593.626107,5058.679185983333,0.0,0.0,Q4_high
15,8,10,4,5282.942918000001,4747.9959969862275,0.0,1.0,Q4_high
15,9,10,5,4975.942918000001,4440.9959969862275,0.0,0.0,Q3
15,10,10,5,4660.874879999999,4102.557057808045,0.0,0.0,Q3
15,11,10,5,4264.829814000001,3734.3045815101127,1.0,0.0,Q3
15,12,10,5,3715.050684,3355.775029674779,1.0,0.0,Q3
15,13,10,5,3370.271651,3010.9959969862275,1.0,0.0,Q3
15,14,10,5,3081.271651,2721.995996986228,1.0,0.0,Q2
15,15,10,5,2948.289508,2589.01385365459,1.0,0.0,Q2
15,16,10,5,2655.6063190000004,2296.330664657485,1.0,1.0,Q2
15,17,10,6,2366.6063190000004,2007.3306646574852,1.0,0.0,Q2
15,18,10,6,1904.6384660000003,1653.1369995071923,1.0,1.0,Q2
15,19,10,7,1761.1667989999996,1509.6653323287426,1.0,1.0,Q2
15,20,10,10,1423.5243540000001,1252.459129106,0.0,0.0,Q1_low
15,21,10,10,1114.1793289999996,948.6991411318237,0.0,0.0,Q1_low
15,22,10,10,716.4237210000001,682.78823391964,0.0,0.0,Q1_low
15,23,10,10,406.44535300000007,406.44535304229026,0.0,0.0,Q1_low
15,24,10,10,253.0,252.99999999999997,0.0,0.0,Q1_low
16,0,13,0,6575.447007,6716.991993972456,1.0,1.0,Q4_high
16,1,13,3,6456.447007,6882.02770730918,1.0,0.0,Q4_high
16,2,13,3,6143.447007,6569.02770730918,1.0,1.0,Q4_high
16,3,13,7,5704.7290459999995,5722.9675431305595,1.0,1.0,Q4_high
16,4,13,9,5179.698399,4978.473217294401,1.0,1.0,Q4_high
16,5,13,11,4856.037504,4479.412693756788,1.0,0.0,Q3
16,6,13,11,4470.414769999999,4181.821838611933,1.0,0.0,Q3
16,7,13,11,4300.602782,4012.009850640818,1.0,0.0,Q3
16,8,13,11,3952.369581,3718.0397885767306,1.0,0.0,Q3
16,9,13,11,3776.3574999999996,3542.02770730918,1.0,0.0,Q3
16,10,13,11,3513.6743109999998,3279.3445183120757,1.0,1.0,Q3
16,11,13,12,3254.6743109999998,3020.3445183120753,1.0,0.0,Q2
16,12,13,12,3107.122692,2854.6974345734347,1.0,0.0,Q2
16,13,13,12,2835.1044429999997,2582.679185983333,1.0,0.0,Q2
16,14,13,12,2582.1044429999997,2329.679185983333,1.0,0.0,Q2
16,15,13,12,2485.1222999999995,2232.697042651695,1.0,1.0,Q2
16,16,13,13,2228.4391109999997,1976.01385365459,0.0,0.0,Q2
16,17,13,13,1796.8573139999999,1561.8720604681523,0.0,0.0,Q2
16,18,13,13,1441.9875670000001,1441.9875671661234,0.0,0.0,Q1_low
16,19,13,13,1109.0138529999995,1109.01385365459,0.0,0.0,Q1_low
16,20,13,13,1030.0317100000002,1030.0317103229522,0.0,0.0,Q1_low
16,21,13,13,791.3485209999999,791.3485213258475,0.0,0.0,Q1_low
16,22,13,13,556.3485209999999,556.3485213258475,0.0,0.0,Q1_low
16,23,13,13,477.3663779999997,477.3663779942097,0.0,0.0,Q1_low
16,24,13,13,238.6831889999994,238.68318899710488,0.0,0.0,Q1_low
17,0,13,0,7010.742801,6716.991993972456,1.0,1.0,Q4_high
17,1,13,5,6891.742801,6882.02770730918,1.0,0.0,Q4_high
17,2,13,5,6012.740009,5627.78419683569,1.0,1.0,Q4_high
17,3,13,11,5645.588086000001,5201.4064588184065,1.0,0.0,Q4_high
17,4,13,11,5190.146401,4980.1196478762595,1.0,0.0,Q4_high
17,5,13,11,5048.3534150000005,4838.326661643713,1.0,0.0,Q3
17,6,13,11,4770.794577000001,4571.813669139068,1.0,0.0,Q3
17,7,13,11,4539.642237,4340.66132931497,1.0,0.0,Q3
17,8,13,11,4274.642237,4075.6613293149703,1.0,0.0,Q3
17,9,13,11,4165.660094000001,3966.679185983333,1.0,0.0,Q3
17,10,13,11,3896.9769050000004,3697.9959969862275,1.0,0.0,Q3
17,11,13,11,3546.7290580000004,3425.718044790576,1.0,0.0,Q3
17,12,13,11,3367.0248670000005,3246.01385365459,1.0,1.0,Q3
17,13,13,12,3104.3416780000002,2983.330664657485,0.0,0.0,Q2
17,14,13,12,2812.5037660000007,2657.659993655442,0.0,0.0,Q2
17,15,13,12,2716.1922940000004,2561.3485213258473,0.0,0.0,Q2
17,16,13,12,2459.509105,2304.6653323287424,1.0,0.0,Q2
17,17,13,12,2206.509105,2051.665332328743,1.0,0.0,Q2
17,18,13,12,2109.526962,1954.6831889971047,1.0,1.0,Q2
17,19,13,13,1658.8143040000004,1476.0900668765048,0.0,0.0,Q1_low
17,20,13,13,1404.863128,1404.8631284753476,0.0,0.0,Q1_low
17,21,13,13,1120.0,1120.0,0.0,0.0,Q1_low
17,22,13,13,1041.0178570000007,1041.0178566683621,0.0,0.0,Q1_low
17,23,13,13,612.0178570000007,612.0178566683621,0.0,0.0,Q1_low
17,24,13,13,377.01785700000073,377.0178566683622,0.0,0.0,Q1_low
18,0,13,0,6838.578724,6716.991993972456,1.0,1.0,Q4_high
18,1,13,5,6719.578724,6882.02770730918,0.0,1.0,Q4_high
18,2,13,10,6268.209752,6302.509257013078,0.0,0.0,Q4_high
18,3,13,10,5956.353939,5601.126533821919,0.0,0.0,Q4_high
18,4,13,10,5340.097611,4886.9681591527515,1.0,0.0,Q4_high
18,5,13,10,5199.121446,4745.991993972456,1.0,1.0,Q4_high
18,6,13,12,4722.448079,4219.98820692805,0.0,0.0,Q3
18,7,13,12,4399.4978630000005,3805.931699559789,0.0,0.0,Q3
18,8,13,12,4282.874968,3689.308804975351,1.0,0.0,Q3
18,9,13,12,4167.892825,3574.326661643713,1.0,0.0,Q3
18,10,13,12,3893.209636,3299.643472646608,0.0,0.0,Q3
18,11,13,12,3622.209636,3028.643472646608,0.0,1.0,Q3
18,12,13,13,3351.209636,2757.643472646608,0.0,0.0,Q3
18,13,13,13,3037.327128,2392.5098865902773,0.0,0.0,Q2
18,14,13,13,2654.8922999999995,2029.9208990648926,0.0,0.0,Q2
18,15,13,13,2541.949541,1916.9781403178658,0.0,0.0,Q2
18,16,13,13,2226.3778780000002,1676.9923967434377,0.0,0.0,Q2
18,17,13,13,2016.698289,1467.312807989123,0.0,0.0,Q2
18,18,13,13,1775.698289,1226.312807989123,0.0,0.0,Q2
18,19,13,13,1690.7161459999998,1141.3306646574852,0.0,0.0,Q1_low
18,20,13,13,1446.0329570000004,896.6474756603805,0.0,0.0,Q1_low
18,21,13,13,1205.0329570000004,655.6474756603805,0.0,0.0,Q1_low
18,22,13,13,1120.0508140000002,570.6653323287426,0.0,0.0,Q1_low
18,23,13,13,875.3676249999999,325.98214333163776,0.0,0.0,Q1_low
18,24,13,13,634.3676249999999,84.98214333163779,0.0,0.0,Q1_low
19,0,16,0,4774.295118,6716.991993972456,1.0,1.0,Q3
19,1,16,5,4655.295118,6882.02770730918,1.0,1.0,Q3
19,2,16,11,4178.786364,6307.769504088117,1.0,1.0,Q3
19,3,16,12,3694.4786590000003,5418.6251092273105,1.0,1.0,Q3
19,4,16,13,3588.881257,5313.02770730918,1.0,0.0,Q3
19,5,16,13,3074.761407,4658.373977958042,1.0,1.0,Q2
19,6,16,14,2769.7721579999998,4248.807187459527,1.0,0.0,Q2
19,7,16,14,2615.291632,4236.344518312076,1.0,0.0,Q2
19,8,16,14,2512.309489,3991.3445183120753,1.0,0.0,Q2
19,9,16,14,2035.759584,3453.0133258367873,1.0,0.0,Q2
19,10,16,14,1962.4075870000001,3379.6613293149703,1.0,0.0,Q2
19,11,16,14,1678.4663329999998,3047.143873160263,1.0,1.0,Q1_low
19,12,16,15,1186.795012,2746.399739843241,0.0,0.0,Q1_low
19,13,16,15,997.3912690000002,2556.995996986228,0.0,1.0,Q1_low
20,0,14,0,7750.344484,6716.991993972456,1.0,1.0,Q4_high
20,1,14,3,7631.344484,6882.02770730918,1.0,1.0,Q4_high
20,2,14,7,7110.048337,5974.904645577798,1.0,1.0,Q4_high
20,3,14,9,6738.052335,5442.972364446034,1.0,1.0,Q4_high
20,4,14,10,6346.5559140000005,5122.886557230853,1.0,0.0,Q4_high
20,5,14,10,5662.507926,4768.977988124995,1.0,0.0,Q4_high
20,6,14,10,5447.069341,4553.5394028605915,1.0,1.0,Q4_high
20,7,14,12,4978.003601,4032.719717003035,0.0,1.0,Q3
20,8,14,13,4667.022889,3682.8021354278912,0.0,0.0,Q3
20,9,14,13,4532.760156,3548.5394028605924,0.0,0.0,Q3
20,10,14,13,3908.677787,3501.31518407611,0.0,0.0,Q3
20,11,14,13,3526.693317,3070.0826195275845,0.0,1.0,Q3
20,12,14,14,3465.7605220000005,3009.14982487838,0.0,0.0,Q3
20,13,14,14,3380.7783790000003,2924.1676815467426,0.0,0.0,Q3
20,14,14,14,3068.0050499999998,2582.226595476205,0.0,0.0,Q2
20,15,14,14,2242.7740170000006,2242.7740185340103,0.0,0.0,Q2
20,16,14,14,1923.2717499999999,1923.2717513327586,0.0,0.0,Q2
20,17,14,14,1850.2896070000006,1850.2896080011208,0.0,0.0,Q2
20,18,14,14,1617.6064180000003,1617.6064190040158,0.0,0.0,Q1_low
20,19,14,14,1069.330664,1069.3306646574852,0.0,0.0,Q1_low
20,20,14,14,840.3306640000001,840.3306646574854,0.0,0.0,Q1_low
20,21,14,14,767.3485209999999,767.3485213258475,0.0,0.0,Q1_low
20,22,14,14,534.6653320000005,534.6653323287426,0.0,0.0,Q1_low
20,23,14,14,305.6653320000005,305.6653323287427,0.0,0.0,Q1_low
20,24,14,14,232.6831890000003,232.68318899710488,0.0,0.0,Q1_low
21,0,14,0,6964.602925,6716.991993972456,1.0,1.0,Q4_high
21,1,14,6,6845.602925,6882.02770730918,1.0,1.0,Q4_high
21,2,14,7,5976.841611,5551.47208991717,1.0,1.0,Q4_high
21,3,14,8,5751.855099,5264.883821105791,1.0,1.0,Q4_high
21,4,14,10,5515.963272,5171.009850640818,1.0,0.0,Q4_high
21,5,14,10,5091.687261,4548.801901082825,1.0,0.0,Q3
21,6,14,10,4926.528833,4529.344518312075,1.0,0.0,Q3
21,7,14,10,4655.528833,4258.344518312076,1.0,0.0,Q3
21,8,14,10,4397.846244,3933.055023158987,1.0,0.0,Q3
21,9,14,10,4237.470407000001,3772.679185983333,1.0,0.0,Q3
21,10,14,10,3972.4704070000003,3507.6791859833324,1.0,0.0,Q3
21,11,14,10,3863.488264,3398.6970426516946,1.0,0.0,Q3
21,12,14,10,3594.805075,3130.01385365459,1.0,1.0,Q3
21,13,14,11,3329.805075,2865.01385365459,1.0,0.0,Q3
21,14,14,11,2998.559264,2584.1819128213588,1.0,1.0,Q2
21,15,14,12,2733.572003,2361.857001072115,1.0,1.0,Q2
21,16,14,14,2320.951016,2124.226730385178,0.0,0.0,Q2
21,17,14,14,2139.3307050000003,1942.6064190040158,0.0,0.0,Q2
21,18,14,14,1898.3307050000003,1701.6064190040156,0.0,0.0,Q2
21,19,14,14,1657.3307050000003,1460.6064190040156,0.0,0.0,Q1_low
21,20,14,14,1572.3485620000001,1375.624275672378,0.0,0.0,Q1_low
21,21,14,14,1327.6653729999998,1130.9410866752733,0.0,0.0,Q1_low
21,22,14,14,1086.6653729999998,889.9410866752731,0.0,0.0,Q1_low
21,23,14,14,704.623321,704.6233210714875,0.0,0.0,Q1_low
21,24,14,14,548.2757540000002,548.2757543465306,0.0,0.0,Q1_low
22,0,12,0,6944.326681,6716.991993972456,1.0,1.0,Q4_high
22,1,12,5,6825.326681,6882.02770730918,1.0,1.0,Q4_high
22,2,12,7,6274.907894,5904.956553120248,1.0,1.0,Q4_high
22,3,12,9,6074.260146,5704.3088049753505,1.0,1.0,Q4_high
22,4,12,10,5420.830317,5015.409748882668,0.0,0.0,Q4_high
22,5,12,10,5267.729372999999,4862.308804975351,0.0,0.0,Q4_high
22,6,12,10,4978.729372999999,4573.308804975351,0.0,1.0,Q3
22,7,12,11,4689.729373,4284.308804975351,0.0,0.0,Q3
22,8,12,11,4338.26894,3950.1226241613767,0.0,0.0,Q3
22,9,12,11,4022.2469609999994,3613.471387045442,0.0,0.0,Q3
22,10,12,11,3798.4190469999994,3389.6434726466086,0.0,0.0,Q3
22,11,12,11,3677.4369039999997,3268.6613293149703,0.0,0.0,Q3
22,12,12,11,3396.7537149999994,2987.978140317866,0.0,1.0,Q3
22,13,12,12,2962.1788629999996,2677.8156424483564,0.0,0.0,Q2
22,14,12,12,2580.5662569999995,2302.1289582325694,0.0,0.0,Q2
22,15,12,12,2407.750107,2129.312807989123,0.0,0.0,Q2
22,16,12,12,2148.750107,1870.312807989123,0.0,0.0,Q2
22,17,12,12,2045.7679639999997,1767.3306646574852,0.0,0.0,Q2
22,18,12,12,1549.938287,1347.0776427692035,0.0,0.0,Q1_low
22,19,12,12,1218.0787299999993,1218.0787307103542,0.0,0.0,Q1_low
22,20,12,12,896.6474749999998,896.6474756603805,0.0,0.0,Q1_low
22,21,12,12,811.6653319999996,811.6653323287426,0.0,0.0,Q1_low
22,22,12,12,566.9821429999993,566.9821433316378,0.0,0.0,Q1_low
22,23,12,12,325.98214299999927,325.98214333163776,0.0,0.0,Q1_low
22,24,12,12,84.98214299999927,84.98214333163779,0.0,0.0,Q1_low
23,0,15,0,6399.401985,6716.991993972456,1.0,1.0,Q4_high
23,1,15,8,6280.401985,6882.02770730918,0.0,1.0,Q4_high
23,2,15,12,5705.071871,5756.011142640438,0.0,1.0,Q4_high
23,3,15,13,5193.927093,5156.070691467391,0.0,0.0,Q4_high
23,4,15,13,5066.848396,5028.991993972456,0.0,0.0,Q3
23,5,15,13,4783.848396,4745.991993972456,0.0,0.0,Q3
23,6,15,13,4656.866253,4619.0098506408185,0.0,0.0,Q3
23,7,15,13,4370.183064000001,4332.326661643713,0.0,0.0,Q3
23,8,15,13,3964.0252400000004,3985.276863894986,1.0,0.0,Q3
23,9,15,13,3298.8723560000003,3592.8617708903357,1.0,1.0,Q2
23,10,15,15,3005.1593570000005,3217.6446350468136,0.0,0.0,Q2
23,11,15,15,2378.1506220000006,2378.1506238100806,0.0,0.0,Q2
23,12,15,15,2293.3445170000005,2293.3445183120757,0.0,0.0,Q2
23,13,15,15,2226.3623740000003,2226.3623749804374,0.0,0.0,Q2
23,14,15,15,1999.6791850000009,1999.6791859833327,0.0,0.0,Q2
23,15,15,15,1776.6791850000009,1776.6791859833327,0.0,0.0,Q2
23,16,15,15,1709.6970420000007,1709.697042651695,0.0,0.0,Q2
23,17,15,15,1483.0138530000004,1483.01385365459,0.0,0.0,Q1_low
23,18,15,15,1260.0138530000004,1260.01385365459,0.0,0.0,Q1_low
23,19,15,15,1193.0317100000002,1193.0317103229522,0.0,0.0,Q1_low
23,20,15,15,966.3485210000008,966.3485213258475,0.0,0.0,Q1_low
23,21,15,15,743.3485210000008,743.3485213258475,0.0,0.0,Q1_low
23,22,15,15,520.3485210000008,520.3485213258475,0.0,0.0,Q1_low
23,23,15,15,453.3663780000006,453.3663779942097,0.0,0.0,Q1_low
23,24,15,15,226.6831890000003,226.68318899710482,0.0,0.0,Q1_low
24,0,16,0,7062.45021,6716.991993972456,1.0,1.0,Q4_high
24,1,16,6,6943.45021,6882.02770730918,1.0,1.0,Q4_high
24,2,16,9,6254.35294,5805.991887060143,1.0,0.0,Q4_high
24,3,16,9,5876.043901,5344.2681127328315,1.0,1.0,Q4_high
24,4,16,10,5683.084593,5151.308804975351,1.0,0.0,Q4_high
24,5,16,10,5394.084593,4862.308804975351,1.0,0.0,Q4_high
24,6,16,10,4883.359861,4452.771249995417,1.0,0.0,Q3
24,7,16,10,4651.232083999999,4220.643472646609,1.0,1.0,Q3
24,8,16,11,4374.232083999999,3943.643472646608,1.0,0.0,Q3
24,9,16,11,3836.925282,3516.4724134354838,1.0,1.0,Q3
24,10,16,13,3555.440586,3287.555021181247,1.0,0.0,Q3
24,11,16,13,3217.937139,2929.0854297320525,1.0,0.0,Q2
24,12,16,13,2964.82985,2675.9781403178654,1.0,0.0,Q2
24,13,16,13,2711.82985,2422.9781403178654,1.0,0.0,Q2
24,14,16,13,2614.847707,2325.9959969862275,1.0,0.0,Q2
24,15,16,13,2358.1645179999996,2069.312807989123,1.0,1.0,Q2
24,16,16,14,2105.1645179999996,1816.312807989123,1.0,0.0,Q2
24,17,16,14,1814.4789140000003,1562.164941039459,1.0,1.0,Q2
24,18,16,15,1672.9614490000004,1420.6474756603805,0.0,0.0,Q1_low
24,19,16,15,1302.260354,1219.4855547363907,1.0,1.0,Q1_low
25,0,13,0,7684.397856,6716.991993972456,1.0,1.0,Q4_high
25,1,13,4,7565.397856,6882.02770730918,1.0,1.0,Q4_high
25,2,13,6,7047.0374409999995,5953.731814657684,1.0,0.0,Q4_high
25,3,13,6,6801.297619999999,5707.991993972456,1.0,0.0,Q4_high
25,4,13,6,6656.315477,5563.009850640818,1.0,0.0,Q4_high
25,5,13,6,6351.632288,5258.326661643713,1.0,1.0,Q4_high
25,6,13,7,6050.632288,4957.326661643713,1.0,0.0,Q4_high
25,7,13,7,5642.353512,4788.684738007007,1.0,0.0,Q4_high
25,8,13,7,5007.688803999999,4053.6284219220624,1.0,0.0,Q3
25,9,13,7,4776.721711,3822.6613293149703,1.0,0.0,Q3
25,10,13,7,4499.721711,3545.6613293149703,1.0,1.0,Q3
25,11,13,8,4222.721711,3268.6613293149703,1.0,0.0,Q3
25,12,13,8,3871.7271559999995,2948.430769620863,1.0,1.0,Q3
25,13,13,9,3718.2923829999995,2794.9959969862275,1.0,1.0,Q3
25,14,13,10,3287.0639439999995,2398.644298624749,1.0,0.0,Q2
25,15,13,10,3081.415642,2192.995996986228,1.0,0.0,Q2
25,16,13,10,2393.1001939999996,2075.12785333798,1.0,0.0,Q2
25,17,13,10,2179.3208619999996,1861.3485213258475,1.0,1.0,Q2
25,18,13,11,1926.3208619999996,1608.3485213258475,1.0,1.0,Q2
25,19,13,12,1673.3208619999996,1355.3485213258475,1.0,0.0,Q1_low
25,20,13,12,1208.6287329999996,948.7858634131944,1.0,0.0,Q1_low
25,21,13,12,1071.508202,811.6653323287426,1.0,1.0,Q1_low
25,22,13,13,830.508202,570.6653323287426,0.0,0.0,Q1_low
25,23,13,13,589.508202,329.66533232874264,0.0,0.0,Q1_low
25,24,13,13,293.02433699999983,293.0243368037323,0.0,0.0,Q1_low
26,0,15,0,7435.814852,6716.991993972456,1.0,1.0,Q4_high
26,1,15,3,7316.814852,6882.02770730918,1.0,1.0,Q4_high
26,2,15,8,6706.489689,6093.001061133758,1.0,1.0,Q4_high
26,3,15,10,6453.480622,5836.308804975351,1.0,0.0,Q4_high
26,4,15,10,6142.797433000001,5809.66132931497,1.0,0.0,Q4_high
26,5,15,10,5991.8152900000005,5516.66132931497,1.0,0.0,Q4_high
26,6,15,10,5534.865759,5009.143095822366,1.0,1.0,Q4_high
26,7,15,11,5354.401849,4828.679185983333,1.0,0.0,Q4_high
26,8,15,11,5062.339494,4463.889321321232,1.0,1.0,Q3
26,9,15,12,4653.183333000001,4020.067516942593,1.0,1.0,Q3
26,10,15,13,4549.12967,3916.0138536545896,1.0,0.0,Q3
26,11,15,13,3491.0636440000003,3113.5135130726403,1.0,0.0,Q3
26,12,15,13,3185.087114000001,2802.3834596821744,1.0,0.0,Q2
26,13,15,13,3031.7175080000006,2649.01385365459,1.0,0.0,Q2
26,14,15,13,2940.7353650000005,2558.031710322952,1.0,0.0,Q2
26,15,15,13,2690.052176,2307.3485213258473,1.0,1.0,Q2
26,16,15,14,2093.006945,1775.7924930037886,1.0,0.0,Q2
26,17,15,14,1771.6059060000007,1544.4473245092504,1.0,0.0,Q2
26,18,15,14,1567.489246,1340.3306646574852,1.0,0.0,Q1_low
26,19,15,14,1488.5071030000008,1261.3485213258475,1.0,0.0,Q1_low
26,20,15,14,1249.8239140000005,1022.6653323287427,1.0,1.0,Q1_low
26,21,15,15,1014.8239140000005,787.6653323287427,0.0,0.0,Q1_low
26,22,15,15,513.7213890000003,513.7213888486589,0.0,0.0,Q1_low
26,23,15,15,446.0,445.99999999999994,0.0,0.0,Q1_low
26,24,15,15,223.0,222.99999999999997,0.0,0.0,Q1_low
27,0,12,0,7319.192605,6716.991993972456,1.0,1.0,Q4_high
27,1,12,2,7200.192605,6882.02770730918,1.0,0.0,Q4_high
27,2,12,2,6712.21568,6312.506424746323,1.0,1.0,Q4_high
27,3,12,5,6280.32423,5572.753907373428,1.0,0.0,Q4_high
27,4,12,5,6016.140318,5199.391901975905,1.0,0.0,Q4_high
27,5,12,5,5802.74041,4985.991993972456,1.0,0.0,Q4_high
27,6,12,5,5507.74041,4690.991993972456,1.0,1.0,Q4_high
27,7,12,6,5368.758267,4552.0098506408185,1.0,0.0,Q4_high
27,8,12,6,4879.71587,4289.210383130624,1.0,0.0,Q3
27,9,12,6,4314.419793,3749.898223486757,1.0,0.0,Q3
27,10,12,6,4113.866088000001,3549.3445183120757,1.0,0.0,Q3
27,11,12,6,3833.1828990000004,3268.6613293149703,1.0,1.0,Q3
27,12,12,7,3556.1828990000004,2991.6613293149703,1.0,0.0,Q3
27,13,12,7,3279.1828990000004,2714.6613293149703,1.0,0.0,Q2
27,14,12,7,2921.2389600000006,2562.0466891725423,1.0,0.0,Q2
27,15,12,7,2608.5050790000005,2249.312807989123,1.0,1.0,Q2
27,16,12,10,2337.5050790000005,1978.312807989123,0.0,0.0,Q2
27,17,12,10,1974.4506810000003,1614.4223695446642,0.0,0.0,Q2
27,18,12,10,1785.440775,1393.4036270928884,1.0,0.0,Q2
27,19,12,10,1601.6846240000004,1209.6474756603805,1.0,0.0,Q1_low
27,20,12,10,1348.6846240000004,956.6474756603805,1.0,0.0,Q1_low
27,21,12,10,1251.7024810000003,859.6653323287426,1.0,1.0,Q1_low
27,22,12,12,995.019292,602.9821433316378,0.0,0.0,Q1_low
27,23,12,12,505.5786900000003,164.4883896097182,0.0,0.0,Q1_low
27,24,12,12,432.07244400000036,90.98214333163783,0.0,0.0,Q1_low
28,0,14,0,8049.969324,6716.991993972456,1.0,1.0,Q4_high
28,1,14,4,7930.969324,6882.02770730918,1.0,1.0,Q4_high
28,2,14,6,7269.056963999999,5986.20463889108,1.0,1.0,Q4_high
28,3,14,7,7129.178986999999,5846.326661643712,1.0,0.0,Q4_high
28,4,14,7,6871.1199639999995,5493.5539848860035,1.0,1.0,Q4_high
28,5,14,8,6456.381356,5063.320359618697,1.0,0.0,Q4_high
28,6,14,8,6260.722325999999,4867.66132931497,1.0,0.0,Q4_high
28,7,14,8,5878.813585,4316.959665758977,1.0,1.0,Q4_high
28,8,14,9,5763.515249,4201.66132931497,1.0,0.0,Q4_high
28,9,14,9,5198.746508,3694.694993780083,1.0,1.0,Q4_high
28,10,14,10,5049.712844,3545.6613293149703,1.0,0.0,Q3
28,11,14,10,4752.19863,3205.8812195855585,1.0,1.0,Q3
28,12,14,11,4612.313407,3065.9959969862275,1.0,0.0,Q3
28,13,14,11,4095.0116789999997,2552.967399871176,1.0,1.0,Q3
28,14,14,12,3934.0402759999997,2391.9959969862275,0.0,0.0,Q3
28,15,14,12,3831.0581329999995,2289.01385365459,0.0,0.0,Q3
28,16,14,12,3411.583544,1877.7651892635095,0.0,0.0,Q3
28,17,14,12,3253.1490189999995,1719.3306646574852,1.0,0.0,Q2
28,18,14,12,2922.0282239999997,1569.6558050083643,1.0,0.0,Q2
28,19,14,12,2824.0556079999997,1471.6831889971047,1.0,1.0,Q2
28,20,14,13,2577.0556079999997,1224.683188997105,0.0,1.0,Q2
28,21,14,14,2330.0556079999997,977.6831889971048,0.0,0.0,Q2
28,22,14,14,2017.9816009999995,770.8820984447348,0.0,0.0,Q2
28,23,14,14,1874.8005479999993,627.7010456654671,0.0,0.0,Q2
28,24,14,14,1630.1173589999999,383.0178566683622,0.0,0.0,Q1_low
29,0,13,0,7807.751157,6716.991993972456,1.0,1.0,Q4_high
29,1,13,3,7688.751157,6882.02770730918,1.0,1.0,Q4_high
29,2,13,4,6956.5212169999995,5882.271411892858,1.0,0.0,Q4_high
29,3,13,4,6623.945616999999,5541.9805760199615,1.0,1.0,Q4_high
29,4,13,9,6205.7743629999995,5026.334859704553,1.0,0.0,Q4_high
29,5,13,9,5772.0843939999995,4913.400672020962,1.0,0.0,Q4_high
29,6,13,9,5640.95147,4782.267748318986,1.0,0.0,Q4_high
29,7,13,9,5513.969327,4655.285604987348,1.0,0.0,Q4_high
29,8,13,9,5227.2861379999995,4368.602415990244,1.0,1.0,Q4_high
29,9,13,10,4300.580013,3441.093821557927,0.0,0.0,Q3
29,10,13,10,4069.1296639999996,3209.643472646608,0.0,0.0,Q3
29,11,13,10,3960.147521,3100.6613293149703,0.0,0.0,Q3
29,12,13,10,3691.4643319999996,2831.9781403178654,0.0,1.0,Q3
29,13,13,11,3426.4643319999996,2566.9781403178654,0.0,0.0,Q3
29,14,13,11,3110.2447569999995,2329.75835053657,0.0,1.0,Q2
29,15,13,12,2909.7992139999997,2129.312807989123,0.0,0.0,Q2
29,16,13,12,2650.7992139999997,1870.312807989123,0.0,0.0,Q2
29,17,13,12,2370.434786,1618.148740937761,0.0,1.0,Q2
29,18,13,13,2214.933521,1462.6474756603805,0.0,0.0,Q2
29,19,13,13,1961.933521,1209.6474756603805,0.0,0.0,Q2
29,20,13,13,1708.933521,956.6474756603805,0.0,0.0,Q1_low
29,21,13,13,1611.9513779999997,859.6653323287426,0.0,0.0,Q1_low
29,22,13,13,1355.2681889999994,602.9821433316378,0.0,0.0,Q1_low
29,23,13,13,986.759873,271.65786883131943,0.0,0.0,Q1_low
29,24,13,13,806.0841479999999,90.98214333163783,0.0,0.0,Q1_low
30,0,10,0,6444.488411,6716.991993972456,1.0,1.0,Q4_high
30,1,10,5,6325.488411,6882.02770730918,1.0,1.0,Q4_high
30,2,10,6,5565.57809,5781.088921501114,1.0,0.0,Q4_high
30,3,10,6,5422.481162,5637.991993972456,1.0,0.0,Q4_high
30,4,10,6,5133.481162,5348.991993972456,1.0,0.0,Q4_high
30,5,10,6,5000.499019000001,5216.0098506408185,1.0,0.0,Q3
30,6,10,6,4707.8158300000005,4923.326661643713,1.0,1.0,Q3
30,7,10,7,4418.8158300000005,4634.326661643713,1.0,0.0,Q3
30,8,10,7,4018.7265720000005,4205.141121871672,1.0,0.0,Q3
30,9,10,7,3778.2646360000003,3964.679185983333,1.0,0.0,Q3
30,10,10,7,3501.2646360000003,3687.679185983333,1.0,0.0,Q3
30,11,10,7,3224.2646360000003,3410.679185983333,1.0,0.0,Q2
30,12,10,7,3103.282493,3289.697042651695,1.0,0.0,Q2
30,13,10,7,2822.5993040000003,3009.01385365459,1.0,1.0,Q2
30,14,10,10,2545.5993040000003,2732.01385365459,0.0,0.0,Q2
30,15,10,10,2164.4869690000005,2220.5560751750454,0.0,0.0,Q2
30,16,10,10,1855.371749,1883.9994320083458,0.0,0.0,Q2
30,17,10,10,1618.1782520000006,1618.1782530651085,0.0,0.0,Q1_low
30,18,10,10,1466.330664,1466.3306646574854,0.0,0.0,Q1_low
30,19,10,10,1213.330664,1213.3306646574854,0.0,0.0,Q1_low
30,20,10,10,1116.348521,1116.3485213258475,0.0,0.0,Q1_low
30,21,10,10,859.6653320000005,859.6653323287426,0.0,0.0,Q1_low
30,22,10,10,606.6653320000005,606.6653323287426,0.0,0.0,Q1_low
30,23,10,10,353.6653320000005,353.6653323287427,0.0,0.0,Q1_low
30,24,10,10,256.6831890000003,256.6831889971049,0.0,0.0,Q1_low
31,0,16,0,5001.647192,6716.991993972456,1.0,1.0,Q3
31,1,16,7,4882.647192,6882.02770730918,1.0,1.0,Q3
31,2,16,11,4398.284100000001,6175.258694356477,1.0,0.0,Q3
31,3,16,11,3927.786739,5553.78405482947,1.0,1.0,Q3
31,4,16,12,3793.3293460000004,5419.326661643713,1.0,0.0,Q3
31,5,16,12,3267.1151290000003,4657.537022194131,1.0,1.0,Q2
31,6,16,13,2851.7274190000003,4183.150517547708,1.0,0.0,Q2
31,7,16,13,2676.9035630000003,4008.326661643713,1.0,0.0,Q2
31,8,16,13,2411.9035630000003,3743.326661643713,1.0,0.0,Q2
31,9,16,13,2302.9214200000006,3634.3445183120757,1.0,1.0,Q2
31,10,16,14,2034.2382310000003,3365.6613293149703,1.0,0.0,Q2
31,11,16,14,1279.3506900000002,2698.967260172026,1.0,1.0,Q1_low
31,12,16,15,961.0362980000004,2331.251419113887,0.0,1.0,Q1_low
32,0,15,0,6973.131959,6716.991993972456,1.0,1.0,Q4_high
32,1,15,2,6854.131959,6882.02770730918,0.0,1.0,Q4_high
32,2,15,4,6347.165572,6018.248094457272,0.0,1.0,Q4_high
32,3,15,5,6165.226283,5978.326661643713,0.0,1.0,Q4_high
32,4,15,7,5779.878679,5541.309632360296,0.0,0.0,Q4_high
32,5,15,7,5373.775976000001,4917.212567493048,0.0,0.0,Q4_high
32,6,15,7,5074.0070940000005,4578.958225770747,0.0,0.0,Q3
32,7,15,7,4823.692341,4328.643472646609,0.0,1.0,Q3
32,8,15,9,4540.692341,4045.643472646608,1.0,0.0,Q3
32,9,15,9,4072.7174320000004,3608.1291493824137,1.0,0.0,Q3
32,10,15,9,3800.941306,3377.5526464963796,1.0,0.0,Q3
32,11,15,9,3520.3668000000002,3096.9781403178654,1.0,0.0,Q3
32,12,15,9,3255.3668000000002,2831.9781403178654,1.0,0.0,Q2
32,13,15,9,3146.384657,2722.9959969862275,1.0,0.0,Q2
32,14,15,9,2877.701468,2454.312807989123,1.0,0.0,Q2
32,15,15,9,2458.0921280000002,2023.322610077379,1.0,1.0,Q2
32,16,15,12,2105.925271,1845.0773318422773,1.0,0.0,Q2
32,17,15,12,1966.1786040000006,1705.3306646574852,1.0,0.0,Q2
32,18,15,12,1709.4954150000003,1448.6474756603805,1.0,0.0,Q1_low
32,19,15,12,1612.5132720000001,1351.6653323287424,1.0,1.0,Q1_low
32,20,15,15,1183.052221,932.9377002985082,0.0,0.0,Q1_low
32,21,15,15,828.917477,619.4852370297565,0.0,0.0,Q1_low
32,22,15,15,564.8849650000002,564.8849650982178,0.0,0.0,Q1_low
32,23,15,15,289.9821430000002,289.9821433316378,0.0,0.0,Q1_low
32,24,15,15,66.98214300000018,66.98214333163783,0.0,0.0,Q1_low
33,0,15,0,6544.53044,6716.991993972456,1.0,1.0,Q4_high
33,1,15,6,6425.53044,6882.02770730918,1.0,1.0,Q4_high
33,2,15,9,5924.75029,5862.322831455867,1.0,1.0,Q4_high
33,3,15,10,5575.675374,5564.89046746146,1.0,0.0,Q4_high
33,4,15,10,4982.094718,4892.510378589677,1.0,1.0,Q3
33,5,15,12,4722.349677,4559.160511827953,1.0,0.0,Q3
33,6,15,12,4311.935101000001,4473.081383362585,1.0,1.0,Q3
33,7,15,13,4173.822512000001,4334.968793984453,1.0,0.0,Q3
33,8,15,13,4064.8403690000005,4225.986650652815,1.0,0.0,Q3
33,9,15,13,3669.8463100000004,3645.4148045450593,1.0,1.0,Q3
33,10,15,15,3501.4592130000005,3477.02770730918,0.0,0.0,Q3
33,11,15,15,3215.4641440000005,3050.260689613527,0.0,0.0,Q2
33,12,15,15,2607.2896840000003,2493.0213421626745,0.0,0.0,Q2
33,13,15,15,2342.9925520000006,2211.2197900645833,0.0,0.0,Q2
33,14,15,15,2263.451948000001,2131.679185983333,0.0,0.0,Q2
33,15,15,15,2028.4519480000008,1896.6791859833327,0.0,0.0,Q2
33,16,15,15,1793.4519480000008,1661.6791859833327,0.0,0.0,Q2
33,17,15,15,1714.4698050000006,1582.697042651695,0.0,0.0,Q2
33,18,15,15,1475.7866160000003,1344.01385365459,0.0,0.0,Q1_low
33,19,15,15,1240.7866160000003,1109.01385365459,0.0,0.0,Q1_low
33,20,15,15,914.4725510000007,914.4725516635111,0.0,0.0,Q1_low
33,21,15,15,743.3485210000008,743.3485213258475,0.0,0.0,Q1_low
33,22,15,15,516.6653320000005,516.6653323287426,0.0,0.0,Q1_low
33,23,15,15,289.9821430000002,289.98214333163776,0.0,0.0,Q1_low
33,24,15,15,66.98214300000018,66.98214333163779,0.0,0.0,Q1_low
34,0,12,0,8436.661548,6716.991993972456,1.0,1.0,Q4_high
34,1,12,1,8317.661548,6882.02770730918,1.0,1.0,Q4_high
34,2,12,3,7865.241358,6349.917892753134,1.0,1.0,Q4_high
34,3,12,5,7348.515747,5524.264933042622,1.0,1.0,Q4_high
34,4,12,6,7101.559619,5277.308804975351,1.0,0.0,Q4_high
34,5,12,6,6505.681718,4829.465899682201,1.0,0.0,Q4_high
34,6,12,6,6291.54248,4615.326661643713,1.0,0.0,Q4_high
34,7,12,6,6004.859291000001,4328.643472646609,1.0,1.0,Q4_high
34,8,12,7,5721.859291000001,4045.643472646608,1.0,0.0,Q4_high
34,9,12,7,4990.5405900000005,3695.313413345618,1.0,0.0,Q3
34,10,12,7,4747.205317,3451.978140317866,1.0,1.0,Q3
34,11,12,9,4322.141656,3173.4211523431877,1.0,0.0,Q3
34,12,12,9,3790.282988,2838.3942946280413,1.0,0.0,Q3
34,13,12,9,3446.8668340000004,2494.9781403178654,1.0,0.0,Q3
34,14,12,9,3343.884691,2391.9959969862275,1.0,0.0,Q3
34,15,12,9,3081.201502,2129.312807989123,1.0,0.0,Q2
34,16,12,9,2822.201502,1870.312807989123,1.0,0.0,Q2
34,17,12,9,2719.2193589999997,1767.3306646574852,1.0,1.0,Q2
34,18,12,10,2456.5361700000003,1504.6474756603805,1.0,1.0,Q2
34,19,12,11,2043.8724590000002,1244.5365105356839,1.0,0.0,Q2
34,20,12,11,1755.983424,956.6474756603805,1.0,0.0,Q2
34,21,12,11,1433.936307,735.6449462183548,0.0,0.0,Q1_low
34,22,12,11,1283.2735039999998,584.9821433316378,0.0,1.0,Q1_low
34,23,12,12,1036.2735039999998,337.98214333163776,0.0,0.0,Q1_low
34,24,12,12,789.2735039999998,90.98214333163779,0.0,0.0,Q1_low
35,0,16,0,5422.077598,6716.991993972456,1.0,1.0,Q4_high
35,1,16,4,5303.077598,6882.02770730918,1.0,1.0,Q4_high
35,2,16,6,4557.094593,6060.993996432687,1.0,1.0,Q3
35,3,16,10,4039.6627799999997,5454.0200839721265,1.0,1.0,Q3
35,4,16,12,3882.6525469999997,5297.009850640818,1.0,0.0,Q3
35,5,16,12,3484.497461,4926.387082017774,1.0,0.0,Q3
35,6,16,12,3305.138086,4747.02770730918,1.0,0.0,Q2
35,7,16,12,3178.1559429999998,4620.045563977543,1.0,1.0,Q2
35,8,16,13,2702.252379,4066.9193457303777,1.0,0.0,Q2
35,9,16,13,2589.695408,3954.362374980438,1.0,0.0,Q2
35,10,16,13,2050.1235469999997,3331.1558246627465,1.0,1.0,Q2
35,11,16,14,1877.6469079999997,3300.697042651695,0.0,1.0,Q2
35,12,16,15,1417.538478,2826.72248554045,0.0,1.0,Q1_low
36,0,10,0,6789.318056,6716.991993972456,1.0,1.0,Q4_high
36,1,10,6,6670.318056,6882.02770730918,1.0,1.0,Q4_high
36,2,10,8,6181.722665,6188.397062123068,1.0,0.0,Q4_high
36,3,10,8,5971.652265,5978.326661643712,1.0,0.0,Q4_high
36,4,10,8,5664.652265000001,5671.326661643713,1.0,0.0,Q4_high
36,5,10,8,5513.6701219999995,5520.344518312075,1.0,1.0,Q4_high
36,6,10,9,5202.986933,5209.66132931497,1.0,0.0,Q4_high
36,7,10,9,4895.986933,4902.66132931497,1.0,0.0,Q3
36,8,10,9,4448.233454,4376.70024341227,1.0,0.0,Q3
36,9,10,9,4080.353631,4048.6735502781653,1.0,1.0,Q3
36,10,10,10,3706.3604530000002,3500.335691333332,0.0,0.0,Q3
36,11,10,10,3420.424234,3305.3465547199885,0.0,0.0,Q3
36,12,10,10,3234.774722,3119.697042651695,0.0,0.0,Q2
36,13,10,10,3125.792579,3010.7148993200576,0.0,0.0,Q2
36,14,10,10,2857.10939,2742.0317103229527,0.0,0.0,Q2
36,15,10,10,2592.1093899999996,2477.0317103229527,0.0,0.0,Q2
36,16,10,10,2483.1272470000004,2368.049566991315,0.0,0.0,Q2
36,17,10,10,2214.444058,2099.36637799421,0.0,0.0,Q2
36,18,10,10,1416.5067070000005,1364.2831612116497,0.0,0.0,Q1_low
36,19,10,10,1216.2883080000001,1216.2883088869094,0.0,0.0,Q1_low
36,20,10,10,960.3306640000001,960.3306646574854,0.0,0.0,Q1_low
36,21,10,10,863.3485209999999,863.3485213258475,0.0,0.0,Q1_low
36,22,10,10,606.6653320000005,606.6653323287426,0.0,0.0,Q1_low
36,23,10,10,353.6653320000005,353.6653323287427,0.0,0.0,Q1_low
36,24,10,10,256.6831890000003,256.6831889971049,0.0,0.0,Q1_low
37,0,11,0,6658.293435,6716.991993972456,1.0,1.0,Q4_high
37,1,11,6,6539.293435,6882.02770730918,0.0,0.0,Q4_high
37,2,11,6,5908.654618,5863.127438283124,0.0,1.0,Q4_high
37,3,11,8,5180.5542749999995,5264.499314865577,0.0,0.0,Q4_high
37,4,11,8,4685.702025999999,4473.817390532997,1.0,0.0,Q3
37,5,11,8,4597.876628999999,4385.991993972456,1.0,0.0,Q3
37,6,11,8,4332.876628999999,4120.991993972456,1.0,0.0,Q3
37,7,11,8,4223.894485999999,4012.0098506408185,1.0,0.0,Q3
37,8,11,8,3955.2112969999994,3743.326661643713,1.0,0.0,Q3
37,9,11,8,3690.2112969999994,3478.326661643713,1.0,0.0,Q3
37,10,11,8,3581.2291539999997,3369.3445183120753,1.0,1.0,Q3
37,11,11,9,3312.545965,3100.6613293149703,1.0,0.0,Q2
37,12,11,9,3047.545965,2835.6613293149703,1.0,0.0,Q2
37,13,11,9,2735.1147089999995,2675.2655039654624,1.0,0.0,Q2
37,14,11,9,2451.8452019999995,2391.9959969862275,1.0,0.0,Q2
37,15,11,9,2192.8452019999995,2132.995996986228,1.0,0.0,Q2
37,16,11,9,2089.8630589999993,2030.01385365459,1.0,0.0,Q2
37,17,11,9,1827.17987,1767.3306646574852,1.0,1.0,Q2
37,18,11,10,1568.17987,1508.3306646574852,1.0,0.0,Q1_low
37,19,11,10,1465.1977269999998,1405.3485213258475,1.0,0.0,Q1_low
37,20,11,10,1087.4535929999993,1038.0258344735876,1.0,1.0,Q1_low
37,21,11,11,909.0930909999997,859.6653323287426,0.0,0.0,Q1_low
37,22,11,11,675.2364369999996,675.2364372262592,0.0,0.0,Q1_low
37,23,11,11,494.0,493.99999999999994,0.0,0.0,Q1_low
37,24,11,11,247.0,246.99999999999997,0.0,0.0,Q1_low
38,0,15,0,6838.160133,6716.991993972456,1.0,1.0,Q4_high
38,1,15,9,6719.160133,6882.02770730918,1.0,0.0,Q4_high
38,2,15,9,6196.74117,5899.731570701437,1.0,1.0,Q4_high
38,3,15,10,5895.822932,5473.7754187427745,1.0,1.0,Q4_high
38,4,15,12,5082.170336,4610.7821505230395,1.0,0.0,Q3
38,5,15,12,4851.208866000001,4283.137916926095,1.0,0.0,Q3
38,6,15,12,4689.062943000001,4120.991993972456,1.0,0.0,Q3
38,7,15,12,4580.0808,4012.0098506408185,1.0,0.0,Q3
38,8,15,12,4160.628718,3522.944885528806,1.0,0.0,Q3
38,9,15,12,4020.010494,3382.326661643713,1.0,0.0,Q3
38,10,15,12,3770.9945640000005,3056.7708597078445,1.0,0.0,Q3
38,11,15,12,3646.8850340000004,2932.6613293149703,1.0,0.0,Q3
38,12,15,12,3330.059196,2640.408022067577,1.0,0.0,Q3
38,13,15,12,3200.3303600000004,2510.679185983333,1.0,0.0,Q2
38,14,15,12,2949.6471710000005,2259.9959969862275,1.0,0.0,Q2
38,15,15,12,2702.6471710000005,2012.995996986228,1.0,0.0,Q2
38,16,15,12,2611.6650280000003,1922.01385365459,1.0,0.0,Q2
38,17,15,12,2360.981839,1671.3306646574852,1.0,0.0,Q2
38,18,15,12,2113.981839,1424.3306646574852,1.0,0.0,Q2
38,19,15,12,2022.9996960000008,1333.3485213258475,1.0,0.0,Q2
38,20,15,12,1772.3165070000005,1082.6653323287426,1.0,1.0,Q2
38,21,15,13,1525.3165070000005,835.6653323287426,1.0,0.0,Q1_low
38,22,15,13,1252.5170950000002,692.4499815097515,1.0,1.0,Q1_low
38,23,15,14,1042.067113,481.99999999999994,1.0,1.0,Q1_low
38,24,15,15,668.7879130000001,161.43249856708593,0.0,0.0,Q1_low
39,0,12,0,7166.864002,6716.991993972456,1.0,1.0,Q4_high
39,1,12,5,7047.864002,6882.02770730918,0.0,0.0,Q4_high
39,2,12,5,6554.025811,6084.940260466539,0.0,1.0,Q4_high
39,3,12,6,6071.214834,5527.211733985,0.0,1.0,Q4_high
39,4,12,7,5821.3119050000005,5277.308804975351,0.0,0.0,Q4_high
39,5,12,7,5526.3119050000005,4982.308804975351,0.0,0.0,Q4_high
39,6,12,7,5387.329762,4843.326661643713,0.0,0.0,Q4_high
39,7,12,7,5088.646573,4544.643472646609,0.0,0.0,Q3
39,8,12,7,4793.646573,4249.643472646609,0.0,0.0,Q3
39,9,12,7,4654.664430000001,4110.66132931497,0.0,1.0,Q3
39,10,12,8,4355.981241,3811.978140317866,0.0,0.0,Q3
39,11,12,8,3686.615643,3235.5802101715967,0.0,1.0,Q3
39,12,12,9,3281.4936110000003,3055.02887907617,1.0,0.0,Q2
39,13,12,9,2994.1234460000005,2638.9570247911565,1.0,1.0,Q2
39,14,12,10,2657.1445620000004,2301.978140317866,0.0,1.0,Q2
39,15,12,12,2392.1445620000004,2036.9781403178656,0.0,0.0,Q2
39,16,12,12,2030.217162,1985.4042304148727,0.0,0.0,Q2
39,17,12,12,1365.658848,1365.6588490385136,0.0,0.0,Q1_low
39,18,12,12,1226.3128070000002,1226.312807989123,0.0,0.0,Q1_low
39,19,12,12,1141.330664,1141.3306646574852,0.0,0.0,Q1_low
39,20,12,12,896.6474750000007,896.6474756603805,0.0,0.0,Q1_low
39,21,12,12,655.6474750000007,655.6474756603805,0.0,0.0,Q1_low
39,22,12,12,570.6653320000005,570.6653323287426,0.0,0.0,Q1_low
39,23,12,12,325.9821430000002,325.98214333163776,0.0,0.0,Q1_low
39,24,12,12,84.98214300000018,84.98214333163779,0.0,0.0,Q1_low
40,0,13,0,7288.460133,6716.991993972456,1.0,1.0,Q4_high
40,1,13,1,7169.460133,6882.02770730918,1.0,1.0,Q4_high
40,2,13,4,6583.804405999999,5984.20259307513,1.0,1.0,Q4_high
40,3,13,6,6445.928475,5846.326661643712,1.0,0.0,Q4_high
40,4,13,6,6300.9463319999995,5701.344518312075,1.0,0.0,Q4_high
40,5,13,6,5996.263143,5396.66132931497,1.0,0.0,Q4_high
40,6,13,6,5695.263143,5095.66132931497,1.0,0.0,Q4_high
40,7,13,6,5267.459303,4552.6177575710335,1.0,1.0,Q4_high
40,8,13,7,5120.502875,4405.66132931497,1.0,0.0,Q3
40,9,13,7,4825.502875,4110.66132931497,1.0,0.0,Q3
40,10,13,7,4530.502875,3815.6613293149703,1.0,0.0,Q3
40,11,13,7,4391.520731999999,3676.679185983333,1.0,0.0,Q3
40,12,13,7,4092.8375429999996,3377.9959969862275,1.0,0.0,Q3
40,13,13,7,3573.3981729999996,2881.6032687785746,1.0,1.0,Q3
40,14,13,8,3347.7909009999994,2655.9959969862275,1.0,1.0,Q3
40,15,13,10,3064.7909009999994,2372.995996986228,1.0,0.0,Q2
40,16,13,10,2372.6186099999995,2016.0533561329867,1.0,0.0,Q2
40,17,13,10,2171.8959189999996,1815.3306646574852,1.0,1.0,Q2
40,18,13,11,1906.8959189999996,1550.3306646574852,1.0,1.0,Q2
40,19,13,12,1797.9137759999994,1441.3485213258475,1.0,1.0,Q2
40,20,13,13,1219.7975989999995,1079.2207667904804,0.0,0.0,Q1_low
40,21,13,13,885.4241939999993,730.4282298716514,0.0,0.0,Q1_low
40,22,13,13,743.6612959999993,588.6653323287426,0.0,0.0,Q1_low
40,23,13,13,652.6791529999991,497.6831889971048,0.0,0.0,Q1_low
40,24,13,13,193.04165199999989,140.1023544162477,0.0,0.0,Q1_low
41,0,10,0,6700.924324,6716.991993972456,1.0,1.0,Q4_high
41,1,10,5,6581.924324,6882.02770730918,1.0,1.0,Q4_high
41,2,10,6,6032.521589999999,5929.188250515164,1.0,1.0,Q4_high
41,3,10,7,5811.325333,5707.991993972456,1.0,0.0,Q4_high
41,4,10,7,5459.937806999999,5341.582977668512,1.0,0.0,Q4_high
41,5,10,7,5256.681490999999,5138.326661643713,1.0,0.0,Q4_high
41,6,10,7,4961.681490999999,4843.326661643713,1.0,0.0,Q3
41,7,10,7,4822.699348,4704.344518312076,1.0,1.0,Q3
41,8,10,8,4524.016159,4405.66132931497,1.0,0.0,Q3
41,9,10,8,3841.9677629999996,3892.296092143212,1.0,1.0,Q3
41,10,10,9,3344.1976099999997,3345.9742442928514,1.0,0.0,Q3
41,11,10,9,2940.8673289999997,2899.1774333799012,1.0,0.0,Q2
41,12,10,9,2799.3512249999994,2757.6613293149708,1.0,0.0,Q2
41,13,10,9,2696.3690819999997,2654.679185983333,1.0,0.0,Q2
41,14,10,9,2433.685893,2391.995996986228,1.0,0.0,Q2
41,15,10,9,2174.685893,2132.995996986228,1.0,0.0,Q2
41,16,10,9,2071.7037499999997,2030.01385365459,1.0,0.0,Q2
41,17,10,9,1809.0205609999994,1767.3306646574852,1.0,0.0,Q2
41,18,10,9,1550.0205609999994,1508.3306646574854,1.0,0.0,Q1_low
41,19,10,9,1447.0384179999992,1405.3485213258475,1.0,1.0,Q1_low
41,20,10,10,1184.3552289999998,1142.6653323287426,0.0,0.0,Q1_low
41,21,10,10,925.3552289999998,883.6653323287426,0.0,0.0,Q1_low
41,22,10,10,467.9805929999993,467.9805928507685,0.0,0.0,Q1_low
41,23,10,10,349.98214299999927,349.98214333163776,0.0,0.0,Q1_low
41,24,10,10,253.0,252.99999999999997,0.0,0.0,Q1_low
42,0,12,0,7258.269283,6716.991993972456,1.0,1.0,Q4_high
42,1,12,3,7139.269283,6882.02770730918,1.0,1.0,Q4_high
42,2,12,5,6494.458175,5904.81208306542,1.0,0.0,Q4_high
42,3,12,5,6293.954897,5850.009850640818,1.0,0.0,Q4_high
42,4,12,5,6148.972753999999,5705.02770730918,1.0,0.0,Q4_high
42,5,12,5,5844.289564999999,5400.344518312075,1.0,1.0,Q4_high
42,6,12,6,5543.289564999999,5099.344518312075,1.0,0.0,Q4_high
42,7,12,6,5141.397514,4631.196259846732,1.0,0.0,Q4_high
42,8,12,6,4739.438807999999,4196.222613946005,1.0,0.0,Q3
42,9,12,6,4557.877522999999,4014.6613293149703,1.0,1.0,Q3
42,10,12,7,4268.877522999999,3725.6613293149703,1.0,0.0,Q3
42,11,12,7,4135.89538,3592.679185983333,1.0,1.0,Q3
42,12,12,8,3592.4174369999996,3076.6373918946965,1.0,0.0,Q3
42,13,12,8,3308.615649,2737.2839537744185,1.0,1.0,Q2
42,14,12,10,2930.6858569999995,2578.7012348260714,1.0,0.0,Q2
42,15,12,10,2461.20414,2209.1495333256726,1.0,0.0,Q2
42,16,12,10,2282.0684599999995,2030.01385365459,1.0,0.0,Q2
42,17,12,10,2019.3852709999992,1767.3306646574852,1.0,0.0,Q2
42,18,12,10,1760.3852709999992,1508.3306646574852,1.0,0.0,Q2
42,19,12,10,1657.403128,1405.3485213258475,1.0,1.0,Q1_low
42,20,12,11,1394.7199389999996,1142.6653323287426,1.0,1.0,Q1_low
42,21,12,12,1088.0552749999997,867.9940514551437,0.0,0.0,Q1_low
42,22,12,12,982.7444129999994,762.6831889971047,0.0,0.0,Q1_low
42,23,12,12,553.5660789999993,339.4058862153982,0.0,0.0,Q1_low
42,24,12,12,461.1601929999997,246.99999999999997,0.0,0.0,Q1_low
43,0,13,0,7156.619258,6716.991993972456,1.0,1.0,Q4_high
43,1,13,7,7037.619258,6882.02770730918,0.0,1.0,Q4_high
43,2,13,10,6308.433962,5585.237073261035,0.0,0.0,Q4_high
43,3,13,10,6167.188883,5586.0098506408185,1.0,1.0,Q4_high
43,4,13,11,5616.919255999999,4953.062425681715,1.0,0.0,Q4_high
43,5,13,11,5409.848824,4745.991993972456,1.0,0.0,Q4_high
43,6,13,11,5126.848824,4462.991993972456,1.0,0.0,Q3
43,7,13,11,4792.235855999999,4261.102277984697,1.0,0.0,Q3
43,8,13,11,4478.46024,3947.326661643713,1.0,0.0,Q3
43,9,13,11,4201.46024,3670.326661643713,1.0,0.0,Q3
43,10,13,11,4080.4780969999997,3549.3445183120757,1.0,0.0,Q3
43,11,13,11,3799.794908,3268.6613293149703,1.0,0.0,Q3
43,12,13,11,3522.794908,2991.6613293149703,1.0,0.0,Q3
43,13,13,11,3401.8127649999997,2870.679185983333,1.0,0.0,Q3
43,14,13,11,3121.129576,2589.995996986228,1.0,1.0,Q2
43,15,13,12,2844.1295759999994,2312.995996986228,1.0,0.0,Q2
43,16,13,12,2723.147433,2192.01385365459,1.0,1.0,Q2
43,17,13,13,2442.464244,1911.3306646574852,0.0,0.0,Q2
43,18,13,13,2142.870468,1595.589758725574,0.0,0.0,Q2
43,19,13,13,1787.1554929999993,1396.352736911355,0.0,0.0,Q2
43,20,13,13,1354.0243729999993,1175.8416089583807,0.0,0.0,Q1_low
43,21,13,13,1099.7908859999998,912.5633646549798,0.0,0.0,Q1_low
43,22,13,13,754.2096649999994,566.9821433316378,0.0,0.0,Q1_low
43,23,13,13,513.2096649999994,325.9821433316378,0.0,0.0,Q1_low
43,24,13,13,272.2096649999994,84.98214333163783,0.0,0.0,Q1_low
44,0,10,0,6611.375766,6716.991993972456,1.0,1.0,Q4_high
44,1,10,2,6492.375766,6882.02770730918,1.0,1.0,Q4_high
44,2,10,4,6038.142459000001,6206.3512259610225,1.0,1.0,Q4_high
44,3,10,5,5813.801084,5982.0098506408185,1.0,0.0,Q4_high
44,4,10,5,5501.851191,5507.6451835405305,1.0,1.0,Q4_high
44,5,10,6,5055.117743,4924.1548764045265,1.0,0.0,Q3
44,6,10,6,4860.289528,4729.326661643713,1.0,0.0,Q3
44,7,10,6,4571.289528,4440.326661643713,1.0,0.0,Q3
44,8,10,6,4438.307385,4307.344518312076,1.0,1.0,Q3
44,9,10,7,4145.624196000001,4014.6613293149703,1.0,1.0,Q3
44,10,10,8,3434.841346,3331.37679322971,1.0,0.0,Q3
44,11,10,8,3197.136718,3085.500209635236,1.0,0.0,Q2
44,12,10,8,2947.297838,2835.6613293149703,1.0,0.0,Q2
44,13,10,8,2838.3156950000002,2726.679185983333,1.0,0.0,Q2
44,14,10,8,2569.632506,2457.995996986228,1.0,1.0,Q2
44,15,10,9,2304.632506,2192.995996986228,1.0,0.0,Q2
44,16,10,9,2195.6503629999997,2084.01385365459,1.0,0.0,Q2
44,17,10,9,1780.7735659999998,1732.151594018674,1.0,1.0,Q2
44,18,10,10,1556.9526370000003,1508.3306646574852,0.0,0.0,Q1_low
44,19,10,10,1297.9526370000003,1249.3306646574852,0.0,0.0,Q1_low
44,20,10,10,1194.9704940000001,1146.3485213258475,0.0,0.0,Q1_low
44,21,10,10,730.4014530000004,730.4014535839635,0.0,0.0,Q1_low
44,22,10,10,606.6653320000005,606.6653323287426,0.0,0.0,Q1_low
44,23,10,10,353.6653320000005,353.6653323287427,0.0,0.0,Q1_low
44,24,10,10,256.6831890000003,256.6831889971049,0.0,0.0,Q1_low
45,0,12,0,6774.345537,6716.991993972456,1.0,1.0,Q4_high
45,1,12,3,6655.345537,6882.02770730918,1.0,1.0,Q4_high
45,2,12,7,6076.331012000001,5959.019446742963,1.0,1.0,Q4_high
45,3,12,10,5419.784988,5254.8156555648175,1.0,0.0,Q4_high
45,4,12,10,5154.410631000001,4991.603117922236,1.0,1.0,Q4_high
45,5,12,11,4537.973814,4406.688667123564,0.0,0.0,Q3
45,6,12,11,4366.2771410000005,4234.991993972456,0.0,0.0,Q3
45,7,12,11,4095.277141,3963.991993972456,0.0,0.0,Q3
45,8,12,11,3980.2949980000003,3849.0098506408185,0.0,0.0,Q3
45,9,12,11,3548.8922620000003,3373.930164637507,0.0,0.0,Q3
45,10,12,11,3388.288759,3213.326661643713,0.0,0.0,Q3
45,11,12,11,3279.3066160000003,3104.3445183120757,0.0,0.0,Q2
45,12,12,11,3010.623427,2835.6613293149703,0.0,0.0,Q2
45,13,12,11,2745.623427,2570.6613293149703,0.0,0.0,Q2
45,14,12,11,2636.6412840000003,2461.679185983333,0.0,0.0,Q2
45,15,12,11,2238.2683340000003,2042.5563514802284,0.0,0.0,Q2
45,16,12,11,2069.70798,1873.995996986228,0.0,0.0,Q2
45,17,12,11,1807.4995479999998,1603.7797337704408,0.0,1.0,Q2
45,18,12,12,1589.2190289999999,1398.9203652213632,0.0,0.0,Q1_low
45,19,12,12,1196.7917070000003,1196.7917071695983,0.0,0.0,Q1_low
45,20,12,12,896.6474749999998,896.6474756603805,0.0,0.0,Q1_low
45,21,12,12,811.6653320000005,811.6653323287426,0.0,0.0,Q1_low
45,22,12,12,566.9821430000002,566.9821433316378,0.0,0.0,Q1_low
45,23,12,12,325.9821430000002,325.98214333163776,0.0,0.0,Q1_low
45,24,12,12,84.98214300000018,84.98214333163783,0.0,0.0,Q1_low
46,0,13,0,7025.424339,6716.991993972456,1.0,1.0,Q4_high
46,1,13,5,6906.424339,6882.02770730918,1.0,1.0,Q4_high
46,2,13,6,6421.955911,5915.310242607813,1.0,1.0,Q4_high
46,3,13,8,6210.954473,5846.326661643712,1.0,1.0,Q4_high
46,4,13,10,5580.118658,5357.172180469743,1.0,1.0,Q4_high
46,5,13,11,5179.795701,4789.0187590449395,1.0,0.0,Q4_high
46,6,13,11,5058.316345,4667.539402860592,1.0,0.0,Q3
46,7,13,11,4781.316345,4390.539402860592,1.0,0.0,Q3
46,8,13,11,4383.069195,4103.300386910357,1.0,0.0,Q3
46,9,13,11,4176.326068,3896.557259528954,1.0,0.0,Q3
46,10,13,11,3734.855305,3404.3645930590524,1.0,0.0,Q3
46,11,13,11,3439.613245,3048.5923583971476,1.0,0.0,Q3
46,12,13,11,3070.682216,2679.6613293149703,1.0,0.0,Q2
46,13,13,11,2973.700073,2582.679185983333,1.0,0.0,Q2
46,14,13,11,2717.0168840000006,2325.995996986228,1.0,0.0,Q2
46,15,13,11,2464.0168840000006,2072.995996986228,0.0,0.0,Q2
46,16,13,11,2367.0347410000004,1976.01385365459,0.0,0.0,Q2
46,17,13,11,2110.351552,1719.3306646574852,1.0,0.0,Q2
46,18,13,11,1857.351552,1466.3306646574852,1.0,0.0,Q2
46,19,13,11,1562.7827310000002,1327.0310302906823,1.0,1.0,Q1_low
46,20,13,13,1460.4348900000005,1224.683188997105,0.0,0.0,Q1_low
46,21,13,13,1029.3593920000003,799.7016961459185,0.0,0.0,Q1_low
46,22,13,13,652.3051940000005,652.3051940257536,0.0,0.0,Q1_low
46,23,13,13,317.6653320000005,317.6653323287427,0.0,0.0,Q1_low
46,24,13,13,238.6831890000003,238.68318899710488,0.0,0.0,Q1_low
47,0,12,0,7790.834514,6716.991993972456,1.0,1.0,Q4_high
47,1,12,3,7671.834514,6882.02770730918,1.0,1.0,Q4_high
47,2,12,4,7177.935674,6156.8579844706455,1.0,0.0,Q4_high
47,3,12,4,7003.08754,5982.0098506408185,1.0,0.0,Q4_high
47,4,12,4,6852.105397,5831.02770730918,1.0,1.0,Q4_high
47,5,12,6,6541.422208,5520.344518312076,1.0,0.0,Q4_high
47,6,12,6,6027.899987000001,5158.179460201272,1.0,0.0,Q4_high
47,7,12,6,5716.082902,4846.362374980437,1.0,1.0,Q4_high
47,8,12,7,5417.399713000001,4547.679185983333,1.0,1.0,Q4_high
47,9,12,8,5122.399713000001,4252.679185983333,1.0,0.0,Q3
47,10,12,8,4983.41757,4113.697042651695,1.0,1.0,Q3
47,11,12,9,4684.734381,3815.01385365459,1.0,0.0,Q3
47,12,12,9,4313.822122,3484.786632852503,1.0,1.0,Q3
47,13,12,10,4138.067199,3309.031710322952,1.0,0.0,Q3
47,14,12,10,3648.089484,2954.3977445101327,1.0,0.0,Q3
47,15,12,10,3069.164702,2393.017944941912,1.0,0.0,Q2
47,16,12,10,2857.858403,2136.1322530716543,1.0,0.0,Q2
47,17,12,10,2187.711544,1856.2187974558033,1.0,1.0,Q2
47,18,12,12,1566.8454309999997,1392.5074931622903,0.0,0.0,Q1_low
47,19,12,12,1347.9854130000003,1173.6474756603805,0.0,0.0,Q1_low
47,20,12,12,1100.9854130000003,926.6474756603805,0.0,0.0,Q1_low
47,21,12,12,1010.0032700000002,835.6653323287426,0.0,0.0,Q1_low
47,22,12,12,759.3200809999998,584.9821433316378,0.0,0.0,Q1_low
47,23,12,12,400.4459770000003,400.4459777776371,0.0,0.0,Q1_low
47,24,12,12,84.98214300000018,84.98214333163783,0.0,0.0,Q1_low
48,0,13,0,7072.930614,6716.991993972456,1.0,1.0,Q4_high
48,1,13,5,6953.930614,6882.02770730918,0.0,1.0,Q4_high
48,2,13,8,6384.976946,5749.876098616075,0.0,1.0,Q4_high
48,3,13,9,6207.409652,5714.326661643713,0.0,0.0,Q4_high
48,4,13,9,5912.409652,5419.326661643713,0.0,0.0,Q4_high
48,5,13,9,5429.912124,4860.984049800541,0.0,0.0,Q4_high
48,6,13,9,5066.254645999999,4737.773166793333,0.0,1.0,Q3
48,7,13,10,4872.083895,4543.602415990244,1.0,0.0,Q3
48,8,13,10,4466.134067999999,4079.8918796962453,1.0,1.0,Q3
48,9,13,11,4279.844604,3893.6024159902436,1.0,0.0,Q3
48,10,13,11,4056.931583,3533.4356487559853,1.0,0.0,Q3
48,11,13,11,3818.157264,3294.6613293149708,1.0,0.0,Q3
48,12,13,11,3553.157264,3029.6613293149703,1.0,0.0,Q3
48,13,13,11,3250.6526129999997,2900.0202267701293,1.0,0.0,Q2
48,14,13,11,2936.628383,2585.995996986228,1.0,0.0,Q2
48,15,13,11,2677.628383,2326.995996986228,1.0,0.0,Q2
48,16,13,11,2574.64624,2224.01385365459,1.0,0.0,Q2
48,17,13,11,2144.356361,1849.015637325528,1.0,0.0,Q2
48,18,13,11,1951.9881989999994,1656.6474756603805,1.0,0.0,Q2
48,19,13,11,1855.0060560000002,1559.6653323287424,1.0,1.0,Q2
48,20,13,12,1206.062871,1037.2465109763064,1.0,0.0,Q1_low
48,21,13,12,1004.4816920000003,835.6653323287426,1.0,0.0,Q1_low
48,22,13,12,757.4816920000003,588.6653323287426,1.0,1.0,Q1_low
48,23,13,13,465.0062849999995,363.81236430278153,0.0,0.0,Q1_low
48,24,13,13,137.67541699999947,137.6754171018785,0.0,0.0,Q1_low
49,0,10,0,6501.436014,6716.991993972456,1.0,1.0,Q4_high
49,1,10,3,6382.436014,6882.02770730918,1.0,0.0,Q4_high
49,2,10,3,5763.193931,5900.842497813934,1.0,1.0,Q4_high
49,3,10,9,5308.48789,5344.551006226845,1.0,0.0,Q4_high
49,4,10,9,5118.928878,5297.009850640818,1.0,0.0,Q3
49,5,10,9,4417.070627,4541.894762219846,1.0,0.0,Q3
49,6,10,9,4290.520383,4415.344518312076,1.0,0.0,Q3
49,7,10,9,4181.53824,4306.362374980437,1.0,0.0,Q3
49,8,10,9,3912.855051,4037.679185983333,1.0,0.0,Q3
49,9,10,9,3355.8925609999997,3425.4502938402757,0.0,0.0,Q3
49,10,10,9,3206.103596,3275.6613293149708,0.0,1.0,Q2
49,11,10,10,2947.103596,3016.6613293149703,0.0,0.0,Q2
49,12,10,10,2771.87057,2771.870571167402,0.0,0.0,Q2
49,13,10,10,2578.995996,2578.995996986228,0.0,0.0,Q2
49,14,10,10,2325.9959959999996,2325.9959969862275,0.0,0.0,Q2
49,15,10,10,2072.9959959999996,2072.995996986228,0.0,0.0,Q2
49,16,10,10,1976.0138529999995,1976.01385365459,0.0,0.0,Q2
49,17,10,10,1719.330664,1719.3306646574852,0.0,0.0,Q2
49,18,10,10,1466.330664,1466.3306646574852,0.0,0.0,Q1_low
49,19,10,10,1213.330664,1213.3306646574852,0.0,0.0,Q1_low
49,20,10,10,1116.348521,1116.3485213258475,0.0,0.0,Q1_low
49,21,10,10,859.6653319999996,859.6653323287426,0.0,0.0,Q1_low
49,22,10,10,606.6653319999996,606.6653323287426,0.0,0.0,Q1_low
49,23,10,10,509.6831890000003,509.6831889971048,0.0,0.0,Q1_low
49,24,10,10,253.0,253.0,0.0,0.0,Q1_low
50,0,15,0,8613.454055,6716.991993972456,1.0,1.0,Q4_high
50,1,15,4,8494.454055,6882.02770730918,0.0,1.0,Q4_high
50,2,15,5,8020.338032,6244.237295379304,0.0,1.0,Q4_high
50,3,15,6,7758.110587,5982.0098506408185,0.0,0.0,Q4_high
50,4,15,6,7517.683977000001,5554.004584473367,0.0,0.0,Q4_high
50,5,15,6,7222.006054,5400.344518312076,0.0,1.0,Q4_high
50,6,15,8,6921.006054,5099.344518312076,1.0,0.0,Q4_high
50,7,15,8,6776.023911,4954.362374980437,1.0,0.0,Q4_high
50,8,15,8,6255.9069070000005,4350.701908917689,1.0,0.0,Q4_high
50,9,15,8,5682.1360939999995,3929.9829693676925,1.0,0.0,Q4_high
50,10,15,8,5387.814454,3635.6613293149703,1.0,0.0,Q4_high
50,11,15,8,5104.814454,3352.6613293149703,1.0,0.0,Q3
50,12,15,8,4977.832311,3225.679185983333,1.0,1.0,Q3
50,13,15,9,4691.149122000001,2938.995996986228,1.0,0.0,Q3
50,14,15,9,3868.0833629999997,2608.932422318227,1.0,1.0,Q3
50,15,15,10,3572.146938,2312.995996986228,1.0,0.0,Q3
50,16,15,10,3119.875935,1954.6074295173617,1.0,1.0,Q2
50,17,15,11,2501.086047,1687.8943861722807,1.0,1.0,Q2
50,18,15,12,2237.522325,1424.3306646574852,1.0,1.0,Q2
50,19,15,14,1990.522325,1177.3306646574852,0.0,0.0,Q2
50,20,15,14,1630.0748439999998,1126.381222703406,0.0,1.0,Q1_low
50,21,15,15,1129.6144409999997,639.607080657876,0.0,0.0,Q1_low
50,22,15,15,1024.6726930000004,534.6653323287427,0.0,0.0,Q1_low
50,23,15,15,795.6726930000004,305.6653323287427,0.0,0.0,Q1_low
50,24,15,15,722.6905500000003,232.68318899710488,0.0,0.0,Q1_low
51,0,12,0,6924.640827,6716.991993972456,1.0,1.0,Q4_high
51,1,12,6,6805.640827,6882.02770730918,1.0,1.0,Q4_high
51,2,12,7,6130.402809,5863.034267432141,1.0,1.0,Q4_high
51,3,12,9,5817.613343,5514.116406338938,1.0,0.0,Q4_high
51,4,12,9,5584.488931,5474.991993972456,1.0,0.0,Q4_high
51,5,12,9,5215.371722,5046.854922909424,1.0,1.0,Q4_high
51,6,12,10,5039.861317,4871.344518312076,1.0,0.0,Q3
51,7,12,10,4750.861317000001,4582.344518312076,1.0,0.0,Q3
51,8,12,10,4297.351632,3971.166105778567,1.0,1.0,Q3
51,9,12,11,3964.5755910000003,3588.685200024635,1.0,0.0,Q3
51,10,12,11,3419.077197,3145.0104051293665,1.0,1.0,Q3
51,11,12,12,3264.7459780000004,2990.679185983333,0.0,0.0,Q2
51,12,12,12,2825.67296,2825.672961231853,0.0,0.0,Q2
51,13,12,12,2282.661328,2282.6613293149703,0.0,0.0,Q2
51,14,12,12,2041.6613280000001,2041.6613293149708,0.0,0.0,Q2
51,15,12,12,1956.679185,1956.6791859833327,0.0,0.0,Q2
51,16,12,12,1711.9959960000006,1711.995996986228,0.0,0.0,Q2
51,17,12,12,1470.9959960000006,1470.995996986228,0.0,0.0,Q1_low
51,18,12,12,1386.0138530000004,1386.01385365459,0.0,0.0,Q1_low
51,19,12,12,1141.330664,1141.3306646574852,0.0,0.0,Q1_low
51,20,12,12,900.3306640000001,900.3306646574853,0.0,0.0,Q1_low
51,21,12,12,815.3485209999999,815.3485213258475,0.0,0.0,Q1_low
51,22,12,12,570.6653320000005,570.6653323287427,0.0,0.0,Q1_low
51,23,12,12,329.6653320000005,329.6653323287427,0.0,0.0,Q1_low
51,24,12,12,244.6831890000003,244.68318899710488,0.0,0.0,Q1_low
52,0,16,0,6514.711793,6716.991993972456,1.0,1.0,Q4_high
52,1,16,5,6395.711793,6882.02770730918,1.0,1.0,Q4_high
52,2,16,9,5887.171357,6096.167413602884,1.0,0.0,Q4_high
52,3,16,9,5637.330605,5846.326661643712,1.0,1.0,Q4_high
52,4,16,10,5336.330605,5545.326661643713,1.0,0.0,Q4_high
52,5,16,10,4958.558886000001,4991.700294651026,1.0,1.0,Q3
52,6,16,12,4644.120161000001,4576.102056696254,1.0,0.0,Q3
52,7,16,12,4508.344766,4440.326661643713,1.0,0.0,Q3
52,8,16,12,4219.344766,4151.326661643713,1.0,0.0,Q3
52,9,16,12,3911.0241010000004,3838.414562675233,1.0,1.0,Q3
52,10,16,13,3297.7423190000004,3249.2598499596425,1.0,1.0,Q2
52,11,16,14,2813.1354990000004,2767.4643053185964,0.0,1.0,Q2
52,12,16,15,2725.3325230000005,2679.6613293149703,0.0,0.0,Q2
52,13,16,15,2275.3394980000003,2174.3187530524187,0.0,0.0,Q2
52,14,16,15,2142.6820740000003,2041.6613293149708,1.0,0.0,Q2
52,15,16,15,2057.699931,1956.6791859833327,1.0,0.0,Q2
52,16,16,15,1813.0167420000007,1711.995996986228,1.0,0.0,Q2
52,17,16,15,1572.0167420000007,1470.995996986228,1.0,0.0,Q1_low
52,18,16,15,1487.0345990000005,1386.01385365459,1.0,0.0,Q1_low
52,19,16,15,1242.3514100000002,1141.3306646574852,1.0,1.0,Q1_low
53,0,16,0,6570.17472,6716.991993972456,1.0,1.0,Q4_high
53,1,16,6,6451.17472,6882.02770730918,0.0,1.0,Q4_high
53,2,16,9,5810.457543,5857.585602617412,0.0,1.0,Q4_high
53,3,16,10,5152.278996,5082.7720742935535,0.0,0.0,Q4_high
53,4,16,10,4972.4989160000005,4902.991993972456,0.0,0.0,Q3
53,5,16,10,4695.4989160000005,4625.991993972456,0.0,0.0,Q3
53,6,16,10,4340.54864,4307.253828921204,0.0,1.0,Q3
53,7,16,12,4149.621473,4116.326661643713,0.0,0.0,Q3
53,8,16,12,3878.621473,3845.326661643713,1.0,0.0,Q3
53,9,16,12,3385.560635,3677.361576740355,1.0,1.0,Q3
53,10,16,13,2779.484958,3115.1840645059174,1.0,0.0,Q2
53,11,16,13,2596.962223,2932.6613293149703,1.0,0.0,Q2
53,12,16,13,2343.9622229999995,2679.6613293149703,1.0,0.0,Q2
53,13,16,13,2246.9800800000003,2582.679185983333,1.0,0.0,Q2
53,14,16,13,1990.296891,2325.995996986228,1.0,1.0,Q2
53,15,16,14,1737.296891,2072.995996986228,1.0,0.0,Q2
53,16,16,14,1328.1003549999996,1744.4700583514368,1.0,0.0,Q1_low
53,17,16,14,1206.9609609999998,1623.3306646574852,1.0,1.0,Q1_low
53,18,16,15,965.9609609999998,1382.3306646574852,1.0,0.0,Q1_low
53,19,16,15,880.9788179999996,1297.3485213258475,1.0,0.0,Q1_low
53,20,16,15,395.56165599999986,1052.190485502912,1.0,1.0,Q1_low
54,0,14,0,7673.926083,6716.991993972456,1.0,1.0,Q4_high
54,1,14,2,7554.926083,6882.02770730918,1.0,1.0,Q4_high
54,2,14,6,7022.129751,6117.025467131093,1.0,1.0,Q4_high
54,3,14,7,6794.908216,5909.329012466762,1.0,0.0,Q4_high
54,4,14,7,6590.606911000001,5705.02770730918,1.0,0.0,Q4_high
54,5,14,7,6094.998788000001,5191.665805320591,1.0,0.0,Q4_high
54,6,14,7,5888.677501,4985.344518312076,1.0,0.0,Q4_high
54,7,14,7,5749.695358000001,4846.362374980437,1.0,1.0,Q4_high
54,8,14,8,5451.012169,4547.679185983333,1.0,1.0,Q4_high
54,9,14,9,5156.012169,4252.679185983333,1.0,0.0,Q4_high
54,10,14,9,4762.742123,3709.0014368750954,1.0,1.0,Q3
54,11,14,11,4308.508406000001,3450.9239142805895,1.0,1.0,Q3
54,12,14,12,3901.949402,3120.7645860116413,1.0,0.0,Q3
54,13,14,12,3475.997037,2632.0275863322104,1.0,1.0,Q3
54,14,14,13,2656.9899290000003,2263.0596177525485,0.0,0.0,Q2
54,15,14,13,2506.627354,2534.9959969862275,0.0,0.0,Q2
54,16,14,13,2421.645211,2450.01385365459,0.0,0.0,Q2
54,17,14,13,2176.9620220000006,2205.330664657485,0.0,0.0,Q2
54,18,14,13,1880.2058130000005,1799.9948688886236,0.0,0.0,Q2
54,19,14,13,1504.8173630000001,1424.6064190040158,0.0,0.0,Q1_low
54,20,14,13,950.5416089999999,870.3306646574854,1.0,0.0,Q1_low
54,21,14,13,871.5594660000006,791.3485213258475,1.0,0.0,Q1_low
54,22,14,13,632.8762770000003,552.6653323287426,1.0,1.0,Q1_low
54,23,14,14,397.8762770000003,317.6653323287427,0.0,0.0,Q1_low
54,24,14,14,137.29759000000013,137.2975900702531,0.0,0.0,Q1_low
55,0,12,0,7068.317243,6716.991993972456,1.0,1.0,Q4_high
55,1,12,3,6949.317243,6882.02770730918,1.0,1.0,Q4_high
55,2,12,7,6533.242996000001,6205.565059476963,1.0,0.0,Q4_high
55,3,12,7,6306.004598,5978.326661643712,1.0,0.0,Q4_high
55,4,12,7,5889.928137000001,5675.278088114535,1.0,1.0,Q4_high
55,5,12,8,5456.272374,5091.557278305183,1.0,1.0,Q4_high
55,6,12,9,5075.078495000001,4553.32256412938,1.0,0.0,Q3
55,7,12,9,4746.082593000001,4224.326661643713,1.0,0.0,Q3
55,8,12,9,4469.082593000001,3947.326661643713,1.0,0.0,Q3
55,9,12,9,4348.10045,3826.3445183120757,1.0,0.0,Q3
55,10,12,9,4067.4172610000005,3545.6613293149703,1.0,0.0,Q3
55,11,12,9,3790.4172610000005,3268.6613293149703,1.0,0.0,Q3
55,12,12,9,3500.0000090000003,2966.5367936190187,1.0,1.0,Q3
55,13,12,11,3092.4432360000005,2736.5718529123856,1.0,0.0,Q2
55,14,12,11,2822.2937030000003,2590.8289599757363,1.0,0.0,Q2
55,15,12,11,2492.4251300000005,2431.9765747625684,1.0,0.0,Q2
55,16,12,11,2182.163455000001,2121.714899320057,1.0,0.0,Q2
55,17,12,11,1925.4802660000005,1865.0317103229522,1.0,0.0,Q2
55,18,12,11,1668.7970770000002,1608.3485213258475,1.0,1.0,Q1_low
55,19,12,12,1415.7970770000002,1355.3485213258475,0.0,0.0,Q1_low
55,20,12,12,1318.814934,1258.3663779942096,0.0,0.0,Q1_low
55,21,12,12,867.8394010000002,799.3996716780487,0.0,0.0,Q1_low
55,22,12,12,799.122918,730.6831889971048,0.0,0.0,Q1_low
55,23,12,12,708.1407750000008,639.701045665467,0.0,0.0,Q1_low
55,24,12,12,457.45758600000045,389.0178566683622,0.0,0.0,Q1_low
56,0,13,0,7458.302426,6716.991993972456,1.0,1.0,Q4_high
56,1,13,6,7339.302426,6882.02770730918,0.0,1.0,Q4_high
56,2,13,7,6770.63422,6164.269305371023,0.0,1.0,Q4_high
56,3,13,8,6462.3257,5823.770916678002,0.0,1.0,Q4_high
56,4,13,9,6203.582491,5565.02770730918,0.0,0.0,Q4_high
56,5,13,9,5933.557070000001,5157.642465780459,0.0,0.0,Q4_high
56,6,13,9,5647.259123,4871.344518312076,0.0,1.0,Q4_high
56,7,13,10,5284.161826,4506.164580719763,1.0,0.0,Q4_high
56,8,13,10,4682.451147,3961.926637360094,1.0,0.0,Q3
56,9,13,10,4446.905265,3800.198227761106,1.0,0.0,Q3
56,10,13,10,4154.3862229999995,3507.679185983333,1.0,0.0,Q3
56,11,13,10,3889.386223,3242.679185983333,1.0,0.0,Q3
56,12,13,10,3780.4040800000002,3133.697042651695,1.0,0.0,Q3
56,13,13,10,3511.7208910000004,2865.01385365459,1.0,0.0,Q3
56,14,13,10,3246.720891,2600.01385365459,1.0,0.0,Q2
56,15,13,10,3137.7387479999998,2491.0317103229527,1.0,0.0,Q2
56,16,13,10,2869.0555590000004,2222.3485213258473,0.0,1.0,Q2
56,17,13,11,2604.0555590000004,1957.3485213258475,1.0,0.0,Q2
56,18,13,11,2289.3919100000003,1894.2896629287445,1.0,0.0,Q2
56,19,13,11,2079.8115370000005,1681.2756252069191,1.0,0.0,Q2
56,20,13,11,1723.572099,1417.4799006767057,1.0,1.0,Q2
56,21,13,12,1529.7575310000002,1223.6653323287428,1.0,1.0,Q1_low
56,22,13,13,1282.7575310000002,976.6653323287427,0.0,0.0,Q1_low
56,23,13,13,952.0585150000006,952.058514586279,0.0,0.0,Q1_low
56,24,13,13,623.0,623.0,0.0,0.0,Q1_low
57,0,16,0,5122.848917,6716.991993972456,1.0,1.0,Q3
57,1,16,11,5003.848917,6882.02770730918,1.0,0.0,Q3
57,2,16,11,4570.194556,5923.191389120109,1.0,1.0,Q3
57,3,16,12,4052.5541620000004,4879.5640536931305,1.0,1.0,Q3
57,4,16,13,3834.3696980000004,4681.857490719049,1.0,1.0,Q3
57,5,16,14,3487.987801,4300.663239310548,1.0,0.0,Q3
57,6,16,14,3346.6512230000003,4159.326661643713,1.0,1.0,Q3
57,7,16,15,3083.9680340000004,3896.643472646608,1.0,0.0,Q2
57,8,16,15,2824.9680340000004,3637.643472646608,1.0,0.0,Q2
57,9,16,15,2544.387626,3223.1595010295664,1.0,0.0,Q2
57,10,16,15,2413.2062650000003,3091.978140317866,1.0,0.0,Q2
57,11,16,15,2166.2062650000003,2844.978140317866,1.0,0.0,Q2
57,12,16,15,2075.224122,2753.995996986228,1.0,0.0,Q2
57,13,16,15,1466.7418880000005,2233.928962237893,1.0,0.0,Q1_low
57,14,16,15,1360.808923,2127.9959969862275,1.0,0.0,Q1_low
57,15,16,15,1125.808923,1892.995996986228,1.0,0.0,Q1_low
57,16,16,15,1046.8267800000003,1814.01385365459,1.0,0.0,Q1_low
57,17,16,15,808.143591,1575.3306646574852,1.0,1.0,Q1_low
58,0,15,0,7188.073048,6716.991993972456,1.0,1.0,Q4_high
58,1,15,4,7069.073048,6882.02770730918,1.0,1.0,Q4_high
58,2,15,6,6379.758062,5858.762785151324,1.0,1.0,Q4_high
58,3,15,9,5807.32122,5205.532521191496,1.0,0.0,Q4_high
58,4,15,9,5429.357939,4942.853502096527,1.0,0.0,Q4_high
58,5,15,9,5193.419483,4556.362200598888,1.0,0.0,Q4_high
58,6,15,9,5028.0671330000005,4391.009850640818,1.0,0.0,Q3
58,7,15,9,4753.383944,4116.326661643713,1.0,0.0,Q3
58,8,15,9,4482.383944,3845.326661643713,1.0,0.0,Q3
58,9,15,9,4367.401801,3730.3445183120757,1.0,1.0,Q3
58,10,15,11,4092.718612,3455.6613293149708,1.0,0.0,Q3
58,11,15,11,3616.357773,3062.4244577151935,1.0,1.0,Q3
58,12,15,12,3311.594645,2757.6613293149703,1.0,0.0,Q2
58,13,15,12,3208.6125020000004,2654.679185983333,1.0,0.0,Q2
58,14,15,12,2807.399085,2240.1977070298926,1.0,1.0,Q2
58,15,15,14,1991.0565459999998,1792.2020012087812,0.0,0.0,Q2
58,16,15,14,1764.6894090000005,1523.6650018677587,0.0,0.0,Q2
58,17,15,14,1664.0204039999999,1422.995996986228,1.0,0.0,Q1_low
58,18,15,14,1465.5627880000002,1201.7568676934693,1.0,0.0,Q1_low
58,19,15,14,1333.1365850000002,1069.3306646574854,1.0,0.0,Q1_low
58,20,15,14,1104.1365850000002,840.3306646574854,1.0,0.0,Q1_low
58,21,15,14,1031.154442,767.3485213258475,1.0,1.0,Q1_low
58,22,15,15,798.4712530000006,534.6653323287426,0.0,0.0,Q1_low
58,23,15,15,569.4712530000006,305.6653323287427,0.0,0.0,Q1_low
58,24,15,15,302.58998599999995,302.58998572562575,0.0,0.0,Q1_low
59,0,11,0,7373.969498,6716.991993972456,1.0,1.0,Q4_high
59,1,11,4,7254.969498,6882.02770730918,0.0,1.0,Q4_high
59,2,11,5,6539.120997,5866.911343181639,0.0,1.0,Q4_high
59,3,11,7,6006.088762,5629.287347592078,0.0,0.0,Q4_high
59,4,11,7,5707.659005,5407.2714822123835,0.0,0.0,Q4_high
59,5,11,7,5482.749898,5182.362374980437,0.0,0.0,Q4_high
59,6,11,7,5196.066709000001,4895.679185983332,0.0,0.0,Q4_high
59,7,11,7,4913.066709000001,4612.679185983333,1.0,0.0,Q3
59,8,11,7,4786.084566,4485.697042651695,1.0,0.0,Q3
59,9,11,7,4499.401377,4199.01385365459,1.0,1.0,Q3
59,10,11,8,4216.401377,3916.0138536545896,1.0,0.0,Q3
59,11,11,8,3864.6409490000005,3546.1508741288553,1.0,0.0,Q3
59,12,11,8,3603.975428,3253.0363042542112,0.0,1.0,Q3
59,13,11,9,3283.5112790000003,3086.7732324706853,1.0,0.0,Q2
59,14,11,9,3116.027655000001,2919.2896080011205,1.0,0.0,Q2
59,15,11,9,2762.214425,2606.153210541083,1.0,1.0,Q2
59,16,11,10,2471.0207100000007,2327.3528966476597,0.0,1.0,Q2
59,17,11,11,2324.2920890000005,2180.624275672378,0.0,0.0,Q2
59,18,11,11,2071.2920890000005,1927.624275672378,0.0,0.0,Q2
59,19,11,11,1812.7167960000006,1812.7167963296502,0.0,0.0,Q2
59,20,11,11,1543.9589430000005,1543.9589433436354,0.0,0.0,Q1_low
59,21,11,11,977.6831890000003,977.6831889971048,0.0,0.0,Q1_low
59,22,11,11,588.6653320000005,588.6653323287427,0.0,0.0,Q1_low
59,23,11,11,341.6653320000005,341.6653323287427,0.0,0.0,Q1_low
59,24,11,11,250.6831890000003,250.68318899710488,0.0,0.0,Q1_low
60,0,11,0,6755.388841,6716.991993972456,1.0,1.0,Q4_high
60,1,11,3,6636.388841,6882.02770730918,0.0,1.0,Q4_high
60,2,11,6,6010.398604,5764.137304888305,0.0,0.0,Q4_high
60,3,11,6,5818.570104,5714.326661643713,0.0,0.0,Q4_high
60,4,11,6,5523.570104,5419.326661643713,0.0,0.0,Q4_high
60,5,11,6,5134.223298,5104.486187060925,0.0,1.0,Q4_high
60,6,11,8,4897.39844,4867.66132931497,0.0,0.0,Q3
60,7,11,8,4568.786397,4479.992558226221,1.0,0.0,Q3
60,8,11,8,4166.139723,3945.2523993161776,1.0,0.0,Q3
60,9,11,8,4039.865464,3818.9781403178654,1.0,0.0,Q3
60,10,11,8,3685.038848,3502.7146224694225,1.0,0.0,Q3
60,11,11,8,3363.302366,3180.9781403178654,1.0,0.0,Q3
60,12,11,8,3092.302366,2909.9781403178654,1.0,0.0,Q2
60,13,11,8,2715.491228,2557.779677918442,1.0,0.0,Q2
60,14,11,8,2612.0243579999997,2454.312807989123,1.0,1.0,Q2
60,15,11,9,2347.0243579999997,2189.312807989123,1.0,1.0,Q2
60,16,11,10,2082.0243579999997,1924.312807989123,1.0,0.0,Q2
60,17,11,10,1808.3954949999998,1750.4422533732984,1.0,0.0,Q2
60,18,11,10,1393.7146059999995,1399.432310951874,1.0,0.0,Q1_low
60,19,11,10,1203.929771,1209.6474756603805,1.0,1.0,Q1_low
60,20,11,11,950.9297710000001,956.6474756603805,0.0,0.0,Q1_low
60,21,11,11,699.0164370000002,699.0164374234795,0.0,0.0,Q1_low
60,22,11,11,584.9821430000002,584.9821433316378,0.0,0.0,Q1_low
60,23,11,11,337.9821430000002,337.98214333163776,0.0,0.0,Q1_low
60,24,11,11,90.98214300000018,90.98214333163783,0.0,0.0,Q1_low
61,0,10,0,6853.610547,6716.991993972456,1.0,1.0,Q4_high
61,1,10,6,6734.610547,6882.02770730918,1.0,0.0,Q4_high
61,2,10,6,6135.221644,5874.378188967544,1.0,1.0,Q4_high
61,3,10,7,5532.489545,5205.213842282588,1.0,0.0,Q4_high
61,4,10,7,5248.614297,4941.9976795680595,1.0,1.0,Q4_high
61,5,10,8,4932.608611000001,4625.991993972456,1.0,0.0,Q3
61,6,10,8,4811.626468,4505.0098506408185,1.0,1.0,Q3
61,7,10,9,4530.943279,4224.326661643713,1.0,0.0,Q3
61,8,10,9,4146.753137,3924.4028483019138,1.0,0.0,Q3
61,9,10,9,3952.6948070000003,3730.3445183120757,1.0,0.0,Q3
61,10,10,9,3678.011618,3455.6613293149703,1.0,0.0,Q3
61,11,10,9,3407.011618,3184.6613293149703,1.0,0.0,Q3
61,12,10,9,3292.0294750000003,3069.679185983333,1.0,0.0,Q2
61,13,10,9,3017.3462860000004,2794.9959969862275,1.0,0.0,Q2
61,14,10,9,2746.346286,2523.995996986228,1.0,0.0,Q2
61,15,10,9,2392.4720850000003,2157.858177362902,1.0,0.0,Q2
61,16,10,9,2314.9445720000003,2080.330664657485,1.0,0.0,Q2
61,17,10,9,2049.9445720000003,1815.3306646574852,1.0,0.0,Q2
61,18,10,9,1784.9445720000003,1550.3306646574852,1.0,0.0,Q2
61,19,10,9,1675.9624290000002,1441.3485213258475,1.0,1.0,Q1_low
61,20,10,10,1407.2792399999998,1172.6653323287426,0.0,0.0,Q1_low
61,21,10,10,1142.2792399999998,907.6653323287426,0.0,0.0,Q1_low
61,22,10,10,886.1006050000005,719.8197953356214,0.0,0.0,Q1_low
61,23,10,10,684.2808100000002,518.0,0.0,0.0,Q1_low
61,24,10,10,264.6907190000002,264.69071882594744,0.0,0.0,Q1_low
62,0,10,0,7268.584345,6716.991993972456,1.0,1.0,Q4_high
62,1,10,1,7149.584345,6882.02770730918,1.0,1.0,Q4_high
62,2,10,4,6604.743947,6004.573705288805,1.0,1.0,Q4_high
62,3,10,5,5999.984905,5609.431212799836,1.0,1.0,Q4_high
62,4,10,7,5369.068599,4931.498337660426,1.0,0.0,Q4_high
62,5,10,7,5183.562255000001,5030.02770730918,1.0,0.0,Q4_high
62,6,10,7,5056.580112,4903.045563977543,1.0,0.0,Q3
62,7,10,7,4769.896923,4616.362374980437,1.0,0.0,Q3
62,8,10,7,4486.896923,4333.362374980437,1.0,0.0,Q3
62,9,10,7,4359.91478,4206.3802316488,1.0,0.0,Q3
62,10,10,7,4073.231591,3919.697042651695,1.0,1.0,Q3
62,11,10,8,3790.231591,3636.697042651695,1.0,0.0,Q3
62,12,10,8,3663.249448,3509.714899320057,1.0,0.0,Q3
62,13,10,8,3192.9062860000004,3032.3850548038326,1.0,1.0,Q2
62,14,10,9,3034.5529420000003,2874.031710322952,1.0,0.0,Q2
62,15,10,9,2577.661808,2368.5837596023066,1.0,0.0,Q2
62,16,10,9,2431.4265700000005,2222.3485213258473,1.0,1.0,Q2
62,17,10,10,2166.4265700000005,1957.3485213258475,0.0,0.0,Q2
62,18,10,10,1901.4265700000005,1692.3485213258477,0.0,0.0,Q2
62,19,10,10,1565.7578170000006,1448.8243265715444,0.0,0.0,Q1_low
62,20,10,10,1158.6754900000005,1158.6754900373114,0.0,0.0,Q1_low
62,21,10,10,1001.6831890000003,1001.6831889971048,0.0,0.0,Q1_low
62,22,10,10,748.6831890000003,748.6831889971048,0.0,0.0,Q1_low
62,23,10,10,651.7010460000001,651.7010456654671,0.0,0.0,Q1_low
62,24,10,10,395.0178569999998,395.0178566683622,0.0,0.0,Q1_low
63,0,14,0,6870.435611,6716.991993972456,1.0,1.0,Q4_high
63,1,14,9,6751.435611,6882.02770730918,1.0,1.0,Q4_high
63,2,14,10,5806.427416,5417.6894025944175,1.0,1.0,Q4_high
63,3,14,11,5483.108119,4996.185912461952,1.0,0.0,Q4_high
63,4,14,11,5389.914201,4902.991993972456,1.0,0.0,Q4_high
63,5,14,11,5268.932058,4782.009850640818,1.0,0.0,Q4_high
63,6,14,11,4988.248869,4501.326661643713,1.0,1.0,Q3
63,7,14,13,4711.248869,4224.326661643713,1.0,0.0,Q3
63,8,14,13,4432.403869,3893.404371271241,1.0,0.0,Q3
63,9,14,13,3967.463675,3481.9028618023576,1.0,0.0,Q3
63,10,14,13,3761.222143,3275.6613293149708,1.0,0.0,Q3
63,11,14,13,3078.203688,2762.5737293713655,1.0,1.0,Q2
63,12,14,14,2817.088003,2511.1369750640615,0.0,0.0,Q2
63,13,14,14,2672.630214,2716.1382767549844,0.0,0.0,Q2
63,14,14,14,2593.6480709999996,2637.156133423347,0.0,0.0,Q2
63,15,14,14,2175.8257009999998,2175.825702161653,0.0,0.0,Q2
63,16,14,14,2109.4729429999998,2109.472944426242,0.0,0.0,Q2
63,17,14,14,2036.4907999999996,2036.4908010946042,0.0,0.0,Q2
63,18,14,14,1803.8076110000002,1803.807612097499,0.0,0.0,Q2
63,19,14,14,1574.8076110000002,1574.807612097499,0.0,0.0,Q1_low
63,20,14,14,1345.8076110000002,1345.8076120974993,0.0,0.0,Q1_low
63,21,14,14,1272.825468,1272.8254687658614,0.0,0.0,Q1_low
63,22,14,14,1040.1422789999997,1040.1422797687567,0.0,0.0,Q1_low
63,23,14,14,807.4590900000003,807.4590907716517,0.0,0.0,Q1_low
63,24,14,14,734.4769470000001,734.4769474400139,0.0,0.0,Q1_low
64,0,14,0,6984.614501,6716.991993972456,1.0,1.0,Q4_high
64,1,14,5,6865.614501,6882.02770730918,1.0,1.0,Q4_high
64,2,14,8,6434.703839,6081.259556618609,1.0,0.0,Q4_high
64,3,14,8,6189.753087,5978.326661643713,1.0,1.0,Q4_high
64,4,14,9,5882.753087,5671.326661643713,1.0,0.0,Q4_high
64,5,14,9,5573.372031,5276.574203013744,1.0,0.0,Q4_high
64,6,14,9,5123.778262,4600.82771707941,1.0,0.0,Q3
64,7,14,9,4579.639696,4107.681183473829,1.0,0.0,Q3
64,8,14,9,4158.852835,3693.1713117410136,1.0,1.0,Q3
64,9,14,11,3748.632827,3362.4201669592176,1.0,1.0,Q3
64,10,14,12,3332.259354,2944.311368660119,0.0,0.0,Q3
64,11,14,12,2902.035836,2678.888594218261,0.0,0.0,Q2
64,12,14,12,2590.7907139999998,2367.643472646608,1.0,0.0,Q2
64,13,14,12,2505.8085709999996,2282.6613293149703,1.0,0.0,Q2
64,14,14,12,2261.125382,2037.9781403178656,1.0,1.0,Q2
64,15,14,13,2020.1253820000002,1796.9781403178658,1.0,0.0,Q2
64,16,14,13,1935.143239,1711.995996986228,1.0,0.0,Q2
64,17,14,13,1498.2872939999997,1370.6891782158223,1.0,1.0,Q1_low
64,18,14,14,1311.9109239999998,1184.312807989123,0.0,0.0,Q1_low
64,19,14,14,1232.9287809999996,1105.3306646574852,0.0,0.0,Q1_low
64,20,14,14,803.3807399999996,803.3807410822685,0.0,0.0,Q1_low
64,21,14,14,607.6474749999998,607.6474756603805,0.0,0.0,Q1_low
64,22,14,14,534.6653319999996,534.6653323287426,0.0,0.0,Q1_low
64,23,14,14,301.9821430000002,301.98214333163776,0.0,0.0,Q1_low
64,24,14,14,72.98214300000018,72.98214333163779,0.0,0.0,Q1_low
65,0,13,0,7574.783822,6716.991993972456,1.0,1.0,Q4_high
65,1,13,3,7455.783822,6882.02770730918,1.0,1.0,Q4_high
65,2,13,7,6691.529051,5974.963471156292,1.0,1.0,Q4_high
65,3,13,8,6566.575430000001,5850.009850640818,1.0,0.0,Q4_high
65,4,13,8,6181.028613,5625.3621792226995,1.0,1.0,Q4_high
65,5,13,9,5639.473395000001,5145.374925420985,0.0,0.0,Q4_high
65,6,13,9,5393.4608450000005,4899.362374980437,0.0,0.0,Q4_high
65,7,13,9,5110.4608450000005,4616.362374980437,1.0,0.0,Q3
65,8,13,9,4780.2917990000005,4262.770855507382,1.0,0.0,Q3
65,9,13,9,4624.217986,4106.697042651695,1.0,0.0,Q3
65,10,13,9,4347.217986,3829.697042651695,1.0,0.0,Q3
65,11,13,9,4226.235843,3708.714899320057,1.0,0.0,Q3
65,12,13,9,3945.5526540000005,3428.031710322952,1.0,0.0,Q3
65,13,13,9,3668.5526540000005,3151.031710322952,1.0,1.0,Q3
65,14,13,11,3391.552654,2874.0317103229527,1.0,0.0,Q3
65,15,13,11,3085.0481930000005,2620.1181917652148,1.0,1.0,Q2
65,16,13,12,2518.434472,2341.7771995698736,1.0,0.0,Q2
65,17,13,12,2200.4914180000005,2038.714036634405,1.0,1.0,Q2
65,18,13,13,2065.0848460000007,1903.307464669483,0.0,0.0,Q2
65,19,13,13,1818.0848460000007,1656.307464669483,0.0,0.0,Q2
65,20,13,13,1398.795755,1353.2923065883704,0.0,0.0,Q1_low
65,21,13,13,963.8118610000001,963.811861724124,0.0,0.0,Q1_low
65,22,13,13,871.9410860000007,871.9410866752731,0.0,0.0,Q1_low
65,23,13,13,792.9589430000005,792.9589433436354,0.0,0.0,Q1_low
65,24,13,13,554.2757540000002,554.2757543465306,0.0,0.0,Q1_low
66,0,11,0,6856.516479,6716.991993972456,1.0,1.0,Q4_high
66,1,11,3,6737.516479,6882.02770730918,1.0,0.0,Q4_high
66,2,11,3,6176.834941,6016.594463731779,1.0,1.0,Q4_high
66,3,11,4,5742.503224,5700.448769142238,1.0,1.0,Q4_high
66,4,11,6,5266.727848,5271.804504751549,1.0,0.0,Q4_high
66,5,11,6,4954.630508,5035.19648554953,1.0,1.0,Q3
66,6,11,7,4815.701771,4896.267748318986,1.0,0.0,Q3
66,7,11,7,4682.719628,4763.285604987348,1.0,0.0,Q3
66,8,11,7,4233.678583,4240.066658381056,1.0,0.0,Q3
66,9,11,7,3735.1530119999998,3463.641649126684,1.0,1.0,Q3
66,10,11,9,3344.7719349999998,3160.619432167151,0.0,0.0,Q3
66,11,11,9,3270.813832,3086.6613293149708,0.0,0.0,Q2
66,12,11,9,2966.707585,2824.6495798258875,1.0,0.0,Q2
66,13,11,9,2779.054002,2636.9959969862275,1.0,1.0,Q2
66,14,11,10,2516.3708129999995,2374.312807989123,1.0,0.0,Q2
66,15,11,10,2413.3886700000003,2271.330664657485,1.0,0.0,Q2
66,16,11,10,2064.36398,2032.2790633417437,1.0,0.0,Q2
66,17,11,10,1595.3977249999998,1563.312807989123,1.0,0.0,Q1_low
66,18,11,10,1342.3977249999998,1310.312807989123,1.0,1.0,Q1_low
66,19,11,11,1245.4155819999996,1213.3306646574852,0.0,0.0,Q1_low
66,20,11,11,872.4611400000003,872.4611409471237,0.0,0.0,Q1_low
66,21,11,11,679.6474749999998,679.6474756603805,0.0,0.0,Q1_low
66,22,11,11,588.6653319999996,588.6653323287426,0.0,0.0,Q1_low
66,23,11,11,337.9821430000002,337.98214333163776,0.0,0.0,Q1_low
66,24,11,11,90.98214300000018,90.98214333163779,0.0,0.0,Q1_low
67,0,16,0,6862.668721,6716.991993972456,1.0,1.0,Q4_high
67,1,16,4,6743.668721,6882.02770730918,1.0,1.0,Q4_high
67,2,16,5,6071.6469990000005,5775.036111375934,1.0,1.0,Q4_high
67,3,16,7,5872.602882,5718.0098506408185,1.0,1.0,Q4_high
67,4,16,10,5169.178955,4951.508208456371,1.0,1.0,Q4_high
67,5,16,11,4820.69441,4518.444574952491,1.0,1.0,Q3
67,6,16,12,4441.159668,4196.109537165457,1.0,0.0,Q3
67,7,16,12,4205.3589360000005,3960.308804975351,1.0,0.0,Q3
67,8,16,12,4090.376793,3845.326661643713,1.0,1.0,Q3
67,9,16,13,3815.693604,3570.643472646608,1.0,0.0,Q3
67,10,16,13,3544.693604,3299.6434726466086,1.0,0.0,Q3
67,11,16,13,3232.385158,3096.8560992158064,1.0,0.0,Q2
67,12,16,13,2967.507199,2831.9781403178654,1.0,0.0,Q2
67,13,16,13,2702.5071989999997,2566.9781403178654,1.0,0.0,Q2
67,14,16,13,2217.6380419999996,2190.5528883468446,1.0,0.0,Q2
67,15,16,13,1931.915774,1895.5849825859402,1.0,1.0,Q2
67,16,16,14,1798.643599,1762.312807989123,1.0,0.0,Q2
67,17,16,14,1498.1743319999996,1609.0121214673723,1.0,1.0,Q1_low
67,18,16,15,1138.3039179999996,1252.9372661000084,0.0,0.0,Q1_low
67,19,16,15,987.0141279999998,1101.6474756603807,0.0,0.0,Q1_low
67,20,16,15,752.0141279999998,866.6474756603805,0.0,0.0,Q1_low
67,21,16,15,490.1180430000004,625.1978723294744,1.0,1.0,Q1_low
68,0,12,0,6362.142898,6716.991993972456,1.0,1.0,Q4_high
68,1,12,6,6243.142898,6882.02770730918,1.0,1.0,Q4_high
68,2,12,8,5729.936021,5977.224340450811,1.0,0.0,Q4_high
68,3,12,8,5187.455158,5262.736388907972,1.0,1.0,Q4_high
68,4,12,9,4912.337685,4890.8255021641135,0.0,1.0,Q3
68,5,12,10,4720.25759,4596.180173911381,0.0,0.0,Q3
68,6,12,10,4473.06941,4348.991993972456,1.0,0.0,Q3
68,7,12,10,4352.087267,4228.0098506408185,1.0,1.0,Q3
68,8,12,11,4071.404078,3947.326661643713,1.0,0.0,Q3
68,9,12,11,3628.732637,3543.449974062472,1.0,0.0,Q3
68,10,12,11,3454.627181,3369.3445183120757,1.0,0.0,Q3
68,11,12,11,3024.204807,2866.591257877938,1.0,0.0,Q2
68,12,12,11,2915.274878,2757.6613293149703,1.0,0.0,Q2
68,13,12,11,2812.292735,2654.679185983333,1.0,0.0,Q2
68,14,12,11,2549.609546,2391.9959969862275,1.0,1.0,Q2
68,15,12,12,2249.026172,2070.911055038932,0.0,0.0,Q2
68,16,12,12,2154.128971,1976.01385365459,0.0,0.0,Q2
68,17,12,12,1676.858472,1587.8109098275327,0.0,0.0,Q1_low
68,18,12,12,1374.6130060000005,1374.6130061718873,0.0,0.0,Q1_low
68,19,12,12,1141.330664,1141.3306646574852,0.0,0.0,Q1_low
68,20,12,12,1056.348521,1056.3485213258475,0.0,0.0,Q1_low
68,21,12,12,811.6653320000005,811.6653323287426,0.0,0.0,Q1_low
68,22,12,12,570.6653320000005,570.6653323287426,0.0,0.0,Q1_low
68,23,12,12,485.6831890000003,485.6831889971048,0.0,0.0,Q1_low
68,24,12,12,241.0,241.0,0.0,0.0,Q1_low
69,0,10,0,7171.618566,6716.991993972456,1.0,1.0,Q4_high
69,1,10,4,7052.618566,6882.02770730918,1.0,1.0,Q4_high
69,2,10,6,6558.39178,6035.986415150469,1.0,0.0,Q4_high
69,3,10,6,6233.0966260000005,5618.619552062182,1.0,0.0,Q4_high
69,4,10,6,6017.785879,5545.326661643713,1.0,0.0,Q4_high
69,5,10,6,5872.803736,5258.326661643713,1.0,0.0,Q4_high
69,6,10,6,5568.120547,5095.66132931497,1.0,0.0,Q4_high
69,7,10,6,5087.324705999999,4413.738066262334,1.0,0.0,Q3
69,8,10,6,4734.661115,4099.550235284677,1.0,1.0,Q3
69,9,10,7,4401.437541,3766.326661643713,1.0,0.0,Q3
69,10,10,7,4274.455398,3639.3445183120757,1.0,0.0,Q3
69,11,10,7,3793.614121,3238.064964372318,1.0,0.0,Q3
69,12,10,7,3547.210486,2991.6613293149703,1.0,0.0,Q3
69,13,10,7,3426.228343,2870.679185983333,1.0,0.0,Q3
69,14,10,7,3145.545154,2589.9959969862275,1.0,1.0,Q2
69,15,10,9,2868.5451540000004,2312.995996986228,1.0,0.0,Q2
69,16,10,9,2591.5451540000004,2035.995996986228,1.0,0.0,Q2
69,17,10,9,2470.563011,1915.01385365459,1.0,1.0,Q2
69,18,10,10,2189.879822,1634.3306646574852,0.0,0.0,Q2
69,19,10,10,1912.8798219999999,1357.3306646574852,0.0,0.0,Q2
69,20,10,10,1639.168729,1092.7699413370274,0.0,0.0,Q1_low
69,21,10,10,962.037343,962.0373435359884,0.0,0.0,Q1_low
69,22,10,10,606.6653320000005,606.6653323287426,0.0,0.0,Q1_low
69,23,10,10,353.6653320000005,353.6653323287427,0.0,0.0,Q1_low
69,24,10,10,256.6831890000003,256.6831889971049,0.0,0.0,Q1_low
70,0,14,0,6343.004863,6716.991993972456,1.0,1.0,Q4_high
70,1,14,8,6224.004863,6882.02770730918,0.0,0.0,Q4_high
70,2,14,8,5785.714701,6318.205366965193,0.0,0.0,Q4_high
70,3,14,8,5373.848441,5570.051149232213,0.0,1.0,Q4_high
70,4,14,9,4926.364346,4848.677840387916,1.0,0.0,Q3
70,5,14,9,4662.385808,4520.706125598894,1.0,1.0,Q3
70,6,14,10,4137.177154,3939.2732562005763,1.0,1.0,Q3
70,7,14,11,3880.2776320000003,3618.340539923706,0.0,1.0,Q3
70,8,14,12,3517.38733,3247.093071809182,0.0,0.0,Q3
70,9,14,12,3400.603063,3130.308804975351,0.0,0.0,Q3
70,10,14,12,3303.6209200000003,3033.326661643713,0.0,1.0,Q2
70,11,14,13,3046.937731,2776.643472646608,0.0,1.0,Q2
70,12,14,14,2706.3094020000003,2525.835587315181,0.0,0.0,Q2
70,13,14,14,2459.684005,2296.157757524333,0.0,0.0,Q2
70,14,14,14,2201.5043880000003,2037.9781403178656,0.0,0.0,Q2
70,15,14,14,1960.5043880000003,1796.9781403178658,0.0,0.0,Q2
70,16,14,14,1701.191025,1510.2407227357653,0.0,0.0,Q1_low
70,17,14,14,1610.2631099999999,1419.312807989123,0.0,0.0,Q1_low
70,18,14,14,1375.2631099999999,1184.312807989123,0.0,0.0,Q1_low
70,19,14,14,1296.2809669999997,1105.3306646574852,0.0,0.0,Q1_low
70,20,14,14,1057.5977780000003,866.6474756603805,0.0,0.0,Q1_low
70,21,14,14,822.5977780000003,631.6474756603805,0.0,0.0,Q1_low
70,22,14,14,743.6156350000001,552.6653323287426,0.0,0.0,Q1_low
70,23,14,14,504.9324459999998,313.9821433316378,0.0,0.0,Q1_low
70,24,14,14,269.9324459999998,78.98214333163783,0.0,0.0,Q1_low
71,0,14,0,7467.552312,6716.991993972456,1.0,1.0,Q4_high
71,1,14,5,7348.552312,6882.02770730918,1.0,1.0,Q4_high
71,2,14,8,6136.1063269999995,5402.824348331238,1.0,1.0,Q4_high
71,3,14,9,5718.517881,5186.439215495261,1.0,0.0,Q4_high
71,4,14,9,5593.106373,5061.02770730918,1.0,0.0,Q4_high
71,5,14,9,5478.124229999999,4946.045563977542,1.0,0.0,Q4_high
71,6,14,9,5203.441041,4671.362374980437,1.0,1.0,Q4_high
71,7,14,10,4932.441041,4400.362374980437,1.0,0.0,Q3
71,8,14,10,4623.757275,3907.1562407530337,1.0,1.0,Q3
71,9,14,11,4213.898399,3546.1207875599584,1.0,0.0,Q3
71,10,14,11,3943.438941,3275.6613293149703,1.0,0.0,Q3
71,11,14,11,3684.438941,3016.6613293149703,1.0,0.0,Q3
71,12,14,11,3581.4567979999997,2913.679185983333,1.0,0.0,Q3
71,13,14,11,3318.773609,2650.9959969862275,1.0,1.0,Q2
71,14,14,12,3059.773609,2391.9959969862275,1.0,1.0,Q2
71,15,14,13,2800.773609,2132.995996986228,1.0,0.0,Q2
71,16,14,13,2537.62356,1802.4450042665126,1.0,0.0,Q2
71,17,14,13,2406.50922,1671.3306646574852,0.0,1.0,Q2
71,18,14,14,2018.214156,1274.6888374937444,0.0,0.0,Q2
71,19,14,14,1819.557377,1092.4315941973698,0.0,0.0,Q2
71,20,14,14,1627.4564469999996,900.3306646574853,0.0,0.0,Q1_low
71,21,14,14,1333.2053779999997,837.906863322411,0.0,0.0,Q1_low
71,22,14,14,1047.963847,552.6653323287426,0.0,0.0,Q1_low
71,23,14,14,812.963847,317.66533232874264,0.0,0.0,Q1_low
71,24,14,14,733.9817039999998,238.68318899710482,0.0,0.0,Q1_low
72,0,10,0,6445.999152,6716.991993972456,1.0,1.0,Q4_high
72,1,10,5,6326.999152,6882.02770730918,1.0,1.0,Q4_high
72,2,10,8,5740.723053000001,5825.351124321105,1.0,1.0,Q4_high
72,3,10,9,4939.404981000001,5293.924666516616,1.0,0.0,Q3
72,4,10,9,4600.2989720000005,4789.64812148775,1.0,1.0,Q3
72,5,10,10,4235.042057000001,4279.830677288737,0.0,0.0,Q3
72,6,10,10,3939.1132810000004,3913.539950452593,0.0,0.0,Q3
72,7,10,10,3769.882136,3744.308804975351,0.0,0.0,Q3
72,8,10,10,3510.882136,3485.308804975351,0.0,0.0,Q3
72,9,10,10,3407.8999930000004,3382.326661643713,0.0,0.0,Q3
72,10,10,10,3145.216804,3119.643472646608,0.0,0.0,Q2
72,11,10,10,2886.216804,2860.643472646608,0.0,0.0,Q2
72,12,10,10,2783.2346610000004,2757.6613293149703,0.0,0.0,Q2
72,13,10,10,2520.551472,2494.9781403178654,0.0,0.0,Q2
72,14,10,10,2261.551472,2235.978140317866,0.0,0.0,Q2
72,15,10,10,1993.9942100000007,1993.994210723324,0.0,0.0,Q2
72,16,10,10,1816.3128070000002,1816.312807989123,0.0,0.0,Q2
72,17,10,10,1563.3128070000002,1563.312807989123,0.0,0.0,Q1_low
72,18,10,10,1466.330664,1466.3306646574852,0.0,0.0,Q1_low
72,19,10,10,1209.6474750000007,1209.6474756603805,0.0,0.0,Q1_low
72,20,10,10,956.6474750000007,956.6474756603805,0.0,0.0,Q1_low
72,21,10,10,859.6653320000005,859.6653323287426,0.0,0.0,Q1_low
72,22,10,10,602.9821430000002,602.9821433316378,0.0,0.0,Q1_low
72,23,10,10,349.9821430000002,349.98214333163776,0.0,0.0,Q1_low
72,24,10,10,96.98214300000018,96.98214333163783,0.0,0.0,Q1_low
73,0,13,0,6999.922861,6716.991993972456,1.0,1.0,Q4_high
73,1,13,4,6880.922861,6882.02770730918,1.0,0.0,Q4_high
73,2,13,4,6356.585459,5891.146336455192,1.0,1.0,Q4_high
73,3,13,6,6173.431117,5707.991993972455,1.0,1.0,Q4_high
73,4,13,7,5300.824537,4907.4008369644,1.0,1.0,Q4_high
73,5,13,10,4681.122153,4440.779447410942,1.0,0.0,Q3
73,6,13,10,4231.841291000001,3903.3422137568787,1.0,0.0,Q3
73,7,13,10,3986.433388,3701.1912248245585,1.0,0.0,Q3
73,8,13,10,3828.252014,3543.009850640818,1.0,0.0,Q3
73,9,13,10,3571.568825,3286.326661643713,1.0,0.0,Q3
73,10,13,10,3318.568825,3033.326661643713,1.0,0.0,Q2
73,11,13,10,3221.586682,2936.3445183120757,1.0,0.0,Q2
73,12,13,10,2964.903493,2679.6613293149703,1.0,1.0,Q2
73,13,13,11,2711.903493,2426.6613293149708,1.0,0.0,Q2
73,14,13,11,2614.9213499999996,2329.679185983333,1.0,0.0,Q2
73,15,13,11,2178.4657989999996,1924.1039082584834,1.0,1.0,Q2
73,16,13,12,2020.3578880000005,1765.995996986228,1.0,0.0,Q2
73,17,13,12,1825.9223940000002,1598.6106363025879,1.0,0.0,Q2
73,18,13,12,1609.642422,1382.3306646574852,1.0,0.0,Q1_low
73,19,13,12,1368.642422,1141.3306646574852,1.0,0.0,Q1_low
73,20,13,12,1283.6602789999997,1056.3485213258475,1.0,1.0,Q1_low
73,21,13,13,1038.9770900000003,811.6653323287426,0.0,0.0,Q1_low
73,22,13,13,797.9770900000003,570.6653323287426,0.0,0.0,Q1_low
73,23,13,13,556.9770900000003,329.6653323287427,0.0,0.0,Q1_low
73,24,13,13,329.4177380000001,329.4177384018045,0.0,0.0,Q1_low
74,0,12,0,6665.177704,6716.991993972456,1.0,1.0,Q4_high
74,1,12,7,6546.177704,6882.02770730918,1.0,1.0,Q4_high
74,2,12,8,6111.271475,6052.123959034803,1.0,1.0,Q4_high
74,3,12,9,5622.444355,5615.31531651162,1.0,0.0,Q4_high
74,4,12,9,4631.7682589999995,4608.569681909711,1.0,1.0,Q3
74,5,12,11,4264.584623999999,4166.877843181734,1.0,0.0,Q3
74,6,12,11,4104.698775,4006.991993972456,1.0,0.0,Q3
74,7,12,11,3845.698775,3747.991993972456,1.0,0.0,Q3
74,8,12,11,3742.7166319999997,3645.0098506408185,1.0,0.0,Q3
74,9,12,11,3480.033443,3382.326661643713,1.0,0.0,Q3
74,10,12,11,3221.033443,3123.326661643713,1.0,0.0,Q2
74,11,12,11,3118.0512999999996,3020.3445183120757,1.0,0.0,Q2
74,12,12,11,2855.3681109999998,2757.6613293149703,1.0,0.0,Q2
74,13,12,11,2596.3681109999998,2498.6613293149703,1.0,0.0,Q2
74,14,12,11,2278.920389,2224.823522697484,1.0,0.0,Q2
74,15,12,11,2127.092863,2072.995996986228,1.0,0.0,Q2
74,16,12,11,1874.0928629999999,1819.995996986228,1.0,0.0,Q2
74,17,12,11,1777.1107199999997,1723.01385365459,1.0,1.0,Q2
74,18,12,12,1520.4275309999994,1466.3306646574852,0.0,0.0,Q1_low
74,19,12,12,1267.4275309999994,1213.3306646574852,0.0,0.0,Q1_low
74,20,12,12,1033.3137299999999,986.4568057403237,0.0,0.0,Q1_low
74,21,12,12,878.8390679999993,831.9821433316378,0.0,0.0,Q1_low
74,22,12,12,453.2105019999999,453.21050236631856,0.0,0.0,Q1_low
74,23,12,12,329.6653319999996,329.6653323287427,0.0,0.0,Q1_low
74,24,12,12,244.6831889999994,244.68318899710488,0.0,0.0,Q1_low
75,0,12,0,7779.153736,6716.991993972456,1.0,1.0,Q4_high
75,1,12,3,7660.153736,6882.02770730918,1.0,1.0,Q4_high
75,2,12,4,6816.088479,5834.429510507123,1.0,1.0,Q4_high
75,3,12,6,6323.824201,5294.3679437025985,1.0,0.0,Q4_high
75,4,12,6,6054.765062,5025.308804975351,1.0,1.0,Q4_high
75,5,12,7,5771.765062,4742.308804975351,1.0,0.0,Q4_high
75,6,12,7,5644.782919,4615.326661643713,1.0,0.0,Q4_high
75,7,12,7,5228.391446,4134.408766834464,1.0,0.0,Q4_high
75,8,12,7,5037.626152000001,3943.643472646608,1.0,0.0,Q3
75,9,12,7,4773.146062,3730.810960984334,1.0,1.0,Q3
75,10,12,8,4494.313241,3451.978140317866,1.0,0.0,Q3
75,11,12,8,3997.7933040000003,3056.253377087017,1.0,1.0,Q3
75,12,12,10,3773.5180670000004,2831.9781403178654,1.0,0.0,Q3
75,13,12,10,3508.518067,2566.9781403178654,1.0,0.0,Q3
75,14,12,10,3211.8959720000003,2475.561179245364,1.0,0.0,Q2
75,15,12,10,2865.6476010000006,2129.312807989123,1.0,0.0,Q2
75,16,12,10,2522.5466190000006,1894.1888829718537,1.0,0.0,Q2
75,17,12,10,2347.6884010000003,1719.3306646574852,1.0,0.0,Q2
75,18,12,10,2091.005212,1462.6474756603805,1.0,1.0,Q2
75,19,12,11,1838.005212,1209.6474756603805,0.0,0.0,Q2
75,20,12,11,1501.2355969999999,997.1664890451445,0.0,0.0,Q1_low
75,21,12,11,1339.7344400000002,835.6653323287426,0.0,0.0,Q1_low
75,22,12,11,1089.0512509999999,584.9821433316378,0.0,1.0,Q1_low
75,23,12,12,842.0512509999999,337.98214333163776,0.0,0.0,Q1_low
75,24,12,12,595.0512509999999,90.98214333163779,0.0,0.0,Q1_low
76,0,12,0,7214.228065,6716.991993972456,1.0,1.0,Q4_high
76,1,12,4,7095.228065,6882.02770730918,1.0,1.0,Q4_high
76,2,12,7,6586.89524,6016.882783457129,1.0,0.0,Q4_high
76,3,12,7,6275.409182,5616.178384882691,1.0,1.0,Q4_high
76,4,12,8,6062.539602000001,5545.326661643713,1.0,0.0,Q4_high
76,5,12,8,5917.557459000001,5258.326661643713,1.0,0.0,Q4_high
76,6,12,8,5462.74844,4709.323768346468,1.0,0.0,Q4_high
76,7,12,8,4345.945298000001,4124.563611690909,1.0,1.0,Q3
76,8,12,9,4165.025159000001,3943.643472646608,1.0,0.0,Q3
76,9,12,9,4044.043016,3822.6613293149703,1.0,0.0,Q3
76,10,12,9,3638.7196750000003,3399.167333148198,1.0,0.0,Q3
76,11,12,9,3416.8472930000003,3177.2949513207614,1.0,0.0,Q3
76,12,12,9,3301.86515,3062.312807989123,1.0,1.0,Q2
76,13,12,10,2760.50573,2622.704547962721,1.0,1.0,Q2
76,14,12,11,2420.595496,2277.2185974015047,0.0,1.0,Q2
76,15,12,12,2276.372896,2132.995996986228,0.0,0.0,Q2
76,16,12,12,1794.4735019999998,1761.194665201835,0.0,0.0,Q2
76,17,12,12,1600.2748339999998,1566.995996986228,0.0,0.0,Q1_low
76,18,12,12,1503.2926910000006,1470.01385365459,0.0,0.0,Q1_low
76,19,12,12,1246.6095020000002,1213.3306646574852,0.0,0.0,Q1_low
76,20,12,12,993.6095020000002,960.3306646574853,0.0,0.0,Q1_low
76,21,12,12,896.6273590000001,863.3485213258475,0.0,0.0,Q1_low
76,22,12,12,639.9441700000007,606.6653323287427,0.0,0.0,Q1_low
76,23,12,12,386.94417000000067,353.6653323287427,0.0,0.0,Q1_low
76,24,12,12,90.008288,90.00828845919247,0.0,0.0,Q1_low
77,0,13,0,6971.404648,6716.991993972456,1.0,1.0,Q4_high
77,1,13,4,6852.404648,6882.02770730918,1.0,1.0,Q4_high
77,2,13,6,6257.500683,5890.959498138233,1.0,1.0,Q4_high
77,3,13,7,5770.550759,5178.074934697056,1.0,1.0,Q4_high
77,4,13,8,5505.70681,5008.695165892446,1.0,0.0,Q4_high
77,5,13,8,5160.894762,4724.058068993866,1.0,0.0,Q4_high
77,6,13,8,4824.163355,4387.326661643713,1.0,0.0,Q3
77,7,13,8,4553.163355,4116.326661643713,1.0,0.0,Q3
77,8,13,8,4438.1812119999995,4001.3445183120757,1.0,1.0,Q3
77,9,13,9,4163.498023,3726.6613293149703,1.0,1.0,Q3
77,10,13,11,3564.442842,3253.4979912029567,1.0,1.0,Q3
77,11,13,12,3469.6240369999996,3158.679185983333,0.0,0.0,Q3
77,12,13,12,3366.641894,3055.697042651695,0.0,0.0,Q3
77,13,13,12,3103.9587049999996,2793.01385365459,0.0,0.0,Q2
77,14,13,12,2844.958705,2534.01385365459,1.0,0.0,Q2
77,15,13,12,2741.976562,2431.031710322952,1.0,0.0,Q2
77,16,13,12,2479.2933729999995,2168.3485213258473,1.0,0.0,Q2
77,17,13,12,1917.0370189999994,1718.553025323874,1.0,0.0,Q2
77,18,13,12,1439.0732600000001,1274.1442930116855,1.0,1.0,Q1_low
77,19,13,13,1133.9511439999997,1133.9511445441435,0.0,0.0,Q1_low
77,20,13,13,870.3306640000001,870.3306646574854,0.0,0.0,Q1_low
77,21,13,13,791.3485209999999,791.3485213258475,0.0,0.0,Q1_low
77,22,13,13,552.6653319999996,552.6653323287426,0.0,0.0,Q1_low
77,23,13,13,317.6653319999996,317.6653323287427,0.0,0.0,Q1_low
77,24,13,13,238.6831889999994,238.68318899710488,0.0,0.0,Q1_low
78,0,11,0,7163.872009,6716.991993972456,1.0,1.0,Q4_high
78,1,11,2,7044.872009,6882.02770730918,1.0,1.0,Q4_high
78,2,11,3,6660.774895,6098.503249146681,1.0,1.0,Q4_high
78,3,11,5,6200.234732,5780.672124142555,1.0,1.0,Q4_high
78,4,11,6,5881.79968,5384.341682355399,1.0,0.0,Q4_high
78,5,11,6,5673.7668029999995,5176.308804975351,1.0,0.0,Q4_high
78,6,11,6,5534.784659999999,5037.326661643713,1.0,0.0,Q4_high
78,7,11,6,5236.101471,4738.643472646609,1.0,1.0,Q4_high
78,8,11,9,4755.986747,4034.4676688475415,1.0,1.0,Q3
78,9,11,10,4345.176325,3576.2901701860465,1.0,0.0,Q3
78,10,11,10,4158.529627,3389.643472646608,1.0,0.0,Q3
78,11,11,10,3869.4403319999997,3318.5844466570497,1.0,0.0,Q3
78,12,11,10,3460.8340259999995,2909.978140317866,1.0,0.0,Q3
78,13,11,10,3189.8340259999995,2638.9781403178654,1.0,0.0,Q2
78,14,11,10,3074.851883,2523.9959969862275,1.0,0.0,Q2
78,15,11,10,2800.168694,2249.312807989123,0.0,1.0,Q2
78,16,11,11,2368.2320019999997,2035.8433267950302,0.0,0.0,Q2
78,17,11,11,1991.7014829999998,1659.312807989123,0.0,0.0,Q2
78,18,11,11,1704.8587539999999,1394.7952455320587,0.0,0.0,Q1_low
78,19,11,11,1371.4511819999998,1193.9756321366951,0.0,0.0,Q1_low
78,20,11,11,1134.1230259999993,956.6474756603805,0.0,0.0,Q1_low
78,21,11,11,881.1230259999993,703.6474756603805,0.0,0.0,Q1_low
78,22,11,11,784.140883,606.6653323287426,0.0,0.0,Q1_low
78,23,11,11,527.4576939999997,349.98214333163776,0.0,0.0,Q1_low
78,24,11,11,274.4576939999997,96.98214333163779,0.0,0.0,Q1_low
79,0,10,0,7067.522673,6716.991993972456,1.0,1.0,Q4_high
79,1,10,5,6948.522673,6882.02770730918,1.0,1.0,Q4_high
79,2,10,6,6378.113646000001,6044.411273895486,1.0,1.0,Q4_high
79,3,10,7,5866.07712,5349.030260425501,1.0,0.0,Q4_high
79,4,10,7,5504.836726,4897.14697058632,1.0,1.0,Q4_high
79,5,10,8,5349.99856,4745.991993972456,1.0,0.0,Q4_high
79,6,10,8,5066.99856,4462.991993972456,1.0,0.0,Q3
79,7,10,8,4940.016417000001,4336.0098506408185,1.0,0.0,Q3
79,8,10,8,4653.333228,4049.326661643713,1.0,0.0,Q3
79,9,10,8,4370.333228,3766.326661643713,1.0,0.0,Q3
79,10,10,8,4243.351085,3639.3445183120753,1.0,1.0,Q3
79,11,10,9,3956.6678960000004,3352.6613293149703,1.0,0.0,Q3
79,12,10,9,3673.6678960000004,3069.6613293149703,1.0,0.0,Q3
79,13,10,9,3342.9653810000004,2981.667837203345,1.0,0.0,Q3
79,14,10,9,2951.293541,2589.9959969862275,1.0,0.0,Q2
79,15,10,9,2674.293541,2312.995996986228,1.0,0.0,Q2
79,16,10,9,2320.8595410000007,1998.4782766175654,1.0,0.0,Q2
79,17,10,9,2185.711929,1863.3306646574852,1.0,1.0,Q2
79,18,10,10,1914.711929,1592.3306646574852,0.0,0.0,Q2
79,19,10,10,1799.7297860000008,1477.3485213258475,0.0,0.0,Q2
79,20,10,10,1406.3355860000001,1099.8708496077247,0.0,0.0,Q1_low
79,21,10,10,1214.1300690000007,907.6653323287426,0.0,0.0,Q1_low
79,22,10,10,909.3782460000002,730.4584739373737,0.0,0.0,Q1_low
79,23,10,10,696.9197720000002,518.0,0.0,0.0,Q1_low
79,24,10,10,342.59189200000037,342.5918915388296,0.0,0.0,Q1_low
80,0,11,0,7247.104515,6716.991993972456,1.0,1.0,Q4_high
80,1,11,3,7128.104515,6882.02770730918,1.0,1.0,Q4_high
80,2,11,4,6600.548669,6153.133612761412,1.0,1.0,Q4_high
80,3,11,6,5900.551675,5308.766402851487,1.0,1.0,Q4_high
80,4,11,7,5746.777266,5154.991993972456,1.0,0.0,Q4_high
80,5,11,7,5457.405633,4930.319655479205,1.0,1.0,Q4_high
80,6,11,8,5284.430496,4757.344518312076,1.0,0.0,Q4_high
80,7,11,8,4897.0237529999995,4438.3819624422085,0.0,0.0,Q3
80,8,11,8,4619.531209000001,4140.583050745056,0.0,1.0,Q3
80,9,11,9,4347.627344,3868.679185983333,0.0,1.0,Q3
80,10,11,10,4076.627344,3597.679185983333,0.0,0.0,Q3
80,11,11,10,3805.627344,3326.679185983333,0.0,0.0,Q3
80,12,11,10,3536.772755,3201.6480420475023,0.0,0.0,Q3
80,13,11,10,2840.760851,2630.857449177488,0.0,0.0,Q2
80,14,11,10,2677.9172550000003,2468.01385365459,1.0,0.0,Q2
80,15,11,10,2282.8993979999996,2072.995996986228,1.0,0.0,Q2
80,16,11,10,2029.8993979999996,1819.995996986228,1.0,0.0,Q2
80,17,11,10,1932.9172550000003,1723.01385365459,1.0,0.0,Q2
80,18,11,10,1676.234066,1466.3306646574852,1.0,0.0,Q1_low
80,19,11,10,1423.234066,1213.3306646574852,1.0,0.0,Q1_low
80,20,11,10,1326.2519229999998,1116.3485213258475,1.0,1.0,Q1_low
80,21,11,11,1069.5687340000004,859.6653323287426,0.0,0.0,Q1_low
80,22,11,11,659.0787570000002,659.0787575922491,0.0,0.0,Q1_low
80,23,11,11,341.6653319999996,341.6653323287427,0.0,0.0,Q1_low
80,24,11,11,250.6831890000003,250.68318899710488,0.0,0.0,Q1_low
81,0,14,0,7172.382219,6716.991993972456,1.0,1.0,Q4_high
81,1,14,4,7053.382219,6882.02770730918,1.0,1.0,Q4_high
81,2,14,6,6529.03276,6175.284240523228,1.0,1.0,Q4_high
81,3,14,7,6113.091831,5443.462734378695,1.0,0.0,Q4_high
81,4,14,7,5950.621091,5423.0098506408185,1.0,0.0,Q4_high
81,5,14,7,5811.638948,5142.0098506408185,1.0,1.0,Q4_high
81,6,14,8,5253.731915,4663.0275731935135,1.0,1.0,Q4_high
81,7,14,9,4888.359007999999,4212.785703769338,1.0,1.0,Q3
81,8,14,10,4724.899966,4049.326661643713,1.0,0.0,Q3
81,9,14,10,4175.304347,3612.6733857908666,1.0,1.0,Q3
81,10,14,11,3822.605305,3404.658708269974,1.0,1.0,Q3
81,11,14,12,3528.550366,3133.4720624185693,0.0,0.0,Q3
81,12,14,12,3312.4406790000003,2917.362374980438,0.0,0.0,Q2
81,13,14,12,3053.4406790000003,2658.362374980438,0.0,0.0,Q2
81,14,14,12,2790.75749,2395.679185983333,0.0,0.0,Q2
81,15,14,12,2528.0743009999997,2132.995996986228,0.0,0.0,Q2
81,16,14,12,2200.204054,1845.2314968448159,1.0,0.0,Q2
81,17,14,12,2077.986411,1723.01385365459,1.0,0.0,Q2
81,18,14,12,1726.3686559999996,1387.193213134854,1.0,0.0,Q2
81,19,14,12,1315.4575590000004,1113.983669278658,1.0,1.0,Q1_low
81,20,14,14,1101.8045540000003,900.3306646574854,0.0,0.0,Q1_low
81,21,14,14,750.6843760000002,750.6843766991972,0.0,0.0,Q1_low
81,22,14,14,534.6653320000005,534.6653323287426,0.0,0.0,Q1_low
81,23,14,14,305.6653320000005,305.6653323287427,0.0,0.0,Q1_low
81,24,14,14,232.6831890000003,232.68318899710488,0.0,0.0,Q1_low
82,0,16,0,7182.600155,6716.991993972456,1.0,1.0,Q4_high
82,1,16,8,7063.600155,6882.02770730918,1.0,1.0,Q4_high
82,2,16,10,6438.647329,5918.334649244071,1.0,1.0,Q4_high
82,3,16,11,5942.455914,5307.9041456258665,1.0,1.0,Q4_high
82,4,16,12,5585.758589,4863.203654730334,1.0,1.0,Q4_high
82,5,16,13,5468.546928,5030.02770730918,1.0,0.0,Q4_high
82,6,16,13,5341.5647850000005,4903.045563977543,1.0,0.0,Q4_high
82,7,16,13,4918.34328,4443.2186798536695,1.0,0.0,Q3
82,8,16,13,4706.486975,4231.362374980437,1.0,0.0,Q3
82,9,16,13,4585.5048320000005,4110.3802316488,1.0,1.0,Q3
82,10,16,14,4304.821643,3829.697042651695,1.0,0.0,Q3
82,11,16,14,4027.821643,3552.697042651695,1.0,0.0,Q3
82,12,16,14,3583.2601990000003,3021.273495720789,1.0,0.0,Q3
82,13,16,14,3079.2436040000002,2567.6162613072765,0.0,1.0,Q2
82,14,16,15,2201.303932,2252.589867837623,0.0,0.0,Q2
82,15,16,15,1781.7100609999998,1832.995996986228,0.0,0.0,Q2
82,16,16,15,1552.7100609999998,1603.995996986228,0.0,0.0,Q1_low
82,17,16,15,1479.7279180000005,1531.01385365459,0.0,0.0,Q1_low
82,18,16,15,1065.7606320000004,1232.6989908945693,1.0,0.0,Q1_low
82,19,16,15,866.3923059999997,1033.3306646574852,1.0,0.0,Q1_low
82,20,16,15,643.3923059999997,810.3306646574854,1.0,0.0,Q1_low
82,21,16,15,576.4101630000005,743.3485213258475,1.0,1.0,Q1_low
83,0,16,0,5054.25793,6716.991993972456,1.0,1.0,Q3
83,1,16,7,4935.25793,6882.02770730918,0.0,1.0,Q3
83,2,16,13,4396.620591,6018.815694817152,0.0,0.0,Q3
83,3,16,13,3923.1797879999995,5186.697896603862,0.0,1.0,Q3
83,4,16,15,3413.5514619999994,4731.203525836354,0.0,0.0,Q3
83,5,16,15,3207.2356579999996,4580.251749460587,0.0,0.0,Q2
83,6,16,15,3028.3284269999995,4401.344518312076,0.0,1.0,Q2
84,0,15,0,7180.746432,6716.991993972456,1.0,1.0,Q4_high
84,1,15,9,7061.746432,6882.02770730918,1.0,1.0,Q4_high
84,2,15,10,6574.009254,6284.876743258386,1.0,1.0,Q4_high
84,3,15,11,6190.663788,5464.265112238468,1.0,1.0,Q4_high
84,4,15,13,5401.625631,4805.787448991198,1.0,0.0,Q4_high
84,5,15,13,5221.8301759999995,4625.991993972456,1.0,0.0,Q4_high
84,6,15,13,5100.848033,4505.009850640818,1.0,0.0,Q3
84,7,15,13,4820.164844,4224.326661643713,1.0,1.0,Q3
84,8,15,14,4543.164844,3947.326661643713,1.0,0.0,Q3
84,9,15,14,4122.162391,3516.932281626776,1.0,0.0,Q3
84,10,15,14,3970.891439,3365.6613293149708,1.0,0.0,Q3
84,11,15,14,3396.420521,2807.059393426303,1.0,1.0,Q3
84,12,15,15,2679.428387,2600.046738022636,0.0,0.0,Q2
84,13,15,15,2626.060835,2546.679185983333,0.0,0.0,Q2
84,14,15,15,2425.4651539999995,2341.6769753971207,0.0,0.0,Q2
84,15,15,15,2232.376741,2148.5885623356535,0.0,0.0,Q2
84,16,15,15,2003.376741,1919.5885623356537,0.0,0.0,Q2
84,17,15,15,1930.3945979999999,1846.6064190040156,0.0,0.0,Q2
84,18,15,15,1697.7114089999995,1613.923230006911,0.0,0.0,Q1_low
84,19,15,15,1047.1069420000003,1047.106942436419,0.0,0.0,Q1_low
84,20,15,15,806.6474749999998,806.6474756603805,0.0,0.0,Q1_low
84,21,15,15,583.6474749999998,583.6474756603805,0.0,0.0,Q1_low
84,22,15,15,516.6653319999996,516.6653323287426,0.0,0.0,Q1_low
84,23,15,15,289.9821430000002,289.98214333163776,0.0,0.0,Q1_low
84,24,15,15,66.98214300000018,66.98214333163779,0.0,0.0,Q1_low
85,0,16,0,6491.606882,6716.991993972456,1.0,1.0,Q4_high
85,1,16,6,6372.606882,6882.02770730918,1.0,1.0,Q4_high
85,2,16,10,5746.658848,5910.352739687207,1.0,0.0,Q4_high
85,3,16,10,5496.150327,5603.5944014111865,1.0,0.0,Q4_high
85,4,16,10,5329.565776,5437.009850640818,1.0,0.0,Q4_high
85,5,16,10,4862.404552,4865.697675028585,1.0,0.0,Q3
85,6,16,10,4726.033539,4729.326661643713,1.0,0.0,Q3
85,7,16,10,4024.238304,4409.755725428868,1.0,1.0,Q3
85,8,16,11,3704.985687,4020.461161414011,1.0,1.0,Q3
85,9,16,14,3163.199985,3559.0603473452356,0.0,0.0,Q2
85,10,16,14,2469.070267,3208.3521907435747,0.0,1.0,Q2
85,11,16,15,2137.24273,2884.2762498176544,1.0,0.0,Q2
85,12,16,15,2021.6046100000003,2768.6381293269687,1.0,0.0,Q2
85,13,16,15,1954.6224670000001,2701.6559859953304,1.0,0.0,Q2
85,14,16,15,1727.9392779999998,2474.9727969982255,1.0,0.0,Q2
85,15,16,15,1504.9392779999998,2251.9727969982255,1.0,0.0,Q1_low
85,16,16,15,1437.9571349999997,2184.990653666588,1.0,0.0,Q1_low
85,17,16,15,1211.2739460000003,1958.3074646694827,1.0,0.0,Q1_low
85,18,16,15,984.5907569999999,1731.624275672378,1.0,0.0,Q1_low
85,19,16,15,757.9075679999996,1504.941086675273,1.0,1.0,Q1_low
86,0,11,0,7065.155364,6716.991993972456,1.0,1.0,Q4_high
86,1,11,3,6946.155364,6882.02770730918,0.0,1.0,Q4_high
86,2,11,7,6392.679888000001,6013.877384497993,0.0,1.0,Q4_high
86,3,11,8,5618.355519000001,5189.990348416946,0.0,0.0,Q4_high
86,4,11,8,5487.375021,5062.693039637923,0.0,0.0,Q4_high
86,5,11,8,5206.691832,4920.344518312075,0.0,0.0,Q4_high
86,6,11,8,4926.008643,4639.66132931497,0.0,1.0,Q3
86,7,11,11,4649.008643,4362.66132931497,0.0,0.0,Q3
86,8,11,11,4342.081887,3936.592642011271,0.0,0.0,Q3
86,9,11,11,3939.912092,3554.9333630952683,0.0,0.0,Q3
86,10,11,11,3798.9747260000004,3413.9959969862275,0.0,0.0,Q3
86,11,11,11,3695.992583,3311.01385365459,0.0,0.0,Q3
86,12,11,11,3433.3093940000003,3048.3306646574847,0.0,0.0,Q3
86,13,11,11,2927.6491260000003,2644.0814596269715,0.0,0.0,Q2
86,14,11,11,2403.816068,2403.816069231196,0.0,0.0,Q2
86,15,11,11,2009.3128070000002,2009.312807989123,0.0,0.0,Q2
86,16,11,11,1762.3128070000002,1762.312807989123,0.0,0.0,Q2
86,17,11,11,1515.3128070000002,1515.312807989123,0.0,0.0,Q1_low
86,18,11,11,1424.330664,1424.3306646574852,0.0,0.0,Q1_low
86,19,11,11,1173.6474749999998,1173.6474756603805,0.0,0.0,Q1_low
86,20,11,11,926.6474749999998,926.6474756603805,0.0,0.0,Q1_low
86,21,11,11,835.6653320000005,835.6653323287426,0.0,0.0,Q1_low
86,22,11,11,584.9821430000002,584.9821433316378,0.0,0.0,Q1_low
86,23,11,11,337.9821430000002,337.98214333163776,0.0,0.0,Q1_low
86,24,11,11,90.98214300000018,90.98214333163783,0.0,0.0,Q1_low
87,0,12,0,6902.768657,6716.991993972456,1.0,1.0,Q4_high
87,1,12,4,6783.768657,6882.02770730918,1.0,1.0,Q4_high
87,2,12,9,6255.294387999999,6081.766608059737,1.0,0.0,Q4_high
87,3,12,9,6019.854442,5846.326661643712,1.0,0.0,Q4_high
87,4,12,9,5580.222021,5519.400692181322,1.0,1.0,Q4_high
87,5,12,10,5215.979168,5206.361549157695,1.0,0.0,Q4_high
87,6,12,10,5057.278947999999,5047.66132931497,1.0,0.0,Q3
87,7,12,10,4768.278947999999,4758.66132931497,1.0,0.0,Q3
87,8,12,10,4635.296805,4625.679185983333,1.0,0.0,Q3
87,9,12,10,4342.613616,4332.9959969862275,1.0,0.0,Q3
87,10,12,10,3904.884088,3719.7673022927074,1.0,1.0,Q3
87,11,12,11,3488.977008,3309.658262058198,1.0,0.0,Q3
87,12,12,11,3269.2968859999996,3089.9781403178654,1.0,0.0,Q2
87,13,12,11,3154.3147429999995,2974.9959969862275,1.0,0.0,Q2
87,14,12,11,2879.6315539999996,2700.312807989123,1.0,0.0,Q2
87,15,12,11,2608.6315539999996,2429.312807989123,1.0,0.0,Q2
87,16,12,11,2294.4916319999993,2103.5489197170914,1.0,0.0,Q2
87,17,12,11,1986.4403049999992,1882.3872570104727,1.0,0.0,Q2
87,18,12,11,1788.7005239999999,1684.6474756603805,1.0,1.0,Q2
87,19,12,12,1529.7005239999999,1425.6474756603805,0.0,0.0,Q1_low
87,20,12,12,1426.7183809999997,1322.6653323287426,0.0,0.0,Q1_low
87,21,12,12,998.9990089999992,890.4795387459524,0.0,0.0,Q1_low
87,22,12,12,759.1445389999999,639.8529860799246,0.0,0.0,Q1_low
87,23,12,12,637.2736959999993,517.9821433316378,0.0,0.0,Q1_low
87,24,12,12,340.03118799999993,340.03118797214324,0.0,0.0,Q1_low
88,0,14,0,6748.190051,6716.991993972456,1.0,1.0,Q4_high
88,1,14,7,6629.190051,6882.02770730918,1.0,1.0,Q4_high
88,2,14,8,6107.655484999999,5878.866809740886,1.0,1.0,Q4_high
88,3,14,9,5404.357478,5309.858170629823,1.0,0.0,Q4_high
88,4,14,9,5137.033318,4960.0307429826025,1.0,0.0,Q4_high
88,5,14,9,4945.012425999999,4768.0098506408185,1.0,0.0,Q3
88,6,14,9,4824.030283,4647.02770730918,1.0,0.0,Q3
88,7,14,9,4543.347094,4366.344518312076,1.0,0.0,Q3
88,8,14,9,4266.347094,4089.3445183120757,1.0,0.0,Q3
88,9,14,9,4145.364951,3968.362374980438,1.0,1.0,Q3
88,10,14,10,3730.1444319999996,3474.2113602309228,1.0,1.0,Q3
88,11,14,11,3547.0365059999995,3232.923941528584,1.0,0.0,Q3
88,12,14,11,3324.5816499999996,2949.0859492935297,1.0,1.0,Q3
88,13,14,12,3168.5095539999998,2793.01385365459,1.0,0.0,Q2
88,14,14,12,2886.1701029999995,2453.967140189415,1.0,0.0,Q2
88,15,14,12,2563.08699,2221.545259239713,1.0,1.0,Q2
88,16,14,13,2401.8902519999992,2060.3485213258473,1.0,0.0,Q2
88,17,14,13,1967.5329629999997,1848.0683810044804,1.0,1.0,Q2
88,18,14,14,1663.0148839999993,1563.6542023045738,0.0,0.0,Q1_low
88,19,14,14,1592.6913459999996,1493.3306646574852,0.0,0.0,Q1_low
88,20,14,14,1307.9057289999992,1307.9057290225196,0.0,0.0,Q1_low
88,21,14,14,1151.6653319999996,1151.6653323287426,0.0,0.0,Q1_low
88,22,14,14,922.6653319999996,922.6653323287426,0.0,0.0,Q1_low
88,23,14,14,849.6831889999994,849.6831889971048,0.0,0.0,Q1_low
88,24,14,14,617.0,617.0,0.0,0.0,Q1_low
89,0,16,0,5641.837589,6716.991993972456,1.0,1.0,Q4_high
89,1,16,7,5522.837589,6882.02770730918,1.0,1.0,Q4_high
89,2,16,8,4863.176409,5780.43409151039,1.0,0.0,Q3
89,3,16,8,4658.734311,5575.991993972456,1.0,0.0,Q3
89,4,16,8,4519.752168,5437.009850640818,1.0,0.0,Q3
89,5,16,8,4064.935201,4875.942317919145,1.0,1.0,Q3
89,6,16,9,3918.319545,4729.326661643713,1.0,0.0,Q3
89,7,16,9,3785.3374019999997,4596.344518312076,1.0,0.0,Q3
89,8,16,9,3319.227543,4045.866777177608,1.0,1.0,Q3
89,9,16,10,2956.998558,3550.2695479642534,1.0,1.0,Q2
89,10,16,11,2697.514338,3231.4242857021445,1.0,1.0,Q2
89,11,16,12,2566.751382,3100.6613293149703,1.0,0.0,Q2
89,12,16,12,2183.551271,2731.7486686846337,1.0,0.0,Q2
89,13,16,12,2030.7985989999997,2578.995996986228,1.0,0.0,Q2
89,14,16,12,1777.7985989999997,2325.995996986228,1.0,0.0,Q2
89,15,16,12,1680.8164559999996,2229.01385365459,1.0,1.0,Q1_low
89,16,16,13,1424.1332670000002,1972.3306646574852,1.0,0.0,Q1_low
89,17,16,13,925.7456069999998,1444.8386583547979,1.0,1.0,Q1_low
90,0,12,0,6900.188353,6716.991993972456,1.0,1.0,Q4_high
90,1,12,5,6781.188353,6882.02770730918,0.0,1.0,Q4_high
90,2,12,9,6204.774965,5907.904774470779,0.0,1.0,Q4_high
90,3,12,10,5773.190556,5536.555494314021,0.0,0.0,Q4_high
90,4,12,10,5659.644912,5565.02770730918,1.0,0.0,Q4_high
90,5,12,10,5520.662769,5284.02770730918,1.0,1.0,Q4_high
90,6,12,11,5221.979579999999,4985.344518312076,1.0,0.0,Q4_high
90,7,12,11,4715.151028,4585.644496076506,1.0,0.0,Q3
90,8,12,11,4476.868907,4347.362374980437,1.0,0.0,Q3
90,9,12,11,4005.9946969999996,3917.007606415431,1.0,0.0,Q3
90,10,12,11,3776.6662769999994,3687.679185983333,0.0,0.0,Q3
90,11,12,11,3655.6841339999996,3566.697042651695,0.0,0.0,Q3
90,12,12,11,3188.3483049999995,2933.450002488731,0.0,1.0,Q2
90,13,12,12,2868.2413719999995,2590.2199653333305,0.0,0.0,Q2
90,14,12,12,2227.159871,2227.159872144707,0.0,0.0,Q2
90,15,12,12,1949.3128069999993,1949.312807989123,0.0,0.0,Q2
90,16,12,12,1708.3128069999993,1708.312807989123,0.0,0.0,Q1_low
90,17,12,12,1467.3128069999993,1467.312807989123,0.0,0.0,Q1_low
90,18,12,12,1382.3306639999992,1382.3306646574852,0.0,0.0,Q1_low
90,19,12,12,1137.6474749999998,1137.6474756603805,0.0,0.0,Q1_low
90,20,12,12,896.6474749999998,896.6474756603805,0.0,0.0,Q1_low
90,21,12,12,655.6474749999998,655.6474756603805,0.0,0.0,Q1_low
90,22,12,12,570.6653319999996,570.6653323287426,0.0,0.0,Q1_low
90,23,12,12,325.98214299999927,325.98214333163776,0.0,0.0,Q1_low
90,24,12,12,84.98214299999927,84.98214333163779,0.0,0.0,Q1_low
91,0,14,0,7503.450886,6716.991993972456,1.0,1.0,Q4_high
91,1,14,5,7384.450886,6882.02770730918,1.0,1.0,Q4_high
91,2,14,7,6912.195653999999,6185.7573321040745,1.0,0.0,Q4_high
91,3,14,7,6708.448173,5982.0098506408185,1.0,0.0,Q4_high
91,4,14,7,6557.46603,5831.02770730918,1.0,0.0,Q4_high
91,5,14,7,6246.782841,5520.344518312076,1.0,0.0,Q4_high
91,6,14,7,5736.744578,5005.240131618247,1.0,1.0,Q4_high
91,7,14,8,5335.987537999999,4698.043694768629,1.0,0.0,Q4_high
91,8,14,8,5188.1946609999995,4550.250818145358,1.0,1.0,Q4_high
91,9,14,9,4723.578348999999,3886.928791532849,1.0,1.0,Q3
91,10,14,10,4088.9608349999994,3440.1515909613895,1.0,1.0,Q3
91,11,14,11,3896.4754919999996,3247.6662481101002,1.0,0.0,Q3
91,12,14,11,3652.0746959999997,2968.5692893922815,1.0,1.0,Q3
91,13,14,12,3493.5063219999997,2810.0009157813574,1.0,0.0,Q3
91,14,14,12,3240.5063219999993,2557.0009157813574,1.0,0.0,Q2
91,15,14,12,3063.465781,2443.47721865787,1.0,0.0,Q2
91,16,14,12,2769.324146,2149.3355834526146,1.0,0.0,Q2
91,17,14,12,2522.324146,1902.335583452615,1.0,0.0,Q2
91,18,14,12,2199.5401789999996,1622.682116350317,1.0,0.0,Q2
91,19,14,12,2101.528313999999,1524.6702511238723,1.0,0.0,Q2
91,20,14,12,1856.8451249999998,1279.9870621267678,1.0,1.0,Q2
91,21,14,14,1388.5233949999993,811.6653323287426,0.0,0.0,Q1_low
91,22,14,14,1147.5233949999993,570.6653323287426,0.0,0.0,Q1_low
91,23,14,14,906.5233949999993,329.66533232874264,0.0,0.0,Q1_low
91,24,14,14,630.2428919999993,230.25306698685407,0.0,0.0,Q1_low
92,0,12,0,6702.246993,6716.991993972456,1.0,1.0,Q4_high
92,1,12,4,6583.246993,6882.02770730918,1.0,1.0,Q4_high
92,2,12,5,5993.093742999999,6217.649218438565,1.0,1.0,Q4_high
92,3,12,7,5501.248202999999,5311.466266594051,1.0,1.0,Q4_high
92,4,12,9,5344.773929999999,5154.991993972456,0.0,0.0,Q4_high
92,5,12,9,4988.004198,4742.809363001324,0.0,0.0,Q3
92,6,12,9,4860.521497,4615.326661643713,0.0,1.0,Q3
92,7,12,10,4468.813552,4262.639213697903,0.0,0.0,Q3
92,8,12,10,4153.501,3947.326661643713,0.0,0.0,Q3
92,9,12,10,3876.5009999999997,3670.326661643713,0.0,1.0,Q3
92,10,12,11,3755.5188569999996,3549.3445183120757,0.0,0.0,Q3
92,11,12,11,3207.581749,3006.101354051235,0.0,0.0,Q2
92,12,12,11,3037.1417239999996,2835.6613293149703,0.0,0.0,Q2
92,13,12,11,2928.159581,2726.679185983333,0.0,0.0,Q2
92,14,12,11,2659.4763919999996,2457.995996986228,0.0,1.0,Q2
92,15,12,12,2394.4763919999996,2192.995996986228,0.0,0.0,Q2
92,16,12,12,2087.265123,1876.120424251957,0.0,0.0,Q2
92,17,12,12,1736.4463059999998,1640.1373064864674,0.0,0.0,Q2
92,18,12,12,1662.657521,1566.3485213258475,0.0,0.0,Q1_low
92,19,12,12,1415.657521,1319.3485213258475,0.0,0.0,Q1_low
92,20,12,12,1324.675378,1228.3663779942096,0.0,0.0,Q1_low
92,21,12,12,916.7050730000001,916.7050727924246,0.0,0.0,Q1_low
92,22,12,12,709.0,709.0,0.0,0.0,Q1_low
92,23,12,12,624.0178569999998,624.0178566683621,0.0,0.0,Q1_low
92,24,12,12,383.0178569999998,383.0178566683622,0.0,0.0,Q1_low
93,0,15,0,7173.887035,6716.991993972456,1.0,1.0,Q4_high
93,1,15,3,7054.887035,6882.02770730918,1.0,1.0,Q4_high
93,2,15,4,6580.799675,6008.897209962574,1.0,1.0,Q4_high
93,3,15,5,6220.118057,5722.534619121915,1.0,1.0,Q4_high
93,4,15,6,5856.1406959999995,5314.873225810475,1.0,0.0,Q4_high
93,5,15,6,5413.819778,4830.815044401338,1.0,0.0,Q4_high
93,6,15,6,5298.331394999999,4715.326661643713,1.0,0.0,Q4_high
93,7,15,6,5165.349252,4582.344518312076,1.0,1.0,Q4_high
93,8,15,7,4872.666063,4289.66132931497,1.0,1.0,Q3
93,9,15,8,4556.104163,3915.837085613347,1.0,0.0,Q3
93,10,15,8,3905.347284,3509.868407344191,1.0,0.0,Q3
93,11,15,8,3718.4748739999995,3322.9959969862275,1.0,1.0,Q3
93,12,15,10,3447.4748739999995,3051.9959969862275,1.0,0.0,Q3
93,13,15,10,3167.8223999999996,2621.509055450924,1.0,1.0,Q2
93,14,15,12,2555.5533159999995,2244.1035837284676,1.0,0.0,Q2
93,15,15,12,2380.7625399999997,2069.312807989123,1.0,0.0,Q2
93,16,15,12,2068.1324559999994,1767.5351003798114,1.0,0.0,Q2
93,17,15,12,1971.9280199999994,1671.3306646574852,1.0,0.0,Q2
93,18,15,12,1721.244831,1420.6474756603805,1.0,1.0,Q2
93,19,15,15,1422.7775439999996,1155.9261210939887,0.0,0.0,Q1_low
93,20,15,15,974.672955,685.8695223724528,0.0,0.0,Q1_low
93,21,15,15,896.4509079999998,607.6474756603805,0.0,0.0,Q1_low
93,22,15,15,823.4687649999996,534.6653323287426,0.0,0.0,Q1_low
93,23,15,15,590.7855759999993,301.98214333163776,0.0,0.0,Q1_low
93,24,15,15,361.7855759999993,72.98214333163779,0.0,0.0,Q1_low
94,0,13,0,7481.969141,6716.991993972456,1.0,1.0,Q4_high
94,1,13,7,7362.969141,6882.02770730918,1.0,1.0,Q4_high
94,2,13,8,6866.7344539999995,5994.616336376368,1.0,0.0,Q4_high
94,3,13,8,6507.460681,5688.003838437859,1.0,1.0,Q4_high
94,4,13,9,6368.466692999999,5549.0098506408185,0.0,0.0,Q4_high
94,5,13,9,6067.466692999999,5248.0098506408185,0.0,0.0,Q4_high
94,6,13,9,5922.484549999999,5103.02770730918,0.0,1.0,Q4_high
94,7,13,10,5617.801361,4798.344518312076,0.0,1.0,Q4_high
94,8,13,11,5198.259247,4494.513271112724,0.0,0.0,Q4_high
94,9,13,11,4866.495002,4097.641636820461,0.0,0.0,Q3
94,10,13,11,4489.386355999999,3655.7962879369707,0.0,0.0,Q3
94,11,13,11,4328.269253999999,3494.679185983333,0.0,0.0,Q3
94,12,13,11,4201.287111,3367.697042651695,0.0,0.0,Q3
94,13,13,11,3914.603922,3081.01385365459,0.0,0.0,Q3
94,14,13,11,3631.603922,2798.01385365459,1.0,0.0,Q3
94,15,13,11,3086.1798639999997,2413.967261981229,1.0,0.0,Q2
94,16,13,11,2698.397465,2132.8314107724455,1.0,1.0,Q2
94,17,13,12,1874.2101759999996,1737.3597213220978,0.0,0.0,Q2
94,18,13,12,1661.1989759999997,1524.3485213258475,0.0,1.0,Q1_low
94,19,13,13,1278.1811189999999,1141.3306646574854,0.0,0.0,Q1_low
94,20,13,13,1037.1811189999999,900.3306646574854,0.0,0.0,Q1_low
94,21,13,13,837.4383989999997,837.4383994022878,0.0,0.0,Q1_low
94,22,13,13,552.6653319999996,552.6653323287426,0.0,0.0,Q1_low
94,23,13,13,317.6653319999996,317.6653323287427,0.0,0.0,Q1_low
94,24,13,13,238.6831889999994,238.68318899710488,0.0,0.0,Q1_low
95,0,13,0,7971.864163,6716.991993972456,1.0,1.0,Q4_high
95,1,13,3,7852.864163,6882.02770730918,1.0,0.0,Q4_high
95,2,13,3,6991.570414,5765.7315356051695,1.0,0.0,Q4_high
95,3,13,3,6801.830872,5718.0098506408185,1.0,0.0,Q4_high
95,4,13,3,6662.848729,5579.02770730918,1.0,0.0,Q4_high
95,5,13,3,6364.16554,5280.344518312076,1.0,0.0,Q4_high
95,6,13,3,6069.16554,4985.344518312076,1.0,0.0,Q4_high
95,7,13,3,5930.183397000001,4846.362374980437,1.0,0.0,Q4_high
95,8,13,3,5631.500208,4547.679185983333,1.0,0.0,Q4_high
95,9,13,3,5336.500208,4252.679185983333,1.0,0.0,Q4_high
95,10,13,3,5197.518065,4113.697042651695,1.0,1.0,Q4_high
95,11,13,4,4898.834876000001,3815.01385365459,1.0,1.0,Q3
95,12,13,5,4603.834876000001,3520.01385365459,1.0,0.0,Q3
95,13,13,5,4464.852733,3381.0317103229527,1.0,1.0,Q3
95,14,13,7,3928.6845670000002,2921.39732821072,1.0,1.0,Q3
95,15,13,8,3508.73888,2494.9468330828486,1.0,0.0,Q3
95,16,13,8,3398.140568,2384.3485213258473,1.0,0.0,Q3
95,17,13,8,3017.4396080000006,2075.1654442309055,1.0,1.0,Q2
95,18,13,10,2703.3000920000004,1826.6361510796146,1.0,1.0,Q2
95,19,13,11,2456.34713,1579.683188997105,1.0,1.0,Q2
95,20,13,12,2191.34713,1314.683188997105,1.0,0.0,Q2
95,21,13,12,1657.9039830000002,1203.1303289748546,1.0,1.0,Q1_low
95,22,13,13,1337.7915110000004,883.0178566683622,0.0,0.0,Q1_low
95,23,13,13,841.6810210000003,699.8531168400897,0.0,0.0,Q1_low
95,24,13,13,382.82790399999976,240.99999999999997,0.0,0.0,Q1_low
96,0,12,0,6679.392676,6716.991993972456,1.0,1.0,Q4_high
96,1,12,4,6560.392676,6882.02770730918,1.0,1.0,Q4_high
96,2,12,6,5777.072041,5596.3795003508985,1.0,1.0,Q4_high
96,3,12,7,5596.813759000001,5332.0379349745235,1.0,0.0,Q4_high
96,4,12,7,5449.785675,5185.009850640818,1.0,1.0,Q4_high
96,5,12,8,5163.102486000001,4898.326661643713,1.0,1.0,Q4_high
96,6,12,9,4831.658985,4530.143916506169,1.0,0.0,Q3
96,7,12,9,4551.3145190000005,4187.132885582313,1.0,0.0,Q3
96,8,12,9,4361.842963000001,3997.6613293149703,1.0,0.0,Q3
96,9,12,9,3840.9524480000005,3577.2466050869334,1.0,0.0,Q3
96,10,12,9,3629.367172,3365.6613293149708,1.0,0.0,Q3
96,11,12,9,3364.367172,3100.6613293149703,1.0,0.0,Q3
96,12,12,9,3099.367172,2835.6613293149703,1.0,0.0,Q2
96,13,12,9,2990.3850290000005,2726.679185983333,1.0,0.0,Q2
96,14,12,9,2721.70184,2457.9959969862275,1.0,1.0,Q2
96,15,12,10,2456.7018400000006,2192.995996986228,1.0,0.0,Q2
96,16,12,10,2191.7018400000006,1927.995996986228,1.0,0.0,Q2
96,17,12,10,1764.7705560000004,1613.3308797410068,1.0,0.0,Q2
96,18,12,10,1614.087152,1462.6474756603805,1.0,1.0,Q1_low
96,19,12,12,1361.087152,1209.6474756603805,0.0,0.0,Q1_low
96,20,12,12,1108.087152,956.6474756603805,0.0,0.0,Q1_low
96,21,12,12,725.2983980000008,725.2983978841894,0.0,0.0,Q1_low
96,22,12,12,570.6653320000005,570.6653323287426,0.0,0.0,Q1_low
96,23,12,12,329.6653320000005,329.6653323287427,0.0,0.0,Q1_low
96,24,12,12,244.6831890000003,244.68318899710488,0.0,0.0,Q1_low
97,0,12,0,6306.661342,6716.991993972456,1.0,1.0,Q4_high
97,1,12,8,6187.661342,6882.02770730918,0.0,1.0,Q4_high
97,2,12,11,5563.099609000001,5774.369639582386,0.0,0.0,Q4_high
97,3,12,11,5374.739820000001,5586.009850640818,0.0,0.0,Q4_high
97,4,12,11,5241.7576770000005,5453.02770730918,0.0,0.0,Q4_high
97,5,12,11,4949.074488,5160.344518312076,0.0,0.0,Q3
97,6,12,11,4660.074488,4871.344518312076,0.0,0.0,Q3
97,7,12,11,4527.092345,4738.362374980437,0.0,0.0,Q3
97,8,12,11,4234.409156,4445.679185983333,0.0,1.0,Q3
97,9,12,12,3945.409156,4156.679185983333,0.0,0.0,Q3
97,10,12,12,3812.4270130000004,4023.697042651695,0.0,0.0,Q3
97,11,12,12,3313.4967950000005,3466.7705343542266,0.0,0.0,Q2
97,12,12,12,3017.7281230000003,3122.9395405423684,0.0,0.0,Q2
97,13,12,12,2667.617016,2799.9315120706206,0.0,0.0,Q2
97,14,12,12,2236.2821400000003,2236.2821404942856,0.0,0.0,Q2
97,15,12,12,2091.330664,2091.330664657485,0.0,0.0,Q2
97,16,12,12,1708.3128070000002,1708.312807989123,0.0,0.0,Q1_low
97,17,12,12,1467.3128070000002,1467.312807989123,0.0,0.0,Q1_low
97,18,12,12,1226.3128070000002,1226.312807989123,0.0,0.0,Q1_low
97,19,12,12,1141.330664,1141.3306646574852,0.0,0.0,Q1_low
97,20,12,12,896.6474750000007,896.6474756603805,0.0,0.0,Q1_low
97,21,12,12,655.6474750000007,655.6474756603805,0.0,0.0,Q1_low
97,22,12,12,570.6653320000005,570.6653323287426,0.0,0.0,Q1_low
97,23,12,12,325.9821430000002,325.9821433316378,0.0,0.0,Q1_low
97,24,12,12,84.98214300000018,84.98214333163783,0.0,0.0,Q1_low
98,0,10,0,6892.860082,6716.991993972456,1.0,1.0,Q4_high
98,1,10,5,6773.860082,6882.02770730918,1.0,0.0,Q4_high
98,2,10,5,6260.230545,5975.195862948969,1.0,1.0,Q4_high
98,3,10,8,5924.675099,5599.787022300131,1.0,1.0,Q4_high
98,4,10,9,5366.514372,4981.7804511296945,0.0,0.0,Q4_high
98,5,10,9,5130.725915,4888.0098506408185,0.0,0.0,Q4_high
98,6,10,9,5003.743772,4761.02770730918,0.0,0.0,Q3
98,7,10,9,4717.060583,4474.344518312076,0.0,0.0,Q3
98,8,10,9,4434.060583,4191.344518312076,0.0,0.0,Q3
98,9,10,9,4307.07844,4064.362374980438,0.0,0.0,Q3
98,10,10,9,4020.3952510000004,3777.679185983333,0.0,0.0,Q3
98,11,10,9,3737.3952510000004,3494.679185983333,0.0,0.0,Q3
98,12,10,9,3610.413108,3367.697042651695,0.0,0.0,Q3
98,13,10,9,3323.7299190000003,3081.01385365459,0.0,0.0,Q3
98,14,10,9,3040.7299190000003,2798.01385365459,1.0,0.0,Q2
98,15,10,9,2690.7610409999998,2640.1845044598504,1.0,0.0,Q2
98,16,10,9,2250.892368,2213.4115081212385,0.0,0.0,Q2
98,17,10,9,1962.8792990000002,1886.4331689684461,0.0,0.0,Q2
98,18,10,9,1726.7946510000002,1650.3485213258475,0.0,0.0,Q2
98,19,10,9,1467.7946510000002,1391.3485213258475,1.0,0.0,Q1_low
98,20,10,9,1364.812508,1288.3663779942096,1.0,0.0,Q1_low
98,21,10,9,1102.1293190000006,1025.683188997105,1.0,1.0,Q1_low
98,22,10,10,843.1293190000006,766.6831889971048,0.0,0.0,Q1_low
98,23,10,10,594.0562879999998,594.0562876821962,0.0,0.0,Q1_low
98,24,10,10,395.0178569999998,395.0178566683622,0.0,0.0,Q1_low
99,0,11,0,6990.582762,6716.991993972456,1.0,1.0,Q4_high
99,1,11,5,6871.582762,6882.02770730918,1.0,0.0,Q4_high
99,2,11,5,5939.9484090000005,5720.326044790173,1.0,1.0,Q4_high
99,3,11,6,5670.494799,5332.800602768145,1.0,1.0,Q4_high
99,4,11,8,5492.68619,5154.991993972456,0.0,0.0,Q4_high
99,5,11,8,4944.453802,4764.991668338672,0.0,0.0,Q3
99,6,11,8,4368.572655,4202.979754690436,0.0,1.0,Q3
99,7,11,9,4173.919562,4008.326661643713,0.0,0.0,Q3
99,8,11,9,3908.919562,3743.326661643713,0.0,0.0,Q3
99,9,11,9,3730.085101,3480.1187100262264,0.0,0.0,Q3
99,10,11,9,3525.62772,3275.6613293149703,0.0,0.0,Q3
99,11,11,9,3266.62772,3016.6613293149703,0.0,1.0,Q2
99,12,11,10,3007.62772,2757.6613293149703,0.0,0.0,Q2
99,13,11,10,2679.877901,2518.175877436527,0.0,1.0,Q2
99,14,11,11,2487.698021,2325.995996986228,0.0,0.0,Q2
99,15,11,11,2234.698021,2072.995996986228,0.0,0.0,Q2
99,16,11,11,1936.9302610000004,1936.9302616910923,0.0,0.0,Q2
99,17,11,11,1671.330664,1671.3306646574852,0.0,0.0,Q1_low
99,18,11,11,1424.330664,1424.3306646574852,0.0,0.0,Q1_low
99,19,11,11,1177.330664,1177.3306646574852,0.0,0.0,Q1_low
99,20,11,11,1086.348521,1086.3485213258475,0.0,0.0,Q1_low
99,21,11,11,835.6653319999996,835.6653323287426,0.0,0.0,Q1_low
99,22,11,11,588.6653319999996,588.6653323287426,0.0,0.0,Q1_low
99,23,11,11,341.6653319999996,341.6653323287427,0.0,0.0,Q1_low
99,24,11,11,250.6831890000003,250.68318899710488,0.0,0.0,Q1_low
100,0,15,0,7313.464287,6716.991993972456,1.0,1.0,Q4_high
100,1,15,4,7194.464287,6882.02770730918,0.0,1.0,Q4_high
100,2,15,7,6616.865030999999,5992.023977489057,0.0,0.0,Q4_high
100,3,15,7,6474.850904,5850.0098506408185,0.0,0.0,Q4_high
100,4,15,7,6329.868761,5705.02770730918,0.0,0.0,Q4_high
100,5,15,7,6025.185572,5400.344518312076,0.0,1.0,Q4_high
100,6,15,9,5598.697688,5020.891511628202,0.0,1.0,Q4_high
100,7,15,12,4841.029225,4379.7536141107885,0.0,0.0,Q3
100,8,15,12,4689.941859,4228.6662481101,1.0,0.0,Q3
100,9,15,12,4418.941859,3957.6662481101002,1.0,0.0,Q3
100,10,15,12,4112.024998,3770.1716257867934,1.0,0.0,Q3
100,11,15,12,3526.7718619999996,3257.529288053756,1.0,0.0,Q3
100,12,15,12,3205.0448159999996,3178.1621761744454,1.0,1.0,Q2
100,13,15,14,2890.4702239999997,2873.3685554598346,1.0,1.0,Q2
100,14,15,15,2761.378339,2744.276670127888,0.0,0.0,Q2
100,15,15,15,2472.7389699999994,2355.0499937795157,0.0,0.0,Q2
100,16,15,15,2338.9964410000002,2221.307464669483,0.0,0.0,Q2
100,17,15,15,2109.9964410000002,1992.307464669483,0.0,0.0,Q2
100,18,15,15,1738.9785839999995,1621.2896080011208,0.0,0.0,Q2
100,19,15,15,1509.9785839999995,1392.2896080011208,0.0,0.0,Q1_low
100,20,15,15,1436.9964410000002,1319.3074646694827,0.0,0.0,Q1_low
100,21,15,15,1204.313252,1086.6242756723782,0.0,0.0,Q1_low
100,22,15,15,971.6300629999996,853.9410866752731,0.0,0.0,Q1_low
100,23,15,15,898.6479199999994,780.9589433436354,0.0,0.0,Q1_low
100,24,15,15,223.36680400000023,223.36680378685622,0.0,0.0,Q1_low
101,0,14,0,6440.201537,6716.991993972456,1.0,1.0,Q4_high
101,1,14,9,6321.201537,6882.02770730918,1.0,0.0,Q4_high
101,2,14,9,5878.943827,5920.130651525909,1.0,0.0,Q4_high
101,3,14,9,5218.45018,5063.465323250879,1.0,0.0,Q4_high
101,4,14,9,5057.976850999999,4902.991993972456,1.0,1.0,Q3
101,5,14,10,4633.260357,4401.475808879986,1.0,1.0,Q3
101,6,14,12,4222.210045,3980.4922412790984,1.0,1.0,Q3
101,7,14,14,3720.431962,3405.26439016616,0.0,0.0,Q3
101,8,14,14,3600.159566,3284.991993972456,0.0,0.0,Q3
101,9,14,14,3314.0505049999997,2975.081840393667,0.0,0.0,Q2
101,10,14,14,3192.295326,2853.326661643713,0.0,0.0,Q2
101,11,14,14,2951.295326,2612.326661643713,0.0,0.0,Q2
101,12,14,14,2866.3131829999998,2527.3445183120757,0.0,0.0,Q2
101,13,14,14,2621.629994,2282.6613293149703,0.0,0.0,Q2
101,14,14,14,2380.629994,2041.6613293149708,0.0,0.0,Q2
101,15,14,14,2295.6478509999997,1956.6791859833327,0.0,0.0,Q2
101,16,14,14,2050.9646620000003,1711.995996986228,0.0,0.0,Q2
101,17,14,14,1809.9646620000003,1470.995996986228,0.0,0.0,Q2
101,18,14,14,1724.9825190000001,1386.01385365459,0.0,0.0,Q2
101,19,14,14,1480.2993299999998,1141.3306646574852,0.0,0.0,Q1_low
101,20,14,14,1239.2993299999998,900.3306646574853,0.0,0.0,Q1_low
101,21,14,14,809.2553799999996,809.2553798915503,0.0,0.0,Q1_low
101,22,14,14,534.6653319999996,534.6653323287427,0.0,0.0,Q1_low
101,23,14,14,305.6653319999996,305.6653323287427,0.0,0.0,Q1_low
101,24,14,14,232.6831890000003,232.68318899710488,0.0,0.0,Q1_low
102,0,15,0,6728.045857,6716.991993972456,1.0,1.0,Q4_high
102,1,15,6,6609.045857,6882.02770730918,1.0,1.0,Q4_high
102,2,15,8,5930.06102,5616.868088335413,1.0,1.0,Q4_high
102,3,15,10,5556.576871,5258.102993654209,1.0,1.0,Q4_high
102,4,15,12,5093.636676,4597.068386930363,1.0,0.0,Q3
102,5,15,12,5002.560283,4648.0098506408185,1.0,0.0,Q3
102,6,15,12,4668.561907,4217.845732828441,1.0,0.0,Q3
102,7,15,12,4459.0428360000005,4008.326661643713,1.0,0.0,Q3
102,8,15,12,4194.0428360000005,3743.326661643713,1.0,0.0,Q3
102,9,15,12,3874.939138,3497.7948749709853,1.0,1.0,Q3
102,10,15,13,3652.805592,3275.6613293149708,1.0,0.0,Q3
102,11,15,13,3393.805592,3016.6613293149708,1.0,0.0,Q3
102,12,15,13,3134.805592,2757.6613293149703,1.0,0.0,Q2
102,13,15,13,2886.850755,2493.912643418489,1.0,1.0,Q2
102,14,15,15,2519.310047,2168.979549520987,0.0,0.0,Q2
102,15,15,15,2363.326494,2012.995996986228,0.0,0.0,Q2
102,16,15,15,2116.326494,1765.995996986228,0.0,0.0,Q2
102,17,15,15,1885.6843289999997,1525.227722640321,0.0,0.0,Q2
102,18,15,15,1409.6667340000004,1409.6667343165186,0.0,0.0,Q1_low
102,19,15,15,1335.049567,1335.0495669913146,0.0,0.0,Q1_low
102,20,15,15,1108.3663779999997,1108.3663779942096,0.0,0.0,Q1_low
102,21,15,15,881.6831890000003,881.6831889971048,0.0,0.0,Q1_low
102,22,15,15,658.6831890000003,658.6831889971048,0.0,0.0,Q1_low
102,23,15,15,293.6653320000005,293.6653323287427,0.0,0.0,Q1_low
102,24,15,15,226.6831890000003,226.68318899710488,0.0,0.0,Q1_low
103,0,13,0,7404.062845,6716.991993972456,1.0,1.0,Q4_high
103,1,13,1,7285.062845,6882.02770730918,1.0,1.0,Q4_high
103,2,13,3,6714.1039980000005,5859.331334037741,1.0,1.0,Q4_high
103,3,13,4,6559.081469000001,5850.009850640818,1.0,0.0,Q4_high
103,4,13,4,6193.790128000001,5482.440438098664,1.0,1.0,Q4_high
103,5,13,5,5991.694208000001,5280.344518312075,1.0,1.0,Q4_high
103,6,13,6,5696.694208000001,4985.344518312075,1.0,1.0,Q4_high
103,7,13,7,5424.69383,4515.410440363474,1.0,0.0,Q4_high
103,8,13,7,4776.161084,4290.2944917931145,1.0,1.0,Q3
103,9,13,9,4450.545778,3964.679185983333,1.0,0.0,Q3
103,10,13,9,3963.2566570000004,3508.3226060193138,1.0,1.0,Q3
103,11,13,10,3781.6132370000005,3326.679185983333,1.0,0.0,Q3
103,12,13,10,3666.6310940000003,3211.697042651695,1.0,1.0,Q3
103,13,13,11,3036.2248900000004,2610.6013718036593,1.0,1.0,Q2
103,14,13,12,2817.6195150000003,2391.995996986228,0.0,0.0,Q2
103,15,13,12,2507.4783540000008,2109.9966440736957,0.0,0.0,Q2
103,16,13,12,2373.4955640000007,1976.01385365459,0.0,0.0,Q2
103,17,13,12,2116.8123750000004,1719.3306646574852,1.0,0.0,Q2
103,18,13,12,1767.08129,1484.1529906682354,1.0,0.0,Q2
103,19,13,12,1460.2589640000006,1177.3306646574854,1.0,0.0,Q1_low
103,20,13,12,1369.2768210000004,1086.3485213258475,1.0,1.0,Q1_low
103,21,13,13,1118.593632,835.6653323287426,0.0,0.0,Q1_low
103,22,13,13,412.1981700000006,412.19816992400155,0.0,0.0,Q1_low
103,23,13,13,317.6653320000005,317.6653323287427,0.0,0.0,Q1_low
103,24,13,13,238.6831890000003,238.68318899710488,0.0,0.0,Q1_low
104,0,16,0,5828.437614,6716.991993972456,1.0,1.0,Q4_high
104,1,16,6,5709.437614,6882.02770730918,1.0,1.0,Q4_high
104,2,16,8,5266.849634,6201.731145180898,1.0,0.0,Q4_high
104,3,16,8,5043.4451500000005,5978.326661643712,1.0,1.0,Q3
104,4,16,9,4736.4451500000005,5671.326661643713,1.0,1.0,Q3
104,5,16,10,4585.463007,5520.344518312075,1.0,1.0,Q3
104,6,16,11,4167.406416000001,4855.747235794209,1.0,0.0,Q3
104,7,16,11,3765.1880450000003,4180.74055262659,1.0,1.0,Q3
104,8,16,12,3435.6747410000003,4012.359480209071,1.0,1.0,Q3
104,9,16,13,3283.9587330000004,3860.643472646608,1.0,0.0,Q2
104,10,16,13,2987.804868,3521.7463431757556,1.0,0.0,Q2
104,11,16,13,2841.0366650000005,3374.9781403178654,1.0,0.0,Q2
104,12,16,13,2566.3534760000002,3100.294951320761,1.0,0.0,Q2
104,13,16,13,1802.8658890000006,2453.9196790482697,1.0,1.0,Q2
104,14,16,15,1545.3777640000008,2090.0103757130028,1.0,0.0,Q1_low
104,15,16,15,1191.0477530000007,1831.6881595905493,1.0,0.0,Q1_low
104,16,16,15,959.6724010000007,1600.312807989123,0.0,0.0,Q1_low
104,17,16,15,730.6724010000007,1371.312807989123,0.0,1.0,Q1_low
105,0,10,0,6673.026526,6716.991993972456,1.0,1.0,Q4_high
105,1,10,3,6554.026526,6882.02770730918,1.0,1.0,Q4_high
105,2,10,6,6071.562317,6033.746689141195,1.0,0.0,Q4_high
105,3,10,6,5733.387758999999,5576.173048411805,1.0,1.0,Q4_high
105,4,10,7,5560.523515999999,5545.326661643713,1.0,0.0,Q4_high
105,5,10,7,5178.364511,5238.536535653479,1.0,0.0,Q4_high
105,6,10,7,4648.909309999999,4577.007223012641,1.0,1.0,Q3
105,7,10,9,4253.995222,4063.3216322039652,0.0,0.0,Q3
105,8,10,9,3597.6148,3663.285369259905,0.0,0.0,Q3
105,9,10,9,3343.0247509999995,3362.198928130326,0.0,0.0,Q3
105,10,10,9,3104.1524849999996,3123.326661643713,0.0,0.0,Q2
105,11,10,9,2845.1524849999996,2864.326661643713,1.0,0.0,Q2
105,12,10,9,2742.1703419999994,2761.3445183120753,1.0,0.0,Q2
105,13,10,9,2479.487153,2498.6613293149703,1.0,0.0,Q2
105,14,10,9,2220.487153,2239.6613293149703,0.0,0.0,Q2
105,15,10,9,2117.50501,2136.679185983333,0.0,0.0,Q2
105,16,10,9,1854.8218209999995,1873.995996986228,0.0,1.0,Q2
105,17,10,10,1595.8218209999995,1614.995996986228,0.0,0.0,Q1_low
105,18,10,10,1492.8396779999994,1512.01385365459,0.0,0.0,Q1_low
105,19,10,10,1173.4643729999998,1173.4643741150442,0.0,0.0,Q1_low
105,20,10,10,960.3306640000001,960.3306646574853,0.0,0.0,Q1_low
105,21,10,10,863.3485209999999,863.3485213258475,0.0,0.0,Q1_low
105,22,10,10,606.6653319999996,606.6653323287426,0.0,0.0,Q1_low
105,23,10,10,353.6653319999996,353.66533232874264,0.0,0.0,Q1_low
105,24,10,10,256.6831889999994,256.6831889971048,0.0,0.0,Q1_low
106,0,10,0,7215.095669,6716.991993972456,1.0,1.0,Q4_high
106,1,10,1,7096.095669,6882.02770730918,1.0,1.0,Q4_high
106,2,10,3,6783.095669,6569.02770730918,1.0,1.0,Q4_high
106,3,10,4,6349.553698000001,5753.6251471968935,1.0,0.0,Q4_high
106,4,10,4,5922.044258,5392.655076942916,1.0,1.0,Q4_high
106,5,10,5,5635.381175,5105.991993972456,1.0,1.0,Q4_high
106,6,10,6,5061.804613,4471.395767787184,1.0,1.0,Q3
106,7,10,7,4878.400839,4287.991993972456,0.0,0.0,Q3
106,8,10,7,4745.418696000001,4155.0098506408185,0.0,0.0,Q3
106,9,10,7,4219.189979000001,3621.1264779871126,1.0,0.0,Q3
106,10,10,7,3782.8440490000003,3387.183976061845,1.0,0.0,Q3
106,11,10,7,3424.303546,3028.643472646608,1.0,0.0,Q3
106,12,10,7,3153.303546,2757.643472646608,1.0,0.0,Q2
106,13,10,7,3038.321403,2642.6613293149703,1.0,1.0,Q2
106,14,10,8,2763.6382140000005,2367.978140317866,1.0,0.0,Q2
106,15,10,8,2492.6382140000005,2096.978140317866,1.0,0.0,Q2
106,16,10,8,2175.2073440000004,2101.212274235329,1.0,0.0,Q2
106,17,10,8,1733.3078780000005,1659.312807989123,1.0,1.0,Q2
106,18,10,9,1468.3078780000005,1394.312807989123,1.0,0.0,Q1_low
106,19,10,9,1310.2059410000002,1269.1531652910294,1.0,0.0,Q1_low
106,20,10,9,1027.7002510000002,986.6474756603805,1.0,1.0,Q1_low
106,21,10,10,768.7002510000002,727.6474756603805,0.0,0.0,Q1_low
106,22,10,10,481.1461480000007,481.1461482281246,0.0,0.0,Q1_low
106,23,10,10,349.9821430000002,349.9821433316378,0.0,0.0,Q1_low
106,24,10,10,96.98214300000018,96.98214333163783,0.0,0.0,Q1_low
107,0,10,0,7518.32757,6716.991993972456,1.0,1.0,Q4_high
107,1,10,2,7399.32757,6882.02770730918,1.0,0.0,Q4_high
107,2,10,2,7023.362228,6373.3820026059675,1.0,0.0,Q4_high
107,3,10,2,6774.007933000001,6124.02770730918,1.0,0.0,Q4_high
107,4,10,2,6467.007933000001,5817.02770730918,1.0,0.0,Q4_high
107,5,10,2,6316.025790000001,5666.045563977543,1.0,0.0,Q4_high
107,6,10,2,6005.342601,5355.362374980437,1.0,1.0,Q4_high
107,7,10,4,5698.342601,5048.362374980437,1.0,0.0,Q4_high
107,8,10,4,4983.929512000001,4613.875386176228,1.0,1.0,Q3
107,9,10,5,4572.449802000001,4184.933524465521,1.0,0.0,Q3
107,10,10,5,4397.213320000001,4009.697042651695,1.0,1.0,Q3
107,11,10,6,4108.213320000001,3720.697042651695,1.0,0.0,Q3
107,12,10,6,3745.4167420000003,3347.8742922363012,1.0,1.0,Q3
107,13,10,7,3620.5741600000006,3223.031710322952,0.0,1.0,Q3
107,14,10,8,3337.57416,2940.031710322952,1.0,0.0,Q3
107,15,10,8,2982.3363050000007,2634.8567520508814,1.0,0.0,Q2
107,16,10,8,2819.8459310000007,2472.36637799421,1.0,0.0,Q2
107,17,10,8,2285.4542170000004,1866.2444111945986,1.0,0.0,Q2
107,18,10,8,2033.401234,1792.6385478044701,1.0,1.0,Q2
107,19,10,9,1526.0933510000004,1285.3306646574852,1.0,0.0,Q1_low
107,20,10,9,1261.0933510000004,1020.3306646574854,1.0,0.0,Q1_low
107,21,10,9,1152.1112080000003,911.3485213258475,1.0,1.0,Q1_low
107,22,10,10,660.7693240000008,611.4622315939563,0.0,0.0,Q1_low
107,23,10,10,376.9213120000004,376.9213119313169,0.0,0.0,Q1_low
107,24,10,10,256.6831890000003,256.6831889971049,0.0,0.0,Q1_low
108,0,11,0,7338.305159,6716.991993972456,1.0,1.0,Q4_high
108,1,11,1,7219.305159,6882.02770730918,1.0,1.0,Q4_high
108,2,11,2,6731.01175,6182.394778817216,1.0,0.0,Q4_high
108,3,11,2,6526.943633,5978.326661643712,1.0,0.0,Q4_high
108,4,11,2,6375.96149,5827.344518312075,1.0,0.0,Q4_high
108,5,11,2,6065.278300999999,5516.66132931497,1.0,1.0,Q4_high
108,6,11,4,5758.278300999999,5209.66132931497,1.0,0.0,Q4_high
108,7,11,4,5373.242522,4682.671909467412,1.0,0.0,Q4_high
108,8,11,4,5096.231941999999,4405.66132931497,1.0,0.0,Q3
108,9,11,4,4801.231941999999,4110.66132931497,1.0,0.0,Q3
108,10,11,4,4506.231941999999,3815.6613293149703,1.0,0.0,Q3
108,11,11,4,4367.249798999999,3676.679185983333,1.0,0.0,Q3
108,12,11,4,4068.5666099999994,3377.9959969862275,1.0,1.0,Q3
108,13,11,5,3499.9274469999996,2899.0513428817767,1.0,1.0,Q3
108,14,11,6,2892.8657169999997,2598.623617687618,1.0,0.0,Q2
108,15,11,6,2607.238095999999,2312.995996986228,1.0,0.0,Q2
108,16,11,6,2486.255953,2192.01385365459,1.0,0.0,Q2
108,17,11,6,2205.5727639999996,1911.3306646574852,1.0,1.0,Q2
108,18,11,9,1928.5727639999996,1634.3306646574852,1.0,0.0,Q2
108,19,11,9,1532.7876189999997,1290.0592550437946,1.0,1.0,Q1_low
108,20,11,11,1385.3936959999992,1142.6653323287426,0.0,0.0,Q1_low
108,21,11,11,1008.1659649999992,818.136329079562,0.0,0.0,Q1_low
108,22,11,11,565.0829349999995,565.0829351005932,0.0,0.0,Q1_low
108,23,11,11,341.6653319999996,341.6653323287427,0.0,0.0,Q1_low
108,24,11,11,250.6831889999994,250.68318899710488,0.0,0.0,Q1_low
109,0,11,0,6547.818818,6716.991993972456,1.0,1.0,Q4_high
109,1,11,7,6428.818818,6882.02770730918,1.0,1.0,Q4_high
109,2,11,8,5840.171412,6145.95216348636,1.0,0.0,Q4_high
109,3,11,8,5510.853131,5588.793160507296,1.0,0.0,Q4_high
109,4,11,8,5345.069821,5423.009850640818,1.0,0.0,Q4_high
109,5,11,8,5050.069821,5128.009850640818,1.0,0.0,Q3
109,6,11,8,4911.087678,4989.02770730918,1.0,0.0,Q3
109,7,11,8,4612.404489,4690.344518312076,1.0,0.0,Q3
109,8,11,8,4317.404489,4395.344518312075,1.0,0.0,Q3
109,9,11,8,3788.3363449999997,3772.4689512007367,1.0,1.0,Q3
109,10,11,10,3217.998267,3286.0233495420002,0.0,0.0,Q2
109,11,11,10,3028.9530579999996,3096.978140317866,0.0,0.0,Q2
109,12,11,10,2763.9530579999996,2831.9781403178654,0.0,1.0,Q2
109,13,11,11,2498.9530579999996,2566.9781403178654,0.0,0.0,Q2
109,14,11,11,2177.1089,2231.0253394088495,0.0,0.0,Q2
109,15,11,11,1887.1207880000002,1887.120788684492,0.0,0.0,Q2
109,16,11,11,1762.3128069999993,1762.312807989123,0.0,0.0,Q2
109,17,11,11,1671.330664,1671.3306646574852,0.0,0.0,Q1_low
109,18,11,11,1420.6474749999998,1420.6474756603805,0.0,0.0,Q1_low
109,19,11,11,1173.6474749999998,1173.6474756603805,0.0,0.0,Q1_low
109,20,11,11,926.6474749999998,926.6474756603805,0.0,0.0,Q1_low
109,21,11,11,835.6653319999996,835.6653323287426,0.0,0.0,Q1_low
109,22,11,11,584.9821430000002,584.9821433316378,0.0,0.0,Q1_low
109,23,11,11,337.9821430000002,337.98214333163776,0.0,0.0,Q1_low
109,24,11,11,90.98214300000018,90.98214333163779,0.0,0.0,Q1_low
110,0,14,0,6910.912958,6716.991993972456,1.0,1.0,Q4_high
110,1,14,4,6791.912958,6882.02770730918,1.0,1.0,Q4_high
110,2,14,6,6137.59833,5912.141516381317,1.0,1.0,Q4_high
110,3,14,7,5909.47443,5570.934855462036,1.0,0.0,Q4_high
110,4,14,7,5554.056673,5325.108342812153,1.0,0.0,Q4_high
110,5,14,7,5385.60966,5156.66132931497,1.0,1.0,Q4_high
110,6,14,8,5096.60966,4867.66132931497,1.0,0.0,Q3
110,7,14,8,4963.627517,4734.679185983333,1.0,1.0,Q3
110,8,14,9,4430.554760999999,4148.802761826038,1.0,1.0,Q3
110,9,14,10,4053.620104,3870.8719922885857,1.0,0.0,Q3
110,10,14,10,3876.1300149999997,3685.3314430037144,1.0,0.0,Q3
110,11,14,10,3731.5134709999998,3540.714899320057,1.0,0.0,Q3
110,12,14,10,3222.002721,2954.8789088222707,1.0,0.0,Q2
110,13,14,10,3060.137666,2793.01385365459,1.0,1.0,Q2
110,14,14,12,2306.037736,2240.2683268869,1.0,0.0,Q2
110,15,14,12,2160.7832630000003,2095.01385365459,1.0,0.0,Q2
110,16,14,12,2075.80112,2010.0317103229522,1.0,1.0,Q2
110,17,14,13,1831.1179309999998,1765.3485213258475,1.0,1.0,Q2
110,18,14,14,1590.1179309999998,1524.3485213258475,0.0,0.0,Q1_low
110,19,14,14,1352.3145530000002,1333.1518724144298,0.0,0.0,Q1_low
110,20,14,14,1018.8990409999997,1018.8990412605059,0.0,0.0,Q1_low
110,21,14,14,905.6831890000003,905.6831889971048,0.0,0.0,Q1_low
110,22,14,14,676.6831890000003,676.6831889971048,0.0,0.0,Q1_low
110,23,14,14,603.7010460000001,603.7010456654671,0.0,0.0,Q1_low
110,24,14,14,371.0178569999998,371.0178566683622,0.0,0.0,Q1_low
111,0,14,0,7816.07262,6716.991993972456,1.0,1.0,Q4_high
111,1,14,6,7697.07262,6882.02770730918,0.0,1.0,Q4_high
111,2,14,9,7012.848959,5714.581173777455,0.0,0.0,Q4_high
111,3,14,9,6742.259779,5443.991993972456,0.0,0.0,Q4_high
111,4,14,9,6308.798548,5241.352802995447,0.0,0.0,Q4_high
111,5,14,9,6014.335365,4701.974074355264,0.0,0.0,Q4_high
111,6,14,9,5841.705809,4529.344518312076,0.0,0.0,Q4_high
111,7,14,9,5570.705809,4258.344518312076,1.0,0.0,Q4_high
111,8,14,9,5455.723666,4143.362374980437,1.0,1.0,Q4_high
111,9,14,11,5181.0404770000005,3868.679185983333,1.0,0.0,Q4_high
111,10,14,11,4910.0404770000005,3597.679185983333,1.0,0.0,Q3
111,11,14,11,4639.0404770000005,3326.679185983333,1.0,0.0,Q3
111,12,14,11,4487.381957,3130.2923989664314,1.0,0.0,Q3
111,13,14,11,4222.103412,2865.01385365459,1.0,1.0,Q3
111,14,14,12,3957.103412,2600.01385365459,1.0,0.0,Q3
111,15,14,12,3786.245165,2409.075087445302,1.0,1.0,Q3
111,16,14,13,3545.518599,2168.3485213258473,1.0,1.0,Q3
111,17,14,14,3286.518599,1909.3485213258475,0.0,0.0,Q2
111,18,14,14,2932.8263690000003,1632.755859266778,0.0,0.0,Q2
111,19,14,14,2420.441549,1496.0048928937038,0.0,0.0,Q2
111,20,14,14,2089.119845,1164.683188997105,0.0,0.0,Q2
111,21,14,14,1712.1019880000003,787.6653323287426,0.0,0.0,Q2
111,22,14,14,1477.1019880000003,552.6653323287427,0.0,0.0,Q1_low
111,23,14,14,1242.1019880000003,317.6653323287427,0.0,0.0,Q1_low
111,24,14,14,1163.1198450000002,238.68318899710488,0.0,0.0,Q1_low
112,0,11,0,6939.089144,6716.991993972456,1.0,1.0,Q4_high
112,1,11,6,6820.089144,6882.02770730918,1.0,1.0,Q4_high
112,2,11,7,6214.390326,5902.11496118971,1.0,0.0,Q4_high
112,3,11,7,5821.854232,5525.721338378453,1.0,0.0,Q4_high
112,4,11,7,5577.124887999999,5280.991993972456,1.0,0.0,Q4_high
112,5,11,7,5438.142744999999,5142.009850640818,1.0,0.0,Q4_high
112,6,11,7,5139.459556,4843.326661643713,1.0,0.0,Q4_high
112,7,11,7,4844.459556,4548.326661643713,1.0,0.0,Q3
112,8,11,7,4705.477413,4409.344518312076,1.0,0.0,Q3
112,9,11,7,4406.794223999999,4110.66132931497,1.0,0.0,Q3
112,10,11,7,3623.5141429999994,3423.8270889671703,1.0,0.0,Q3
112,11,11,7,3468.3483829999996,3268.6613293149703,1.0,1.0,Q3
112,12,11,8,3191.3483829999996,2991.6613293149703,1.0,0.0,Q2
112,13,11,8,2892.9361109999995,2736.5057699863814,1.0,0.0,Q2
112,14,11,8,2680.4263379999993,2523.995996986228,1.0,0.0,Q2
112,15,11,8,2409.4263379999993,2252.995996986228,1.0,0.0,Q2
112,16,11,8,2294.444194999999,2138.01385365459,1.0,1.0,Q2
112,17,11,9,2019.7610059999997,1863.3306646574852,1.0,0.0,Q2
112,18,11,9,1601.6537819999994,1443.5106558564717,1.0,1.0,Q1_low
112,19,11,11,1443.4737909999994,1285.3306646574854,0.0,0.0,Q1_low
112,20,11,11,1183.6872609999991,1123.9945192083526,0.0,0.0,Q1_low
112,21,11,11,877.0231609999992,877.9374819167668,0.0,0.0,Q1_low
112,22,11,11,464.18023899999935,464.18023927009824,0.0,0.0,Q1_low
112,23,11,11,341.6653319999996,341.6653323287427,0.0,0.0,Q1_low
112,24,11,11,250.6831889999994,250.68318899710488,0.0,0.0,Q1_low
113,0,13,0,7380.242417,6716.991993972456,1.0,1.0,Q4_high
113,1,13,2,7261.242417,6882.02770730918,1.0,1.0,Q4_high
113,2,13,5,6804.081107,6200.930050362704,1.0,0.0,Q4_high
113,3,13,5,6581.477718,5978.326661643712,1.0,0.0,Q4_high
113,4,13,5,6249.051012,5583.526621155569,1.0,0.0,Q4_high
113,5,13,5,6065.868909000001,5400.344518312075,1.0,1.0,Q4_high
113,6,13,6,5624.911016,4871.05165742868,1.0,1.0,Q4_high
113,7,13,7,5345.340689000001,4517.44725168172,1.0,0.0,Q4_high
113,8,13,7,5121.237956000001,4293.344518312076,1.0,0.0,Q3
113,9,13,7,4988.255813,4160.362374980437,1.0,0.0,Q3
113,10,13,7,4695.572624,3867.6791859833324,1.0,0.0,Q3
113,11,13,7,4406.572624,3578.679185983333,1.0,0.0,Q3
113,12,13,7,4273.590481,3445.697042651695,1.0,0.0,Q3
113,13,13,7,3980.9072920000003,3153.01385365459,1.0,0.0,Q3
113,14,13,7,3551.8703990000004,2710.8727262721522,1.0,1.0,Q3
113,15,13,10,2888.199281,2228.281887966271,1.0,1.0,Q2
113,16,13,12,2781.9133900000006,2121.995996986228,0.0,0.0,Q2
113,17,13,12,2524.1531650000006,1929.3722620891467,0.0,1.0,Q2
113,18,13,13,2297.1115680000003,1702.3306646574852,0.0,0.0,Q2
113,19,13,13,2034.428379,1439.6474756603805,0.0,0.0,Q2
113,20,13,13,1758.08648,1212.0983142012494,0.0,0.0,Q2
113,21,13,13,1276.7520910000003,713.7018455829294,0.0,0.0,Q1_low
113,22,13,13,911.9077020000004,425.6958234192353,0.0,0.0,Q1_low
113,23,13,13,815.877211,329.66533232874264,0.0,0.0,Q1_low
113,24,13,13,730.8950680000007,244.68318899710482,0.0,0.0,Q1_low
114,0,10,0,6595.434092,6716.991993972456,1.0,1.0,Q4_high
114,1,10,5,6476.434092,6882.02770730918,1.0,1.0,Q4_high
114,2,10,7,5776.520654,5731.223039853013,1.0,1.0,Q4_high
114,3,10,8,5489.289608000001,5586.0098506408185,1.0,0.0,Q4_high
114,4,10,8,4833.471509000001,4870.165280433694,1.0,0.0,Q3
114,5,10,8,4731.316079,4768.0098506408185,1.0,0.0,Q3
114,6,10,8,4610.333936000001,4647.02770730918,1.0,0.0,Q3
114,7,10,8,4329.650747000001,4366.344518312076,1.0,0.0,Q3
114,8,10,8,4052.6507470000006,4089.3445183120757,1.0,0.0,Q3
114,9,10,8,3696.4083480000004,3664.469223148113,1.0,1.0,Q3
114,10,10,9,3405.7338790000003,3297.847610919653,0.0,0.0,Q3
114,11,10,9,3208.547597,3100.6613293149708,0.0,1.0,Q2
114,12,10,10,2943.547597,2835.6613293149703,0.0,0.0,Q2
114,13,10,10,2688.2673570000006,2553.9233402967266,0.0,0.0,Q2
114,14,10,10,2526.3400140000003,2391.995996986228,0.0,0.0,Q2
114,15,10,10,2161.1629200000007,2161.162921426378,0.0,0.0,Q2
114,16,10,10,1819.9959960000006,1819.995996986228,0.0,0.0,Q2
114,17,10,10,1723.0138530000004,1723.01385365459,0.0,0.0,Q2
114,18,10,10,1466.330664,1466.3306646574852,0.0,0.0,Q1_low
114,19,10,10,1213.330664,1213.3306646574852,0.0,0.0,Q1_low
114,20,10,10,960.3306640000001,960.3306646574854,0.0,0.0,Q1_low
114,21,10,10,863.3485210000008,863.3485213258475,0.0,0.0,Q1_low
114,22,10,10,606.6653320000005,606.6653323287426,0.0,0.0,Q1_low
114,23,10,10,353.6653320000005,353.6653323287427,0.0,0.0,Q1_low
114,24,10,10,256.6831890000003,256.6831889971049,0.0,0.0,Q1_low
115,0,15,0,8108.386055,6716.991993972456,1.0,1.0,Q4_high
115,1,15,7,7989.386055,6882.02770730918,1.0,1.0,Q4_high
115,2,15,8,7413.655604,5890.247645562356,1.0,1.0,Q4_high
115,3,15,9,7136.515501,5486.692289271962,1.0,1.0,Q4_high
115,4,15,12,6753.479198,4916.478728786613,1.0,0.0,Q4_high
115,5,15,12,6247.625006,4240.225710424822,1.0,1.0,Q4_high
115,6,15,13,6124.708101,4117.308804975351,1.0,0.0,Q4_high
115,7,15,13,5859.708101,3852.308804975351,1.0,0.0,Q4_high
115,8,15,13,5127.234781,3467.380447407705,1.0,0.0,Q3
115,9,15,13,4846.497805999999,3186.643472646608,1.0,0.0,Q3
115,10,15,13,4599.497805999999,2939.643472646608,1.0,0.0,Q3
115,11,15,13,4508.515663,2848.6613293149703,1.0,0.0,Q3
115,12,15,13,4257.832474,2597.978140317866,1.0,0.0,Q3
115,13,15,13,4010.832474,2350.9781403178654,1.0,0.0,Q3
115,14,15,13,3919.8503309999996,2259.9959969862275,1.0,0.0,Q3
115,15,15,13,3669.1671420000002,2009.312807989123,1.0,0.0,Q3
115,16,15,13,3194.25836,1586.5142956810262,1.0,1.0,Q2
115,17,15,15,2908.2484379999996,1431.395266941004,0.0,0.0,Q2
115,18,15,15,2661.1659790000003,1184.312807989123,0.0,0.0,Q2
115,19,15,15,2582.183836,1105.3306646574852,0.0,0.0,Q2
115,20,15,15,2343.500647,866.6474756603805,0.0,0.0,Q2
115,21,15,15,2108.500647,631.6474756603805,0.0,0.0,Q2
115,22,15,15,1895.8113169999997,507.74429552047286,0.0,0.0,Q2
115,23,15,15,1690.0491650000004,301.98214333163776,0.0,0.0,Q1_low
115,24,15,15,1461.0491650000004,72.98214333163779,0.0,0.0,Q1_low
116,0,13,0,6892.438426,6716.991993972456,1.0,1.0,Q4_high
116,1,13,4,6773.438426,6882.02770730918,1.0,1.0,Q4_high
116,2,13,6,6224.447797999999,6050.665749943902,1.0,0.0,Q4_high
116,3,13,6,5609.050805,5595.725345940471,1.0,1.0,Q4_high
116,4,13,10,5171.647187,4994.104313990501,0.0,0.0,Q4_high
116,5,13,10,4887.734594,4711.176459981838,0.0,0.0,Q3
116,6,13,10,4709.585841,4533.02770730918,0.0,0.0,Q3
116,7,13,10,4434.902652,4258.344518312075,1.0,1.0,Q3
116,8,13,11,3607.4368189999996,3475.016350098295,0.0,1.0,Q3
116,9,13,12,3418.7471309999996,3428.3445183120757,0.0,0.0,Q3
116,10,13,12,3165.7471309999996,3175.3445183120753,0.0,0.0,Q2
116,11,13,12,3068.764988,3078.3623749804374,0.0,0.0,Q2
116,12,13,12,2812.0817989999996,2821.679185983333,0.0,0.0,Q2
116,13,13,12,2559.0817989999996,2568.679185983333,0.0,0.0,Q2
116,14,13,12,2347.6637929999997,2325.059578933954,0.0,0.0,Q2
116,15,13,12,2177.6180679999998,2155.01385365459,0.0,0.0,Q2
116,16,13,12,1930.6180679999998,1908.0138536545903,0.0,0.0,Q2
116,17,13,12,1839.6359249999996,1817.0317103229522,0.0,1.0,Q2
116,18,13,13,1588.9527359999993,1566.3485213258475,0.0,0.0,Q1_low
116,19,13,13,1341.9527359999993,1319.3485213258475,0.0,0.0,Q1_low
116,20,13,13,1003.4595979999995,1003.4595987332627,0.0,0.0,Q1_low
116,21,13,13,787.6653319999996,787.6653323287426,0.0,0.0,Q1_low
116,22,13,13,552.6653319999996,552.6653323287426,0.0,0.0,Q1_low
116,23,13,13,317.6653319999996,317.66533232874264,0.0,0.0,Q1_low
116,24,13,13,238.6831889999994,238.68318899710482,0.0,0.0,Q1_low
117,0,10,0,6822.466296,6716.991993972456,1.0,1.0,Q4_high
117,1,10,5,6703.466296,6882.02770730918,0.0,0.0,Q4_high
117,2,10,5,6023.271868,5761.374078136737,0.0,1.0,Q4_high
117,3,10,7,5457.326547999999,5213.587224473944,0.0,1.0,Q4_high
117,4,10,8,5053.5945759999995,4780.6145166318765,1.0,0.0,Q3
117,5,10,8,4895.288864,4764.326661643713,1.0,0.0,Q3
117,6,10,8,4618.288864,4487.326661643713,1.0,0.0,Q3
117,7,10,8,4497.306720999999,4366.344518312076,1.0,0.0,Q3
117,8,10,8,4216.623532,4085.6613293149703,1.0,0.0,Q3
117,9,10,8,3939.6235319999996,3808.6613293149703,1.0,0.0,Q3
117,10,10,8,3818.6413889999994,3687.6791859833324,1.0,0.0,Q3
117,11,10,8,3537.9581999999996,3406.9959969862275,1.0,0.0,Q3
117,12,10,8,3260.9581999999996,3129.9959969862275,1.0,0.0,Q2
117,13,10,8,2882.3578209999996,2694.7784953889122,1.0,1.0,Q2
117,14,10,9,2477.7638559999996,2434.7490090501738,1.0,1.0,Q2
117,15,10,10,2392.0287009999993,2349.01385365459,0.0,0.0,Q2
117,16,10,10,2127.0287009999993,2084.01385365459,0.0,0.0,Q2
117,17,10,10,1629.9905659999995,1660.8377844215004,0.0,0.0,Q1_low
117,18,10,10,1473.8002569999999,1504.6474756603805,0.0,0.0,Q1_low
117,19,10,10,1135.4974569999995,1135.4974572493336,0.0,0.0,Q1_low
117,20,10,10,956.6474749999998,956.6474756603805,0.0,0.0,Q1_low
117,21,10,10,703.6474749999998,703.6474756603805,0.0,0.0,Q1_low
117,22,10,10,606.6653319999996,606.6653323287426,0.0,0.0,Q1_low
117,23,10,10,349.98214299999927,349.98214333163776,0.0,0.0,Q1_low
117,24,10,10,96.98214299999927,96.98214333163779,0.0,0.0,Q1_low
118,0,11,0,6975.91401,6716.991993972456,1.0,1.0,Q4_high
118,1,11,2,6856.91401,6882.02770730918,1.0,1.0,Q4_high
118,2,11,3,6307.880183,6126.6002712531745,1.0,1.0,Q4_high
118,3,11,5,5770.774072,5546.2718879144195,1.0,1.0,Q4_high
118,4,11,6,5483.522917,5253.942659530052,1.0,1.0,Q4_high
118,5,11,9,4998.524678000001,4593.415494921984,0.0,0.0,Q3
118,6,11,9,4637.456124,4208.784938385009,0.0,0.0,Q3
118,7,11,9,4496.979991,4068.308804975351,0.0,0.0,Q3
118,8,11,9,4128.668524000001,3692.8125819461557,0.0,0.0,Q3
118,9,11,9,4006.499415,3570.643472646608,1.0,0.0,Q3
118,10,11,9,3735.499415,3299.6434726466077,1.0,0.0,Q3
118,11,11,9,3464.499415,3028.643472646608,0.0,0.0,Q3
118,12,11,9,3349.5172720000005,2913.6613293149703,0.0,1.0,Q3
118,13,11,10,3074.834083,2638.9781403178654,0.0,0.0,Q2
118,14,11,10,2611.608118,2169.080818169362,0.0,0.0,Q2
118,15,11,10,2405.707682,2045.0353380931479,0.0,0.0,Q2
118,16,11,10,2234.6683410000005,1873.995996986228,0.0,0.0,Q2
118,17,11,10,1971.9851520000002,1611.312807989123,0.0,0.0,Q2
118,18,11,10,1712.9851520000002,1352.312807989123,0.0,0.0,Q2
118,19,11,10,1610.003009,1249.3306646574852,0.0,0.0,Q1_low
118,20,11,10,1347.3198200000006,986.6474756603805,1.0,0.0,Q1_low
118,21,11,10,1088.3198200000006,727.6474756603805,1.0,0.0,Q1_low
118,22,11,10,789.7235140000003,657.2756788730927,1.0,1.0,Q1_low
118,23,11,11,482.4299780000001,349.9821433316378,0.0,0.0,Q1_low
118,24,11,11,229.42997800000012,96.98214333163783,0.0,0.0,Q1_low
119,0,10,0,6646.073229,6716.991993972456,1.0,1.0,Q4_high
119,1,10,5,6527.073229,6882.02770730918,1.0,1.0,Q4_high
119,2,10,6,5995.973891,5886.467200204539,1.0,1.0,Q4_high
119,3,10,8,5614.9371249999995,5469.901794448368,1.0,0.0,Q4_high
119,4,10,8,5262.475775,5028.371623981946,1.0,0.0,Q4_high
119,5,10,8,5096.412956,4862.308804975351,1.0,0.0,Q3
119,6,10,8,4767.099247,4510.996106882729,1.0,0.0,Q3
119,7,10,8,4584.746612999999,4328.643472646609,1.0,0.0,Q3
119,8,10,8,4301.746612999999,4045.643472646608,1.0,0.0,Q3
119,9,10,8,4174.76447,3918.6613293149703,1.0,1.0,Q3
119,10,10,9,3888.0812809999998,3631.978140317866,1.0,0.0,Q3
119,11,10,9,3478.9501069999997,3157.440641489916,1.0,0.0,Q3
119,12,10,9,3189.8297809999995,2984.896359934993,1.0,0.0,Q2
119,13,10,9,2843.9115609999994,2638.9781403178654,1.0,0.0,Q2
119,14,10,9,2621.4472359999995,2503.635867044718,1.0,0.0,Q2
119,15,10,9,2307.1241769999997,2189.312807989123,1.0,0.0,Q2
119,16,10,9,2042.1241769999997,1924.312807989123,1.0,0.0,Q2
119,17,10,9,1933.1420339999995,1815.3306646574852,1.0,1.0,Q2
119,18,10,10,1664.4588449999992,1546.6474756603805,0.0,0.0,Q1_low
119,19,10,10,1214.7173559999992,1136.6662897646745,0.0,0.0,Q1_low
119,20,10,10,917.4777409999997,917.4777418584963,0.0,0.0,Q1_low
119,21,10,10,703.6474749999998,703.6474756603805,0.0,0.0,Q1_low
119,22,10,10,606.6653319999996,606.6653323287426,0.0,0.0,Q1_low
119,23,10,10,349.98214299999927,349.98214333163776,0.0,0.0,Q1_low
119,24,10,10,96.98214299999927,96.98214333163779,0.0,0.0,Q1_low
120,0,13,0,6895.651772,6716.991993972456,1.0,1.0,Q4_high
120,1,13,5,6776.651772,6882.02770730918,1.0,1.0,Q4_high
120,2,13,7,6310.103707,6035.713274458716,1.0,1.0,Q4_high
120,3,13,8,5961.873826,5568.512722320935,1.0,0.0,Q4_high
120,4,13,8,5796.669909,5545.326661643713,1.0,0.0,Q4_high
120,5,13,8,5327.879172,4954.103973995049,1.0,0.0,Q4_high
120,6,13,8,5099.418671,4867.66132931497,1.0,0.0,Q3
120,7,13,8,4810.418671,4436.643472646609,1.0,0.0,Q3
120,8,13,8,4226.927719,3799.586499540944,1.0,1.0,Q3
120,9,13,10,3919.303401,3610.2808945706743,1.0,0.0,Q3
120,10,13,10,3608.6659790000003,3299.6434726466086,1.0,0.0,Q3
120,11,13,10,3493.683836,3184.6613293149703,1.0,0.0,Q3
120,12,13,10,3219.0006470000003,2909.978140317866,1.0,0.0,Q2
120,13,13,10,2948.0006470000003,2638.9781403178654,1.0,0.0,Q2
120,14,13,10,2592.742894,2313.8383905032106,1.0,0.0,Q2
120,15,13,10,2231.610785,1968.2381798834256,1.0,0.0,Q2
120,16,13,10,2133.685413,1870.312807989123,1.0,0.0,Q2
120,17,13,10,2030.70327,1767.3306646574852,1.0,1.0,Q2
120,18,13,11,1563.9661100000003,1281.4771396306592,1.0,1.0,Q1_low
120,19,13,12,1396.3157730000003,1083.1905119634034,1.0,0.0,Q1_low
120,20,13,12,1239.7727370000002,926.6474756603805,1.0,0.0,Q1_low
120,21,13,12,1019.2007750000002,730.5767213516327,1.0,1.0,Q1_low
120,22,13,13,855.6061970000001,566.9821433316378,0.0,0.0,Q1_low
120,23,13,13,442.2686300000005,442.26863083109026,0.0,0.0,Q1_low
120,24,13,13,78.98214300000018,78.98214333163779,0.0,0.0,Q1_low
121,0,13,0,6295.009443,6716.991993972456,1.0,1.0,Q4_high
121,1,13,8,6176.009443,6882.02770730918,1.0,1.0,Q4_high
121,2,13,9,5612.199264,5650.280213269564,1.0,1.0,Q4_high
121,3,13,10,5229.68708,5339.952947786825,1.0,0.0,Q4_high
121,4,13,10,5057.060794,5025.308804975351,1.0,0.0,Q3
121,5,13,10,4770.377605,4880.643472646609,1.0,0.0,Q3
121,6,13,10,4643.395462,4753.66132931497,1.0,0.0,Q3
121,7,13,10,4360.395462,4470.66132931497,1.0,1.0,Q3
121,8,13,11,4077.395462,4187.66132931497,1.0,0.0,Q3
121,9,13,11,3950.413319,4060.679185983333,1.0,1.0,Q3
121,10,13,12,3547.6084,3449.9587269620856,1.0,0.0,Q3
121,11,13,12,3139.008995,2997.496738673777,1.0,0.0,Q2
121,12,13,12,3051.490397,2909.978140317866,1.0,0.0,Q2
121,13,13,12,2936.508254,2794.995996986228,1.0,0.0,Q2
121,14,13,12,2363.261835,2243.5400175094255,1.0,0.0,Q2
121,15,13,12,2189.0346250000002,2069.312807989123,0.0,0.0,Q2
121,16,13,12,1936.0346250000002,1816.312807989123,0.0,0.0,Q2
121,17,13,12,1839.052482,1719.3306646574852,0.0,0.0,Q2
121,18,13,12,1582.3692929999997,1462.6474756603802,1.0,1.0,Q1_low
121,19,13,13,1152.2714139999998,1022.2721252020693,0.0,0.0,Q1_low
121,20,13,13,810.7090410000001,810.7090420324855,0.0,0.0,Q1_low
121,21,13,13,631.6474749999998,631.6474756603805,0.0,0.0,Q1_low
121,22,13,13,552.6653319999996,552.6653323287426,0.0,0.0,Q1_low
121,23,13,13,313.9821430000002,313.98214333163776,0.0,0.0,Q1_low
121,24,13,13,78.98214300000018,78.98214333163779,0.0,0.0,Q1_low
122,0,14,0,7439.675759,6716.991993972456,1.0,1.0,Q4_high
122,1,14,4,7320.675759,6882.02770730918,1.0,0.0,Q4_high
122,2,14,4,7007.675759,6569.02770730918,1.0,1.0,Q4_high
122,3,14,5,6435.563158,5858.504068705314,1.0,0.0,Q4_high
122,4,14,5,6268.086797,5691.02770730918,1.0,0.0,Q4_high
122,5,14,5,6123.104654,5546.045563977543,1.0,0.0,Q4_high
122,6,14,5,5818.421464999999,5241.362374980437,1.0,1.0,Q4_high
122,7,14,6,5517.421464999999,4940.362374980437,1.0,0.0,Q4_high
122,8,14,6,5372.439322,4795.3802316488,1.0,0.0,Q4_high
122,9,14,6,5067.756133,4490.697042651695,1.0,1.0,Q3
122,10,14,7,4766.756133,4189.697042651695,1.0,0.0,Q3
122,11,14,7,4435.442338999999,3833.28274901416,1.0,1.0,Q3
122,12,14,9,4038.084599,3441.861119907242,1.0,1.0,Q3
122,13,14,11,3661.137625,3026.000244347322,1.0,0.0,Q3
122,14,14,11,3196.504151,2520.928566450248,1.0,0.0,Q2
122,15,14,11,2998.2763319999995,2322.700747449627,1.0,0.0,Q2
122,16,14,11,2543.383613,1820.562602008575,1.0,0.0,Q2
122,17,14,11,2317.600544,1610.3029062226246,1.0,1.0,Q2
122,18,14,12,2131.628302,1424.3306646574854,1.0,0.0,Q2
122,19,14,12,1884.628302,1177.3306646574854,0.0,0.0,Q2
122,20,14,12,1572.6981379999997,982.1446160682439,0.0,1.0,Q1_low
122,21,14,13,1402.2188539999997,811.6653323287426,0.0,0.0,Q1_low
122,22,14,13,1161.2188539999997,570.6653323287426,0.0,1.0,Q1_low
122,23,14,14,920.2188539999997,329.6653323287427,0.0,0.0,Q1_low
122,24,14,14,835.2367109999996,244.68318899710488,0.0,0.0,Q1_low
123,0,12,0,7100.65849,6716.991993972456,1.0,1.0,Q4_high
123,1,12,4,6981.65849,6882.02770730918,1.0,1.0,Q4_high
123,2,12,6,6339.541105,5971.719658185515,1.0,1.0,Q4_high
123,3,12,8,6050.602325,5291.684631958163,1.0,0.0,Q4_high
123,4,12,8,5422.708328,4717.747725169496,1.0,0.0,Q4_high
123,5,12,8,5327.269408,4622.308804975351,1.0,0.0,Q4_high
123,6,12,8,5206.287265,4501.326661643713,1.0,0.0,Q4_high
123,7,12,8,4925.604076,4220.643472646609,1.0,0.0,Q3
123,8,12,8,4648.604076,3943.643472646608,1.0,0.0,Q3
123,9,12,8,4527.621933,3822.6613293149703,1.0,0.0,Q3
123,10,12,8,4246.938743999999,3541.978140317866,1.0,0.0,Q3
123,11,12,8,3802.3210919999997,3080.1524509150954,1.0,1.0,Q3
123,12,12,10,3482.783838,2758.0535163173045,1.0,0.0,Q3
123,13,12,10,3291.7084619999996,2566.9781403178654,1.0,0.0,Q2
123,14,12,10,3182.726319,2457.9959969862275,1.0,0.0,Q2
123,15,12,10,2914.04313,2189.312807989123,1.0,0.0,Q2
123,16,12,10,2649.04313,1924.312807989123,1.0,0.0,Q2
123,17,12,10,2540.060987,1815.3306646574852,1.0,1.0,Q2
123,18,12,11,2271.3777979999995,1546.6474756603805,1.0,1.0,Q2
123,19,12,12,1740.1009329999997,1271.4808912273288,0.0,0.0,Q2
123,20,12,12,1312.9831869999998,822.9406885749371,0.0,0.0,Q1_low
123,21,12,12,1169.689974,679.6474756603805,0.0,0.0,Q1_low
123,22,12,12,1078.7078309999997,588.6653323287426,0.0,0.0,Q1_low
123,23,12,12,828.0246419999994,337.98214333163776,0.0,0.0,Q1_low
123,24,12,12,581.0246419999994,90.98214333163779,0.0,0.0,Q1_low
124,0,16,0,6507.932135,6716.991993972456,1.0,1.0,Q4_high
124,1,16,7,6388.932135,6882.02770730918,1.0,1.0,Q4_high
124,2,16,8,5473.514875,5511.506554536378,1.0,1.0,Q4_high
124,3,16,10,4891.375132,5174.937451341357,1.0,1.0,Q3
124,4,16,13,4491.481352,4529.993605873609,1.0,0.0,Q3
124,5,16,13,4347.479740000001,4385.991993972456,1.0,0.0,Q3
124,6,16,13,4090.680475,4043.5022434446955,1.0,0.0,Q3
124,7,16,13,3947.504893,3900.326661643713,1.0,1.0,Q3
124,8,16,14,3594.789538,3626.798039373585,1.0,0.0,Q3
124,9,16,14,3242.161094,3215.6319027297614,1.0,0.0,Q2
124,10,16,14,3122.190521,3095.6613293149703,1.0,0.0,Q2
124,11,16,14,2875.190521,2848.6613293149703,1.0,0.0,Q2
124,12,16,14,2784.208378,2757.679185983333,1.0,0.0,Q2
124,13,16,14,2533.525189,2506.9959969862275,1.0,0.0,Q2
124,14,16,14,2286.525189,2259.9959969862275,1.0,0.0,Q2
124,15,16,14,2195.543046,2169.01385365459,1.0,0.0,Q2
124,16,16,14,1649.4595719999998,1727.7985410070012,1.0,0.0,Q1_low
124,17,16,14,1496.991696,1575.3306646574852,1.0,1.0,Q1_low
124,18,16,15,1261.991696,1340.3306646574852,1.0,0.0,Q1_low
124,19,16,15,1183.0095529999999,1261.3485213258475,1.0,0.0,Q1_low
124,20,16,15,889.5455270000002,948.9082733104643,1.0,0.0,Q1_low
124,21,16,15,704.3025859999998,763.6653323287426,1.0,0.0,Q1_low
124,22,16,15,374.3647140000003,439.14574740839373,1.0,1.0,Q1_low
125,0,14,0,7648.500607,6716.991993972456,1.0,1.0,Q4_high
125,1,14,4,7529.500607,6882.02770730918,1.0,1.0,Q4_high
125,2,14,5,7087.984493,6373.061847654388,1.0,1.0,Q4_high
125,3,14,6,6706.061594,5734.8866407157,1.0,1.0,Q4_high
125,4,14,8,6197.827206,5150.528350178919,1.0,0.0,Q4_high
125,5,14,8,6033.290849999999,4985.991993972456,1.0,0.0,Q4_high
125,6,14,8,5738.290849999999,4690.991993972456,1.0,0.0,Q4_high
125,7,14,8,4914.969734,4413.1649109113905,1.0,1.0,Q3
125,8,14,10,4602.1599750000005,3877.6950569286405,1.0,0.0,Q3
125,9,14,10,4298.79158,3574.326661643713,1.0,0.0,Q3
125,10,14,10,4183.809437,3459.3445183120757,1.0,0.0,Q3
125,11,14,10,3909.126248,3184.6613293149708,1.0,1.0,Q3
125,12,14,11,3540.4794469999997,2925.102908408714,1.0,0.0,Q3
125,13,14,11,3192.7362190000003,2696.5244805526677,1.0,1.0,Q2
125,14,14,12,2672.9259949999996,2299.736685196961,0.0,0.0,Q2
125,15,14,12,2338.047724,1984.3032063918588,0.0,1.0,Q2
125,16,14,13,2119.7405149999995,1765.995996986228,0.0,1.0,Q2
125,17,14,14,1872.7405149999995,1518.995996986228,0.0,0.0,Q2
125,18,14,14,1556.159423,1432.1358758996114,0.0,0.0,Q1_low
125,19,14,14,1229.3542120000002,1105.3306646574854,0.0,0.0,Q1_low
125,20,14,14,994.3542120000002,870.3306646574854,0.0,0.0,Q1_low
125,21,14,14,915.372069,791.3485213258475,0.0,0.0,Q1_low
125,22,14,14,576.7464449999998,576.7464455351021,0.0,0.0,Q1_low
125,23,14,14,305.6653319999996,305.6653323287427,0.0,0.0,Q1_low
125,24,14,14,232.6831890000003,232.68318899710488,0.0,0.0,Q1_low
126,0,15,0,6781.378867,6716.991993972456,1.0,1.0,Q4_high
126,1,15,3,6662.378867,6882.02770730918,1.0,1.0,Q4_high
126,2,15,5,6036.589197,5760.8926766416,1.0,0.0,Q4_high
126,3,15,5,5851.688514,5575.991993972456,1.0,0.0,Q4_high
126,4,15,5,5712.706371,5437.009850640818,1.0,0.0,Q4_high
126,5,15,5,5414.023182000001,5138.326661643713,1.0,1.0,Q4_high
126,6,15,6,5119.023182000001,4843.326661643713,1.0,0.0,Q3
126,7,15,6,4780.693136,4483.628096142371,1.0,1.0,Q3
126,8,15,7,4600.726369,4303.66132931497,1.0,1.0,Q3
126,9,15,8,3831.2347240000004,3643.0507410740647,1.0,1.0,Q3
126,10,15,13,3407.6237520000004,3300.5147473339084,1.0,0.0,Q3
126,11,15,13,3014.2209170000006,2934.4922052955053,1.0,1.0,Q2
126,12,15,14,2897.7247090000005,2817.9959969862275,1.0,0.0,Q2
126,13,15,14,2602.497085,2502.2159599071806,1.0,0.0,Q2
126,14,15,14,2498.61179,2398.330664657485,1.0,0.0,Q2
126,15,15,14,2137.5292440000003,2048.1632501078625,1.0,0.0,Q2
126,16,15,14,1743.6788020000004,1654.312807989123,1.0,0.0,Q2
126,17,15,14,1664.6966590000002,1575.3306646574852,1.0,1.0,Q1_low
126,18,15,15,1426.0134700000008,1336.6474756603802,0.0,0.0,Q1_low
126,19,15,15,960.9409350000005,877.9451060317951,0.0,0.0,Q1_low
126,20,15,15,919.6433050000005,836.6474756603805,0.0,0.0,Q1_low
126,21,15,15,632.5019400000001,632.501940703632,0.0,0.0,Q1_low
126,22,15,15,512.9821430000002,512.9821433316378,0.0,0.0,Q1_low
126,23,15,15,289.9821430000002,289.98214333163776,0.0,0.0,Q1_low
126,24,15,15,66.98214300000018,66.98214333163779,0.0,0.0,Q1_low
127,0,10,0,7190.360142,6716.991993972456,0.0,0.0,Q4_high
127,1,10,0,7071.360142,6882.02770730918,1.0,1.0,Q4_high
127,2,10,2,6550.4808140000005,6114.268283718467,1.0,0.0,Q4_high
127,3,10,2,6054.191754,5716.213749791374,1.0,1.0,Q4_high
127,4,10,3,5529.770280000001,5156.579411191598,1.0,0.0,Q4_high
127,5,10,3,5355.499674000001,4982.308804975351,1.0,1.0,Q4_high
127,6,10,4,5216.517531,4843.326661643713,1.0,0.0,Q4_high
127,7,10,4,4921.517531,4548.326661643713,1.0,1.0,Q3
127,8,10,6,4404.9493600000005,4001.727660733719,1.0,0.0,Q3
127,9,10,6,4265.548361000001,3862.326661643713,1.0,0.0,Q3
127,10,10,6,3966.4109420000004,3580.3986233957316,1.0,1.0,Q3
127,11,10,7,3738.6736480000004,3352.6613293149708,1.0,0.0,Q3
127,12,10,7,3455.6736480000004,3069.6613293149703,1.0,1.0,Q3
127,13,10,9,2968.0866640000004,2578.567969583489,0.0,0.0,Q2
127,14,10,9,2769.6005970000006,2418.949180545259,0.0,0.0,Q2
127,15,10,9,2607.330602,2256.679185983333,0.0,0.0,Q2
127,16,10,9,2103.9262530000005,2005.0410691001011,0.0,0.0,Q2
127,17,10,9,1761.8811810000007,1662.995996986228,1.0,0.0,Q2
127,18,10,9,1652.8990380000005,1554.01385365459,1.0,0.0,Q1_low
127,19,10,9,1384.2158490000002,1285.3306646574854,1.0,1.0,Q1_low
127,20,10,10,1119.2158490000002,1020.3306646574854,0.0,0.0,Q1_low
127,21,10,10,1010.2337060000009,911.3485213258475,0.0,0.0,Q1_low
127,22,10,10,682.2530300000008,583.2526957101143,0.0,0.0,Q1_low
127,23,10,10,464.6656670000002,365.6653323287427,0.0,0.0,Q1_low
127,24,10,10,219.11467300000004,219.1146729572492,0.0,0.0,Q1_low
