case_id,channel,x_um,y_um,max_receive_um,kind,direction_udeg
0,1,-162792454,-721995716,1484019397,directional,347016821.0
0,2,214097904,1401255000,1054251999,omni,
0,3,854256946,574410856,1484563794,omni,
0,6,602106343,-1043220489,1308009076,directional,349477345.0
0,9,-224510331,-910390722,1096773967,omni,
0,11,-1032426802,1083414022,1246388492,directional,96106909.0
0,12,42527965,-1342801551,1286578324,directional,178872427.0
0,14,-988514303,-962408385,1260355580,directional,97887925.0
0,15,-142431513,-1611039660,1286466364,omni,
0,16,-298870199,-515626376,1147825809,omni,
0,17,624622623,1281471151,1005342766,omni,
0,19,-938953036,-368436282,1344411230,omni,
0,20,-685141741,-484261895,1439147272,omni,
1,1,-973424320,1455390936,1288560877,omni,
1,3,547986503,-612339072,1428717737,directional,59242240.0
1,4,1005857490,1318958874,1484026439,omni,
1,5,-914301163,-415113879,1086485040,omni,
1,6,-67795752,294884910,1488196780,omni,
1,7,-982482147,-1285949308,1200186744,omni,
1,8,218041625,-1291887213,1434386301,omni,
1,9,-1192979603,82372492,1290722378,omni,
1,12,-1425109884,-762031351,1047317187,omni,
1,14,1596139601,30955180,1062826317,omni,
1,15,-893000821,-245440554,1179455874,omni,
1,16,-301655632,-843719520,1168861657,omni,
1,17,-122791366,-309444280,1010045182,omni,
1,18,1418396830,-784164261,1008545521,omni,
1,19,1502393056,705640625,1037385017,omni,
1,20,1396548203,-208431981,1199975202,omni,
2,1,870445643,-1234059293,1113694093,directional,333384400.0
2,2,1459463637,-549225211,1226320295,directional,39770587.0
2,3,760345428,299682462,1180977654,directional,88302844.0
2,4,-1007862805,58549152,1287827228,directional,298794108.0
2,5,1197822302,-445141106,1286703674,directional,174472334.0
2,6,-1439124319,-162577368,1042467163,directional,77958072.0
2,9,-338823515,83349774,1439715481,directional,171692725.0
2,11,1210838600,945349481,1118226381,omni,
2,12,653648453,265217970,1384078489,directional,81876515.0
2,14,-959469471,535206400,1215839975,directional,343329930.0
2,15,-662381923,-959600396,1304513176,directional,20771236.0
2,16,1489642549,-471003070,1120886995,omni,
2,17,-646152687,-462313197,1475659006,omni,
2,18,960460799,425256691,1485034416,omni,
2,19,699212132,-959137960,1079298231,directional,327058378.0
2,20,-304950989,-1396242770,1023249900,directional,266464338.0
3,1,-1034679651,118332773,1307656503,directional,200763169.0
3,4,65895122,-1507045223,1017166881,directional,333834135.0
3,5,-633019894,293034134,1294490162,directional,209482424.0
3,7,-9893073,1290358356,1425395663,directional,136151771.0
3,9,381119022,799768009,1130049803,directional,50331250.0
3,10,1428443936,-83582942,1274484217,directional,265531066.0
3,11,119459897,-1627889666,1222923186,directional,232438935.0
3,13,-1189499581,-1179728563,1264626657,omni,
3,15,-496982254,13711388,1387226858,directional,169446113.0
3,18,-877917687,933082462,1261825415,omni,
3,19,1211250840,216012614,1223396015,directional,33854074.0
3,20,1269974179,987722451,1064815362,directional,39378933.0
4,2,499632756,-1368319229,1129081144,omni,
4,3,993502211,328636773,1394341779,directional,272513727.0
4,5,422065774,970967526,1481058771,omni,
4,8,-492492022,-276398637,1455898662,directional,179242016.0
4,9,900093883,282310509,1185504384,omni,
4,11,329194097,-131101208,1315862795,directional,139825443.0
4,12,1045615162,-391220851,1317523054,omni,
4,13,-518956137,-405526300,1328277838,omni,
4,14,1376187588,803937564,1224489437,directional,161511421.0
4,15,-862819844,337705212,1371922110,omni,
4,16,464765808,1617154823,1153868024,omni,
4,17,145836695,-462017000,1146717729,omni,
4,19,-1433742903,569699070,1098961354,omni,
4,20,1241962387,1210096113,1472866140,omni,
5,1,109314143,-426541943,1016173032,directional,350263629.0
5,2,-326727105,-148963522,1248542582,directional,28624827.0
5,5,-1256830826,-461995947,1167036939,directional,90852153.0
5,6,-791669009,-178994956,1057114614,directional,329458301.0
5,7,-483569833,346410145,1390900066,directional,175636766.0
5,8,-103030241,597406615,1140186275,directional,24703811.0
5,9,-533663912,416315873,1110029979,directional,21095461.0
5,11,-1413328949,-1024826711,1259752728,directional,242309131.0
5,12,-358462702,-565829110,1083983129,directional,305467622.0
5,14,356378240,-1214641756,1119901203,directional,140155481.0
5,15,316718662,-248157226,1192048596,directional,173577558.0
5,16,784180616,604293511,1259095358,directional,247624458.0
5,17,1566225,1216671687,1094057312,directional,166882582.0
5,18,-987966179,-1396857495,1337575316,directional,348111194.0
5,20,-1266610665,732695918,1368964105,directional,88514338.0
6,1,-243042137,-1065465088,1052420933,omni,
6,2,277967836,-288708564,1365093420,omni,
6,3,432530333,-280391308,1423376988,omni,
6,4,1287548970,1214533059,1136696217,omni,
6,5,-1018900494,-599309547,1232860689,omni,
6,7,-1318635268,-794017988,1199540184,directional,122575138.0
6,9,1565865984,-232251684,1236157543,omni,
6,10,332734795,-691687135,1021159887,omni,
6,13,-39581993,841483436,1058224339,omni,
6,14,-501805090,721955499,1182067450,directional,22230388.0
6,15,877928926,-1506902222,1097095575,omni,
6,16,390727243,-23641098,1174526526,omni,
6,18,-438748569,-387703056,1295338390,omni,
6,20,18710918,901865802,1043764101,directional,43359915.0
7,1,-1434885735,-137850229,1047326661,omni,
7,2,-89838869,1520047616,1415915699,omni,
7,3,-116693019,-1615215645,1015466117,omni,
7,4,623484462,-682445401,1200268037,omni,
7,5,-1157547295,1119603161,1261954088,omni,
7,6,-1530633363,-814671479,1218151061,omni,
7,7,-1386205154,-462089198,1053928092,omni,
7,10,328588338,-172028022,1079773923,omni,
7,11,-730639619,-880994186,1240991384,directional,114501575.0
7,13,-1082370734,1251475156,1141205842,omni,
7,14,172657875,-698013518,1149584851,omni,
7,17,260522063,-1681358371,1117460975,omni,
7,18,654996597,-445585192,1289797295,omni,
7,19,-1427631133,-92233530,1291832096,omni,
8,3,-633496292,-774178625,1105117049,omni,
8,6,598067794,731730751,1004608355,omni,
8,11,904147063,-1470463016,1297710554,omni,
8,12,-535354167,-1452645460,1393998134,omni,
8,13,-621471155,208592163,1211759595,directional,272298240.0
8,14,-811365787,-491507490,1183217568,omni,
8,15,-1064828752,997064432,1352131373,omni,
8,16,1544857053,574457322,1211322233,directional,101016963.0
8,18,70714629,1479336420,1229923440,directional,22294860.0
8,19,-1268111583,1108935681,1295866325,omni,
9,1,-1041901304,-619245572,1284572666,omni,
9,2,-98455706,-1209771157,1070419970,omni,
9,3,771635853,131351317,1214503687,omni,
9,4,642478280,-434997465,1156422654,omni,
9,6,447304914,1627115776,1455118881,directional,11313072.0
9,7,949237673,1234544084,1082907445,omni,
9,10,1324694439,950645192,1413036065,directional,310432271.0
9,11,1056937954,-1137669272,1435719408,omni,
9,12,-536248551,-631279638,1320198435,omni,
9,13,358026180,-323204101,1063503087,directional,351476558.0
9,14,834850583,-68901146,1046135703,directional,58371265.0
9,15,493412472,327762196,1202329219,directional,289738639.0
9,16,511360683,-107616757,1435193164,omni,
9,18,-369054204,1576882267,1319486958,directional,95108308.0
9,19,1508448617,-659234829,1104678355,directional,145863057.0
9,20,-1097485004,1143636272,1045268055,omni,
10,2,-1644463933,-201492198,1216177346,omni,
10,3,1133676700,-903947357,1153479908,directional,97093746.0
10,4,311136889,-767603651,1306271380,omni,
10,5,742174004,-219699358,1291335494,omni,
10,6,-702438845,-893063254,1431944661,omni,
10,7,1181873893,-584960544,1177108990,directional,152514375.0
10,8,-29018871,1633354987,1220579844,omni,
10,9,91216271,-1276612964,1386656601,omni,
10,13,-488756817,-115969011,1158722007,omni,
10,14,466634139,-673909819,1291842296,directional,302606692.0
10,16,54751300,434766618,1361700304,omni,
10,18,347757588,-1449082134,1391753643,directional,110095327.0
10,19,621925961,89426606,1043360482,directional,342918166.0
10,20,-623407474,-1052208338,1096525896,omni,
11,2,1325487094,227314879,1228645189,directional,67811632.0
11,4,-725028740,-866762945,1256786971,directional,39836160.0
11,7,-1669651787,32343965,1427508525,directional,180351353.0
11,8,-82664293,828187761,1489535329,omni,
11,9,-17351712,1196608577,1079073890,directional,292947612.0
11,10,-1170446008,-859044534,1449045537,omni,
11,13,1369164709,-463643793,1294755186,directional,348359568.0
11,16,-667637548,-252945356,1477076818,directional,303263294.0
11,18,-834588300,-962907110,1194896165,directional,26755316.0
11,19,1102634909,-1061330159,1292459299,directional,217495476.0
11,20,-1117134852,152582958,1477492258,directional,190542611.0
12,2,-1469011253,-370009179,1225250599,omni,
12,3,-772755018,907614842,1408466829,omni,
12,4,1378871950,-748691176,1435824576,directional,308020907.0
12,5,558033507,340495577,1498594211,omni,
12,7,1096909412,-90072678,1310745043,directional,308115148.0
12,8,-168252060,-1016755172,1101991931,directional,149146985.0
12,9,1539368762,448967082,1092057838,omni,
12,10,-1079147033,-881114418,1130774862,omni,
12,11,343346698,1691583071,1191517257,directional,163902144.0
12,12,1128594799,-1277984093,1187767579,directional,9662450.0
12,13,-652607079,-863347338,1020916430,directional,134436946.0
12,15,885495474,-945217575,1280513261,omni,
12,17,-797250866,-121988694,1360069287,omni,
12,20,826248139,143474115,1175962350,omni,
13,1,735417411,-725304301,1081650851,omni,
13,2,827976011,688465802,1402756509,omni,
13,3,120702169,1432180726,1020300681,omni,
13,4,1425528001,787559929,1279181339,omni,
13,6,-107294920,-1718526231,1080906444,omni,
13,7,110052092,-903712924,1421225842,omni,
13,8,-1059273246,829447384,1112624789,omni,
13,9,56573082,856320345,1178316941,omni,
13,10,-641607707,964056816,1075663333,omni,
13,11,-650237397,-1550412813,1250434739,omni,
13,13,-938668031,1046134800,1128467110,omni,
13,14,-998102731,-1280716822,1425732120,omni,
13,15,258272717,-440210258,1112065672,omni,
13,17,228369020,597383708,1498175119,omni,
13,18,-519427861,1319410775,1460391818,directional,64224631.0
13,20,1355981815,229986135,1381572757,directional,327345600.0
14,2,33418694,-1334670196,1422954594,directional,189758224.0
14,3,-1344451408,663234534,1006443218,omni,
14,4,644307551,1068838790,1066666726,omni,
14,5,-1545036130,166876986,1211731702,directional,73719058.0
14,6,568855721,596157993,1160735786,omni,
14,10,1132635303,948330741,1062643730,directional,127539675.0
14,12,536877058,-369567401,1254520148,omni,
14,14,1273833310,470131983,1499453612,omni,
14,15,-1046061719,67885058,1270533760,omni,
14,19,-916719596,-903174217,1123914522,omni,
14,20,988490126,388978939,1399155008,omni,
15,2,-277316622,872583857,1094672725,omni,
15,4,1150309352,85310476,1295090461,omni,
15,5,-481132193,1238695740,1456949893,omni,
15,6,-1125947737,1211101085,1218182141,omni,
15,7,-633883780,321690143,1397816098,omni,
15,9,1456609845,473468817,1447191224,omni,
15,10,-387804066,-1687488225,1165992806,omni,
15,11,538043771,1076291587,1231833887,directional,315754599.0
15,12,-366558964,457644331,1099667669,omni,
15,14,-878858114,992926402,1350516148,omni,
15,16,-635549390,239959035,1208351123,omni,
15,17,-957482212,459752718,1350159091,omni,
15,18,-78711641,1061686273,1041450120,omni,
15,19,110611905,1383846767,1459744073,omni,
15,20,-760320620,-972204504,1147082380,omni,
16,1,-1583185613,-92384365,1391280614,directional,186295678.0
16,3,1361759197,625728327,1143622930,directional,335582144.0
16,4,-246792662,-1189372844,1436821879,directional,271985079.0
16,5,1131707324,-742365941,1362641670,directional,189238388.0
16,7,13689710,-608811350,1097166613,directional,351137565.0
16,8,1192315723,-1071486265,1279166724,directional,236942726.0
16,9,1195498273,-762508353,1319539376,directional,47091398.0
16,10,-833808647,-27909371,1364167655,directional,339112571.0
16,13,238019780,-840254418,1274829696,directional,14167659.0
16,14,-337853403,1458979490,1446908356,directional,94047638.0
16,16,803677048,-263339099,1093249754,directional,262691934.0
16,17,1485631605,303700915,1316126865,directional,85685599.0
16,19,-1649230138,636841675,1015820269,directional,282467651.0
17,1,-184624362,-755703873,1104500888,directional,225147806.0
17,2,-237339397,-646489741,1304436782,directional,200284043.0
17,3,1007542976,-956762402,1019098473,directional,25238613.0
17,4,763958533,-78697405,1164238300,omni,
17,6,-886918498,434903752,1367445665,directional,285293607.0
17,7,428766566,-406992677,1171239234,directional,309832085.0
17,8,87501865,-11221246,1062739128,directional,236067484.0
17,10,-1483046485,793156734,1447715718,directional,85664406.0
17,12,-1447833807,-868036792,1411104058,directional,207784299.0
17,13,-284714475,301589661,1006591740,directional,204290899.0
17,17,1108191395,-552138276,1011497733,directional,100562397.0
17,18,1697914885,29575578,1445023721,directional,320405386.0
18,1,-726074423,811596842,1443971177,omni,
18,2,410904748,-1331051841,1480240915,omni,
18,3,-615276363,1143247961,1291132616,omni,
18,4,248904054,147750326,1204401450,omni,
18,6,72312791,773360714,1350786664,omni,
18,8,-841856556,-895733281,1303167356,omni,
18,9,-173051772,1713838626,1143602985,omni,
18,11,1264847104,-446862451,1292595947,directional,274960355.0
18,13,-982749623,341978277,1066539001,directional,98779944.0
18,14,-1729847033,-2598220,1113210165,omni,
18,16,101953208,-1418286917,1092930502,omni,
18,18,-1153092614,980010566,1235343406,omni,
18,19,-997372081,652677099,1309346122,omni,
18,20,279669308,1213541262,1089495102,omni,
19,1,-2419888,-1639471894,1311046135,omni,
19,2,-380155631,1177338628,1052407931,omni,
19,3,-477961238,-1352146704,1093349444,omni,
19,4,568940378,593220626,1283647448,omni,
19,5,523291295,1361450171,1425445626,omni,
19,6,-954695046,528649900,1284070016,omni,
19,7,1638257379,603670486,1199810942,omni,
19,9,1189763364,-613523725,1251554806,omni,
19,10,1542190403,127161312,1170414417,omni,
19,12,-674924575,-770989820,1057831474,directional,276469979.0
19,14,545731042,-1274432838,1174685192,omni,
19,15,1007674235,-327131973,1404213220,omni,
19,18,-1702089027,159337521,1410930204,omni,
19,19,749624732,-1559092998,1157320246,omni,
19,20,599521704,1202097897,1369337114,omni,
20,1,938574643,1245277756,1195609729,directional,201745446.0
20,2,412251288,1370296241,1082117137,omni,
20,3,424574702,140965843,1014107965,omni,
20,4,842256989,710334406,1474944240,directional,238632543.0
20,5,406289181,355949186,1111218335,directional,113352671.0
20,7,-87494555,1055402314,1237033389,omni,
20,8,590673641,91660003,1166323331,directional,350270607.0
20,9,614980379,1368187014,1415790373,directional,255713398.0
20,10,1097502953,191117596,1003793193,directional,109571520.0
20,13,163509553,-867369881,1168974146,omni,
20,14,-1319774569,550268602,1013779969,omni,
20,15,977700061,1102740867,1377729154,omni,
20,16,-739078417,1411723593,1206673005,directional,59513637.0
20,18,70621946,-708104920,1105017651,directional,309940596.0
20,19,-673491508,1078457783,1254944564,omni,
20,20,109049059,237391339,1076232511,directional,193130088.0
21,1,768018945,-1059765182,1192559831,omni,
21,2,994431323,1014091482,1064761806,omni,
21,3,1352380139,-1091564100,1208234876,omni,
21,4,-683372857,-1614655059,1348445440,omni,
21,5,1137500633,-177341268,1463533575,omni,
21,6,1655834464,-507681316,1374335185,directional,323382205.0
21,7,403462969,1450748308,1176975614,omni,
21,8,-703137579,-806027239,1266343652,directional,231658129.0
21,9,183600772,928563023,1419720146,directional,6407587.0
21,14,-472565911,-657984438,1182681704,omni,
21,15,176424016,-1258232228,1196850566,omni,
21,17,736350233,118725648,1087782761,omni,
21,18,1011556064,-1295289487,1198073216,directional,355790575.0
22,2,332358367,-808113655,1110346840,directional,97126239.0
22,4,350239928,-1715760285,1115454788,omni,
22,6,1491422791,-420075386,1496884605,directional,347740231.0
22,8,55977020,1670031223,1154588473,directional,30252013.0
22,9,-241751436,1473522908,1498229191,directional,87883790.0
22,10,1296787413,126509893,1305575546,directional,117425265.0
22,11,-273782669,395323662,1343955833,directional,37890122.0
22,14,1232559322,-735872242,1228911541,directional,263508051.0
22,15,-710384775,-1088559623,1439395963,directional,190576997.0
22,16,-235904006,391848648,1075100379,omni,
22,17,-556538438,1280819286,1041209218,directional,236366353.0
22,19,1649524324,-569829095,1252350832,directional,234540871.0
23,1,-1564037049,200468923,1470925531,omni,
23,3,1344068085,-1135514281,1254887361,directional,96815094.0
23,4,-1149324494,-1283237721,1493758072,directional,183704681.0
23,5,267136816,1364050326,1492054609,omni,
23,6,-104222439,-186751769,1198290559,directional,78855174.0
23,8,277433365,1129600456,1402188777,directional,182572302.0
23,9,-1746723551,1906524,1173293933,omni,
23,10,819771539,986050021,1406293294,directional,5934955.0
23,11,-1401943295,629131676,1087861338,omni,
23,12,-1632975753,376256736,1276979887,directional,172032753.0
23,14,-264376216,-703187826,1030310657,directional,31322725.0
23,15,-761170346,-1149480870,1270711310,directional,315914206.0
23,16,334398152,1442436054,1349232486,directional,116171946.0
23,17,481173712,1646202442,1454114395,directional,221676571.0
23,18,-1268547643,-1164205488,1217047854,directional,217409642.0
23,19,-1287484316,618233029,1221477971,directional,347955338.0
24,2,837468788,-280666682,1435472407,omni,
24,5,730346354,-1060355981,1107881059,omni,
24,6,-471120626,-1353332326,1384722251,omni,
24,7,766762228,-113126927,1010372342,omni,
24,8,-771990753,42856767,1256602449,omni,
24,10,113817053,-222500816,1323389474,directional,326523175.0
24,11,648989769,-1483349250,1418363822,directional,64832928.0
24,12,788990703,1039586021,1256098654,omni,
24,15,-752582787,-944342619,1043997067,omni,
24,16,238258741,385697416,1199660657,omni,
24,17,-762436330,759991446,1417904163,directional,146768224.0
24,19,1141752548,754904626,1285063479,directional,196360891.0
24,20,-931330413,376529929,1411636609,omni,
25,1,185585544,1346095163,1170211729,directional,326017810.0
25,2,460883149,546135329,1115508197,directional,165182593.0
25,3,55654199,-1503686205,1344164228,directional,292448290.0
25,4,-482401178,-728653268,1459585531,directional,132617934.0
25,5,-953416118,-111890702,1262596815,directional,50461844.0
25,6,-1539225832,351691869,1465894140,directional,273474931.0
25,7,939430987,-782153724,1467968382,directional,151394691.0
25,9,338420241,31113228,1378616580,directional,255866967.0
25,13,1522708968,-698964526,1276535930,directional,54558421.0
25,14,452336837,181135691,1235146466,directional,31009892.0
25,15,-1250063157,370897171,1463512220,directional,63602491.0
25,17,-1155961956,-205885901,1377254583,directional,182343955.0
25,18,-541931684,-227603361,1003940431,directional,249703034.0
25,19,-134869288,1457363899,1292752667,directional,51101276.0
26,1,866934706,626407720,1168294509,directional,36759511.0
26,2,375170291,-148243203,1166450595,directional,116823566.0
26,6,-1210551847,-292541244,1005542817,directional,48677777.0
26,7,138532882,1311512869,1266314444,directional,12997463.0
26,8,-1139794691,-1295537162,1474235552,directional,17504859.0
26,9,1337808622,-637073154,1072883982,directional,352925220.0
26,11,-189819618,1330360249,1288590148,directional,309728658.0
26,12,1242738644,-133551202,1320286554,omni,
26,14,1167353713,120037862,1286279630,directional,159645261.0
26,15,671023472,36053658,1215793048,directional,212652646.0
26,17,-1093937409,859441848,1220459081,omni,
26,20,416441955,1379054335,1389926620,directional,96475332.0
27,2,249866547,5765023,1357738241,omni,
27,3,-58856567,1052209386,1194814854,omni,
27,4,1441435753,-741572972,1270173001,directional,204507000.0
27,6,-1385220746,83094961,1361063828,directional,278924685.0
27,7,914601914,274928926,1435801729,omni,
27,8,-811922054,287489873,1348563718,omni,
27,9,1115826141,-62056682,1396579323,directional,101665037.0
27,10,-302943646,511069764,1269462597,omni,
27,12,120824355,-1091223806,1440603864,omni,
27,13,-753204896,-505411447,1495116494,omni,
27,14,74260882,-1472382835,1450701684,omni,
27,15,-1603789480,444772634,1084335159,directional,150599352.0
27,16,187037820,627280184,1295930699,directional,101645690.0
27,17,414811695,-1237046429,1134378149,omni,
28,1,-692978237,-1408559061,1033041601,directional,348191583.0
28,2,-119991781,-1515520392,1205555189,omni,
28,3,-817793196,554482983,1159974586,omni,
28,4,-343024814,-389144365,1298658583,omni,
28,5,709832511,190455595,1423100388,directional,69832209.0
28,6,-695476249,-84884045,1182318309,directional,87454190.0
28,7,-1586521902,-125321212,1182563684,omni,
28,8,1136844680,735688132,1236237522,omni,
28,10,252392471,283734631,1380162983,omni,
28,12,1422800140,415799655,1135775409,directional,317573178.0
28,14,352692303,-1195716900,1265983443,omni,
28,16,957785462,852682229,1252699915,directional,6897815.0
28,18,-1353232201,99759699,1474368311,directional,95623395.0
28,19,-451199869,-1559397535,1311855472,omni,
29,1,-432661636,1531153120,1128519168,omni,
29,2,-54871271,1750606890,1243326697,directional,251390882.0
29,3,838521134,102771089,1052798347,directional,142191965.0
29,6,-1116532580,616159667,1302553103,directional,79120950.0
29,7,1263597499,50566879,1180140829,omni,
29,8,462299419,-32129508,1282825860,omni,
29,9,91554251,-150746994,1286464020,directional,38949488.0
29,10,-57496214,-1014518601,1184764790,directional,245985282.0
29,11,-819152890,1243841036,1197698934,directional,338830576.0
29,12,879842407,518844555,1195114773,omni,
29,13,556707467,-1535921320,1287699701,omni,
29,15,710336235,1428582586,1322336384,directional,221102553.0
29,16,516075849,1667021747,1279456776,omni,
29,18,543952538,-820090035,1476716925,omni,
29,19,-117566796,-150770607,1357266406,directional,39664778.0
29,20,-902150089,-846150858,1347990344,omni,
30,1,-1421239066,-164017904,1320375884,directional,16896477.0
30,3,655787180,1307847140,1451181903,directional,338068537.0
30,4,-687229947,-226301739,1132018158,directional,335274185.0
30,5,-603171421,488154595,1225382118,directional,346223218.0
30,7,-1576291329,492376122,1483801127,directional,173508369.0
30,8,7899590,-1227483309,1236468226,directional,289947805.0
30,9,1236109942,541006696,1216168332,directional,102830061.0
30,10,940336942,710875483,1223494308,directional,270219907.0
30,11,-396122249,-735151468,1198241802,directional,348769187.0
30,14,591795886,197037271,1124719324,directional,338594540.0
30,16,337443072,-489052416,1085556650,directional,140346514.0
30,17,941507773,1018116821,1303441056,directional,23043122.0
30,18,-440652537,-1354046912,1297291398,directional,152050556.0
31,2,-90296916,-349484568,1317640586,omni,
31,3,367780641,-1483078096,1403401568,omni,
31,4,332041762,-991499742,1203483488,directional,343016962.0
31,5,-1550328420,-636155836,1463509213,omni,
31,8,993568318,547336309,1267482632,omni,
31,9,-1232833762,-525665634,1073933194,omni,
31,10,-413017665,-795749966,1143798402,directional,170312122.0
31,12,-700232229,-1295649324,1288808665,omni,
31,14,551376921,561217055,1215280010,omni,
31,15,-1114311900,853131224,1493937436,omni,
31,16,1240521384,-338382154,1109397478,omni,
31,17,153024389,-1143183156,1326520469,directional,291753506.0
31,19,632214838,1139835485,1250281511,omni,
31,20,-1673873330,-140933157,1020825105,omni,
32,1,1560108189,674598502,1023592395,directional,126962934.0
32,5,1580506887,226957702,1493904250,omni,
32,6,1657353131,-366696630,1241155417,omni,
32,8,-1433567393,-44339318,1451021356,directional,178279419.0
32,9,-784869368,1223171686,1128663691,omni,
32,11,1187830416,868574053,1222082613,omni,
32,12,-317637003,-1226888799,1313048443,directional,92921873.0
32,13,-565503837,821035068,1355455617,omni,
32,15,-1150854222,8713821,1100302933,omni,
32,16,986485369,-812177940,1482667195,directional,355304908.0
33,4,997704902,-1285104661,1197587793,directional,52658707.0
33,6,-966808154,379848435,1473028300,directional,184266473.0
33,7,1234599005,-882284163,1294092458,omni,
33,8,-139337202,1240904936,1207182554,directional,320752846.0
33,11,224529024,-1577130778,1191608074,directional,300095969.0
33,12,709156847,-1176993628,1390015494,directional,50605120.0
33,13,-987032777,131401047,1275503599,directional,261364674.0
33,15,-987909043,-1213586525,1012840882,directional,210747774.0
33,16,874567611,795431594,1443285142,directional,120792902.0
33,19,1600035655,-213364477,1067211904,directional,39628181.0
34,1,542848382,-142360841,1147311571,omni,
34,3,135383670,-181592514,1162381957,omni,
34,4,-1147376646,544334146,1497075018,omni,
34,7,-986825131,509903107,1017308711,omni,
34,9,146798316,-472355396,1485622858,directional,244762526.0
34,10,-1468611039,-815613519,1259573569,omni,
34,11,1126123191,-496803399,1386765888,directional,39555862.0
34,14,-212997117,-821839415,1237727494,omni,
34,15,353913520,-1579193769,1011120245,omni,
34,16,1463309036,31422654,1080098828,directional,189396558.0
34,17,825796486,45164938,1123148905,directional,295355062.0
34,18,-393381128,582887290,1123872872,omni,
34,19,1024656404,953009719,1370122477,directional,301263630.0
35,2,1152906703,-205611153,1334027094,omni,
35,4,154723278,1053653869,1229894080,omni,
35,5,1706925855,161240983,1332896433,omni,
35,6,-650513767,-900309366,1063708724,omni,
35,8,156873729,-1066245043,1222182767,omni,
35,10,-1061564211,933637526,1189878841,omni,
35,11,1206861905,505258924,1223743315,omni,
35,12,1235719406,184910093,1372278579,omni,
35,13,143531847,-556176067,1298121388,omni,
35,14,1061109476,1291960900,1467237081,directional,117797179.0
35,15,-498858180,-1189535601,1361661059,omni,
35,17,-892485985,-1119497941,1187667907,omni,
35,18,-1290313081,1099509238,1359393154,omni,
35,19,-1059828200,906363018,1262416945,omni,
36,1,-719438302,1506216604,1208704828,directional,344818341.0
36,3,-186526586,-283066644,1371823256,omni,
36,5,1161694010,-189876217,1083109222,directional,150098720.0
36,6,-879049177,-1293286426,1219818361,directional,300437051.0
36,8,-183644564,-1548412389,1225636676,omni,
36,9,-451330739,1660155735,1465883318,omni,
36,10,-715317836,-339795363,1370919438,directional,126391376.0
36,11,1313328143,1077155633,1089386582,directional,52723662.0
36,12,1396696447,-977326461,1170897686,directional,305833102.0
36,13,-500574243,-1165261585,1257391348,directional,4746305.0
36,14,22853323,1759963233,1420669736,directional,214504554.0
36,16,-402237622,466247300,1199862291,directional,142786379.0
36,17,-1012927160,1021483460,1283443023,directional,215577467.0
36,18,1025281249,1132013221,1176278275,directional,346502077.0
36,19,829780235,1121205850,1176293930,directional,21913585.0
36,20,-1079980144,51298331,1064516668,directional,325024754.0
37,2,-940038072,787550184,1312648765,omni,
37,3,-188150157,482412251,1165710104,omni,
37,4,-62374254,712767548,1012092967,directional,121511093.0
37,5,756604123,-771824921,1285255394,omni,
37,6,-845873708,-926909529,1129506127,omni,
37,7,1593290850,-674638257,1482603206,omni,
37,8,-491595427,-452560879,1170764080,omni,
37,10,245249372,-243779445,1059941437,omni,
37,11,943729439,1158837655,1322074166,omni,
37,13,-1745351193,87321567,1176638420,directional,219230019.0
37,14,768225861,1503767146,1052849120,omni,
37,15,199189162,325458020,1197102540,omni,
37,17,-666701198,375629315,1105530132,omni,
37,18,-406392450,-469434071,1231484969,directional,159813672.0
37,20,-412842033,805228782,1413871812,omni,
38,1,-436796062,1705233907,1262537614,directional,83528366.0
38,2,-636418306,943079879,1053584077,omni,
38,4,385380918,-348230288,1179767254,omni,
38,6,375023603,136912145,1035392364,omni,
38,7,872472445,-777961211,1419827675,omni,
38,8,-481845811,1627953167,1298769433,omni,
38,9,1478153671,675074232,1450705156,omni,
38,11,798443618,-1331330980,1144963564,omni,
38,15,893630584,-897258065,1430814792,omni,
38,17,421717396,1529219008,1259222797,directional,356438759.0
39,2,1684848674,39810463,1309158380,omni,
39,3,1211688614,-165114642,1410982486,omni,
39,4,-877819031,-1271391544,1296900698,omni,
39,5,448556200,558235163,1023874009,directional,333689698.0
39,9,529461832,-456905266,1435763739,directional,152435475.0
39,10,-441223525,-1590419609,1280014932,directional,84931752.0
39,12,636960432,1046814842,1242113219,omni,
39,15,-407657779,-1137210812,1357480887,omni,
39,18,-326640455,1334744578,1228675665,directional,41468832.0
39,19,-1247054558,-57368388,1198671593,directional,264804041.0
39,20,-510489503,1617901970,1018019518,directional,68274750.0
40,1,1514248743,-298966621,1255931051,directional,322815076.0
40,3,-16543812,36672234,1112944900,directional,169059375.0
40,4,-747242832,1356480750,1436805437,directional,45776781.0
40,5,427961352,1055368717,1461441573,directional,193140498.0
40,6,-338550340,645209313,1139930848,directional,42675123.0
40,8,-852306431,1258411536,1445878419,omni,
40,9,-289884749,-1247609983,1350277613,directional,261403875.0
40,10,15557598,-1010915255,1083858827,directional,133315964.0
40,11,-1037725435,510979225,1493675547,directional,12255880.0
40,12,-61846113,-1336648993,1355838788,omni,
40,13,-1079655102,156455315,1241220549,directional,328247141.0
40,15,-59979424,-837821600,1246756574,directional,129680348.0
40,16,1293359946,-914900725,1311815271,directional,286478120.0
40,18,-923515751,198139546,1109097342,directional,1543966.0
40,19,-1013001608,879286191,1127670842,directional,167717687.0
40,20,-159693786,10442058,1095000786,directional,5745374.0
41,1,-1423034640,-109590160,1347709663,directional,21543090.0
41,2,-1080694612,-1347207430,1427956328,omni,
41,4,209119199,-1157538903,1097973496,directional,122915752.0
41,5,322239408,-342663343,1133409329,omni,
41,8,-488000088,677437804,1087205942,directional,308819382.0
41,10,714035894,-350079414,1204678626,directional,67310200.0
41,11,1553431205,-220254479,1263245319,omni,
41,12,1381257361,237516824,1056750045,directional,107770507.0
41,13,501058686,1348007310,1024783986,directional,334312257.0
41,14,-407519649,-1478248055,1313907603,directional,175556552.0
41,16,-368864012,1232863002,1128571696,directional,32291495.0
41,17,1255935631,-281439759,1192298888,omni,
41,18,861008726,1933960,1366538274,directional,186336573.0
41,19,-736631576,589524870,1498835953,directional,197368977.0
41,20,1485256103,876203745,1428694343,directional,58369178.0
42,1,-828294559,-193066012,1272132781,directional,289566852.0
42,4,-748639350,651216931,1241310121,directional,325439395.0
42,8,-653364967,459652474,1087559555,directional,326072051.0
42,9,463868573,-1154798340,1332787010,directional,229294887.0
42,11,764038329,-1115914028,1003481463,directional,149316963.0
42,12,-374141009,-1243821636,1365002281,directional,40236820.0
42,14,-352369569,1704054223,1149372799,directional,115994773.0
42,15,-640425796,-329704010,1104941863,directional,114724871.0
42,17,-1013225731,-1100005242,1338981672,directional,258498692.0
42,19,-664859954,-1087374940,1348538207,directional,292425551.0
43,1,-266505631,-1631870315,1341378025,omni,
43,2,-291917045,34316879,1424613820,omni,
43,3,-844145242,-352464363,1252990816,directional,330523427.0
43,4,-1150423146,552771016,1270697354,directional,303242925.0
43,5,1028583120,767321636,1281619472,omni,
43,6,-1164310040,-663157736,1128746868,omni,
43,8,1398989587,678271112,1345412146,omni,
43,11,-891698049,-374558131,1444815410,omni,
43,12,-813527899,387000684,1497637562,directional,191664354.0
43,13,281408909,-1168740986,1025803461,directional,153836546.0
43,14,-490543688,-139219910,1312170244,omni,
43,15,404590202,780108944,1352984418,omni,
43,16,82604003,221674154,1188419743,omni,
43,19,-368567616,-953747755,1259536004,directional,12451346.0
44,2,1292402642,-803020586,1472040855,directional,122179293.0
44,3,-1498277936,-302558856,1267902295,directional,313051030.0
44,4,845685197,687192728,1498950501,directional,228789676.0
44,7,171490636,-575031431,1374655883,directional,198347016.0
44,8,-1038665964,-338230205,1256332904,directional,107908917.0
44,9,-1159291985,1207869383,1435641542,directional,246551905.0
44,11,568149837,472579737,1245723467,directional,311612547.0
44,12,279999209,-53630909,1054954921,directional,172579793.0
44,17,-1164549272,794701390,1319124430,directional,261609604.0
44,18,1125634866,171089464,1273582733,omni,
44,19,-1336227410,-285105774,1202224128,directional,38007987.0
45,1,347732639,-1181119214,1316534836,omni,
45,2,158347286,736839000,1323344174,directional,91553999.0
45,5,-1124303788,766007601,1305398286,omni,
45,7,-491345076,-1303623043,1263758737,omni,
45,9,198265229,1634998698,1037242253,omni,
45,12,547888052,-901210802,1325307428,omni,
45,13,585599169,450336284,1228748674,directional,185739182.0
45,14,956507077,-518284580,1341625230,directional,56859673.0
45,15,281937164,734974344,1023464645,omni,
45,16,-1138440692,1009049083,1269706417,directional,131354621.0
45,17,-177412,1236663777,1407894709,omni,
46,1,1509824761,840580935,1151511821,directional,243294120.0
46,4,-926533675,983197760,1321946716,directional,332014210.0
46,6,1295740912,970875062,1481901874,directional,199102838.0
46,7,-456852799,1365924173,1196684840,omni,
46,8,-1394427867,-63465485,1218034880,omni,
46,9,179301290,255220605,1064928583,omni,
46,11,-744944017,1445713119,1217032737,directional,50867845.0
46,13,1418822365,682975958,1124197442,directional,345354043.0
46,15,328655261,-376632720,1455376864,directional,9824939.0
46,18,-934802076,821938162,1491641642,directional,264432240.0
46,19,-135319693,865887549,1354765733,directional,323765199.0
47,2,475774734,705255421,1477992851,directional,110361219.0
47,3,-1184846589,-718602207,1100312605,directional,76185443.0
47,4,610199996,1498760092,1385648200,directional,230199108.0
47,6,-1539174660,492006285,1331727329,directional,181507395.0
47,9,1029436620,455613708,1391474346,directional,238931893.0
47,10,337827773,1240609207,1487678150,directional,115624314.0
47,11,-1153705560,270453402,1331836427,omni,
47,17,971649633,189416416,1212489850,directional,66809548.0
47,19,156771570,414535027,1361547173,directional,92755317.0
47,20,1151694725,813089320,1024628443,directional,150631996.0
48,1,416726442,817464130,1478276678,omni,
48,2,-1475399094,-216812447,1059997727,directional,180979622.0
48,7,1340315047,1154879142,1106761941,directional,147688650.0
48,8,377206359,774669322,1147659421,directional,359975749.0
48,9,1113522679,-707454106,1486748989,directional,219279864.0
48,10,-1289614503,436486602,1212406239,directional,185736225.0
48,11,-1101338457,538654738,1326288989,omni,
48,12,103939604,1065294380,1188264418,omni,
48,13,1152940704,-374300110,1030156326,omni,
48,14,-937036661,-1100642632,1340932286,omni,
48,15,603398002,234591665,1276618799,directional,218571422.0
48,16,-822616009,-128449460,1458340334,directional,218399941.0
48,17,835690188,161079603,1333932998,omni,
48,18,369103482,-210327192,1437573711,omni,
48,20,1715406959,352799638,1072666350,directional,128526620.0
49,1,6493803,-1187946545,1170153222,directional,309316002.0
49,5,-580856925,304230220,1230744752,directional,295397080.0
49,7,717854226,626765449,1279007437,directional,24629416.0
49,8,-485868712,-553935212,1197055418,directional,187119843.0
49,9,-1177157912,-1244548752,1307592350,directional,354454783.0
49,11,-1253824049,1242611727,1316271376,directional,214580183.0
49,12,280472084,956830944,1449150072,directional,250949863.0
49,13,-1295876651,-316613885,1490747730,directional,318756853.0
49,15,-1197826186,-125449358,1364342159,directional,120364005.0
49,16,12856187,406628935,1140029515,directional,246167187.0
49,18,60702900,-1640045444,1372349594,directional,344600116.0
49,20,1449540069,-608328310,1046046071,directional,163286955.0
50,1,226240574,55702198,1190030553,directional,68173824.0
50,3,700818714,-1105121829,1459803512,directional,65859990.0
50,6,1195615068,75904111,1396549540,omni,
50,7,941337,-693271965,1099521181,omni,
50,8,-146231502,737074047,1304751229,directional,246931481.0
50,9,-319991424,899885106,1495573676,directional,285497208.0
50,10,896342010,-866331309,1146947037,omni,
50,11,-509533297,897135436,1190194225,omni,
50,13,1601683235,417155136,1223777322,directional,162976826.0
50,14,1360780111,-113818744,1320614220,directional,94656111.0
50,15,847497270,-1516210585,1495994085,directional,79646075.0
50,16,-902417672,903605747,1314968085,omni,
50,17,-1692896158,348454499,1085537834,omni,
50,19,-1091043936,991479567,1379915847,omni,
50,20,516740255,-669690995,1055608777,omni,
51,4,750800389,1342727436,1460689150,directional,132930049.0
51,7,-772326169,-152618538,1306432313,directional,220132790.0
51,9,-1649126239,-77435716,1076772711,directional,305684182.0
51,10,-91866730,-238230584,1423893540,omni,
51,11,575631895,-63397620,1037798842,omni,
51,12,-398402867,1205393493,1496418688,directional,285493314.0
51,14,564352532,-1164818497,1030071765,omni,
51,15,1259142271,-778845936,1377115024,directional,227482762.0
51,16,1657893466,565621210,1118466602,directional,51678928.0
51,17,-713311619,636366275,1197223856,directional,60974100.0
51,20,-61724167,495889092,1297852726,directional,274429585.0
52,4,243155338,-297497198,1061410308,directional,304957431.0
52,5,437751238,1691014712,1164352642,directional,119930807.0
52,7,1118701657,-1072388530,1354370898,directional,189743515.0
52,9,124984943,364966065,1166746417,directional,326742557.0
52,10,-794266240,-1096450326,1361471450,directional,261052183.0
52,11,-715355940,-549832956,1429209629,directional,295460738.0
52,17,-69267519,-866479285,1338832947,omni,
52,18,28839293,557311554,1201576797,directional,348707776.0
52,19,-1695977069,-196168315,1289621302,directional,102431969.0
52,20,1526074885,-45263072,1095675789,directional,116109536.0
53,1,1131010410,721742220,1141931250,directional,234241038.0
53,2,-667694453,-1062248296,1081846749,directional,57863273.0
53,5,-903555646,1462852310,1174646547,directional,291213373.0
53,8,-902279130,-6963991,1331166659,omni,
53,9,736133076,-198925760,1283843555,directional,227547117.0
53,10,-661823856,-1370519530,1071317057,omni,
53,12,-26208317,-1614778686,1043313543,directional,73552990.0
53,13,1268920934,-988310341,1137669580,directional,286680408.0
53,14,270930791,-1430765558,1082658264,directional,73691936.0
53,16,1281853316,-268052925,1348078968,directional,317411197.0
53,18,-702582423,101276993,1468275012,directional,354855345.0
53,19,-1609934719,678953782,1121781481,directional,23725372.0
53,20,-548182011,-168944859,1145020456,directional,103899043.0
54,1,-954499387,-784125957,1445504488,directional,90586322.0
54,2,-74873075,-590606459,1147654555,directional,73347399.0
54,3,886598027,1436160891,1447572242,directional,70656888.0
54,5,-193772177,112186281,1042352369,omni,
54,7,596520621,-816378298,1123214727,omni,
54,11,-521383662,-805704581,1066031279,directional,8318909.0
54,13,1529918376,728713857,1128774986,omni,
54,14,-406970492,30172191,1349032522,omni,
54,17,619429325,691571885,1160326443,directional,103650161.0
54,19,-255802648,-267947114,1210376514,directional,136270316.0
55,2,-77705357,-1415344554,1181049855,omni,
55,3,-319293237,807637728,1085140045,directional,224536551.0
55,5,-105843221,1039514614,1430347852,omni,
55,6,-1257034105,-982954070,1075760199,directional,25538755.0
55,7,-1208369232,693745104,1165641135,omni,
55,8,-436391573,-39127734,1491995919,omni,
55,9,271985898,-1280520625,1190467509,omni,
55,10,1556364935,-438187349,1314488798,omni,
55,11,1128573761,-436567970,1095758582,omni,
55,12,407680951,-426798092,1108623469,directional,56814057.0
55,15,399211804,561987769,1397661331,directional,179111195.0
55,17,-1564098562,333636739,1407971579,omni,
56,1,-1618998459,-674623163,1332272928,directional,313971284.0
56,2,-40601627,-1768564418,1287745595,directional,248863075.0
56,3,-983029220,1354899284,1226018540,directional,145500191.0
56,4,-284738655,-331598986,1227840713,directional,231611144.0
56,6,-762292421,1236090425,1382200045,omni,
56,7,253115065,-294321291,1221009997,omni,
56,9,-589881952,-1658341463,1008947623,omni,
56,10,-1109659730,902675506,1172862875,directional,346650899.0
56,12,536095710,1145472483,1375624372,directional,57055470.0
56,13,1208519520,1168509114,1389013738,directional,60609443.0
56,14,986016109,109652184,1162644799,omni,
56,15,-164874656,753561407,1432499696,directional,308954014.0
56,16,-341937071,-82189226,1349426365,omni,
56,17,-642012997,-1081570873,1028629002,directional,167407881.0
56,19,-271259395,-50174005,1245511196,directional,36583892.0
56,20,199949597,595186665,1400480829,omni,
57,1,-704162537,-942005284,1043031981,omni,
57,2,-490126334,1679514812,1215931759,omni,
57,4,-1310953785,1098687463,1219661618,directional,276838185.0
57,7,108291850,-772768273,1202509948,omni,
57,8,368006911,803529315,1366784622,omni,
57,9,-421287952,434260952,1038313014,omni,
57,11,-515628766,516306350,1058636429,directional,293171808.0
57,12,633329412,-1346936924,1117062716,omni,
57,13,-189421607,1023105649,1136084993,directional,39735708.0
57,14,906723178,1137056637,1364311327,omni,
57,17,1041138961,117644885,1103497573,omni,
57,18,-916265663,792156852,1139716390,directional,232975033.0
57,19,1056355908,-843070649,1194190566,omni,
57,20,263451142,170543313,1202550449,omni,
58,2,466312618,-312066992,1279791679,directional,89427335.0
58,3,538115279,-1132701795,1331143606,directional,266682428.0
58,4,872697211,-1253980309,1207405410,omni,
58,5,-450629137,1273191648,1335485784,directional,22366663.0
58,6,1186489668,888284331,1224272384,directional,319301268.0
58,7,-173049127,638188866,1082251545,omni,
58,8,286356356,-1093161665,1113153163,directional,350695860.0
58,9,-1007398939,867565350,1168697092,directional,236383754.0
58,10,-560761421,676635991,1266002866,omni,
58,12,299576835,-998665342,1244041010,directional,241017016.0
58,13,759205978,557995295,1183690579,directional,134708451.0
58,14,1285445331,439932583,1225870909,omni,
58,15,-1253287739,64800762,1315188607,directional,157230245.0
58,17,522954467,1450356927,1411792970,omni,
58,18,625690795,-726326174,1226517048,omni,
58,20,-600108618,-638850812,1447529702,directional,83113317.0
59,2,-1454971489,94763601,1451124043,omni,
59,4,753411721,321157807,1227897885,omni,
59,6,-307975889,-1328442268,1374144296,directional,164521463.0
59,7,700926511,-1370340880,1154786233,directional,333504452.0
59,8,-311142963,986946246,1326595481,directional,143458010.0
59,9,-1211296864,1281660259,1337530751,directional,198868125.0
59,10,-841130894,1278311732,1376448273,directional,278089162.0
59,11,1573228007,781260147,1467956520,directional,26178108.0
59,12,-582634713,-1596121451,1491910890,directional,144043758.0
59,13,512706552,-991622654,1090190678,directional,279813626.0
59,14,881813347,-1406876015,1321168537,directional,106266378.0
59,15,544117117,-960691599,1395757274,directional,338486016.0
59,16,-205036259,325149678,1277864922,omni,
59,17,-137718145,1264678217,1458230331,directional,178418603.0
59,18,-1127737603,177038674,1242633323,directional,102882348.0
59,20,414801942,-933178026,1104082034,directional,75278814.0
60,1,1007032369,282182544,1028364196,omni,
60,2,1403052494,-976597146,1334887916,directional,333682043.0
60,3,-877435705,1198698491,1047908353,directional,351099926.0
60,5,731044,1547996677,1253513877,directional,160286206.0
60,6,1204542812,911444852,1268956790,directional,244627300.0
60,8,-1244869079,28019099,1398983309,directional,108480842.0
60,13,-162812616,1083164351,1330231788,directional,217007346.0
60,14,-1000403056,-384065803,1124349437,directional,127733916.0
60,17,730425577,-395854751,1416168349,omni,
60,19,309209607,-520070421,1223688451,omni,
60,20,-1571661975,299220588,1360522264,omni,
61,1,650090433,-798446214,1131097494,omni,
61,2,68561445,537237381,1452275563,omni,
61,3,385861277,568376302,1337985124,directional,356879517.0
61,5,-1170409485,959472054,1315064544,omni,
61,6,913471037,630871944,1477908431,omni,
61,7,-618766702,-262058517,1258343380,omni,
61,8,-171915688,-584769342,1384185355,omni,
61,10,221961297,72010207,1311590605,omni,
61,11,-622017959,-122965816,1339285351,omni,
61,12,-287761154,-418170865,1126799365,directional,143705626.0
61,14,481579,234716549,1378427348,omni,
61,20,-738023942,545786201,1004578895,omni,
62,3,546412064,1407445345,1277325043,directional,92562616.0
62,5,-444190869,1394614040,1490058515,directional,310088780.0
62,6,-347744971,-1087883830,1109586510,directional,183373185.0
62,7,-888566017,1413139198,1016720254,directional,234210179.0
62,10,-444011728,-529215536,1262310562,directional,260593398.0
62,13,760236237,-329371629,1467716843,directional,54291785.0
62,15,308137200,999040739,1163045064,directional,47212674.0
62,16,124559877,-87329820,1032386177,directional,223752584.0
62,17,1588164065,385668208,1278263165,directional,262278393.0
62,18,1370197368,-366579775,1344073942,directional,189254396.0
62,19,81780452,-1680788828,1395162298,directional,278911242.0
62,20,248802599,-844376638,1235427941,directional,262173072.0
63,1,1538331959,-554336559,1314691272,omni,
63,2,-221849006,1341140388,1065342220,omni,
63,3,927302873,1212263154,1457112404,omni,
63,4,41362326,543864569,1495511521,omni,
63,5,851801193,-97665586,1459411959,omni,
63,6,850023689,-878912250,1440171414,directional,228840500.0
63,8,1098660431,-574556301,1145558379,directional,165824483.0
63,9,-261848130,326956075,1231931649,omni,
63,10,112309199,-1489312787,1174847432,omni,
63,11,-53924142,1466449119,1262178410,omni,
63,12,-1088173271,-461692797,1336947879,directional,304199886.0
63,13,-1423417920,187360184,1452741766,omni,
63,15,-1478311012,-645859069,1140127580,omni,
63,16,-1305257625,257490909,1109094849,omni,
63,17,-297767669,-473388762,1117230137,omni,
63,19,-1193866521,228503025,1326244753,omni,
64,1,1325468172,-723782411,1172300584,omni,
64,3,-1571380653,200649837,1492206781,omni,
64,4,-1095281761,1100090403,1272104821,omni,
64,5,-233370658,509757037,1171031197,omni,
64,6,843875245,1339303834,1064499550,omni,
64,8,472204378,-527374547,1366950783,directional,92587443.0
64,9,-379455451,-1723122148,1332543447,omni,
64,10,12293284,184643103,1206350616,omni,
64,12,790762139,981179532,1304411961,omni,
64,13,-776546378,-1287482987,1236206846,omni,
64,14,-364735953,1555213959,1078753482,omni,
64,16,696466847,-1092500169,1286712690,omni,
64,18,-683589019,326873317,1396194152,omni,
64,19,-956289986,-1477613208,1042411011,omni,
65,1,29905842,-242401203,1209239624,directional,342514050.0
65,5,-713971223,-1059942855,1487447995,omni,
65,6,881464915,240280987,1120020057,directional,270611054.0
65,7,-1079606961,-126485568,1309141725,omni,
65,8,-678724396,-1231901312,1215063450,omni,
65,9,-1168264623,1139241422,1096015217,omni,
65,10,-321475051,-362939152,1104340548,omni,
65,12,-1123616172,411243539,1188685581,omni,
65,15,54832326,405698806,1443891578,omni,
65,19,-152330931,1378602908,1033355503,directional,29676513.0
66,1,-843825774,1323985417,1277394298,directional,264440223.0
66,2,-415555863,-493572898,1017497399,omni,
66,4,-172161884,-445626437,1209528688,omni,
66,5,1590262632,73938537,1212313947,omni,
66,8,-1593322020,662709410,1022240535,omni,
66,11,-1177790563,1013866113,1178519530,omni,
66,12,1237254312,458035492,1097870908,directional,249357592.0
66,13,-733064066,1152726448,1195993656,omni,
66,14,-1239111780,662760708,1215452645,omni,
66,16,-107930141,752841243,1087936057,omni,
66,18,-1387520744,-67422319,1287143606,omni,
66,19,418338462,-1614121384,1264778269,directional,206426081.0
66,20,315296076,-556063736,1364957260,directional,187528308.0
67,4,989569079,1060033738,1316644384,directional,358556907.0
67,5,944432032,803041188,1259685978,omni,
67,6,-527307906,-393176614,1002992751,omni,
67,7,315555713,1403637619,1013644355,omni,
67,8,-615512794,1388830435,1263050641,omni,
67,9,-1423392505,-368744204,1399966741,omni,
67,12,-458866942,539054250,1355394013,omni,
67,13,-1328121608,-1003478642,1122701062,directional,80020274.0
67,16,-1349760938,806466807,1188667039,omni,
67,17,-42743149,1562728954,1112543045,omni,
67,19,-493165447,-1111046428,1356963129,directional,82695539.0
68,2,35676372,-1201737724,1489982383,directional,203871181.0
68,3,314963551,1220087581,1124858350,directional,204913938.0
68,5,292657975,1119586840,1428308302,directional,145043614.0
68,6,596359666,413928560,1024877355,directional,293196046.0
68,7,756221814,-777809216,1302420709,directional,104434100.0
68,11,-673301194,1349722272,1101159653,directional,254868190.0
68,13,732172503,762350489,1394032323,directional,200177405.0
68,14,615638740,-430917950,1253092946,directional,194563680.0
68,17,191397519,-1236661765,1424703339,directional,292938799.0
68,18,-724390276,462285676,1161210878,directional,241041951.0
68,19,602099560,1265822633,1369156964,directional,214381191.0
68,20,-289872687,-31118303,1161479472,directional,265044742.0
69,1,1013538458,653673408,1129638787,directional,115811342.0
69,3,1205918802,925457149,1041583418,directional,100880844.0
69,4,839635448,481340805,1413924126,directional,291196900.0
69,5,-1578311050,-39200368,1462829571,directional,353685773.0
69,7,350246161,-1649558456,1345532847,omni,
69,8,-1389165351,-15625415,1405838733,directional,146160848.0
69,9,-843813111,-682806974,1107624486,omni,
69,10,1299498555,20959825,1099207951,directional,269746869.0
69,11,555306763,-1336636106,1341584953,omni,
69,14,-1330232167,-983006550,1409565335,omni,
69,15,-623653797,-1124943273,1482813922,directional,194537619.0
69,16,1433873550,200185152,1388188287,omni,
69,17,-1409187115,1058240041,1113329340,directional,256040630.0
69,18,842283393,588763705,1268187407,directional,82078263.0
69,19,275054774,1351547997,1321727228,directional,308673379.0
69,20,730184121,1012292240,1392416466,directional,61709409.0
70,2,-332022074,1547005038,1230633836,omni,
70,3,-14295995,278615075,1265266123,directional,58915744.0
70,5,-1291814349,-400890687,1419598964,directional,161228231.0
70,6,1085775680,1006160531,1079014953,directional,315342960.0
70,7,-73147809,-1198098516,1361080145,directional,176608686.0
70,8,1346895911,-32940263,1424388757,directional,153520973.0
70,9,-345427847,499413608,1251544386,directional,305162729.0
70,11,-1390128275,534755099,1160433009,directional,124626903.0
70,12,-13652137,-300496669,1214439014,directional,66643171.0
70,13,-547232946,1192348150,1113646494,directional,244710489.0
70,14,249272434,1054012610,1212925506,directional,138500405.0
70,15,-135645519,-117133635,1031811258,directional,269240473.0
70,18,-104068433,-26215113,1262993873,omni,
70,19,-1021892324,1238626303,1075992478,omni,
71,2,1555957391,-176542828,1407646348,omni,
71,3,618489302,1405679865,1225426530,directional,326205205.0
71,6,425343343,1567593996,1000391330,directional,114978805.0
71,7,242676046,-998696370,1007847715,directional,297770236.0
71,8,310052964,75458721,1218971485,directional,65161071.0
71,9,-87201435,-826617897,1397829248,directional,268636201.0
71,10,-268618838,481016749,1370999541,directional,148947974.0
71,11,-137909137,-30709651,1233682575,directional,82414250.0
71,13,-796623585,490879823,1061510118,directional,159781794.0
71,17,1114563502,-560401303,1393337310,directional,41313918.0
71,18,1499328617,-330747985,1204323939,directional,339844494.0
71,19,-891317708,582559926,1127796009,omni,
72,1,1170215811,98434278,1024309829,directional,280127564.0
72,2,-544805453,-1454744242,1190889352,directional,258579410.0
72,3,712483859,425393326,1001635240,directional,295719035.0
72,4,-1538502571,24081445,1230412175,directional,255785759.0
72,7,-925108559,-314158105,1215666276,directional,104924031.0
72,8,-84885968,891487315,1048475344,directional,303593458.0
72,9,-386929172,540936665,1483849467,directional,193886140.0
72,10,-618672627,-1273393467,1384543259,directional,278895704.0
72,11,-514027478,1072826038,1346832248,directional,3207195.0
72,13,-730840300,-130675605,1208598306,directional,151016358.0
72,14,-1139170162,1321934166,1447489913,directional,330664983.0
72,16,202333461,1224388849,1115818877,directional,135971521.0
72,17,71121212,287855119,1435359589,directional,6538335.0
72,18,-143197105,581784060,1489972141,directional,332263722.0
72,19,-789526188,-1450092211,1441427083,directional,88723346.0
73,1,-1216671388,-208946513,1126062614,directional,209065559.0
73,2,-1020651737,-559356753,1347285100,omni,
73,6,559858965,1376481371,1467544234,directional,32173869.0
73,7,-693042146,1429111237,1397584646,directional,137520263.0
73,8,-82345053,-165781710,1472945967,directional,138739894.0
73,9,270664624,726642902,1087457621,directional,192614418.0
73,12,224985202,-1180481339,1417131203,directional,104207082.0
73,13,1354975922,137920141,1130662232,directional,44163015.0
73,14,-219227623,450375446,1270109033,directional,239244703.0
73,15,-161307485,-618375850,1182618462,directional,159411909.0
73,16,-1142857385,-1043633585,1470173148,omni,
73,20,847481281,-588936508,1097214332,directional,42805078.0
74,1,246373203,1300293341,1182815311,directional,133981448.0
74,2,-1590854843,-556611624,1363470806,directional,221392761.0
74,3,-620655410,745785296,1301376856,omni,
74,4,-42959531,-1476396218,1365446709,directional,303168361.0
74,5,240560373,636712365,1467388866,omni,
74,6,-779835653,-717801701,1122425167,directional,2117610.0
74,9,296275650,1714516641,1277259373,omni,
74,11,-546705922,218819735,1324121079,directional,217012680.0
74,12,-208240546,1596484444,1251146312,directional,146822125.0
74,13,1088296687,1285051785,1031661705,omni,
74,14,867404280,-1505144705,1239092490,directional,266340196.0
74,16,464691067,-561815216,1493804163,directional,195683743.0
74,17,-715505558,264947645,1265257614,directional,20397739.0
74,18,369386369,-251702448,1352659255,directional,228888749.0
74,19,1268258095,-419418180,1122360275,directional,166033052.0
75,2,-898123628,-976975254,1268633294,omni,
75,3,-1203936627,-270650074,1218718342,omni,
75,4,-839311782,263203707,1480883558,omni,
75,5,1173180229,-715028888,1186906411,omni,
75,6,-1405214279,833641909,1324012033,omni,
75,10,-1160197407,1219325298,1342679974,omni,
75,11,-541968221,-212312155,1409421450,omni,
75,12,26018692,-1523275760,1333209030,directional,11019592.0
75,13,-1589908043,-670813204,1115860506,omni,
75,14,185006039,1139555587,1342982904,omni,
75,15,1210543512,647052053,1404730411,omni,
75,17,579570677,-1503623450,1330549070,omni,
75,18,140261605,-1219863006,1219167711,omni,
75,19,-1371593130,895993677,1404867088,omni,
76,1,1392084704,316076705,1118285625,directional,315876022.0
76,3,1053215833,804037074,1414816403,omni,
76,4,754931137,1106989002,1089171647,directional,352628904.0
76,8,1032284666,143893901,1423780340,omni,
76,11,584346109,862720617,1496057642,directional,234740767.0
76,12,-368557714,-1070377057,1329495112,omni,
76,13,-238166984,965743862,1027640922,directional,109296110.0
76,15,897280917,313710227,1495800389,omni,
76,16,623275881,-931543603,1013158208,directional,267462213.0
76,17,1359021590,504176227,1253274673,omni,
76,18,1023751580,435584086,1417745109,omni,
76,19,351459267,1148953383,1244748069,directional,236292548.0
77,1,910620782,-954626662,1099561102,directional,185688810.0
77,4,1297782380,-1080940784,1099575397,directional,17541299.0
77,5,-420412723,1587497872,1123748379,omni,
77,7,46010834,-1609061570,1098005616,omni,
77,8,-78515445,612219972,1205466231,omni,
77,9,493304505,-171755322,1027973021,omni,
77,10,75303386,1592246527,1133518654,omni,
77,12,636317039,-1435609869,1488941117,omni,
77,13,-835280802,-164942440,1060049085,omni,
77,15,1623341253,524505776,1477280805,omni,
77,18,418733802,1338511473,1404098757,omni,
77,20,180414409,147944092,1132653949,omni,
78,1,399702582,-537648188,1008179034,directional,130168278.0
78,5,-664056055,-37128086,1491278918,directional,124057001.0
78,7,1268098345,455636712,1289680934,directional,238395240.0
78,8,-166930344,1081365607,1358597250,directional,334103647.0
78,11,-246889658,1367683561,1234313403,directional,230151713.0
78,12,-1405239027,-631066993,1428393383,directional,61778498.0
78,13,-875791007,-33769921,1248241752,directional,6798942.0
78,15,1261731417,1083200342,1454697445,omni,
78,17,581454040,1426448582,1161581085,directional,26374952.0
78,18,489521069,385271847,1431334609,directional,120826945.0
79,1,138211294,726050060,1045311951,directional,179224598.0
79,2,-1251467588,820833946,1328002040,directional,266341228.0
79,3,630726788,-921487964,1310271374,directional,284131847.0
79,4,211104746,40195075,1459656843,directional,358368938.0
79,5,-790683036,379090509,1420865840,directional,327127680.0
79,6,175955542,1451795007,1136845004,directional,81104123.0
79,7,-1107779219,-851953664,1083645521,directional,244226397.0
79,8,-274906445,-1128844936,1438690907,directional,31269317.0
79,12,-293983878,-1631691123,1108687749,directional,209915014.0
79,15,-1060256479,-329764540,1042870705,directional,311398116.0
79,17,-941561942,-437720579,1415905633,directional,164259231.0
79,18,-818233108,611674111,1060530916,directional,313172169.0
79,19,637363727,1566813967,1065208190,directional,115322208.0
79,20,172788600,706549533,1059612438,directional,221989124.0
80,1,-1186742809,-257162292,1204736678,directional,146966052.0
80,2,750050728,-739847518,1122385697,directional,76942942.0
80,3,108077483,-256665251,1372898576,directional,346907411.0
80,5,1152966310,445731464,1015015389,directional,62530688.0
80,6,-9193716,-1399541705,1070150616,directional,18916773.0
80,8,-158270476,1111370874,1453579548,omni,
80,9,-853968369,-554935849,1095862879,omni,
80,10,550023805,-747528172,1179479865,omni,
80,11,690944203,-23591384,1189075072,directional,151607492.0
80,12,1182911011,824566286,1360074687,omni,
80,13,-775430755,385133380,1384792673,directional,137240635.0
80,15,640191889,1379444293,1400390897,directional,17251255.0
80,16,73044820,58076986,1494484619,omni,
80,17,1536108124,-146791833,1155451149,directional,177413539.0
80,18,140485354,-823032889,1411590826,directional,332880115.0
80,20,694272192,-169441607,1363559400,omni,
81,1,1292301076,-699026305,1375141309,directional,322514419.0
81,4,99421273,1631332473,1058530539,directional,124958101.0
81,6,1621999186,474211367,1415269205,directional,136142539.0
81,7,-729695944,-1445511299,1143424193,directional,321994979.0
81,8,-42909698,-85534404,1060390253,directional,70688555.0
81,10,-1098891440,344136387,1100568645,directional,56170732.0
81,11,443780683,-447609560,1438813208,directional,94814004.0
81,12,852972097,329679114,1487068896,directional,323876270.0
81,14,1046524012,-79253088,1093815094,omni,
81,15,897855897,1395684394,1044279336,directional,68845200.0
81,18,38005164,-450897532,1147668041,directional,138636610.0
82,1,-874900362,-412572554,1315438805,omni,
82,2,-1013852959,-704829790,1460276940,omni,
82,3,-509951720,-478590305,1027901605,directional,333927432.0
82,4,660721740,-800786390,1416248769,directional,101207185.0
82,5,920503157,-1443903004,1404406824,omni,
82,6,64075325,-1050512137,1400878846,directional,115637014.0
82,7,-1256045975,439982180,1036263040,directional,74671259.0
82,9,-1575208876,207823425,1470325694,omni,
82,10,-441306877,-253479780,1296919243,omni,
82,11,-671841083,728890356,1413919625,omni,
82,13,325340220,1132528153,1439802952,directional,290393526.0
82,15,-36208273,248013491,1077389354,omni,
82,16,-1411102619,146932200,1189752581,directional,211021560.0
82,17,327207473,1691691010,1285492501,directional,14366825.0
82,18,1142922106,613214305,1151152418,directional,168938884.0
82,20,973233236,-164254791,1248887895,omni,
83,1,1258847273,-81455725,1324207730,omni,
83,4,-1096371352,62370270,1162411739,directional,161422825.0
83,5,570327846,-967944119,1088590023,directional,7914581.0
83,6,-1501159706,384735629,1276145037,directional,135120470.0
83,8,1010485443,-376170084,1257913962,omni,
83,9,-855101963,-544088072,1337978293,directional,215962493.0
83,11,1488969888,394874137,1063260375,directional,25942201.0
83,15,-919692123,-960335819,1139909863,directional,286663481.0
83,16,-333518727,382227136,1119308272,directional,286149432.0
83,17,-890116247,-884436050,1284107060,directional,21443669.0
83,18,-1532740476,-412177780,1292089194,directional,97375258.0
83,20,-272096766,280536317,1471344337,directional,240999809.0
84,3,1112213692,-1216808687,1460910293,omni,
84,6,1243939563,488789473,1499680375,omni,
84,8,459586340,-1579591103,1132230430,omni,
84,9,-564586982,-1480513465,1448866240,omni,
84,12,-789876632,-246462904,1275649128,omni,
84,13,772862406,-1205298736,1156364325,omni,
84,14,921975997,911475955,1208902972,directional,149883799.0
84,15,656009528,-450911947,1435836127,omni,
84,16,-600123684,-900198326,1124414753,directional,345386110.0
84,18,-1707204169,-225883588,1434115058,omni,
84,19,-408015792,1228680147,1296124476,omni,
85,1,567844943,-123885584,1409861601,directional,38324753.0
85,2,-1566045664,381493962,1498680832,omni,
85,3,548791186,-322394361,1140690566,omni,
85,6,-986482932,-1058569981,1021367142,omni,
85,8,-955769,801682544,1042335359,omni,
85,11,-134050860,1423635119,1141133659,directional,339997889.0
85,12,133359425,-949807758,1045975953,omni,
85,13,1562242084,-759788789,1488650825,omni,
85,14,263455694,-1232026444,1011469965,omni,
85,17,907687170,-747354783,1414105347,omni,
86,1,-592799953,-1104831731,1264919655,directional,41346585.0
86,2,1044885419,-495399103,1401416783,directional,334967328.0
86,3,-448593591,-1555889286,1223844832,directional,322855889.0
86,4,267975365,804124980,1412616934,omni,
86,5,-272820480,-800158059,1309657325,directional,316895382.0
86,8,-581077523,1528617201,1050785919,omni,
86,9,-1091022132,-193712273,1066668455,omni,
86,11,13489294,261378681,1283225378,directional,137053859.0
86,13,-669690355,561470590,1135523584,omni,
86,16,112553078,562782771,1382048390,omni,
86,17,-780468043,-1091145594,1413442864,omni,
87,4,-862289323,-994545315,1452054939,omni,
87,5,-371800396,-944196504,1176873580,omni,
87,6,199233114,51808335,1049593190,directional,313259443.0
87,7,-388835590,-705881093,1268490064,omni,
87,9,-410880402,1456797276,1235419281,omni,
87,13,1175110506,376715860,1426962254,omni,
87,16,317122204,-1263558254,1462427314,omni,
87,17,-898488260,-439721666,1227826068,omni,
87,18,1226803386,885398195,1191284896,directional,302169976.0
87,19,-554449764,1045111618,1059087987,directional,16529380.0
87,20,-65787689,1577361010,1336055710,omni,
88,1,848881453,1286695182,1223931963,directional,341274330.0
88,2,1568281497,789009368,1249078850,directional,313537808.0
88,3,-653201752,104089318,1005951113,omni,
88,4,-630518125,182916418,1353065893,directional,110931100.0
88,5,488883037,-1404695096,1424064518,directional,68524866.0
88,6,1357454491,-527121034,1268912807,omni,
88,8,1107515441,74330576,1260883893,directional,359292314.0
88,9,635855583,937564020,1063934289,omni,
88,13,-753754480,-1268911747,1122309512,directional,196886358.0
88,14,598518829,577709032,1283908959,directional,285792836.0
88,15,-1430938104,1006062375,1209952016,omni,
88,16,869502121,677565767,1263133214,directional,199205692.0
88,18,948049362,591753917,1326727915,directional,308469028.0
88,20,1671253159,408607932,1081044315,directional,35499019.0
89,2,-552753811,-1674705643,1433571657,directional,107522184.0
89,4,671328653,1321195074,1385963297,omni,
89,5,-1518346537,-860513797,1147657976,omni,
89,6,69320683,-646063508,1406898424,omni,
89,7,1621657555,-102286127,1276764352,omni,
89,8,57902155,501612692,1099961615,omni,
89,9,61160337,-1490073267,1348017478,omni,
89,10,-1600341190,300486044,1496806653,omni,
89,11,-947953001,1323615615,1258066721,omni,
89,12,151658014,37192596,1057398932,omni,
89,13,-807841435,51929891,1096450634,directional,131221880.0
89,15,635489212,-1349419387,1104928450,omni,
89,16,844077883,-494026764,1252396901,omni,
89,18,-1015154825,-1427143381,1302913585,omni,
89,19,-54571159,995791245,1407416751,omni,
89,20,-952986057,-603070507,1159968601,omni,
90,1,-527425282,1530165162,1052663606,directional,158631903.0
90,2,1456900490,414714404,1002783785,directional,331695411.0
90,3,-1480915148,918685964,1239777819,directional,41922351.0
90,5,-195604394,-496913490,1356388941,directional,33001607.0
90,8,-1252980835,1149617032,1424770518,directional,89654136.0
90,9,-206711164,511616952,1338821459,omni,
90,13,803694317,709781778,1384620476,omni,
90,14,1131840041,-1177342788,1202539750,directional,81926848.0
90,15,-1087179134,-1003549871,1101750576,omni,
90,17,440341977,1391429080,1146471411,omni,
90,18,-348155309,-507636201,1065552552,directional,71476715.0
91,1,708278812,-156023854,1129336324,omni,
91,2,-570385113,323743805,1268777481,omni,
91,3,-82195049,1072366681,1151362392,omni,
91,4,-930380150,-799101806,1378688842,omni,
91,5,-1228170080,229072840,1000592940,omni,
91,6,1456515895,-47063574,1493628719,directional,24696747.0
91,7,1423862876,113600470,1248243084,omni,
91,8,1697641776,327878410,1165662743,omni,
91,9,-590521881,-1192461429,1409037733,omni,
91,10,-775627061,1140607271,1227848993,omni,
91,11,-373980660,-622777440,1395661379,omni,
91,15,-1694318011,-473739539,1074496435,omni,
91,17,-1535226322,-418176934,1009355662,omni,
91,18,172508043,1068210189,1498276976,omni,
91,19,-120322485,1361857512,1149108256,omni,
92,2,1267409188,-64518040,1191762372,omni,
92,3,954214753,-1255400843,1271317146,omni,
92,6,-1088465549,297196454,1038885504,directional,159124128.0
92,9,765811079,-1565037478,1085465353,omni,
92,10,-155911965,-1759671120,1427600596,directional,62253140.0
92,11,-787694081,704332671,1451997693,omni,
92,13,1528217463,-658681340,1201836133,omni,
92,14,428055186,1562090463,1469829514,directional,104515160.0
92,16,963864239,515924212,1492935400,directional,196061033.0
92,18,1343836138,-111064659,1130909747,omni,
92,20,618206883,-601430173,1224493081,directional,165514877.0
93,1,417603050,1562400359,1038245935,omni,
93,2,1428441790,791060686,1187915709,directional,89927299.0
93,3,-461638964,1286091568,1088581341,directional,222083430.0
93,4,746497616,1579441281,1439076096,directional,175242505.0
93,6,-1553919873,786165175,1375641263,omni,
93,7,-1296511187,-477305843,1372830334,directional,18446692.0
93,8,-707200697,10215985,1243397342,omni,
93,9,204864907,1415498773,1017405705,omni,
93,10,344233578,754746569,1134962390,directional,6201352.0
93,12,-771191620,297316648,1332855996,directional,338199140.0
93,19,-964760501,310946639,1262180773,omni,
93,20,-704718226,1094124547,1143909763,omni,
94,2,41605854,1710058520,1111020793,directional,200757874.0
94,3,191999828,-253854858,1171142340,directional,229240046.0
94,4,-693967490,-962855431,1367229043,directional,120964361.0
94,6,665481044,-58234422,1370886328,directional,4521443.0
94,7,-931290349,504556250,1475531883,directional,15331806.0
94,9,1532132414,-560616146,1150948015,directional,26963446.0
94,10,1614259036,86327287,1158023908,directional,37050575.0
94,11,-135909289,-97761413,1247311796,directional,190144305.0
94,12,-1618298060,-47759490,1225655453,directional,341986096.0
94,14,-378411738,1675444667,1049613362,directional,216007442.0
94,15,-92172570,-1434454202,1180857465,directional,3278846.0
94,16,-610989456,63662244,1105917259,omni,
94,17,977156839,-233995825,1174436033,directional,220255487.0
94,18,-216111290,-1296847631,1433017272,directional,125728380.0
94,19,855021626,420383722,1228392066,directional,147693623.0
95,1,-52153888,918650820,1032844571,omni,
95,2,138553386,-1316446902,1141925020,omni,
95,4,-1104413075,1309390721,1329627149,omni,
95,6,-1538031189,677613393,1419840469,omni,
95,7,-320745239,-1092573567,1492125698,omni,
95,8,-1060034125,-13310676,1149235953,omni,
95,9,952638977,-1407484171,1473597948,directional,264008281.0
95,10,-1041034219,221952591,1337671557,omni,
95,11,-958644939,1246871905,1113094668,omni,
95,12,-1032110196,-356309866,1369118308,omni,
95,14,1179356629,-496291150,1485650859,omni,
95,15,-881264927,1358943,1446915609,omni,
95,16,833794383,-271835487,1456309725,omni,
95,17,-1564923565,518675295,1135266826,omni,
95,19,762929549,601139815,1327152187,omni,
95,20,-342885794,-1582567038,1003416849,omni,
96,1,1654062542,497950951,1139628085,directional,42985280.0
96,2,1673356032,-329767258,1392681868,directional,47144204.0
96,3,-1066039007,235514048,1317128911,omni,
96,6,676237765,824321167,1491179254,directional,355864835.0
96,10,-207378724,11582138,1003072281,omni,
96,12,909955443,-713975937,1348329681,omni,
96,13,260551083,426463879,1002085570,omni,
96,14,-873195295,1327619557,1002180437,omni,
96,15,1571360321,758090754,1010371623,omni,
96,16,699347805,1534221459,1019120235,directional,83060912.0
96,17,-64282400,958447987,1225925006,directional,127881707.0
96,18,139285711,-1472534129,1382558560,omni,
96,20,329109485,-8829012,1174484699,directional,141844957.0
97,3,1186160758,-948236204,1290826401,directional,123853860.0
97,4,1660013401,-50022282,1385771053,directional,257866034.0
97,7,-1234820569,423090602,1082677163,directional,53169041.0
97,9,1420875303,-1038143188,1387985423,directional,356406567.0
97,10,-49355189,1606503464,1024412675,directional,207560100.0
97,11,594492548,-363439475,1486413033,omni,
97,12,294800737,677509417,1068534743,omni,
97,13,36669627,1276914300,1406570747,directional,160351632.0
97,14,-1641855238,192291192,1371803253,directional,89584471.0
97,15,16689119,605771389,1212796354,directional,253777051.0
97,16,1036402005,964982845,1121838101,directional,271509022.0
98,2,15024188,-330417777,1091651717,omni,
98,3,1237956388,899815921,1271227991,directional,348297176.0
98,4,-559137701,449305342,1462647507,directional,275336994.0
98,5,534101470,268163195,1385241763,omni,
98,6,-121062169,635098055,1391729069,omni,
98,8,795378666,114077066,1181922566,omni,
98,9,533829906,-267942719,1147039481,directional,35677351.0
98,10,489610866,765975084,1244610082,omni,
98,13,-1208320217,1124538938,1032300978,omni,
98,14,100228806,-1260008078,1035277266,directional,30151753.0
98,15,232683657,265039968,1149778353,omni,
98,16,900557085,-983943951,1226467795,omni,
98,17,-1364369480,-934042263,1210435068,omni,
98,18,1213197462,-704210178,1278451535,directional,35816755.0
98,19,-655980118,1092790249,1441581831,directional,209109155.0
98,20,1503491014,-668473053,1344997141,omni,
99,1,-1297435662,824719688,1355904392,directional,62825077.0
99,2,-153676287,-1037116021,1013928575,directional,92241704.0
99,3,695217678,-1325502029,1297343295,omni,
99,5,-147004294,1563187990,1079558920,directional,45099053.0
99,7,-264773136,-1715984090,1209324756,directional,207645244.0
99,8,-252498014,-477500088,1246947202,omni,
99,9,-425242033,1477911117,1032082717,directional,132862372.0
99,10,-815407785,-939064798,1054379195,directional,188285523.0
99,11,-531569184,601019344,1352215409,directional,181872489.0
99,14,-291636962,939563571,1383700274,directional,269344616.0
99,15,199574244,-1702525201,1120309453,directional,210856775.0
99,16,559863424,688539357,1143526817,directional,58772884.0
99,17,738131201,-785724462,1076833104,omni,
99,19,1477513672,-746644954,1411120326,directional,154636357.0
99,20,391991058,1364387549,1332334106,omni,
100,2,-35085319,-667150173,1374533262,directional,42151692.0
100,4,619232675,-450145901,1447690164,omni,
100,6,1254774612,706043470,1208049086,omni,
100,7,-1324477930,-582343903,1429109256,directional,274535446.0
100,8,422055347,-653241969,1153170812,omni,
100,9,-450567250,1661556719,1354294864,omni,
100,11,371583527,206834978,1201913479,directional,36416371.0
100,14,719789804,1158270829,1069930022,omni,
100,15,-483725884,464546541,1382422517,omni,
100,16,-110542456,448416875,1181845252,directional,38327581.0
100,17,88775748,-560457269,1232454587,omni,
100,18,474899588,598889694,1084700117,directional,55988743.0
101,3,-985864703,-7598637,1204623435,directional,178944530.0
101,5,-780732948,-744384157,1425302299,omni,
101,6,394466064,280193080,1492661828,omni,
101,7,-550563241,464053519,1281538030,directional,348612601.0
101,10,-1616431130,-412743285,1286659834,omni,
101,11,579827136,-1380331071,1445438670,omni,
101,13,-565053818,-1285959950,1383594417,omni,
101,16,1255368407,741943689,1402919536,omni,
101,18,-670513812,1385622637,1106264146,omni,
101,19,-814608054,-731109738,1430531307,omni,
102,1,716538650,-1169254273,1215630775,omni,
102,2,423294382,-436254844,1224542857,omni,
102,3,144385506,-933153718,1196401079,directional,266300538.0
102,5,-1493529684,333796969,1045689012,directional,30394417.0
102,7,571390523,1609302155,1021230709,omni,
102,9,-799014595,511152978,1099751312,omni,
102,11,565791280,1119005610,1087211096,omni,
102,12,-696912266,440298661,1174822876,omni,
102,13,774912894,462027405,1202112369,directional,29950104.0
102,14,930569434,743236103,1471294640,directional,195006966.0
102,15,910882838,-388305049,1110794187,omni,
102,16,1053816209,-56444389,1374905001,omni,
102,17,216311716,-1161177317,1442095092,omni,
102,18,35489869,-328170878,1020834389,omni,
102,19,570563613,-436409816,1248140523,omni,
102,20,-527532886,1096150547,1450609977,directional,93046462.0
103,4,87454959,-848577589,1278438338,directional,196172843.0
103,6,1070837999,-413671163,1094811116,directional,160367230.0
103,7,-837591918,-7814333,1386896933,omni,
103,8,-935164902,556361618,1306560890,directional,138491468.0
103,10,919116378,-344992519,1437851303,directional,275244949.0
103,11,57191990,237687349,1223028720,directional,338094874.0
103,13,693126544,-429349817,1070736060,directional,4959654.0
103,15,-39693710,667078730,1383593823,directional,65951157.0
103,18,-149081701,-385172927,1386972614,directional,139171799.0
103,19,199260484,-1145939907,1309818600,omni,
103,20,960374744,31794425,1065052385,directional,250590879.0
104,1,845627860,205158078,1338091880,omni,
104,3,678228488,-806306790,1132527327,directional,209341792.0
104,4,1759606992,18076051,1232839503,omni,
104,5,499017579,1636402909,1396400910,directional,123228007.0
104,6,242009864,-603865319,1463695483,omni,
104,7,-725437114,-1547261755,1422449953,directional,70532908.0
104,8,-274935375,858160831,1432650167,directional,153371307.0
104,9,963011516,998689624,1254921303,omni,
104,11,59251337,-1564917560,1145796458,omni,
104,12,1345421807,-860496651,1138216746,omni,
104,13,-1230675863,-810297660,1397034579,omni,
104,14,-1049924191,110952881,1374721303,omni,
104,15,403229318,551055783,1186060914,omni,
104,16,-1448169632,-418370933,1409104532,omni,
104,18,1021531219,-541563827,1228073348,directional,140923208.0
104,20,-1580646173,245700824,1194096463,omni,
105,2,1128730636,934589722,1121219395,omni,
105,3,-448161004,-1566192891,1381181000,omni,
105,6,-1369492771,67485795,1072685148,directional,293831789.0
105,7,1347678559,-51479605,1291005775,directional,286781734.0
105,8,-1059508380,555946615,1318472550,directional,216285355.0
105,9,-364248565,-1119325380,1319063116,directional,53059695.0
105,10,1218144941,-1205494062,1097732146,omni,
105,11,-1009277536,926992781,1060124303,directional,98869608.0
105,12,-1302710267,354600597,1288336575,directional,59451298.0
105,13,-402718155,1323723703,1200597588,directional,119576688.0
105,14,596976130,-1218445748,1308708529,directional,331196063.0
105,15,1760787604,46445639,1127267069,omni,
105,16,-185430919,626168522,1303672138,omni,
105,17,661862283,470608175,1386798115,directional,347009055.0
105,19,946445471,-138364070,1476308805,directional,159621987.0
106,1,129917331,812139731,1354021347,directional,173486103.0
106,2,284534266,418899520,1289876334,directional,224790413.0
106,3,-1088502686,1360049910,1446596493,directional,239852231.0
106,4,725883883,1277359455,1165023539,directional,251556933.0
106,5,1316928043,-969024866,1154496433,directional,27124356.0
106,6,-343667513,-979054836,1159871548,directional,265463904.0
106,7,614816083,-868444905,1061527520,directional,153752667.0
106,8,1423969385,340300453,1313282953,directional,253602048.0
106,9,-1636620419,-312581047,1114035540,directional,213963108.0
106,10,-1087770814,-1196638769,1215676632,directional,325390017.0
106,11,-327804258,504732512,1410491688,directional,23289708.0
106,12,972748623,1444067131,1206873217,directional,322919662.0
106,15,-161741581,-152399214,1466113976,directional,26636270.0
106,17,1559591581,-748189567,1148976670,directional,213447898.0
106,18,496213997,-1074113549,1304638094,directional,113677490.0
106,19,-461635114,779039099,1302871402,directional,336258631.0
107,2,-944708879,-80614300,1222622505,directional,175653673.0
107,3,427791731,99629681,1278083388,omni,
107,4,-557410268,-1002094630,1470351046,directional,45069677.0
107,5,1297216807,1087452979,1050059304,directional,62238790.0
107,8,376068223,-1020371555,1191893275,directional,359945982.0
107,9,703730323,-106514802,1282726234,directional,242411977.0
107,10,-738696993,-1123678949,1232748392,directional,197946540.0
107,12,-521106713,1604803317,1069198407,directional,263478231.0
107,16,475704104,1497144306,1331434108,omni,
107,18,-536117405,818873831,1439553245,directional,123308669.0
107,19,1090369885,-870181692,1259234094,directional,107335344.0
108,1,-1577132236,-99587303,1391590784,omni,
108,3,-1071348881,1096079879,1435540786,omni,
108,4,794482152,687338707,1157825413,omni,
108,5,-855055872,1221612589,1356768311,omni,
108,6,-913486425,419358962,1144382966,omni,
108,7,1434204027,774268773,1032449975,omni,
108,10,-163027204,-829397762,1306993469,omni,
108,11,-262488149,235146929,1106788001,directional,339457938.0
108,12,-181939948,-146130154,1097968385,omni,
108,13,65311333,202333193,1223132440,omni,
108,14,-678067440,-49673431,1439908407,omni,
108,15,-2450310,219698254,1168854172,omni,
108,17,490248183,-970955296,1023333271,omni,
108,18,-1039465790,-287455280,1103688989,omni,
108,19,704152160,-361516219,1242367753,directional,274574890.0
109,1,880940909,850217663,1468221589,directional,7013656.0
109,2,708021222,621653671,1377392619,omni,
109,4,-311745500,-30235082,1023256763,omni,
109,6,-52555380,-911583479,1139652520,directional,6008311.0
109,7,1023148240,-650958367,1390872533,omni,
109,9,-503543349,-848029772,1031870815,directional,314048102.0
109,10,-1685728704,-66538019,1407589603,directional,274011062.0
109,12,925841978,277860778,1095438694,omni,
109,13,-1254620415,-1222541360,1132715929,omni,
109,14,1137600225,408574164,1328306715,omni,
109,15,125817282,-570169823,1329051249,directional,229478843.0
109,18,487926252,510884424,1453348123,omni,
109,20,551850604,-1392940943,1160059210,omni,
110,1,663439128,-1280464359,1265594614,omni,
110,3,205979797,274807744,1188580759,omni,
110,5,-1034786709,786791907,1379737964,directional,273260099.0
110,7,-1356033268,-298205848,1468296144,omni,
110,9,173638202,-345164883,1225907677,directional,285437708.0
110,10,-1276759190,310732801,1462654499,directional,346578165.0
110,11,1154422062,1093788587,1446509478,omni,
110,12,-1104494843,504977512,1166691268,directional,30208971.0
110,14,-132736410,1548714405,1449026845,omni,
110,15,-971058688,-1062944951,1481439987,omni,
110,16,365082435,1246135941,1415502208,omni,
110,17,1153565889,1239060951,1496967330,omni,
110,18,160208672,-750554591,1170721333,directional,195917849.0
110,19,592929197,-522705521,1107020024,omni,
110,20,403094602,1529265821,1127337697,directional,294476289.0
111,1,69134720,462380682,1097225782,omni,
111,6,-1116151045,9530229,1281146694,omni,
111,8,-1348099776,706934360,1499839341,directional,41522662.0
111,9,264234398,-1150317796,1170263974,omni,
111,11,-864559770,1102370291,1452209922,omni,
111,12,-1333389460,930016291,1277780388,omni,
111,13,204504357,279107974,1260961127,omni,
111,14,1379208810,390535386,1076275676,directional,341549382.0
111,15,-975656085,-619424255,1055325896,directional,148147003.0
111,16,1414668556,749417110,1106855065,omni,
111,17,292952585,-975663107,1111283311,omni,
111,19,-1384564221,-719284833,1226600600,omni,
112,1,-989080005,872653716,1216005983,directional,39769204.0
112,2,-19510772,538732228,1426906329,directional,267051172.0
112,7,-539847964,321017691,1283464563,directional,156488898.0
112,9,1086887771,-998827397,1334902598,directional,47116910.0
112,10,154435877,1497767865,1354250983,directional,167327590.0
112,11,-1498666064,604116716,1274289544,directional,95546341.0
112,12,-1665012698,401850933,1037315113,omni,
112,13,1183618316,788629357,1075845874,directional,94230786.0
112,17,-820072036,1118578551,1146965962,directional,15335684.0
112,18,1652313768,345893166,1220430764,directional,18073610.0
112,19,-510443429,-566202771,1114237262,directional,122590693.0
113,2,117869816,528882412,1470688272,directional,214926796.0
113,3,1235421894,-233900038,1493484390,omni,
113,5,936122230,-1069483444,1352255391,omni,
113,6,1523076682,-822046399,1316657365,omni,
113,9,102395467,-188405590,1432036344,directional,103147143.0
113,10,486983955,-255679619,1145766503,directional,298693217.0
113,11,-1432023030,402705230,1127803291,omni,
113,12,160431647,1631467205,1045163311,directional,168325670.0
113,13,1399704028,-880486540,1095314862,omni,
113,14,-847336762,1358981170,1079133687,omni,
113,17,326396084,1320164838,1023032129,omni,
113,18,788673169,4978315,1446356633,directional,228243904.0
113,20,-353509837,-754214049,1472356572,directional,60593647.0
114,1,-1006063974,1219635725,1112332687,omni,
114,2,-986010974,-164544284,1437936232,directional,160378841.0
114,5,136847892,1024743524,1397092230,directional,25115879.0
114,6,746186016,1119333232,1034243234,directional,316537198.0
114,7,-734994617,-69882247,1188350933,omni,
114,8,331013730,-1014986004,1399946684,omni,
114,11,699236602,832973455,1096394728,directional,45645235.0
114,12,145755777,158058610,1037562218,directional,106079713.0
114,14,-1548908652,-832206579,1396660474,directional,7558794.0
114,15,-910513448,326668838,1428374170,omni,
114,16,1127049996,390248506,1247048743,directional,35500377.0
114,17,-275364499,-144735463,1066247117,directional,205621847.0
114,18,-1291121772,-993001141,1099618304,directional,95678450.0
115,2,-983925515,-1403876517,1488635282,directional,69574483.0
115,3,1451313852,695156525,1270579380,directional,42190647.0
115,4,879502358,461089538,1010909248,omni,
115,5,772663592,1148264245,1398173760,omni,
115,7,629067223,1276847343,1370863960,omni,
115,8,-1614446637,-566846819,1213279756,omni,
115,10,258771297,1002543921,1479051932,omni,
115,11,-1292876883,86495537,1179618381,omni,
115,14,-111277971,-1312212078,1207517276,directional,293623991.0
115,16,-203021656,736147390,1336498919,omni,
115,17,978277688,-71597542,1388960919,omni,
115,18,-28040398,1352116596,1371240223,omni,
116,1,468049265,430751510,1494985868,omni,
116,2,1431094374,564273202,1178966200,directional,122930448.0
116,4,285204518,-1492128669,1073870754,omni,
116,5,-798712727,1373372669,1426329716,omni,
116,6,-831814051,-738260450,1059168868,directional,192786325.0
116,7,-692905862,-278868086,1259651181,omni,
116,8,-1417602376,-270512913,1190919258,omni,
116,9,407884723,443271497,1489156918,directional,197816429.0
116,11,486369315,-919627688,1244877474,omni,
116,12,698560390,-552232563,1353950984,directional,283678692.0
116,13,-923768209,-1043399467,1209963028,directional,134724134.0
116,14,-1446499715,-446698903,1224236159,directional,101847309.0
116,17,-502703779,1304700337,1423622126,omni,
116,18,197647920,1054609518,1324908827,omni,
116,19,-659976869,1217744400,1177727929,directional,14876392.0
116,20,-1065748110,-476595037,1436541357,omni,
117,1,-295123927,487840679,1143416319,directional,128940103.0
117,2,-646553034,-175462035,1381252049,omni,
117,3,353539774,-1011348580,1287399697,directional,321343658.0
117,4,597618555,716712360,1240022275,omni,
117,5,429995268,-159084404,1288557291,omni,
117,7,543057071,-818055979,1174496760,directional,351160277.0
117,9,-1089884381,458517321,1049071361,omni,
117,10,344108755,-242062956,1349653942,directional,255593815.0
117,13,218606893,1318230489,1124484471,directional,249219464.0
117,14,510279217,1681144954,1027384736,directional,210961573.0
117,17,602047893,1353463280,1092182569,omni,
117,18,-582463662,1602802654,1416244621,directional,279036834.0
117,19,717151986,-818148309,1108555773,directional,298911888.0
118,1,759214678,1474806948,1361106455,directional,169136958.0
118,3,1142423062,465021482,1266454992,omni,
118,5,63620496,1558259997,1338527942,omni,
118,7,891876548,-683703669,1241576873,directional,152533015.0
118,9,-285484317,1238617321,1385322285,directional,113085232.0
118,10,-204554163,-828619057,1269015777,directional,22950018.0
118,13,833794665,996439589,1027333247,directional,248564078.0
118,15,-314553306,1690333597,1042821198,directional,191402063.0
118,16,-428229946,-1639003825,1014555628,directional,175699875.0
118,18,-138756030,-327304537,1132254729,directional,33399981.0
118,19,802791213,792721083,1357226664,directional,92866128.0
118,20,-1496522773,-456193559,1467028778,directional,36519050.0
119,1,-406243857,831306501,1471252975,omni,
119,2,136964730,319631769,1136411433,omni,
119,3,1346440146,814915261,1275033878,omni,
119,4,350081364,1045666259,1196831460,omni,
119,6,1181461269,1028308884,1139926918,omni,
119,7,953262974,1472305395,1343599568,directional,339282504.0
119,8,-293904432,-489325708,1297837434,omni,
119,9,1562438184,-171299271,1386906986,omni,
119,10,897759438,-317367606,1275575535,omni,
119,11,949102460,147065828,1171412978,omni,
119,12,1730643278,43538750,1467978515,omni,
119,13,237175284,1334932647,1299861701,omni,
119,14,-914342059,-452166251,1146847500,omni,
119,18,-1184725277,984011603,1189599272,omni,
119,19,-1225246200,637051715,1390537083,omni,
120,2,1208304229,1055419828,1458237948,directional,74674856.0
120,4,-1272332383,-996247853,1109362133,omni,
120,5,-441538164,852210522,1200144746,omni,
120,8,-1460901534,-340658379,1301352139,directional,96869911.0
120,10,-267265570,463588622,1378843540,directional,111328819.0
120,11,310460063,-1695798131,1226974802,directional,343685768.0
120,12,10365692,-590350459,1404694947,directional,225718891.0
120,13,349468573,1303529093,1130910172,directional,1482661.0
120,14,301756673,-1717837252,1311126772,omni,
120,16,922199007,-860922944,1113016234,directional,152632277.0
120,17,864870866,439475844,1343620064,directional,176724164.0
120,18,1261540480,-165313190,1381898276,omni,
120,19,1290409168,756695839,1047267827,directional,28437682.0
120,20,-554366959,480459391,1225949913,omni,
121,1,33343681,393395816,1485190116,omni,
121,3,559041172,1584346419,1329830685,directional,358549478.0
121,4,955945520,1168551295,1352030225,directional,185267113.0
121,9,-1209563435,-516779569,1311432592,directional,121845619.0
121,10,643458926,-1370845476,1394376611,omni,
121,13,930061873,1326949668,1431081931,directional,275652148.0
121,14,-720899313,-928415408,1478625782,directional,26354906.0
121,16,-849915133,-1378282721,1268563443,directional,257839161.0
121,17,906358916,772350157,1029801800,directional,328127497.0
121,19,-1478666416,-21523492,1350959865,directional,25065814.0
121,20,-769389669,-1076774307,1189809639,directional,273363859.0
122,1,173730349,1013855743,1322789063,omni,
122,2,938642226,950783008,1490436238,omni,
122,3,-622305418,-238710282,1059909063,directional,20671184.0
122,7,296505635,-273044896,1462413976,omni,
122,9,1220261967,-438745579,1233601358,omni,
122,10,171701351,-1574554670,1272899003,omni,
122,14,343867934,-1647644577,1282636355,omni,
122,16,498247869,-813160364,1121547483,omni,
122,17,-497289500,567932527,1234785696,omni,
122,19,-810295270,790698218,1119039368,omni,
122,20,1530779220,258494876,1323028145,directional,48101092.0
123,1,1451532119,-50884957,1142511398,omni,
123,2,-511443631,88108646,1423304402,omni,
123,5,874113738,-1427888503,1082270323,omni,
123,8,-217985744,-9302076,1011183905,directional,323688152.0
123,9,142835415,-664377196,1009677245,omni,
123,10,564921772,1437989648,1325626747,omni,
123,11,1559523031,-223064402,1469572777,omni,
123,12,840561176,534065264,1196976493,omni,
123,15,500647175,-1296249514,1283280474,omni,
123,16,133825400,-1046059509,1240364636,omni,
123,17,281052332,1265736152,1457562951,directional,9813733.0
124,1,-1386272714,1080054766,1374028688,omni,
124,3,-1327933850,343735533,1362281645,omni,
124,4,-1163418478,223950417,1265411871,omni,
124,5,-134881440,987639999,1252841019,omni,
124,6,-577110351,929656162,1221761152,omni,
124,8,-30895499,1308581286,1125111664,directional,297115332.0
124,13,-1643013976,195922486,1413566205,omni,
124,16,-767592078,1235334647,1302233519,directional,282868403.0
124,17,1396574414,935403857,1474957876,directional,251876039.0
124,18,-205985743,-1397736082,1439491714,directional,152271070.0
124,19,50743992,672545096,1419877499,omni,
124,20,-894825692,1276773114,1486500811,omni,
125,2,148400097,185354078,1097143279,directional,199442010.0
125,5,-1398239331,1050615214,1166024096,omni,
125,7,330521924,1274062326,1216037915,omni,
125,8,-842861531,-38650256,1396679586,omni,
125,9,-1122960559,-1057948463,1284123406,omni,
125,11,-1476082324,-581679090,1010446020,omni,
125,12,1220365705,-58991793,1018390826,omni,
125,16,-824079112,85610303,1220466477,omni,
125,17,927652250,550289949,1230726969,omni,
125,19,-493394252,-504904422,1177839764,omni,
126,2,1072012071,-455090095,1198459896,directional,263787581.0
126,3,260830037,-121100759,1183834060,omni,
126,7,241702315,-1079445528,1093895514,omni,
126,8,-483330790,1652758766,1242180583,omni,
126,9,-1539228927,-567129255,1486307336,omni,
126,10,742222740,254662554,1120387019,directional,192481239.0
126,11,-511781524,755814935,1062363109,omni,
126,12,1387172632,-152212650,1087187494,directional,254530900.0
126,13,-807293736,865687408,1407132777,directional,43207070.0
126,15,576871984,1200407238,1471764677,omni,
126,16,-901241266,297489609,1293784864,directional,149884603.0
126,20,-1460199674,-438770153,1260327030,directional,234622494.0
127,1,-324629265,1307688699,1307039738,directional,226459453.0
127,5,821428275,-1288282033,1167481157,directional,77143573.0
127,6,-61576115,-669604161,1244035474,directional,180222210.0
127,7,458744557,1675596069,1246209393,directional,67763896.0
127,8,-818686389,-477359300,1199674525,directional,333415052.0
127,9,1453284603,6936439,1049330403,omni,
127,10,-958037163,780617130,1461974580,directional,298952450.0
127,11,694306792,-1332035199,1090573770,directional,149386267.0
127,13,755713390,206871771,1294161416,omni,
127,14,-741776694,-40360040,1259657012,omni,
127,15,-654623825,-1067048747,1460093856,omni,
127,16,-620440305,-985502814,1141847256,omni,
127,17,-1195337750,168409470,1490927202,directional,254734660.0
127,18,-1541221172,-412839583,1354756774,omni,
127,19,-838878176,1269644652,1349582705,directional,335257549.0
128,2,1163632207,747632948,1098100649,omni,
128,3,865106389,-108377224,1382157155,omni,
128,4,-693734792,700437107,1220781131,omni,
128,6,-425050546,323141291,1378424662,omni,
128,8,-1651671763,181616856,1104027170,omni,
128,12,-793965473,-1392953686,1037207346,omni,
128,13,707923138,-1275856520,1161696763,directional,279662576.0
128,14,1301652490,-1163832219,1018572558,omni,
128,16,269477329,-587036453,1217999757,omni,
128,18,334463402,602915616,1346624728,omni,
128,20,-866382243,680209280,1091951688,omni,
129,1,-330119615,-385936180,1475882059,directional,120044489.0
129,3,687658666,126266423,1022655287,directional,331258275.0
129,5,1697059566,-81398422,1400184755,omni,
129,6,-1622111821,-412062833,1428833812,directional,318907698.0
129,7,-369709218,-1562642312,1485306467,directional,249558050.0
129,8,877736438,-321483958,1088280962,directional,244201289.0
129,10,851503979,-246370022,1324489091,directional,73893968.0
129,11,226155462,1648759323,1493935277,omni,
129,13,-11214140,1759238433,1147024727,omni,
129,14,-1399816225,-788495528,1132872666,directional,152270063.0
129,15,424139966,1453847487,1317758434,directional,333101153.0
129,17,676029581,1561316370,1373463114,directional,314865917.0
129,18,1104849224,1000742624,1032745200,directional,64174562.0
130,2,599988389,574734938,1320832010,directional,181969393.0
130,4,909424628,240444837,1378871823,omni,
130,5,-378007122,1427413806,1228612151,directional,210380936.0
130,7,145554872,-422273209,1288562264,directional,24715261.0
130,8,1173823244,-826963112,1497488244,directional,48522052.0
130,9,-1291017890,-966764270,1250208115,omni,
130,10,491983612,-184687739,1038772060,directional,282512948.0
130,12,67941682,320315916,1401689609,directional,353096630.0
130,13,1267520614,368853089,1342809979,directional,262763844.0
130,14,-1164484202,519515354,1363908188,directional,251214221.0
130,15,1400939733,-224471295,1488631131,directional,131618802.0
130,16,411726641,592163239,1367929468,directional,214315117.0
130,17,1192766769,1273981614,1051925549,directional,58635063.0
130,20,-896293969,506591450,1381787323,directional,17621913.0
131,1,-690346972,442922999,1025904981,omni,
131,2,-1383005651,-874851449,1102521538,omni,
131,3,-370457571,-1030051412,1219991167,directional,304795087.0
131,4,-835625892,1222499427,1381604659,omni,
131,5,-1609471183,2140455,1374354339,omni,
131,6,145166113,1713404833,1039994300,directional,210058621.0
131,10,-1499912427,442463339,1390260101,directional,61932173.0
131,14,-200550853,-1565590777,1066951182,omni,
131,15,-264897403,-1220876035,1059588422,directional,265985001.0
131,17,-115713750,1631463301,1352555808,omni,
131,20,-1045306059,884873368,1261412228,directional,99632748.0
132,1,1173119677,568980764,1136746020,omni,
132,2,-112783134,-358623815,1215254173,omni,
132,5,1318549049,878315958,1394394438,omni,
132,7,-835234561,1168364113,1217347829,omni,
132,9,-1102462938,-1364098966,1375659614,omni,
132,10,-884698426,979542802,1479958255,omni,
132,11,220351803,4044319,1145706491,omni,
132,13,183619438,-221287733,1384494559,directional,266279326.0
132,15,1568920684,3162404,1401990828,omni,
132,16,196973288,-656419189,1175988307,omni,
132,18,920522648,537037795,1405680476,omni,
132,20,-217696093,-304615458,1091834564,omni,
133,1,614458609,-1057275945,1182989308,directional,5020819.0
133,6,1577654660,464066899,1332827620,directional,54946957.0
133,7,-395026736,-1348358164,1034870768,directional,272168079.0
133,8,677011207,954860760,1172885415,directional,270520323.0
133,9,-92573551,-209548544,1320480524,directional,279372024.0
133,11,-1597089400,548135156,1103601507,directional,175535356.0
133,13,528119850,-54711775,1144505020,directional,350437569.0
133,15,671729967,282552416,1485707542,directional,144314452.0
133,16,-662564222,-756772390,1473791479,directional,218885658.0
133,19,1210241760,581103586,1351189820,directional,248710983.0
134,1,-287272340,1403227872,1170200219,directional,306511382.0
134,2,753546744,-83519400,1226394846,directional,55360353.0
134,3,-1523959279,-757319808,1442509216,directional,344526837.0
134,5,711370163,1579170195,1452646224,omni,
134,6,-312206658,-1116768582,1206312634,directional,141401669.0
134,7,422485508,-1662786095,1175437299,directional,345115785.0
134,8,-783590422,-233093272,1130368174,omni,
134,9,-901201731,301095652,1162426168,directional,298665289.0
134,10,-1091595735,1201385166,1476249015,directional,193999637.0
134,11,-1370510405,147212382,1177245540,omni,
134,12,616264778,-280951119,1494855308,directional,351581564.0
134,13,221423083,-1358372351,1456241525,omni,
134,15,-144034444,84825628,1467412488,directional,272815423.0
134,16,-205214700,315290241,1208868588,omni,
134,19,191690717,-1410270767,1399339298,directional,296726469.0
135,1,-1328129963,746771077,1094359413,directional,41719738.0
135,2,1078619862,861370001,1297980900,directional,47269557.0
135,3,-896644882,866891214,1328341229,omni,
135,4,-1612514243,143177043,1281155828,omni,
135,5,771261938,-430722367,1418971459,omni,
135,7,620699535,1324852972,1453885489,directional,248313717.0
135,8,1600275728,473861237,1404622575,omni,
135,10,1067062144,422815169,1179236064,directional,69526685.0
135,11,-1415858552,125513551,1160867685,directional,253032490.0
135,12,1363182158,-746603635,1130829412,directional,332344185.0
135,13,-526433502,1067060964,1194142441,directional,73348346.0
135,15,-600475944,769534390,1399430264,directional,25218552.0
135,17,-1173828915,399445169,1133521983,directional,75118328.0
135,18,-87125570,130695378,1343398844,directional,180392624.0
135,19,-1541991099,-366128164,1310143228,omni,
136,1,1292326357,400018143,1225757087,omni,
136,2,-375031039,102405902,1349328008,omni,
136,3,712446758,-1448399781,1089658217,omni,
136,4,-973253220,370798339,1030456885,directional,66171406.0
136,6,-1403744695,-146880177,1242003781,directional,351841116.0
136,7,-793188801,-566653505,1294795539,omni,
136,9,1498578985,-605502829,1305970873,directional,29956325.0
136,10,546053156,-1356398041,1019187052,omni,
136,11,1086485714,-702432410,1290311921,omni,
136,13,-439630769,247460164,1148609530,directional,16464335.0
136,15,322142444,-609413317,1175145054,omni,
136,17,-1111953660,1121337895,1176354488,directional,109739794.0
136,18,-381970500,-862408832,1388102634,omni,
136,20,832256656,-1174125297,1002161817,directional,125941995.0
137,1,363266421,204826012,1151310787,omni,
137,3,-1028517603,-1297942502,1475927948,omni,
137,6,156460978,863271233,1079795465,omni,
137,9,-18411638,-538366088,1216544528,omni,
137,11,789982844,-88369599,1185241309,omni,
137,16,853282318,-853917790,1048917803,directional,63453995.0
137,17,925983353,-941862732,1070261696,omni,
137,18,-399819045,-630980785,1361582217,omni,
137,19,689091000,-549900241,1232661957,directional,125144033.0
137,20,-743344600,1198171326,1362845164,omni,
138,2,1082168722,-740260613,1014951466,directional,326841456.0
138,3,1498851154,114152188,1087679051,directional,3865522.0
138,4,1297008775,248123871,1491514285,omni,
138,5,336018012,-1398834318,1107710957,omni,
138,6,73483819,-1768074493,1384834076,omni,
138,7,-623556465,-827901612,1001255289,omni,
138,10,-474241732,881706694,1495081060,omni,
138,11,1283443134,645821774,1154888653,omni,
138,12,276258439,1186936,1074253971,omni,
138,13,-592313057,141030789,1286263518,omni,
138,16,341171604,565297268,1015845265,omni,
138,17,-166218023,-1168122699,1124728544,directional,90103505.0
138,18,-594195534,-688181083,1233803218,omni,
138,20,-166680041,957323271,1114723000,omni,
139,1,-1009613862,389838152,1392530847,directional,358522202.0
139,3,1475650809,-680546593,1237864001,omni,
139,4,730083631,1527036623,1020880757,directional,314382271.0
139,5,-595591488,498965532,1385725457,directional,270925118.0
139,6,-1632199845,204784306,1479353231,directional,132305160.0
139,7,-1286470509,535760710,1284744822,directional,274074716.0
139,9,68635750,754925971,1485397909,directional,13870208.0
139,10,-646308270,1511190433,1166937224,directional,161532471.0
139,11,-1530889828,843520699,1423065292,directional,266696182.0
139,12,-250400816,-987842555,1372447585,directional,240712458.0
139,13,545576567,33369764,1210203106,directional,347544639.0
139,14,534748291,-860405549,1410305976,directional,176476745.0
139,15,395501666,-1589393737,1306365313,directional,6551409.0
139,16,-337565789,1671512941,1470205860,directional,237901759.0
139,17,-1622873513,-610195376,1271421852,directional,201213124.0
140,1,-1615451369,-23736114,1351697964,directional,317424000.0
140,2,-1345968780,980501908,1132769599,directional,266373762.0
140,3,64066877,1188814322,1253769932,directional,218954295.0
140,4,-1371914201,-634460422,1199585352,omni,
140,5,-1034404933,314968186,1381414696,omni,
140,9,207629990,-808523721,1335348774,directional,172637018.0
140,10,186322794,-1054299185,1456486877,directional,26904457.0
140,11,1246690957,-749247042,1044393769,directional,318132502.0
140,12,388105367,1115354382,1372806809,directional,323050048.0
140,13,-329860871,-1139629706,1065583088,directional,101321168.0
140,14,-121832534,-844387745,1184099767,directional,125025645.0
140,15,-426510597,1030462960,1480375121,directional,261310085.0
140,16,-380135031,-449145112,1332874426,directional,348634631.0
141,2,307910170,297671211,1191094516,directional,236179623.0
141,4,307813644,-526948164,1186424509,directional,59126641.0
141,7,428658832,450244614,1121877208,directional,109459532.0
141,8,550327776,-135104710,1322742614,directional,7803186.0
141,10,344523776,520150741,1334184970,directional,235183136.0
141,11,-774703075,1380556882,1358775301,directional,283079646.0
141,12,-2740940,1406498557,1338871688,directional,244092051.0
141,13,140492911,556752099,1163489817,directional,357909213.0
141,14,815774677,-283344036,1341807603,omni,
141,17,-72661634,-1295952240,1491664667,directional,145890151.0
141,19,975225277,-784467480,1123857187,directional,48418943.0
142,3,-735044062,1264930547,1306538434,directional,165105508.0
142,4,-211712492,1492115140,1375378556,omni,
142,5,-313422374,-1299629443,1263501177,omni,
142,6,-586210393,12574177,1173054660,directional,201679718.0
142,7,-1667418063,323684509,1455200046,directional,89082197.0
142,8,1411603229,-419943041,1380320858,directional,136801748.0
142,9,-1449723049,884932323,1375899897,directional,150459917.0
142,10,-1091233057,315917507,1029401737,directional,25614466.0
142,11,642655658,983216277,1434593313,directional,13779308.0
142,12,445722575,1631787106,1374400575,directional,121345175.0
142,13,521990515,1245590954,1391363132,directional,345561219.0
142,14,-693976686,860394168,1272622052,directional,87511098.0
142,15,947928897,646838865,1317620670,omni,
142,16,781306187,1325351057,1421974368,directional,342086611.0
142,20,267392136,-1319764605,1152136931,directional,29615623.0
143,2,340012211,-1569356170,1420089590,directional,137392318.0
143,3,-941289790,-1266800762,1084725442,directional,154497433.0
143,5,478345077,-194940516,1139001828,directional,254846022.0
143,6,-739406791,517017686,1002822513,omni,
143,7,-100783324,514781929,1060646987,directional,136551010.0
143,8,-1274712433,305565422,1118866860,directional,203212457.0
143,10,1590434049,-474879418,1410447514,directional,181106595.0
143,12,466024560,-1054134729,1041974250,directional,73438961.0
143,14,161467889,1244484247,1231991522,omni,
143,16,860388531,670239804,1360077352,directional,222159171.0
143,17,879441239,92439486,1455843654,omni,
143,18,-871852270,836076555,1024929822,directional,105851603.0
143,19,583748703,1273957728,1108094383,directional,212058530.0
144,1,-181211644,349237743,1354288940,omni,
144,2,1477469069,-210594976,1047026737,omni,
144,3,303866896,-1441905347,1369714818,omni,
144,4,-1379897023,370597660,1155829181,omni,
144,6,1485961775,510370008,1105109875,omni,
144,7,-250765056,1545185843,1110591497,omni,
144,9,-308355549,-125050309,1363414617,directional,229691341.0
144,11,-678110025,1454776325,1358191720,omni,
144,12,-792931014,1371107121,1200351740,omni,
144,14,207783225,1247487046,1291883576,omni,
144,15,-463969325,-1175781029,1128846168,omni,
144,16,108725537,-1399677425,1033073271,omni,
144,18,-1416190628,-701012297,1285391102,omni,
144,19,-214148356,1522598092,1319895351,directional,77115812.0
144,20,555094001,463901568,1065230438,directional,175614886.0
145,1,1244660772,-379456786,1051685643,directional,30409250.0
145,2,-1599345011,-154964144,1031396065,omni,
145,3,-621460374,1239906701,1016325156,directional,102269807.0
145,4,867792222,1085883871,1009655659,omni,
145,6,1028667559,-887955531,1331992771,directional,30838888.0
145,7,676014601,1028599963,1264898260,directional,184880919.0
145,9,169467003,1143436295,1391307945,directional,65470975.0
145,10,910986145,504746472,1074069171,directional,339744956.0
145,12,119671897,-365471191,1477376544,omni,
145,13,-761303102,374333117,1243682844,omni,
145,14,-1655848943,-325199112,1328705145,directional,111533295.0
145,17,616599158,-166680315,1441505104,omni,
145,18,-1258322011,-6161750,1201101413,omni,
145,20,1216210646,-1056672582,1150779276,omni,
146,1,-1045432119,-1213198580,1450328247,omni,
146,2,1201432497,-980752305,1180919694,directional,309387253.0
146,3,183172948,88032026,1411784353,directional,290221527.0
146,4,-858769603,1480302510,1397035338,omni,
146,5,-128021647,-552098640,1277789133,omni,
146,6,-989653368,-214281302,1238482159,directional,34622426.0
146,9,-1220909971,927946546,1469682783,directional,281463055.0
146,10,152893827,-1044589908,1087123851,directional,13075006.0
146,11,851007350,724276541,1412706658,directional,355887762.0
146,12,-31044388,-1147822052,1142499701,omni,
146,13,1374977072,1101424268,1367638292,directional,263653939.0
146,14,-1288270562,710797638,1146609321,omni,
146,16,-842176197,123568023,1012040046,directional,344664053.0
146,18,884501065,-1342758664,1453352755,directional,218187692.0
146,20,-966860771,-780521628,1240740741,omni,
147,1,988078287,333967734,1409926231,directional,146903497.0
147,2,261130852,1695114964,1156206995,directional,94168452.0
147,3,-498615477,536018589,1427679285,directional,78452167.0
147,4,1543823208,251594578,1150740518,directional,98649474.0
147,5,-761605676,-1175434708,1384960996,omni,
147,6,-478433150,-1470436141,1357278302,directional,73243216.0
147,7,402100678,960815594,1476315956,omni,
147,9,131321057,-331121850,1336809398,directional,192840103.0
147,12,-774323156,436846530,1224738767,omni,
147,14,687102088,932051325,1325434431,directional,3423770.0
147,15,-309619143,729439205,1470501911,directional,351876586.0
147,16,209378047,-1081598587,1190219261,directional,216973279.0
147,17,1184759289,920932012,1000500370,directional,263161874.0
147,19,125920914,245301954,1137398911,omni,
147,20,-167809122,-439982212,1440707259,omni,
148,2,-1444979292,-387139251,1321830202,directional,284185964.0
148,5,-387670871,-1215999269,1202492304,directional,211122321.0
148,6,1018726468,-250722358,1048072509,directional,135092376.0
148,8,430113725,-403982120,1321008707,directional,165069970.0
148,9,-698353415,113238372,1447022031,directional,87860823.0
148,12,-775901164,-1518301536,1393066997,directional,69558545.0
148,13,1195909272,-671654568,1140658139,directional,152713227.0
148,14,-559867442,768125326,1195000260,directional,211176550.0
148,16,1523430621,-44526845,1424508790,omni,
148,17,-1053775607,-520562423,1357724077,directional,236176747.0
148,18,1669915167,-208116414,1177348986,directional,132556693.0
148,20,340475816,-1481889003,1438608184,omni,
149,1,-328846785,-1020630491,1284897428,directional,212233026.0
149,3,1619006447,-96705948,1345779691,directional,73987708.0
149,4,1183893559,-1073605943,1437790438,directional,190543113.0
149,5,-524407421,1232291197,1440037601,directional,339527483.0
149,7,-497252684,998662663,1164896397,directional,234939836.0
149,8,-420714936,-1690057453,1444097726,omni,
149,10,93091166,-1596966984,1489569169,directional,247823520.0
149,12,-224245043,1379321407,1087992909,directional,1327258.0
149,13,-492071982,469733943,1209190864,directional,152695977.0
149,14,-127368035,84967685,1066814255,directional,346696511.0
149,16,489318442,822954611,1411037284,omni,
149,17,727933542,1085183656,1133865499,directional,321650512.0
149,18,-365811724,1020918657,1293424118,omni,
149,19,1175910934,-530503200,1317153354,directional,336089158.0
150,2,615252241,-1390826802,1164288734,directional,344446811.0
150,3,-369985660,100939020,1405839458,omni,
150,4,-102728947,304170077,1394097885,directional,52338012.0
150,6,441927541,-30264492,1088550379,omni,
150,7,749870547,1460106413,1479699546,omni,
150,8,1564282397,-181024376,1094408600,omni,
150,10,-976582643,536529597,1077978233,omni,
150,12,371857771,1055441299,1017198031,omni,
150,13,1114970729,453025105,1365554758,omni,
150,14,239832922,-234130457,1471175813,directional,214992063.0
150,15,189479475,475337032,1109408862,directional,267347434.0
150,16,1159544281,-1029335874,1063410518,omni,
150,17,-454123074,1630134432,1284911508,directional,152337153.0
150,19,1169669336,993595080,1113042611,directional,263111223.0
150,20,-561309831,-1037968862,1495837538,omni,
151,2,-684612145,105943736,1377077976,omni,
151,3,-23076931,742787272,1323888605,directional,45188795.0
151,4,817066561,1284721352,1158990722,omni,
151,5,-894571651,-445006780,1376779927,directional,238904827.0
151,6,-237643842,-1050355332,1089009941,directional,331234946.0
151,8,-980848354,443273633,1114636589,omni,
151,9,62971437,111695071,1205051738,omni,
151,10,107446884,517751595,1364143598,omni,
151,11,541247404,-281216081,1187998608,omni,
151,13,744183270,841133533,1469137807,omni,
151,14,212729025,-1208721959,1155918040,omni,
151,15,908619251,1210933756,1267326569,directional,95002127.0
151,16,-628195887,1469443048,1082708305,directional,344265566.0
151,18,644123749,-750721431,1369980243,omni,
151,19,300155009,-44041935,1280229636,omni,
151,20,-280888003,1198209823,1499452964,omni,
152,1,-591956000,-759790381,1392721563,directional,218233495.0
152,4,-1234448688,-1227527739,1221788123,omni,
152,5,-158433839,-1189615904,1401672599,directional,186899320.0
152,6,-231458655,459564000,1451879249,directional,5418369.0
152,7,1174666411,-1260548150,1331148770,directional,143971953.0
152,8,-547925243,557862667,1451061396,omni,
152,10,-1511726431,657309092,1109181630,directional,142396314.0
152,11,786389700,-1197040621,1326307308,directional,13715536.0
152,14,-1008278518,-1027352337,1199403376,omni,
152,15,292535732,-729750998,1431753326,directional,275589900.0
152,16,1156503602,69883862,1442278321,omni,
152,17,1249133088,-571920643,1209020745,directional,78080698.0
152,19,1494390816,-890916323,1493352193,directional,11790823.0
152,20,-1307946454,43068352,1229961331,directional,32028618.0
153,3,735052084,1271616162,1172153927,directional,270631879.0
153,6,-1164951220,-1142778814,1070688569,directional,139393762.0
153,8,1368048388,954329640,1433814857,directional,203365372.0
153,9,1427133374,139018342,1404224837,directional,152778996.0
153,10,130680543,-717946407,1225470122,directional,112733992.0
153,12,656301366,-271536493,1095615769,directional,333367141.0
153,15,359395959,786530864,1038484825,directional,4636388.0
153,16,-989980839,-1320592709,1345468292,directional,281890692.0
153,18,471456296,-1303276935,1026631871,omni,
153,19,714078346,363638898,1465048952,directional,190098191.0
153,20,-381164438,-1710439138,1480923507,directional,344560174.0
154,1,669193351,476308617,1090756548,directional,278571128.0
154,2,-657608583,197383911,1171709446,directional,54764491.0
154,6,-34220483,914383036,1276925573,omni,
154,8,-368623882,117682380,1362527106,directional,153409815.0
154,9,1508161610,-884319166,1375861065,directional,119834699.0
154,10,-525995225,369383370,1213802740,directional,163382113.0
154,11,171514790,486417829,1215583557,directional,56334445.0
154,16,-1021757289,-577290309,1016399643,directional,4614050.0
154,18,148431424,-740741479,1472789534,omni,
154,19,490198447,17111418,1340665366,directional,80089147.0
155,1,-132357806,1301955368,1406275307,omni,
155,3,378606940,1665879515,1435222476,omni,
155,4,-617515525,-536617759,1181762802,omni,
155,6,252161166,-1710235477,1053944397,directional,92518654.0
155,7,-198812214,-1474357089,1067494661,directional,53950569.0
155,8,-740731636,947634284,1029324256,omni,
155,9,-1625668666,683935694,1026542181,directional,163600716.0
155,11,-1085894792,-507809390,1002610063,directional,342087985.0
155,12,-53670584,-1345936032,1314390141,omni,
155,13,-1152290442,615071473,1210119789,directional,174818627.0
155,15,294511160,-708068061,1492259758,omni,
155,16,745367039,1582459909,1095163491,directional,210187683.0
155,17,-172190935,1349793055,1175226444,directional,255500701.0
156,1,-440398256,1566519027,1081999497,directional,133919596.0
156,2,-884718079,-941057129,1083125302,directional,293420788.0
156,3,-458400700,870207009,1144768410,omni,
156,4,-1506479763,82580200,1173511414,directional,3762884.0
156,5,405933273,-122135832,1176569671,directional,249574368.0
156,6,294159067,-104246742,1365462556,directional,5261973.0
156,8,-661671356,1601531839,1094851430,omni,
156,11,1008225408,-8982656,1297417415,directional,240423165.0
156,12,-1233756646,799808890,1177544587,omni,
156,13,-1305777940,445828271,1445771866,directional,81925974.0
156,14,-744559460,958301014,1428685491,directional,229130143.0
156,15,604776352,547813506,1014379764,directional,344009873.0
156,16,253467572,-613710051,1414674163,directional,238066118.0
156,17,-1107990095,-1069752070,1196608335,directional,33822089.0
156,18,20274135,572388932,1311940163,omni,
156,19,245776506,254765405,1420528191,directional,273505837.0
157,1,-307780430,-1003832329,1468619558,directional,286182379.0
157,2,-1134666787,-1226682791,1200585023,directional,134603173.0
157,3,558373796,565515125,1297896298,directional,293056939.0
157,6,-835662909,169981919,1348300179,directional,290400849.0
157,7,-86965509,-461577422,1376520302,directional,133703284.0
157,9,-908007451,-541414804,1041487782,directional,341314571.0
157,12,41722130,694165322,1293074748,omni,
157,13,-362716760,1343449688,1232028616,directional,142465920.0
157,14,20581187,-932778398,1230304194,directional,230911982.0
157,15,-1450998776,247907215,1268278476,directional,198377811.0
157,18,996676715,307927889,1279635052,omni,
157,19,813531101,-553003882,1176247169,directional,14629076.0
157,20,543388364,1184035343,1090207151,directional,94150795.0
158,1,-276452281,-22639983,1432883374,omni,
158,2,-1113097679,894888355,1438014341,directional,257369803.0
158,3,439339333,-737883516,1296719141,directional,10440393.0
158,5,-74855308,868658009,1118458193,directional,315131027.0
158,8,119530810,-1511759498,1221170186,omni,
158,10,400824124,-778284812,1160107958,omni,
158,12,-317827330,-855324126,1351862919,omni,
158,13,-1311662308,914446547,1232291477,omni,
158,14,-885953405,188094957,1270918597,omni,
158,15,913184685,908410248,1122772432,directional,177366742.0
158,16,-604169963,-78662497,1115148292,omni,
158,17,-126467749,427437871,1169879943,omni,
158,20,-811570491,575564609,1341106190,omni,
159,1,728539135,624406083,1171284598,directional,346558825.0
159,2,-707264863,512513012,1322981556,directional,316669885.0
159,3,-497511160,-217307829,1266422113,directional,7513069.0
159,4,324379450,964081441,1109508300,directional,248865523.0
159,5,-80385345,860426682,1035742076,directional,240320251.0
159,6,36317111,1437976472,1013642045,directional,282416873.0
159,7,-54050179,-18009049,1226123243,directional,287086416.0
159,8,1300914873,21616,1029369406,directional,303120087.0
159,9,-936246178,-1206083439,1389840727,directional,220179324.0
159,11,320655094,1704066211,1218914488,directional,222704007.0
159,13,-1147744431,-118268440,1124075823,directional,224552092.0
159,15,250532756,1374890522,1098515089,directional,6800683.0
159,16,1730623336,-237689237,1266962851,directional,165006796.0
159,17,-981190383,541756082,1351950655,directional,159065464.0
159,18,-462548306,-542129676,1152547967,directional,149764797.0
159,20,-669619521,1137283760,1300848052,omni,
160,1,-18837949,18677759,1395310427,directional,99154597.0
160,3,-803942480,-73873814,1286300271,directional,210196008.0
160,4,-1747876225,-180890526,1494207583,directional,233734037.0
160,5,-707971435,-743392975,1064264056,directional,102865901.0
160,6,515803374,1066903993,1053968409,directional,315467888.0
160,8,346820390,-845614388,1302314311,directional,100655188.0
160,9,793594021,-1513906418,1244494353,directional,308725293.0
160,10,-92099634,894275144,1187133184,omni,
160,11,-821149849,252341847,1174140663,directional,52751576.0
160,12,286441976,1031639713,1453588121,directional,129774862.0
160,13,-495497446,-1306921710,1039974222,directional,296414437.0
160,15,-1281287145,106637236,1151777441,directional,259788511.0
160,16,-703121029,-500930732,1001979212,directional,160923295.0
160,17,1138930231,-827049347,1055441464,directional,314775514.0
160,18,-1648444672,-303757811,1008011257,directional,7627820.0
161,3,590497859,422756997,1479854492,omni,
161,4,-501021734,-1410541389,1454126882,omni,
161,5,-1632246919,603463239,1198732733,directional,314106263.0
161,7,-703471140,-1150342508,1429853490,omni,
161,9,-225951339,794687796,1490436882,omni,
161,13,-1217070865,356763438,1379839479,directional,158235587.0
161,14,-490641374,-722967645,1149931589,directional,26040265.0
161,15,80253171,-1002104068,1228176973,omni,
161,16,675417058,-1462999577,1107933574,directional,320127755.0
161,17,1284254928,86947967,1421368410,omni,
161,18,716357380,-31381407,1268905514,directional,143662001.0
161,20,-330571476,-1729566135,1179076129,directional,184273485.0
162,1,725472499,1460995554,1199819765,directional,116373990.0
162,5,-274357726,109774298,1406334132,omni,
162,6,-983195046,-81953875,1380112347,omni,
162,7,1434361759,-875125235,1294398069,omni,
162,8,-1342198287,-841323808,1330992145,directional,336336753.0
162,15,-5794069,-1195280692,1065740704,omni,
162,16,1184977039,-380553128,1154856967,omni,
162,17,-1423141114,-184972341,1296807967,omni,
162,18,1264296695,643600416,1044836621,omni,
162,20,-843763449,1170025856,1235838984,omni,
163,1,-102666473,3684804,1223387834,omni,
163,2,-864334965,-1450468559,1346300833,directional,241094448.0
163,3,-830617925,-1139524322,1433064859,directional,323925715.0
163,4,1079019246,820057142,1090730842,directional,34346297.0
163,8,98260032,-887397121,1300999424,directional,297463357.0
163,9,25106358,382645993,1316102605,omni,
163,10,164896667,-813839641,1059933925,directional,235990225.0
163,13,-1110992097,-1301687805,1107616112,directional,266732681.0
163,15,-522629840,652415033,1071180116,directional,173433310.0
163,16,-1608363438,597682935,1336701828,omni,
163,18,969043447,624439312,1023967844,omni,
163,19,972711257,685881137,1063891995,directional,282427119.0
163,20,233947137,482895768,1007513799,omni,
164,1,332116468,1541568652,1097816075,directional,202258325.0
164,2,1240235186,462224215,1282924009,directional,358762826.0
164,3,252819725,-435623475,1406609593,omni,
164,4,1263152314,625513955,1145045435,omni,
164,5,872114848,1381148061,1017940207,omni,
164,6,-620633424,87908103,1463454861,omni,
164,7,257669748,-977563843,1274920665,directional,195303095.0
164,9,458373739,43070715,1396191565,omni,
164,11,-792376730,-690089697,1272551795,directional,280533000.0
164,13,89809154,-792782395,1142125950,omni,
164,16,113766319,-1059297678,1405859884,directional,338542372.0
164,17,-952365912,1272551262,1131060200,omni,
164,19,-1137854180,282792504,1156267312,omni,
164,20,538963497,235756212,1114516558,omni,
165,1,100195580,-545871435,1163008203,directional,40048542.0
165,3,84132086,-764385974,1201228463,directional,205979033.0
165,4,190094931,-868759766,1200414424,directional,44719574.0
165,6,-291595068,1387162308,1232100413,directional,349922819.0
165,7,874667516,-611304674,1337787135,omni,
165,9,1094650498,777079154,1389747592,directional,254925204.0
165,11,-1282728125,-666049100,1039965240,directional,49269800.0
165,16,-270770895,-1283411287,1321332893,directional,77931794.0
165,17,-577426711,-466033501,1132896909,directional,258830620.0
165,18,6144347,1680335564,1046406002,directional,305267056.0
166,2,27107329,119250780,1215467142,directional,285315085.0
166,3,846297728,-630290239,1470959110,omni,
166,5,-774455886,-993415040,1497468190,directional,42299214.0
166,6,145802931,1648608437,1200181947,directional,193531817.0
166,7,-301867799,-286742341,1026258199,directional,251465755.0
166,8,1012028215,-280044930,1130874673,omni,
166,9,870600051,-321158032,1015317454,directional,164986497.0
166,10,857204820,746780265,1197011703,directional,63991188.0
166,12,371700514,1402749015,1482588918,omni,
166,15,862316487,197729229,1393168587,directional,107527869.0
166,16,522170868,-705648578,1346800095,directional,156521736.0
166,19,-1155313440,765219501,1296493579,directional,71032415.0
166,20,-389146643,161522321,1049065425,omni,
167,1,1467310562,-926628316,1311970965,omni,
167,2,-550185745,-635222164,1075332393,directional,279641924.0
167,3,1131117578,-1015366829,1218427515,omni,
167,5,-1378937245,-802945441,1459909520,omni,
167,6,755955830,811382043,1092383240,directional,346334401.0
167,10,-1268995839,470019851,1054543236,directional,255369731.0
167,11,-1129992605,-768580928,1498842999,omni,
167,12,-134787258,648868465,1449812373,directional,26478986.0
167,13,300406110,1433849450,1167514188,omni,
167,14,664970675,1070482331,1221619437,directional,13686236.0
167,15,-471659726,1295256356,1272994873,directional,76776261.0
167,20,-1119713699,-35514489,1112279190,directional,292513462.0
168,1,-1395852403,825505975,1282726035,omni,
168,3,-365243988,784329832,1450721377,omni,
168,4,757007929,18948418,1430078618,directional,7851547.0
168,6,651679217,811168760,1228671485,omni,
168,7,-978556270,-98377822,1294770842,directional,346650884.0
168,8,1234938404,1145177522,1300561543,directional,186376408.0
168,9,-854465621,118297414,1137507338,omni,
168,12,185933961,766677719,1081287211,omni,
168,14,-1103621515,1055563321,1464969297,directional,164132128.0
168,15,-159873093,349078915,1083741237,directional,171841638.0
168,17,-725914889,814633766,1085498457,directional,348160954.0
168,18,-1037957890,1415158028,1390154808,directional,303178691.0
168,19,-61367171,-1599204080,1480260879,directional,337292792.0
168,20,-1220385781,186283218,1238951184,omni,
169,2,471345734,584555566,1473125801,directional,95037594.0
169,3,396047024,-397242722,1328092627,directional,279881171.0
169,4,-751725354,-1549027880,1380844536,omni,
169,5,-873617064,-1121074948,1143977048,omni,
169,7,245098141,1090333651,1036532104,directional,24558997.0
169,9,-814835751,-1086480335,1136991544,directional,41559439.0
169,10,574990115,894703172,1277240201,omni,
169,11,-195084317,1575649663,1046012808,directional,103402190.0
169,12,-918783374,-235950203,1214819945,directional,65609079.0
169,13,-153028093,-357190809,1333571115,omni,
169,16,-59146091,-257841133,1311476454,directional,273305150.0
169,17,-599136830,434020248,1249235747,directional,292713995.0
169,18,1347708013,898826311,1423501630,directional,64952481.0
169,19,919736578,97931757,1203983482,directional,164268923.0
169,20,1193202937,407129987,1295162378,omni,
170,2,1200479555,-537851183,1357290389,omni,
170,4,546238093,-347656522,1205523633,directional,271659488.0
170,6,-911250833,-383907876,1441119079,omni,
170,7,-954281644,-137159999,1483795538,omni,
170,9,40071908,998749097,1052551474,directional,349989129.0
170,11,-239499259,-1743191256,1331621371,directional,193802489.0
170,12,444623764,-79481109,1275174586,directional,149302292.0
170,13,896913575,-399071212,1234746712,directional,213063118.0
170,14,-1754903235,-155019391,1448920309,omni,
170,17,687513755,-463149941,1418448043,directional,332045721.0
170,18,-617626836,-1096593888,1388010994,omni,
171,1,209130323,-1319645153,1427704701,omni,
171,3,-452515225,48535047,1011692448,directional,134168363.0
171,6,-692080267,155377834,1289562860,directional,47877188.0
171,7,-275845237,797952447,1242352218,directional,248819907.0
171,8,92600587,-1059801935,1169834943,omni,
171,10,-415731043,144862645,1442077680,directional,57316284.0
171,11,639971603,1019533121,1200467892,directional,218262507.0
171,12,-223236086,-1215342100,1129701244,directional,122492101.0
171,14,542136004,-604581742,1420512333,directional,342947648.0
171,16,19211735,1107937658,1086630762,omni,
171,18,871885324,1124393098,1398561006,omni,
171,19,1577142801,-697226998,1133971545,omni,
172,1,-159103471,-1008647234,1455132895,omni,
172,2,-1337592592,-1037229879,1342049783,omni,
172,3,277500967,338835802,1416829169,omni,
172,4,837086088,-993975896,1209935254,directional,57418691.0
172,7,573229684,771150389,1406564445,omni,
172,8,178538270,1656311174,1243375413,omni,
172,9,-1378566312,598666476,1130441095,omni,
172,11,698892518,-285555851,1438086600,omni,
172,12,626328011,-1319497398,1052373557,omni,
172,13,110553807,1359245768,1471344140,omni,
172,14,1501053076,631438680,1332247476,omni,
172,16,-454014365,-592474247,1032760934,omni,
172,17,-632778513,702962269,1053884401,omni,
172,18,-1047670620,850059789,1240045442,omni,
172,19,1021198516,-1410913563,1187515590,omni,
172,20,602024119,345792842,1442239383,omni,
173,2,-314931568,166622056,1118973123,directional,75111074.0
173,3,930352384,955895410,1451241862,directional,82510972.0
173,4,-266319201,-23647833,1030908804,directional,323103578.0
173,5,-134028712,262164207,1147653372,directional,259427059.0
173,6,-272040745,-458289313,1244860830,directional,286292905.0
173,8,-783427309,1315457657,1290566446,directional,219414332.0
173,9,654677478,929538521,1477755934,directional,279960188.0
173,10,363308211,1022714076,1366866878,directional,43062925.0
173,11,-381004115,1039134864,1330401745,directional,113089203.0
173,12,733800538,-1244576855,1125117363,directional,105215539.0
173,14,750595235,-1239250485,1073291860,directional,342154224.0
173,17,-450892940,22560557,1230027868,directional,182966387.0
174,1,-219139492,-1651283869,1129844244,directional,86767738.0
174,2,-421851195,1391453663,1385902410,directional,73166784.0
174,4,-594447211,1469310276,1460551895,omni,
174,5,-276068906,-767880585,1084402142,directional,134082771.0
174,6,138348852,93722973,1087917357,directional,216215822.0
174,7,-24502737,-1719472470,1159603287,directional,126282643.0
174,12,-214002048,-470758784,1110144768,omni,
174,13,616785778,-87248270,1325012482,directional,267867224.0
174,14,-165736871,103019860,1387091357,omni,
174,15,693034849,805197450,1408948935,directional,284313858.0
174,16,1184719217,843970747,1382934710,directional,258882435.0
174,17,599956672,-1652406183,1004101728,omni,
174,19,-192048166,1488870424,1216694314,directional,26909400.0
175,1,-261727981,-1002223856,1373541718,omni,
175,2,-1510380554,-248136667,1464362084,omni,
175,3,-466004238,-74825996,1235075167,directional,174331870.0
175,4,551254542,-871884073,1161852090,omni,
175,5,-1308924554,-210485068,1030450452,omni,
175,6,-356545706,474504453,1221213566,directional,65548991.0
175,8,647783239,-557671042,1383844112,directional,321892036.0
175,10,579790101,1512698565,1284717201,directional,140254861.0
175,11,-123125273,697406185,1337310572,directional,124205571.0
175,12,-434194994,-1163156967,1204761930,directional,49395886.0
175,13,1121909449,1120575006,1328394382,directional,198472265.0
175,14,-1241218311,168935210,1169334854,directional,14613675.0
175,15,571405419,-521022761,1366154196,directional,233145629.0
175,16,1044258383,348764356,1436500566,directional,197823533.0
175,19,-69938164,916582442,1151531563,directional,110608463.0
176,2,-949112328,961361811,1042469933,directional,123341319.0
176,5,1033062105,-104834087,1316077184,omni,
176,7,-1235678837,325678310,1001216318,omni,
176,8,258440394,1571432243,1108616996,omni,
176,9,484858635,-1080105557,1375252316,omni,
176,10,-134769716,-1602172642,1319211711,omni,
176,11,951147854,1250196806,1004245791,omni,
176,12,244390236,-1369794613,1266876481,directional,167397789.0
176,13,1043598507,1137020912,1075073219,omni,
176,14,-353440218,1125894201,1323369913,omni,
176,15,-914491115,-907232121,1397226692,omni,
176,16,73549880,1515330093,1337985075,omni,
176,18,-1361393125,102965196,1328613287,omni,
176,19,271921397,-1539067270,1074736204,directional,86315467.0
177,1,-1244274490,-33828925,1399085004,omni,
177,2,-335494887,652116745,1077356991,directional,114169459.0
177,3,-653953357,417675586,1410772576,omni,
177,5,-1471455796,-437351007,1446801725,omni,
177,6,-1247069087,835346789,1204091778,omni,
177,8,477227867,1243794592,1473208191,directional,351961401.0
177,10,-741396135,-1562687229,1176221127,directional,35262578.0
177,13,-1065040118,-849875952,1263577548,omni,
177,14,-765537031,-321265016,1311079520,directional,63609059.0
177,15,1049263959,-169068519,1360972944,omni,
177,17,287854034,-862083838,1450901114,omni,
177,20,-795863936,-827572226,1399535948,omni,
178,2,-697157660,1021867872,1036550373,omni,
178,3,217137866,-1239167673,1152648249,omni,
178,6,-853393302,-858599999,1224619070,omni,
178,7,-317625159,543506587,1387864653,omni,
178,11,-155378510,1459803873,1204524138,directional,29275776.0
178,13,-398651478,-695847451,1384833302,omni,
178,14,-1617707345,245232562,1239480841,directional,116261254.0
178,16,-315506828,-1305681284,1067518041,directional,161281535.0
178,18,-1647610075,262266144,1113361966,directional,74096844.0
178,20,-1082120287,-142289619,1326936079,omni,
179,1,1053132043,467755184,1401700575,omni,
179,4,368748909,861158822,1053986499,omni,
179,5,-596178629,1349801432,1047855958,omni,
179,6,1126385329,1031632468,1495345724,omni,
179,8,-238611413,570567976,1083993770,omni,
179,9,-9557660,-821794327,1099412498,omni,
179,11,656187316,436984216,1345705546,omni,
179,13,-1145003150,-485529118,1001261500,omni,
179,14,1132803193,763986731,1067045454,omni,
179,17,1567747479,-84822119,1201097290,omni,
179,19,-1591811885,595098942,1186195754,directional,356552099.0
180,1,1101506943,-1331007519,1298819198,directional,271295140.0
180,2,-954216702,1217616786,1000589763,directional,254259107.0
180,3,1435217727,-922497032,1282762115,directional,318917112.0
180,7,855688221,-1142689303,1107361969,directional,99353665.0
180,8,197965040,-739567205,1480858341,directional,221930625.0
180,10,1062367920,-1176175618,1482089736,directional,5017045.0
180,11,-580480504,1561973734,1374434816,directional,19370841.0
180,12,1119085352,-974075491,1171007233,directional,168682747.0
180,13,633520798,726534359,1227365324,directional,215002917.0
180,14,832468919,-1405166986,1279621863,directional,11456173.0
180,15,795782910,922192175,1094282368,directional,316466292.0
180,17,-987076825,-953358122,1111275035,omni,
180,18,387217282,-1663398628,1021016184,directional,69642216.0
180,19,1148008245,-796214687,1257441153,directional,132173883.0
180,20,458332249,1699678572,1232255332,directional,7823569.0
181,2,293841256,-422382461,1321230477,omni,
181,5,-510790180,1232752715,1430160327,directional,91908342.0
181,6,339083955,944316535,1141894046,omni,
181,7,-1389173643,189724192,1138721549,omni,
181,11,-767511945,-1550255606,1442595180,omni,
181,13,70077768,1757650345,1281840879,omni,
181,14,1269648678,759976812,1190041787,omni,
181,16,-1210942388,-1107127169,1024844227,directional,135819495.0
181,17,892226568,-519483652,1385352909,directional,177642425.0
181,18,-207689133,1040246915,1440852451,omni,
181,19,-828277360,1450012500,1458066494,omni,
181,20,507627709,528527425,1462717204,omni,
182,1,-656931621,-132082763,1318247517,directional,114622163.0
182,2,417637411,121017274,1406670966,directional,98340217.0
182,3,-1709635894,97884176,1019344216,directional,266445814.0
182,4,1468134228,194452616,1105460438,directional,29860945.0
182,7,-251062834,-388031266,1249265373,directional,94928774.0
182,10,-1131814312,-868271806,1242251542,directional,142893198.0
182,13,-557290653,810713287,1205883585,omni,
182,18,404315122,669702262,1349181872,directional,272330024.0
182,19,-329075267,1012495849,1463425328,directional,197945516.0
182,20,764530519,-1253770670,1413036610,directional,124633090.0
183,2,-986194691,-182065858,1114200584,directional,44563759.0
183,3,1047478859,-98489648,1137434739,omni,
183,4,665387998,192812757,1183344456,directional,227852541.0
183,5,-979355669,-25493872,1232735353,directional,45305206.0
183,8,-283227563,-1305017294,1293285321,directional,346104690.0
183,9,1291980186,-166257305,1034386479,directional,200433034.0
183,10,227658217,936577179,1499549172,omni,
183,12,2556598,-582574990,1126350366,directional,143951177.0
183,14,857681719,306982509,1172679304,directional,158108145.0
183,15,207316948,419724754,1340991297,directional,119806405.0
183,17,-225375585,-711281220,1476755808,directional,50374920.0
183,18,-344500213,-476703925,1377181134,directional,4918402.0
183,19,13665013,871879877,1071206617,directional,242264866.0
183,20,98480515,1098346897,1308693362,directional,11317178.0
184,2,189517541,-199717824,1300834463,omni,
184,3,-890350656,966619821,1424323459,directional,163351117.0
184,7,-638477591,845504688,1089040509,directional,78615440.0
184,9,-969943636,1131495736,1135512963,directional,305432134.0
184,10,-361207035,-864765859,1476813060,directional,68097112.0
184,12,-497116791,-1155091044,1261390481,directional,123370172.0
184,13,1371986982,-755640780,1262461155,omni,
184,16,-1465361890,864849769,1133723811,directional,300878523.0
184,19,702052549,89245746,1399078526,omni,
184,20,973290677,1432096736,1311660191,directional,185828330.0
185,1,758456894,-807400768,1170805869,directional,359006398.0
185,2,-149454918,-1642620847,1308174166,omni,
185,3,248098516,1330577591,1326994233,directional,41409823.0
185,4,-1164050441,-1153029868,1236128401,omni,
185,6,1462274652,593446278,1361215430,directional,75599204.0
185,8,1490763689,-2073888,1011140467,omni,
185,9,-124380552,1363892165,1294591467,omni,
185,10,-1098627546,-1278312715,1425431147,omni,
185,11,903383475,815354362,1154074857,omni,
185,15,-1457774633,-952003471,1485073966,omni,
185,16,1299072892,-906074600,1420544607,omni,
185,17,1318937645,213389081,1230076902,omni,
185,18,-1291095287,129141579,1270208320,omni,
185,19,1377140730,-828638972,1193247986,omni,
186,2,385472763,6813415,1160643410,directional,129092889.0
186,3,1319750163,-371564912,1183708064,omni,
186,5,-959161979,1271515068,1041652673,omni,
186,6,-477596897,568199540,1492453639,directional,154445851.0
186,8,-14321520,1110771097,1060528246,omni,
186,9,-860679749,1032575097,1342191995,omni,
186,11,-311870516,832153374,1449062889,directional,224913534.0
186,14,-445622590,677987204,1378473313,directional,108238067.0
186,16,-1351649102,346313171,1198586458,omni,
186,19,447560098,-54413830,1111573421,directional,199161398.0
187,2,-1611331129,-67390827,1257348086,directional,234183534.0
187,3,548939917,-1439438669,1058526580,directional,130717239.0
187,6,1133197716,820342781,1447090664,directional,82116052.0
187,7,-882316061,235533710,1002934934,omni,
187,8,-826843970,-110316824,1174628450,omni,
187,10,187852644,1639539512,1180522863,directional,14038977.0
187,11,510836897,-849746847,1296480430,omni,
187,14,-294382684,-1558861827,1337708038,directional,218305895.0
187,17,-1056686342,1395264277,1377624085,directional,197681486.0
187,19,-392730568,-169768988,1340803320,directional,202409948.0
188,1,-240892610,-489603013,1107089909,directional,196907660.0
188,2,-876457387,-329002319,1286592914,directional,123518811.0
188,3,958547041,-188931375,1368629375,directional,63226960.0
188,4,-855810175,-1176295132,1091956447,directional,217303279.0
188,5,541935150,1489621957,1359734326,directional,285075221.0
188,6,645539533,902924894,1233289747,directional,88804282.0
188,7,-1038586698,-625369761,1117603994,directional,130181192.0
188,11,-1215220810,-977603122,1255127817,directional,265907746.0
188,15,1481406514,558655177,1060364077,omni,
188,16,1274230318,413816574,1094729320,directional,302094901.0
188,17,-1052113217,1073740165,1258075235,directional,273379374.0
188,18,660166379,778704423,1162588283,directional,250220882.0
188,19,-1412548639,740682412,1308029304,directional,267713512.0
189,1,1468379987,-601374259,1173090768,omni,
189,2,1072091470,12717781,1330624176,omni,
189,3,1182003063,-1187299189,1194125199,directional,180406822.0
189,5,1583508283,746972464,1277225928,omni,
189,6,-1440886103,202289453,1123805435,directional,45907038.0
189,7,767616399,-1085190256,1084951485,directional,298775247.0
189,8,757869641,-657819596,1228919883,omni,
189,9,752637943,-521863763,1158795609,omni,
189,10,183864523,1586684196,1386486527,omni,
189,11,1526607651,-440673132,1230740528,directional,196667245.0
189,12,109490427,-750592241,1397435477,omni,
189,14,-202430311,-1716999215,1024818935,omni,
189,18,962112263,-1040306519,1395335902,omni,
190,1,-504625963,-1353968508,1107412795,directional,113689716.0
190,4,-745314454,-420974357,1480144874,directional,34109333.0
190,5,204685822,60466345,1082848343,directional,63994432.0
190,6,-869638499,779812509,1257238866,omni,
190,7,-1545929124,-287115227,1095693653,directional,241244428.0
190,9,-838607036,-1133335918,1390717133,omni,
190,10,581024275,1626437655,1266631864,directional,229282859.0
190,11,-1123725335,-38020412,1261896988,directional,204395230.0
190,12,-736736714,1279613003,1189251863,directional,294128331.0
190,13,1661318530,221692847,1386022666,omni,
190,15,13101793,983620562,1311500858,omni,
190,20,-1380922883,729761108,1138712757,directional,310609754.0
191,3,-322647447,987051436,1029461670,directional,244753937.0
191,4,-110798942,-284046483,1290286757,directional,35222041.0
191,6,802333978,731599937,1086717850,directional,285539673.0
191,7,-826231644,608775242,1288830169,directional,29484930.0
191,8,857620296,537991178,1084834473,directional,342214031.0
191,10,-688369800,-1474258708,1134339186,directional,161409477.0
191,14,1582319132,422579922,1289951101,directional,167995033.0
191,15,-606163279,642609485,1055822765,directional,292020300.0
191,16,804493121,1495420560,1250106253,directional,154113947.0
191,19,-348838481,1070253810,1468922295,directional,263220219.0
191,20,579583652,511032017,1359180637,directional,265676863.0
192,2,881181476,-471605419,1102502770,directional,170943373.0
192,4,91567348,-1345620561,1188997947,omni,
192,5,655317252,-1577464954,1164670892,omni,
192,6,-1075048224,251901496,1047261197,omni,
192,7,339729696,-756512458,1312978639,omni,
192,8,661842244,-486841704,1099954918,omni,
192,9,1284742736,291892315,1324861876,omni,
192,11,160453806,-1407792702,1071837310,omni,
192,12,239348071,-1455813988,1347959441,omni,
192,13,-1429944239,-127804345,1048115979,omni,
192,14,-659713758,1395861290,1471933002,omni,
192,16,-1355801549,630431999,1387111353,omni,
192,18,-461885634,-1623393775,1464700653,omni,
192,19,42816108,237877168,1211310029,omni,
192,20,-637536483,465874433,1112367205,omni,
193,2,321624775,-81418405,1230415216,directional,144644976.0
193,4,-991555156,1398501942,1350750637,directional,51411853.0
193,5,850675627,-1337076166,1184293537,directional,177367003.0
193,8,-229191680,950763869,1309093265,directional,353905814.0
193,9,-16405002,26031035,1233740629,directional,230513324.0
193,10,-837460503,-994193217,1072323499,directional,350819208.0
193,11,323080737,-155528980,1409448829,directional,216310834.0
193,12,-605985842,771787093,1433667301,directional,271203564.0
193,13,797949619,464156387,1007586214,directional,79531625.0
193,14,1163993312,-698951960,1104641484,directional,9707402.0
193,15,738938547,407549798,1398173351,directional,228302046.0
193,16,-342568252,-762337178,1388691992,directional,3144982.0
193,17,-725995896,537970633,1208176917,omni,
193,19,734937798,-1460881788,1128229975,directional,167493375.0
193,20,-525227719,1540452701,1132379752,directional,320018928.0
194,1,-133347140,548197176,1294735514,directional,34703194.0
194,2,-947528611,-635377266,1176620585,omni,
194,3,-936193133,781960874,1015769186,omni,
194,5,-1040593473,1313387973,1216253378,directional,233617280.0
194,6,-1222698884,-1207270255,1221592050,directional,70466935.0
194,7,1277110182,602177095,1345692475,omni,
194,9,451563890,1658041500,1353583907,omni,
194,10,-725059142,-64875343,1398614871,omni,
194,14,-1284905582,308907165,1425871870,directional,240027810.0
194,16,-1124608226,1248655869,1351481154,omni,
194,19,47714237,906171554,1494458649,omni,
195,1,-673929215,-867101739,1256647289,omni,
195,2,578131234,-1501594171,1003577965,directional,113752505.0
195,4,-102181592,-393737825,1107560359,directional,16336642.0
195,5,-835127042,155402237,1128375103,directional,68756658.0
195,6,892118853,1134402849,1430851413,directional,35620326.0
195,7,264953081,1550133869,1015552486,omni,
195,8,1060021738,1081430033,1249039736,omni,
195,10,-909862438,-220570415,1271687040,directional,65844535.0
195,11,1237373712,1059090457,1325954566,omni,
195,12,1424512303,284676503,1397198759,directional,299689222.0
195,13,994832939,1423670260,1276272484,omni,
195,15,60817335,1101661392,1252579906,directional,231485819.0
195,16,632477024,702233378,1001220502,directional,320278776.0
195,20,1004250818,-940307232,1315390548,directional,348228785.0
196,1,-653077062,682912436,1191430383,directional,207605939.0
196,3,1373165664,655539828,1462995217,omni,
196,5,1155250489,715213065,1343217638,directional,259920556.0
196,6,-24031470,982096689,1419036802,omni,
196,10,876622237,691992241,1243954097,directional,349003753.0
196,11,-717877900,1013179241,1028314252,directional,241743966.0
196,12,-876373778,-1393168488,1061437689,omni,
196,13,249869866,-726230807,1253063419,directional,214988918.0
196,14,28119826,-588247599,1085165956,omni,
196,15,-821724705,-671995526,1039363054,directional,285143366.0
196,19,-341565166,-319428911,1305959944,directional,286237385.0
196,20,33743806,1032835511,1280000274,directional,42626268.0
197,1,-607761068,-391624510,1459141777,omni,
197,2,-64352345,1388964217,1322464071,omni,
197,5,229024617,-546336123,1365577238,omni,
197,6,-44741954,772347706,1051682042,omni,
197,8,-423483830,-1535090224,1043486564,omni,
197,9,-1501214457,900794737,1127401006,directional,207701624.0
197,10,-701643107,-888750870,1092546488,omni,
197,11,1064986104,358411289,1445010850,omni,
197,12,-521023965,1445159889,1252040416,omni,
197,13,714408705,-1474724026,1094346241,omni,
197,14,8904149,-191482087,1020458555,omni,
197,17,682515101,-1530524923,1469268596,omni,
197,18,938067102,146963524,1337183435,omni,
197,19,1126174019,-849025739,1130511250,omni,
197,20,897041252,128720648,1406151738,omni,
198,1,-1128178442,-817890930,1264815737,omni,
198,2,1574340032,231159318,1255995543,directional,294078247.0
198,3,-720762985,-1107089716,1179474182,omni,
198,4,-643318729,1098763458,1440740709,directional,13781076.0
198,6,-5661025,1655913669,1175131254,omni,
198,9,1377475261,843874272,1097394421,directional,304634961.0
198,12,1640781131,-313377560,1071472417,omni,
198,13,1144260795,-897312883,1410896477,omni,
198,14,-391956748,-567037690,1226376441,omni,
198,15,-746433592,-1213210617,1312388968,omni,
198,16,-1507706569,54718448,1104822287,directional,272081819.0
198,17,182711566,-719657899,1282584652,directional,166186499.0
198,18,1281552531,1121710579,1174037204,directional,205610297.0
198,19,946005792,-1191235189,1205504807,directional,116733753.0
198,20,240947488,1097348825,1204729327,omni,
199,2,239996522,1360175791,1318256551,directional,161359695.0
199,3,-723402116,-321216113,1481179494,directional,109152171.0
199,4,-34384475,1143806420,1276871728,omni,
199,5,1166461517,-392617481,1109139658,omni,
199,8,430816719,1047903065,1171818615,directional,137066849.0
199,9,-510530828,-67747376,1443410810,omni,
199,10,-1127204117,-948292015,1219517146,directional,146243018.0
199,11,622172176,45043314,1319358934,directional,353610838.0
199,12,1328772816,198794927,1201321609,directional,344520326.0
199,13,928468983,1080625915,1205277899,omni,
199,14,-1657787143,-134862843,1151465662,omni,
199,15,-1335887538,-474329463,1010761824,directional,252354353.0
199,16,-771110207,854607397,1261487782,directional,172885505.0
199,17,538093471,-1276782146,1305939844,omni,
199,19,-790479756,481735437,1149893028,omni,
200,1,-1544305538,640067923,1254242818,omni,
200,2,140568869,-1218725235,1475809907,directional,28532340.0
200,4,1324292580,-683189864,1396310300,omni,
200,7,743098295,-913915919,1437840541,omni,
200,9,106274748,590372120,1380992071,omni,
200,14,-1481666682,-211080129,1186266057,directional,202235870.0
200,15,1044646266,-829647464,1316057053,omni,
200,17,-787535569,-138081071,1197402376,omni,
200,18,1498217798,345768572,1414760016,omni,
200,19,-1048421184,-1027354412,1124937837,omni,
201,3,685549428,1455504815,1337542094,directional,70090835.0
201,4,763975811,-785283691,1283020141,directional,145816020.0
201,7,-485406823,-1115462402,1033368604,directional,163764457.0
201,8,1019549574,448101806,1165137118,directional,50797064.0
201,12,-773077766,280611951,1435281765,omni,
201,13,14873360,-543901345,1277424349,directional,354839098.0
201,15,-216463928,1755335164,1404598854,directional,148501279.0
201,17,550634950,597492048,1159802696,directional,320574355.0
201,19,235852966,-1449662076,1060446435,directional,65365926.0
201,20,-1436454675,765095212,1331732264,directional,333957307.0
202,1,-163150338,-1632924220,1438918105,directional,169099553.0
202,4,1318605351,247850109,1289941527,omni,
202,6,171167160,1516320261,1162817351,directional,28261144.0
202,7,1156868665,37481482,1470678963,omni,
202,8,-675074417,-1181433796,1084354455,directional,347510529.0
202,9,-353782603,-920073426,1286111703,omni,
202,11,-1360906599,-977339442,1295992400,omni,
202,13,340649433,-713785212,1317758523,omni,
202,14,641129528,-1086845743,1233282043,directional,154098679.0
202,15,1089284516,-1193566248,1065599608,directional,35472066.0
202,16,467221828,-1397890447,1081925006,omni,
202,17,-885327549,518583892,1047691357,directional,116928712.0
202,19,-427170814,717659887,1349730122,directional,329899868.0
203,2,-1345804934,-118693405,1169723094,directional,315865090.0
203,3,-1721027775,-236668988,1111433350,directional,305490707.0
203,4,-554708062,1063650830,1352881085,directional,165584687.0
203,5,1682548425,-29483308,1320241295,directional,138074073.0
203,7,-421881865,-1405866729,1230877280,directional,133817757.0
203,8,-296192423,645317677,1326383018,directional,306835706.0
203,10,-292065173,-1010587009,1473908753,directional,295274736.0
203,11,-487369155,428041096,1169201953,directional,16146424.0
203,12,-843055770,632309598,1149953521,directional,162490164.0
203,13,243325385,-886852054,1464448413,omni,
203,14,341353420,-658949040,1415343633,directional,37887055.0
203,15,1464606722,539348755,1044653320,directional,207330219.0
203,16,-753286509,112041678,1142097021,directional,101757250.0
203,17,-368601629,1021927056,1236149161,directional,313406582.0
203,18,-205555786,871823705,1318257200,directional,172628607.0
203,20,-128556686,396441221,1032761948,directional,246041653.0
204,1,102659581,-1543270164,1414183916,directional,119742405.0
204,2,-1597732148,-506516530,1437926390,directional,220695746.0
204,3,1233882370,-938243442,1026443748,directional,2719735.0
204,4,-1015138365,1156224326,1115015137,omni,
204,5,931562549,196024335,1207444524,directional,317329414.0
204,6,-1514697269,192564770,1325407140,directional,293701509.0
204,7,423279363,-1573878347,1424387910,directional,56668138.0
204,8,991628752,238747726,1444114820,directional,353849656.0
204,12,-601500403,851136903,1446794431,directional,231727454.0
204,13,-1600834638,-494616497,1222867279,omni,
204,14,-361103350,1015220834,1451151499,omni,
204,15,-170583178,712040237,1322196303,directional,271177180.0
204,16,-1673094882,-417501492,1212781913,directional,344145616.0
204,17,-901007816,-955934149,1458409711,directional,98910943.0
204,19,-1583611274,-700805716,1356269773,directional,134456449.0
204,20,-195454946,-1713681757,1292077296,directional,288806211.0
205,1,-310580981,-1399253826,1211514035,omni,
205,3,533596681,981089980,1188021177,omni,
205,6,-431876995,-10994107,1326824077,directional,327290855.0
205,7,1074475583,495069047,1161144244,directional,220623502.0
205,8,-1136399957,-1009419087,1356077250,directional,55223903.0
205,10,-72427703,366224228,1458086480,omni,
205,11,183238748,-1678818416,1005229292,directional,266812920.0
205,12,937142369,-1007089919,1071048616,omni,
205,13,1179831162,-855836174,1233177623,directional,121491522.0
205,14,139238192,1174007386,1374256560,omni,
205,15,888362823,1173376895,1210809449,omni,
205,17,-1076836588,596657580,1257791935,omni,
205,19,763686871,-801993351,1098770560,omni,
205,20,317174303,-1229510116,1149505512,omni,
206,1,-108332143,1164199312,1174761143,omni,
206,2,243517051,-1728458511,1430334239,omni,
206,3,1458977465,870755400,1219675387,directional,78105922.0
206,4,-1124143793,-959748281,1425292411,omni,
206,5,810679833,854675801,1181255939,omni,
206,7,838883222,145909085,1458636942,directional,301536958.0
206,8,-500689282,-803440494,1197319062,omni,
206,9,1340888044,672188785,1463603008,directional,272832082.0
206,10,-506278047,234868697,1141038898,directional,254180776.0
206,11,1269764019,-969558769,1143427596,omni,
206,15,-381779132,-827744991,1404700284,directional,216023189.0
206,16,1198552133,-922830827,1033861375,directional,65985937.0
206,18,1412794563,133861193,1317828508,omni,
206,19,-1403445494,-172027892,1035751956,directional,34125736.0
207,1,-1399150501,544042194,1098142765,directional,161484440.0
207,2,-806784569,1030665833,1275268726,directional,250029972.0
207,4,-464029882,1633358485,1357009159,directional,196591069.0
207,5,-659653293,1548919152,1370898739,directional,286865384.0
207,8,310160342,-147651839,1093486828,directional,170561687.0
207,9,-321757465,-398361906,1358930946,directional,338981098.0
207,12,334159335,-1088564334,1459906075,omni,
207,14,-1338581087,534156531,1261074620,directional,65967275.0
207,15,676960818,204733809,1085062987,omni,
207,16,-954977621,1009654354,1086901600,omni,
207,17,386561738,-1229527427,1366595397,omni,
207,18,1112556535,-1288801318,1333946322,directional,270099739.0
207,19,129084526,-719476117,1478437864,directional,93326167.0
207,20,-859127313,-1487442532,1092573549,omni,
208,1,928969325,1396821827,1428758857,omni,
208,2,556191060,986311562,1479732737,omni,
208,4,-635724070,1302140421,1059448015,omni,
208,5,-581101470,-332755332,1375457031,omni,
208,6,1239270165,-337682771,1014284860,omni,
208,9,-316884697,-10760156,1381356885,omni,
208,10,-495874549,-596509762,1209523973,directional,114146068.0
208,14,-177987195,1530140552,1245514105,directional,252831448.0
208,18,1333546810,-663608571,1235382780,omni,
208,20,1329451373,-738820358,1228543134,omni,
209,1,-184735250,-898058382,1273787534,directional,220334485.0
209,2,1042504486,389725322,1318407525,omni,
209,4,41012457,-1720945923,1139729555,omni,
209,6,1147564089,-195213734,1464128005,directional,167587295.0
209,7,1531491757,-744375412,1265598904,omni,
209,8,235091370,977295919,1175628090,omni,
209,9,-780478502,429877552,1475470418,omni,
209,10,639443168,-948997266,1226727364,omni,
209,11,1255058871,137597949,1380458191,omni,
209,12,-1310911383,-715277342,1045727586,omni,
209,13,30543884,951727186,1119639694,omni,
209,14,371549003,-1335111229,1244506203,omni,
209,16,634673833,1066031578,1137083333,directional,245490433.0
209,18,1499961598,-535181568,1147127369,omni,
209,19,839911884,1072098977,1232342751,omni,
209,20,-2083283,787443399,1307981825,omni,
210,2,505516498,1001858238,1089642905,directional,310615258.0
210,4,657914826,-1239155636,1277864378,omni,
210,5,1346142195,-1096772433,1433364494,directional,27235886.0
210,6,786518203,1059301413,1226860452,directional,108724419.0
210,7,492225569,-1378288114,1102606495,omni,
210,8,970603923,-539110704,1092864902,directional,113199325.0
210,10,-990621509,-24483513,1369022501,directional,22591903.0
210,11,-1373793349,46172720,1411792776,omni,
210,13,-805924334,-1192529240,1344390427,directional,131409820.0
210,15,-166932486,296819959,1194087958,directional,276062146.0
210,18,1679421723,46139379,1133869469,directional,30201573.0
211,1,384237161,88764303,1250912434,directional,62066348.0
211,2,-678030650,-1552530076,1495027245,directional,65809938.0
211,3,317505909,-611406873,1162750633,omni,
211,4,408688645,318257103,1088234920,omni,
211,6,962612439,1025377275,1189200153,directional,6416908.0
211,7,-140938260,-1464455996,1076607787,directional,91334871.0
211,8,1172142987,1241542401,1059306008,directional,128267952.0
211,9,521151397,961741906,1411785195,omni,
211,10,-1225612323,148940635,1055577970,omni,
211,11,10521896,1659367069,1315323603,directional,293824479.0
211,12,-1020132505,545504444,1209623799,directional,284242378.0
211,13,1022116072,-1023339730,1144257512,omni,
211,14,532188370,-701592031,1152237475,omni,
211,16,-10764753,-1668863034,1088000394,directional,351858439.0
211,17,175808663,-475133440,1310075601,omni,
211,20,303989939,-1072328907,1221353926,omni,
212,1,-553564415,1219643723,1074830865,directional,202549094.0
212,2,-298417918,-1502163089,1071252054,directional,70389010.0
212,3,1038588954,1335926842,1265294353,omni,
212,5,206600603,776020583,1126840967,directional,17997856.0
212,8,43538436,-1668635180,1166053697,omni,
212,9,-851727840,1009798509,1160468614,directional,324029455.0
212,10,374640426,705632990,1208340692,omni,
212,11,256621185,-164537867,1434297842,directional,229882488.0
212,12,1230457159,917168427,1388159357,directional,248341122.0
212,13,-360645019,-828517238,1423317709,omni,
212,15,-1251403191,-684504756,1348221713,omni,
212,16,-357287302,-742543965,1210755302,directional,75941833.0
212,18,-934742687,992634028,1162692577,omni,
212,19,-928463106,-1104627437,1313508240,omni,
212,20,1202089627,-552533266,1086176341,directional,340144593.0
213,1,384884875,-131823563,1406595300,directional,277045704.0
213,2,-1208498624,1127728184,1175835766,directional,298469108.0
213,5,-1340878873,187908072,1495479352,directional,225563556.0
213,6,-883206207,-1257494912,1065314221,omni,
213,7,327090146,-784693498,1020395497,omni,
213,9,-1301074524,-100259765,1414070643,omni,
213,10,1565546890,46471019,1104282895,omni,
213,11,66739461,-310159784,1234669013,omni,
213,13,-510174390,-320205249,1443541468,directional,332004073.0
213,14,950648374,-1042501621,1381369409,omni,
213,15,1149234917,-1014078925,1280468240,directional,359918543.0
213,16,-736438026,314505165,1299813259,omni,
213,19,681466105,-1259851279,1405228724,omni,
214,1,-159164833,-486450774,1320622500,directional,298775783.0
214,2,1562437258,-428147960,1268964266,directional,53398860.0
214,3,1164066815,-1221844327,1185355892,directional,334956878.0
214,4,338309447,-1562798844,1440741504,omni,
214,5,1697390405,-342917063,1103367376,omni,
214,6,-712585133,550155627,1475168680,directional,139269942.0
214,7,1107142227,-297484349,1178528644,omni,
214,8,-805324776,-940207478,1316038478,omni,
214,10,543413186,-432418498,1313423199,directional,25969712.0
214,11,1303597168,28499016,1406501905,omni,
214,14,1411149772,-256657261,1320792543,omni,
214,15,1381560712,-245244846,1296972538,omni,
214,17,525634115,-840531311,1167260341,directional,314521425.0
214,18,705075774,452835756,1117645060,directional,27133807.0
214,19,-36106626,-1273494153,1230686546,omni,
214,20,976182433,-1102476792,1201115552,omni,
215,1,-278987286,-1443655466,1430797541,directional,83090042.0
215,2,-1743240501,55481809,1249673851,directional,134615233.0
215,3,-216431224,-1509557360,1405485210,directional,202372964.0
215,4,821502963,1463666438,1266715045,directional,334744365.0
215,5,713594426,654292563,1016663251,directional,196255698.0
215,7,-845014465,-408715194,1153801237,directional,127255815.0
215,8,575304518,1589641143,1160229771,directional,293657806.0
215,9,1093571540,381262471,1344393341,directional,141702550.0
215,10,-669781951,-226275323,1385125434,directional,199463278.0
215,11,580829376,758047692,1359571976,omni,
215,12,518492777,1576295533,1011391136,directional,31809077.0
215,13,-634094652,411490178,1346569855,directional,264004955.0
215,16,-1410599086,-7734284,1304469097,omni,
215,17,-1039463638,1024588510,1249014011,directional,333433420.0
215,18,168723592,-956040600,1014150632,directional,352678875.0
215,19,408413486,1538928486,1096598033,directional,318530763.0
216,1,-72646192,-661743350,1080309244,directional,305921304.0
216,2,-804080198,-1385395734,1085997021,directional,128689108.0
216,3,969835515,-245082057,1345556815,directional,140578078.0
216,8,343012228,-1370412697,1385274452,omni,
216,9,-1270374239,-322886277,1314259288,omni,
216,10,1189683385,-1242377041,1161306013,directional,228831923.0
216,14,1538151350,-742804778,1374262318,directional,181264699.0
216,15,209833191,1571369269,1240084399,directional,134060942.0
216,16,-1241737701,-241193387,1466977762,omni,
216,18,263769286,7571352,1461779175,omni,
216,20,-1002623605,-1208273042,1336006005,directional,244085119.0
217,2,-1743446337,125552450,1283522554,directional,358383719.0
217,3,716380223,876161961,1402374020,omni,
217,5,-1340288431,-769409348,1028324798,omni,
217,7,863647408,-39090135,1350401600,omni,
217,9,-1327949112,755981525,1082536225,omni,
217,10,-212518739,-835641847,1475022506,omni,
217,11,387662979,-1388564263,1093995402,omni,
217,12,1171012282,-2092632,1307473080,omni,
217,15,-1107437690,-720482944,1162124792,omni,
217,17,-81172363,857242882,1007816033,omni,
218,1,-206952740,-1654246297,1295047287,omni,
218,2,24995177,-675842796,1401233104,omni,
218,3,-591352620,-611081686,1434218683,omni,
218,4,-485746843,-1228392784,1355989408,directional,67032699.0
218,6,166894801,-1375926914,1067843741,directional,339729448.0
218,7,-1663403041,60157882,1044836204,directional,257621817.0
218,8,-85870666,1695299525,1100232571,directional,213027835.0
218,9,-85448449,-1583244784,1296946351,directional,6388363.0
218,11,-244222754,1228625790,1442702628,directional,335352496.0
218,12,1504592183,-738992920,1478393507,omni,
218,14,257960265,-1652288516,1281755086,omni,
218,15,490374689,-654129895,1136499691,omni,
218,16,-406624115,1562392599,1255509518,omni,
218,17,-795572709,497532472,1143367951,directional,40700624.0
218,19,422865269,23052896,1043711968,directional,289929120.0
218,20,391130502,1470447240,1271974724,directional,163359452.0
219,2,1028493823,252214388,1308447722,omni,
219,4,-355862744,-1089394950,1356218191,omni,
219,5,-1063431650,-11819841,1014769090,omni,
219,6,-136484238,-1605313849,1291461144,omni,
219,7,-1464533353,-296393152,1164251447,omni,
219,9,-774398577,1544292112,1363043972,directional,102051399.0
219,11,1218213547,890595789,1361608771,omni,
219,15,1123414089,294302226,1015975136,omni,
219,16,-1087382721,-715523563,1454352445,directional,95802770.0
219,17,319473940,-1641169783,1185685320,omni,
220,1,649176294,997392989,1019581970,directional,214545432.0
220,3,-1354714067,-1139121065,1245047961,directional,254030304.0
220,5,1170091357,792209115,1231123377,omni,
220,6,-896774119,-808302983,1312803163,directional,46638960.0
220,7,634706544,-1403461908,1465900177,directional,337071644.0
220,9,1195455704,-659600221,1297537973,directional,352822336.0
220,10,-1329524004,244854846,1270605544,omni,
220,11,692121002,123993537,1423901821,directional,198857081.0
220,12,-845803429,-836411931,1490483474,omni,
220,13,453714201,963113132,1474660174,omni,
220,14,1747938535,152023037,1295398342,directional,38646478.0
220,15,567608546,265409301,1018331705,directional,313491717.0
220,16,-1527522082,-721544127,1293241101,omni,
220,18,220106901,902643746,1334130188,directional,319464613.0
220,20,1132729796,-988009497,1321173158,omni,
221,1,-858055696,739050458,1378516375,omni,
221,2,-1023248264,425534970,1039561559,omni,
221,3,-912937992,396770703,1084780827,directional,344968557.0
221,4,931125932,1482683736,1230482170,directional,152357956.0
221,5,-947891457,-379844487,1449655705,omni,
221,6,824585,-894895194,1203236054,omni,
221,7,1101104301,-995403467,1064511629,omni,
221,9,795082223,1201574101,1089069814,omni,
221,10,22163304,244233625,1311618405,omni,
221,11,1571618276,-766891355,1445299153,omni,
221,13,150501470,-185963234,1200857241,omni,
221,14,397322583,-138638316,1058315751,omni,
221,15,-1482371496,-17844980,1005628943,omni,
221,16,1039719685,-1113257283,1040586999,omni,
221,17,-1012488709,402329847,1279830840,omni,
221,19,620265498,-1420706596,1254039700,omni,
222,1,-413453028,-1260544681,1461946428,omni,
222,2,-1613312682,576314031,1204678081,omni,
222,4,193028767,-1533240730,1410332229,omni,
222,5,1239371529,-631694822,1262463904,omni,
222,6,2416780,-1462955212,1287609869,directional,30089986.0
222,8,-1259936997,-1125465858,1384303020,omni,
222,11,1200063747,534127637,1292974093,omni,
222,12,970295082,-1163453217,1378908325,omni,
222,13,231598731,1434072498,1390372849,omni,
222,14,306010863,-974125459,1417866815,omni,
222,17,-318779404,24606658,1367885830,omni,
222,19,-889789103,-646367307,1096575116,directional,224731200.0
222,20,-967054645,-747564693,1218547795,omni,
223,2,-806788600,-1333722450,1275141953,omni,
223,4,601560900,669940363,1333363212,directional,37839261.0
223,6,1272949579,-216860928,1444507299,directional,227683332.0
223,8,1387680000,-58546411,1030830570,directional,209061033.0
223,10,1156441510,-666915767,1125480757,directional,297950134.0
223,11,967260911,307318903,1048842168,directional,359869985.0
223,12,1439128876,-703475236,1239679710,directional,64146432.0
223,13,-1128566723,394623529,1009296919,directional,203413431.0
223,14,-216580915,448160010,1455376559,directional,241001242.0
223,15,-1141776593,1274186267,1361257584,directional,330936319.0
223,16,-193021855,-1005758932,1305185789,directional,187945868.0
223,17,-60329418,377577237,1468701881,directional,257821657.0
223,18,-1750179851,252237067,1376857034,directional,327711425.0
223,20,287084599,634749441,1188235779,directional,304218835.0
224,1,-80364564,-1162135761,1493563951,directional,61065517.0
224,3,929277389,123227959,1296572341,directional,86510957.0
224,4,-383491766,1175626436,1053013701,directional,306960724.0
224,5,1434863475,-54747274,1108903836,directional,198103371.0
224,11,-694344109,1388131958,1427412012,directional,285760086.0
224,12,264900379,810886109,1003392308,directional,27589843.0
224,13,-70424153,-435610962,1335461814,directional,243138885.0
224,14,347263146,-1647436124,1294297348,directional,298724920.0
224,16,1256351129,-182636270,1363003564,directional,99461393.0
224,17,-974562066,1236415809,1036134718,omni,
225,1,-15859479,1153862218,1027001297,directional,31751260.0
225,2,-839510709,904033684,1322397661,omni,
225,3,-78780883,1271413593,1048174672,omni,
225,4,1064024122,-86472029,1265333591,omni,
225,5,722650185,-494083709,1471978978,omni,
225,6,912719733,1082775219,1329495874,directional,276379239.0
225,8,-1526463983,-579319404,1153014743,omni,
225,9,239615065,-747697224,1098572355,directional,7495545.0
225,10,-1503894793,43809492,1496215708,omni,
225,12,684969753,-1416141504,1499218993,directional,235925834.0
225,14,-959363438,-823257131,1418802134,omni,
225,15,-1242850227,-1097764457,1228575848,omni,
225,17,465619787,885708116,1250299119,directional,239080090.0
225,19,-785402716,1487789515,1351170353,directional,348388254.0
225,20,-856244493,-806737401,1314780948,directional,310563998.0
226,1,487903200,1485599135,1380510684,directional,192319720.0
226,3,8941878,-1148909900,1145870753,directional,276212335.0
226,4,-1595584108,-753564128,1089293429,directional,202324820.0
226,7,1031501122,853334966,1237308869,omni,
226,8,1642674536,-251893583,1211047107,directional,55485229.0
226,12,978955159,-334040084,1098677655,directional,104177869.0
226,13,-726559412,116047283,1486462005,directional,109958412.0
226,16,1022925972,528872405,1327107247,directional,181199723.0
226,17,-663775479,1150807778,1430836743,directional,29877231.0
226,18,-589339513,56792590,1447110744,omni,
226,19,-139766796,801632307,1027956051,directional,103580680.0
227,1,671854653,1418701424,1044078412,omni,
227,2,1481190630,-779951308,1124338622,omni,
227,3,-409701914,-1262800327,1083634239,omni,
227,4,876463887,-1063251080,1209894059,omni,
227,5,-632308017,-431906141,1082281321,omni,
227,6,362792889,445138913,1252045195,omni,
227,7,876712177,-572518859,1242825086,omni,
227,8,-369960861,270064418,1009264755,omni,
227,10,294306593,-17070945,1102458845,omni,
227,11,517931827,-1045358967,1494148303,omni,
227,12,-103957880,-326407202,1336019471,omni,
227,17,-1228432960,-1232961362,1340963909,directional,117219017.0
227,18,-349321489,1576947671,1340933304,omni,
227,19,489167011,634823283,1096822538,omni,
227,20,-550830977,-912064988,1054047334,omni,
228,1,-549645727,128770264,1349767995,omni,
228,2,-315605512,1709068086,1303791192,omni,
228,3,441202524,-1219332413,1333249919,omni,
228,4,160844736,-769678584,1474902090,omni,
228,5,199082817,-1453734133,1219998974,omni,
228,7,-1358217183,1119006481,1154162219,directional,345844919.0
228,8,-689844091,83548365,1214243560,omni,
228,9,84506693,1187627353,1026611122,directional,76509757.0
228,10,-359851231,-1048974866,1172376292,omni,
228,11,1227016820,328117266,1122879319,omni,
228,12,-572694924,1667438263,1329488368,omni,
228,15,790314203,322953513,1137216462,directional,337859789.0
228,17,481349544,1374881290,1019054311,directional,200686912.0
228,18,-52442771,498879992,1067804933,directional,50659518.0
228,19,789979697,-1217112681,1494921361,omni,
228,20,-1634514423,-190045342,1010271505,omni,
229,1,-608329760,491793071,1428000770,omni,
229,2,609786769,-384714900,1416222847,directional,153106486.0
229,3,444280671,-538292034,1229007890,directional,316832814.0
229,4,-985444839,307776088,1267089107,directional,255619389.0
229,5,913074451,1120180294,1092909633,directional,111559478.0
229,6,-900830297,-600656977,1362496117,directional,97802589.0
229,7,-632821725,-566870658,1093386449,directional,125961910.0
229,9,121862753,-541161112,1045875334,directional,40169548.0
229,10,-553265739,665222816,1214769037,directional,332024420.0
229,13,-1097949372,1297861310,1078467653,omni,
229,14,624504928,-1363456665,1305629494,directional,163188588.0
229,16,388169633,-195931232,1410720215,directional,337656303.0
229,17,726480870,1241669801,1485195263,omni,
229,18,339337423,411873032,1331474745,directional,46127003.0
229,19,-1043693101,-219204150,1331800629,directional,111874543.0
229,20,1335353951,-161206477,1232877259,omni,
230,2,-485288878,396347231,1029705852,omni,
230,6,-755370491,786933779,1055140943,directional,21461820.0
230,7,-641146191,-262692013,1269408347,omni,
230,8,601048217,30356027,1244331057,omni,
230,9,898703804,-870718141,1249399117,omni,
230,12,929705636,-973147862,1251602492,omni,
230,13,-380128118,-544318934,1332838696,omni,
230,15,-1303277707,392458697,1357833427,omni,
230,17,549946813,1020927690,1447930848,omni,
230,18,-1255847139,259779233,1390844818,omni,
231,3,-419034419,-1675137031,1292955899,omni,
231,4,-961595777,-1225539627,1021404757,omni,
231,6,239695255,-223618926,1236445171,directional,261352225.0
231,7,1630929776,-13343654,1345978343,omni,
231,8,-1098582877,-308988739,1410696305,directional,237317672.0
231,11,-1028039659,304426420,1146036252,omni,
231,12,891566160,375338628,1161887639,omni,
231,15,-929799622,796658751,1418713752,directional,8824269.0
231,16,931905549,1238547733,1294339548,directional,128355707.0
231,20,885227018,-1059698458,1483840571,omni,
232,3,-314439998,321247938,1245937271,directional,98725318.0
232,4,53033784,-81142988,1122201942,omni,
232,5,1063939082,948870626,1047064569,directional,29613040.0
232,7,600700734,92477082,1263413389,directional,64400529.0
232,10,-410291392,-1328478144,1315967374,directional,152506622.0
232,13,-1095742160,847430146,1380095767,directional,141294326.0
232,14,-1357971968,1093417358,1490011948,directional,4207507.0
232,15,679063010,-162686795,1225539723,directional,275617261.0
232,17,589725564,931530591,1396797256,directional,274916947.0
232,19,97296991,-354412499,1088774810,directional,35290658.0
233,3,592635707,291679778,1394319416,directional,259442526.0
233,4,208166617,15431351,1455915584,omni,
233,7,531873622,467167082,1247154090,directional,127716162.0
233,10,552245620,138468684,1112724970,omni,
233,11,-481905742,-689272313,1354764924,directional,49595943.0
233,15,-1116828947,1278410081,1309601466,directional,138371083.0
233,16,294222760,-1252808338,1355931353,directional,42018863.0
233,17,1708856186,403916712,1288505506,directional,180195117.0
233,18,-259258105,1537901523,1422020520,directional,202324327.0
233,19,-1261394147,321304456,1048228010,directional,244270946.0
234,1,845039824,1438357544,1360988390,omni,
234,2,-1461411184,-300182120,1332949091,omni,
234,3,336765621,-1508927669,1210313265,omni,
234,4,625287025,-47272524,1262420178,omni,
234,6,-1093672648,1176977839,1130793336,directional,297781595.0
234,7,1642666134,-151911721,1021552181,omni,
234,8,-587421753,-723216643,1105718802,omni,
234,9,1188420674,-225804711,1419724751,omni,
234,10,-440219891,1492591437,1367280537,omni,
234,12,1041701363,-630280750,1061722257,omni,
234,13,1281259187,-1025977869,1080749069,omni,
234,14,288893159,-560971950,1145480952,directional,241467400.0
234,15,-485443544,-1389818598,1364274116,omni,
234,17,584803432,1574907364,1334864502,omni,
234,18,-338194670,-773693835,1299639479,directional,124523340.0
234,19,-181508693,108413259,1396706941,directional,332666094.0
235,4,-108482473,1478813257,1393707464,omni,
235,5,172033343,1740545495,1054411842,omni,
235,6,-620492070,1284227384,1366008868,omni,
235,7,-678998689,-649297623,1311940155,omni,
235,8,1260467591,-627169286,1341491082,omni,
235,9,-731624015,179596790,1232939447,omni,
235,12,-1192309817,1211941413,1005081315,omni,
235,14,-765505910,59983044,1465879591,directional,277175102.0
235,15,1156107733,-917103771,1175386383,omni,
235,17,-1183412009,-444618512,1077261371,omni,
235,18,-1364611828,-152409565,1414822273,omni,
235,20,505788564,-636066846,1059183878,omni,
236,1,95378067,1586588334,1392188574,directional,126362852.0
236,2,1284645700,-989531746,1038795993,directional,84817226.0
236,3,267827485,1279036362,1046899946,directional,73086415.0
236,4,-117430836,-1212573924,1319453897,directional,235777909.0
236,6,-1057954115,569455956,1311910149,directional,121252801.0
236,7,113905250,-130221090,1289044227,directional,140673930.0
236,10,181724483,111375374,1109945384,directional,354107604.0
236,11,141981644,-420341362,1173877689,directional,27382892.0
236,13,1046389782,-1370915649,1156731006,directional,114222091.0
236,14,-31920231,993724001,1352506867,omni,
236,16,133683881,-1695891425,1136547933,directional,321813590.0
236,18,-202573332,-1175227612,1154835397,directional,59047201.0
236,19,439242792,835204691,1073117242,omni,
237,2,-432067050,563154460,1491619523,directional,30248247.0
237,4,-827702416,-260151833,1201172731,omni,
237,6,-1414669088,-903175084,1070031913,omni,
237,7,-924912657,-1437672209,1213973795,omni,
237,8,-800140997,-837108040,1106680935,directional,257883014.0
237,9,714811541,1589259812,1375456380,omni,
237,10,-284722924,-1661289132,1018621881,directional,77339783.0
237,11,613164515,-637638809,1111830069,directional,83164954.0
237,12,246631926,602406137,1333448318,directional,260034328.0
237,13,-967972298,1298624487,1409162605,omni,
237,15,-414406334,502820563,1077546238,omni,
237,16,-281335027,1716710708,1291509321,omni,
237,19,191620871,-1553368730,1028995199,omni,
237,20,-1284296616,959117742,1061974983,omni,
238,3,256487678,-496744825,1315840573,directional,297805422.0
238,4,173828528,-1418019665,1020468997,omni,
238,7,862670072,1263848181,1297625486,directional,322614249.0
238,8,716687399,1341099262,1331365844,omni,
238,13,-603004457,-1623359779,1495305874,omni,
238,14,-937841639,-1487973403,1379009221,omni,
238,16,1128250406,-733599800,1327284558,omni,
238,17,-953931224,-1026777554,1320574299,omni,
238,18,303338261,1537128490,1473925042,omni,
238,20,498148559,1091633430,1423249886,omni,
239,1,811792896,55051769,1162538594,omni,
239,2,682906442,-1349085319,1173553118,omni,
239,3,1057582155,829903323,1418307164,directional,157914448.0
239,6,1195945385,-513001537,1382348131,omni,
239,7,1239082445,-1169676742,1177433554,omni,
239,8,93514172,181766734,1060105666,directional,277415080.0
239,9,-1538785933,283113970,1228039281,omni,
239,10,-1050655935,-1254358254,1355996954,omni,
239,12,-238567286,1247081817,1351801589,omni,
239,13,-338833224,-675299191,1132518595,omni,
239,16,-969977348,-1382166799,1267690588,omni,
239,18,561219423,-660721954,1283985391,omni,
239,19,-961492547,1171473178,1249608090,directional,308508918.0
240,1,-372978368,1393803332,1134980127,directional,82806906.0
240,4,1600545326,-274481728,1072806267,directional,167521306.0
240,5,1498672491,606598334,1380322376,omni,
240,8,1075569366,-1138102359,1046711245,omni,
240,10,1124702651,-477424325,1217260637,directional,84728537.0
240,12,772909513,-638732337,1146181183,directional,239504666.0
240,14,-206265917,-1641549003,1318174568,omni,
240,16,756992954,1339293772,1313896093,omni,
240,18,-141266619,136619221,1114078647,omni,
240,20,436587693,1650372098,1389967027,omni,
241,1,1312094041,101573895,1457277442,omni,
241,3,816330322,-1486491501,1362255216,directional,356042105.0
241,4,-759484952,-70576089,1122907367,directional,318198029.0
241,5,526827713,424660688,1193387920,omni,
241,7,-860033349,-338248733,1289778173,directional,140411365.0
241,9,-885818215,70614528,1269185054,omni,
241,10,761963692,587945473,1393799571,omni,
241,11,-278473273,-506522503,1249908211,directional,123693763.0
241,12,21652238,-1386712681,1381592582,omni,
241,13,-663379080,687498688,1006658526,omni,
241,15,162968144,-1380008016,1064005234,omni,
241,16,-1678317970,41404167,1318920891,directional,93282016.0
241,17,-66036349,727641822,1280300955,omni,
241,18,-707308294,141081779,1365915563,omni,
241,19,602290846,44353925,1354440773,omni,
241,20,187578716,-887211886,1365628416,directional,187664254.0
242,1,1551650463,420578342,1351141677,directional,339984581.0
242,3,-135412202,-979664018,1334994981,directional,269916012.0
242,4,-302980949,-1621674036,1394568372,omni,
242,6,-517456870,-716571985,1417358624,directional,315590802.0
242,9,-168669718,-1504634941,1491759774,directional,92336980.0
242,11,-210895277,-411496216,1467817220,omni,
242,12,946224623,-425629835,1110880839,omni,
242,13,-261879744,-1392375722,1185548716,omni,
242,14,-34355724,-488137057,1264377605,omni,
242,15,-1136958540,1112053520,1445401539,directional,275043770.0
242,17,1250852440,563868191,1160485361,directional,166270842.0
242,18,391471948,1517827027,1116173242,omni,
242,19,882510602,-450855868,1209922898,directional,287888592.0
242,20,438722582,333545801,1107056880,omni,
243,1,-1030691911,-106144388,1141803595,omni,
243,2,-123555284,1405376563,1497684818,directional,96562129.0
243,3,523454776,1471599517,1244618553,directional,224027624.0
243,4,324259466,-357658026,1307596858,omni,
243,5,1146344027,-512588451,1341454131,directional,136451906.0
243,7,1166679018,230083492,1299269397,omni,
243,8,-1717429066,-273526343,1432281344,directional,349385604.0
243,9,32443970,1620453638,1000923836,directional,289088552.0
243,11,-274708154,-1659604991,1273557796,omni,
243,13,1000621783,1036879616,1423326986,directional,61681780.0
243,16,-302061776,-194825117,1154429535,omni,
243,17,-203024725,-1326547436,1406425651,omni,
243,18,-756405534,1015249508,1351137329,directional,343933331.0
243,19,-565152231,616771719,1312421653,omni,
243,20,-1096480052,483834869,1157535852,omni,
244,2,771871701,583074654,1402647993,omni,
244,3,-816239478,-177192187,1291010665,omni,
244,5,966133966,-1093997658,1447061356,directional,112386320.0
244,8,496161879,-1216108821,1493098747,omni,
244,9,154749749,-1559545375,1354601341,directional,17650566.0
244,10,697341617,-1303383345,1154560695,directional,273793125.0
244,11,1026685326,-901729349,1156227999,omni,
244,12,-1448284358,-240971710,1348794376,directional,359284211.0
244,14,945646611,292629177,1454959939,directional,310348370.0
244,16,303546311,-58110461,1450101355,omni,
244,17,464764219,176124930,1014083846,omni,
244,19,-963096722,1147615106,1061131810,omni,
245,2,96474266,783478933,1427224367,omni,
245,7,-303833919,-435540866,1169467447,directional,9604526.0
245,8,32834137,-568101613,1416967805,directional,235274882.0
245,9,1303431693,797564974,1042779874,omni,
245,11,811988536,-812415198,1191243916,omni,
245,12,746173888,-879970626,1417493524,omni,
245,13,931747833,621862257,1183299884,directional,64888493.0
245,14,-38371999,-885987601,1244545551,directional,9888039.0
245,16,-726135253,-55023259,1076142943,directional,228640770.0
245,17,1004374963,-142612140,1297661174,directional,214800223.0
245,18,-1230647873,379262130,1012702158,directional,352200010.0
245,19,-1630602795,-161528639,1408058201,directional,239741047.0
246,2,223762597,1539563398,1019094624,omni,
246,4,-622218386,-1194886025,1078328197,omni,
246,5,-638571855,353241777,1290476589,omni,
246,6,107325609,1094539292,1199115907,omni,
246,7,709559511,-487022395,1164134003,omni,
246,8,-469509525,-1388686386,1464398138,omni,
246,9,788298983,-261819675,1055402156,directional,347330179.0
246,15,-65829681,141405615,1254976273,omni,
246,17,581822853,1491280805,1417935989,directional,194541155.0
246,18,991638529,-319549363,1455388732,directional,326042928.0
246,19,-482863677,1491507388,1402112151,directional,67894246.0
247,1,-1749175043,99165327,1428409871,omni,
247,2,519790093,135417148,1084895948,omni,
247,3,1517350887,546516217,1118124822,directional,147746531.0
247,4,617269428,-747963083,1282745133,directional,304507697.0
247,5,1154972930,-344793482,1215508701,directional,10325346.0
247,6,1116271187,264311630,1031245189,omni,
247,7,-226514411,-810141296,1338201650,omni,
247,8,-122752627,-1620763837,1378023029,omni,
247,9,18333032,27829317,1247770839,omni,
247,11,1675618701,115650511,1308165124,omni,
247,15,248942900,-1356212890,1048952931,omni,
247,17,186680403,-1331352554,1047477986,directional,265787477.0
247,18,314998112,1645397186,1026330583,directional,216901463.0
247,19,-974884729,-282430970,1424259659,omni,
247,20,-1573575813,378991393,1475469555,directional,210491470.0
248,1,-228320616,1539872697,1037038272,directional,180564670.0
248,3,1054213512,784820678,1126562393,omni,
248,6,202278764,138400213,1382058273,omni,
248,7,821819147,923366994,1183581557,omni,
248,8,-258009560,1584475694,1230192077,omni,
248,10,-472565509,-900332396,1276072753,directional,318539644.0
248,12,876192804,945490323,1358556698,omni,
248,13,374841664,-932032927,1346182494,omni,
248,14,-457154912,-1348073138,1038520459,omni,
248,16,-767287604,996026607,1040484035,omni,
248,18,308923647,176912498,1170516134,omni,
248,19,1496098377,-849354905,1364943713,omni,
248,20,1127282227,-26096027,1423176046,omni,
249,1,-117471609,617551834,1290131869,directional,33806294.0
249,2,-352723845,-503677478,1199276750,directional,104720759.0
249,4,-1184753240,-791877504,1367599021,directional,330855659.0
249,5,-73413949,-554973591,1038356230,directional,34645597.0
249,6,1017880791,93899900,1468390178,directional,264835966.0
249,10,-920308206,-1457717644,1077164211,directional,251004172.0
249,11,244214519,-1083963039,1059856174,directional,45668998.0
249,13,-201956160,520381870,1100648796,directional,194802470.0
249,15,608759441,-1341780395,1228281638,omni,
249,16,647378235,573476788,1362313835,directional,292876846.0
249,18,673080789,1292567764,1009242812,omni,
249,20,1621265288,196232991,1069642626,directional,208073655.0
250,1,-999413649,-1219680976,1445005200,omni,
250,2,-687903703,603147794,1244083395,omni,
250,3,1581123244,-226832316,1404573585,directional,103684610.0
250,4,-687628227,952822767,1237450913,omni,
250,8,1056518277,387143381,1238866723,directional,99988089.0
250,9,-441872511,-1461633434,1138027132,directional,123507200.0
250,11,-935127802,-1110148544,1144897726,omni,
250,14,608808428,-1412959599,1072112904,directional,15513641.0
250,16,920341072,-528027432,1146390466,directional,35602296.0
250,17,-1581376664,-582011412,1055720611,directional,227061388.0
250,19,1148599853,-216862057,1384541572,directional,7502450.0
250,20,-594515164,-152705083,1440229540,omni,
251,2,-112564157,711665944,1436981595,directional,226902929.0
251,3,1467343591,87503979,1051221237,directional,191601783.0
251,7,1224103435,450711903,1099844768,omni,
251,8,1345575630,179441916,1045770938,omni,
251,11,1339936260,881615854,1255702231,directional,289433616.0
251,13,134035841,246359927,1212137959,directional,39163972.0
251,14,-983444773,-866360532,1217928031,omni,
251,18,-450798356,1572245260,1394462139,omni,
251,19,1048996919,-1185977686,1124377698,omni,
251,20,1380093448,443626918,1412208046,directional,302923318.0
252,2,-946890734,-1411278584,1053891277,directional,12734897.0
252,3,-385992925,-1357761592,1021691715,directional,230934129.0
252,10,-103141637,499786487,1192172201,directional,231989621.0
252,11,-775466024,-1215640837,1481708909,omni,
252,13,-566260919,1307937641,1148570704,directional,87613328.0
252,16,1190926739,-466938418,1029061527,directional,263214189.0
252,17,-1231592635,736008558,1368339124,directional,269881013.0
252,18,528147872,-1256115879,1035696211,directional,81527435.0
252,19,-354305290,-957947928,1356697814,directional,208635311.0
252,20,-586325017,104455093,1420921380,directional,26183964.0
253,2,1259631616,-854673986,1209579275,omni,
253,3,-248785120,600570209,1499392103,omni,
253,4,1063158157,884799048,1213347114,omni,
253,5,1604951405,-392947971,1151681133,omni,
253,6,1258077656,33259377,1458519920,directional,302540454.0
253,7,-800032719,221993245,1011438659,omni,
253,8,364283159,188109045,1424088092,directional,117822016.0
253,9,-129315375,1551164743,1052138390,omni,
253,10,1169353446,-633152857,1193428122,omni,
253,11,-219349147,-414573420,1206769524,omni,
253,12,-1564166125,-399774069,1460412433,omni,
253,13,405540321,-65302603,1378671466,omni,
253,15,570993756,508926254,1133857045,omni,
253,17,-500885105,-101075551,1045155908,omni,
253,18,-1295426731,-180897163,1256963230,omni,
253,19,-652992442,-450364658,1246067061,omni,
254,1,-1119241007,292086363,1128487247,directional,87740184.0
254,2,-931204410,-1267518212,1322735356,directional,67608577.0
254,5,-1100100548,-1287373662,1240774393,directional,320641989.0
254,6,405175898,-1270938747,1002600878,directional,275397765.0
254,7,1662067238,362668728,1221301922,directional,211650247.0
254,8,-1656448099,-127850272,1310479013,directional,291284259.0
254,10,-1354713223,-1080971229,1465990108,directional,241363349.0
254,11,1343583100,-927335232,1299024757,directional,333212212.0
254,13,223683882,1234794336,1472749823,directional,281860535.0
254,14,-57173990,264853487,1445297690,directional,292292955.0
254,15,56649430,416796799,1409617459,directional,334683344.0
254,16,751988582,1512228652,1109325770,directional,135124351.0
254,18,89915568,6860283,1399281395,directional,342277375.0
254,19,-416976928,-1671609019,1474997334,directional,252309739.0
254,20,143065978,698848252,1075999897,directional,122781141.0
255,1,-433180957,-309783997,1112830491,omni,
255,5,574488133,-1057141883,1365491174,directional,349278585.0
255,6,-842384334,-204656614,1459599798,omni,
255,7,-661595907,-1163331472,1405779662,omni,
255,8,-19558313,-1442743492,1091897596,omni,
255,9,929957556,499501873,1077775519,omni,
255,10,-1040657464,-240493106,1098378788,omni,
255,12,437500130,416595276,1278526823,omni,
255,13,-841846788,-830695085,1406666715,omni,
255,14,-832395043,-1443840790,1223527985,omni,
255,17,-724597973,-737419347,1068317446,omni,
256,2,3085878,-919223803,1341578943,omni,
256,3,893664348,-1272907786,1454019556,directional,161085083.0
256,5,307664993,-306856349,1144222880,omni,
256,7,-1363605789,786629605,1087532063,omni,
256,9,1050914975,-1053678833,1212160427,directional,61776744.0
256,11,-1102931775,426412552,1232719302,directional,277747865.0
256,12,-277053658,-1458607337,1396710935,directional,264977256.0
256,13,999580805,-1231780613,1275985364,directional,177321149.0
256,14,307811304,548739293,1322838259,directional,42855395.0
256,18,-236613316,186389321,1251829771,directional,292382780.0
256,19,1347387280,-286137530,1206933526,directional,262375162.0
256,20,575117662,-1098181785,1047924507,directional,168804216.0
257,1,-1679004931,-245163863,1200584415,directional,158953073.0
257,3,-119481852,-1661626046,1237371368,directional,195650057.0
257,5,-934074496,374243138,1103958724,directional,291079201.0
257,9,-976780160,63632265,1166515156,directional,99108035.0
257,10,476621096,1433921446,1480866549,omni,
257,11,810786359,324034004,1174254637,omni,
257,13,-680961148,402552975,1127504714,omni,
257,14,-697761291,601487900,1179605397,omni,
257,15,-336034639,-68605453,1283212607,directional,46759606.0
257,17,-1042027042,-696438501,1023157128,omni,
257,18,-685830760,120397923,1384569682,omni,
257,19,-597571704,-689125189,1430892556,directional,199287592.0
257,20,1334882545,997468891,1056124306,omni,
258,1,518071322,638868906,1240072954,directional,171894423.0
258,2,1345433822,872377684,1177434891,directional,175831446.0
258,3,1511404351,-2572713,1405304346,omni,
258,4,1098574531,-337117480,1134700729,directional,120928979.0
258,5,1510921045,309769348,1334840281,directional,281096521.0
258,6,1103017996,43183730,1172537922,omni,
258,7,-519791099,-1026059787,1069762178,directional,351178324.0
258,8,325341141,543805434,1144618321,omni,
258,9,389887205,-1000562577,1008455156,directional,101060020.0
258,11,-1291315267,-264433453,1368113884,directional,286199195.0
258,12,-338089469,-1299927876,1162124468,directional,3674026.0
258,13,-684160524,1256023601,1337850074,directional,212085101.0
258,14,1054152533,-1306145745,1126532759,directional,316314174.0
258,19,37891272,-1712677208,1477304004,directional,265069296.0
258,20,-1111609201,-726840907,1011164386,directional,238224411.0
259,1,437110568,1420259861,1072001580,directional,17802679.0
259,3,-140929774,-1748698162,1144808742,directional,148057716.0
259,6,-262705585,-1306110098,1332311790,omni,
259,8,-637268742,1361900213,1342012604,directional,158487957.0
259,9,274589507,306506779,1178368190,omni,
259,10,-104696749,483437039,1258539433,omni,
259,11,-262425729,931886545,1260578280,omni,
259,12,1124034441,1198399199,1153005822,omni,
259,13,1692391161,169577039,1402120005,omni,
259,14,-159557770,134051738,1097569445,omni,
259,16,627371467,1540213462,1174212499,omni,
259,17,-1317256308,557013545,1022024057,directional,323775530.0
259,18,200597652,1304802693,1380994263,omni,
259,19,436924824,-442767001,1021086479,directional,71173729.0
260,1,1222491467,-5342431,1134611647,directional,107906310.0
260,2,-57775901,-1066035280,1362565691,omni,
260,4,1477437788,902749330,1239987778,omni,
260,5,195753311,40757512,1091218130,omni,
260,7,922973874,-440829519,1029102953,directional,190909944.0
260,8,-358682662,-444185295,1247828151,omni,
260,9,1411091926,-715005392,1171903249,omni,
260,12,641179166,-217309638,1325670970,directional,293857931.0
260,14,757727093,481010794,1244086263,omni,
260,15,400398024,-1408445018,1305383396,directional,20311545.0
260,16,-1716106264,-149862156,1242979230,directional,158139107.0
260,17,-249095584,466672350,1052226633,omni,
260,18,-1443569091,-794721355,1116580558,omni,
260,20,917588869,746258253,1295350065,omni,
261,1,-1279541695,-510042020,1474854294,omni,
261,2,-279526768,-1182297240,1449578996,omni,
261,4,72590912,229606614,1397344985,omni,
261,5,-1088508837,-318884703,1358085035,omni,
261,6,-994067164,-1308673584,1407223956,omni,
261,9,831662122,289042621,1401237293,omni,
261,10,-380328013,-287390298,1256797895,omni,
261,12,-20354415,-327415482,1398493137,directional,334841243.0
261,14,-402648919,-614775052,1358356779,omni,
261,15,1134511435,-441551685,1205270368,omni,
261,16,-1631924813,-373973618,1133533807,directional,117624987.0
261,20,-651553375,828932050,1010423474,directional,218236703.0
262,2,157514797,426373983,1423522268,omni,
262,3,964386720,-919444784,1330042108,directional,160121986.0
262,4,1106033955,1099358987,1417384167,omni,
262,8,-1576978134,-682616776,1123119062,omni,
262,9,887633358,-99096430,1326076516,omni,
262,10,91383294,-578923084,1260824308,directional,112965489.0
262,11,-260659268,579753405,1459555917,omni,
262,13,3430710,-1237111566,1326115167,omni,
262,15,1153232773,833187316,1041601365,omni,
262,16,1505064379,69350374,1141814088,omni,
262,17,-936743559,976731790,1123516309,omni,
262,20,-1420227452,-168168794,1485551584,directional,256512997.0
263,1,854161804,20083186,1020063080,directional,205726785.0
263,2,614670373,-1291255096,1174530228,directional,246532322.0
263,3,886438863,1093680789,1365954924,directional,47608928.0
263,4,-1196737840,-618704694,1411298838,directional,13368626.0
263,5,-1406971833,-1060046135,1420013094,directional,269586613.0
263,8,-605361661,-989124582,1359557896,directional,91673799.0
263,9,173412463,717022026,1160206489,directional,238336526.0
263,10,1299246054,-496820270,1014493267,directional,196064379.0
263,11,-170549748,-1193759130,1123351992,directional,25546891.0
263,12,1019258301,555382103,1200828903,directional,243084046.0
263,14,118838962,54427287,1124643890,directional,315099265.0
263,15,-286859559,-857127081,1052561985,directional,356448390.0
263,17,-323885609,877675927,1235535249,directional,210008743.0
263,18,964474280,-1030169725,1411833137,directional,177850014.0
263,19,1031220504,966520550,1201768177,omni,
263,20,837818034,-712226280,1068305443,directional,316349155.0
264,1,-999791604,-407244641,1075217913,directional,329405067.0
264,2,-1367613041,762789583,1122318056,omni,
264,3,426330801,1111773522,1200454551,omni,
264,5,1288241711,949165939,1333722681,directional,270359247.0
264,6,444075584,1374888254,1063603239,directional,204410262.0
264,10,-9798744,-763252230,1302901351,directional,188234954.0
264,11,395088880,509813274,1145877507,directional,130570063.0
264,12,937370056,-1085645165,1158988434,omni,
264,13,-849924188,-704341454,1200934367,directional,177450884.0
264,15,-189653551,-1568219398,1087840874,directional,63355214.0
264,16,761725966,-877817926,1498676838,omni,
264,19,-271725419,-1004980383,1296495199,directional,322370331.0
264,20,-101170857,-854366978,1448792837,omni,
265,1,-345719713,-1269207473,1382206062,omni,
265,2,-1381302757,-680671276,1014220967,omni,
265,3,-1408583701,-545004999,1183734701,directional,283464231.0
265,4,-55417169,131597096,1207101289,directional,101895974.0
265,5,-293201907,-1227374110,1039844295,omni,
265,6,-536588578,-259419710,1418007731,omni,
265,7,112887081,-995248363,1426181793,directional,344377372.0
265,8,264576725,-330903702,1290526941,omni,
265,10,538444805,-612909518,1267866744,directional,59997003.0
265,11,-253767446,-1505052266,1461109408,omni,
265,13,1475840918,488019561,1483782951,directional,127454111.0
265,14,548304972,-554960476,1219555757,directional,280010605.0
265,15,656595861,-1097525523,1080681290,omni,
265,16,-1674121916,318891629,1299309291,directional,25559549.0
265,17,-873058275,-633606395,1434330334,omni,
265,19,-1395870108,-1003497453,1251318291,directional,108313393.0
266,1,254243561,-975143700,1435990740,directional,79936901.0
266,3,1361278038,-1040019548,1238619390,directional,214690587.0
266,6,-823419945,-832751209,1176511998,directional,299987178.0
266,10,161461232,-192065708,1305387831,directional,43920536.0
266,13,-588122069,599336881,1383451158,directional,227619484.0
266,14,1324087225,-699776158,1007430928,directional,249117190.0
266,15,260354628,627095846,1392008920,directional,135221554.0
266,16,1542711829,-294938012,1089318749,omni,
266,17,-314241597,268938928,1214515862,directional,114813218.0
266,18,-41472678,698972180,1346713775,directional,8740037.0
267,1,-830482047,-1457831649,1006763093,omni,
267,2,1402166940,-551177186,1481021283,omni,
267,4,-81142300,-1526965637,1472652769,omni,
267,7,-67619518,656583836,1402392818,directional,328175534.0
267,9,-768846261,-1077177510,1415157920,directional,334688748.0
267,10,-1274732212,-380530724,1039162301,directional,198338609.0
267,12,876984843,-978321554,1101710248,omni,
267,14,939599904,-1329739683,1057991533,omni,
267,16,-676090192,-1594006360,1128365067,directional,120456306.0
267,17,-422629843,1560802129,1045701843,directional,231979705.0
267,18,-339611813,-834387725,1074314740,directional,312348048.0
267,19,-1089633479,1313728382,1022009490,omni,
267,20,189274516,1344288809,1138347058,directional,145945098.0
268,1,-790276985,278796160,1078740094,omni,
268,3,1180951230,-350020605,1014829601,directional,301588376.0
268,4,-759462896,931985270,1019433564,omni,
268,5,1620410321,-589482730,1342570090,directional,19196095.0
268,7,816815697,298164507,1329934131,directional,333336884.0
268,11,831643313,-1380491110,1355739372,directional,298236776.0
268,12,1306800286,444569573,1310882762,directional,172556869.0
268,13,-398075339,756585458,1233605833,directional,347628859.0
268,14,-1558370716,-353456531,1476305948,directional,344690225.0
268,15,224559759,-1665702210,1337454821,directional,157468186.0
268,16,-422132231,-1486864787,1470659110,directional,15023049.0
268,17,1268060843,701438665,1268746513,directional,330365994.0
268,20,-156877812,-1364238637,1499140846,directional,62083827.0
269,2,-221812505,10518603,1467276498,omni,
269,3,202856647,1020474734,1400615088,omni,
269,4,-191343411,1219962876,1007366317,omni,
269,5,-349737807,991145457,1444351203,omni,
269,6,-1158744799,-250563414,1008340318,omni,
269,7,553161524,-223538002,1037749802,omni,
269,8,-32191347,670845376,1136299430,omni,
269,10,-1583901782,734229989,1429650643,omni,
269,11,-1202820449,-41799638,1415824912,directional,185194101.0
269,13,589261829,-57162883,1140870371,omni,
269,14,849715666,-1161343942,1168862006,omni,
269,15,946981359,-101835486,1416158122,omni,
269,18,-1129511252,-121038080,1017663675,directional,231445914.0
269,20,-968605694,-1188216203,1449876188,omni,
270,1,1551126590,-110013120,1493236194,directional,297678958.0
270,2,-1044825179,986777001,1380987881,directional,76009980.0
270,3,1427345184,185518363,1150020026,directional,265307379.0
270,6,-897828254,1520586691,1200480148,directional,316577282.0
270,8,6685623,-953957179,1107320621,directional,283500100.0
270,9,729866843,191871826,1423372962,directional,99995174.0
270,12,-644957227,1135093488,1126057843,directional,53731768.0
270,14,-1176260927,1292732388,1409820882,omni,
270,17,1164919896,-948617830,1042183635,omni,
270,19,1456333158,973902464,1357360505,omni,
270,20,-95291108,-2748735,1158356037,omni,
271,1,-915766132,-377319702,1474770281,directional,245992515.0
271,6,-838030991,1418738294,1328188920,omni,
271,8,-628271669,-509593930,1355587890,directional,69424328.0
271,9,57650925,1237052151,1280806615,directional,27985648.0
271,11,869849446,-111132419,1087403054,directional,269749204.0
271,13,-1269471723,-109333819,1484526159,directional,187003060.0
271,14,385653246,475622170,1360705483,directional,144287431.0
271,15,647637849,-175546257,1123289305,directional,9356700.0
271,17,1249147013,-826437981,1060819180,directional,196711577.0
271,18,-1241738155,-513591926,1467096811,omni,
271,19,56031732,-1538104781,1230567983,omni,
272,2,157766092,888390122,1002794811,omni,
272,3,1569896472,434310221,1234453012,omni,
272,4,-49821125,-83635170,1394055181,directional,296520185.0
272,9,447403066,-961931476,1348838479,directional,325097539.0
272,10,1248964240,-417537483,1463445244,omni,
272,13,-232083292,1283252041,1124830689,directional,242290091.0
272,15,1070853713,98190870,1159662665,directional,226375980.0
272,17,55657846,-310363179,1328320717,omni,
272,19,-1223501844,-231081534,1427735974,directional,64908724.0
272,20,-1556853907,-271685756,1119851497,directional,246933793.0
273,3,283185886,1438143934,1044030111,omni,
273,4,-1357397867,179613073,1240033476,omni,
273,6,1497724902,-92062196,1394528461,omni,
273,7,-179016510,-1577791075,1073170398,omni,
273,10,1483321730,189525028,1121057636,omni,
273,11,1311519070,672597667,1239043087,omni,
273,12,271156520,-1034194204,1034259226,omni,
273,14,-570524188,835517962,1154169821,omni,
273,15,954381953,-542154298,1475635389,directional,324115973.0
273,16,1203446438,539825866,1164079574,omni,
273,17,-384364215,-393966052,1324134970,omni,
273,20,1205253816,-350194742,1456638248,omni,
274,1,547127667,-65988957,1337887237,directional,331587036.0
274,2,-419714754,712328214,1095474069,directional,275059886.0
274,3,407887515,286349626,1291524307,omni,
274,4,-1431029265,-312835789,1438579036,directional,160757004.0
274,5,253982041,157411085,1065534999,omni,
274,6,-129460669,269634616,1196934825,directional,114940867.0
274,8,-1309521795,815003626,1469403349,omni,
274,9,-1147424207,916448160,1046133737,directional,314416136.0
274,11,35958319,-84556908,1199844472,directional,56140233.0
274,12,57853647,1304827892,1350262741,directional,174761177.0
274,13,1068130426,-946409496,1372200075,directional,249824874.0
274,14,-102353404,-91816233,1401384931,directional,171196295.0
274,16,1718320275,219688797,1490761459,directional,285259.0
274,17,870154746,-1501029999,1297849851,omni,
274,19,712624212,-713192835,1307982119,omni,
274,20,-818481792,-895505092,1443892871,directional,124806331.0
275,1,-714748658,1025366341,1117734573,directional,215622609.0
275,2,-1033465441,128398218,1439270781,omni,
275,3,544877861,-435151969,1187411202,omni,
275,5,-1028507766,-1042471052,1430031698,omni,
275,6,-820811975,-793552011,1281487322,directional,171804172.0
275,7,-340317577,-1668652709,1400917129,directional,134339408.0
275,9,-614565688,428662907,1163915744,directional,140832499.0
275,11,357745890,-552783470,1158316831,omni,
275,12,-1210338732,-812442286,1493872411,directional,340977444.0
275,13,311557229,-1063221374,1395547690,omni,
275,16,-309146341,-1271794425,1191243256,directional,109293788.0
275,17,1275438366,819213289,1178127865,directional,181143335.0
275,18,1712365518,-63297822,1032445191,directional,93909989.0
275,19,-738632318,-459422224,1355325925,directional,355909456.0
275,20,-689228528,1469523913,1299019717,directional,254840887.0
276,1,760695944,606856124,1012411352,directional,281271660.0
276,2,1626362033,392814531,1421855628,omni,
276,7,-642770885,-983060906,1189380920,omni,
276,8,-196560009,641737154,1286679832,directional,288141539.0
276,10,1472565997,48873611,1330948428,omni,
276,11,-129996446,882753458,1173129617,directional,75951194.0
276,12,-1569719040,-704309322,1272811552,omni,
276,13,-930784480,1495622960,1428076022,directional,239499494.0
276,19,-8809359,242457665,1376860157,directional,46289705.0
276,20,-662163996,78959399,1050539549,directional,4517113.0
277,1,-646555978,294689876,1413965272,directional,44010143.0
277,2,-141680758,470132221,1257283214,omni,
277,3,-1707725822,54574104,1280534087,omni,
277,4,-255030552,1161336234,1172615061,omni,
277,5,1684412333,-536249640,1166110631,omni,
277,6,-758033984,-1048771302,1302109212,omni,
277,12,-77312006,1622616533,1400780096,directional,39326610.0
277,13,329223360,1641529946,1351324295,directional,164619813.0
277,16,485933136,-1406001399,1312390648,omni,
277,17,626009663,-706801413,1198058507,directional,63043143.0
277,19,192733750,-1623403704,1140283690,directional,237858435.0
277,20,-47648208,673866024,1108974909,directional,315743331.0
278,2,1129254353,599291625,1305132664,omni,
278,4,568669939,687685963,1243461299,omni,
278,5,1509217154,56642895,1118727639,directional,52089179.0
278,6,1341793993,-1137535279,1084800108,omni,
278,7,-1161595890,-564929635,1236558301,omni,
278,11,594264152,299623295,1099848551,omni,
278,12,-1038549241,421685590,1036527152,omni,
278,13,-352348698,-111066783,1281766747,directional,293252703.0
278,14,-1658348040,117320293,1077257318,omni,
278,15,-592071320,256693817,1474736110,directional,221522569.0
278,16,-411846171,1500233078,1274632924,directional,1867801.0
278,17,-588755661,-1200549319,1198049198,omni,
278,18,-1672845315,159740054,1162704673,omni,
278,19,295129066,-844309973,1446763815,omni,
278,20,460525771,-1613624210,1069219628,omni,
279,1,-98997158,-1262055781,1474850596,omni,
279,4,257930250,-231142747,1084237529,omni,
279,5,-1515027266,604057203,1129436152,directional,289770973.0
279,6,1289148603,685455587,1248601962,directional,288644744.0
279,7,-201617640,1331162182,1357789037,directional,102067752.0
279,8,-1687195367,58267083,1044548789,directional,213202669.0
279,10,836162729,-815856306,1297475092,directional,129564694.0
279,11,997985127,-497872353,1170399403,omni,
279,13,856230133,-897110328,1013827173,directional,129829179.0
279,14,1589152901,168955791,1012542926,directional,257981505.0
279,15,-1186477266,-360538178,1424818668,directional,329063599.0
279,16,1048005121,281485079,1455943278,omni,
279,17,496562398,-195428688,1401284225,directional,89609697.0
279,18,471892383,868044692,1305972489,directional,309558608.0
279,19,226022379,-1075878788,1149910746,directional,128704083.0
279,20,401843743,-532228847,1119018598,directional,111842226.0
280,1,97783008,324871926,1171929008,omni,
280,2,938111888,-1082046646,1111542511,omni,
280,3,-1458291174,-332410557,1300839563,omni,
280,7,466309244,563238186,1394488185,omni,
280,8,-530237786,-1533990860,1345663277,omni,
280,9,676812407,1522162372,1300624918,omni,
280,10,231558338,-12872033,1223734557,omni,
280,11,-1403378326,-410736603,1193261239,directional,299764314.0
280,12,-1158379268,-1224902711,1108494306,omni,
280,14,552858002,-1348612320,1231914379,omni,
280,18,798611077,-1006827534,1018136846,omni,
280,19,1394054913,-1023708735,1116603990,omni,
280,20,329160608,-2780923,1289958984,omni,
281,2,-967242657,987364241,1488142377,directional,149365478.0
281,3,1049179688,-471946571,1086043077,directional,358116646.0
281,4,302104627,1640927665,1493282701,directional,72697308.0
281,5,762618280,1380998606,1039308580,directional,286063320.0
281,10,738976749,1151838698,1061125549,directional,302073387.0
281,13,487187704,-1031137113,1329672048,directional,41512165.0
281,15,-1606591788,708734907,1092606817,directional,322774950.0
281,16,171229241,-47923246,1404334732,directional,249536179.0
281,17,-1739341968,-169176387,1135254269,directional,216422497.0
281,18,389369181,20058678,1206232245,omni,
282,2,841654273,1279670631,1057584388,omni,
282,3,161582597,875785861,1020863775,directional,278563319.0
282,4,649119231,674108033,1292317995,omni,
282,5,-805729364,154856888,1420084733,omni,
282,6,-293623329,-1526334788,1496148396,directional,7718484.0
282,7,1476457460,391942167,1226925766,directional,350927770.0
282,8,-72103172,-974171520,1374518566,omni,
282,9,596538343,744533847,1127429460,directional,139344166.0
282,11,-1176756562,-755800417,1378974107,directional,330265782.0
282,12,-1172295450,792975148,1473696683,omni,
282,13,-1093588716,1120749515,1005970476,omni,
282,14,649689518,5856265,1249345418,directional,38501167.0
282,15,280039180,866643319,1379371028,omni,
282,18,-671173634,-1239469531,1445888739,directional,4911255.0
283,3,-566034677,933149065,1126281463,omni,
283,4,817372520,-619735398,1227947548,directional,125060777.0
283,7,499020826,-197701950,1462541625,omni,
283,10,-141631565,-1430330445,1181901374,omni,
283,11,-1181847428,1043908243,1175539602,omni,
283,12,274290064,485816699,1208166947,omni,
283,13,1466708272,-849730179,1182068344,directional,37313554.0
283,14,-925302935,-932368361,1014333714,omni,
283,16,-421449312,-1034779647,1341002284,directional,106502686.0
283,18,-497513529,-977779185,1416439667,omni,
283,19,-558199728,-4960144,1097559786,omni,
284,1,1484955269,-641980437,1020210508,directional,1966198.0
284,5,769411941,1516112840,1478613854,directional,2720830.0
284,7,158245741,-515551963,1088287649,directional,293062406.0
284,8,-789926935,-1390904156,1344713502,directional,219284079.0
284,10,-602996136,-105204141,1169437599,directional,339433547.0
284,11,256427625,-361229773,1070433599,directional,211483063.0
284,15,332942261,45019719,1125381881,omni,
284,16,-1183525061,1061387850,1413865940,omni,
284,17,-1501199962,-269152501,1325389020,directional,199890757.0
284,18,-324663234,-384352518,1323746650,directional,348291475.0
284,19,768372919,-322456362,1403296159,directional,105265170.0
284,20,-752601708,-883969850,1348082754,omni,
285,1,-692977222,-1598777053,1126082131,directional,107833756.0
285,2,-1117057416,-171434587,1377418626,directional,194209816.0
285,3,40832183,-1400381599,1137775646,directional,309068089.0
285,5,1317377717,-834905550,1297194722,directional,88509258.0
285,6,-666147328,431797725,1384473477,directional,277243948.0
285,9,-1307864211,-1000539383,1067733517,directional,145022117.0
285,10,-1055986711,-1261164157,1239469545,directional,221712916.0
285,13,-722220902,-1407365173,1004118626,omni,
285,14,509109377,850824267,1451208433,directional,214638029.0
285,15,-943651740,-568072246,1426612551,directional,83876792.0
285,18,-729651768,-1267008018,1101828973,directional,237647108.0
285,19,832723910,1234867286,1092694027,directional,8294302.0
285,20,-1584944752,280882518,1175316349,directional,177173968.0
286,1,1126619636,79887664,1206080001,directional,281413432.0
286,2,-304647688,134686309,1284030275,directional,113883223.0
286,4,584309982,604176228,1338552655,omni,
286,6,487238036,527102034,1014389599,directional,265046467.0
286,10,-1544091766,-720262564,1252666363,omni,
286,12,-40876219,-1245973414,1376864846,omni,
286,13,-773384126,1560579897,1482965701,directional,106894040.0
286,15,-832791959,-1335633647,1121771979,directional,144339491.0
286,18,761310246,400989606,1309536043,directional,317921582.0
286,20,-382210775,5227417,1202681995,omni,
287,4,676903569,1123090914,1354846598,omni,
287,5,-165381214,-329221430,1320515582,directional,114224323.0
287,6,278960985,-232878461,1147713501,directional,235930400.0
287,7,764282384,261417937,1252845763,directional,73360054.0
287,8,-63617376,-613140249,1349838151,directional,43170109.0
287,10,-495430518,-1391067534,1241015673,directional,316223624.0
287,11,-602386296,739275047,1244732514,directional,49551966.0
287,13,1155864578,747106651,1498810582,directional,75425707.0
287,14,-943175834,-642815799,1324612095,omni,
287,15,-1131586740,-758231914,1077534246,directional,148654535.0
287,16,975370065,-1093026259,1281196332,directional,107019134.0
287,17,-509372925,-1520214916,1284335648,directional,101816863.0
288,1,-423363351,-1621059680,1422294284,directional,103826265.0
288,3,1072802959,836147427,1474829335,omni,
288,4,619550735,637510449,1082926052,directional,33221276.0
288,5,-239206320,-1163450743,1236257840,omni,
288,6,170903778,88813471,1105327339,directional,252678661.0
288,8,-834125482,233036465,1303363874,omni,
288,9,-1291134180,-421037989,1056193989,omni,
288,10,808865568,378375408,1362216577,directional,149974495.0
288,11,-870817203,-440051391,1016738633,directional,318215426.0
288,12,417237572,-1710480297,1248904116,directional,108365446.0
288,14,1174946068,-913351684,1017889065,omni,
288,16,-1152723319,-641232982,1030946859,directional,191802363.0
288,17,-97247878,1314186908,1421912858,directional,96291368.0
288,18,-845603242,-316829131,1212227591,directional,343319303.0
288,19,-1514962554,170023814,1377133249,directional,183704223.0
288,20,-267798868,1389040121,1085115446,directional,248797381.0
289,1,-1309097453,687062793,1035711010,directional,206853726.0
289,4,359984979,-844484197,1426543455,directional,291029520.0
289,5,-191544684,-14174171,1110910735,omni,
289,6,-1220439849,339897732,1156896816,omni,
289,7,-997043926,-107813887,1244914979,omni,
289,8,-1481803391,-342155982,1149860455,directional,698779.0
289,9,-523762787,1677896313,1446616884,omni,
289,10,163972943,476378151,1373500110,directional,283814635.0
289,12,258419185,121203376,1058123155,directional,205061515.0
289,13,-314776338,-1645101762,1277438114,omni,
289,16,-675396415,1607005621,1179911544,omni,
289,17,-814497441,-531639278,1233716982,omni,
289,20,1009183550,1330612455,1157081465,directional,215194850.0
290,2,1188003916,-855630219,1129482978,directional,136081166.0
290,3,-442413413,-151741622,1443544979,directional,97821262.0
290,4,-889616180,-953990867,1414269606,directional,290162695.0
290,5,-1522237439,-197732325,1183222641,directional,212141991.0
290,6,-898384059,748976096,1299526522,directional,69987824.0
290,7,-364023862,-1422772296,1143058812,directional,174551951.0
290,9,-305796646,1488174587,1059345787,directional,156650261.0
290,10,-953770147,-1408895448,1486240321,directional,178923100.0
290,11,-122349464,-370355128,1109236825,directional,221630767.0
290,12,-453577301,-1275694806,1056078800,directional,218084872.0
290,13,1132997832,-206296058,1023629489,directional,127987564.0
290,14,945480247,888585507,1266344612,directional,49449033.0
290,15,-553738055,-1109427328,1121722017,directional,298938120.0
290,16,337377065,-71547765,1455427802,directional,277631064.0
290,17,-81311805,-743869352,1020062087,directional,89375444.0
290,20,-361032666,-945901939,1131086554,directional,342655939.0
291,1,-951951933,-1080943611,1453111441,omni,
291,2,326914802,-786136608,1075051973,omni,
291,3,210745406,1519441077,1297307481,omni,
291,5,-850707588,-62584061,1054925552,omni,
291,6,531628371,400237563,1291919372,omni,
291,7,705245954,1202628033,1106561036,omni,
291,9,-1431874052,-584492489,1003161781,directional,180220464.0
291,10,-1270692187,-1015182744,1174673705,omni,
291,14,1114923871,3799682,1000685816,omni,
291,15,699391831,-1596574039,1474791089,directional,310847595.0
291,16,-325220880,-1706558911,1166187650,omni,
291,17,940760080,-907287881,1112588962,omni,
291,19,57026349,386760568,1180193365,omni,
291,20,799374543,-341465909,1265997343,omni,
292,1,-1181963882,-706095909,1340850681,omni,
292,3,-974172427,426863692,1253740949,directional,122901835.0
292,4,101421834,-1371195513,1097651385,directional,268072544.0
292,5,-722006233,-564731103,1189612371,directional,182583027.0
292,6,285875648,-269299313,1444916990,directional,3204743.0
292,7,78988058,1585713266,1186122064,directional,134095854.0
292,9,120173395,-707009981,1192768197,omni,
292,11,843691442,-1323553711,1028481735,directional,199873106.0
292,12,1501957567,-236103414,1171625694,directional,196021971.0
292,13,-409450311,1228354670,1299294666,directional,227465253.0
292,15,-610042415,-237990800,1239483432,omni,
292,18,-1008206912,736484864,1345255444,directional,70569079.0
292,19,-482365918,1557082385,1364533511,directional,17722518.0
292,20,-247378569,708639356,1061655504,directional,86868052.0
293,1,1106690470,191523050,1179822212,directional,316969449.0
293,2,-653981653,-1152195731,1204573857,omni,
293,4,-554861537,1602740355,1064678704,directional,22735637.0
293,5,1284633606,161605676,1017796034,omni,
293,7,-74864183,1025422582,1119486271,directional,72660176.0
293,8,334194784,-87940271,1406477850,directional,111356830.0
293,9,-297985043,-327375757,1313227391,omni,
293,11,-159268008,-411852958,1313355468,directional,160574079.0
293,12,-1382554763,-799501398,1422998911,directional,247126497.0
293,13,-99043347,462258466,1374982950,omni,
293,15,-988242249,-754612923,1367955447,directional,308594078.0
293,16,-894555295,-44101937,1368662937,directional,153779164.0
293,17,481537965,200495593,1270459731,omni,
293,18,-1003176103,-840549312,1041463048,directional,169163364.0
293,19,-481193217,-701543407,1403401048,omni,
294,2,-1396116330,893430539,1095795137,omni,
294,4,1035816038,525696946,1469268674,omni,
294,6,967299028,-481104176,1388643815,directional,284164449.0
294,7,-1081753835,15589949,1313135783,omni,
294,9,423956362,-556855808,1198158006,omni,
294,10,435272790,-1323696075,1382513025,omni,
294,12,1657423543,-415281460,1358161872,directional,43279489.0
294,13,310334454,-181857436,1085595236,omni,
294,16,127126515,-1209322045,1440509369,directional,176640600.0
294,17,-754580940,-1572614762,1069358883,directional,226676976.0
294,18,-974094988,1306857030,1066394616,directional,251259096.0
294,19,1513822089,41373071,1016623729,omni,
295,1,-746623096,1284675582,1290922232,directional,185387844.0
295,3,1628588860,640523507,1072209646,omni,
295,4,859524840,333904365,1015135948,directional,294450165.0
295,6,-1270628314,747878087,1236523675,omni,
295,8,546616599,-1192468576,1014858364,omni,
295,9,710058897,-59713695,1010552672,directional,164210390.0
295,10,296738253,1254924106,1411299571,omni,
295,11,-121880670,-1109425671,1455178387,directional,153820892.0
295,14,-520046030,-1190519569,1312439347,directional,352556976.0
295,15,366981476,739562488,1323706601,omni,
295,16,-1313246789,302472370,1313675494,directional,244771909.0
295,18,-955259436,-615170584,1242594543,omni,
295,20,643594133,-255750166,1235950169,directional,282639133.0
296,1,-997317978,-262874361,1246440076,omni,
296,2,-772710438,635871692,1440173860,omni,
296,3,-121583172,1620483488,1322426162,omni,
296,4,617095793,-31403918,1480700138,omni,
296,6,-1468046954,566556181,1106120338,omni,
296,7,-757643183,-469877732,1285664617,omni,
296,8,-830825293,1263244809,1450865145,omni,
296,10,-1493533764,178326522,1034439746,omni,
296,11,1014368896,-1158533288,1336029589,omni,
296,12,1008986928,-221432985,1012445643,omni,
296,13,-672313763,-817261364,1175064291,omni,
296,14,-505438295,1290842967,1099583610,omni,
296,16,655671762,-440486230,1364870356,omni,
296,17,-733017992,164080925,1287775559,omni,
296,20,-702292036,412749842,1048419867,directional,357354799.0
297,2,-456109737,243516550,1476905040,directional,33497331.0
297,3,1590472380,-171488967,1378078555,omni,
297,4,1087296945,-1135752007,1095562387,directional,39250489.0
297,5,895297318,906325854,1054324194,directional,294713747.0
297,6,-784735152,1188147997,1071580373,omni,
297,7,106883591,938728984,1322451598,directional,134945926.0
297,8,-275115785,-1070453818,1142739644,directional,358549362.0
297,9,1180843480,-138004700,1047486973,omni,
297,11,-1651745312,365642306,1498779815,omni,
297,14,209475696,-328117315,1010877327,omni,
297,16,1210083721,1214378763,1471821893,directional,262256634.0
297,17,1035492094,-816231842,1235131525,omni,
297,18,-561499320,511296075,1015149900,directional,39752436.0
297,19,681618893,-272199174,1338288519,directional,269078396.0
297,20,426694842,53284182,1196289702,omni,
298,1,-848166932,1553403501,1019901597,omni,
298,2,811157181,-378456082,1390556818,omni,
298,3,1317127895,815263476,1433690284,omni,
298,5,-156192005,-144546175,1490500734,omni,
298,6,734219279,755479452,1247640549,omni,
298,9,1515252827,235881838,1315601945,omni,
298,10,-654333609,450043170,1230247735,omni,
298,11,-155940142,701908140,1292784137,directional,45678862.0
298,13,725521624,1492042421,1480607390,directional,254268806.0
298,14,15829255,-1282842006,1172963305,omni,
298,15,183571647,1033031363,1019423416,omni,
298,16,-1092803009,982106791,1463373060,omni,
298,17,-864506249,1389579038,1153276732,omni,
298,18,485917136,-1574546746,1050982250,directional,65572901.0
298,19,-1401136738,-872640787,1081165353,directional,247189272.0
298,20,-817302470,-1211299203,1343254363,omni,
299,2,769936813,189703250,1439932981,directional,76260542.0
299,5,923072587,788177181,1257720609,directional,72425322.0
299,8,-786092431,-1361051411,1435335231,omni,
299,10,-871882738,183867984,1279233544,omni,
299,11,-1084157347,-7643696,1223429685,omni,
299,13,-17924408,-1492947652,1227804346,directional,91276490.0
299,14,776925566,1306242333,1177083540,directional,285445438.0
299,18,-1144498536,-679228111,1130030652,directional,110868935.0
299,19,151331374,757865738,1079248149,omni,
299,20,1049843379,-48067183,1070437865,directional,352732162.0
300,1,-111662136,-1488342643,1167767473,omni,
300,3,-330063216,-51573122,1315642345,omni,
300,5,-411410691,-274515546,1278308362,omni,
300,6,-895442537,-528637586,1288790567,omni,
300,7,-1395047300,-202671587,1061841980,directional,294815410.0
300,9,-65231250,1105614670,1046611853,omni,
300,10,1232638039,-704954449,1208159289,omni,
300,12,-685420370,888720702,1315334523,directional,68021532.0
300,13,-1034518969,-837493397,1248576741,omni,
300,14,1410392741,-969580758,1059010562,omni,
300,16,-99268977,1091570491,1422699887,omni,
300,18,-1617080518,-220229157,1444126385,omni,
300,19,264671218,30725964,1454353650,omni,
301,2,-446054282,-1343566721,1292409346,directional,135531141.0
301,3,1224088156,507475971,1178637410,directional,28280577.0
301,4,1382355218,439300516,1075498915,omni,
301,8,1136131467,687315340,1025142662,directional,308994324.0
301,9,308565842,-48593761,1051910224,omni,
301,10,1359703989,906745912,1332452485,omni,
301,11,-578281570,-1369687969,1053622361,omni,
301,13,972392131,836571436,1176653154,omni,
301,15,1227356113,-1092249864,1195363627,directional,148319683.0
301,16,643642453,417682301,1165607490,directional,244899881.0
301,18,-158366529,-1136315553,1247402690,omni,
301,20,1369104848,499714898,1091560802,directional,154082877.0
302,1,-1301018739,67474486,1350516119,directional,296743431.0
302,3,70329932,177368743,1004683096,directional,114904369.0
302,4,-1143905473,624193645,1311078343,directional,203167024.0
302,5,1015452079,-467647986,1457397026,directional,106213413.0
302,7,1170421958,1211232895,1157037784,directional,297886335.0
302,8,-532025474,1655232915,1002472699,directional,240171407.0
302,9,868395300,735604894,1249033882,directional,354379318.0
302,10,1402064059,-226420293,1122119925,directional,221002052.0
302,12,264364323,-1532021901,1254053270,directional,248029548.0
302,15,828699013,-284755937,1065776422,directional,283365314.0
302,16,-65576140,-1354784683,1064857939,directional,122835814.0
302,18,-473344949,1211617970,1009283360,directional,225491014.0
303,2,172006446,893050975,1195884900,omni,
303,4,-1214662086,837557055,1123608546,omni,
303,5,755842962,-882059989,1072238154,omni,
303,6,-1127822952,-1029210412,1312383378,directional,90546456.0
303,7,38211919,517903946,1149660140,omni,
303,8,95479177,-113937513,1024415023,directional,224954749.0
303,9,-667637032,-85550916,1274604916,omni,
303,12,-826420054,-1101282040,1280449583,omni,
303,13,783420248,-483010862,1149148751,omni,
303,15,195120594,-553161683,1453741053,directional,290425357.0
303,16,74715491,-519788207,1393566892,omni,
304,2,-1413505279,1019387760,1394923508,directional,244941256.0
304,5,-1594157970,-762581053,1268225436,omni,
304,6,-783685887,-898605722,1202810374,omni,
304,7,-1035157183,469564816,1150830995,directional,129367184.0
304,9,-1323770036,-736996039,1254090911,directional,108694169.0
304,11,437265891,-620638131,1139149534,omni,
304,16,-619922433,491210128,1228745906,omni,
304,18,434776471,1506737542,1076785608,omni,
304,19,319045860,-308517513,1005921988,directional,300476240.0
304,20,67914519,-565102098,1024400898,directional,264007617.0
305,1,1568020892,-435224915,1211988754,omni,
305,2,-454596653,162544572,1426863156,omni,
305,5,1384480939,-11661009,1069712483,directional,85793279.0
305,6,-940885248,-1456133363,1468411562,directional,22983294.0
305,8,99286606,-150664113,1325281159,omni,
305,10,943593491,-1449849875,1070315277,directional,354474021.0
305,11,-1145546196,-751073914,1336920377,directional,117231669.0
305,12,-875591569,396367038,1309161129,omni,
305,15,1020326747,441664317,1486937376,directional,291036919.0
305,16,-1263977952,487674888,1494841913,directional,233800101.0
305,17,745458562,-1243678912,1120198321,directional,108927856.0
305,18,17757473,742280508,1385738156,omni,
305,19,1115598949,636047501,1309740990,omni,
306,2,32919118,784599504,1285335395,directional,255264211.0
306,4,457752406,-1346435543,1377263533,omni,
306,5,1503722648,-773906159,1049279171,directional,36744050.0
306,6,-271357166,-938946874,1236861045,directional,268162086.0
306,8,168070526,450604899,1109458511,omni,
306,9,-212197191,-262362730,1125877114,omni,
306,10,1195411925,2545146,1041987636,directional,315306029.0
306,11,-945019332,1130137802,1270479452,directional,282222978.0
306,12,587987321,-46939520,1441914203,omni,
306,13,-1385781282,-822030054,1192826715,directional,212558384.0
306,14,-371725883,-1345222222,1205234205,directional,86323491.0
306,16,1158583798,-1120369527,1312460700,directional,40391660.0
306,17,672097613,-515227897,1343055398,directional,62519495.0
306,18,-193573243,-1424287869,1114516862,directional,239480800.0
306,20,1295073847,-880601424,1252985305,omni,
307,2,-886854971,-367183959,1021233589,directional,85620757.0
307,4,-465811964,543157010,1378202395,directional,288143258.0
307,5,-140088657,-489247424,1403297668,omni,
307,6,377155180,-44903822,1297180935,directional,97784728.0
307,7,1513307357,163439688,1305500361,omni,
307,8,-208904902,306851413,1375319644,directional,126686337.0
307,9,902579937,-755515301,1466181302,directional,55154540.0
307,10,-1282031099,396347554,1214278783,omni,
307,15,-1553913806,-667697335,1371745436,directional,184614703.0
307,16,184821619,-497501367,1316496922,directional,304478249.0
307,17,191856782,-1537380366,1094525178,omni,
308,1,176276007,1420607865,1403002984,omni,
308,2,250594496,-1385631068,1461570415,directional,279236468.0
308,3,-184121470,-260320274,1215234956,omni,
308,6,549258450,-554452413,1188385098,directional,48145474.0
308,7,1080774486,241060060,1392286057,omni,
308,9,1714128510,-136512581,1008707089,omni,
308,11,-1053438028,1356406868,1359413588,directional,51598765.0
308,13,1567288894,8856884,1078302061,omni,
308,14,-869385300,896831731,1373862633,omni,
308,17,-586425933,-952978339,1234242168,omni,
308,18,1086527582,-131035533,1209933697,omni,
308,20,-871319343,19514648,1225358028,omni,
309,1,602852464,-712658756,1274105460,omni,
309,2,-224927673,670812614,1125257337,omni,
309,3,-149490452,-495011207,1358359196,omni,
309,4,826668905,222314967,1461256772,omni,
309,5,336272441,1354886481,1352698893,omni,
309,6,588491625,-1620640598,1007615395,directional,307411601.0
309,8,-247970300,-196886122,1334648271,directional,130229307.0
309,9,608191595,-1563144348,1025233567,omni,
309,10,-448402006,-10709098,1418031755,omni,
309,12,-147618140,-1604196853,1151223121,omni,
309,13,678807798,1063510555,1068431740,omni,
309,14,1351707874,-897877002,1431217372,omni,
309,18,824965500,-1353177846,1246028138,omni,
309,19,-927648402,467446862,1473991371,omni,
309,20,-1098925442,-823585369,1381011686,directional,213159524.0
310,1,60025184,504218730,1316966885,directional,338644549.0
310,2,6312521,581755671,1187130319,directional,100621068.0
310,3,610839543,1542271297,1056515278,directional,53122202.0
310,5,-435007313,358459876,1173783771,directional,151523185.0
310,6,-82212924,524501930,1015612983,directional,95967759.0
310,7,-1103565735,1320933540,1298335044,directional,316727426.0
310,8,-222494549,-470904604,1015799256,omni,
310,10,-838654732,-1496413199,1031768000,directional,191412816.0
310,12,17218866,1057961862,1436085987,directional,313262305.0
310,13,-847448134,-190926572,1194510019,directional,46828938.0
310,14,728867077,-1372497836,1486973703,directional,245711649.0
310,16,809387595,-14953582,1181599490,directional,336011402.0
310,17,-1200260958,1051326238,1261397641,directional,240706849.0
310,18,-283446830,-43268089,1476102565,directional,320672750.0
311,1,1031818714,271971925,1232845915,directional,307119687.0
311,2,-633753494,1307246360,1206943837,omni,
311,3,-93565073,-226460769,1146406806,directional,252142623.0
311,4,461047050,529827676,1057587825,directional,181977420.0
311,5,1485565700,186980220,1015093641,directional,139092803.0
311,7,899353587,709764230,1322235222,directional,127989909.0
311,8,-996683450,-1148193446,1366440038,directional,109667840.0
311,10,289070151,402233382,1193672336,directional,257294976.0
311,11,519484787,-1177811573,1277036240,directional,91377804.0
311,12,-1410719644,-1003430920,1175365335,directional,206351629.0
311,14,1066407043,-266486813,1347789140,directional,337170949.0
311,17,-533712788,-1389141878,1231766950,directional,215657718.0
311,19,-460595387,-780500165,1482114689,directional,250759597.0
311,20,901258443,494383890,1421847401,directional,333095655.0
312,1,311190554,1565415736,1306987872,omni,
312,2,-1322056277,817418959,1178806650,directional,36470565.0
312,3,887667193,-1305038301,1140724049,directional,213139607.0
312,4,-808694150,-775375526,1219245111,directional,281839755.0
312,6,101026246,-673029204,1066267747,directional,123013255.0
312,7,1002236795,-1012575167,1070326175,directional,218036279.0
312,8,-551562711,178688534,1320826716,directional,257408541.0
312,10,1656884613,463544044,1161056378,directional,182591852.0
312,12,-1520939782,783771068,1278901107,directional,173127685.0
312,13,459673256,-1610204683,1080034915,directional,99601453.0
312,19,1493384416,-382216403,1162449007,omni,
312,20,-707114885,-459865860,1136352606,directional,196324602.0
313,2,-450517408,-395767238,1160972877,omni,
313,3,183865628,1604377826,1359463499,omni,
313,4,-1263593043,60736970,1174332516,omni,
313,5,56437372,326847918,1179094163,omni,
313,6,767204325,1213895822,1192653347,omni,
313,7,-463073851,1612232054,1451151830,omni,
313,8,1312397745,-515456965,1299653143,omni,
313,9,1283252001,394772270,1024768177,omni,
313,12,1387926041,-955946479,1211455652,omni,
313,13,1359379286,1081253065,1188054973,directional,193026485.0
313,14,1569280463,510815561,1467263974,omni,
313,16,1749534209,-51945805,1091878376,omni,
313,17,888968088,447782196,1495527685,omni,
313,18,954097499,1341841691,1123106922,omni,
313,19,246579595,-804026867,1394876719,omni,
313,20,-714504505,-215595904,1455048390,omni,
314,1,823750152,898290086,1386060421,directional,7150468.0
314,2,246532352,890918626,1034298487,directional,303990047.0
314,3,-1171342959,-953555826,1022128141,directional,273155690.0
314,4,584086559,1565378867,1091668512,directional,7635675.0
314,5,1555017970,-792972543,1304167105,directional,234564078.0
314,8,472054166,1148790959,1347728090,directional,134124138.0
314,12,1316965344,-291703337,1104089056,directional,73887048.0
314,13,-358265626,-395172963,1154453378,directional,343765487.0
314,15,-1046660356,597655958,1024213506,directional,167721238.0
314,18,454229499,-1319775821,1195653170,directional,64916738.0
314,19,863875028,1231466857,1364835336,directional,119028529.0
314,20,1423836367,144197757,1102191666,directional,354103626.0
315,1,1009804610,-423749925,1140119708,omni,
315,4,527000614,-718266046,1102895186,directional,22527907.0
315,9,1523996606,571636526,1290445505,directional,288214978.0
315,14,399676671,117951948,1202148284,directional,137089356.0
315,15,346615195,1628881671,1376331478,directional,213783283.0
315,16,351828201,-1412086863,1345522143,directional,85841743.0
315,17,-1177774204,-913996279,1008397483,directional,120408481.0
315,18,964391598,-784745607,1277810072,directional,88984846.0
315,19,-319634009,92160354,1083894649,directional,105938844.0
315,20,-1110390210,1220326171,1051342477,directional,20706785.0
316,1,-910404292,853713495,1387357137,directional,248570116.0
316,3,-1675891986,-518233704,1061760408,directional,198006187.0
316,4,-212157854,-1337434451,1382238116,omni,
316,5,-62047674,-1376163712,1219420692,directional,166847857.0
316,6,-291499976,-877452370,1048285043,directional,130384904.0
316,9,-393882102,1026532626,1130276707,directional,65188483.0
316,10,-490562452,932054768,1279279059,directional,31866994.0
316,11,877125135,1048525044,1423005230,omni,
316,12,-973814414,163954802,1078247106,omni,
316,13,-522222941,1546964115,1071020138,omni,
316,14,1144465526,1027037506,1284426579,directional,346167321.0
316,15,-994968840,-862003591,1095218760,omni,
316,17,181884376,1608865826,1197226197,directional,71389055.0
316,18,-915118490,1277341856,1017102043,omni,
316,19,-723544795,-1201695319,1105862103,directional,274989600.0
316,20,-1317212263,722333200,1169420026,omni,
317,4,282555780,-328842796,1478359387,omni,
317,5,1655031901,-404867258,1370824952,omni,
317,6,-1258246392,1080715480,1040508667,omni,
317,7,1202815254,-1104865002,1108154869,directional,231046931.0
317,10,475031821,-1362544290,1137030076,omni,
317,11,245045848,-1053764104,1481383987,directional,354144411.0
317,13,837830610,-255452701,1230555046,omni,
317,14,309730279,71809208,1095406512,directional,52971089.0
317,16,134379337,-45284647,1206560604,omni,
317,17,486877320,531816763,1083895883,directional,25458520.0
317,19,-857958176,224588162,1263448184,directional,153093334.0
317,20,-360325727,-644978187,1089236676,directional,54508939.0
318,1,-185527205,-1465993119,1210911584,omni,
318,2,-800055071,1200496830,1420123326,omni,
318,4,-238354209,-1724293931,1063133671,directional,351435341.0
318,5,1462204596,-771961289,1472605588,omni,
318,6,626446079,-140048957,1094048069,directional,205817417.0
318,9,96650406,-1668591934,1110780675,directional,206734600.0
318,11,-147179520,1258999019,1233352459,directional,285243919.0
318,13,1060375194,809915212,1459156607,directional,169494277.0
318,16,1033975760,895652828,1114808742,directional,276799492.0
318,17,1028329163,454860814,1276914254,omni,
318,18,1758777281,-149219731,1368217919,directional,308856860.0
318,19,-1063089722,-116712759,1357036541,directional,231656247.0
318,20,146857571,-1610258541,1307672515,directional,142927602.0
319,2,-558331513,16997440,1117697066,directional,232178030.0
319,3,969656047,-977798843,1270591306,omni,
319,6,453345474,230069334,1291834388,directional,322712769.0
319,7,679023271,-301104888,1322807403,directional,40134579.0
319,9,-458010738,343523593,1498497800,omni,
319,10,-899508973,-185434248,1461770513,omni,
319,11,-917048136,255781558,1389943454,omni,
319,13,-161319158,-1123290914,1243719774,directional,199375610.0
319,14,301535991,-989405527,1038325829,directional,168601335.0
319,15,357352081,-771643836,1028107785,directional,211252058.0
319,16,726667866,1459859137,1182051091,omni,
319,17,-1070565196,63711937,1151241359,directional,216629597.0
319,18,-442127772,1360075555,1404555297,directional,210561767.0
319,19,-1254538872,955819947,1152326450,directional,224802978.0
320,1,-785752604,1570149323,1203508662,directional,109857775.0
320,2,545462713,-1474595351,1461638126,directional,89678985.0
320,4,-596145177,682941185,1279301570,omni,
320,5,-424052897,202679453,1498061289,omni,
320,8,895295971,633141811,1065160535,omni,
320,9,-922345858,-327365629,1305635644,omni,
320,10,-1174909437,-812051733,1297571918,omni,
320,11,-172598389,563128350,1183931812,omni,
320,13,1218751655,-915414165,1104979310,directional,313906108.0
320,15,567885992,-1597535898,1092085586,directional,140619487.0
320,18,11611536,-1760880714,1280214980,directional,351346450.0
320,19,-1745731080,-242029966,1464768455,directional,270432849.0
321,4,1322483170,-409696021,1349438594,omni,
321,5,1275593615,684840349,1298061954,omni,
321,6,-1371960482,1058630737,1485309611,directional,307506817.0
321,8,-317087988,990037496,1420079119,directional,66234819.0
321,9,279061016,-595704175,1476583998,omni,
321,12,-184371690,-276085664,1228557009,directional,159994218.0
321,13,1167589913,1194745089,1313839476,directional,194633510.0
321,16,257126114,-222493205,1250033992,directional,305978001.0
321,18,-966105551,972481513,1263333858,directional,8955471.0
321,20,-355314122,-22300552,1079443031,directional,332465431.0
322,1,-1112492921,-69143871,1059940645,directional,246475397.0
322,2,297415819,737595513,1016560853,omni,
322,5,1263378493,818453499,1133556672,omni,
322,7,239704479,-1393954667,1114355194,omni,
322,8,1061795389,1242852238,1327129307,directional,162285049.0
322,9,1062053778,594226829,1299831194,directional,212886175.0
322,10,1623873742,263945968,1122667178,directional,106772105.0
322,11,-908885321,1328901467,1356773507,omni,
322,13,1099175677,-954152660,1381957243,omni,
322,14,314569045,-1577497086,1235996600,directional,301173140.0
322,17,-423441392,722821877,1317417053,omni,
322,19,1482313611,160642222,1102895669,omni,
323,1,-432918676,835345309,1089315957,omni,
323,3,376493153,-781840859,1067471498,omni,
323,4,-1158824620,-440320242,1449955886,omni,
323,5,-428430975,1305587160,1264250691,omni,
323,7,-1716283263,277593829,1266115963,omni,
323,8,-54522934,1180497759,1369044651,omni,
323,10,530349384,-463814077,1469455004,directional,212147614.0
323,11,-848991081,-609109107,1070004061,omni,
323,12,790497041,1494634103,1258363336,omni,
323,13,-1264692282,1123472777,1353566346,omni,
323,15,-1373542399,-1026765196,1264134591,omni,
323,16,-1709180488,-222610598,1067353603,omni,
323,17,1073422071,418360549,1127894086,directional,319793741.0
323,20,-884616704,221289892,1424691901,omni,
324,1,789883557,1169900725,1355014803,directional,24290973.0
324,2,1632105426,70082130,1136578648,directional,230809798.0
324,5,-244920489,-734346496,1178959659,directional,123471352.0
324,6,-268418307,212105487,1366417410,directional,57269936.0
324,7,-187804686,-1202124400,1274000641,directional,71969852.0
324,8,119283332,-704573235,1157748563,directional,211198878.0
324,10,1607430997,272687515,1179548364,directional,349015084.0
324,11,1077577791,-561064117,1037948051,directional,126598584.0
324,12,-579707680,1529528028,1359753933,directional,105944741.0
324,14,1131520428,-1351778272,1235838936,directional,44236665.0
324,15,-64165437,210060763,1064059525,directional,184499637.0
324,16,736197446,1492307502,1452836210,directional,286934059.0
324,18,-875800948,-661034688,1093511764,directional,63235860.0
324,19,-772233227,-307907439,1143406811,directional,196263287.0
324,20,-16801229,-952889818,1048480650,directional,72316192.0
325,3,262096243,-1739659190,1269118086,omni,
325,4,-293597044,-221013762,1167347829,omni,
325,6,815807666,-1257624464,1354027428,omni,
325,8,989752489,439796573,1147210694,omni,
325,11,-1122216009,-532749412,1249681015,omni,
325,13,747986003,1425420713,1425392901,omni,
325,14,910821399,-1082919884,1057273217,directional,62627448.0
325,15,1557966567,-217474771,1030643020,omni,
325,17,-270768260,-441955496,1472602803,directional,351953507.0
325,20,96912090,471299771,1045086816,omni,
326,1,429612822,-440332956,1226386170,omni,
326,2,-1631526970,-600767880,1246994648,directional,16862704.0
326,3,-1419516676,-350457136,1170225459,directional,358673950.0
326,4,-100364418,43354055,1065668514,omni,
326,6,-296684496,-403443676,1230345740,omni,
326,7,173726918,672244403,1223051851,omni,
326,8,-936492275,-837739589,1432507639,omni,
326,9,-509454451,-1219972921,1032174428,omni,
326,12,-423100996,-476218180,1430700272,directional,345716497.0
326,16,-459654519,-1357495994,1415474892,omni,
326,17,-1121296764,243666831,1403541274,directional,53981357.0
327,1,1687103562,-4474667,1005914583,omni,
327,2,-1038878749,-540170130,1305209039,omni,
327,8,-294114358,216331993,1145405095,directional,318786264.0
327,9,1214556330,867847105,1253529238,omni,
327,12,1157060819,-661498092,1216808161,omni,
327,14,429560477,-215300605,1197135278,omni,
327,15,-993340249,-730854210,1090264852,omni,
327,17,383229616,-390650838,1172561724,directional,168030898.0
327,18,159029962,961178651,1117193679,omni,
327,20,-866924976,1341392086,1035730262,omni,
328,1,1097044797,1285347171,1399482207,directional,142062871.0
328,4,-706910713,-563068176,1213160360,directional,252377232.0
328,5,-835478787,-1334510233,1008026048,directional,152941525.0
328,6,-1174248110,-658096749,1383466073,directional,236719940.0
328,7,811992656,-881429576,1334769679,directional,87903860.0
328,8,-1211464958,-756739933,1309939004,directional,37970938.0
328,9,972215076,591785022,1102635360,directional,345257239.0
328,11,-564269620,1054047523,1166422093,directional,197527293.0
328,12,-1314285626,-505966357,1460428740,directional,91663696.0
328,14,67584394,-1645356287,1132213401,directional,138747276.0
328,16,-1317643463,579770355,1033980966,directional,23821122.0
328,18,-791766139,-69787090,1036788653,directional,137568450.0
328,19,-50553142,-1008078906,1196778303,directional,7659300.0
328,20,-480450355,1285317178,1358532955,directional,97320755.0
329,1,-1005097205,107505385,1268182823,omni,
329,2,-45458279,-1425535774,1021259436,directional,95653593.0
329,3,1344876798,-86731161,1176273930,directional,278722779.0
329,4,1350346238,-322468333,1022917314,omni,
329,5,-77537336,651793312,1008738586,omni,
329,6,-1226852443,-1230786734,1087627855,omni,
329,9,1761048426,125907321,1228428045,omni,
329,10,-621915996,-438863500,1005463046,directional,340024629.0
329,11,-866188084,-559349701,1109433460,omni,
329,13,-1364496205,-794372727,1489789540,omni,
329,14,-1311820604,546636660,1123266185,directional,175274922.0
329,15,-620523878,432799426,1219512092,omni,
329,16,-1214102597,497419973,1166876921,omni,
329,18,-252187154,-1408491450,1298215373,omni,
329,20,-1042471451,-133154515,1168321998,omni,
330,1,27794167,1335730854,1353982872,directional,1354665.0
330,2,92512117,-640249356,1082762403,directional,126451264.0
330,3,46818677,534423172,1255939550,directional,30600962.0
330,4,-583633266,879276862,1023441095,directional,103782613.0
330,5,-51914082,-1094334731,1243264411,directional,93259201.0
330,6,-1025334536,-250805990,1361992425,directional,48593519.0
330,7,-689075233,187328029,1138937192,omni,
330,9,-937642240,-1249444885,1239965028,directional,194681721.0
330,10,-169565665,-361746755,1297657966,directional,44369182.0
330,11,748334036,-1033108691,1230511005,directional,194938509.0
330,12,-1411235524,432523524,1287882754,omni,
330,14,265733317,1414053813,1028573298,directional,101603532.0
330,15,263681983,409501241,1284598892,directional,312101085.0
330,18,529010905,-487368176,1284044520,directional,318009458.0
330,19,-437479313,-654799383,1080871978,directional,143640302.0
330,20,334899503,-992879753,1362580878,directional,211850536.0
331,1,1435138451,46116654,1212786066,omni,
331,4,-346948400,50660500,1132759850,omni,
331,5,1174438529,322672473,1000770232,directional,103436498.0
331,7,-1555919828,-658578526,1134713176,omni,
331,8,-807915849,1463440495,1233333116,directional,117888998.0
331,9,-1303668322,559206696,1171764207,omni,
331,11,921377688,-581217375,1214409239,directional,124046834.0
331,13,546134032,754376746,1138596904,directional,140811036.0
331,15,-840534976,-337879465,1047953585,omni,
331,16,-824707328,830258618,1392583080,omni,
331,18,843401320,-967434531,1324360322,directional,244186771.0
331,20,-877181337,-1439933400,1270920826,omni,
332,1,-332538809,202111836,1187059595,directional,290355528.0
332,3,1511037047,-516321622,1483671893,omni,
332,5,1153558874,-812854845,1352710240,directional,267853796.0
332,6,1556793862,509347387,1026635778,omni,
332,7,722093469,-456254141,1285024054,omni,
332,8,-471985924,1364178738,1116293740,directional,139817216.0
332,9,-1561074065,210162022,1485486107,directional,128600765.0
332,11,-1052072177,408390017,1317465743,directional,141003542.0
332,13,1550659042,59692340,1163774733,directional,85677775.0
332,14,1411409433,892997044,1425201612,omni,
332,17,-181514315,1549936019,1309336168,directional,180920802.0
332,18,210175907,-1582954179,1038544245,directional,80027467.0
332,19,-759553865,1239097201,1009611904,directional,227753232.0
332,20,1229003438,403939792,1418082455,omni,
333,3,-428868373,-1038522933,1456534567,directional,173191717.0
333,4,-749181328,-467714986,1236823524,directional,218131215.0
333,7,561951425,967882411,1101211070,omni,
333,10,718745310,1066058323,1055573309,omni,
333,11,-586388997,1443714195,1121341613,omni,
333,12,210626143,-994111539,1133155018,directional,177347781.0
333,13,740965287,683510018,1362577276,directional,245361095.0
333,15,-264201193,-224968026,1277451342,directional,325438581.0
333,17,-564906516,-1184804574,1451663226,omni,
333,19,95215942,-672242421,1257649241,omni,
333,20,50659766,-1271739463,1079457054,omni,
334,2,-1270325619,1167405072,1293447433,omni,
334,4,-295700987,-681521464,1243133103,directional,37907448.0
334,5,919220178,841985623,1127537649,omni,
334,8,711422229,985193684,1017607013,omni,
334,9,-843805572,-401903061,1403734465,omni,
334,11,102836562,-641911159,1134555943,directional,32701354.0
334,15,-1146892615,-654542868,1211756955,directional,277986655.0
334,16,-818967848,-1527631556,1165546951,omni,
334,18,277474084,-357809135,1331594398,omni,
334,20,-309343331,1277453996,1055129076,omni,
335,2,-828478309,1284072417,1487650737,directional,278096160.0
335,4,-991928955,354791817,1250774802,directional,318494804.0
335,5,-255384195,424120570,1337794615,directional,83863393.0
335,6,1257038587,750447743,1303780405,directional,341552370.0
335,7,-880496159,135169437,1100703536,directional,276906441.0
335,8,-1375129609,179193431,1005726021,directional,132933288.0
335,12,-13176100,-1571470354,1220337451,directional,259167276.0
335,13,-1352183441,-19555392,1178373042,directional,341566492.0
335,14,-178365080,831714301,1280645487,omni,
335,15,-627974533,643024560,1294595003,omni,
335,16,-679958554,903935145,1362242044,directional,278778160.0
335,19,274015497,-434971531,1111012609,directional,271283922.0
335,20,-1587736267,524914372,1011845947,omni,
336,1,1130076525,879512361,1133255771,omni,
336,3,1019202007,-916569389,1101696393,omni,
336,5,-785489855,741951031,1024079070,directional,260129832.0
336,7,433580424,-1173251569,1354871294,directional,42330789.0
336,9,506112063,-1386664199,1087066416,directional,153623240.0
336,10,317291909,-119699634,1413939236,omni,
336,12,-1254686869,731849028,1410930660,omni,
336,15,-853274986,1088259778,1140409167,directional,274779611.0
336,16,-365351538,-316287907,1282555256,omni,
336,17,1351331392,-1043586587,1169587518,omni,
336,18,-1298371514,261062471,1360672537,omni,
336,19,-780073598,-235090130,1218284805,omni,
336,20,-1173983595,987393851,1495491365,directional,160824992.0
337,1,-1463982577,-829413498,1170734398,directional,330535464.0
337,3,1492158300,282543196,1048533810,directional,299886902.0
337,7,-1342695826,1002692623,1278714698,directional,262799155.0
337,8,668142230,403911185,1058827286,directional,110519877.0
337,9,-182150463,700976556,1442754943,omni,
337,10,269724071,1538087090,1220285640,omni,
337,11,-615384296,-522086898,1371415466,omni,
337,14,-30171265,792572528,1296154641,directional,164846219.0
337,15,-337740325,1369015696,1092482365,directional,60010214.0
337,17,691687600,203220525,1421575177,directional,315785151.0
338,2,735861815,520369523,1479183043,omni,
338,4,-1274136051,711909438,1490406743,omni,
338,5,-955524884,182482178,1427804830,omni,
338,6,-1678396178,-169343788,1362899470,omni,
338,9,-1732848563,46567577,1277257845,omni,
338,10,958237340,-267591189,1406979167,omni,
338,11,-472354324,-1704283558,1283567521,omni,
338,12,-499051037,537625381,1497581460,omni,
338,13,1151202166,1283435093,1307852354,omni,
338,14,1209574837,17639935,1478203374,omni,
338,16,160227710,1119891600,1116070554,omni,
338,17,578954973,602439596,1164639009,omni,
338,18,-1267625784,-1171265403,1470464403,directional,193062734.0
339,2,-1692590768,295813465,1442202954,omni,
339,3,1398507218,720319822,1145256372,omni,
339,5,435079645,-1619840199,1004802705,omni,
339,6,-1000602201,401305020,1493889173,omni,
339,8,-697350360,-1356811203,1404716316,omni,
339,9,728390690,-414674398,1415176981,directional,101136255.0
339,10,-753690926,1492202063,1321864627,directional,325971829.0
339,12,-150177528,-694067311,1118262903,omni,
339,15,307976269,-1656035532,1277305775,directional,236751624.0
339,17,-95314969,541108714,1009420544,omni,
339,19,-572575601,-138765893,1331798335,omni,
339,20,-353713058,166047459,1062204434,directional,255225473.0
340,3,-930895554,-1358011009,1215478318,omni,
340,4,-98848803,-826189132,1477479828,omni,
340,5,1136087704,-1005027519,1300416953,omni,
340,6,-821425961,-1561306169,1034130124,directional,124917036.0
340,7,-1063742337,-321882846,1010723548,omni,
340,8,-1080494374,-1213487446,1172948610,omni,
340,9,309237912,-1683167073,1215306234,omni,
340,10,-311202726,300937575,1260500395,directional,269150648.0
340,11,125158348,1358816726,1439265600,directional,243822923.0
340,12,-1680764228,-428102302,1040568253,omni,
340,14,1599029641,-730378229,1200515136,omni,
340,15,825251772,1365524511,1171446849,omni,
340,16,-246440699,-569149700,1404138757,omni,
340,17,-237071273,-387578592,1185878193,directional,141047312.0
340,19,-1291799056,600422646,1485960857,omni,
340,20,-1030426170,-878586491,1048609249,omni,
341,1,398157993,-532947878,1373022606,directional,139553103.0
341,2,-760177585,549160409,1250062607,directional,105375159.0
341,4,-962035624,905796841,1027832532,directional,113206010.0
341,5,-1615526246,551795263,1405843724,directional,190793709.0
341,6,1452916247,-92364281,1042318830,directional,242331589.0
341,7,1220149904,776583474,1152436954,directional,192840596.0
341,9,50026965,-205314603,1417746888,directional,188963824.0
341,12,-1503982800,93377693,1445940903,directional,92572076.0
341,13,-197830182,-992805445,1321236457,directional,187888243.0
341,14,-300154133,526740913,1232551703,directional,189328745.0
341,16,-739269839,-210274761,1497840131,directional,331167170.0
341,17,-1404488252,-43332574,1141604050,directional,234219705.0
341,18,541996464,-1670097812,1203536979,directional,56967822.0
341,19,-508346661,25287657,1396730368,directional,327078035.0
341,20,780805780,1140527518,1375407939,omni,
342,1,590262026,-954217243,1344589095,directional,147773119.0
342,3,-972633057,-73900277,1250800595,omni,
342,4,-521410187,-95720973,1127960335,omni,
342,5,-275731491,-1679420294,1275068795,omni,
342,7,-1229664535,-126862431,1029611137,directional,210805654.0
342,8,-1101663369,853591801,1369188663,directional,178742710.0
342,11,-1044999272,1324307873,1136450626,directional,28155082.0
342,12,727015864,-617895772,1426005535,omni,
342,16,1137570202,-636826284,1172733081,directional,319890281.0
342,19,-649104028,737352071,1143481228,directional,328058032.0
342,20,-582365217,-815962256,1343852237,directional,85588823.0
343,1,-466976183,-183944624,1337429589,directional,173020295.0
343,2,1607892178,-349804374,1354005289,directional,320586627.0
343,5,1276364479,-260983179,1251706447,directional,16310871.0
343,7,1474777388,49058564,1286735722,directional,9607629.0
343,8,1714744895,213364755,1363496136,directional,103426225.0
343,9,714811365,-1593738049,1083745507,directional,3513971.0
343,10,-1008009556,-642211845,1054923452,directional,294530205.0
343,11,-575123393,1426644619,1328527713,directional,59756903.0
343,12,-768979274,1014968027,1122718155,directional,244043484.0
343,13,534424762,143921794,1311712998,directional,323352765.0
343,14,-434900710,-1141200662,1327502931,directional,71141321.0
343,15,1457011120,-98418567,1434600775,directional,163694354.0
343,17,1698977278,450818127,1466149955,directional,164983104.0
343,20,-553723346,-69823695,1499944052,directional,94251964.0
344,1,-307618712,-521883047,1203945445,directional,36254291.0
344,5,939258282,1171624042,1489914438,directional,187447936.0
344,6,-244032965,-739361544,1387241727,omni,
344,7,-1506993115,-637634309,1383798699,omni,
344,8,-67993837,718168207,1273595685,directional,231668210.0
344,9,-784032368,-731081510,1165416002,directional,74039645.0
344,10,-248429778,-109605785,1485046554,directional,169709647.0
344,14,-1971890,1034720347,1065445468,omni,
344,15,348096274,-716328754,1068348618,omni,
344,16,-367030450,768060480,1191927855,directional,5450896.0
344,17,-1046086547,-89995699,1383948790,omni,
344,18,119310764,-1569952513,1259277092,directional,351547033.0
344,19,1029561441,-730978997,1163009912,directional,67065988.0
344,20,-1285607311,-94955194,1117871116,omni,
345,3,-1182545428,301554474,1095009774,omni,
345,6,-242603607,941019741,1241239846,omni,
345,7,1227081166,18922332,1491041622,directional,157865585.0
345,8,1321171921,-207910560,1062984688,directional,310867145.0
345,9,394647257,1662310312,1150756835,directional,139713572.0
345,10,1454516806,-996078791,1334437508,directional,55880415.0
345,13,-1007648589,-463532787,1462903363,directional,230459959.0
345,17,-572644235,1166507918,1465971284,directional,16864210.0
345,18,-784922181,328716992,1225143360,directional,192159447.0
345,19,-242942351,-1317856876,1218305895,directional,22693301.0
345,20,-1455815440,502768593,1034343687,directional,248179558.0
346,4,660877354,596032078,1290327043,omni,
346,5,990008854,-642195720,1365017356,omni,
346,6,383455229,-1029035902,1094691630,directional,16509166.0
346,7,1326016276,946394223,1195959079,omni,
346,8,1604493213,-555581019,1479919111,directional,176483948.0
346,9,-1065744340,-561015112,1292314361,omni,
346,11,-1045219389,-1157401124,1203221307,omni,
346,13,-1704313265,-189358526,1410495004,omni,
346,14,1661854281,371788400,1451869656,directional,128815726.0
346,17,442515323,-954798493,1215417909,directional,31501846.0
346,19,-438494302,-811550393,1427890281,directional,118548460.0
347,1,-903389502,-363827735,1299181788,omni,
347,3,1437434976,1030811340,1033601973,omni,
347,4,1084763049,-922097413,1157237255,omni,
347,6,1196662635,-1053361552,1404903982,omni,
347,7,64312144,-1020950103,1421929645,omni,
347,8,-1341340498,335784039,1207758322,omni,
347,9,2047240,-102984575,1064357656,directional,206516787.0
347,10,359852566,-1339485862,1235448555,directional,352835194.0
347,11,-945917301,-913598494,1041490330,omni,
347,13,908774636,-532856948,1155289218,omni,
347,15,-318426088,613768406,1030959276,directional,142955728.0
347,16,-131434516,428201117,1497443829,directional,19890386.0
347,17,-766443086,405893129,1234645639,omni,
347,18,-1333484270,-814064097,1198369533,directional,98595323.0
347,19,-1277608440,-591887423,1044356324,omni,
347,20,-785464227,607976613,1186284599,omni,
348,1,-710395347,1609614268,1350631890,omni,
348,5,-69059236,197141014,1324376603,directional,293021573.0
348,7,130960811,-1382188913,1215689133,directional,105554608.0
348,11,268350840,-1663136772,1066007577,directional,211498088.0
348,13,-202910917,-1341646814,1333105978,directional,208002605.0
348,14,-991271126,682220595,1089626884,directional,345246964.0
348,16,-1186646965,343931118,1473321924,directional,172163415.0
348,17,313105059,-496420024,1191926419,directional,175839189.0
348,18,-714394494,-778121931,1451737115,directional,286347059.0
348,19,-287713416,-420470233,1254607642,directional,267233063.0
348,20,612900558,1232487477,1227351344,directional,54885941.0
349,7,-8800742,884824891,1031064822,omni,
349,8,962887726,-340868368,1086448068,directional,186232761.0
349,9,-816672063,1136811260,1139222582,directional,166407145.0
349,10,22432170,-377128578,1384937671,directional,250934887.0
349,11,-1110456130,1179517366,1018219905,directional,301244243.0
349,13,282124964,798860409,1331101349,directional,204743687.0
349,14,850990245,-258539601,1127090836,directional,355247585.0
349,15,690421106,596213616,1070337790,omni,
349,16,-484657458,-1095488083,1180125256,directional,49109511.0
349,18,-500319164,-659590280,1440461062,directional,117152429.0
349,19,704649700,194286861,1039870062,directional,262263176.0
350,2,1086992996,-533128852,1267050240,omni,
350,4,1031418325,-150356337,1045834064,directional,234345325.0
350,5,883468560,-1490412918,1457535287,directional,72351272.0
350,6,-1386421705,1017150334,1132349692,directional,274565481.0
350,7,21067513,307408095,1445610622,omni,
350,8,236473670,490824393,1118533542,omni,
350,9,22759652,-796885958,1303715807,omni,
350,10,263462019,829707150,1355049859,directional,2224590.0
350,11,537108777,-1258483813,1430677604,omni,
350,12,996385235,-1259181955,1182543774,omni,
350,13,-413614553,1110391364,1368392996,directional,273953212.0
350,15,-125136694,1249955893,1277363500,omni,
350,16,2077137,277453059,1111684581,omni,
350,17,491329666,1507077716,1032064460,directional,330989117.0
350,19,576832585,-237025713,1493940008,omni,
351,5,-330527870,-1062038808,1113322178,omni,
351,8,-702674652,1257256823,1295608927,directional,153925271.0
351,9,-756855451,-651199815,1203956892,directional,45437174.0
351,10,816151943,1150200503,1005870867,directional,69822953.0
351,12,-548048121,-764987299,1056421814,omni,
351,13,-662926184,1040053903,1257271803,directional,270989603.0
351,14,-1074010242,1162999627,1185465829,omni,
351,15,-317829466,-516049300,1434898307,omni,
351,16,434372957,-663612364,1359170789,omni,
351,17,-411333741,59744085,1278028644,directional,47537367.0
351,18,-1527635048,354618802,1451409043,omni,
351,19,66193269,-1463835355,1111658138,omni,
351,20,-584254561,321600413,1020147142,directional,237163102.0
352,1,-556697247,-294231523,1172619044,omni,
352,3,1081053928,-612452086,1461944256,omni,
352,4,-1299714343,-482681652,1141521684,omni,
352,5,-315246342,-749552255,1100090836,omni,
352,6,-498963279,409478565,1128351414,omni,
352,8,-320115864,488671224,1199103119,omni,
352,9,-214797951,-114319531,1066616112,omni,
352,10,923890090,10549967,1449046453,omni,
352,11,-468934896,-1155751321,1082366198,omni,
352,12,-1393263753,1056424592,1378085531,directional,341959486.0
352,15,-402558572,-249731326,1463457081,omni,
352,17,-284430428,215297967,1440769142,omni,
352,19,-536415234,582104131,1160588022,omni,
352,20,-1521128819,461971007,1066396420,omni,
353,1,900442965,-607703532,1099608022,omni,
353,6,1380310899,483622297,1171085108,omni,
353,7,1049307037,152233984,1417390411,directional,183445118.0
353,8,-1098385029,-369381104,1444258644,omni,
353,11,-300462542,1191047695,1085347418,omni,
353,12,330791355,-1584417904,1452827592,omni,
353,14,1312494482,-804687851,1082831478,omni,
353,15,850947225,279734821,1189092830,omni,
353,17,1657427341,106535145,1169774735,omni,
353,18,1484917780,-123333771,1250249968,directional,68818421.0
353,19,-770107022,-276246353,1013273975,omni,
353,20,455770106,1691832473,1430606490,omni,
354,1,322140588,202986089,1404034829,omni,
354,2,648401270,-378814738,1369936273,omni,
354,3,819178821,-1461592519,1260993672,directional,71388741.0
354,4,-578865818,-821439111,1049022812,omni,
354,6,66974549,-53091313,1230663239,directional,201429265.0
354,7,1043963507,-622931850,1471002881,directional,267277665.0
354,8,-493547364,-371540872,1478354851,omni,
354,10,271678677,1322185350,1479534397,omni,
354,11,163745463,-408985000,1287285310,omni,
354,13,-1164385058,-938614836,1300895396,directional,188346522.0
354,16,1132257821,354925445,1436294720,omni,
354,17,-446551090,748194468,1087701089,omni,
354,20,-735085902,1553691603,1483975519,omni,
355,1,-489133450,-461124863,1344014416,directional,191237388.0
355,2,1482834767,284280351,1473007109,directional,66767714.0
355,3,-1041511034,-1148658733,1447014536,directional,127727066.0
355,5,-205768278,900319346,1258751397,omni,
355,6,921349314,718492784,1093191761,directional,167806737.0
355,7,-554909216,825390913,1047479259,omni,
355,8,474837538,1607964626,1437993738,directional,63894382.0
355,10,756622447,-1481006683,1214686049,directional,267531600.0
355,12,-212971697,-1576618482,1400938612,omni,
355,13,-41318608,976614981,1259080799,omni,
355,15,834820133,163533179,1068322413,directional,104849158.0
355,18,-220047655,767474748,1460196409,directional,96271505.0
355,19,-934550864,-876689961,1115339861,directional,146906434.0
355,20,1489902539,12920226,1188009087,omni,
356,1,601181387,-669241810,1470849548,omni,
356,6,596140181,-583771964,1253952512,omni,
356,7,-891972771,-547589958,1090242083,omni,
356,9,297504892,680939133,1032404574,omni,
356,10,-582534493,-388268315,1206470436,omni,
356,11,-903442698,-773002632,1077020979,omni,
356,12,-1751450280,38154408,1235194563,omni,
356,13,582630050,-938135387,1326011619,omni,
356,14,1718707249,-367447307,1407035019,omni,
356,15,-1153284206,-53042823,1322471496,omni,
356,16,-1074086712,610683752,1098711152,omni,
356,18,255450706,635325835,1101988219,directional,291968750.0
356,19,-1015381204,771766586,1116532748,omni,
357,1,542722602,-980080052,1371134462,directional,334346143.0
357,2,511315597,-292372869,1401657164,omni,
357,4,119411901,-1025664565,1288012080,omni,
357,5,1256401116,-1101733446,1281263052,omni,
357,6,230590189,-1750915143,1151003117,omni,
357,8,708784386,1349779144,1256502647,omni,
357,9,368917595,-936776449,1177318947,directional,6724406.0
357,10,1316452131,152377311,1355343079,directional,171880831.0
357,15,-401180548,-444145417,1139720917,omni,
357,18,749314242,1410968825,1363973902,directional,266024377.0
357,19,557462746,-1079332595,1289053227,omni,
357,20,-139796519,-1492838010,1128964125,omni,
358,3,-844734756,195634224,1265587247,directional,98617081.0
358,4,1546559275,-122704685,1162633507,directional,107137125.0
358,6,-337544004,907672199,1112160231,directional,122228075.0
358,7,-602421400,-1127028479,1351445884,directional,238463177.0
358,8,-26221475,-85478537,1043638869,directional,101956460.0
358,10,-152660023,-778334506,1089091437,directional,212361470.0
358,11,1333358708,-701709109,1064660339,directional,68943457.0
358,12,-1185296374,408774327,1084040134,directional,190077392.0
358,13,-1025779086,-438519059,1487287526,directional,216737351.0
358,14,-600241496,493746482,1010380451,directional,70450833.0
358,15,-1365031562,489612286,1144034182,directional,110981725.0
358,18,-1363213746,-660292563,1304774432,directional,66638804.0
359,1,162132525,-563496930,1194916100,directional,120347434.0
359,3,-488402315,766368109,1317167876,directional,89652798.0
359,4,-1166486592,750140012,1052905052,omni,
359,8,537031980,-1320402252,1402813601,directional,157443809.0
359,9,-1161238513,-216231284,1055142960,directional,297553587.0
359,10,1629094495,267442647,1274772899,directional,124413812.0
359,11,1132765561,905695597,1366638041,directional,91636566.0
359,12,-597436022,-881542624,1279803589,directional,45861218.0
359,15,966158722,1315087214,1338818947,omni,
359,16,678017788,-131687702,1472722420,directional,268626139.0
359,17,1600618908,-247874116,1444500660,directional,172963043.0
359,18,776731673,-37158219,1187467877,directional,289972389.0
359,19,-1564884393,619052230,1265800143,directional,348537610.0
359,20,-30718561,-1446127427,1191647228,directional,214525881.0
360,4,1059722515,-38994470,1336765437,omni,
360,6,-156545976,-1083602480,1354910179,omni,
360,7,-1512524095,130642091,1453528428,directional,183666775.0
360,9,1523010834,646739846,1330786484,directional,27542662.0
360,13,-122734265,-1730703167,1254159456,directional,130831886.0
360,15,-661981015,-853641995,1344494158,directional,206686721.0
360,16,495332074,-116133267,1173707592,omni,
360,17,-319200859,651769104,1078365012,omni,
360,18,1330375312,-658737192,1375725769,directional,18588296.0
360,19,-272476046,-309532833,1391611831,omni,
361,2,-516574575,-1571930196,1283594107,omni,
361,3,141524768,-1238429512,1204584561,omni,
361,5,-431200726,-1296340027,1098192557,omni,
361,7,-271600926,-981050266,1420725836,omni,
361,9,-722676546,611913096,1450125899,omni,
361,10,31405197,100824703,1481436456,omni,
361,11,-798040583,1386818772,1080568468,omni,
361,13,-33727074,1337587885,1342122566,omni,
361,14,-375062783,-1646263351,1460004599,directional,94958080.0
361,17,-1057856320,1348422577,1252461099,omni,
362,1,1081482942,-1390051436,1466211750,omni,
362,4,1479414775,85363534,1032821910,directional,338696058.0
362,6,92266624,940197383,1176521167,directional,54185414.0
362,8,-107409737,-42540112,1047715593,directional,211497936.0
362,11,-1144679895,-343165695,1048523489,directional,80806385.0
362,12,1719047652,48382845,1332966038,omni,
362,13,-703718460,7509025,1276223803,directional,296792460.0
362,15,1118716589,1337590109,1156986308,directional,203773736.0
362,18,-885424726,206499654,1038127486,directional,230869506.0
362,19,-516279717,1669876096,1142460217,directional,162399692.0
363,1,1454756927,2783409,1489640843,directional,321037716.0
363,2,1293413929,107550974,1128452663,omni,
363,3,-1556411429,837502881,1385226306,directional,60888427.0
363,4,528275009,1055208824,1439812403,directional,113212245.0
363,5,-774922132,1335829003,1107108241,directional,318200753.0
363,6,-363288154,1533180676,1407408218,omni,
363,7,1058794957,404271740,1342902526,omni,
363,8,-92810261,1528321567,1096426136,directional,217812122.0
363,11,1180719304,572356003,1031750165,directional,228656273.0
363,12,-1230325769,861481839,1136602114,directional,335909306.0
363,15,-1204111501,-1066308291,1145819400,directional,212404985.0
363,16,1287871677,-54519148,1008925927,directional,67730386.0
363,17,-688342300,793459320,1297328378,directional,290679440.0
363,18,-141209122,809623083,1058854885,directional,25448065.0
363,19,-134984072,-682781825,1117100989,directional,162271878.0
363,20,913865972,782724993,1148659538,omni,
364,2,1224328107,899868103,1010639311,directional,202396596.0
364,3,-1045650232,288439844,1250110666,directional,123219818.0
364,4,-569308132,-1265069299,1089089045,directional,84994500.0
364,5,-1371140336,1021825468,1011241380,directional,334037043.0
364,6,-1143482224,717447394,1137039193,directional,127372360.0
364,7,1279347881,-518579395,1471787473,directional,103654620.0
364,11,508409701,-249847649,1389896649,directional,84057785.0
364,13,-1352173343,-991794560,1118794354,directional,248593196.0
364,18,975699773,-720187461,1060035206,directional,352545820.0
364,20,-297390520,-908310181,1353955626,directional,115400596.0
365,1,-452459776,1247110692,1463413766,directional,287690940.0
365,2,-707652621,-1432055879,1428314713,directional,272189574.0
365,4,547410937,-748536012,1471477252,directional,32219754.0
365,5,1001742658,-884875002,1260238263,directional,63054287.0
365,6,-520466602,-1080240150,1348111370,directional,297850834.0
365,9,-375932330,693178104,1384405473,directional,180379245.0
365,11,-1639244175,374551707,1489596294,directional,304821229.0
365,15,752306610,317909544,1326715137,directional,8232620.0
365,16,710895886,-1422717576,1074408658,directional,185547989.0
365,19,1428608632,-948305493,1001760210,directional,201617365.0
365,20,-106127873,-1143499570,1270091010,directional,264276380.0
366,1,-187635037,-971709741,1407198887,omni,
366,2,-1467186091,558223340,1044568650,omni,
366,3,-1128433648,891891254,1450538314,omni,
366,5,-1034608498,202567865,1315513159,omni,
366,6,-1580430953,417237275,1147705611,omni,
366,7,246308395,-1108935912,1121498780,omni,
366,8,1110743393,31730056,1192097673,omni,
366,9,257336493,898937046,1217965123,omni,
366,10,-1028177305,-220350580,1316423794,omni,
366,11,288507885,39424098,1282609387,omni,
366,12,-520906277,-144807626,1469948972,omni,
366,14,252802551,698723149,1448693569,omni,
366,15,-803694960,-667702553,1376363928,omni,
366,16,-1723905917,138837121,1091001947,omni,
366,17,304846626,124288433,1164978234,omni,
366,18,-986319817,790790960,1334217542,directional,321383533.0
367,2,-219210105,-1187788636,1005956788,directional,220205482.0
367,3,-1312583651,293386307,1469397956,directional,210844211.0
367,4,377969254,1559571382,1086947378,directional,247207530.0
367,5,-633587968,-595651543,1196845253,omni,
367,10,-485123280,556409859,1134166737,omni,
367,11,-1385465555,152813513,1034712240,omni,
367,12,626542285,257413510,1003608427,directional,794052.0
367,13,-558655472,-1065760110,1005361588,omni,
367,15,-489641847,1130555660,1305375679,omni,
367,19,728539809,1185779009,1153043050,omni,
367,20,101022198,-1375270544,1364549031,omni,
368,1,571933788,-1236542510,1288802565,omni,
368,3,100923569,-465954775,1220715219,omni,
368,4,-341706229,-1648657252,1115342423,omni,
368,5,-702840359,94292199,1283056811,omni,
368,6,313684589,970143024,1389600710,omni,
368,7,-831390334,-782997686,1244616274,omni,
368,8,-525198799,863911845,1456160973,omni,
368,9,1239309733,-768873,1312184231,omni,
368,10,1032028508,-474941935,1330762570,omni,
368,12,-505037531,1603781901,1107671482,omni,
368,13,1076835324,-122165052,1495082512,directional,172851436.0
368,14,1028828283,551665091,1435059114,omni,
368,16,94594251,1453176205,1087580018,omni,
368,18,322190701,-43495913,1486579993,omni,
368,20,-210354415,-1024422700,1183918821,omni,
369,1,-184030157,-571562040,1412489646,directional,13543684.0
369,2,936354537,1210408364,1137281986,directional,309160249.0
369,3,-1035659998,-158534226,1433403262,directional,275919407.0
369,4,1194940138,300872734,1201206693,omni,
369,5,-421803894,1166078932,1436153961,directional,202364983.0
369,7,1075464373,680308760,1124552873,omni,
369,8,666232602,-286219954,1240485125,omni,
369,9,759109011,-1157337366,1363705903,directional,64914044.0
369,10,-18361352,-1505369954,1462854786,omni,
369,11,987932892,256686936,1107700424,directional,106696380.0
369,12,871030028,560068686,1023937726,omni,
369,14,-816552307,522407716,1159852459,directional,131560077.0
369,15,124441119,-222551941,1055714261,directional,273540447.0
369,16,-131962604,-122317734,1461702180,directional,153967745.0
369,17,1235829219,-370086276,1337433142,directional,136301198.0
369,20,-644534935,360575689,1403250715,directional,16767204.0
370,1,781078244,-72023131,1270257580,omni,
370,2,-823007113,-1480151108,1429391059,omni,
370,3,76359332,885068479,1036342059,omni,
370,4,261369838,49292863,1065900283,omni,
370,5,-1006935734,-620607836,1321833891,omni,
370,6,-444155354,-1546586047,1033856626,directional,157033080.0
370,7,-889121138,489721843,1087164960,omni,
370,9,419604828,-51389449,1438257029,omni,
370,10,331995942,378147175,1393092122,omni,
370,11,1407950128,89640864,1267816801,omni,
370,12,814913067,-554972748,1040833443,directional,38659440.0
370,14,1103781974,-257429072,1268726599,omni,
370,15,145178297,-1684077320,1415754343,omni,
370,18,1416526225,-285693553,1157481508,omni,
370,19,-1025423268,551466269,1328485038,omni,
370,20,1030700676,328828194,1268052622,omni,
371,2,1094510529,-1034127003,1145248119,directional,149413318.0
371,4,-1689285948,-16685498,1016877745,directional,5705884.0
371,7,-780813820,1124122447,1448005892,directional,83043386.0
371,8,942109898,1361024145,1269340575,directional,228822992.0
371,9,-1584728285,485022748,1376475623,directional,351142987.0
371,13,1552913451,513891173,1085870462,directional,179432066.0
371,14,-176287753,-743740908,1348919538,directional,239745874.0
371,15,-931202745,-406043576,1280193093,directional,341154156.0
371,16,-545119108,926178223,1368802053,directional,222793740.0
371,17,-858941505,-9371630,1174074080,directional,214849237.0
371,18,199067042,268575526,1230200341,directional,311560622.0
371,19,-536119221,1544146903,1113461659,directional,183745428.0
372,1,-208387578,-1064485629,1009187178,omni,
372,4,158802328,230966154,1389734662,omni,
372,5,-842284573,-80877745,1001152132,omni,
372,6,-888207527,1124529244,1415156588,omni,
372,8,-649452836,-1014069909,1208317247,omni,
372,10,1192644323,690759428,1132896567,omni,
372,12,-1210919530,1040262578,1301055029,omni,
372,13,-1518095494,-624269942,1474307228,directional,77523085.0
372,14,1045197276,-1350117452,1051039403,omni,
372,15,90576612,1050060459,1000181589,omni,
372,17,-223902023,-258870622,1124017894,omni,
372,18,-798193060,-853749283,1262304858,omni,
372,20,-424040654,-478514135,1240352792,omni,
373,1,1758331717,66327889,1115448412,directional,312167727.0
373,4,869973402,-50769841,1375486973,directional,179530697.0
373,5,424844242,-367505971,1140155395,directional,196304490.0
373,6,-1617825546,169139915,1113999460,directional,13564240.0
373,8,-1389661895,-724510589,1461939679,omni,
373,9,-234373176,277569514,1290737869,directional,257297820.0
373,10,-464099136,-1494322127,1492991070,omni,
373,11,-762631416,919894484,1145927810,directional,199057112.0
373,13,363117086,-364219571,1435725635,directional,150477709.0
373,14,347185198,73964847,1332729872,omni,
373,16,-11934521,-1643045429,1224915214,omni,
373,17,670373063,867548543,1400916409,omni,
373,18,-641850680,-515394092,1029053412,directional,15836952.0
373,19,545194760,1452237924,1446340548,directional,252674364.0
373,20,-261265617,519903002,1372619285,directional,106263628.0
374,1,541180172,787951156,1348919732,directional,191120885.0
374,6,1385459860,822380035,1004172406,directional,218832335.0
374,7,548268900,-465912869,1089209708,directional,147456498.0
374,8,-947267608,695636707,1452353058,omni,
374,10,-294886052,70930288,1415661488,directional,303403186.0
374,11,997451024,1077224609,1163918087,omni,
374,12,56623347,1129696475,1379876121,directional,304320338.0
374,13,-606777053,899649996,1215393270,omni,
374,14,984231994,1452304998,1248372015,directional,13609044.0
374,16,1349357001,927145996,1423337233,omni,
374,18,-1076376021,308456907,1080083568,omni,
374,20,1237578777,79996577,1295732125,directional,220413473.0
375,1,-781678022,-1402263330,1278617688,directional,186043852.0
375,3,721493803,-383141597,1473083592,directional,42852264.0
375,7,-114585450,-1309914651,1147898298,directional,141391938.0
375,8,532006210,-309084181,1251276654,directional,29154159.0
375,10,603767764,42811023,1300929593,directional,193023271.0
375,11,57469437,1210690252,1339966698,directional,280342152.0
375,12,915284260,1258175447,1124952073,directional,222359616.0
375,15,964079851,1386862872,1201596769,omni,
375,16,830312230,-1307331559,1026170119,omni,
375,17,-385402085,-339564901,1311240104,directional,302569238.0
375,18,1587302572,407533880,1402819451,omni,
375,19,-1511938008,-385048574,1251405982,directional,119851143.0
376,2,-1696237670,-448435594,1438964236,directional,75566721.0
376,4,-203259356,-1696458337,1312396751,directional,6635518.0
376,6,1168745150,-942156381,1220103518,directional,53992657.0
376,7,679368114,334960893,1356739549,directional,164173910.0
376,8,-1277328305,-1207918706,1246219273,directional,81342277.0
376,9,70399507,-738895994,1055450264,directional,18619704.0
376,11,962771082,-369917921,1303250416,omni,
376,13,1181498016,-225740155,1332905848,directional,354031295.0
376,15,-649494994,-820006735,1343706149,directional,102503209.0
376,17,-1458756852,449515526,1467494538,directional,341127208.0
376,18,1246566972,-450993579,1345417154,directional,6568364.0
376,19,800854275,164262964,1111942098,omni,
377,2,782110850,1307200572,1095452505,omni,
377,3,524963339,-1178170685,1282907760,omni,
377,4,-955217487,-168936367,1462374201,omni,
377,7,32063983,1114031240,1496576887,omni,
377,9,301648538,-608834278,1349028107,omni,
377,10,846965686,124960002,1480537724,omni,
377,11,25091117,133529714,1454209592,omni,
377,12,-687233819,-362859576,1129335031,omni,
377,13,-17600719,-1283178952,1126890019,omni,
377,15,399934815,590031814,1270902629,omni,
377,16,-377453321,1456501960,1243964293,omni,
377,17,524669585,-1222542436,1341284169,directional,242839336.0
377,20,-789166579,590790544,1027706846,omni,
378,2,356574524,1470476926,1472995561,omni,
378,4,-1392204741,-985788072,1108131832,omni,
378,6,690537759,395730974,1010801855,omni,
378,7,-154140942,-1062656511,1309679918,directional,181319975.0
378,8,387852495,-1087695054,1124895062,omni,
378,9,1076492062,959005775,1435886361,omni,
378,10,-909160372,-1027672490,1223390038,omni,
378,12,-385999735,1538516940,1083475059,directional,136003732.0
378,13,362013404,1026267408,1069105284,omni,
378,14,1099176552,1123210118,1107486421,directional,205436824.0
378,15,-243771901,304334302,1289094415,directional,114313937.0
378,16,-851806864,476230365,1498988890,directional,324369505.0
378,17,1348817774,659182538,1219639434,omni,
378,18,-676761034,-270690093,1213621837,omni,
378,19,701292140,836942963,1451878728,omni,
378,20,-1008099963,-415233279,1237327044,omni,
379,1,578876662,-1257109039,1323193577,omni,
379,2,720206741,-722196538,1054479579,directional,93137889.0
379,3,1588118556,-502241184,1305147970,omni,
379,6,1410498612,-454746971,1098656894,directional,299937178.0
379,7,-360910401,537820723,1006764091,directional,17756578.0
379,8,-353360223,-216821358,1444368272,omni,
379,9,-779092704,930252906,1138053794,omni,
379,11,-651889144,1623368692,1131876995,directional,211528288.0
379,12,354681704,1477549987,1021210322,omni,
379,14,1060808880,1219592747,1391016355,directional,125448881.0
379,15,875410235,-292886644,1163128031,omni,
379,16,-70458660,-861118396,1301274916,omni,
379,17,-437178175,921097030,1125584318,omni,
379,18,-1567228829,-762339748,1313416847,omni,
379,19,1057778808,1295951842,1088714857,directional,104556279.0
380,1,-978642434,-255318767,1294853747,directional,180993630.0
380,2,962353156,1170241465,1264918587,directional,28016807.0
380,4,-699243761,831888153,1403500925,directional,48422495.0
380,5,-1224321834,-736455964,1212825656,directional,65243880.0
380,10,-249350356,765632342,1242354390,directional,24842922.0
380,11,151517901,854727208,1363281843,omni,
380,12,615746542,977045522,1343128041,omni,
380,13,332606658,-114215982,1236275385,directional,273543628.0
380,14,-807315078,878128000,1335997226,omni,
380,17,-646647515,-866046829,1057331473,directional,200941905.0
380,18,537857196,1663244300,1397335953,directional,113447205.0
380,19,-581236212,540287430,1433818598,omni,
381,1,-553981897,145711564,1053309095,omni,
381,2,1079159057,1360904673,1210032637,directional,113584238.0
381,4,-1459538898,22278902,1465027409,omni,
381,5,700293760,355941206,1326802166,omni,
381,6,-213956932,-260100759,1132733687,directional,160389467.0
381,7,470474116,-901779824,1106472014,omni,
381,10,1091341715,-284911401,1183390599,omni,
381,11,460967515,147200717,1035464033,omni,
381,14,-121005807,-1183527960,1199450944,omni,
381,15,79452974,1081700161,1267514420,omni,
381,16,1268476896,-666083142,1041906707,omni,
381,17,-4805931,-707205819,1489411375,omni,
381,19,345212357,136839826,1426113479,omni,
381,20,-833628573,-765482877,1357914812,omni,
382,1,744358858,-1199446281,1115836270,directional,70260942.0
382,2,1269528890,-972532235,1470879811,directional,85598678.0
382,3,558973057,1240406235,1017022057,directional,20330076.0
382,4,-55210545,-777984621,1261468696,directional,356558633.0
382,5,-195537680,-1537347045,1235593531,directional,299013453.0
382,6,-435376923,-437029682,1068466016,directional,229355892.0
382,7,1570149629,-746568613,1342294740,directional,346828137.0
382,8,1415881650,-122147239,1290250607,directional,171954563.0
382,12,1097916432,-150690772,1290592739,directional,278346343.0
382,13,-346312068,198390346,1261553405,directional,114546849.0
382,14,62779978,1579163458,1242054493,directional,187263365.0
382,16,-1068364278,162510936,1040389607,directional,14261383.0
382,17,771025885,-209782647,1039035800,directional,189781745.0
382,18,1163665815,-663430136,1416024078,directional,171745222.0
382,19,-1278712523,-279610432,1467032532,directional,116870514.0
383,6,396580277,876069248,1309783869,omni,
383,7,-1393441394,114994323,1338541293,omni,
383,10,-552270087,1449208534,1162657597,directional,222291769.0
383,11,112168116,-1538320390,1336434365,omni,
383,12,621744061,247356299,1228706055,omni,
383,15,-63926324,-1564333658,1311677300,omni,
383,16,-230185042,832252399,1029278335,omni,
383,17,971690807,-1311491748,1020959217,omni,
383,18,-1677255708,-338699694,1358364138,directional,226583564.0
383,19,-1593615590,323294885,1047100366,directional,273584605.0
384,1,-1164599219,98236210,1201952880,directional,51943451.0
384,5,399205410,1108871590,1328594740,directional,174123413.0
384,6,-1142917428,595350544,1067400123,directional,271341043.0
384,7,-196379822,-179487648,1165469484,directional,306377833.0
384,8,-552411700,-1011669548,1148719297,directional,254161396.0
384,9,1059470107,911000824,1328940628,directional,200208068.0
384,10,501956868,603713945,1456841876,directional,34965066.0
384,11,863542843,1157986308,1170090347,directional,209132955.0
384,12,1163276410,-136289860,1168934572,directional,136351871.0
384,13,-454979121,1641509326,1342563139,directional,19272508.0
384,14,-1691134701,-333518819,1279449603,directional,22255530.0
384,15,-767525749,-1159098378,1305496294,directional,200091965.0
384,16,585474029,-1221575916,1274892774,directional,337060044.0
384,17,-478206558,-385769703,1090220388,directional,282454309.0
384,18,219445782,38601956,1068753094,directional,321530611.0
384,20,-254293370,-214013538,1239429175,directional,92850916.0
385,1,849742155,-460259087,1241706139,omni,
385,4,-1682385372,70377773,1192867529,omni,
385,7,-1365544134,788712204,1483408396,omni,
385,13,1618584177,-681737992,1398926330,directional,351384862.0
385,14,-911144007,-690036185,1267662901,directional,346506887.0
385,15,1467939504,-228110693,1110059229,directional,147957507.0
385,16,-12356446,-1307244366,1143068650,omni,
385,17,-1055319193,1152710036,1455625791,directional,318506879.0
385,18,979001747,-1322826459,1471625083,directional,28706143.0
385,20,-849684973,-8243987,1362043368,omni,
386,1,-1330258339,-412625028,1172232714,omni,
386,3,-24267459,768261824,1410000688,omni,
386,4,794541215,-299563678,1134410317,omni,
386,5,1094945083,288542017,1211161305,directional,241822101.0
386,6,-319648190,759668836,1311002648,omni,
386,7,398129242,-1456060959,1199549448,omni,
386,8,-686663235,-1396139565,1384916730,omni,
386,9,85441940,1561643680,1354531267,omni,
386,10,-1326740651,-573181485,1389339893,directional,40393958.0
386,12,-1054146777,-1397738740,1045309069,omni,
386,15,-228766289,843990915,1359020718,omni,
386,16,567423912,1397387705,1201217989,omni,
386,19,-869310798,-665265427,1214597049,directional,34193430.0
386,20,91724205,-1356963530,1390526960,directional,156937372.0
387,1,736031852,919815427,1256390330,directional,97556144.0
387,2,-52389613,-1697215193,1240846788,omni,
387,4,467369821,-225418166,1093498294,directional,149347976.0
387,5,1304017024,-407501222,1375443447,directional,192463446.0
387,6,-605584335,-418753067,1442135341,directional,205712059.0
387,7,-596404837,937517838,1181713421,directional,111054700.0
387,8,-202399711,475312547,1015891854,directional,125869643.0
387,10,-1370078769,643765484,1479463836,directional,256069941.0
387,12,-1338398194,-887900433,1408709759,directional,122396593.0
387,13,1038276723,-500278025,1074528200,omni,
387,16,-606154001,-736324242,1065858857,directional,193877719.0
387,18,-410259890,159698571,1481641249,omni,
387,19,398470807,1557936265,1252554973,omni,
388,1,1549324735,24692289,1375106070,directional,135473965.0
388,2,128441709,-336300153,1252200748,directional,32150452.0
388,4,1019306780,1129078042,1375291878,directional,295470222.0
388,6,-901372312,1356577820,1440945730,directional,60747159.0
388,8,-1211105418,1158281926,1139252789,directional,346299117.0
388,9,673189593,964018054,1263702378,omni,
388,13,1008572361,-1287441815,1298236075,omni,
388,14,-563051086,-368477117,1371052896,directional,44540584.0
388,17,464212359,183884556,1115332584,directional,171977008.0
388,18,-927033941,-864755234,1099704817,directional,170070860.0
388,20,-814275788,579445258,1101170238,omni,
389,1,-394298344,-1472905996,1187114039,omni,
389,3,-1151776220,-1275913416,1374626554,directional,358735334.0
389,5,452063066,-69323388,1473337549,omni,
389,6,279534872,552306427,1230343442,omni,
389,7,-729862841,12201557,1249179236,omni,
389,8,-1537782725,530461871,1374925789,directional,59139324.0
389,11,-1481532060,-334648703,1473198238,directional,18619963.0
389,14,-110470036,-756921351,1297603225,omni,
389,15,686197116,1590544433,1128915321,directional,49124721.0
389,18,-282595122,1585599158,1292339930,directional,221896216.0
390,1,-672013856,-420002727,1362153032,directional,36741399.0
390,2,-497784502,995481501,1246346260,directional,3930317.0
390,3,-42690596,-1742313215,1316935138,directional,64384691.0
390,4,215224426,-1688793553,1441083413,omni,
390,5,15593925,196366285,1042018043,omni,
390,6,-820198751,1098186906,1333524956,directional,128782749.0
390,8,1432544564,-373968938,1471409778,directional,281101032.0
390,9,369543270,-29941522,1462812294,directional,47700230.0
390,10,-1268701014,825206323,1277006190,directional,127281777.0
390,13,-49243102,99085880,1175938166,directional,70069442.0
390,14,-844162227,-889056756,1463492138,directional,12729240.0
390,15,-527634756,444060423,1064264891,omni,
390,16,-912215374,315248893,1241887507,directional,331759022.0
390,18,1490194296,468753701,1124066238,directional,172984978.0
390,19,740545708,1231582525,1306417600,directional,218717500.0
390,20,-912142711,60523750,1015489073,directional,353077871.0
391,2,-1276713765,922194608,1230893338,directional,6076449.0
391,3,-1609946960,-298167611,1458573607,directional,256591627.0
391,5,-551787931,258528751,1247119238,directional,100210770.0
391,6,-725999473,-500500274,1202177277,directional,311830977.0
391,7,-1039254224,222043564,1461551097,directional,226758558.0
391,9,121013193,-536048990,1286434856,omni,
391,13,-1276348184,-552201903,1115148076,directional,269330662.0
391,14,1503694150,-780836354,1147920276,directional,256916380.0
391,15,-1150005379,-1064281840,1235049722,directional,129406324.0
391,18,-1002064079,1265470988,1490285713,directional,305824323.0
392,1,261723976,1325267571,1050549900,omni,
392,2,1003050083,-682440964,1484944991,directional,117887888.0
392,3,724401533,-342787563,1098066944,directional,59552939.0
392,4,745562126,-720367604,1089988281,directional,72430522.0
392,5,-179657024,-444694493,1474091789,directional,149998007.0
392,8,665231175,31117194,1037169282,directional,8696519.0
392,9,338630081,-1518483996,1315873217,omni,
392,16,-1428349244,385652990,1367592641,directional,299008780.0
392,17,-288950048,-957784793,1497642368,directional,297288488.0
392,18,-1244183730,-4928375,1322759474,directional,330907526.0
393,1,725377413,-122176409,1118679526,omni,
393,2,-1336465076,-816078013,1345816537,omni,
393,3,-800493977,-1074573113,1115991653,directional,8932246.0
393,4,1280874708,410635739,1159886018,directional,247713695.0
393,5,-1355033267,521442245,1395950202,directional,167503765.0
393,7,-779946083,-180872508,1094069354,omni,
393,9,-156576760,1759983929,1109252979,directional,316717772.0
393,11,851047741,367908668,1164749665,directional,23720233.0
393,12,1757296483,102281921,1444110137,omni,
393,13,-488067590,-353800626,1331571049,omni,
393,14,-782703542,1579609289,1420278070,omni,
393,17,-1381695125,350868329,1083662118,omni,
393,19,1380704155,447992626,1075514249,omni,
393,20,450350572,725828317,1295441813,directional,67935546.0
394,1,-1017340214,102724441,1459466729,omni,
394,2,-187288268,740245209,1252259587,directional,116567601.0
394,3,1247051908,-414081718,1344819797,omni,
394,4,-894832175,-1430394914,1223384733,omni,
394,5,1518987828,546655642,1014332802,omni,
394,7,677989381,3883035,1406332229,omni,
394,9,1058396578,-1101948290,1073956608,omni,
394,10,-262800135,-631508740,1420320550,omni,
394,11,-376130853,776384957,1433575481,omni,
394,12,129251062,-1656111504,1392728376,omni,
394,14,1030339290,-524517065,1468914939,omni,
394,16,1543197196,-691230662,1074981984,omni,
394,17,1287239166,1118713845,1338313913,omni,
394,18,996877285,-812033673,1004122962,directional,237224988.0
394,20,223798323,-1064782642,1172783038,omni,
395,2,-1089195384,-713836481,1168924584,omni,
395,3,-764339473,-671894960,1459882805,omni,
395,4,741524119,1252560859,1436163195,directional,103296058.0
395,5,1492302520,828871839,1209043314,omni,
395,6,-55752478,-1315969191,1301882290,directional,13457065.0
395,8,892013615,-1372013446,1403507837,omni,
395,9,-1587680711,423856458,1457717489,omni,
395,11,228510773,-309671263,1458306845,directional,170871945.0
395,12,-1016596022,-1030537874,1058156763,directional,253155408.0
395,13,-758597851,133735629,1398755927,omni,
395,14,-442522071,1342242214,1048863584,omni,
395,17,-860129738,303119578,1010214807,omni,
395,18,223542133,-1276976452,1164720227,omni,
395,19,-184397525,-268857504,1290738521,omni,
395,20,-1381660621,1102814732,1334486803,omni,
396,3,317177314,8801173,1274323124,directional,222772048.0
396,5,841750196,-275145021,1162909909,directional,227949204.0
396,6,-410493186,-654044271,1053930105,directional,107905111.0
396,7,-28312345,-226436029,1384324789,directional,322927735.0
396,11,132210172,905604692,1050417338,directional,298262763.0
396,14,45125630,753595789,1125690975,omni,
396,15,1718527166,377213264,1486524568,directional,13371832.0
396,16,1239379893,66161445,1345763407,omni,
396,18,329040366,873332683,1413606416,omni,
396,19,-887251947,-545972532,1047341642,omni,
396,20,-345474394,-850619896,1179216482,omni,
397,1,-241851377,-964146633,1403430942,omni,
397,3,772699841,1341485156,1497109114,directional,101778937.0
397,4,-591162085,501631397,1498232383,directional,133418449.0
397,5,-1151235064,-632071639,1402000153,directional,54681955.0
397,9,-496922187,1070989586,1236361096,omni,
397,10,1322626482,1010573553,1429738419,omni,
397,12,-176628817,1745910705,1310238514,directional,1958946.0
397,13,-719991834,-134379855,1348161892,directional,12177567.0
397,14,787060119,461275205,1145557277,omni,
397,15,921331713,1079416635,1353353109,omni,
397,17,-802245192,946013235,1141821415,directional,314737271.0
397,18,-999925649,937784720,1205029169,omni,
397,20,-290064297,-487550952,1455781401,omni,
398,1,628249213,1142737861,1228614299,directional,256720213.0
398,2,147580354,-285242919,1294028128,directional,354709033.0
398,3,1011165051,858141624,1222529688,omni,
398,4,597047367,1404390265,1374406702,directional,324921536.0
398,5,-1296632588,466089091,1408085069,directional,72628296.0
398,6,-1204298077,908429519,1332531158,omni,
398,8,226000440,1070794361,1203272336,directional,269966396.0
398,11,-24952069,195186406,1499179976,directional,52527651.0
398,12,1116933697,976041291,1027317050,directional,301992772.0
398,13,1535261454,701000394,1239932553,directional,346929196.0
398,14,-596107005,1303084802,1231870874,directional,83648700.0
398,16,730572667,1242469375,1146131010,omni,
398,17,89366480,-1497263146,1113145055,omni,
398,18,945738425,-248236626,1256184340,directional,256825084.0
398,20,-623199827,335511760,1010014307,directional,91230917.0
399,3,-457308535,-1553445788,1359911875,omni,
399,5,-1547872218,-140340935,1348034783,omni,
399,6,-940191894,1200274722,1317374473,omni,
399,10,-1151124532,-859677543,1300222140,omni,
399,12,-682956770,1219560011,1402246645,omni,
399,14,-162569904,1745012698,1494735054,omni,
399,15,-771831802,-995876454,1042664033,omni,
399,16,758286653,-1190523663,1052558775,omni,
399,17,1075482524,-381752972,1492165897,omni,
399,18,1601564936,-351313778,1333028032,directional,138515911.0
399,19,235931847,1174534986,1076541470,omni,
399,20,-1164399978,-226565027,1050492941,omni,
400,2,-355555835,-828486270,1248047726,omni,
400,3,-1403147814,-371400984,1296543480,directional,202212497.0
400,4,117201900,-183288233,1422320379,omni,
400,7,-1266018492,331787325,1207137836,directional,99037769.0
400,8,-222770715,325032731,1033073064,directional,34695383.0
400,10,-1025489378,776474318,1113455946,omni,
400,11,866137857,1187333653,1461484122,omni,
400,13,-763857296,-1381203226,1183674679,omni,
400,14,1601424613,701098528,1335515271,directional,297612499.0
400,15,1466585478,-770300841,1187234502,omni,
400,16,332791284,273329367,1001432788,omni,
400,17,1444228524,802809607,1079816122,omni,
400,19,1516092346,704247455,1161660897,directional,222840958.0
401,1,312330478,-1634934994,1168714870,directional,59861096.0
401,3,1191626915,73099476,1463132729,omni,
401,5,143480093,-852115844,1085529716,directional,195907197.0
401,6,201477716,-400796614,1153704904,directional,300157364.0
401,7,-157952160,1649544540,1236308372,omni,
401,8,-195472394,-234555718,1405961596,omni,
401,10,620776281,599045324,1154536709,directional,300187756.0
401,11,-509108622,-542191073,1332067507,directional,174714815.0
401,12,-1385333066,1019256035,1241345973,omni,
401,14,433466094,1691616666,1142423905,directional,332752521.0
401,15,1288618269,-949685655,1480785823,omni,
401,16,1132311714,275357048,1156202619,omni,
401,18,-837392663,912860179,1288459321,directional,144542840.0
401,19,651332384,-788925928,1128782579,omni,
401,20,-727997574,-1223101351,1421346762,directional,337660475.0
402,1,-796936897,-959141635,1111858904,directional,44908831.0
402,2,-441294120,-892863359,1407547481,directional,134916166.0
402,5,239222453,-573104245,1256881539,directional,126692957.0
402,6,77863070,1681892893,1129552315,directional,26303386.0
402,8,1087858538,-522704502,1217819815,directional,86661578.0
402,9,576894763,978977560,1093924919,directional,5002239.0
402,10,-76911214,-1268903829,1044269739,directional,119720416.0
402,11,-1003742726,298481481,1128595575,directional,247777319.0
402,12,505337832,591011095,1417803310,directional,87968169.0
402,13,751565245,1473966119,1215143569,directional,147563592.0
402,14,259690869,-492713522,1069001359,directional,140352361.0
402,15,1495893966,-525747912,1332885552,directional,95237681.0
402,16,579127151,-1648822609,1120105074,directional,296648776.0
402,17,30758204,-1400102751,1096233965,directional,256062261.0
402,18,1290695665,-36399361,1216244586,directional,244828798.0
403,2,174240762,1689826907,1212607080,directional,272864349.0
403,3,840976177,-577619441,1037502976,omni,
403,5,-616581131,-381028618,1040501786,omni,
403,6,-435876538,-313899457,1447645497,directional,158921025.0
403,9,-5529676,187518175,1336282959,directional,202438088.0
403,11,-419967495,-1596702019,1111542694,directional,151124217.0
403,12,-610757680,829906562,1048556603,directional,206701389.0
403,14,-231109892,-60912113,1455985489,directional,251313031.0
403,15,-138690253,-1363890453,1267966837,directional,183182061.0
403,16,1041748210,-1253012464,1001103764,directional,178148840.0
403,17,168405816,-757004766,1211468472,directional,148632023.0
403,19,-1252194908,101029719,1344979418,directional,78426294.0
403,20,1322890764,-1169008894,1493844587,directional,241617504.0
404,2,1138357989,-1076968984,1134571605,omni,
404,3,223327739,-915829870,1066043957,omni,
404,4,-583086174,1581991441,1226049179,omni,
404,5,-1300683382,649027927,1283703485,omni,
404,6,-1051372595,90825826,1351712002,omni,
404,7,169838835,92390698,1392582156,omni,
404,8,-1002700699,1379215445,1317303522,omni,
404,9,101742579,-1318191234,1294962291,omni,
404,12,-788968992,-212002492,1465953085,omni,
404,14,-1338412379,-29887105,1237144847,omni,
404,16,-753239065,-1457681665,1098428304,omni,
404,17,-815415205,904250134,1407588273,omni,
404,18,-349007389,-1547892060,1071472139,omni,
404,19,432236263,-759625035,1222827300,omni,
404,20,-528468565,-1048688042,1394754366,directional,35194724.0
405,1,-661687703,-1503698494,1069981927,directional,19672080.0
405,2,1361658669,40914596,1418960554,directional,328815298.0
405,3,1681799900,-440755750,1032746915,directional,141231239.0
405,4,-248434630,1040494683,1439016543,directional,71385962.0
405,6,-337985772,268688868,1195706746,directional,9391647.0
405,8,-830531341,-542074237,1314362131,directional,115150643.0
405,9,75011003,-662812693,1429833079,directional,186821927.0
405,10,-116547964,1493395751,1496470576,omni,
405,12,1248118535,400878365,1462386688,directional,247738404.0
405,14,-1029573329,395987117,1246454699,omni,
405,15,-1074600957,-977131647,1493023188,directional,109510760.0
405,16,144583125,1571544577,1096096880,directional,152349756.0
405,18,-1711687348,448345231,1482698424,directional,33701709.0
405,19,148746331,-1298816385,1409156320,directional,240337085.0
405,20,964102397,366950304,1192290972,omni,
406,1,1457334504,-61566768,1099549162,directional,189674482.0
406,2,1412500898,157930169,1418880190,omni,
406,3,641853280,1602658755,1474410068,omni,
406,4,837955242,-406683621,1386757477,directional,117316087.0
406,5,-396950866,-20186343,1119321857,omni,
406,8,19074157,-69656439,1326487228,directional,332992298.0
406,9,364938072,-801605198,1471145980,directional,253197428.0
406,10,1087915923,652472392,1340238709,directional,154446894.0
406,11,-894612540,-205113168,1186778598,omni,
406,12,-813294452,-833442105,1158013227,omni,
406,13,158025994,-113773478,1311312284,directional,358787084.0
406,14,-9774473,-1049354382,1249564165,directional,204084987.0
406,16,791356047,1152197023,1247036511,directional,231035275.0
406,17,-1315254720,474801485,1400892755,directional,18434052.0
406,19,100753619,-1026866031,1302533052,omni,
406,20,-34269413,1359757649,1267854079,omni,
407,1,-657078751,188752381,1398824832,omni,
407,4,-581968877,-303755075,1117801798,omni,
407,5,-102422279,-436122477,1122314825,directional,74620058.0
407,6,754115293,361597788,1192971477,omni,
407,7,1722732117,-110979394,1364001834,omni,
407,8,471618392,1009938576,1100370142,omni,
407,11,74147782,-380722729,1284778335,omni,
407,13,-451749851,-1071310696,1317411182,omni,
407,15,716400194,825736726,1302065567,omni,
407,16,328014009,212805788,1067158655,omni,
407,17,-972114135,195045589,1460210263,omni,
407,18,-1174184297,-1113433569,1416578477,omni,
407,19,1204447401,-339004003,1221856026,omni,
407,20,378296397,-1354856415,1276378011,omni,
408,1,494142077,747475070,1404928808,directional,321582913.0
408,2,447340406,175360454,1377515322,omni,
408,4,-1736019891,133043607,1287049222,directional,342331550.0
408,5,367455692,-1199988342,1117817018,omni,
408,6,1242931098,379749288,1228074225,directional,208048952.0
408,7,608440462,445933805,1465688239,directional,197701382.0
408,8,1378738130,-89593159,1259509148,omni,
408,10,-202344025,-542757569,1383525345,omni,
408,11,351038606,769951495,1110031599,directional,242085078.0
408,14,-267178810,184349375,1423918897,directional,9953657.0
408,18,-912558033,-933690757,1481028800,omni,
408,19,366105657,1484856614,1364246260,directional,346120001.0
409,1,-493845596,-1682571127,1324400406,omni,
409,3,1378028949,-498088815,1149530017,directional,60123872.0
409,4,-963585065,984690688,1493985887,omni,
409,5,1052101639,-511295891,1042448952,omni,
409,6,326332833,1241288345,1402134913,omni,
409,7,674808040,-703750360,1214716446,omni,
409,10,1415225150,-123836440,1247416087,omni,
409,11,-873525636,-1499984403,1060903543,omni,
409,17,262663235,-1068415911,1409519068,omni,
409,20,-1003658291,-1366639149,1178371014,omni,
410,1,1104446666,114001887,1457439109,directional,197190724.0
410,3,798658007,-892578559,1176156843,directional,142681876.0
410,4,549861139,612717255,1487159227,directional,327272123.0
410,6,1586477788,-535439128,1286642053,directional,159022457.0
410,7,-573792265,285140080,1066239093,directional,181857051.0
410,8,-1300726467,-218013126,1205088908,directional,129554988.0
410,9,897058856,-541885544,1430699383,directional,346987548.0
410,10,1439319045,-13399482,1252220724,directional,170630050.0
410,11,687189428,-1177559528,1170421423,directional,115425939.0
410,13,-384088717,809259059,1408776141,directional,303217992.0
410,14,-270582425,685895547,1004380358,directional,254946156.0
410,15,675146539,-850776362,1105212151,directional,329440113.0
410,17,-1038868010,-912100607,1006219708,directional,221094902.0
410,18,-1628963885,-646537159,1162071262,directional,335744579.0
410,19,-762681950,-1436720880,1246730275,directional,140925046.0
410,20,-965229087,-87077850,1406172945,directional,184713748.0
411,1,1165985104,-459869341,1022249682,omni,
411,2,652314403,975970268,1017689680,omni,
411,5,-898157890,-1108147070,1258051461,omni,
411,7,729212923,-631944680,1010137347,directional,31291084.0
411,9,-610242628,183697208,1342490023,omni,
411,10,-466022748,423568418,1323655624,omni,
411,11,-212762347,-1226366776,1344178439,directional,352978887.0
411,16,605148290,1189780345,1215695780,directional,105398557.0
411,17,666599502,-1131438602,1244998249,directional,40800268.0
411,18,37524822,-1552448944,1362111414,omni,
412,2,-522973215,-655242257,1322710203,directional,273221266.0
412,4,-693038298,-1604515855,1236145134,directional,173347913.0
412,5,757285271,-1285959570,1332240017,omni,
412,7,735944002,-439019615,1158189852,omni,
412,8,1269528894,-666292623,1233728590,omni,
412,9,941104348,701306906,1259657687,omni,
412,10,-1138638500,360200985,1153428135,omni,
412,12,-284331998,485948350,1420975699,omni,
412,13,680911262,-133071494,1035437185,omni,
412,14,-739305195,71362186,1287643324,directional,241992421.0
412,16,961744370,-719023761,1183488387,directional,292437480.0
412,18,1154675461,-1310723045,1360834799,omni,
412,20,381045104,-1053651929,1258814403,omni,
413,1,1007495648,1183654004,1054266432,omni,
413,3,1754879750,104820280,1221171926,omni,
413,5,1065138239,-151018635,1421999188,directional,196779130.0
413,6,1011563765,-908339000,1085089082,directional,76118952.0
413,7,38102414,272296429,1412792270,omni,
413,8,-1255979206,718505093,1041989398,omni,
413,9,130438542,-816055908,1179949342,directional,127043361.0
413,10,1229148348,1153270111,1483959312,directional,168121662.0
413,11,-1015681495,-454085945,1028170231,omni,
413,14,458101272,-1667989783,1467410227,omni,
413,15,-132179558,342824966,1447703003,directional,278323243.0
413,18,269419348,-1453880837,1375990080,directional,43175591.0
414,1,-750055596,-1456777862,1311834100,omni,
414,2,-845739035,168470978,1020752672,omni,
414,5,866290182,1486571449,1460553030,omni,
414,8,1533359233,-538906452,1065768566,omni,
414,9,155407013,1160969060,1015543902,directional,344869095.0
414,12,-752210587,-1453435414,1094748593,directional,101442045.0
414,13,935363895,-1264065502,1021244216,directional,24569047.0
414,15,-191153204,-575882079,1447494998,omni,
414,16,1574195936,479690147,1363197470,omni,
414,19,677043106,-33072729,1086579997,directional,210612913.0
414,20,-1162750972,-895027598,1490149439,directional,209508740.0
415,1,1047395872,327399682,1032538019,directional,326753842.0
415,2,150129669,-183399768,1168386807,directional,311644461.0
415,3,769040359,-1058134900,1182640794,directional,345187204.0
415,4,-176853531,1031893570,1141172799,directional,270429856.0
415,5,-374759153,-1218929664,1327144204,directional,175578956.0
415,6,-235012861,-1054177026,1054783877,directional,245349981.0
415,8,1324793796,-1086807126,1499615228,directional,255791000.0
415,9,-1523922645,-556738761,1432973587,directional,161865307.0
415,15,712291794,-1033717846,1311644780,directional,23068373.0
415,16,-848668039,-779796481,1271632817,directional,140217654.0
415,18,-56620603,-439914610,1360365077,directional,160827252.0
415,19,-813117481,265606731,1115635389,directional,167336162.0
415,20,-1159178246,27745413,1441767452,directional,136177637.0
416,1,272745325,-389803820,1263415967,omni,
416,2,338082024,-1032821252,1062737922,directional,278815695.0
416,3,-561829721,-654437907,1418420393,directional,53980728.0
416,4,-605282826,-1517215824,1125307956,directional,251750314.0
416,5,1172955022,-214469142,1142917718,directional,59350076.0
416,7,321118957,1178645280,1007540414,directional,140227318.0
416,9,583097146,-720080620,1194014454,omni,
416,10,1031683921,607856764,1370952721,directional,15335104.0
416,11,564191092,-937413145,1369096084,omni,
416,14,-454173188,157621033,1073878819,directional,219262996.0
416,16,-488264422,-764540863,1149102814,omni,
416,17,-1582854519,563596248,1070577588,omni,
416,18,551645156,1523827657,1186164419,directional,242650237.0
416,19,-638169887,-1615697257,1475557592,omni,
416,20,-721386856,-797876329,1459130337,omni,
417,1,122800143,1005723219,1334321765,omni,
417,2,-1660543899,263360758,1356144235,directional,244208091.0
417,7,401846453,1368184758,1333394174,directional,213506878.0
417,9,1597047522,19322779,1096417687,omni,
417,10,341661182,1549044896,1362063507,omni,
417,11,-560097093,-419518623,1374155242,omni,
417,12,1313581470,-687988361,1226538478,omni,
417,13,-196100833,-1656266419,1111032831,omni,
417,14,850073141,-1423900472,1065633725,directional,156491057.0
417,15,-1415278057,-160182651,1484326863,directional,182620597.0
417,16,-1111535604,262132754,1034466977,omni,
417,17,1370796269,38849497,1202937307,omni,
417,18,426579136,-1622723362,1445380891,directional,309554804.0
417,19,906297618,586237924,1278639524,omni,
417,20,1282793996,449040006,1172740830,directional,66298319.0
418,1,-1125032969,-69625546,1282516341,directional,237439050.0
418,2,299240596,-1615811973,1388187017,directional,131598983.0
418,3,640879134,-86244628,1060258733,directional,131002978.0
418,4,148268823,1662231930,1235666769,directional,34191162.0
418,5,589528455,1064226976,1468064024,directional,192644905.0
418,7,-1188217772,619530993,1486257490,directional,327369214.0
418,10,1211568325,-508433672,1379164437,directional,229214830.0
418,11,-1584436825,296540150,1148337357,directional,318208963.0
418,12,1537009818,-165352078,1318389755,omni,
418,14,956445008,139178803,1135529215,directional,289669081.0
418,15,-259652974,1458736617,1368906600,directional,44931367.0
418,16,221881392,76426298,1248860758,directional,55759100.0
418,18,-409277057,-556880389,1302246532,omni,
418,19,-494446535,-60224188,1022000123,directional,140748396.0
418,20,298380640,96576319,1185559926,directional,255692009.0
419,5,865092128,-246348148,1034399708,directional,286140593.0
419,7,-492614484,1594565508,1254397152,directional,95552814.0
419,8,1497629965,-790064136,1094417978,directional,94709640.0
419,9,-827666614,-633909152,1013988759,directional,177042902.0
419,10,-503097710,-1271876098,1379058429,directional,141075043.0
419,11,765963467,-185754941,1140468134,omni,
419,13,781392978,-1170937001,1249098218,directional,233142820.0
419,15,-1283924642,416351075,1136117951,directional,300479665.0
419,16,-104837182,-319504972,1462207857,omni,
419,17,1203601616,-985734588,1310777408,directional,128425772.0
419,18,303123047,467552235,1446285626,directional,191377982.0
419,20,-1285462549,-171088833,1456143811,directional,306296560.0
420,1,-641650198,-1348457134,1135741997,directional,106428960.0
420,3,-42817807,-1317402707,1323353787,omni,
420,4,-862639814,401742375,1256585544,directional,66897374.0
420,5,-1393382693,-527398885,1184586086,omni,
420,6,841857143,-17051965,1499454784,omni,
420,9,1261346376,960734277,1098841577,omni,
420,11,969112505,441418144,1283964677,directional,24423724.0
420,12,618101127,-349315801,1397075017,directional,26725606.0
420,13,-283053706,1187090219,1420620962,omni,
420,14,1158030606,-1151593693,1252895391,directional,1054196.0
420,15,732141958,110529580,1078967264,directional,128718737.0
420,18,-1604754345,-163915422,1239280867,omni,
420,19,-129626915,888426007,1422117077,omni,
421,2,-1124606201,1068286447,1401767065,directional,158295458.0
421,4,-693149220,-1437192906,1498242194,directional,54399621.0
421,5,-625752413,1336871072,1294479257,directional,163324682.0
421,6,-1578422506,-263100370,1485398859,directional,14063669.0
421,8,-97887312,-386678862,1218381965,directional,214529457.0
421,11,766849106,-505964443,1209985095,directional,311585979.0
421,13,1041079285,1282413364,1025803057,directional,280563718.0
421,15,954663401,-1320984814,1188554925,directional,337360180.0
421,16,-214185498,-1069462252,1304799838,directional,236170052.0
421,17,931823841,-907340586,1045832558,directional,244681183.0
421,18,442480557,394363651,1244517013,directional,192145199.0
421,19,695563466,1399196868,1091858637,directional,124666260.0
421,20,-1583952897,204502803,1272413065,directional,282374251.0
422,1,139878876,-1387110422,1437461140,omni,
422,2,-630705995,452866759,1449695052,omni,
422,3,-429944273,-1049980814,1012609033,omni,
422,4,1730663123,116657367,1430068888,omni,
422,5,280590880,1536277582,1127705836,omni,
422,6,-624371705,421115225,1235066595,omni,
422,7,746202079,-799456344,1086284847,directional,299892990.0
422,9,-73511542,-1461652721,1439683617,omni,
422,10,1327823698,174686523,1363145452,omni,
422,12,-108183912,-1760534373,1009538766,omni,
422,13,916341022,-1366488350,1393705052,directional,128847448.0
422,15,249984176,928409909,1083813727,omni,
422,16,-646014256,-721613673,1471862626,directional,66947567.0
422,19,280657202,-1547178418,1329475556,omni,
422,20,-12446425,1042514107,1120571054,omni,
423,3,-63361943,269152241,1215292066,directional,149568300.0
423,4,-1185310272,857228251,1283977843,omni,
423,5,1023393503,1271506521,1291730561,omni,
423,6,545679836,75704676,1249120495,omni,
423,8,-1121560486,1218671297,1313961789,directional,112483819.0
423,9,29777323,-1308124092,1027023111,omni,
423,10,1760231093,-15058432,1365839136,directional,242998190.0
423,12,-123116455,929186724,1238262611,omni,
423,13,-797978167,-1423701960,1205840350,omni,
423,15,-354733131,-638752767,1239724136,omni,
423,16,1353948140,-721522203,1344800362,directional,318572051.0
423,17,1373185571,-513847348,1355452920,omni,
423,18,-675553005,1302043964,1197959483,omni,
424,2,181112613,-1611123895,1286412851,directional,215858563.0
424,6,338654024,505883436,1444477635,omni,
424,8,1233598974,-711625906,1381178570,omni,
424,10,419425007,-835273744,1373286144,directional,337527357.0
424,11,1422416619,985008619,1298593646,omni,
424,13,840750422,-785673848,1312878969,omni,
424,15,1378736015,474404947,1085950112,omni,
424,16,227612467,562827139,1178808416,omni,
424,18,-517422132,-530061779,1422146266,omni,
424,20,13273033,-436357639,1033692832,omni,
425,1,-214685481,-1047362400,1356773793,omni,
425,3,-1478339575,631240257,1471862978,directional,30251885.0
425,4,1422627299,-586697819,1120256167,omni,
425,5,895589636,49084735,1034427573,omni,
425,6,728068751,185545537,1072422057,omni,
425,8,688953328,-166586320,1119378573,directional,193907149.0
425,9,-832230071,616895211,1388690380,omni,
425,12,-661334246,456479927,1020809824,directional,247689432.0
425,13,-559095563,225616585,1289969700,directional,253711798.0
425,16,-281518239,-1438400181,1090544505,directional,243964276.0
425,17,-651772587,1559780830,1236861305,omni,
425,20,-989537068,-601100564,1075130726,directional,328203599.0
426,1,1156919515,1087202186,1041431821,directional,15431726.0
426,2,-1357365904,-519206501,1182106944,directional,42610661.0
426,4,523543453,602621163,1328717644,directional,356159382.0
426,7,264344679,764237556,1128310256,omni,
426,8,998266151,-917717321,1418863440,directional,149530005.0
426,10,-988255841,478266255,1272706445,directional,329109535.0
426,14,-918243955,-198257924,1260549601,directional,186095415.0
426,15,1321587999,-52020170,1169124891,directional,144923346.0
426,17,1320450364,-361343587,1032092160,directional,266231113.0
426,18,92898457,-1094146469,1251190102,directional,49799224.0
426,19,485630635,435176203,1380207258,directional,357641625.0
427,1,917697374,1326771916,1443961290,directional,314381006.0
427,2,1189796123,-1178750204,1203317667,directional,64856071.0
427,3,-584126699,1235055118,1401721499,directional,189020921.0
427,5,-821084587,946424749,1163875523,directional,94193971.0
427,6,-840152053,-846770419,1179533493,directional,212033782.0
427,7,-1231600858,1255426583,1227816128,omni,
427,8,427702260,1166361984,1360148983,directional,169227476.0
427,9,-1482727585,153327758,1041246473,directional,103574400.0
427,10,-168822809,1495586995,1320462172,directional,257910120.0
427,11,679424842,1395086009,1116462292,directional,125777431.0
427,15,-1706863214,78133237,1018282621,directional,278611009.0
427,16,1323645280,514504050,1189390218,omni,
427,17,-185600955,-778261251,1380226717,directional,353623482.0
427,18,571294685,-688892192,1416684255,directional,207872094.0
427,20,542701690,-190623003,1485779323,directional,166124267.0
428,1,444236851,-1038124131,1122873197,omni,
428,2,119114475,-1248914104,1068061844,omni,
428,3,-1396577265,-451825496,1304323212,directional,67949268.0
428,4,-623614679,767412657,1071339607,omni,
428,5,-1195611817,-1275061257,1428150314,directional,130050040.0
428,6,-1311630697,213593644,1479648367,omni,
428,7,-1287232400,238375978,1061380452,omni,
428,9,-646942733,-195839201,1257080391,omni,
428,10,-1326128027,-289934347,1385454790,directional,96742973.0
428,14,-162558703,185577335,1162200779,directional,167802657.0
428,15,362211480,904727592,1076033497,directional,344516970.0
428,16,76778999,-189689787,1281570835,directional,104576039.0
428,17,760357358,-504875732,1064709107,directional,118159924.0
428,19,-411621674,327256511,1392522892,directional,134707477.0
428,20,881064120,802597453,1309854928,directional,127274403.0
429,2,1342104227,-617517817,1451884445,omni,
429,4,786700138,-1136718754,1321341428,omni,
429,5,-1082613255,-378362591,1048837304,directional,311057097.0
429,7,556963996,-578707517,1076897233,omni,
429,9,1664402014,-267572974,1357062218,omni,
429,10,-407555873,32837529,1313926955,omni,
429,11,-1386710087,-706433271,1237321265,directional,210997283.0
429,12,-1293865623,495304125,1142044356,omni,
429,17,-839414651,217663549,1140521864,omni,
429,18,569030555,1583167648,1233436171,omni,
429,19,330805963,142881622,1277281618,omni,
429,20,1349071329,-287584882,1110021673,omni,
430,1,746975809,-187990019,1350553892,omni,
430,2,1438909584,96545952,1421026229,omni,
430,4,-940946566,747844260,1114455110,omni,
430,5,-1328622408,103745403,1234582964,directional,43929614.0
430,6,303634080,-790281934,1237865344,directional,33881321.0
430,7,-675162003,-239347925,1418333733,directional,174417674.0
430,8,-377280521,-1676651518,1284113711,directional,292377568.0
430,10,84617787,-1282702792,1445983475,omni,
430,13,-421207366,914668979,1245770256,directional,198797548.0
430,14,1498492977,-179691723,1442971426,omni,
430,16,-1004633580,-384129979,1106277534,directional,113380744.0
430,17,584587854,-435512100,1142824547,omni,
430,18,963298553,989292656,1041451199,omni,
430,19,-1329879567,247384678,1298378236,omni,
430,20,-160938258,-979241393,1388956526,omni,
431,2,68950601,747586078,1493294445,directional,188894693.0
431,3,1677109812,-225858299,1352723507,directional,311353355.0
431,6,-763562269,-1366954048,1009145285,directional,258816130.0
431,7,-42198497,1038870804,1141165461,directional,114400274.0
431,8,1096370511,1206273535,1048199399,omni,
431,9,896077316,-691687387,1290339421,omni,
431,11,-767862536,1044505031,1475775423,directional,55494366.0
431,12,-1161004587,-11481044,1048030516,omni,
431,13,-467960935,987195068,1463659823,directional,43176048.0
431,14,-371271250,-400002580,1364901555,directional,136206782.0
431,15,-122081766,1279170180,1299260713,directional,118198722.0
431,19,706947481,-516169112,1117717149,omni,
431,20,548583420,929473580,1477953415,directional,276844120.0
432,1,255412442,-368180314,1117064983,directional,354795068.0
432,3,-959549245,-1104464947,1245683833,directional,63427450.0
432,6,-1223674390,112825603,1364738585,directional,114262749.0
432,8,-409695352,-114126687,1428238688,directional,119289068.0
432,9,-100641347,1421193767,1141504027,directional,202213012.0
432,10,-418812209,-1543443348,1474051357,directional,324465860.0
432,11,979921439,-1021102744,1232895495,directional,266982334.0
432,12,-791883566,453231528,1274491684,directional,165482861.0
432,13,1133820372,638235904,1016724120,directional,84171088.0
432,14,1105305546,-613996714,1083489904,directional,156732474.0
432,15,756213807,-1526406936,1299193253,directional,169590701.0
432,16,457612590,-371947717,1135384482,directional,18669302.0
433,1,279314040,1190022478,1040655895,omni,
433,4,658377642,-252057390,1128060264,omni,
433,5,442188842,-609488266,1469598391,omni,
433,6,186879488,-1465858769,1422825965,omni,
433,7,-117852001,-282875694,1477714368,omni,
433,8,-1197381698,182598864,1029128081,directional,290791221.0
433,9,283826537,1218864761,1482852657,omni,
433,10,-1642050512,-95859012,1440212377,directional,35084209.0
433,12,-1002847812,-420043619,1155760074,directional,135379167.0
433,13,-407470164,-1277671308,1137058623,omni,
433,14,-1081894320,-856021843,1454586967,omni,
433,16,-515031595,892305407,1246773814,directional,327146279.0
433,17,187333358,-1103279550,1141215550,omni,
433,19,-1442998257,263961895,1319408590,directional,22746078.0
433,20,-1345103102,1143860049,1005928544,directional,151593939.0
434,1,39583051,1326483369,1363259492,omni,
434,3,-975621601,525422699,1417628483,directional,193499121.0
434,4,-830152210,694139428,1180597281,directional,57044063.0
434,5,476794216,-1573553361,1346914017,directional,173957013.0
434,6,-535854262,1386246551,1165098642,directional,189884440.0
434,7,-1417838121,240131191,1160582360,directional,143252564.0
434,9,-1300367675,1080949037,1420498533,directional,234507170.0
434,11,549921939,-1640883845,1341053502,omni,
434,12,1543515798,810985189,1027730591,directional,146346272.0
434,13,-892293324,241933775,1071693567,omni,
434,17,-720536918,-581841684,1228907399,omni,
434,18,-218078180,1527167144,1463952889,omni,
434,20,-647714347,-644254936,1473600047,directional,281277561.0
435,2,-74871820,-1203993159,1390336807,omni,
435,3,17375479,829414760,1434975298,omni,
435,4,268344760,1470591268,1244261716,omni,
435,5,331564686,-1550908076,1009752290,directional,281208288.0
435,6,691607903,-1552961674,1075140910,omni,
435,7,761700270,-1249131957,1370961584,omni,
435,8,-1016476751,-725325199,1438898927,omni,
435,9,-87262287,-534574428,1223280488,omni,
435,10,1349668695,504890818,1421851861,omni,
435,12,1238813658,434015351,1458545061,omni,
435,13,-151105354,-871188982,1427729567,omni,
435,15,-341899619,-917987338,1272928526,directional,228593962.0
435,16,1497050748,-508924259,1355853832,directional,180443922.0
435,17,-117748717,1131280896,1238506196,omni,
435,18,1676389257,521287873,1381369621,directional,274522632.0
435,19,-681078580,-11864651,1216078367,omni,
436,2,-80282454,-342253472,1179463506,directional,240004437.0
436,3,1003177442,-569098067,1387925603,directional,359013650.0
436,6,1359028620,547278665,1134736552,directional,140297982.0
436,9,496874886,71231433,1420495782,directional,113965955.0
436,10,329645278,-886520498,1206430757,directional,55364733.0
436,12,724286440,1012956760,1338407247,directional,128415024.0
436,13,-695681428,300376101,1324158813,directional,64748439.0
436,15,-247548883,-411779958,1318803805,omni,
436,16,-761625419,-836284714,1357744534,omni,
436,18,316765221,1042378743,1325968617,directional,90427720.0
436,20,-1389192078,-534242551,1349301711,directional,126950925.0
437,2,-1209286561,1159723033,1355973590,omni,
437,3,973876303,-1376119874,1375398026,omni,
437,4,-1015075372,1023733149,1031363338,omni,
437,6,1387814196,165052117,1374558749,omni,
437,7,833634476,891130487,1085997206,omni,
437,9,-808676074,150483550,1364756224,directional,244820795.0
437,10,938147084,-959965514,1051110602,directional,151806952.0
437,12,452936962,1501785939,1221629726,omni,
437,13,-809005281,1283867551,1004474626,omni,
437,14,1684573430,88223069,1483052776,omni,
437,15,1513145676,-324792924,1478210606,omni,
437,16,1291113800,1432913,1292877724,omni,
437,17,-663679174,905020341,1368705607,omni,
437,18,-37607391,98466769,1486504330,omni,
437,19,235499560,-913666674,1354491617,directional,10871483.0
437,20,-951398422,-1141614240,1207382201,directional,164383587.0
438,1,72748183,-559638386,1028793987,omni,
438,3,19631620,-1314191498,1337151748,directional,264579621.0
438,4,-1124902545,-1143956835,1392881125,omni,
438,7,-686854672,698733221,1207222410,omni,
438,8,74829952,-566977024,1492331964,omni,
438,10,-1528448954,336064767,1324334225,directional,169632416.0
438,11,-763675122,656481996,1298798328,directional,154257304.0
438,13,286116490,-899214015,1490952102,omni,
438,14,-908260511,-310163132,1062831141,directional,21166539.0
438,17,83641321,-923772241,1109148779,omni,
439,1,471224714,-292484430,1222073337,omni,
439,2,1448327698,-627493436,1390207716,omni,
439,3,-1365338308,716182635,1199291083,directional,171349403.0
439,6,1373252836,-770575442,1113035276,directional,109390242.0
439,7,-105673488,-1024114644,1031052598,directional,281424066.0
439,9,833720019,185961232,1241393010,directional,212255963.0
439,11,967759031,674565031,1021530946,directional,144122551.0
439,12,-1614450023,-179610755,1069165450,omni,
439,13,-1120678829,-1061576618,1017784503,directional,209177320.0
439,14,108679200,-1446608424,1033468651,omni,
439,15,705955408,884326260,1375998473,directional,358298969.0
439,17,-678502202,343650010,1388770338,omni,
440,1,740945136,-161297870,1469446974,directional,171961508.0
440,3,1412496113,409596325,1474297919,omni,
440,5,-663299139,93749588,1274190706,directional,130901287.0
440,7,1353296626,622237418,1415229213,omni,
440,10,-1513460365,445917485,1091054618,omni,
440,11,293045102,-1624385069,1075768012,omni,
440,15,188060743,944422856,1108147778,directional,316937106.0
440,17,10289420,622568539,1198668385,omni,
440,19,-862893087,568895605,1349572266,directional,111720272.0
440,20,1363306739,947680276,1307085160,omni,
441,6,-919557995,1309013435,1245143660,omni,
441,8,-699964216,-1453313337,1456820099,directional,3955658.0
441,9,891417164,-1031950059,1087578752,directional,49192634.0
441,10,-440013241,1632288355,1293815494,directional,163201325.0
441,11,476170819,270143245,1388521470,omni,
441,13,1411793592,853564109,1055818631,omni,
441,14,641260011,587589756,1477108680,omni,
441,15,-146648007,-407183874,1423116013,omni,
441,18,-483757718,387703937,1115777192,directional,272940211.0
441,19,-731635347,-1520058438,1470823636,omni,
441,20,385352346,1290769631,1031388280,directional,208594249.0
442,1,563287827,1107391205,1167831202,directional,323355886.0
442,4,-1091292410,-247474237,1070879799,directional,16428449.0
442,5,-538144895,1133524047,1308867988,directional,103690789.0
442,7,1314735288,824253635,1433750583,directional,152468777.0
442,9,-1320597972,270019226,1459805251,omni,
442,10,458372627,-1631552569,1367799548,omni,
442,13,-643851693,612745166,1030676383,omni,
442,14,-147843013,-954323616,1456761148,directional,204546624.0
442,15,924006736,625546371,1305357448,directional,43587403.0
442,16,435511019,-1108683001,1334165152,directional,136506636.0
442,17,866136117,-590511269,1329559623,directional,90814595.0
442,18,-505721480,-721783383,1223991057,omni,
442,20,-852400318,1510483587,1378922077,directional,57207390.0
443,1,187381961,-603159400,1040855894,directional,292419907.0
443,2,208507439,-1670697444,1399990868,directional,185681945.0
443,3,-1165599183,973128377,1221693597,directional,44745039.0
443,4,306467356,593771119,1379894930,directional,144546820.0
443,6,1681988311,-340222663,1215136530,directional,287980142.0
443,7,-109063549,-1721467000,1242854894,directional,95562727.0
443,8,-10835412,948470735,1426307165,directional,68387673.0
443,10,100077716,1195846447,1323394700,directional,291728958.0
443,11,232080084,546408673,1458087649,directional,250871794.0
443,12,-146546858,-140193564,1295130928,directional,320734629.0
443,14,-177172389,-719290467,1104296913,directional,14948845.0
443,18,962254937,1115049375,1452658857,directional,254605663.0
443,19,590568806,-1414252174,1315540449,directional,323698779.0
444,1,1251620303,-926910738,1281698387,omni,
444,2,1532541324,-93835845,1266454091,omni,
444,3,1015672293,-712755856,1063441274,omni,
444,4,-684214759,-220626857,1353893838,directional,225696721.0
444,5,-271253538,1344545157,1473169397,directional,122139964.0
444,6,1631954882,-578584638,1326914149,omni,
444,9,-1597073200,598457135,1381631222,omni,
444,10,-1634196131,-409101986,1014238981,omni,
444,11,-223332947,883228839,1306925999,omni,
444,12,-1575317180,544488847,1384845614,omni,
444,13,254477159,-1616658241,1011431675,omni,
444,14,1080012612,-336959125,1328915175,directional,72161864.0
444,16,-1382647393,-886731631,1341555890,directional,224563667.0
444,18,-1653718936,400986164,1375683966,omni,
444,19,-361631057,-775080785,1237223545,omni,
444,20,1232785635,759566714,1483290400,directional,102158944.0
445,3,-613426493,1624091338,1000263866,directional,19102632.0
445,4,-369866875,1275038004,1375547399,directional,159809862.0
445,6,-1027675499,1175683542,1263741658,directional,101379422.0
445,9,-47442097,869811176,1002316723,directional,291805185.0
445,10,902042537,746294954,1279114818,directional,132459428.0
445,11,334719515,240173426,1341813806,directional,275793128.0
445,12,-937478856,945089225,1334200896,omni,
445,13,-726424916,-313768803,1385335788,directional,239349883.0
445,14,526139428,-769462884,1442288997,omni,
445,15,1057796939,876989068,1059350994,directional,26069983.0
445,16,672425503,-170450299,1074084460,directional,148007321.0
445,17,-1070757806,482833428,1306149572,directional,152919184.0
445,18,1276391030,-820833885,1054189969,directional,282952552.0
445,19,-463001358,452974292,1271385929,directional,85400595.0
445,20,-575118406,1269378178,1382878889,directional,323574615.0
446,1,-912390045,755597519,1140259426,directional,1719052.0
446,3,-712624375,1444472477,1001069156,omni,
446,4,365556005,-989801622,1048212531,directional,285045775.0
446,5,740476276,-946134305,1175732956,omni,
446,7,-1682966337,-265216741,1485766052,omni,
446,8,-20199996,-323177662,1004097898,omni,
446,9,-1664228578,-130858267,1030925654,directional,103700828.0
446,10,409386966,-171994376,1252564513,omni,
446,11,-409666350,-1601626577,1397795981,omni,
446,13,-1021549218,-854415608,1468331361,directional,162208449.0
446,14,537977753,-226552097,1210377676,directional,23426104.0
446,16,811303409,1513966182,1174418401,directional,177720882.0
446,17,-518151963,-1449740671,1437409476,directional,204228284.0
446,18,351661297,97936031,1223127594,omni,
446,20,784951801,-383961883,1362799480,omni,
447,2,-151446897,1012126930,1178455057,directional,257016540.0
447,4,-565586893,-595252,1373916862,directional,344033831.0
447,5,75969259,-1035136323,1305651246,directional,274367865.0
447,6,-459999841,-520258465,1344689324,directional,349204097.0
447,14,323365668,602544507,1105631747,directional,219850468.0
447,15,-212047212,186166,1216875619,directional,359314608.0
447,16,-1228215550,175475299,1069758257,directional,212430080.0
447,18,578383023,796014598,1131749337,directional,66854579.0
447,19,1433242371,415332268,1184344291,directional,55203111.0
447,20,1059408048,-887562190,1280944108,directional,159727863.0
448,1,1066322232,368740013,1265875414,directional,105876277.0
448,2,-975676999,1143282207,1421565529,directional,42505129.0
448,3,-1440758788,805774840,1020796001,directional,92471001.0
448,4,-205524721,505289321,1361888831,omni,
448,5,1001683297,785782422,1108655911,omni,
448,8,298822730,-642419820,1349483068,omni,
448,10,-222418255,1377350834,1124848115,omni,
448,11,985379046,-917424421,1220423811,directional,227353503.0
448,13,-1134857378,291243219,1024122314,directional,255513059.0
448,14,-637844891,138418202,1083931824,directional,170063937.0
448,15,-440972675,-686727409,1355042158,omni,
448,16,-1365372481,866077093,1008222375,directional,77657021.0
448,17,3303597,992062152,1036780183,directional,265521514.0
448,19,1424792320,829372374,1326880777,omni,
449,1,837225266,-259000607,1369965523,omni,
449,4,554775815,62026010,1414147034,omni,
449,5,-1132684084,921667610,1483932059,omni,
449,6,-316821125,-1721673758,1423806577,omni,
449,9,798867701,1144980188,1441352247,omni,
449,11,373776719,-1481352756,1257418689,omni,
449,12,752556598,-650593389,1123857175,omni,
449,13,-204512211,335375883,1002003743,omni,
449,14,582850141,-771530661,1211435999,omni,
449,15,-1178829756,-7468864,1280901005,directional,219421645.0
449,18,445821121,-830932655,1225716666,omni,
450,1,1145449684,842386781,1263545368,directional,146035008.0
450,3,-991869011,610660500,1000323047,omni,
450,4,-58288855,-563928554,1314078781,omni,
450,5,-773428603,1505089120,1084427386,omni,
450,6,-69724792,1384277430,1146306344,directional,77917844.0
450,8,-813757757,1280181513,1199618719,omni,
450,12,1312880284,957181520,1137641503,directional,280745536.0
450,15,-1340427956,-1020236745,1168807953,directional,4829010.0
450,16,-722066627,-719003980,1450880470,omni,
450,17,88025494,619342042,1054284979,directional,290188275.0
450,19,105246761,-1072058788,1343572451,directional,135162301.0
451,1,-484976837,-220418863,1473825769,directional,6455184.0
451,4,1054798934,1308783059,1449074677,omni,
451,6,-819321723,956262867,1131670691,directional,283149370.0
451,7,-1416941316,929122299,1202112609,directional,355866909.0
451,8,76393608,1764580671,1237115518,directional,62621602.0
451,9,-614419424,-1440719531,1263908188,omni,
451,10,-1453323252,-867857154,1197459075,omni,
451,12,-283630302,944784351,1437254505,directional,270110467.0
451,16,-363867733,1455570093,1181255717,omni,
451,17,-1238979541,-617297333,1034483869,directional,241634035.0
451,18,-407078280,698069570,1264346378,omni,
451,19,-140835027,45763477,1084249734,omni,
451,20,35167138,1656806547,1274319740,directional,155803338.0
452,1,1024076506,-915567303,1268413058,directional,128124974.0
452,3,-799403104,310360632,1354432338,directional,161674868.0
452,4,-970291959,651928663,1479045644,omni,
452,5,1184248351,-1270645480,1450176103,omni,
452,6,293163280,-1447372594,1100510542,directional,76924593.0
452,8,-902782462,-34972261,1392924517,directional,52342269.0
452,9,-258908815,954362794,1313522717,directional,347854281.0
452,11,1667753147,-40471017,1004101619,omni,
452,13,1659648518,589971871,1036521137,directional,35608479.0
452,14,-480777036,240224365,1409559737,directional,240395318.0
452,15,1411838474,-260500604,1430217592,directional,349444434.0
452,16,1005748860,-700601536,1128983221,omni,
452,17,777324402,-422203114,1274797802,directional,242199184.0
452,18,783874593,16993596,1293196004,directional,165787414.0
452,19,933083351,-673141749,1018207896,omni,
453,1,793432675,-960370090,1112070190,directional,240101994.0
453,2,-997521830,658320569,1056611704,directional,291887842.0
453,4,-1069192479,-1268523881,1359346801,omni,
453,8,-22084257,-702434831,1430727385,directional,232115384.0
453,9,-477924965,389010292,1354380864,omni,
453,12,-1187483716,545662115,1038932922,directional,15833843.0
453,13,805937412,79675922,1395230649,directional,56378642.0
453,14,-1137451123,604084639,1022673234,directional,336187530.0
453,16,198902934,-1137502927,1251566582,directional,81892641.0
453,17,-1126381746,971061025,1295283136,directional,7330606.0
453,18,-252777799,30189883,1087813483,directional,256993737.0
453,19,-1347987234,612173518,1332077388,directional,84963387.0
453,20,-1023379173,1265864651,1296507149,directional,346472404.0
454,1,-953626419,-1005308627,1371515373,omni,
454,2,-1533193734,689272139,1123566832,omni,
454,5,-1689899490,-339951529,1237053388,omni,
454,7,-160729680,1385480208,1207221230,omni,
454,8,192997900,-1348222061,1022633084,omni,
454,10,-305502096,-1070978261,1153504853,omni,
454,11,96273122,-26629101,1413982346,omni,
454,12,-1565692954,380330871,1491337224,omni,
454,14,-1061575592,-25367783,1058404944,directional,251110369.0
454,15,63184189,767090865,1425398570,omni,
454,16,795494636,-1074119036,1178943435,omni,
454,17,-1066080711,979671236,1428869930,omni,
454,20,-206128280,1754232330,1264606816,omni,
455,2,789457053,933161502,1203729429,omni,
455,3,746570295,-542528504,1029307645,omni,
455,4,-1343447713,-1042644920,1151554052,directional,185515007.0
455,6,692061288,30497359,1410694946,omni,
455,8,-431583357,189211541,1182942900,omni,
455,9,1195906537,791833511,1058039415,directional,94711973.0
455,12,-215433612,-231695846,1149862858,omni,
455,13,450391984,-513051303,1323095278,omni,
455,15,-423088259,-502268663,1320749088,omni,
455,16,-1098475206,1255098582,1457550941,omni,
455,18,-79691584,1373830175,1012336371,omni,
456,4,963067689,1202702534,1227224730,omni,
456,5,-1492651806,-920743447,1376688936,omni,
456,8,758738112,-456803601,1194908443,omni,
456,10,424240474,604023429,1440427961,omni,
456,11,202341334,882412857,1021335446,omni,
456,13,-1265627987,-307354017,1478138700,directional,151893269.0
456,14,-562511996,78574314,1236711794,omni,
456,15,-1224089891,1127698027,1310486500,omni,
456,16,-1428825017,-597482728,1087668620,directional,280781096.0
456,17,29536341,209980090,1420372554,directional,34583084.0
457,1,-254519561,-171232827,1073277034,omni,
457,4,-771734493,-1063788773,1046047053,omni,
457,5,187351552,-856965624,1148090980,omni,
457,11,733312814,-278849742,1093577048,omni,
457,12,325111666,1289688607,1472804477,omni,
457,14,1053162520,562231239,1233520494,omni,
457,15,745592506,451182761,1438918678,directional,134678541.0
457,17,1446942111,-126371964,1427328002,omni,
457,18,1595082984,71942540,1192524224,omni,
457,20,1015887492,-1434116653,1467201776,omni,
458,3,-56349714,-1629067020,1073014668,omni,
458,4,-585197424,-854072587,1350672129,omni,
458,6,-1572511125,-84493468,1436093183,omni,
458,8,-1338162107,134105731,1491472246,omni,
458,11,-298565860,592162336,1298463657,omni,
458,13,-396277013,-1061797982,1443259991,directional,324105341.0
458,14,-587185273,-943817033,1308201897,omni,
458,16,-951460221,-933108897,1365538216,omni,
458,17,1404627466,982257345,1417014806,omni,
458,20,-859679141,1251089425,1346908030,omni,
459,3,-36963294,-1643496082,1304134926,directional,97158995.0
459,4,-1376692060,-985657840,1282683449,directional,202416220.0
459,5,1538296675,-740240326,1319061451,omni,
459,6,-390858050,-365177986,1123971316,directional,140984759.0
459,7,276447454,-1509293549,1257020380,omni,
459,8,1323131686,-136075313,1228920495,omni,
459,9,-1018272558,-1387341587,1377587057,omni,
459,10,1648548396,-566136064,1317168637,omni,
459,11,-1426477068,90063284,1291798749,omni,
459,14,681989593,-322599421,1418153057,omni,
459,15,-319083093,734627135,1170147146,directional,304030868.0
459,16,-1082654731,869004761,1037349313,omni,
459,17,-816746548,-514656089,1160915102,omni,
459,18,-300580515,1674923236,1301566084,directional,358925218.0
459,19,-927021715,681126524,1115039592,omni,
460,1,17034197,1085127817,1492848281,directional,210490098.0
460,2,564568895,-729135911,1239714481,directional,265059034.0
460,3,-1082991868,-575985173,1489973195,directional,99793972.0
460,4,-1180209057,-571744272,1038198124,directional,278099295.0
460,5,-1144506602,-1315560471,1007920455,omni,
460,9,-906669363,842034435,1386926394,directional,129518316.0
460,10,-1704992739,325236051,1238755790,omni,
460,11,725053327,471154206,1184068774,omni,
460,12,-257182163,-742669648,1221026815,omni,
460,14,-826954636,1504077931,1139685981,omni,
460,15,-816113160,784639051,1182774764,omni,
460,18,-1058978276,-590069195,1466214249,omni,
460,19,397676023,505316397,1326801540,directional,293234988.0
460,20,1132441252,-46726766,1382817184,directional,107750359.0
461,1,-79488266,-483210902,1452341082,directional,280592529.0
461,2,-544144883,474128881,1388935606,directional,283994333.0
461,4,945220503,-1209307613,1316677449,directional,76040971.0
461,6,409718179,1046779628,1030407129,directional,253467416.0
461,10,-1033442139,-886580106,1385623629,directional,225336058.0
461,12,241387027,-1166598604,1348307775,directional,268023436.0
461,13,1159743128,-231969278,1109314328,directional,349533825.0
461,14,93296799,-1185884322,1222738186,directional,335605341.0
461,16,-1251033668,460648489,1483222337,directional,320230350.0
461,17,725377020,1208178605,1101909341,directional,70925888.0
462,1,-1009036522,-1101134981,1250961824,directional,241511546.0
462,2,-633434051,-1249763166,1069299903,directional,281710203.0
462,4,948737104,-1038264331,1026777420,directional,125753815.0
462,5,272328022,-542375158,1108357055,directional,74618550.0
462,7,1143090793,531754224,1008982165,omni,
462,8,209417710,738251253,1226934324,directional,266908055.0
462,9,1234652618,-394243970,1042010389,directional,322140084.0
462,10,-1161242348,402836420,1326083012,directional,321887538.0
462,11,1589067180,568157799,1200155299,directional,13917699.0
462,12,-702520761,1151147785,1446644275,omni,
462,13,-1123130758,-507015192,1062378848,directional,51425399.0
462,15,-941760318,388592341,1463837047,omni,
462,16,-297663497,113821072,1351394372,directional,328025645.0
462,18,-834703447,218934708,1491309696,omni,
462,19,-378746633,-713012098,1428702126,directional,49861602.0
462,20,1406608171,-49086082,1377658388,omni,
463,1,896474130,395414711,1143798805,directional,79269017.0
463,2,1274295243,-1095283662,1379641515,directional,271759324.0
463,3,1153640853,-195440874,1016871976,directional,87880347.0
463,4,43649064,931960565,1420737829,directional,197629852.0
463,5,-714712455,1177312173,1016613319,directional,27879654.0
463,6,526257341,82557071,1260432138,directional,74825535.0
463,9,940830031,892970214,1368526724,directional,157748913.0
463,10,1325707987,617022204,1406178354,directional,288899331.0
463,12,-1415542851,-578317790,1316016832,directional,117148650.0
463,13,-598082183,1467162634,1287292440,directional,344919194.0
463,14,461833930,-1448751669,1048373574,directional,136958137.0
463,16,414717291,-1456693181,1298869200,directional,122093840.0
463,17,-1354300111,452171092,1187636606,directional,15340507.0
463,18,1149954276,-123241163,1285091816,directional,147343039.0
463,19,1277018548,377686024,1211611586,directional,94604678.0
463,20,424303017,-289998682,1167653711,directional,66659989.0
464,1,-1238217824,-1079849093,1369532562,omni,
464,2,-1484602582,-428892772,1186439707,omni,
464,3,-1163659022,645358231,1232273873,omni,
464,4,591474006,-741621826,1483611955,directional,155826328.0
464,8,1249518871,-937996298,1433476059,omni,
464,11,-150587176,-1077182139,1169675986,omni,
464,12,-131005284,-1389510074,1102291134,omni,
464,15,-1424379285,-828503587,1190255482,omni,
464,16,811634222,999231806,1353855910,omni,
464,17,-470920486,1159458992,1422757008,directional,12682600.0
464,19,-629040730,1377502090,1043343459,omni,
464,20,26698151,1718618155,1227961028,omni,
465,1,160567066,-154393999,1320455626,omni,
465,2,428536596,-323239921,1168927855,omni,
465,3,1126689109,383893818,1330748065,omni,
465,4,216983790,-1010295705,1086750336,directional,194896995.0
465,7,1003766019,403851642,1374259511,directional,81919960.0
465,8,-619856550,173999096,1299673568,omni,
465,9,481938230,1536504369,1104702375,directional,283497275.0
465,10,-34599135,-964248305,1495145252,omni,
465,11,-257641232,48018258,1158694226,omni,
465,12,665372842,991752014,1476827008,directional,274551501.0
465,14,989867163,-75004353,1082027880,omni,
465,16,-701041515,-760518161,1278060610,omni,
465,17,-904057261,-130724283,1094415418,directional,116804693.0
465,18,1213973960,-705339709,1306211248,omni,
465,19,-1429089956,656460500,1334098738,omni,
465,20,-312863945,-1532328436,1163981852,omni,
466,1,1572345430,46663492,1183287983,omni,
466,4,-1429827344,924559933,1055123275,directional,113234226.0
466,5,497814093,-196716370,1446799706,directional,61973686.0
466,10,71063367,-290292987,1308630058,directional,251847269.0
466,11,-65923511,-813929044,1263387466,directional,274122970.0
466,12,-242743648,-609196746,1156639670,directional,248074331.0
466,13,-687243965,-637488345,1312980384,directional,164508019.0
466,14,-950157851,844371774,1028096534,directional,51429401.0
466,16,716259193,-87084795,1207210292,directional,105509470.0
466,19,-562620387,363681088,1225411851,directional,190625241.0
466,20,369400365,-1234903499,1227312935,directional,267801150.0
467,1,-527583565,771560308,1271534758,omni,
467,2,669540817,523780798,1240116180,omni,
467,4,806515793,-890297289,1172871179,omni,
467,5,-1101461021,-1032395373,1230315263,directional,272679687.0
467,6,-1057037550,148457979,1384445314,omni,
467,7,1258457159,526640126,1278981904,omni,
467,9,1210020718,-264525494,1402459663,directional,43000260.0
467,11,-453143410,-930105581,1412360351,omni,
467,12,-1097552270,-666620103,1090369374,omni,
467,13,1134763180,1202987701,1357343135,omni,
467,14,17030879,-6627158,1073738884,omni,
467,15,706654432,1108245326,1042772988,omni,
467,16,-787529671,730857710,1159445623,omni,
467,18,-286639306,425434651,1389287527,omni,
467,19,579352331,630122638,1365079081,omni,
467,20,1271533925,679633699,1425053194,omni,
468,5,47262138,195985387,1012648172,omni,
468,6,1230918693,521768871,1286290263,omni,
468,7,719065355,-646649915,1333035277,directional,216509688.0
468,8,532198360,-127604759,1131229665,directional,47257427.0
468,12,181298187,-26322004,1198681448,omni,
468,13,-391628905,1284050023,1344033546,directional,210622558.0
468,15,-1141607481,-732419987,1481054354,omni,
468,16,-19549718,860913735,1420977708,omni,
468,18,1004959615,600213593,1363159434,omni,
468,19,789792976,919450555,1296127818,omni,
469,2,275461593,1411059113,1147251757,directional,170596218.0
469,4,-936474272,-1222070909,1311306652,omni,
469,5,100553200,684650694,1342410371,directional,88373635.0
469,6,1293557250,-872789785,1467477797,directional,344941394.0
469,7,560416063,408315636,1127495911,omni,
469,8,-8297464,-497918206,1410650286,directional,287291124.0
469,10,891977318,-1393485639,1172551319,omni,
469,11,1422730471,678666847,1070257215,directional,160989856.0
469,12,-31238352,251081762,1073662983,directional,230737470.0
469,14,-929881918,410748721,1383450523,omni,
469,15,1299889892,-789493256,1376461018,omni,
469,16,-1735279174,173590454,1379220435,directional,117408370.0
469,17,152081187,-769334244,1363923710,directional,109986513.0
469,18,-163635631,-401965437,1031521445,directional,35335079.0
469,20,-1298281825,-1059477497,1096277322,directional,112770717.0
470,1,-703343812,-1322233960,1315496453,omni,
470,2,-874749402,1075198876,1097749054,directional,3977546.0
470,3,-1488672794,601249748,1225515143,directional,244952685.0
470,5,-996306773,-859776127,1452385893,omni,
470,6,-158799732,-535197405,1476125860,directional,224833365.0
470,7,-450358265,1426338227,1497657228,omni,
470,8,1527946869,74502146,1494505082,omni,
470,9,761148539,1079621040,1430967970,directional,299170542.0
470,10,-876382290,838862517,1352138229,omni,
470,11,-915994172,-838649201,1455363656,omni,
470,14,156213453,1660403822,1035828126,directional,164225810.0
470,16,-406501419,-514707682,1210361581,omni,
470,17,-937267950,329700940,1087810247,omni,
470,18,958740573,361132585,1344382200,directional,295215322.0
470,19,-277491168,1184689081,1275488163,directional,134045516.0
470,20,-700521749,488958810,1248474065,directional,36457844.0
471,3,504834224,899021258,1180310877,omni,
471,4,-1682400572,218453024,1079871597,omni,
471,6,-975566033,-250779682,1158699626,omni,
471,8,829178005,944308673,1076512883,omni,
471,9,-1529344635,-406337353,1086894492,omni,
471,11,-293672460,8970432,1221618996,omni,
471,12,406410705,644697330,1182497046,omni,
471,15,1275475793,-541760154,1370386981,omni,
471,19,-685882804,-748692469,1022264067,omni,
471,20,991529744,538420630,1472086369,directional,156037257.0
472,5,1076241650,389936925,1181979517,omni,
472,6,-1644519597,391438133,1452186104,omni,
472,7,-672566798,-1055458980,1448856448,omni,
472,11,1067018111,-1312124097,1115006093,directional,209211806.0
472,12,-752168248,1577491373,1214139345,directional,158342752.0
472,13,-38729424,-274546628,1300800434,omni,
472,15,-692823001,969461193,1054013788,directional,4470304.0
472,17,-130249129,1457399443,1054199461,omni,
472,18,-1462729845,575286685,1270050543,directional,29495184.0
472,19,-1586876513,-69653076,1275397449,omni,
473,1,584160708,-206575406,1040065691,omni,
473,2,-1251551535,-1022248706,1473471260,omni,
473,3,-225186247,493852424,1275232706,omni,
473,4,1000809347,-201886119,1364863482,omni,
473,6,-449643077,1115095419,1178122600,omni,
473,10,-1714250265,-397410547,1213031711,directional,157314947.0
473,12,-1582441484,272082421,1426217898,omni,
473,13,-353661937,-227420284,1022115806,directional,179791401.0
473,16,-356727030,974957100,1087265883,directional,330610040.0
473,17,-1457218754,404246195,1413662512,omni,
473,18,-345655985,-1145255907,1182688692,omni,
474,1,176969693,789989000,1477435022,directional,121254739.0
474,2,543925473,1684005262,1291804492,directional,281213456.0
474,5,-1326941766,-304451488,1261903468,directional,120932994.0
474,7,186257525,1424667508,1387693167,directional,260394372.0
474,8,-354180620,811882367,1331226624,directional,206563889.0
474,9,-105486691,1439548937,1370368367,omni,
474,10,855558968,-1015252540,1396946460,directional,212019027.0
474,11,639227322,665797557,1485600235,directional,283675056.0
474,12,556928383,-853498378,1088656060,omni,
474,13,-616687595,1649488558,1449701237,directional,340601420.0
474,14,1542180796,256527388,1369277436,omni,
474,15,647250002,-1294756629,1384342125,omni,
474,18,-878788645,-378937734,1043072168,omni,
474,19,86452552,-1241202363,1487434966,directional,259979898.0
474,20,-307840832,817867608,1428242306,directional,31886152.0
475,1,120539060,-585652665,1268278038,directional,354986482.0
475,3,-1024354492,-860440845,1296149234,directional,355446314.0
475,5,348390119,-1034334027,1427085974,directional,169556776.0
475,8,-376524361,770804679,1363797655,directional,284124029.0
475,10,59761921,1211327890,1422788272,directional,154424095.0
475,11,-1487521091,-825953995,1046713448,directional,134511579.0
475,13,-790339859,-714333121,1243665058,directional,120627984.0
475,14,-491029826,-1342586401,1145901841,omni,
475,17,1022674560,-1412407751,1403846294,omni,
475,18,200277045,-1265525658,1028455544,directional,9945521.0
475,19,-557873037,1501234960,1263888760,directional,292084892.0
475,20,-1167829639,-553675485,1264673325,omni,
476,1,1558700854,755901461,1023832893,directional,168491614.0
476,2,1117031177,-1042224534,1077970319,directional,254858067.0
476,3,-1494433507,867442691,1401039194,omni,
476,4,-1572808726,550279055,1269422755,omni,
476,5,160218133,251542613,1012101673,directional,128885328.0
476,7,27742296,218220195,1059524766,omni,
476,8,373712896,1048713738,1274608097,directional,110185263.0
476,10,-934073404,-638925209,1156396249,omni,
476,11,296123419,-865559435,1288234309,directional,137250037.0
476,14,107398689,1029784242,1262682809,directional,303276157.0
476,15,48632343,-625678368,1048260977,directional,257455491.0
476,17,-45184196,-1525291811,1012648265,directional,178371551.0
476,19,920011492,985607640,1164570098,directional,97925106.0
477,3,-1307498605,-87684902,1427011644,directional,326996531.0
477,4,-442753068,426130453,1116884498,directional,154664691.0
477,5,1301897263,-884889623,1049100021,directional,191470259.0
477,7,-1362193505,-1053729819,1370458641,directional,284427747.0
477,8,-67229994,345480079,1442555985,directional,84717169.0
477,9,-1062163095,-595626476,1196716018,directional,274603816.0
477,10,-594733105,1104034375,1200339674,directional,96672885.0
477,11,795674392,78151186,1180908349,directional,296632434.0
477,12,-1204205296,279297410,1205195757,directional,296514424.0
477,13,-2041690,-597322781,1062324563,directional,291497194.0
477,14,1063234001,-961713479,1476436659,directional,193474425.0
477,16,-427029882,-485978647,1365960463,omni,
477,17,241586866,1266008696,1390375774,directional,187703299.0
477,18,-1655036064,-336132891,1173213049,directional,259503766.0
477,19,-140081128,-203920730,1255526610,omni,
478,2,748571105,275498285,1275743127,omni,
478,4,1244561215,69552412,1189400211,omni,
478,5,-1288210823,-681211013,1032055451,directional,152239878.0
478,6,-1665507918,-169043422,1069443020,omni,
478,7,417479178,680410798,1322554148,omni,
478,8,-1230455695,-282501411,1399416879,omni,
478,11,1623405825,137716145,1089623628,omni,
478,12,-871381858,-818673474,1110057120,omni,
478,15,-29352754,-114743541,1173457750,omni,
478,16,-229045100,1715053517,1420951619,omni,
478,17,1096490951,1080668415,1427701906,omni,
478,18,-1558912603,714827962,1255179730,directional,75160032.0
478,19,99158317,741008380,1186711717,directional,70528812.0
479,1,-770835366,-716872697,1200736372,directional,160230605.0
479,5,553142911,-239986410,1444881845,directional,62128240.0
479,8,-971443945,-1385926750,1022957621,omni,
479,11,1197366660,580272886,1051736352,omni,
479,12,1497397352,-302587037,1227952009,directional,190213609.0
479,13,917442505,-413024827,1103406466,omni,
479,14,-103655788,85279303,1160123453,directional,260300541.0
479,15,666894167,1105209687,1121479048,directional,187698261.0
479,16,231421604,355219636,1292087227,omni,
479,17,1555228986,379887299,1358614160,directional,171182234.0
479,18,1678267828,463352957,1305742486,directional,171044016.0
480,2,1026349283,139099552,1033484879,omni,
480,3,-1076931015,-886284303,1290622437,omni,
480,5,304676815,-583906284,1375483717,omni,
480,6,1389308893,194527401,1157587686,omni,
480,7,-78242570,420307416,1007108087,directional,73505042.0
480,8,-1144119892,-273045291,1435491207,directional,91569614.0
480,9,541345749,376911524,1294592894,omni,
480,11,-955316353,834891302,1204328450,directional,303145734.0
480,12,396751593,-1087625341,1193082019,directional,271097203.0
480,13,504808049,-830286415,1188877224,directional,127401430.0
480,15,-96950745,-1679165871,1139051557,omni,
480,16,683502774,-786513127,1357797323,directional,96981498.0
480,18,-877242279,-752110635,1471584555,directional,251916906.0
481,2,436111474,-1208694266,1328272012,directional,235139324.0
481,3,1682710097,118551587,1300748645,omni,
481,4,-792705702,641322525,1174340512,omni,
481,5,-62734149,-1636535803,1392251613,omni,
481,7,146416485,-936935731,1215159625,omni,
481,8,-69445897,1104191463,1484798575,omni,
481,9,-1499059436,924841154,1055176434,directional,209816583.0
481,10,1663065647,-95922067,1407890672,omni,
481,11,1367388162,-669996718,1038520675,omni,
481,12,-991626398,1117857820,1365086981,directional,329640820.0
481,13,579486372,-293121033,1063787331,omni,
481,14,-749118968,1352791256,1301394504,omni,
481,15,410225317,-863750475,1216726188,omni,
481,16,-552246122,166210740,1262060311,directional,205039138.0
481,17,372277276,-1683988286,1222241566,omni,
481,19,-642522094,-1469096379,1060988321,directional,121349589.0
482,2,-77740593,1706139131,1029772512,directional,208210744.0
482,3,-686672507,249655783,1050806119,directional,351850103.0
482,4,347908006,1145584839,1245663223,omni,
482,7,1406782520,808774507,1407747740,directional,307377927.0
482,8,631133059,880019437,1108438142,directional,84621467.0
482,10,-66658596,1759352617,1133852194,directional,124013427.0
482,11,-462601264,119199171,1394198344,directional,36382675.0
482,12,862422934,-1205131664,1417986599,directional,144286363.0
482,13,-866254865,697449571,1176795390,directional,180626264.0
482,14,-1037947306,-804862882,1167383621,directional,3411741.0
482,16,548336005,266455617,1160151006,directional,345810686.0
482,17,-386068858,-1504466558,1485653007,directional,58837080.0
482,18,606898192,-82174812,1476079944,directional,53465704.0
482,20,-36291947,-1717499567,1025837264,directional,341108399.0
483,2,804569431,-891861373,1086283832,directional,104603257.0
483,3,-200639081,-1743987661,1403639936,directional,356585120.0
483,5,1121736876,-807833375,1076481518,directional,218602532.0
483,6,-213895769,-1421203664,1137192535,directional,206103845.0
483,7,-1308625432,-745515924,1258040133,directional,210895474.0
483,8,785225312,716397975,1402175539,directional,117725508.0
483,9,-239249562,57055377,1482781961,omni,
483,11,530278419,1675700044,1403626870,directional,278318460.0
483,12,-450675702,-28853971,1492718187,omni,
483,13,-645480378,-1090029949,1467605107,directional,325468814.0
483,14,401224250,-1120259129,1224471166,directional,11972689.0
483,15,-155974930,-1464740092,1226089287,directional,52387104.0
483,17,-1423082777,971158463,1082148272,directional,215958063.0
483,18,300291408,1562242201,1217837425,directional,1473138.0
483,20,-211723153,1521914815,1419777828,directional,23661100.0
484,1,1608144967,-283156822,1033977765,omni,
484,3,269290045,-450646820,1490867137,omni,
484,4,1038104969,951165018,1109913954,omni,
484,5,1020613964,1238240867,1141193009,omni,
484,6,-1186075057,-1177621627,1074232463,omni,
484,8,1499648196,299144280,1428317515,omni,
484,10,874594995,-430786583,1140481753,omni,
484,11,-22495658,666970266,1105903600,omni,
484,12,-1368962228,-267717194,1125175437,directional,233280921.0
484,14,1474631414,-794133319,1413176252,omni,
484,15,422890143,1711353457,1469420084,omni,
484,16,-1160902102,-93226189,1188119028,omni,
484,17,-35987532,1754275734,1285362112,omni,
484,18,-419630990,-266824672,1022852830,omni,
484,19,1213482889,-906370919,1258182815,omni,
485,1,-288767293,795345488,1155974303,directional,34917358.0
485,3,126037967,-1504924340,1213759210,directional,54128004.0
485,4,770236876,-1528269661,1064057712,directional,99496543.0
485,6,-974020492,993852474,1388435553,directional,18264720.0
485,10,333681006,-1624127192,1026882229,directional,122943465.0
485,11,879654897,-438401141,1365199679,directional,92013353.0
485,12,230306599,-955293984,1403242276,omni,
485,13,115717060,1080495419,1435353986,directional,326199628.0
485,16,744886031,59968443,1185266767,omni,
485,17,13620337,-1312762446,1362406874,omni,
485,20,-992752438,124370411,1156924696,directional,322437722.0
486,1,523516911,-380270175,1074038885,directional,204044402.0
486,2,-279785180,1373177556,1410451960,directional,347974319.0
486,4,-908425447,-782905842,1046910281,directional,253154913.0
486,5,1081825089,469403753,1042144305,directional,181995170.0
486,6,-291444340,670686175,1266693619,directional,304498088.0
486,7,-693137861,444795594,1371316548,omni,
486,8,-781692768,-1273830362,1031905293,directional,4556253.0
486,9,-877505731,224451680,1150162887,directional,342933015.0
486,11,726110371,498667914,1013792223,directional,239118410.0
486,12,241652606,-853795709,1038255519,directional,2384000.0
486,15,-1460595774,135888296,1015154840,omni,
486,18,-1008793344,375631692,1024671613,directional,258023477.0
487,1,-708209475,-1136699890,1253020215,directional,333779814.0
487,2,1231016959,795050517,1110352270,directional,81151431.0
487,3,-165698976,-1515697365,1234734669,directional,196515121.0
487,4,-779053132,-626007541,1195204363,omni,
487,5,-334041811,852032000,1344044945,omni,
487,6,-368689397,-1535811215,1204601272,directional,298927690.0
487,10,789135797,-11934464,1249147181,directional,251347610.0
487,11,-1372923408,-6185624,1235344145,directional,255371553.0
487,12,-303075970,-511610994,1256612965,directional,165156982.0
487,16,529057034,1247206966,1144948086,omni,
487,17,-881900475,-1283500541,1235828574,directional,285036404.0
487,19,1311662104,-731610861,1460444020,directional,301686379.0
487,20,1104231962,409070351,1131488307,directional,254320514.0
488,1,483231655,747736375,1481594588,directional,224937951.0
488,2,-119279927,271027635,1088865549,directional,138801476.0
488,3,-1204150901,-701565518,1461728921,directional,90756761.0
488,4,-1637940621,-504681911,1104637387,directional,319577162.0
488,6,140651866,-1311934082,1361450778,omni,
488,7,635043349,1153159177,1042399268,directional,86841292.0
488,8,-594618359,-151802079,1193421495,omni,
488,9,822663240,-1553419706,1151059213,omni,
488,10,-271634355,-1245264593,1049274376,directional,179789067.0
488,11,-1306041682,-1043644533,1292957051,directional,19180634.0
488,13,945117802,436068174,1174490603,directional,156634982.0
488,14,1596677893,6837750,1208929315,directional,260577231.0
488,19,779250774,561796744,1302981998,directional,231106944.0
489,1,-993012581,-162488502,1217193205,directional,26968238.0
489,2,-889705486,-209830167,1362391180,omni,
489,3,524310798,1019053729,1260041524,directional,356599051.0
489,4,1624834802,-26969518,1173037073,directional,138670855.0
489,5,1061113018,638763010,1112042606,directional,45866386.0
489,6,-417419845,-174837072,1081725897,omni,
489,8,482111623,1182758229,1469936693,directional,166504808.0
489,10,76940560,585812433,1344607428,omni,
489,12,-1107827974,23278678,1109770923,directional,16094559.0
489,13,-821371695,-216678809,1325969197,directional,144710346.0
489,15,164007288,-1182721135,1060793103,directional,218693548.0
489,16,1000006631,345157664,1043584489,directional,63146585.0
489,17,1103580318,1307543118,1482293054,directional,15695257.0
489,20,-612878757,-1100819818,1466419603,directional,89394948.0
490,2,-387565733,-1139287342,1333685948,directional,30083459.0
490,3,642555516,-1187191851,1020656318,directional,202607872.0
490,5,-1179189067,13093146,1149897630,omni,
490,6,808518458,1265127261,1427491128,omni,
490,8,881287133,-497813741,1357763809,directional,340513507.0
490,10,730618749,-66410860,1247244975,directional,104000344.0
490,12,920664589,775774508,1029669865,directional,84091209.0
490,15,1239507090,861780280,1159386216,directional,345870028.0
490,16,-1153997445,-702438630,1187700907,directional,39817302.0
490,17,-387809268,-849765369,1290467412,omni,
490,18,452758200,-766747585,1399290869,directional,239024702.0
490,19,864773611,452116463,1038019386,directional,268978320.0
490,20,650490749,-390504299,1320224479,directional,65785480.0
491,2,-358415041,-780989420,1101044468,directional,84034704.0
491,4,-232671043,293944037,1411638290,directional,49173496.0
491,5,157135962,-1062266344,1005191161,directional,118679638.0
491,6,-206504514,722059096,1125075172,directional,170868133.0
491,7,-1723383976,-203645987,1280288881,omni,
491,8,-963696157,-1260708539,1282176147,directional,29929333.0
491,9,-531636019,-1578929612,1171784687,directional,255512801.0
491,11,1001049937,-101016943,1433145918,directional,246889647.0
491,12,356965007,570524518,1399960760,directional,208601838.0
491,13,950771227,312609035,1366038650,directional,187566027.0
491,15,1333073301,-24958533,1048180578,directional,282873980.0
491,16,1055521121,226413044,1466361268,directional,237151315.0
491,18,1304469011,89323513,1131454126,directional,13165794.0
492,1,482335470,-780420886,1102448104,omni,
492,2,-348415931,406718648,1330731457,omni,
492,5,-915773573,-755355739,1093078637,directional,296235263.0
492,6,-1204921120,-1062822376,1291087523,directional,254234313.0
492,7,191304494,1582168273,1425257856,directional,259027808.0
492,8,334814834,-875798081,1450550310,directional,211744527.0
492,10,200418705,-235039677,1014202255,directional,127093296.0
492,11,1431548354,-936442169,1106838802,directional,147097308.0
492,13,-1112641502,-51114558,1094376009,omni,
492,14,-955509449,-627963289,1256078891,omni,
492,15,868378256,-381348787,1205699049,directional,298542696.0
492,16,-673971998,-103190060,1142008166,omni,
492,18,-1431601126,232058939,1394387609,omni,
492,19,111716938,-1051175523,1042931511,omni,
492,20,58824811,-322612256,1438079052,directional,92397909.0
493,2,-1350771840,-442559219,1453297385,omni,
493,3,-358137117,-1057582440,1233856821,omni,
493,4,1099893571,-860376944,1260955058,omni,
493,5,277750209,899726151,1040455325,omni,
493,6,-324335327,1395976301,1087981280,omni,
493,7,1468750606,-12378854,1265870745,omni,
493,8,394563188,-717856575,1027706228,omni,
493,9,307316845,1340808865,1122169837,omni,
493,12,666712798,-795945893,1411742933,omni,
493,13,382512916,1504289382,1073053760,omni,
493,14,-360957157,-655030325,1118392319,omni,
493,15,492548107,1518097641,1036662592,directional,245681889.0
493,16,710832953,1525700408,1114618108,omni,
493,17,528371412,-277103981,1348167275,omni,
493,18,1674096608,351744719,1326404694,omni,
493,19,-725825910,1214156029,1358876424,omni,
494,1,-130220061,818308110,1007211047,directional,154270652.0
494,4,1643788997,-630391948,1060963589,directional,86119979.0
494,5,34236416,998242640,1085686087,directional,69228320.0
494,8,1386457069,817458666,1497509666,omni,
494,9,-365142171,-1424546085,1065714242,directional,274780616.0
494,10,-325217796,865350552,1179068239,directional,312870935.0
494,12,-287551063,1445066972,1163067324,directional,110488330.0
494,13,-1030314326,-63486274,1239272777,directional,123700074.0
494,15,875479924,-1180424193,1156343567,directional,188826720.0
494,16,-399389215,213333038,1248352678,omni,
494,17,-405359804,-904704717,1401593735,omni,
494,18,-153926992,-911240181,1032302193,directional,182652630.0
494,20,-1644096113,460337020,1363356373,omni,
495,1,833658148,903401804,1408808073,directional,38971780.0
495,3,-164542270,1111307799,1027956106,directional,274969260.0
495,4,853193507,-1347726169,1334625152,directional,74347230.0
495,8,49576425,-303736803,1103236510,directional,273006713.0
495,10,-1514937273,896457684,1492295136,directional,25110182.0
495,11,437467643,-529862464,1194055703,directional,120137641.0
495,14,-99646203,-675084769,1177877533,directional,141470393.0
495,16,540784706,297750091,1150556709,directional,31899095.0
495,17,1263655185,-1117581757,1123861097,directional,142422196.0
495,20,-267049521,95959163,1409438672,directional,174763490.0
496,1,1160941583,-160652036,1153004815,omni,
496,2,1490833416,-615776578,1468644944,omni,
496,3,-203195446,-711621474,1415821407,omni,
496,5,-138103291,80211997,1450891744,directional,205135532.0
496,6,314469106,458283618,1122931242,directional,13204557.0
496,7,1043888380,-645341919,1154974181,directional,116541762.0
496,9,-125010846,1310107638,1084173287,directional,107767697.0
496,12,-1424272468,-224771606,1206761818,directional,142041639.0
496,14,912527025,4677655,1323869961,omni,
496,15,-934375561,748528793,1366331094,directional,301285449.0
496,17,423937352,-28273117,1374156053,omni,
496,18,-1651247345,-137805294,1010571023,directional,61117969.0
496,19,1652298399,201548398,1428365446,directional,241160719.0
497,1,20456247,-1552248298,1397482714,directional,112773116.0
497,2,-496857683,-256472541,1456745078,directional,315562754.0
497,3,647594408,772861400,1394978220,omni,
497,5,-658462642,-515570114,1272969142,directional,275912012.0
497,6,-1540828609,-480485461,1410643786,directional,141607865.0
497,7,75690757,1507732419,1092143819,omni,
497,8,-348430488,-944168664,1141214323,directional,281365184.0
497,9,-689138697,138407122,1041072104,directional,272293729.0
497,10,1356844579,-297530176,1030612522,omni,
497,11,-121413332,-917013831,1023299459,directional,209571775.0
497,12,208612109,748052243,1327076450,directional,340627410.0
497,14,-3416077,-929059553,1099496001,directional,57676269.0
497,15,-1699206815,406439000,1166424450,directional,232816756.0
497,16,-556896281,-1338639239,1477525128,directional,57031598.0
497,17,1383539371,551894396,1348591934,directional,264709040.0
497,20,1518552938,800959753,1063411517,omni,
498,2,-1652583008,576169497,1307397375,directional,219018651.0
498,3,1407200342,-297881826,1430346820,omni,
498,4,689124571,1158462703,1434838674,omni,
498,5,1527072074,667865783,1129130389,omni,
498,7,1486447458,810829914,1232908326,directional,129119469.0
498,8,-1355641211,-304599329,1207733203,directional,108032588.0
498,10,-259943839,200422963,1111579573,omni,
498,11,-750889415,-1158862361,1200470090,directional,261919694.0
498,13,642788741,1144883027,1402113776,directional,272058655.0
498,14,498887868,-451901684,1270264668,directional,155336605.0
498,15,-1041056364,709367003,1069636940,omni,
498,16,-866031965,-224922136,1120803665,omni,
498,17,686850385,-1497055370,1356082643,directional,340206752.0
498,18,500781274,-988375247,1077119444,directional,309586375.0
499,1,504489102,-1204961390,1115327705,omni,
499,3,1759563008,-51446,1103794002,omni,
499,4,-420692309,-222344776,1497420538,omni,
499,8,-846885185,1532596368,1122937121,directional,202010353.0
499,10,969886668,-761618304,1019591762,omni,
499,11,-629176767,50385366,1448279993,omni,
499,12,-144403987,1696971295,1423881898,omni,
499,14,-939346214,1101212824,1167875412,omni,
499,15,264558148,-1239292078,1243026006,omni,
499,16,-572709049,-771648856,1210023656,omni,
499,18,-407731517,287360723,1492909670,omni,
499,20,1115575186,24379655,1473267766,omni,
500,6,-146457913,-1710960314,1164109885,directional,274062764.0
500,7,423476549,-649188982,1050989155,omni,
500,9,168735408,-841753912,1450069645,directional,113191030.0
500,11,166019167,1379150211,1417898750,omni,
500,12,844532225,-854646115,1219947056,directional,14286912.0
500,13,-1568773063,503449526,1012265736,omni,
500,15,462574044,-1303562889,1380196083,omni,
500,17,1474046807,-323237425,1362598206,directional,337653963.0
500,19,769379484,-1110776616,1361159200,directional,149103617.0
500,20,-750616829,-750093217,1497710215,omni,
501,2,158031478,710541069,1192400513,omni,
501,3,-556869781,137093994,1084738670,omni,
501,5,-337109386,1531626997,1113581312,directional,145869484.0
501,6,-626368763,1360888375,1300396437,omni,
501,7,985578734,871083795,1283520668,omni,
501,8,-1250639819,1149783843,1399326159,directional,47773842.0
501,9,-596336113,-1561761340,1428880837,directional,252845374.0
501,10,169761996,-906124432,1277931298,omni,
501,12,-717320083,23469042,1434842508,omni,
501,13,540577187,1568393568,1352617916,directional,103640856.0
501,16,542785562,209142488,1061864518,omni,
501,17,90795270,-484234826,1021820215,omni,
501,18,347249332,277027664,1471631882,omni,
501,19,645759507,-56857842,1395189722,omni,
501,20,1112016387,99896054,1461561712,directional,302456228.0
502,1,1253931359,279733644,1295219923,omni,
502,2,1090626771,333626694,1457305213,omni,
502,5,949826277,1018370252,1246001936,omni,
502,6,1580953976,-465907735,1231986141,directional,316968777.0
502,8,-867812059,-1075555647,1261772473,omni,
502,9,-1030011526,1124038225,1315752037,omni,
502,10,1565273267,-573283050,1390863596,omni,
502,11,-667961690,523525533,1291814155,directional,94988551.0
502,12,-485159510,908103871,1285377466,omni,
502,13,-1109093936,12508009,1080124716,directional,262119502.0
502,16,525025798,-1209624916,1250538940,directional,2053357.0
502,17,-270607588,-99083674,1391210708,directional,300274266.0
502,18,575894838,-1039384528,1430308292,omni,
502,19,1261179282,-19823794,1496855130,directional,196677932.0
502,20,1112457516,-1153703749,1354210699,directional,52092972.0
503,1,1114924532,209395111,1254058321,directional,319264790.0
503,2,774495648,-676843819,1277738646,directional,350962391.0
503,5,939043977,-1188218953,1023998185,directional,187188089.0
503,7,140008723,-1344017570,1197391367,directional,157083671.0
503,9,-556586831,310353008,1056243071,directional,69994824.0
503,10,-508342084,-1376949676,1248427376,directional,339522593.0
503,11,981131506,-827258129,1459751257,directional,261083931.0
503,13,-80647976,-1514575875,1060903900,directional,225202651.0
503,16,298007355,780644898,1070992739,directional,227023982.0
503,20,1036584050,1060316539,1055470983,directional,289103770.0
504,1,1433010431,-591735365,1103400489,omni,
504,4,223964118,-223705655,1018034239,directional,91393915.0
504,5,787812532,-1145760348,1426315229,directional,236088312.0
504,8,-144116919,879835378,1480001562,directional,37322917.0
504,9,-1304645786,35593807,1383268423,omni,
504,10,-810661902,-1248169487,1341802063,directional,56351466.0
504,11,-57674725,1766704835,1351145654,directional,197633763.0
504,12,385503082,1703241996,1261205312,directional,23017783.0
504,14,569039164,1243556719,1143354677,directional,138414722.0
504,15,-1147764891,1273941306,1402373475,directional,49778483.0
504,16,-1208301696,842729985,1285028915,omni,
504,17,-1344276091,333319541,1395781011,directional,135883040.0
504,20,-364428804,-1038364541,1340869022,omni,
505,1,399997211,1149236677,1393659891,directional,169479135.0
505,2,228864494,-1372826262,1381637598,omni,
505,6,-902653167,-724163848,1455048546,omni,
505,7,849194256,-942235571,1151778527,omni,
505,8,-1503079625,96372586,1095079842,omni,
505,10,513831964,1245734203,1289796600,omni,
505,11,-1320406973,1110073202,1230986337,omni,
505,12,-527141865,476845269,1281896549,omni,
505,16,32028106,-752863092,1227801023,omni,
505,17,-1408784375,-106852068,1201040790,omni,
505,19,414001206,295319399,1369813683,omni,
505,20,-324710812,-182743670,1383259155,omni,
506,2,-512006526,384577841,1118694709,directional,266691450.0
506,4,-968307402,1333839968,1478335910,omni,
506,5,-1231697131,-766645630,1102965952,omni,
506,8,1179347317,881142241,1258596297,directional,147948944.0
506,9,-1114169516,976711888,1354563361,directional,217765133.0
506,10,-1346892421,-224211773,1421150832,omni,
506,13,1556779900,-378764349,1089512436,directional,238667592.0
506,14,122000836,1057244651,1102089721,directional,269691893.0
506,15,-940174162,1155408187,1161907831,directional,349158509.0
506,19,1652940788,33794911,1194639793,directional,300463429.0
506,20,530395141,1194332189,1076769424,directional,134933631.0
507,2,1453586473,-385996606,1433690332,directional,151368158.0
507,3,808691064,1295271777,1263183654,omni,
507,5,1185039070,-902897732,1235868570,directional,47102796.0
507,6,527085653,-1284133527,1296327596,omni,
507,7,166480610,35598776,1200801335,omni,
507,8,-527616233,-189657012,1042382256,directional,227530339.0
507,9,218800978,413184297,1483047633,omni,
507,10,-1207555609,-939009815,1196777805,directional,284526733.0
507,12,995745079,-903598763,1267926793,directional,118713525.0
507,13,1110274104,1162216949,1032236061,omni,
507,15,-1479372252,-60062542,1373510291,omni,
507,16,-1657055435,93220392,1213400677,directional,122720074.0
507,19,-281578473,12808494,1210612305,directional,336699135.0
507,20,42147003,24455523,1127622076,omni,
508,2,-986761005,559127556,1352918835,directional,341475088.0
508,4,-634269187,-459279649,1090191067,omni,
508,5,1418496572,-163535778,1435835876,directional,118563021.0
508,6,-1630887458,654335368,1200439284,directional,145552584.0
508,8,475380840,136708269,1006852855,omni,
508,9,-462654830,576642108,1408938553,omni,
508,12,1391328729,-1028033697,1408926985,omni,
508,14,561097829,532486689,1193961568,omni,
508,15,420246142,-646419325,1231478315,omni,
508,16,-969328499,-451594937,1218312639,omni,
508,17,-625978558,-600007507,1132675862,omni,
508,18,941514233,-579812102,1313755708,omni,
508,19,-675149073,-1281962754,1491428172,directional,20789095.0
508,20,290203884,-622022847,1407429262,omni,
509,1,223950479,1749987953,1261296669,omni,
509,3,-984026657,-208484155,1116097028,omni,
509,4,972376037,1057181467,1157321721,omni,
509,5,-251442923,1354621854,1433616974,omni,
509,6,-271920345,-801760935,1279669667,directional,36799510.0
509,7,-1360462596,1069114250,1483691005,omni,
509,8,267259091,-648273267,1063232920,omni,
509,9,-629428408,-945201552,1245045123,omni,
509,10,-232746927,347162026,1173850305,omni,
509,11,-355442690,1253894439,1005383353,directional,284458387.0
509,12,-1655254744,-184572550,1350940315,omni,
509,13,-1041523413,-204144487,1050390516,omni,
509,15,-1182396452,-408101505,1349656639,omni,
509,16,222029263,1514646739,1425087798,omni,
509,18,1174827843,748354737,1310375978,omni,
509,20,87825081,1074016623,1317647659,omni,
510,2,-1095390500,-642132921,1165717592,directional,102465828.0
510,4,1386080494,-418767848,1130402394,directional,113991128.0
510,5,-645503010,1123194327,1401284026,directional,106613022.0
510,7,484184732,488051543,1120472019,omni,
510,8,829724147,1009775264,1199005227,directional,268754072.0
510,9,-509473704,-1374700064,1479038441,directional,11075544.0
510,10,-327696636,1333114692,1296271011,omni,
510,15,-286081529,-717614517,1453854567,directional,69056252.0
510,16,-950353081,-809676134,1217721677,omni,
510,19,-446966230,-473586114,1437309735,directional,88536763.0
511,3,609676763,1265836540,1180421299,directional,41553987.0
511,4,-1122637377,-161054610,1149294051,directional,154094112.0
511,7,1424456447,-81116386,1471065242,directional,324989536.0
511,8,1559575532,-766889363,1188157110,directional,298531887.0
511,9,-994756166,-214836802,1409263108,directional,114786157.0
511,10,801440370,1250819673,1499508876,directional,278429361.0
511,11,-856924786,-1521312916,1438603654,directional,16561211.0
511,12,224574314,-73176026,1453234759,directional,194775919.0
511,14,-292640894,-1409226482,1317252999,directional,246716803.0
511,15,992118087,1219047459,1457895133,directional,28949982.0
511,17,276863313,939674444,1206050784,directional,212903219.0
511,20,928595629,1396328430,1237923646,directional,356622407.0
512,1,-1409651258,957286283,1260994555,omni,
512,2,609498442,1226381535,1495642168,omni,
512,3,1079792346,-512357156,1093308181,directional,250888434.0
512,6,-338335435,693834376,1412628018,directional,77188901.0
512,8,-1466340719,904855334,1376587606,directional,235249354.0
512,11,1493424370,-306096484,1085012257,directional,167151774.0
512,12,1146010568,-127248072,1300988640,directional,343113624.0
512,13,1490488346,-412820826,1386284756,directional,44593505.0
512,14,-689136571,-23640098,1258910012,directional,110213283.0
512,16,-1038428178,-1377787948,1251373436,directional,69671961.0
512,17,142151218,52381363,1022714228,omni,
512,18,571582400,1370347924,1414782227,omni,
512,19,-465533522,23672354,1463270622,directional,50140159.0
513,2,-480632327,-1069318995,1425912574,omni,
513,4,-147971231,-465093200,1029338347,directional,200512901.0
513,8,-1038599251,443653275,1125620480,directional,19519149.0
513,9,452570525,741344786,1398597453,omni,
513,10,-115036797,-925206161,1219512914,directional,78302754.0
513,13,997834819,-518096840,1091743948,directional,258517845.0
513,15,-1498576078,-872709217,1177712636,directional,190419384.0
513,16,-1090250168,691811254,1287089949,directional,231932206.0
513,18,55102641,-649140501,1231153057,omni,
513,19,770446156,683486328,1490997326,omni,
514,1,380866221,-952880864,1302626630,omni,
514,2,-487294782,-195028743,1128915435,omni,
514,4,1101476085,-790454223,1070267316,directional,324779525.0
514,7,661692197,-776982113,1293914620,omni,
514,8,939014797,1392162865,1164313509,omni,
514,10,-1130484655,-823438140,1161827731,omni,
514,11,-212414786,-1302356899,1299206502,directional,220996221.0
514,12,-838375126,-1554652455,1406842550,omni,
514,13,-358624817,1454562242,1234476285,omni,
514,14,-45912228,607781638,1342444330,omni,
514,15,877070628,-1423296724,1122397815,omni,
514,16,-729449859,-4464530,1395510909,omni,
514,17,549196004,552531119,1352522324,omni,
514,18,695107041,-1615944570,1151502369,omni,
514,19,-1532484293,-225615856,1499581040,omni,
514,20,-390515571,1284321452,1141080625,omni,
515,3,1199078018,615790107,1293985014,omni,
515,6,1228211363,989448642,1222790501,omni,
515,7,-577146869,-254340538,1313151156,omni,
515,8,977031179,-1396981578,1319539244,omni,
515,9,-206510325,1162098806,1463800999,omni,
515,10,508181720,1349333127,1242326568,omni,
515,11,80838390,-1489309714,1125619483,directional,335765990.0
515,12,-792866773,1254878764,1498947764,directional,48364257.0
515,14,-215244756,-351242721,1165183014,directional,78865877.0
515,18,1138807279,397732469,1398891084,omni,
515,20,-1345752207,-103537596,1248939825,directional,169617553.0
516,2,314333059,-155792514,1413752737,omni,
516,3,-772520011,-863667006,1340533536,directional,50632394.0
516,4,-1545453821,-27830956,1184905968,omni,
516,5,-1301518874,49242635,1053363328,omni,
516,7,-960114230,-1091285122,1357799817,directional,107464424.0
516,8,753953558,1271022463,1063318284,omni,
516,9,-97096061,1379419924,1463630252,directional,47681232.0
516,10,-504612780,-1405542853,1393090708,directional,167229139.0
516,11,786684965,596048918,1003117147,omni,
516,12,-1353302698,754554694,1392562982,omni,
516,15,511070696,-199570337,1144020913,omni,
516,16,772648112,-336533174,1399596875,omni,
516,18,1742569857,-2193351,1020449107,directional,41747646.0
516,20,464421359,-1582790657,1244228892,omni,
517,1,1271915878,-1103488602,1131282383,omni,
517,2,-935656502,-22519580,1245775605,omni,
517,3,327302428,159888538,1300695302,directional,326050897.0
517,4,1229722539,-807381022,1195899230,directional,13270493.0
517,5,-928516984,1451260031,1254261249,directional,207227202.0
517,6,124527325,-421154606,1267741093,directional,77223612.0
517,7,1477266043,395645507,1288273471,omni,
517,9,1348692873,107405267,1410439282,omni,
517,11,-773466231,1028343547,1022383126,directional,167967301.0
517,13,1305953510,-1062772383,1021077646,omni,
517,14,862708056,914443475,1121450534,directional,58804457.0
517,16,-603590642,-630210357,1165992250,omni,
517,17,-16250450,824092194,1169792063,directional,18859563.0
517,19,-1055140138,1313728098,1458141890,omni,
517,20,941901898,-869475229,1197605558,omni,
518,1,-666619911,-1134632170,1190204231,omni,
518,2,268764011,969420641,1398244387,omni,
518,3,581488875,329022651,1234575822,omni,
518,4,-262071924,-1084220670,1310986597,omni,
518,5,1433599567,-388804688,1078711049,omni,
518,8,1034056945,-378914750,1258106808,directional,332026093.0
518,9,452313539,932141238,1014107863,omni,
518,10,-750191537,-256122804,1366825612,omni,
518,12,899862977,347308610,1273617847,omni,
518,14,521179083,-697408436,1289682994,omni,
518,15,650259294,-1244693609,1145403111,omni,
518,18,336013185,-874830369,1235510223,omni,
518,19,-92663042,-462085029,1003716415,omni,
518,20,1049105342,689592461,1305958598,omni,
519,2,270110064,-182414802,1075245828,omni,
519,3,-371244554,33488249,1284895137,omni,
519,4,734480755,-471996497,1073469856,omni,
519,5,-1333695491,-417071310,1066453802,directional,215826327.0
519,8,176395282,1559768021,1193952303,omni,
519,9,-471474320,1351967026,1197604570,omni,
519,10,951574632,835845137,1135037185,omni,
519,12,-245187669,-453771686,1052564512,omni,
519,15,-871662943,842779533,1106807550,omni,
519,17,1038898484,354043887,1333808311,omni,
519,18,-1238247617,-766841522,1152403850,omni,
519,19,798813037,1034985136,1338535388,directional,108943742.0
519,20,18221942,-1702784647,1053123840,omni,
520,1,-1361514434,159577837,1213920286,directional,226747752.0
520,2,-1312529212,967274124,1485795171,directional,186451708.0
520,4,-1357405363,603494978,1055106052,directional,158687249.0
520,7,-1607050968,-247324312,1446598359,directional,341907089.0
520,8,826080399,-1189337712,1035939680,directional,156533618.0
520,9,1253867356,-186798794,1448587221,directional,156771064.0
520,10,798583563,408080187,1488116017,directional,144107506.0
520,11,-674878715,1154042640,1452952545,directional,304080386.0
520,12,1242533275,-387325839,1323550277,directional,102947214.0
520,13,389142387,1156666601,1273404232,directional,98731479.0
520,14,979108029,1188883218,1418674269,directional,81487187.0
520,15,-111919244,969672086,1306354837,directional,187740876.0
520,16,594654227,907203695,1453853542,directional,240435693.0
520,18,-1302382817,-907971080,1161173045,directional,211024284.0
520,20,-507230042,-302746571,1117622996,directional,132354624.0
521,1,94721516,-1022699510,1047806687,omni,
521,2,-851184168,-466002641,1095154979,omni,
521,3,-208575838,911091211,1155243579,omni,
521,6,559416308,297897503,1377646887,omni,
521,11,1028436497,-299425208,1151001221,omni,
521,12,559498797,360169332,1301695732,directional,292273584.0
521,15,-872090933,-823863103,1405771508,directional,352122515.0
521,16,-550179759,1597794178,1264809717,directional,22843222.0
521,17,-1156534586,-1234760276,1148012038,directional,177233983.0
521,18,-677648175,-1527082302,1193305735,directional,210647964.0
521,20,-1137805701,423516576,1375130002,directional,199804742.0
522,5,1637372125,-233003301,1031189577,omni,
522,6,-1489398425,555636958,1454588912,directional,264047709.0
522,7,1199691855,186369691,1237209217,directional,354944736.0
522,9,580958503,-938318685,1131852264,omni,
522,10,-1165093225,26294219,1091073079,directional,212269093.0
522,11,404780251,-712064926,1271656749,directional,32225916.0
522,13,117750940,-321764973,1276397914,omni,
522,14,1093578939,1328378570,1180816929,directional,308925593.0
522,18,377062255,-1347247158,1211051142,directional,97044216.0
522,20,-596580158,1164698206,1327629092,omni,
523,3,452615418,-876785006,1398279154,omni,
523,4,-647366579,812015945,1224187388,omni,
523,5,1498116111,-686960560,1435552869,directional,57671613.0
523,7,-688637117,675934413,1306257934,directional,107377510.0
523,10,-1079176038,-66918213,1342094823,directional,54223020.0
523,11,-712580652,892447384,1251178087,omni,
523,13,316183431,446419833,1433804433,omni,
523,16,-582219904,566907148,1111334120,directional,30674185.0
523,17,839939649,-243963874,1405214133,directional,124271592.0
523,18,-259034041,-1024171397,1308468644,directional,103764176.0
523,20,-1527961579,121156648,1462224064,directional,285980635.0
524,1,1155012631,-650575699,1499578923,directional,222652012.0
524,2,-1315778377,788194234,1089421949,directional,112555830.0
524,3,117401731,1280900715,1086856625,directional,230640519.0
524,4,891543864,-518787639,1140736096,directional,196958616.0
524,5,-806267247,-957493332,1364969432,directional,104922790.0
524,6,812382802,1201762378,1300408036,directional,237364312.0
524,8,685895523,-1241760130,1067627416,directional,18907837.0
524,10,285348627,-338646550,1252686864,directional,338826319.0
524,11,1190957834,-1116459301,1272053917,directional,275554180.0
524,13,-307426937,513332475,1265510007,directional,218811843.0
524,15,-69985232,-235032368,1008498868,directional,297572335.0
524,16,85509180,977113247,1048041512,directional,35045461.0
524,17,1098522602,-821904992,1254153848,directional,219326784.0
524,18,707601299,-366245233,1170863729,directional,192459351.0
524,19,-178293450,-1370845439,1220446392,directional,324271090.0
525,1,296006935,-109427134,1140288946,omni,
525,4,1348743349,774304143,1384879881,directional,322324993.0
525,5,-188060921,-381396457,1145376625,directional,54396770.0
525,6,309028114,250270674,1297298798,directional,196460996.0
525,8,-1025999341,122246735,1371799267,directional,36699801.0
525,9,1520596916,-301950653,1337924975,directional,21665813.0
525,10,-887952112,1199825092,1488019992,omni,
525,11,-1729490988,10740155,1384876235,directional,139965842.0
525,12,617946749,-1036840027,1051789145,directional,116056303.0
525,13,-49206194,-842781044,1396075665,directional,12437982.0
525,14,864812572,850016013,1070893002,omni,
525,16,314024026,1434627522,1025142915,omni,
525,17,387894998,749667804,1290579095,omni,
525,18,-421619257,-171254900,1377580103,directional,155602424.0
526,3,1009806950,17820793,1219479602,directional,10865522.0
526,5,1028742916,-772780355,1099439762,omni,
526,7,1158098230,167653914,1161917726,omni,
526,9,-811003971,-1547666969,1025041975,omni,
526,11,-1115664987,175241666,1289957929,directional,176328960.0
526,12,-1463647773,295494199,1169915395,omni,
526,13,-373861513,1694625012,1001057877,omni,
526,15,852273289,236516440,1035745435,omni,
526,17,717237334,-61499054,1264711955,directional,277726921.0
526,18,841421497,864139355,1240655570,omni,
527,1,170542290,1168204950,1462741105,directional,302400416.0
527,2,1257101417,-828523659,1098857945,omni,
527,3,695630452,-21467170,1006792787,directional,326137609.0
527,4,-1227548089,-816382637,1483401045,directional,67864981.0
527,6,-1078459021,1242142760,1328093149,directional,27792054.0
527,7,1305191974,-1142374594,1261875147,directional,246419574.0
527,9,644247276,1485995571,1012301479,directional,76394300.0
527,10,187872143,1459092661,1393011592,directional,303931574.0
527,12,-1132326881,-1012944322,1174597227,directional,899768.0
527,13,-815745909,685373328,1352152417,directional,103249305.0
527,15,-269152120,-1325543870,1472202658,directional,225878608.0
527,16,-574852397,132110981,1117269895,directional,246177472.0
527,17,874106692,-974798240,1403522877,directional,194402233.0
527,18,1505462540,570984995,1022585941,directional,262302450.0
527,19,194014275,-1180555761,1159157808,directional,120548403.0
527,20,-1130236597,1338434812,1189681302,directional,349795792.0
528,1,672158731,-1006366404,1408010750,omni,
528,5,-546190386,-354976798,1251403534,omni,
528,6,1259505360,-61070420,1411827395,directional,268609771.0
528,8,798570592,-1268152943,1110587151,directional,29712731.0
528,9,288404229,528886824,1284040198,omni,
528,10,226904466,-63568406,1088996427,omni,
528,11,23530108,702138530,1176374521,omni,
528,14,-469040567,372084327,1195269421,omni,
528,15,281620737,-1086891458,1057063473,directional,80875693.0
528,18,528089482,-1294548753,1258138988,directional,72799855.0
529,1,237686190,985489795,1392752612,directional,195109196.0
529,4,-700570530,-818699600,1420975155,directional,165293699.0
529,5,92758405,1343154738,1388103469,directional,297296344.0
529,6,1337680555,991624194,1111751516,omni,
529,7,-526507232,-1188155610,1430634099,omni,
529,10,-476576283,-799606212,1090563127,omni,
529,11,345449796,1310294405,1064616737,omni,
529,12,107195980,-1177473716,1296335986,omni,
529,13,841583928,1025662491,1314881970,omni,
529,14,-1205977608,-697025279,1102667262,directional,226667319.0
529,15,1527577846,-812400472,1071875539,omni,
529,16,-876570491,1057312672,1027413910,omni,
529,17,-642313142,-102094484,1197749850,omni,
529,18,-1593743384,4741691,1164280805,omni,
529,19,1189262029,744532935,1460974121,omni,
529,20,1325694241,878421792,1369788620,omni,
530,3,-533426187,26932840,1138016516,directional,83587644.0
530,4,-657307835,-735945193,1028824055,omni,
530,5,-491759180,-1360901360,1177718263,omni,
530,7,507153088,-1171295744,1275465918,directional,168515837.0
530,8,-672438142,-74794118,1037265095,directional,264078793.0
530,9,-1206493029,670622867,1304728485,directional,337652468.0
530,10,-1595609265,563162676,1070508913,directional,340498492.0
530,12,904722532,156083052,1094850761,omni,
530,13,109308336,-925922926,1130990341,directional,111498377.0
530,16,-387481713,13494817,1329666750,directional,166702092.0
530,17,-958723358,129832853,1188491225,directional,9554845.0
530,19,977644501,-72818801,1207766411,directional,63531906.0
531,2,969816530,1152080640,1357272596,directional,149296473.0
531,3,-680931976,1631419814,1088979261,omni,
531,5,294777685,731672907,1278334701,directional,47874277.0
531,6,1470405315,-473873526,1263073363,omni,
531,7,1129137757,1033511951,1228246465,omni,
531,8,-940475078,1079311094,1261299416,omni,
531,11,645324536,1378284320,1318039251,omni,
531,12,1169471484,-1150212490,1212351240,directional,273026501.0
531,13,-352761448,739440616,1335918428,omni,
531,14,632688050,-1235518854,1421063069,omni,
531,15,482055690,-1659740450,1227081698,directional,81918294.0
531,19,191008324,24019152,1068218574,omni,
531,20,-984964324,-507145888,1200269117,directional,339688481.0
532,1,462464235,98590892,1227990455,directional,246582932.0
532,2,-337347069,881207405,1052073522,directional,188656062.0
532,3,-88516936,1532555487,1019301416,directional,228756384.0
532,4,-1103447986,-656638656,1495801865,directional,315498289.0
532,7,-1201550981,-427365294,1118729218,directional,233192842.0
532,9,-347900232,1310627153,1409788625,directional,25964345.0
532,11,1532972483,551259268,1307758758,directional,191533627.0
532,12,-774187310,121931191,1486694307,directional,138307026.0
532,14,-314111447,795093970,1375519759,directional,106461804.0
532,15,-773472135,1177774617,1401560725,directional,169763975.0
532,17,-455799500,385611201,1420170362,directional,59793264.0
532,18,1115041411,724115995,1377517169,directional,312962010.0
533,1,1048170433,-39151169,1145218943,directional,175221172.0
533,5,-441153417,868572380,1018940402,directional,108736889.0
533,6,-575928363,-1196981062,1416403050,directional,76991660.0
533,7,718964587,838773396,1260428405,directional,234172712.0
533,9,517778143,1630616305,1002397044,directional,247759538.0
533,10,1181148645,-884288776,1050531110,directional,158899793.0
533,12,747619807,-376104085,1034510713,directional,147043178.0
533,13,-1661018669,-319229840,1446451920,directional,175528784.0
533,14,673600230,1612702345,1076193224,directional,75539019.0
533,16,1704875791,193913961,1385652768,directional,153088228.0
533,17,56360991,-1238782129,1478885951,directional,9268592.0
533,18,1576697535,-88483830,1116789531,directional,223026141.0
533,19,5513753,-388770455,1289248309,directional,4877411.0
533,20,-806415831,-1319455856,1332982873,directional,143370259.0
534,2,1262018994,-442288048,1313766485,directional,226314778.0
534,3,-237723032,-292840906,1248313330,directional,31283799.0
534,6,1230889663,575279036,1266521972,directional,156982514.0
534,7,817327286,-1326683616,1123672556,directional,7890558.0
534,8,-640737185,619936720,1052133187,omni,
534,9,843463876,-1149808686,1309290980,directional,481982.0
534,12,-1323992158,-690790043,1287577207,directional,283368088.0
534,14,-674057068,1033553531,1465330088,directional,131333175.0
534,15,-686535404,-738625543,1494647251,directional,141243366.0
534,19,-504055975,-514912857,1374799700,omni,
535,1,590904283,27185320,1455927443,omni,
535,2,-484521976,-26694198,1078579700,omni,
535,5,-1064851679,80647812,1014028517,omni,
535,7,-320831868,148491367,1082838418,omni,
535,9,-976645184,82905517,1207173373,omni,
535,10,-126194973,-1656792325,1103282218,omni,
535,11,-911377663,1184149809,1326474220,omni,
535,12,360880464,1443157051,1133583486,omni,
535,14,1066321410,1118406301,1010811774,directional,67209579.0
535,15,412247403,-869604339,1398413487,omni,
535,16,-856009011,1475552056,1443141534,omni,
535,17,1389523585,980762955,1084276528,omni,
535,18,-284416434,79431105,1140459537,omni,
535,19,-66416297,-1670781602,1267087590,omni,
536,3,-618449392,454225812,1449025254,directional,59945981.0
536,6,127641492,-1440779005,1075370671,directional,203426108.0
536,7,-802517489,-1501386538,1197536764,directional,61859385.0
536,9,-1749943332,-74454761,1160989503,directional,179807848.0
536,11,1116381979,-482738918,1075309942,directional,21679931.0
536,12,1221622166,-140462379,1225924653,directional,166732243.0
536,13,1256662638,663639616,1104677225,directional,52997984.0
536,14,1222692952,-638943115,1376789325,directional,201039223.0
536,15,630974569,1410242405,1156148419,directional,170315293.0
536,19,1565398956,-698976266,1286136794,directional,31452897.0
537,1,-1354608379,906419986,1001746780,directional,291893863.0
537,2,-74845869,-451773299,1098281590,omni,
537,3,1579271823,-700489951,1191316157,omni,
537,4,505581184,604207230,1139163670,directional,251361688.0
537,5,352046139,55233646,1164247529,omni,
537,6,-356861143,-467392970,1058864809,omni,
537,7,-376890439,882415509,1015598856,omni,
537,8,-928400168,-1426655302,1133914362,omni,
537,9,-263906053,1230441581,1305107906,omni,
537,14,98468737,1461439040,1235231622,omni,
537,15,-252889475,-66978925,1188704026,directional,75304005.0
537,16,604395045,770260869,1088365289,omni,
537,17,1144841506,-682788977,1088679720,omni,
537,18,1496297203,592795748,1039866611,omni,
537,19,1222781816,1163134199,1478706737,omni,
537,20,-48263255,942046294,1168585303,omni,
538,2,143946277,1033006681,1065744035,directional,311301727.0
538,5,-679971282,687881232,1406404424,directional,330975936.0
538,9,1391348617,-461092395,1253836933,omni,
538,10,-988294802,208005111,1463348618,omni,
538,11,-1050031369,1370025155,1305454362,directional,130474275.0
538,13,1183758054,1142005809,1089596652,omni,
538,14,117719565,-1107867543,1485909602,directional,190423506.0
538,18,-202893252,1558830919,1428468186,directional,134979133.0
538,19,-956315908,-889520443,1270455010,directional,136881282.0
538,20,-2825633,-134595360,1091893031,directional,342652926.0
539,1,744494979,445272997,1060297059,directional,119866284.0
539,2,7055469,-846381985,1008978167,directional,344218054.0
539,3,-175214223,1734622880,1346691921,directional,188627861.0
539,4,-736670848,-1315763019,1002460394,omni,
539,5,1240564386,110307960,1303239464,directional,9874418.0
539,6,-129013829,1108870756,1190556283,directional,281117080.0
539,7,376540517,-505598030,1348042885,directional,78065945.0
539,9,-937264371,701885967,1069536409,directional,286073915.0
539,11,413975352,1042263860,1144536652,directional,248245245.0
539,12,1011330100,-529251261,1229737720,directional,164505318.0
539,14,-893090118,-1017530190,1402205160,directional,246644846.0
539,18,-1681228924,-43216809,1214044152,directional,138002977.0
539,19,-1409149515,-152857465,1374083842,directional,199937169.0
539,20,704061282,-617274712,1126383414,directional,157705357.0
540,1,208188687,1103714334,1270570186,omni,
540,2,158472722,-330102836,1094842537,directional,15448612.0
540,4,-483259828,-162555020,1408415424,directional,10880296.0
540,5,429783366,-1540763007,1058717267,directional,169801126.0
540,6,-1016834288,-773312790,1291368595,directional,354370048.0
540,7,-112236049,-574250228,1489865849,omni,
540,8,-1088415108,-488506806,1456392901,omni,
540,9,-1287136212,-126186591,1306615261,directional,23851282.0
540,12,-1297203229,-1152387413,1133192458,omni,
540,14,968227556,367046445,1111751067,omni,
540,15,-764814001,-765719828,1140857545,omni,
540,16,1544239097,-570144620,1247579868,omni,
540,17,58870476,9673472,1487651467,omni,
540,18,-515866923,-1058482836,1231405151,directional,68637823.0
540,19,-218079360,-607197984,1445729418,directional,276747583.0
541,2,-122791081,474044941,1194855283,directional,107455671.0
541,3,59094043,927536768,1009729338,omni,
541,4,-982556466,155850813,1330066890,directional,226031731.0
541,6,659473882,79823171,1040128302,directional,108378997.0
541,7,595947644,-1018546113,1149670368,directional,338619847.0
541,8,-23029399,1113675148,1206481866,omni,
541,10,760093096,193578870,1086645761,directional,332482386.0
541,11,-864731922,-899092957,1297787175,omni,
541,12,-191337759,-740770219,1153367766,directional,44675230.0
541,15,1225991811,841071873,1118701765,directional,6559688.0
541,18,188799332,56675105,1495871362,omni,
541,20,-196492147,69880996,1211443883,directional,8338251.0
542,3,900114403,363010301,1118050936,directional,321259534.0
542,4,1020599782,-650443815,1277932495,omni,
542,5,1372113212,272334262,1113784562,omni,
542,6,-924907045,761268050,1495800429,omni,
542,7,755325464,1175350805,1367177989,omni,
542,8,1086875849,-309082547,1261265006,omni,
542,9,408394997,699500098,1058165527,omni,
542,11,-607770781,-1209955319,1391543454,omni,
542,12,-685366467,-1230022095,1109986579,omni,
542,14,414252240,-1495512514,1361743495,omni,
542,15,1625785346,298870620,1013864564,omni,
542,16,518021411,-919194446,1216854654,directional,92640789.0
542,17,1224207601,-1109921460,1065559189,directional,250238546.0
542,18,-118245294,-1618893789,1199286665,omni,
542,19,-226571848,-505066953,1155350258,omni,
542,20,1564339837,697689331,1085639093,omni,
543,3,-529674866,315537606,1215170230,directional,294711216.0
543,4,-126342220,550144591,1338092624,directional,287455922.0
543,5,-320123566,1157884726,1177035828,directional,349804612.0
543,6,-1021415309,-845415027,1000378060,omni,
543,7,1245798383,1024330925,1363118293,omni,
543,8,155323141,1229289473,1395881906,directional,356301020.0
543,9,242716872,-1220934435,1334750376,directional,9652498.0
543,11,-1479492023,645819841,1085477442,omni,
543,12,-1096907222,-1142337545,1093899084,directional,100400581.0
543,14,911259029,571017998,1174317878,omni,
543,15,-1071881190,-564120445,1325208122,directional,105226540.0
543,16,-949037551,-458054788,1009806729,omni,
543,17,-42421730,584614187,1260390390,directional,9806186.0
543,18,796363401,-1299603552,1464861393,directional,288002885.0
543,19,-1539460599,540181424,1196018175,directional,104953295.0
543,20,827889973,333751539,1166988918,directional,70200547.0
544,1,-918760911,-1135212793,1472319727,directional,29830731.0
544,2,183819771,-1490911083,1253114527,directional,295195046.0
544,3,-803830371,592355997,1422147521,directional,276799598.0
544,4,1017371519,-914345917,1414155757,directional,99945561.0
544,5,-1679825113,-485921524,1245768707,directional,135551730.0
544,6,1465518315,-469031042,1060817446,directional,381101.0
544,9,1085034724,880286090,1112260978,omni,
544,10,-689024951,1440382983,1330386900,directional,139247429.0
544,11,-474294811,-240243777,1400538981,directional,212459157.0
544,12,1012101236,1128719547,1264835308,directional,358278007.0
544,14,-480024751,656725618,1352359889,directional,247315073.0
544,15,1138958408,-967284221,1265600185,directional,285248694.0
544,17,431103140,753956085,1016269368,directional,33799224.0
544,19,64477315,-275744382,1033958077,directional,48647891.0
544,20,861637444,-612028039,1010782148,directional,340865833.0
545,2,-414608029,497679635,1488379026,directional,335663843.0
545,7,500428396,1517494262,1169981879,omni,
545,8,-986049366,955651318,1200354831,directional,218014809.0
545,13,-205582471,-656686934,1372698123,omni,
545,14,683386531,471785329,1107740730,directional,184257145.0
545,15,-1644274402,464776591,1424144135,directional,112216967.0
545,17,-524714927,919097062,1019520801,omni,
545,18,-573821799,714871076,1437205465,directional,101994192.0
545,19,168470692,-977109163,1076722809,omni,
545,20,208670041,948744365,1171259722,directional,192496021.0
546,1,-508249136,1249234535,1231835556,directional,249674645.0
546,2,-69654115,-1375540755,1047881774,omni,
546,3,-298806424,637716692,1229669802,omni,
546,5,468219284,52178615,1294775912,omni,
546,8,-245288815,-1714113887,1359379240,directional,102291652.0
546,10,71353361,-962700295,1236388811,omni,
546,11,711921235,862165157,1358479997,omni,
546,12,375318220,946395291,1331445138,omni,
546,18,-50815219,-1335022854,1242102178,omni,
546,20,44106628,-338982876,1270144086,omni,
547,2,-1318824667,307098182,1421691654,omni,
547,3,-271045365,-1215303107,1112575992,omni,
547,5,1361191451,-790597505,1386859730,omni,
547,8,-809665648,944939017,1121973166,omni,
547,9,-11079971,-1380124715,1228643274,omni,
547,10,-1613951632,-265985043,1493277522,omni,
547,11,-731021550,412700510,1020713210,omni,
547,12,-762991683,874406477,1425712470,directional,163983328.0
547,13,-982533099,-429419441,1353011860,omni,
547,15,492778367,1035607798,1371187527,omni,
547,16,-622827292,390174064,1073322325,omni,
547,18,-392248287,-1554070368,1450748277,omni,
548,1,1069232557,604830305,1073387745,omni,
548,2,-293440267,1592049308,1169184358,omni,
548,3,-572466646,1336089808,1450885749,directional,81945463.0
548,5,584001828,1316566644,1192926651,omni,
548,6,-1073194152,403589168,1352581284,omni,
548,8,-466581657,1552194661,1130846051,omni,
548,9,1096885408,761257036,1057297839,omni,
548,10,1661113529,-344240249,1230818623,omni,
548,11,1356697665,1068605394,1082174434,omni,
548,13,248553581,917765313,1153818470,omni,
548,14,-95734864,347642697,1110196024,omni,
548,15,-1135571595,279283036,1020591211,omni,
548,16,1230419298,966614000,1350488713,omni,
548,17,1409977169,304820480,1205713972,omni,
548,18,-925532628,90427909,1013826015,omni,
548,20,1302337153,619558093,1219390938,omni,
549,1,1637086047,-24931929,1168896442,directional,53571807.0
549,2,41687242,954024523,1067083748,omni,
549,4,-1619840128,-480993192,1313703876,omni,
549,5,-1129880392,306875142,1309885771,omni,
549,7,265514307,-118880059,1005804008,omni,
549,9,160438742,-600606722,1364027236,directional,186299367.0
549,10,-1559001638,674800987,1081409461,omni,
549,12,-520891022,1239774121,1109428257,omni,
549,13,715468572,1582385945,1483210150,omni,
549,15,425133861,1260090274,1456442044,directional,264273980.0
549,18,-1434310901,261347845,1054661362,directional,323390718.0
549,19,-1246315434,304111638,1390505830,omni,
549,20,1302897389,-166260390,1052788760,directional,181990219.0
550,3,-680410455,319183599,1135447642,omni,
550,4,-400901060,-931353984,1120444067,omni,
550,5,499005549,627583468,1380226277,directional,345758993.0
550,7,879823924,836601436,1039698928,omni,
550,9,-1091866479,-961711233,1342410140,omni,
550,10,-1341496022,25680287,1059267175,directional,212499526.0
550,13,98669950,1060902629,1154958746,omni,
550,17,-504515694,1072162420,1323419883,omni,
550,18,730283046,1444649383,1276082510,omni,
550,20,1478337700,-124155362,1336237247,omni,
551,1,-373784570,267331571,1161230707,directional,53910706.0
551,2,288746475,975345141,1191005125,omni,
551,3,1119353882,-456339157,1043345258,omni,
551,4,-601068126,661363021,1492199377,omni,
551,5,132808893,-1258263309,1349271211,directional,286181136.0
551,6,-712125207,-259925879,1360725543,omni,
551,8,-774290291,-1049812556,1171971381,omni,
551,10,-787170696,1103271589,1131029643,directional,271003995.0
551,12,-1015074009,-397459552,1159648461,directional,181756182.0
551,14,167641584,1102989243,1477956245,omni,
551,15,222474655,1585701529,1416309449,directional,143393562.0
551,16,-380500955,-273857860,1358671236,omni,
551,17,-242953945,-726528507,1280891083,omni,
552,1,1522602385,373645377,1441161006,omni,
552,3,1094449581,1015088209,1226142703,omni,
552,5,-87042482,500467334,1368509270,omni,
552,6,-859157882,-1122347980,1438511514,omni,
552,7,-762586640,113651310,1289701936,omni,
552,8,272933267,-1215556619,1054721573,omni,
552,11,-937751791,936504042,1351515019,omni,
552,12,389264818,1201413138,1337880205,omni,
552,14,-1131868968,-763210862,1283356285,omni,
552,15,-684860126,-357476464,1473555497,omni,
552,16,-98606057,-1267125221,1153264351,omni,
552,17,1229329781,494767562,1006979721,directional,76326107.0
552,18,-486615331,83495318,1295561945,directional,150869804.0
552,20,-1325511704,-409999571,1227864263,directional,193816674.0
553,2,359120391,-570614217,1241911833,omni,
553,5,56274211,-1287594796,1169264825,omni,
553,6,-1062885806,964701862,1023222589,directional,118488234.0
553,7,1630284463,-296499957,1486589979,omni,
553,9,-1029107000,-623215513,1155298516,omni,
553,10,-992722540,-82264664,1289556758,omni,
553,12,578772601,829555508,1480897490,omni,
553,13,415007925,889922151,1017285046,omni,
553,14,-242998560,204325026,1398037289,omni,
553,15,587726482,-221717821,1005285132,omni,
553,16,-703126929,1194231989,1019910515,omni,
553,17,-116681138,-199801720,1158780283,omni,
553,19,1150689578,905507264,1185443073,omni,
554,1,-552308763,697716059,1042030956,directional,16042708.0
554,3,205134421,-657245809,1354511508,omni,
554,5,-251359665,-1112815824,1101682912,directional,219029662.0
554,6,590102034,-60161874,1065310117,directional,14558361.0
554,10,-613810256,-45215023,1341280265,directional,49279304.0
554,11,-264647474,-709814678,1144344631,directional,142836833.0
554,12,-686446138,-633296589,1121590651,directional,41093481.0
554,13,226929805,1010262336,1222615421,directional,330449996.0
554,16,-575780566,-662930762,1325443756,directional,190550641.0
554,17,676672547,-504243329,1274015426,omni,
554,19,-507761760,966558484,1060424654,directional,3322309.0
555,1,93550670,-48585528,1357001733,omni,
555,3,-1013197518,1270038328,1299206557,omni,
555,4,1612697264,-610670,1309082741,omni,
555,5,-679227443,-835805614,1221742019,directional,260756915.0
555,6,-1479019203,-790864007,1061298742,omni,
555,8,682308270,-932456081,1302046842,omni,
555,10,-1289129335,-240115252,1344836247,omni,
555,11,-975691269,777415257,1154838094,directional,277830977.0
555,12,-538698107,1321005400,1128667159,directional,340021753.0
555,13,-329841137,-274839982,1300668135,omni,
555,14,733207407,-856782617,1097349144,omni,
555,15,-682307114,-943237785,1286246920,omni,
555,18,-785530244,-112649932,1142359509,omni,
555,19,-1515414927,-423607738,1059188795,omni,
555,20,-726692427,-1130053906,1047040873,omni,
556,1,-1507716199,520773455,1022489210,directional,104835855.0
556,2,-131120322,1764848787,1441595076,omni,
556,3,1554676055,347621814,1223558449,directional,121932900.0
556,4,-693182469,834702017,1187992019,omni,
556,6,585439914,608521205,1172829712,directional,289038789.0
556,7,441892755,-1138741445,1433564617,directional,305571169.0
556,11,55336386,-931451791,1278215707,directional,308492074.0
556,12,-637195996,-624908069,1286581868,directional,170099603.0
556,14,105620876,-885759122,1028918345,directional,233896422.0
556,15,153404703,50962720,1018527745,omni,
556,17,843121577,409745584,1246832948,directional,221700997.0
556,18,719122522,-890524049,1400456337,directional,292101236.0
556,20,-586619173,-1371806971,1367531184,directional,173371312.0
557,3,-885303980,-994066627,1001474522,omni,
557,4,217936296,264772345,1026844543,directional,209310679.0
557,6,-338232933,-1223154348,1403495171,omni,
557,9,415329595,-380610639,1088474634,omni,
557,10,-631089713,1635699535,1021643302,omni,
557,11,1567204628,552280027,1353797357,omni,
557,13,108946248,99811561,1417292295,directional,228746627.0
557,15,604350769,-1525984113,1380324563,directional,340335543.0
557,16,-42363780,271700743,1330296920,omni,
557,17,-1139778130,921057626,1423943056,omni,
557,18,56835699,1632147449,1283047271,omni,
557,19,-1167968587,-846562031,1089892019,omni,
557,20,701940418,1259329282,1015517061,omni,
558,1,-1579080732,417242207,1282298932,omni,
558,3,-396118857,768590838,1225142039,omni,
558,4,86465470,815206385,1038978094,omni,
558,5,1267527375,724149002,1175174572,directional,210756003.0
558,6,360224117,323555005,1462884954,directional,330000190.0
558,8,1106220759,758199963,1255657313,directional,81467889.0
558,10,-98746502,500506478,1325861798,omni,
558,11,1252697610,1185475219,1191565196,directional,127532317.0
558,12,-971766743,108413451,1160977603,omni,
558,13,1582548268,273804140,1422741356,directional,211907856.0
558,14,720850156,1277094130,1162753031,directional,329873475.0
558,15,339261336,-16930201,1376056729,omni,
558,16,-445034676,-469532491,1015387151,omni,
558,17,-964236779,-338756295,1252891247,omni,
558,19,-1321810075,-919603370,1386852240,omni,
558,20,-950423027,375406627,1163567570,directional,195533337.0
559,1,-858957209,276716653,1411435144,omni,
559,3,1406222555,-555298024,1490778358,omni,
559,5,-1734504866,100887752,1411216077,directional,241553801.0
559,8,430840430,1471526036,1408380153,omni,
559,9,-1659229131,433162666,1454177847,omni,
559,13,1467494693,-735415213,1381431991,directional,140310330.0
559,14,493604746,760579288,1417748334,omni,
559,16,-255950564,1738148937,1089413841,omni,
559,17,-726227964,1422897712,1203296463,omni,
559,19,1227389153,899505150,1417943126,omni,
560,1,-1289027843,448714601,1079129494,omni,
560,2,1041204820,343625640,1266241424,omni,
560,3,-1399256880,-669660451,1321892688,omni,
560,4,1015149801,1126917347,1210628656,directional,95549421.0
560,6,-1489003446,873873971,1237181108,directional,316998456.0
560,7,364096318,-450933446,1051877439,omni,
560,8,100379206,1628155202,1373712447,omni,
560,10,30588719,-1023175253,1337491750,directional,115052317.0
560,11,-1423451273,-1039547978,1243217964,directional,4925438.0
560,12,-1080594411,1010907851,1071817201,omni,
560,14,-152268285,430328482,1241370735,omni,
560,15,-1368631241,-1046749811,1141198225,omni,
560,16,443588452,1098113449,1053095723,directional,100846362.0
560,17,-1080021998,1290265475,1075605550,omni,
560,19,-328525072,-1551223678,1313075852,directional,272145410.0
560,20,595913972,1528832032,1000466425,omni,
561,2,1253039934,-650387307,1228591161,omni,
561,5,543763097,-529175472,1393704011,directional,103855208.0
561,7,818149446,91139831,1394141503,omni,
561,8,-658719004,-1472530648,1452567731,directional,353336617.0
561,11,-224982758,-1465561641,1086123832,directional,94216757.0
561,12,-458771446,-929412411,1312926175,directional,41460376.0
561,13,-342654939,-1494032977,1181163482,directional,310537755.0
561,14,-131760966,577769542,1372171049,omni,
561,17,-54042134,980113435,1286811039,directional,179545974.0
561,18,1623616124,-173592692,1469099104,omni,
561,19,-1327243,-724536149,1454291146,omni,
561,20,-1117087548,1228512299,1075486261,directional,219395405.0
562,1,1464680735,-392301196,1147313274,omni,
562,3,-1420186458,742896319,1322879986,omni,
562,4,1085624214,738621207,1476255849,omni,
562,5,-1044048223,96954494,1322218762,directional,325752156.0
562,6,-1130771675,653400910,1216964314,omni,
562,8,50271415,322248775,1179878338,omni,
562,9,919683872,-204856466,1437958946,omni,
562,10,1190636037,401142313,1473405210,directional,43838479.0
562,11,-273084667,-914023149,1067771645,omni,
562,13,739360196,-1063636302,1326602459,omni,
562,14,-1476131745,389609478,1311634167,omni,
562,16,-1261711256,823235280,1339771389,omni,
563,5,980326096,-335684003,1339786309,directional,328107904.0
563,6,760513538,1190128376,1167017225,omni,
563,8,1713530401,352478661,1319970697,omni,
563,9,-348354621,978790145,1385292975,omni,
563,12,322847595,-1184369935,1377774226,omni,
563,13,1239953497,1068450111,1060656702,omni,
563,14,831800072,-1001288971,1425732956,omni,
563,15,430634538,1471771108,1053147466,omni,
563,17,-200148571,-263435046,1414678184,omni,
563,18,119801241,613739416,1193330007,omni,
563,19,-60872812,-1256609237,1393243729,directional,294195691.0
563,20,-222077695,1697803900,1233669258,omni,
564,2,-39903790,-364133083,1332390470,directional,91716753.0
564,3,-1659447912,-417058910,1105469909,directional,128471830.0
564,7,1182016287,235781714,1473875390,directional,233086456.0
564,8,1331670689,983233829,1097389024,directional,152901175.0
564,9,-224493551,-1382169908,1063833847,directional,351241127.0
564,10,-175011474,-1074325694,1181724126,directional,154127973.0
564,12,666022410,1119044196,1082352588,directional,121012341.0
564,16,535675030,1520256676,1411421083,directional,47039380.0
564,18,875658703,-1202280233,1381084069,directional,321770182.0
564,19,119732202,-104256676,1155525078,directional,10197437.0
564,20,562731584,-321062880,1230717443,directional,169307570.0
565,1,391849967,-331418762,1301170932,directional,57170447.0
565,2,-890550770,-769996654,1322828682,directional,107766271.0
565,4,-166420747,-1518481669,1366182050,omni,
565,5,437583890,-1257707732,1345952084,omni,
565,8,1469692112,-908669438,1299367245,omni,
565,9,929982752,1326171982,1394667771,directional,272950298.0
565,10,-62827378,-70927761,1493350559,directional,287877271.0
565,12,1579610302,-120196497,1064304776,omni,
565,13,-1076288419,461271323,1154986270,directional,291357153.0
565,14,366427828,-1578382316,1235028915,omni,
565,15,-1061400425,832492402,1394237123,omni,
565,17,1590578463,155211250,1239336621,omni,
565,18,-742675916,-203440229,1249187985,omni,
565,19,1728805894,123992279,1495297154,directional,94489800.0
565,20,1027421386,-537320108,1229050846,directional,161387219.0
566,1,915908843,-260763643,1275414299,omni,
566,3,378977105,-418864272,1473386301,omni,
566,4,-587999399,-754512536,1006890545,omni,
566,5,109640794,-1491489219,1415281833,omni,
566,7,1168754982,62955516,1225382445,omni,
566,9,-237474491,-481268422,1046874184,omni,
566,10,914749623,-375955225,1490210562,directional,145561700.0
566,12,1197882157,670312472,1183971852,directional,220559479.0
566,14,-1190248289,815363737,1328858814,directional,17876179.0
566,15,1161143025,305591772,1378943264,omni,
566,16,609923130,1499125744,1258889056,directional,19012395.0
566,17,-311330743,937411609,1237437543,directional,15346238.0
566,18,55182619,1430750995,1156402861,omni,
566,19,1164697680,765730927,1144488586,omni,
566,20,460411461,-286228459,1079018106,omni,
567,2,-190846407,1159923772,1370512242,directional,314220826.0
567,4,-976230219,460397258,1163648603,directional,40316664.0
567,6,1026250159,892865647,1121470397,directional,82003030.0
567,7,398551998,1625627711,1260204545,directional,158322726.0
567,9,372197270,-565708547,1251903395,omni,
567,10,-670629319,442249290,1250167081,directional,118915461.0
567,11,-100802029,1140997387,1154294402,directional,239781335.0
567,12,-1601422450,-447947171,1211566444,omni,
567,15,-1064424338,1057720577,1355737625,directional,139785321.0
567,16,-1650372082,514657686,1399852028,directional,60514092.0
567,18,-177417449,1569951175,1099638696,directional,261700648.0
567,19,1011640042,314138483,1281436992,directional,348099199.0
567,20,898747692,425142035,1214604687,omni,
568,1,-765296347,-1279448688,1377073306,directional,278486227.0
568,2,890582031,1029649363,1428545430,directional,149809567.0
568,3,-235014752,1284699103,1297954029,directional,334879080.0
568,5,1617014876,-6889709,1293878281,omni,
568,7,638908042,-318577440,1084795692,directional,27203143.0
568,8,-777626441,-1057288431,1309813741,omni,
568,9,-726062835,1570595929,1039943879,directional,59529345.0
568,10,46507030,-1736291066,1479530531,directional,121582803.0
568,11,-100316108,1213223637,1418197503,directional,40648383.0
568,13,335542719,-1450996844,1414988110,directional,18555494.0
568,15,1394523084,-601260664,1028223107,omni,
568,16,1369172115,-652231557,1396628298,omni,
568,18,-1158992753,-1104278620,1217194133,directional,255619688.0
568,19,-549465609,986026023,1417516810,directional,207890778.0
568,20,1370268729,-279351854,1142613064,directional,57005967.0
569,1,-609531320,1107015408,1491106026,directional,57216215.0
569,2,12851252,538305217,1281582539,omni,
569,3,-1503738490,206755221,1278546796,directional,208653351.0
569,4,-260304530,-766584056,1379461229,directional,311596779.0
569,5,-240670675,-750430974,1218536573,directional,123127067.0
569,6,-575207795,-134873269,1442615970,directional,55168123.0
569,9,904168568,-240001704,1498436828,directional,128525913.0
569,10,-1001821041,878801018,1456227267,directional,333675212.0
569,13,-766631238,546010310,1262349563,directional,144169873.0
569,14,-791211366,-43058162,1086063883,omni,
569,15,-521369179,-1282014582,1484006360,directional,283157986.0
569,16,858846386,49239713,1117281074,directional,39899980.0
569,18,1639130090,437067471,1337028180,directional,256835697.0
570,1,377851549,1095642385,1327926931,directional,87908639.0
570,3,909634010,-1355993821,1273516947,directional,170163806.0
570,4,-1400425474,285766144,1252710314,directional,96359613.0
570,5,-265787745,-1250459590,1114656753,directional,191596939.0
570,6,-1151706300,-394874091,1147662629,directional,171972971.0
570,7,195756794,6878334,1386141330,directional,157716215.0
570,8,595410503,1211557583,1399561158,directional,318441955.0
570,9,-50271025,-1052609414,1301361734,omni,
570,12,1031611454,401383902,1360423930,directional,66147201.0
570,13,1458627491,89181568,1081083430,directional,123169346.0
570,15,737182521,1277883871,1380898521,directional,15123141.0
570,16,-743673639,-1053417327,1150699924,directional,80650924.0
570,17,-753557513,-1242944182,1213309585,omni,
570,18,1571591899,-791761651,1348542283,directional,205193152.0
570,19,500231549,1176541293,1092166193,directional,14394578.0
570,20,-637754056,147630830,1147511138,directional,94689320.0
571,2,1229544784,-98753103,1212589605,directional,180476284.0
571,3,1602004311,-712463727,1012500549,omni,
571,5,-345386960,1549391977,1123901113,directional,163614696.0
571,7,-430073217,-1649874616,1037272583,omni,
571,11,-1630699198,-60730502,1375167019,omni,
571,12,-862096111,-968727358,1396321868,directional,358164665.0
571,14,-625264351,-978473920,1225382194,omni,
571,15,-301199818,-1157062659,1066004431,omni,
571,16,9009685,-810410072,1061660901,omni,
571,18,929619971,553236845,1298501299,omni,
571,19,121568407,540866042,1458435732,omni,
571,20,-1583190521,666515883,1409028985,omni,
572,1,237588416,-31010986,1312187378,omni,
572,2,751607762,493051259,1064054729,omni,
572,4,888069775,-892240602,1227056462,directional,89397157.0
572,8,1028150058,666065060,1167866115,directional,209867594.0
572,9,-106522045,-640097764,1399420418,directional,8083460.0
572,11,-803680826,36176356,1208470046,directional,134226644.0
572,12,480754044,-211693961,1419325992,directional,174649585.0
572,13,487795795,-50372743,1202871371,omni,
572,15,1047315641,-1368828328,1212053499,directional,99195775.0
572,18,-648236384,212548335,1042715760,directional,341550175.0
572,19,-690270217,1028997125,1292965425,directional,335809037.0
572,20,1108646596,-840495928,1276674630,directional,3545138.0
573,1,-639599363,676939725,1094584862,omni,
573,2,-1174342775,433964558,1153284525,omni,
573,4,-1268631465,666382503,1140777152,omni,
573,9,750428296,577736458,1136713368,omni,
573,11,-190283200,-116472256,1427043834,omni,
573,12,-1260344004,861511823,1397410244,omni,
573,13,-1310239732,-283287513,1122225412,omni,
573,14,-176354860,1311895896,1473569749,omni,
573,15,-417153633,1223873231,1151363021,omni,
573,16,-233013360,262073178,1065854766,directional,220720131.0
573,17,492254029,435214803,1077132135,omni,
573,18,-308730552,-635962129,1210738754,omni,
573,20,973616300,-1359041558,1363636489,omni,
574,2,814371857,1327184998,1486672291,omni,
574,5,1145348224,1330429769,1407178941,directional,101128737.0
574,6,-370953720,-993160957,1320589231,omni,
574,7,1153183017,-50914537,1271117768,omni,
574,9,-975706151,-1322044766,1038831025,omni,
574,10,-10385735,195407195,1031073314,omni,
574,11,-659315027,1523925067,1271204883,directional,173446621.0
574,12,896973094,131648464,1074000266,omni,
574,13,483076863,-408758582,1490743147,directional,295522739.0
574,14,1358359235,934673142,1465671129,omni,
574,15,-1339117446,1131875047,1043094924,omni,
574,16,873747809,-635262266,1265693348,directional,311311101.0
574,17,470089449,349986819,1185456271,omni,
574,18,1276254910,320269162,1455888242,omni,
574,19,232943220,-361583981,1276599295,directional,221516941.0
574,20,-400407888,-523627150,1488089043,omni,
575,1,-256193456,1564588514,1320981204,directional,356710971.0
575,2,1076753772,-256270428,1031052424,omni,
575,3,1517824862,-89066797,1411756303,directional,232201889.0
575,4,995939770,-504800769,1067290116,directional,33491064.0
575,5,-485268601,-394244508,1235002179,directional,340431746.0
575,6,390006520,-466809287,1091816218,directional,63107878.0
575,9,-648368695,-1398565078,1272583459,omni,
575,10,-326855714,554519990,1449581532,directional,229491948.0
575,12,-1695206525,197092920,1277459718,directional,156573997.0
575,15,192486736,-1678274969,1002781355,directional,151542722.0
575,16,-1089724509,1287511230,1429912331,omni,
575,17,-719829826,-1260927280,1485262953,directional,109946637.0
575,18,1333371011,1047691831,1007738171,directional,252035643.0
575,19,1709757926,352814535,1404053724,directional,163812732.0
575,20,-489057508,-224935732,1013386775,directional,227659223.0
576,1,-1414940784,500238939,1163571325,directional,353471023.0
576,3,-349500899,835883757,1106197980,directional,97005423.0
576,4,-1139407567,421460800,1040256326,directional,4287040.0
576,8,-262866122,769593622,1190371071,directional,190152619.0
576,9,-747742594,-688863808,1494279977,directional,2676177.0
576,10,-747631788,-620046198,1242476411,omni,
576,15,-37579498,622991409,1025062705,directional,282930507.0
576,16,-744929310,-986352800,1407066397,directional,250036113.0
576,18,-1536633832,-469598640,1236250359,directional,210864947.0
576,19,-1060364740,1264556067,1155631525,directional,15591006.0
576,20,1186709701,285548981,1163059399,directional,247543623.0
577,2,440493994,-1622102080,1318197504,omni,
577,4,-1414914444,906885516,1160226381,omni,
577,5,115658315,1334144543,1405991684,omni,
577,7,-1201298757,750120048,1318034716,omni,
577,9,1333192879,877815054,1404758416,omni,
577,12,-1675473899,-277932412,1037533127,omni,
577,14,931130891,1165765782,1491993511,omni,
577,15,1516443082,33403877,1327417899,directional,121096222.0
577,16,735204100,-997177640,1368474622,omni,
577,17,-769742164,973993929,1239030235,omni,
577,19,-792367681,-177832035,1372874383,omni,
578,1,-1504562395,216903682,1177920457,omni,
578,3,814319985,1338128789,1417144937,directional,147755859.0
578,4,1367199414,-562843385,1232974325,omni,
578,5,-961258686,682439233,1327380270,omni,
578,6,232231609,1145357196,1413696978,directional,101502827.0
578,9,-1059579400,-859385764,1379855824,omni,
578,11,-167497329,1687862461,1289247225,directional,296484942.0
578,13,-1407706304,-39366472,1219437450,directional,221931641.0
578,14,617241654,-172482167,1480015674,directional,87540024.0
578,15,205149257,-238266604,1256890051,directional,112416116.0
578,16,298705228,-309223188,1186263848,directional,242434039.0
578,20,-1170177827,122119773,1397700376,omni,
579,1,-400744714,-69845360,1378990479,omni,
579,2,358810433,-1249078935,1096059999,directional,197987356.0
579,3,-1315628224,-692573050,1325319161,directional,145307942.0
579,4,466002081,34228410,1310188536,directional,224834930.0
579,5,-709087862,-772929538,1223743282,omni,
579,6,-1096730336,1217023191,1064336426,directional,93758169.0
579,8,-279971889,317834369,1396009456,directional,163368805.0
579,10,744128321,1594284936,1423093572,directional,229478888.0
579,11,-1220801509,414240535,1259375626,directional,86463666.0
579,15,-1005263425,-115874658,1061933359,directional,284680183.0
579,16,-558275824,464328713,1390145598,directional,205806037.0
580,2,872621985,1140426584,1233445121,directional,262176706.0
580,3,-1311976493,-444471471,1188210365,directional,288991873.0
580,4,-1755437078,-191876360,1100912140,directional,301159432.0
580,5,-41973933,964653498,1069339431,omni,
580,6,-82564639,139637773,1081566762,directional,206342552.0
580,7,755953532,1128786585,1483585279,directional,238520497.0
580,8,470024304,593393463,1331790038,directional,320223868.0
580,9,125673335,-966576329,1235715442,omni,
580,12,-1304805794,-168404838,1207388886,omni,
580,13,-1930348,-1757396553,1338459404,directional,19559623.0
580,14,-245565709,1304836601,1312966821,directional,60335788.0
580,15,543126804,115057762,1207147186,omni,
580,17,51222941,-1200877136,1085130419,directional,106791050.0
580,18,-33674576,-187325634,1245534698,directional,106619134.0
580,19,-890303487,-120836676,1455515355,directional,279593743.0
580,20,-89507883,-872081372,1230071775,directional,13643712.0
581,2,-282069425,-1356107729,1199425405,omni,
581,3,698606453,-581196682,1232691162,directional,196510614.0
581,4,-811453873,-149385517,1117467321,omni,
581,6,184981617,755292701,1456274359,omni,
581,7,-579478688,887901227,1196484524,directional,340934844.0
581,9,323906832,-600190211,1406005343,directional,49222404.0
581,10,-971395953,1095904676,1184275392,directional,47084222.0
581,11,-207844294,-943693251,1038613307,directional,345000538.0
581,12,86303278,-801014344,1008158966,omni,
581,13,-629777343,1049390722,1201709641,directional,290207750.0
581,14,21214502,-1734728733,1035483874,omni,
581,15,-563698592,-676613772,1474862986,directional,253499519.0
581,16,368613165,-1330282062,1487397937,omni,
581,17,592990528,1360790575,1288388957,directional,40581216.0
581,19,-733604371,981406509,1207631469,omni,
581,20,-155785486,314039682,1220240793,omni,
582,1,-473585886,194013044,1445904989,directional,60040445.0
582,3,-359188788,940569490,1337308380,omni,
582,4,127432098,-400937068,1243118076,directional,134011113.0
582,6,-868302767,-978938535,1446176931,omni,
582,9,1101502725,-551141782,1027895447,omni,
582,11,86030556,-353092888,1431828126,omni,
582,13,59850409,-18537661,1434699708,omni,
582,14,562902350,-237273854,1067663248,directional,304790966.0
582,16,-822726794,-1341706395,1059566727,directional,348647782.0
582,17,194101056,-718277128,1143431479,omni,
582,18,-427269424,-530596055,1192369039,omni,
582,19,-7391231,-1551325107,1443897777,directional,92086347.0
582,20,-525116615,492389956,1121568921,omni,
583,1,129499655,-1610267548,1266338640,omni,
583,5,-1111668609,139059901,1444326702,omni,
583,6,-327929585,1098240194,1204953041,directional,131532513.0
583,7,-1158550272,-87958245,1487815940,omni,
583,8,789621888,-1060409392,1237515283,directional,39024833.0
583,9,-1428642246,-908548780,1486135255,omni,
583,10,-1122682818,509153558,1262294424,omni,
583,11,-1539295927,522423776,1222770950,omni,
583,13,1442668329,451595299,1097402958,directional,61803853.0
583,14,1444926775,-48776144,1441603065,omni,
583,15,-386716080,823097314,1379813042,omni,
583,16,-1229790436,866997684,1081553047,omni,
583,17,-1235945222,332742217,1284626494,omni,
583,18,519582939,806464711,1154869584,directional,223505807.0
583,19,596507350,-1424819422,1089200478,omni,
584,2,-1451320835,-856177337,1008068239,directional,82104587.0
584,3,1333555138,33844131,1430954058,directional,128684651.0
584,5,903750330,-298318920,1437307858,directional,6174694.0
584,6,-1231725342,-122476077,1064592976,directional,148344873.0
584,7,649015386,-119215333,1021211180,directional,315733392.0
584,8,-727436399,-1018497942,1048159362,omni,
584,9,-298817647,41729895,1342929793,directional,206631549.0
584,10,-308704926,631144937,1155455142,omni,
584,14,-812028199,-1084813831,1227985082,directional,56203288.0
584,15,57691753,911688165,1189992256,omni,
584,17,1052938419,-443511764,1196873486,omni,
584,18,-1062647365,629774757,1456575305,omni,
584,19,437166010,829272612,1452083326,omni,
584,20,-762078668,327807790,1079443056,directional,50591085.0
585,1,441497734,821092659,1183322676,directional,338269442.0
585,3,-1257612651,-482511719,1153668151,directional,153397293.0
585,4,71383864,126330098,1420632627,directional,149873370.0
585,6,-1005336675,631043259,1285649290,directional,48933482.0
585,9,-1403453587,33742507,1362372289,directional,270209403.0
585,10,-256704753,1400225670,1263336632,directional,172746566.0
585,11,-1575984110,-245786381,1360584324,directional,283502040.0
585,12,-1622080267,-180011071,1305174575,directional,310371762.0
585,13,1238595801,-677600451,1165122795,directional,104316615.0
585,14,-1244733086,-815108212,1102267899,directional,181561463.0
585,15,-241217398,-973527653,1282018065,omni,
585,16,-866572458,1153307305,1123368901,omni,
585,19,-634021959,-620906599,1263635094,directional,44437516.0
585,20,-1740025191,-266182637,1231335846,directional,133088206.0
586,1,-937335350,1150428732,1258548358,omni,
586,2,1187784802,702892625,1195270199,omni,
586,3,1069676416,1376867956,1248048016,omni,
586,6,418413654,-498955812,1224815035,omni,
586,7,-596877804,1566265601,1260872079,directional,73162360.0
586,8,457820461,544991620,1191890137,omni,
586,9,-1612190033,-509001941,1358936201,omni,
586,10,-324541367,819496011,1101380902,omni,
586,11,982776024,-360065916,1291874170,omni,
586,13,-1396347278,-1060750902,1389189528,omni,
586,14,1536269436,167387257,1149073565,omni,
586,15,543611617,-1403874454,1468168244,omni,
586,16,1326227267,123318333,1248680609,omni,
586,17,-919316391,-756720635,1119642061,directional,195856984.0
586,19,-690225559,-339115709,1364032155,directional,282268185.0
586,20,-511947132,761186499,1137476717,omni,
587,1,1359528001,-269062598,1373086604,omni,
587,2,1298479204,984515171,1315323509,omni,
587,3,496037620,-297506900,1486788811,omni,
587,4,752557277,935704904,1165635720,omni,
587,5,356015169,-239531576,1400931459,omni,
587,6,699025763,761566161,1159868444,omni,
587,8,1452921506,-839100078,1471588196,omni,
587,10,-635806754,-1617966763,1019147002,omni,
587,12,326556582,1636693289,1437933995,directional,354819637.0
587,15,-683701267,1381894086,1311836824,directional,222736445.0
587,17,-736834044,-1490350274,1004894997,directional,69049888.0
587,18,-153659863,423718887,1462882306,omni,
587,20,-186784702,-1733598937,1431801491,omni,
588,1,-1183236788,1121670417,1176665569,directional,95950169.0
588,3,-1670378215,-247531340,1053782348,omni,
588,4,-1395396067,859789895,1174785211,omni,
588,7,-679902670,-1440831990,1170221075,omni,
588,8,-756735056,-751847580,1340956404,omni,
588,11,-582161373,-1044515837,1357253729,omni,
588,13,-1733955975,243888492,1358287572,omni,
588,14,-819961342,372108359,1122428551,directional,276979109.0
588,15,-1396545588,-268246058,1108634192,omni,
588,16,-1243547711,-147561177,1099179273,directional,139416181.0
588,17,789876050,457739028,1378999564,directional,351873388.0
588,20,-1321287546,-715624939,1155922231,omni,
589,1,-520205692,-1512508228,1358157403,directional,154179458.0
589,2,-736207572,-1439887570,1026112464,omni,
589,4,-983973417,-561599976,1180114422,omni,
589,6,317732704,1175080161,1331444229,directional,174312654.0
589,7,212660716,1251389330,1196301848,directional,113517214.0
589,11,-1094097738,340593562,1291059993,directional,315177434.0
589,13,-276481944,1544299079,1201648843,directional,305022769.0
589,14,-837315568,419759419,1259452567,omni,
589,16,-561929852,1405100435,1240573430,directional,238586554.0
589,17,117996594,1200563823,1328340057,directional,268222070.0
589,18,52477226,-544512898,1187818885,omni,
589,19,1281293251,221480407,1190443825,directional,189349771.0
589,20,-14118709,-1585818213,1304684509,directional,59951203.0
590,1,1397511206,1009101493,1119536324,omni,
590,3,-148645726,-750043072,1207967861,omni,
590,5,-2274361,98809993,1016553601,omni,
590,6,186254788,1064500923,1240453387,directional,281378597.0
590,9,-679052709,823837834,1495130878,omni,
590,10,1396021554,-756737743,1232179720,omni,
590,13,-1072754899,-1124105985,1352371541,directional,125521149.0
590,14,653315132,880071347,1031215873,directional,146934695.0
590,16,-617286843,747353120,1347409847,omni,
590,17,255185845,215325843,1482778805,directional,306325864.0
590,20,-667035081,1028467366,1151824622,directional,330277120.0
591,1,1552044921,-22298402,1247981749,omni,
591,2,498232338,1527284737,1026423980,omni,
591,3,-186060118,-1074070335,1011645032,omni,
591,5,-244027240,-36515832,1128471389,omni,
591,7,-1063002797,742957826,1086778670,omni,
591,8,-1133564501,-184026273,1105533324,omni,
591,9,424067874,636151053,1283756032,omni,
591,10,-599122683,-858152713,1258924913,omni,
591,11,-556223058,-1268791212,1472533974,omni,
591,12,681971549,1285447571,1441408032,directional,90228401.0
591,14,-856256144,-749076224,1308882171,omni,
591,15,-214870382,-1065396068,1278658074,omni,
591,16,-1752406683,54358305,1373535930,directional,337096767.0
591,17,-456627082,934712329,1474095274,omni,
591,18,1551930947,-140151307,1228175180,omni,
592,1,1133608221,513212650,1237142677,directional,179991189.0
592,2,-595170950,156319954,1303716042,omni,
592,3,-1379298873,118196358,1182557786,omni,
592,4,-55400120,-1641994364,1321110541,directional,170956410.0
592,5,-1553383843,-419822968,1054448036,omni,
592,6,1700922710,112493416,1351795890,directional,265557529.0
592,9,1379671048,-571284328,1228827076,directional,118470305.0
592,10,458649594,-196602802,1452829022,omni,
592,12,56759050,816626443,1286455438,omni,
592,14,399592910,1090082348,1426768431,omni,
592,15,896083802,-538594002,1283277320,directional,321465826.0
592,16,-131218266,-1187141196,1360593498,omni,
592,18,310896371,-1698859163,1265090355,omni,
592,20,409921516,-1471425430,1173595786,directional,2359845.0
593,1,1346218554,-329581377,1269702297,directional,260664320.0
593,2,-579694907,-620797061,1175782262,directional,37239180.0
593,4,1314780610,-760554883,1176190275,directional,268658530.0
593,6,1593007660,125990823,1239802843,directional,261303588.0
593,8,-226460878,1528313378,1420007905,directional,341031551.0
593,9,1298567503,-5117057,1396950859,directional,244559221.0
593,10,-108756019,-1209215293,1110117340,directional,128751966.0
593,12,1026388939,1158284460,1094816042,directional,153880274.0
593,13,650872438,-1378783190,1236914316,directional,18742148.0
593,14,-801602381,1352298884,1421579596,directional,346926762.0
593,15,1155873453,1013355877,1300630450,directional,57805240.0
593,16,1674942468,207488569,1210258489,directional,18479294.0
593,18,-631313173,-1353377178,1350949443,directional,166619995.0
593,19,1705503154,-457269711,1099020135,directional,191625625.0
593,20,1452311106,149842828,1223142650,directional,133508122.0
594,3,1111520530,-223255295,1437535030,omni,
594,4,536478114,-49667444,1350605486,omni,
594,5,1249521137,-543470124,1108687356,omni,
594,6,-212772351,-552533663,1311605612,directional,17384662.0
594,7,-1213347346,1067287234,1041140982,directional,294436485.0
594,8,-852361512,873976689,1408572131,directional,93319461.0
594,9,1463732519,865155493,1486324300,directional,130170041.0
594,10,-582781517,-945228128,1439275006,omni,
594,11,-622791386,1532124028,1334751010,directional,322503523.0
594,12,-1019059450,61204461,1227947104,omni,
594,13,1212042447,-1118994473,1003158137,omni,
594,15,810943077,1539164186,1355379635,omni,
594,19,-1562601267,-492115189,1379257482,directional,316360118.0
594,20,839340126,297850589,1260701411,directional,125769700.0
595,1,1444507011,68159232,1454221672,directional,329063461.0
595,3,355648425,-1345520228,1071946836,directional,302196774.0
595,4,126353509,436396651,1150856154,directional,346737290.0
595,5,149579694,-711285023,1354128397,directional,25726425.0
595,7,-1478443489,-448286328,1268333628,directional,135222842.0
595,9,-1575320305,-144740993,1172347016,directional,5551320.0
595,10,-368597379,622720668,1107722233,directional,336826345.0
595,12,1351492316,-242189505,1140892235,directional,39988241.0
595,13,281167794,-1556518670,1224556998,omni,
595,15,-368084042,-442782656,1106062150,directional,67777729.0
596,1,-1185048355,1094992792,1315985849,omni,
596,2,-1714965182,-308385714,1235585258,directional,234425330.0
596,4,1412506061,508289642,1002565840,directional,15619651.0
596,8,-728548102,1091535507,1208583603,directional,19795208.0
596,9,990280322,370503686,1211967296,directional,13256506.0
596,10,-312439190,-625137305,1133237852,directional,250288390.0
596,13,-406560301,186973173,1475900276,directional,80300450.0
596,17,-1078928756,-770144508,1249972262,omni,
596,18,-284168027,-462512666,1244617939,omni,
596,19,-87685856,926289725,1035208404,directional,355530753.0
596,20,524857313,934177827,1053749917,omni,
597,1,768619556,982957049,1193688890,omni,
597,2,381526903,-131538899,1465106583,omni,
597,3,-1663663821,397264900,1072771387,omni,
597,4,-882217724,-97555306,1161123949,directional,62363208.0
597,5,411809493,34559254,1147155312,directional,349951196.0
597,7,-1004954604,-443645526,1156423479,omni,
597,8,-478127761,-909063118,1382207136,omni,
597,9,702025344,1451907582,1027518512,omni,
597,10,-980205416,-206410793,1138111571,omni,
597,11,1245153626,-96271796,1010391014,omni,
597,12,-1238673727,-190796173,1486797231,omni,
597,13,-1033560470,1386428207,1190748564,omni,
597,15,-482514156,-1075445386,1245702326,omni,
597,18,410895287,275208194,1427881742,omni,
598,3,-223032178,1245312893,1232003825,omni,
598,5,-10258219,554600428,1364610537,omni,
598,6,-402497732,250981098,1442824417,omni,
598,8,611667898,1312507568,1439671802,directional,10990105.0
598,10,-866312452,882901883,1173538910,omni,
598,12,-1242677462,-957165888,1065895623,omni,
598,14,-688140880,-7166467,1085026619,omni,
598,15,-784392050,696366062,1412138450,omni,
598,16,1327921655,302369695,1035536451,omni,
598,18,-942380479,-1069692751,1297588589,omni,
599,1,118984083,337512499,1209632871,omni,
599,2,1339853386,-197361477,1332169598,omni,
599,3,-1100529947,-870805238,1466268010,omni,
599,7,243459285,-473412840,1483036662,omni,
599,8,-219242927,678640819,1345489681,directional,249234357.0
599,9,942061707,739145094,1086427753,directional,143876067.0
599,11,129247540,-191312997,1214982390,omni,
599,12,20893479,-1736975260,1082354837,directional,231985244.0
599,13,865811104,-160849551,1413135658,directional,256503978.0
599,14,547881624,-1578622820,1221519962,directional,83968674.0
599,15,252119801,-487407635,1229829522,directional,325462396.0
599,16,-500121902,1132072909,1145639636,directional,187946239.0
599,17,-1584777898,-778334291,1184302883,directional,29396476.0
599,18,388367687,376269432,1425086606,omni,
600,2,1070976259,479279353,1062263696,directional,284466961.0
600,3,660412299,1017772523,1310276701,directional,186307450.0
600,6,1312133845,892302859,1087639035,directional,108794386.0
600,7,-1195486193,-317857862,1047745837,omni,
600,8,-1650258343,300863645,1014433468,directional,176273965.0
600,9,-387433625,-777536290,1428729820,omni,
600,10,1131784496,33393641,1353631197,omni,
600,11,1323356302,-216204665,1038371362,directional,279952454.0
600,12,1428708135,-214348287,1117261649,directional,178064860.0
600,14,1526311255,96670708,1469132567,directional,99550523.0
600,15,133422105,-1421266743,1071157098,omni,
600,16,-1570543966,711584849,1454801309,omni,
600,17,1272457235,-140342718,1230923836,directional,319822855.0
600,19,-1429602517,77994577,1338709432,directional,93706440.0
600,20,-72720514,1266316314,1086774475,directional,260570968.0
601,1,100796905,-1715302419,1300968541,omni,
601,2,393767384,1612727937,1198636922,omni,
601,3,1096664036,-1290621762,1018176846,omni,
601,5,-1189103199,-318270549,1416469139,omni,
601,8,336323120,375709663,1059233852,omni,
601,9,-1313011116,535582828,1004793038,omni,
601,10,462751671,873398728,1109189677,omni,
601,12,-1285232578,-943041602,1212404011,omni,
601,14,813653218,903762861,1417772242,directional,47266149.0
601,16,-146870661,-1303527386,1011762150,omni,
601,17,1669880324,477549434,1468109367,omni,
602,1,31184159,1567772771,1453613408,directional,252986814.0
602,2,108364998,750814476,1438481936,directional,190330654.0
602,3,1199010528,-215537127,1144820333,omni,
602,5,136118085,1363476317,1095368230,omni,
602,6,1011753827,-1295955085,1377879374,omni,
602,7,-1638817446,56012851,1086679910,omni,
602,10,998900423,1245769807,1232902759,omni,
602,11,110189031,-36213135,1029603503,omni,
602,13,215492769,-1427137277,1293337897,directional,126497724.0
602,14,-1369231122,-18857760,1116623555,omni,
602,15,658960895,-990425545,1308538882,omni,
602,17,-526077794,65263457,1100373493,omni,
603,1,-1492884141,-364869513,1360776020,directional,57490260.0
603,3,1496300670,923893855,1494305134,directional,201310373.0
603,5,-860509672,-327564554,1280661988,omni,
603,11,311569240,1671954358,1333032989,omni,
603,12,-208649578,1079213338,1312541872,omni,
603,13,-1465254806,973774295,1020158761,omni,
603,14,326324685,953481400,1163351015,omni,
603,16,-1234368873,1169500606,1005223319,directional,342106138.0
603,19,-540955727,-923747805,1243489274,omni,
603,20,-43550247,-978698893,1366450588,directional,95411164.0
604,3,-738024281,529632464,1075255087,omni,
604,4,-213356675,-1470066710,1010201112,directional,191905218.0
604,5,-959963673,-1450158278,1125607234,directional,48844890.0
604,6,-72818376,1424192321,1457731503,omni,
604,7,-219953995,-659855825,1388454098,omni,
604,8,-419272889,1642812004,1360751853,omni,
604,9,262907571,-631222275,1362829434,omni,
604,10,-354207072,768723656,1190666678,omni,
604,12,-207215219,-407772899,1323553741,omni,
604,15,-1515212144,-214627467,1094691422,omni,
604,16,16012129,493079593,1079847168,omni,
604,17,1093168849,-480372258,1004878587,directional,251540661.0
604,19,673278081,599697707,1332488079,omni,
605,1,1894565,-1219193803,1127076114,directional,236022065.0
605,3,1380393143,-899139578,1143551683,directional,89444318.0
605,4,281083353,1202688455,1494405325,directional,344576516.0
605,5,644565408,326780339,1083300350,omni,
605,6,327881393,-647616741,1049899120,directional,180759152.0
605,7,-789181846,709480542,1044332210,directional,345505914.0
605,8,631381023,-628978605,1144152155,directional,274861119.0
605,9,-279670684,695753617,1195461839,omni,
605,10,202029462,365128961,1286431230,omni,
605,11,-981459918,274622965,1313517403,omni,
605,12,728682079,760341542,1297859127,omni,
605,13,363534564,-748791518,1432150611,directional,241695677.0
605,15,1455895400,-113292590,1357174971,omni,
605,16,1199114433,1066140290,1162359220,directional,333355779.0
605,18,-12991371,-1094165245,1032403902,directional,89798166.0
605,19,-768182365,736125197,1419129442,omni,
606,1,1002262121,-927010048,1075670143,omni,
606,2,-1220038724,-230758047,1004527873,directional,132831013.0
606,3,-274600511,792716900,1120648019,omni,
606,4,27952575,-1243882237,1168346391,omni,
606,6,666940615,1636987255,1085643567,directional,282035547.0
606,8,996090187,1054747696,1433162140,omni,
606,10,851366285,-1396601595,1491656964,directional,150667609.0
606,11,-1533860061,-54266456,1204024715,omni,
606,12,1229249218,222713744,1004849258,omni,
606,13,1464560879,-676946699,1359504417,directional,220458990.0
606,14,1670360921,48129453,1281648698,omni,
606,15,-303123301,863252190,1064482043,directional,156233782.0
606,16,-1330552873,-648597924,1036793283,directional,271886471.0
606,17,-161914985,252433840,1363591171,omni,
606,18,-305622466,1439617367,1484827437,directional,218538014.0
606,20,-873795773,716189764,1278677703,omni,
607,1,-661020298,788244149,1288839586,directional,265656588.0
607,2,98107910,1225526787,1262124009,omni,
607,3,-741548843,757447965,1229874673,directional,21375069.0
607,4,598856025,180957223,1076061164,omni,
607,6,526189341,-352558654,1085222015,directional,196951939.0
607,7,-1547370429,255386118,1433269111,omni,
607,10,954425925,-1266073802,1098661456,directional,315897301.0
607,12,849275639,911039699,1387978697,directional,154577858.0
607,13,1074749538,1323340926,1195965977,directional,69602938.0
607,14,-747542009,1408422370,1182553964,omni,
607,15,-582861061,501726720,1007739081,omni,
607,18,-1368004752,-4128064,1068925844,directional,305812924.0
607,20,1195719772,-53025075,1470834428,directional,209803874.0
608,1,-1322998474,638211140,1058266151,directional,34506008.0
608,2,783736699,-944224676,1272208838,omni,
608,4,40038542,-1373002233,1095981442,directional,170951674.0
608,5,-641626423,-352763085,1242365246,directional,46350243.0
608,8,-1426001673,-323679674,1241144342,directional,359702182.0
608,9,-1494423838,-28965362,1323104236,directional,130138640.0
608,10,-200653166,-265984114,1426300290,directional,293559868.0
608,11,301802824,-324687366,1254384702,directional,149118180.0
608,13,343255159,-589170348,1380661916,omni,
608,14,288244990,-1701639538,1028667673,directional,328476138.0
608,15,649723328,281642194,1205246890,directional,126664059.0
608,16,264728329,-858162634,1093870857,directional,24338067.0
608,19,84182767,841655488,1250360064,omni,
608,20,1321052593,-856515799,1040807164,directional,28111788.0
609,1,632637485,-767620383,1437873000,directional,112714939.0
609,2,-994182164,16138101,1418938498,directional,322346783.0
609,3,-964892232,-1116802544,1148027608,directional,233896754.0
609,4,1442672012,692786845,1167662884,directional,246438805.0
609,8,-530071517,447296462,1180525867,directional,187381551.0
609,9,-614809338,-79214472,1203498805,directional,157794698.0
609,11,25280496,-1670487746,1102415707,directional,276535859.0
609,13,1036249617,-988021252,1425356029,directional,148073496.0
609,14,1114135791,257494488,1068159901,directional,45565309.0
609,15,175592371,-490751053,1084153271,directional,133251169.0
609,16,-111180299,-1021318111,1001508952,directional,97158724.0
609,18,-987444787,942779545,1363090752,directional,100939343.0
609,19,-316215033,-117433755,1289243481,directional,298214614.0
609,20,-174544089,1218948962,1140167264,directional,159647879.0
610,2,1444364516,504246278,1056085325,omni,
610,4,-192405699,121471090,1306768987,omni,
610,6,-1649948767,300213213,1225080525,omni,
610,7,-54639063,825591992,1099755656,directional,326341917.0
610,8,927652242,870931529,1416916288,omni,
610,9,1247723757,1195799521,1191062867,directional,207595366.0
610,10,797554292,-94741525,1124196691,omni,
610,11,474440809,-1457716810,1188503350,omni,
610,12,-691982906,-346879189,1040752513,directional,98322806.0
610,13,387541212,1285423253,1148243773,directional,264277103.0
610,15,-623915103,-981106291,1376261850,omni,
610,16,993543455,804227271,1492044174,omni,
610,17,-1253437402,-697508718,1196045148,omni,
610,19,475094598,-1328336044,1277673736,omni,
610,20,1458464938,-835941994,1352057827,omni,
611,1,66121524,925826402,1002227916,directional,357959237.0
611,2,-1498750984,464777099,1126618655,directional,324165140.0
611,5,342821129,993491561,1445959067,directional,298749884.0
611,6,-1104134029,-1248281317,1252240811,directional,189347023.0
611,7,522817369,-1412637585,1382102107,directional,74646856.0
611,8,-371373021,-93824279,1252517152,directional,355448501.0
611,9,1360905738,237700942,1198969319,directional,61233578.0
611,10,950904472,885207315,1352048139,directional,138543973.0
611,11,-1279523213,-1069492921,1328484767,directional,194496241.0
611,14,-163199320,121069918,1371353906,directional,76427830.0
611,15,23602632,196369408,1059590812,directional,268942468.0
611,16,1044488196,210919892,1089490670,directional,126371435.0
611,17,-920056756,699759823,1419372739,directional,21258202.0
611,18,-385584651,1314282966,1135681667,directional,354684794.0
611,20,985697424,1126665137,1116257189,directional,76654024.0
612,1,-998289522,1145243123,1419475863,directional,213106401.0
612,2,-581114453,725341247,1318670069,omni,
612,3,511829013,341781825,1352405922,directional,133625405.0
612,5,-1339309402,10986569,1034488767,directional,155775655.0
612,6,-191185322,1582946643,1146934329,directional,137472306.0
612,7,1553292630,150801571,1368292909,directional,137789224.0
612,8,1212665080,599382910,1001489017,directional,166873845.0
612,11,1111554808,-690165374,1437203556,directional,165974698.0
612,12,-38167164,-106609810,1314198493,directional,340732027.0
612,13,-294420136,825415695,1458836111,omni,
612,15,1310321183,-645473660,1024418421,omni,
612,16,210685322,1153884393,1473688840,directional,129433758.0
612,17,-1553920088,669191654,1379510129,directional,9580325.0
612,19,119755925,423099291,1442138439,omni,
612,20,-136217940,1014950498,1236946528,directional,81787179.0
613,1,-798093880,-516851982,1357559317,omni,
613,2,-411710076,-523068031,1420750954,directional,58085400.0
613,3,-529212702,147763596,1155883547,omni,
613,4,245218289,96666449,1442279886,directional,328746716.0
613,5,-1136025672,-39502414,1035160653,omni,
613,6,-810931628,90772668,1466804055,directional,136876519.0
613,7,861937667,1143182012,1130889028,omni,
613,11,1490186144,671054933,1150854740,omni,
613,14,1009896929,-759239923,1371945767,omni,
613,15,-1122658541,922830576,1452481554,omni,
613,16,-985314418,957051121,1211950785,omni,
613,17,807534282,-264093120,1033339638,directional,175561886.0
613,18,312171330,-708012959,1087671800,omni,
613,19,-383573643,1363737712,1138850755,omni,
613,20,-1411230214,-486235377,1065197842,omni,
614,1,-529952036,-1074305578,1170576298,directional,193163470.0
614,2,89608345,221212135,1455754395,omni,
614,3,-443615054,1240919151,1253959173,omni,
614,4,882864875,512905405,1342535975,omni,
614,5,819733762,-606496642,1191876176,omni,
614,9,894171869,-1512660660,1430596590,omni,
614,10,850756953,-200824623,1251806788,directional,186130414.0
614,11,-1508661518,-23832645,1017894468,omni,
614,12,258876883,-1418787416,1220075035,omni,
614,15,1150628860,-346555652,1347706266,omni,
614,17,410751552,185584484,1455562338,omni,
614,19,-1557564848,-261103876,1441204953,omni,
615,1,-908886293,1153343825,1386579748,directional,176950641.0
615,3,198366255,-509378118,1133592916,directional,267706246.0
615,4,613103703,71707895,1111079121,directional,153544881.0
615,5,-793001420,-298773146,1049627928,directional,126937637.0
615,6,99254271,-588860911,1227278309,directional,246037896.0
615,9,-525351618,-570541355,1075518764,directional,267760092.0
615,10,1452075723,183862172,1497180286,directional,221881070.0
615,11,-368378225,816532601,1214423404,directional,332031018.0
615,13,565716824,-426118627,1209487857,directional,22987669.0
615,14,599354421,-1156111363,1111598508,directional,141696378.0
615,15,-1123964307,1358027106,1219686904,directional,92266753.0
615,18,-561103610,-293227306,1128066124,directional,15921809.0
615,19,-1465083701,867855259,1303774317,directional,199147104.0
615,20,838606215,-612843947,1079918739,directional,351925024.0
616,1,264326329,276621658,1179792034,directional,114369277.0
616,2,1263014422,-236684473,1305956085,directional,290965567.0
616,5,1220532741,1157213767,1423636818,omni,
616,7,-1570728128,375791329,1154432938,omni,
616,8,-414746583,-295012070,1268259172,directional,85178365.0
616,9,60095539,-720613653,1367660012,directional,343655321.0
616,10,-409188840,1720143388,1107855044,omni,
616,11,-1100183795,-1290255651,1122560601,omni,
616,12,-994706082,-1301697633,1367482198,directional,290219964.0
616,13,-79400949,1005016827,1061285174,directional,214849895.0
616,15,-701280557,773704893,1422913475,directional,219309040.0
616,16,1071350367,-1146290050,1465055907,directional,292589651.0
616,19,-1383667835,-501804989,1016110555,directional,173996063.0
616,20,231036578,1631163580,1107417648,directional,25628004.0
617,2,734392515,131814275,1462835434,directional,33993856.0
617,5,-727074977,1084430944,1342036204,directional,198805384.0
617,6,1229615988,1131905324,1419434119,directional,345526714.0
617,7,842384719,-1193385890,1223566060,directional,147175512.0
617,9,-1041249619,-1141215278,1429959601,directional,311717792.0
617,10,184632427,-935225470,1396906133,directional,302103224.0
617,12,-1087274843,-785526352,1254759624,directional,185352922.0
617,13,267902120,503362028,1020510560,omni,
617,15,1352949909,-330523701,1418248372,directional,267141027.0
617,17,-613602589,-403401892,1152930816,directional,177739824.0
617,19,-69588038,1617078521,1059115914,directional,303739144.0
618,1,-143980297,1609216140,1482100273,directional,277272266.0
618,2,235712377,500441342,1064957687,omni,
618,5,-164154336,-1244897102,1085747862,directional,342838318.0
618,8,403561282,-131066958,1195423768,directional,133026447.0
618,10,-409021268,-1190370352,1337947895,directional,199009094.0
618,12,-242761323,-1104122357,1409845830,omni,
618,14,-175125931,1706430900,1278756949,directional,65363864.0
618,16,-320603880,823585393,1330083576,omni,
618,19,-25763486,-1158728652,1352836697,omni,
618,20,-1555831893,672544353,1424168455,directional,124354034.0
619,1,-634978553,-351682509,1252838447,omni,
619,3,504262415,428539474,1099867545,directional,149238547.0
619,4,11890989,-400634075,1213907541,directional,345354315.0
619,7,-1301097857,-827384923,1326240360,directional,182270783.0
619,8,-589269208,-1352233092,1260367541,omni,
619,9,729287449,-674883709,1433501694,directional,202930920.0
619,10,-438779361,1148044438,1023667913,omni,
619,15,-1023866643,-176471877,1017216322,directional,177703203.0
619,16,-301985021,-768820854,1492684028,omni,
619,18,-835317100,76287565,1271755092,omni,
620,2,757966653,-165108133,1227029410,directional,117766139.0
620,3,882715383,-1163657379,1336209435,omni,
620,4,-955357109,1483304580,1169241220,omni,
620,5,-67006279,-638357850,1195563876,directional,188440584.0
620,11,197448362,1233751021,1299334704,directional,304848569.0
620,12,-1149677845,226211276,1339260274,omni,
620,13,-45775569,157806983,1194505810,directional,113038797.0
620,16,-294974889,-19272423,1403511741,omni,
620,19,52590277,852625568,1224898786,directional,130969843.0
620,20,121118500,1072544813,1481671200,directional,313877006.0
621,2,-869545390,565341267,1049420065,directional,66304441.0
621,3,-1214175845,-1032805004,1271880190,directional,62727408.0
621,4,-421616665,523567942,1062491742,directional,194889183.0
621,5,-573637817,-1435605989,1085534258,directional,218195906.0
621,6,-162386685,1720117236,1202457079,directional,135388426.0
621,7,-1546180007,-728499081,1296849613,directional,123677578.0
621,8,873676776,-908202554,1267473070,directional,276884842.0
621,10,197502920,-412937442,1359544157,directional,264792977.0
621,11,794336197,-255892529,1484081581,directional,168295662.0
621,12,-538544209,1160872972,1101205346,directional,139663335.0
621,13,-1297526718,-1161341072,1069521375,directional,349613053.0
621,17,-369033632,440536043,1420911674,directional,328645893.0
621,19,-700213604,622622740,1024370665,directional,129727584.0
622,2,640070049,-729641934,1198388668,omni,
622,3,-166319558,-740445619,1241463225,directional,105274961.0
622,5,-879973701,286306440,1017081908,omni,
622,6,-318114480,1074182473,1032797593,omni,
622,7,523323099,-265728144,1126588522,omni,
622,9,-1316519130,-1156275096,1059018698,omni,
622,10,1689197673,-71206987,1448801375,omni,
622,11,-579502471,-884869661,1422473675,omni,
622,12,136077668,852434975,1074651255,omni,
622,13,739772419,-1124516003,1221524207,omni,
622,14,962939130,1114721679,1479885982,omni,
622,15,517483982,943770983,1074064598,omni,
622,16,-1207829298,-988022571,1407368757,omni,
622,17,-464176553,831031766,1360108080,omni,
622,18,1051682340,378975825,1141094338,omni,
622,19,-446667974,1517472788,1449110886,omni,
623,1,597701463,28475998,1039029533,omni,
623,2,1275945062,-202960941,1111738261,omni,
623,5,-1391967885,435915813,1213178018,omni,
623,8,-546976842,24443802,1236574649,directional,142622959.0
623,11,-795653901,-151475178,1064882186,omni,
623,12,-211384203,1261614631,1191706750,directional,77486186.0
623,13,-50260853,-539771355,1423194522,omni,
623,15,-196630054,-389922956,1316780838,omni,
623,16,-1154907470,-884825348,1459996165,omni,
623,17,-1612951821,187492095,1203656126,omni,
623,18,1068267408,-1282453945,1259580927,directional,15655286.0
624,1,1175308957,476306639,1158253008,omni,
624,2,-922797417,1159437957,1315896557,directional,64856676.0
624,3,-102790274,1579016423,1188711083,omni,
624,6,787001982,287782231,1166543958,directional,83402933.0
624,10,694620930,606623230,1402256496,directional,46352385.0
624,11,-222373778,-146905321,1003957420,directional,12510830.0
624,12,133445595,-486367477,1265590567,directional,224246546.0
624,13,-518095300,-1118834421,1454778596,directional,43069093.0
624,15,537567554,519051435,1425695894,omni,
624,20,543263783,523376802,1363322246,omni,
625,1,-1086953427,-1070712379,1034758461,omni,
625,4,-1381277631,942459907,1227411010,directional,340198184.0
625,8,-315563442,777107264,1218000185,omni,
625,9,1039428303,1376936906,1482358235,omni,
625,10,-628772113,-766183658,1094239820,directional,143897461.0
625,12,879250431,181178793,1114725654,omni,
625,14,-14141699,-1053422114,1006924237,omni,
625,15,819085294,-782430743,1162550302,omni,
625,16,-529891044,870778988,1265099690,omni,
625,17,143603850,1662354357,1462389091,directional,312696713.0
625,19,-1324034034,516568012,1219595495,omni,
625,20,1420280527,956399343,1306246404,omni,
626,2,1464488470,-365910647,1039653576,directional,34399695.0
626,3,993728898,1151604616,1200993066,omni,
626,4,-1467342768,-888959170,1360063440,omni,
626,6,-412979460,1160724013,1372687473,directional,167271338.0
626,10,374514125,-453798925,1412042508,omni,
626,11,-552410926,366293503,1188958826,omni,
626,12,-1042824549,472396604,1035413468,directional,231297432.0
626,13,1227405737,217066673,1143422156,directional,254027497.0
626,14,-753891360,1168040458,1487112489,omni,
626,15,1597456036,400047289,1168849086,omni,
626,16,-405138614,244465720,1330831375,omni,
626,17,468698469,-1485562315,1004637446,directional,109203516.0
626,19,-221109190,1280012115,1145326434,omni,
626,20,-595151138,47881099,1017808600,directional,298205211.0
627,1,-1215290643,509627374,1297606707,directional,306880339.0
627,5,-505004841,106109162,1131386156,omni,
627,6,182780896,983853142,1026315821,directional,3469908.0
627,9,-348730208,152283978,1072242276,directional,316767185.0
627,10,-102814666,-1739560369,1273376506,omni,
627,13,13708707,704303739,1277879003,directional,278141473.0
627,14,-156546367,657997784,1318169102,directional,314742978.0
627,15,854220169,-574729929,1164675263,directional,9695942.0
627,17,1022318113,620539417,1158696196,directional,183332791.0
627,20,302755078,1418950853,1400392352,omni,
628,3,-128512144,1333550471,1126570960,directional,180740474.0
628,4,-1018731782,46419703,1151249118,omni,
628,5,-17925897,-1043663188,1235779240,directional,330226608.0
628,6,971672140,-476962913,1198484275,directional,53845069.0
628,8,283801601,1716324876,1190833620,omni,
628,10,419422700,-682042165,1046256682,directional,173108810.0
628,11,-335794401,-25684075,1152708401,omni,
628,12,714103047,1067611815,1482797769,directional,267126129.0
628,19,395625268,1306549263,1169106177,omni,
628,20,-1415057562,-304274948,1103614900,directional,212281179.0
629,1,-1332544493,679280908,1332833662,directional,147355152.0
629,2,-1736792082,228747246,1366296373,directional,38130128.0
629,3,1504147777,-587969946,1424489236,omni,
629,4,195998139,302533962,1373927403,directional,116571544.0
629,5,36732095,689320601,1250581275,omni,
629,6,171168456,-455700409,1392834914,omni,
629,7,-429541599,1364311473,1409837456,directional,220037850.0
629,10,1272852791,-1101063688,1294423518,omni,
629,11,552947931,-425110446,1309313065,directional,341960010.0
629,12,724628942,-1442903258,1054874533,omni,
629,13,-708011641,716917188,1464327100,omni,
629,14,247629749,1329679171,1165189364,directional,301073652.0
629,15,482748055,775768717,1350848423,omni,
629,16,-186270571,968291434,1064777482,directional,165057503.0
629,18,275751417,1104990684,1157282645,omni,
629,19,-1053603760,-1329031633,1402988914,omni,
630,2,-624848990,1403353770,1028154734,directional,127193554.0
630,3,-51230337,-343450682,1122651941,directional,25237474.0
630,5,1060717138,331883188,1326421776,directional,20930886.0
630,7,-1310649737,-130856448,1075979338,directional,309083289.0
630,10,-257493762,1185190109,1161491133,omni,
630,11,-817454302,375724758,1474389320,directional,278968208.0
630,12,-1108850760,616373312,1186337522,directional,261294922.0
630,13,-1338835033,-875682603,1417458103,directional,122289915.0
630,14,-97164126,-1417752348,1404607316,directional,51953222.0
630,16,-483110935,-1250354891,1044489302,directional,33767418.0
630,20,1020058131,972961059,1326896539,omni,
631,1,1197121037,-876276405,1199148918,omni,
631,2,885950694,-1495639687,1397430514,omni,
631,3,1724634566,-52638984,1214487146,directional,233943858.0
631,6,276401056,959656165,1035607048,directional,198482091.0
631,8,571659673,-1643649477,1350345565,omni,
631,10,-869746622,1038804334,1391461081,directional,232428925.0
631,11,-178779306,-926550787,1042598633,directional,336608672.0
631,13,-512683935,128615080,1116441247,directional,342811017.0
631,15,-15388331,-1256412658,1430953156,directional,55061190.0
631,16,1321607127,303880264,1222584646,directional,60495546.0
631,20,1495534779,781222544,1136904541,omni,
632,1,1518278783,-796262449,1196288009,omni,
632,5,-1588845561,-710482886,1412718416,directional,309385574.0
632,6,-1535576214,-444289262,1333647517,directional,3524811.0
632,10,-903230477,-448912438,1322653658,omni,
632,11,22487392,291712504,1313116566,omni,
632,12,-373443502,-291713662,1310708094,directional,123681800.0
632,14,-764840075,-652121208,1015389505,omni,
632,15,447666726,-711269441,1426868114,omni,
632,16,-46331659,-966028805,1307376518,directional,185887950.0
632,18,-305953769,1449951803,1202056325,omni,
632,19,472848950,130253667,1088617452,directional,256564089.0
632,20,-1364996552,-358430093,1498458055,directional,117811462.0
633,1,-1246421078,-815718516,1395164468,directional,310058090.0
633,3,-1458893925,-860414101,1130389229,directional,76683670.0
633,4,1034820949,1187311088,1329272168,omni,
633,5,-1466053725,-264511730,1138305598,directional,293345649.0
633,7,1031275019,-973506597,1455827167,directional,318914060.0
633,8,-651576346,1193523910,1473683688,directional,296736100.0
633,10,-1341150159,-238454316,1340318899,omni,
633,12,-1427870691,-553685136,1031170363,directional,8575933.0
633,13,-101691849,645330415,1308927172,directional,45684670.0
633,15,386992371,-799925069,1190371290,directional,117549016.0
633,17,264306989,1185540422,1203126982,directional,81224068.0
634,1,901531816,-1352670744,1174661345,omni,
634,2,-132178499,-1744614382,1137070462,omni,
634,3,88424666,-699899581,1090534283,omni,
634,6,-1130359889,539242071,1140380497,directional,38897287.0
634,7,498761190,827763869,1023845120,omni,
634,9,-986629161,-1254747470,1255844407,directional,202555104.0
634,11,-42546221,1730258805,1199986131,omni,
634,12,-956024053,-829302018,1223168024,omni,
634,14,1167962499,785712063,1414014780,omni,
634,18,-754153338,1534467418,1173340579,omni,
634,19,-23750244,830816493,1194993432,omni,
634,20,607754691,1408555554,1468618609,directional,39658964.0
635,1,901928149,1031843335,1088070357,directional,179939381.0
635,2,461398165,1029410336,1423896044,directional,159331820.0
635,3,892566265,712608539,1103328997,directional,129410452.0
635,4,808363719,-95675070,1332829055,directional,271747019.0
635,6,481458054,-1697177055,1229564146,omni,
635,8,-1697054433,-167332959,1440721260,directional,53877761.0
635,9,-1405687646,967194070,1334659703,omni,
635,10,2451840,-376907397,1438148433,omni,
635,12,219380531,-1448774157,1039870303,directional,262439713.0
635,13,1251534809,-462911610,1176050451,directional,212209551.0
635,14,-1223877384,-646013846,1090220660,directional,37659613.0
635,15,-1041382788,1072487609,1355687821,directional,213202453.0
635,16,1140624277,-364535450,1187271852,directional,265966936.0
635,17,-809788183,272703811,1294338271,directional,127719416.0
635,18,-256683428,982726586,1072862439,omni,
635,20,484277970,-1050892068,1100354153,directional,354249523.0
636,3,1548765782,-460061857,1402744110,directional,66876519.0
636,4,860410543,-497276371,1066753929,directional,284152561.0
636,5,546658119,-1633592065,1428935191,omni,
636,6,-950645024,-520418550,1186767221,directional,350931517.0
636,7,1509572267,394574594,1151689556,directional,327308614.0
636,8,646041081,-12752442,1261456059,omni,
636,9,-1392666375,244163342,1215198441,directional,139698408.0
636,10,-390177061,1598618477,1279321004,directional,264860132.0
636,11,-934261093,509994912,1231594522,directional,59392964.0
636,12,384816772,386255151,1034969508,directional,242575931.0
636,14,-589649740,490547693,1268785346,directional,328397007.0
636,15,450674122,1157372316,1161745651,omni,
636,16,-706799999,1114798620,1273004460,directional,6503208.0
636,17,572647199,-1109975129,1332884794,omni,
636,18,-1565736996,-454340166,1480538790,directional,123441604.0
637,1,-826086596,-1045368616,1236247542,omni,
637,4,268201632,-344701166,1205274590,directional,343816853.0
637,6,173834414,-638298146,1169959658,directional,309092147.0
637,7,464986679,174374355,1034030141,directional,228089198.0
637,12,-201356698,901450599,1050957566,directional,220797572.0
637,13,801755436,893957327,1334236387,directional,322732013.0
637,16,1070272053,-1249248591,1136622046,omni,
637,17,-1115324962,304642366,1329074684,directional,55962449.0
637,19,-1504094278,841353280,1349331376,directional,277971630.0
637,20,-157766476,1132597113,1231599906,omni,
638,1,-133799625,1471971599,1456246254,directional,328048430.0
638,5,-1174244821,305659447,1114900129,directional,39842705.0
638,6,1075903338,49558976,1137949282,directional,296608090.0
638,9,85141565,1525743196,1000012069,directional,267022942.0
638,10,594475923,76400621,1192464833,directional,263860447.0
638,12,1206908759,-943127299,1470293048,omni,
638,16,661515495,-1512899423,1207112791,directional,51328056.0
638,17,1268178805,1093207608,1316540684,directional,217310392.0
638,18,-1303701662,-102935569,1468607905,directional,204337410.0
638,19,-364396856,-612975547,1182156872,directional,291148726.0
639,1,-893696234,591460020,1242310005,omni,
639,2,1251475787,118707622,1464877023,omni,
639,4,-867212660,-1489232915,1472927401,omni,
639,5,1064462562,1366312623,1117794002,omni,
639,7,1030490135,-1260480423,1481871164,omni,
639,10,-1661858866,242252916,1092795889,directional,225954790.0
639,11,-123147372,-607614907,1160314296,directional,323268443.0
639,13,468577470,-1154808671,1005445900,omni,
639,14,-730924813,1127593737,1289936179,directional,171429326.0
639,15,-1409506455,342510448,1189034111,omni,
639,18,-913441516,933832694,1487322820,directional,80480829.0
639,19,495982454,-1622885937,1342644750,omni,
639,20,-80389331,-1300666855,1294573468,omni,
640,2,-202522070,797605422,1403343938,omni,
640,5,-1375942981,700461274,1153470292,omni,
640,6,756766582,1216052911,1005475564,omni,
640,8,161070815,-757884969,1410581177,directional,104772737.0
640,10,-434224900,-338767192,1455743477,directional,358413437.0
640,11,1102141761,-890747371,1478425716,directional,48098269.0
640,12,533871908,-113181013,1390064408,directional,231680402.0
640,13,-67422351,-743333318,1061087628,omni,
640,14,-1437425944,-149103970,1140347399,omni,
640,15,714064653,368737697,1042433340,directional,348994628.0
640,16,-426893171,-723015110,1266001380,omni,
640,17,666301404,-287439885,1044758830,omni,
640,18,119448014,1446497661,1398630561,omni,
640,19,415382146,437793006,1112559667,directional,305905957.0
640,20,-1432278022,519031837,1258622952,omni,
641,2,972617960,-603489557,1468498881,directional,339017809.0
641,3,1037982770,-84793379,1296890389,directional,22172584.0
641,4,1038310446,313467198,1264270425,directional,317586964.0
641,9,80882490,-564274154,1456664693,directional,195422123.0
641,11,1089034475,-1055094104,1143754810,omni,
641,14,-631704630,151864113,1323556434,directional,180963450.0
641,15,495820098,-894146242,1039325021,directional,90118030.0
641,17,1582337616,338764368,1461780527,directional,184384859.0
641,18,662449544,139366874,1027039480,omni,
641,19,-1471272057,759150204,1310726697,omni,
642,2,-555842944,-1626898072,1229626765,directional,71441383.0
642,4,105379039,-1634161,1133608461,omni,
642,5,-887728968,841991608,1153366034,omni,
642,6,151342537,-159997034,1088434976,directional,232078289.0
642,7,-864949583,-571942451,1111441829,directional,263496386.0
642,9,-869653494,1509309146,1397068686,directional,322867252.0
642,10,-645370867,1322089116,1049539050,directional,270517907.0
642,11,-1583194374,-499275202,1221015313,omni,
642,13,804274746,625535773,1493475424,omni,
642,15,655746105,193042836,1191340654,directional,219076088.0
642,16,-1641740835,-171299228,1302874429,omni,
642,17,-833436230,-1051891729,1351099429,directional,138931105.0
642,18,438018315,-477312719,1087920995,omni,
642,19,1106392255,-979828424,1128123086,omni,
642,20,-1561641311,-142310352,1280614563,directional,338842833.0
643,1,-1659964786,131974112,1208996117,omni,
643,4,-507180766,-1623805068,1136274486,omni,
643,6,337333822,-795586817,1222482062,omni,
643,7,1167447138,-1032107854,1062638484,omni,
643,8,-759990289,-1476711437,1215819282,omni,
643,10,-913501143,1027747151,1414334305,omni,
643,11,-286650135,1576768099,1119504674,omni,
643,12,584072492,-1050046343,1086391724,omni,
643,14,496687693,-319724711,1012078886,omni,
643,15,758363010,993012019,1337089206,omni,
643,16,572611396,1359992296,1333670420,directional,304520380.0
643,17,1382803288,-784676881,1381579743,omni,
644,1,-1158669460,-949368671,1137553075,directional,319903575.0
644,2,-177713962,143177354,1231373984,omni,
644,4,-379962353,1375687815,1326674607,directional,304900253.0
644,5,1234450371,-36859545,1011361665,directional,73932251.0
644,6,-369138728,-990180286,1423593744,directional,125017814.0
644,8,-1469559995,445794112,1135423304,directional,135222910.0
644,11,1197841459,-69674713,1369998503,directional,196137604.0
644,12,-452508806,-364033977,1362624864,directional,283598844.0
644,13,1650391549,504117931,1480638191,directional,49556857.0
644,15,148359541,-1107236286,1035844881,directional,49863140.0
644,16,-205447735,249764462,1085761317,directional,134171804.0
644,18,-500953054,-823523581,1311983972,directional,229522140.0
644,19,841555095,-867925876,1314771237,directional,197047688.0
645,1,580119816,1160662211,1322836895,omni,
645,3,11368405,-1295211527,1032004689,omni,
645,4,943486015,-1296505002,1459295666,omni,
645,6,-1248656422,-1221840663,1185906778,directional,230609478.0
645,7,-1280720919,-271311942,1007888976,directional,137321411.0
645,10,-215788273,-1219721242,1077831707,directional,132910948.0
645,12,-976289617,1089410833,1053101709,directional,113232999.0
645,15,-64096230,-1691585486,1295030994,omni,
645,16,966842583,-387253650,1109388456,omni,
645,17,-1535003152,544493394,1225716770,omni,
645,18,-1592367331,634634203,1478759692,omni,
645,20,-354728413,-253982318,1207448498,omni,
646,1,474107179,702208578,1193341974,directional,69891772.0
646,2,-1195296068,-694077984,1230082792,directional,326536461.0
646,7,-668939849,-34074112,1214678783,omni,
646,8,1058891674,-62697371,1445551627,directional,274152217.0
646,10,-1256593724,-409112958,1026013131,directional,258944178.0
646,11,222349282,-373788539,1031547182,directional,337124219.0
646,12,-170369942,413374831,1406976410,omni,
646,14,550804489,-416793757,1376614864,directional,87835308.0
646,17,672633839,-1411836193,1260604715,directional,324695648.0
646,18,550222098,-134624591,1116748198,omni,
646,20,1511993180,855052663,1037467712,directional,212457264.0
647,1,-608120040,1150892032,1313183377,omni,
647,2,-818058944,972831995,1155231090,omni,
647,3,1067220776,-670502384,1149122765,omni,
647,5,618599527,428217624,1295348991,directional,53494308.0
647,6,1373091130,1071048156,1416454214,omni,
647,7,-1475888606,-684661499,1013211750,omni,
647,8,-320959516,1101016562,1210507668,omni,
647,10,-74774756,815386031,1128192541,omni,
647,13,405793854,159546470,1029031164,directional,183740351.0
647,14,985442917,417785972,1059000083,omni,
647,15,-620063206,635017741,1135459580,omni,
647,18,-167965352,1556926749,1344878910,omni,
648,3,-660990319,1271921907,1344260545,omni,
648,4,1249422706,1042535060,1070335560,omni,
648,5,59969864,-565073639,1123579329,omni,
648,7,-118222335,-67821814,1387909427,directional,242266517.0
648,8,626071180,1293822839,1191080166,directional,110836213.0
648,9,1469319031,-74883378,1400023203,omni,
648,10,-995044571,-1081681054,1288753684,omni,
648,11,-793833749,-632252127,1074449701,directional,10234370.0
648,13,598606347,-1386157099,1341318591,directional,8750240.0
648,18,-1494501614,-174939488,1478766930,omni,
649,1,1174599518,1095693723,1336437395,directional,70080467.0
649,3,696541030,-1112540007,1224408357,directional,130022514.0
649,4,1018093837,1392460888,1235534858,directional,258359795.0
649,7,840246062,-37878060,1387468796,omni,
649,8,1686261177,-278024781,1111707805,directional,341827900.0
649,11,-431091863,297266709,1395635253,omni,
649,13,-1412124908,-160609612,1015538681,directional,272874408.0
649,16,-424005163,1370270110,1389625674,omni,
649,17,-383818065,-1266513176,1358986834,omni,
649,18,-55403772,-791377476,1066065224,directional,136188785.0
649,19,-551026304,-722674276,1202695323,directional,219827901.0
649,20,773649107,-45684446,1135693868,directional,47782206.0
650,2,-897547452,-233994418,1439240335,directional,81469370.0
650,3,-1248105674,114064725,1398523842,directional,44791935.0
650,4,1599843172,-640712875,1233858226,directional,306341630.0
650,6,-820964020,510561260,1139182225,directional,33836191.0
650,7,-793731383,1557772568,1137403311,directional,219382149.0
650,11,219590506,46680552,1397700209,directional,174363580.0
650,12,-708021279,251998616,1474807562,directional,83189879.0
650,14,1699243256,61081528,1004337045,directional,91139956.0
650,16,397607552,-1592262824,1340491457,directional,89135657.0
650,19,1495001073,600833388,1284036393,directional,215889321.0
650,20,258903157,-1439538882,1211981784,directional,342072218.0
651,2,-406903498,1306046094,1166317848,omni,
651,3,-14142404,-94329881,1188535931,omni,
651,4,25636645,1475258316,1319385871,omni,
651,7,-1413480077,142720619,1036946456,omni,
651,8,701619562,-32716627,1357300884,omni,
651,11,575236974,1322953535,1080193748,omni,
651,12,-62857865,1763406725,1212197518,omni,
651,14,-531669714,449594768,1160082473,omni,
651,15,982579901,-1449976075,1158980567,directional,153968818.0
651,16,-1411986364,-387994253,1473118601,omni,
651,18,1089922671,-401881077,1215265530,omni,
652,2,-186007098,449040726,1013336463,directional,128302390.0
652,5,646324673,-1590137270,1094339748,directional,8086830.0
652,7,368218496,1367223911,1232166984,directional,34958382.0
652,8,-210958652,240954060,1116773288,directional,45987213.0
652,9,1170129729,449908766,1244305784,directional,146132555.0
652,13,-68401460,663314667,1380061040,omni,
652,15,115758909,-978101870,1020344277,directional,207083013.0
652,16,-1672203986,-32080109,1420283142,directional,41145772.0
652,18,-383288002,1254388215,1223082669,directional,83190129.0
652,19,1481236776,-150631307,1313150443,directional,359261525.0
653,3,183582919,-1363527397,1139988548,directional,126195322.0
653,5,-1685001956,63793789,1473420478,directional,288886366.0
653,6,-335214014,-457137967,1414507574,omni,
653,8,-335926449,1323694974,1081985829,omni,
653,9,-1316375027,582921201,1157467651,omni,
653,10,-616975854,-798724015,1481719680,directional,326852897.0
653,11,-833356117,-1053942547,1450565699,directional,126867593.0
653,12,959195516,-1060712550,1394234690,omni,
653,13,-167247071,1745246349,1244272534,directional,24660027.0
653,15,1128421349,225229119,1473053052,omni,
653,16,260219558,-975212043,1134192607,directional,74541599.0
653,17,1156325876,-789907158,1321629197,omni,
653,19,789182076,-302671443,1483040307,directional,6954731.0
653,20,-582274912,-1136378189,1370213262,directional,313805148.0
654,2,-728107211,-1165691792,1433818953,omni,
654,3,844925504,1246150579,1171706330,directional,301103255.0
654,4,-317743646,-1210093937,1469187101,directional,32249963.0
654,6,532359205,-839473460,1255309651,directional,280264929.0
654,9,1464092143,430885724,1469053100,directional,82579860.0
654,11,520813293,-1136897422,1258729560,omni,
654,12,785956197,-617949632,1424896177,directional,168267352.0
654,14,1473567081,143055983,1061256795,omni,
654,17,-1472448136,793413263,1306066654,directional,108045302.0
654,20,-634407154,-737791951,1479541751,directional,351246439.0
655,2,-969417828,-339882345,1113499648,directional,186650313.0
655,3,1530672922,-835257729,1084629332,directional,20013025.0
655,4,-386482183,-729162326,1354221559,omni,
655,6,920306408,1095751460,1312502210,directional,139615125.0
655,7,-1099501491,900390573,1003615383,directional,285571358.0
655,8,362162685,373338463,1063308937,omni,
655,10,85640437,588281321,1438939038,omni,
655,11,1580744453,-733740162,1195649250,omni,
655,12,-1415024247,755761426,1060455077,directional,197725241.0
655,13,914515854,585217234,1169224959,directional,260034248.0
655,17,-971207507,-763241506,1451391028,directional,254587282.0
655,18,-1073068069,354349790,1341232100,directional,303622954.0
655,20,931696664,1252614057,1134948852,omni,
656,1,425841963,-1508097617,1450473961,directional,80255513.0
656,2,486302598,-174548519,1013418150,directional,145251155.0
656,3,-1078835596,-637571323,1126623538,omni,
656,5,-212541333,-1261319484,1382196706,omni,
656,7,-768811762,-68305267,1002405226,directional,204402329.0
656,8,17059283,-1141012613,1447266524,directional,259584639.0
656,10,779439020,-538077647,1151276768,omni,
656,11,404243698,1628254424,1163224157,directional,174699168.0
656,12,836817835,-343728634,1398436983,directional,283767623.0
656,13,1234696974,574857524,1111580971,directional,230929301.0
656,14,-450812073,-295319919,1167968428,omni,
656,15,-290100480,1145585213,1022245371,directional,111528055.0
656,18,-1146483453,488854419,1422066802,directional,331115709.0
656,19,699725158,-218486481,1462884896,omni,
656,20,-1414455905,434770606,1215015464,omni,
657,4,222052260,1610003337,1462054484,directional,188120770.0
657,5,-76661251,-599608625,1132198219,directional,248127433.0
657,7,-671935321,-1118036956,1457284426,omni,
657,8,-529564961,-1685167683,1453401921,omni,
657,10,-11542971,1586826007,1285423018,directional,176347378.0
657,12,154306079,1590683120,1388738594,omni,
657,13,1137561768,1284982526,1186184885,directional,147028874.0
657,17,971782082,-534491121,1056789186,directional,232464925.0
657,19,1428554685,180073779,1182075669,directional,257759644.0
657,20,-1671276161,349056886,1001796080,omni,
658,2,478656358,-1260709219,1405176479,omni,
658,4,175653686,1347091733,1294387211,omni,
658,5,912333648,1233178377,1014673662,directional,324809033.0
658,6,-993432586,532163226,1049302917,directional,112256274.0
658,8,-930788666,859057492,1190415036,omni,
658,9,-1607499754,-406981288,1447105271,omni,
658,10,1645651093,-592558415,1149635423,directional,169888338.0
658,12,-1088860874,-1278124854,1119550512,directional,320698213.0
658,13,-276201080,-1461504904,1002252864,omni,
658,14,-396015378,1583412316,1352630651,omni,
658,15,50239094,1158570900,1471942669,omni,
658,16,-1011569980,1136337610,1383278128,directional,49364629.0
658,17,-40408064,-160159375,1367778703,directional,163718648.0
658,18,-1449431378,444823788,1005171470,directional,289604193.0
658,19,-212021738,-608426656,1173407251,omni,
659,2,-372960940,-242094997,1255383315,directional,305644171.0
659,3,1596420841,701761347,1149300870,directional,100404463.0
659,4,-1497122852,-940670155,1207965569,directional,305276061.0
659,5,956389764,-11586817,1441706982,directional,202452430.0
659,6,-938988101,431949696,1420521783,directional,112787932.0
659,7,52594283,798883438,1468692111,directional,353292139.0
659,8,777179867,-787504900,1171533914,directional,291598299.0
659,9,-94479398,79113721,1351621531,directional,58834913.0
659,10,162299924,91819388,1380217698,directional,353624480.0
659,11,1093876965,-123089064,1044872988,directional,268693611.0
659,12,-1271358603,985328697,1226709203,directional,48554583.0
659,13,229060691,1158722094,1059117638,directional,64360514.0
659,14,1192167234,1093981909,1359952493,directional,93543643.0
659,15,442307601,716591841,1232328421,directional,328437635.0
659,19,-305556104,154306574,1488982723,directional,212183061.0
659,20,1491079955,-775827259,1323818246,directional,346270762.0
660,1,179792389,761340367,1114201833,directional,197955962.0
660,7,994778323,-582448962,1417309368,omni,
660,8,-609420064,249742363,1120230337,omni,
660,9,-1234906550,324639198,1276097321,omni,
660,10,-277965284,335994542,1276637885,directional,83298828.0
660,11,147223382,-304044901,1207972205,omni,
660,14,1092234453,-73633734,1285492063,omni,
660,15,1553917545,-263976698,1207222778,omni,
660,16,1386190403,755045539,1363743393,omni,
660,17,-886771238,59518717,1493842451,directional,119713195.0
660,19,-925642931,322754281,1144865848,omni,
660,20,-1342495133,-589772214,1262586107,omni,
661,1,-1575263988,-776177429,1389943065,directional,128065874.0
661,3,-534922312,-1384409109,1332638578,directional,238310897.0
661,4,421340325,1574937159,1024438938,omni,
661,5,127626359,825226247,1315714845,directional,345953062.0
661,7,1325602491,977142618,1217600075,omni,
661,9,-343679806,-618496375,1040507299,directional,51978247.0
661,11,1260733612,743822043,1211867919,omni,
661,12,-741952597,-824168008,1455777882,directional,29422284.0
661,13,307157398,-297478814,1022645627,omni,
661,16,1187939860,183805269,1138964021,directional,112633306.0
661,19,1595895551,432129088,1263759537,directional,167667280.0
662,1,-959579759,-981847669,1151655031,directional,129937242.0
662,2,331359106,451481241,1438454527,omni,
662,4,391651502,-365429925,1442215915,omni,
662,5,-1685502580,-362592993,1249260593,directional,240654732.0
662,6,1281782220,-1072903311,1089728957,directional,126540360.0
662,7,118467484,373666308,1111169750,directional,329086377.0
662,8,-277138670,1677615281,1146663260,omni,
662,9,-197652864,1124338919,1179585681,directional,113051266.0
662,10,1064566225,-663639373,1074671977,directional,52889447.0
662,11,-329386228,-825857078,1250113560,directional,311946109.0
662,12,1661253420,-82274882,1273297656,directional,24619457.0
662,14,133752405,525334249,1423925024,directional,195085036.0
662,15,415465420,1172240807,1022737574,directional,53743778.0
662,18,841777359,-1198341054,1015960686,directional,298215329.0
662,19,-612380317,1021665791,1147950546,directional,228868040.0
662,20,1487723542,-189008593,1170442190,directional,257958072.0
663,2,32782486,120549881,1266632300,directional,14116588.0
663,3,799028660,-1449696381,1463471894,directional,290340295.0
663,4,441972105,1677362592,1227959955,omni,
663,5,-889175270,904728700,1116714739,directional,64907263.0
663,9,1540555311,718634038,1487144821,directional,155058493.0
663,10,21352784,522162929,1233393034,directional,314521398.0
663,14,-1527668841,-238518818,1205702991,directional,207479916.0
663,15,-690879146,-1317218811,1467961073,directional,16514845.0
663,18,-478883585,-1070751872,1279427110,directional,299434330.0
663,19,1198670277,980790238,1048590323,omni,
664,1,-923289435,35560357,1025626100,omni,
664,3,-653918967,1099732242,1449295960,omni,
664,4,418104757,1605316770,1246840688,directional,162581737.0
664,6,375564295,1585255553,1373339284,directional,331756162.0
664,7,951583488,426690725,1229905147,omni,
664,9,-1709908944,437539095,1279018405,omni,
664,12,1551287784,-317756329,1190514699,directional,181891780.0
664,15,1744326013,159992444,1072333927,directional,173342552.0
664,17,1317548216,-37866875,1021017405,omni,
664,18,669214116,808687424,1113538418,omni,
665,1,893086804,-221938599,1013071770,omni,
665,3,359629217,-950264494,1443795101,omni,
665,4,-1590314370,-459849171,1283547467,directional,191394438.0
665,6,-655408519,163150628,1129340216,omni,
665,7,-246165382,-1478400207,1242990168,omni,
665,8,984852238,1355487863,1411425462,directional,273761572.0
665,9,1166221467,198791276,1188794534,directional,165791171.0
665,10,-1223844605,-1267542637,1441475200,omni,
665,11,-20364025,1365682299,1324056799,omni,
665,13,-1006485055,-106312653,1228069554,omni,
665,14,-816849043,-493662961,1410448539,omni,
665,15,763886203,92700662,1481365677,directional,230978596.0
665,18,-1126127269,-84450904,1114216906,omni,
665,19,-167982335,1680004779,1489804587,omni,
665,20,939489913,1366905651,1046011932,omni,
666,1,-1546407056,-22164946,1324783902,omni,
666,2,1746866470,-73638260,1424496774,directional,186022666.0
666,3,-447445041,1407304338,1269432637,omni,
666,4,1109923987,882493757,1120471859,omni,
666,6,-1036128115,862373093,1316278129,omni,
666,9,23575009,-116564493,1246268278,directional,197956462.0
666,10,320508912,-531313956,1069684826,directional,312272352.0
666,11,-135542295,-14378671,1043251882,directional,89062685.0
666,13,-761182738,-119731007,1080197354,omni,
666,14,-468806482,727129926,1146159858,directional,173100176.0
666,17,1191236542,-131910307,1467289424,omni,
666,18,-939295079,-187076764,1300519513,omni,
666,20,1681130808,-327097137,1295362449,omni,
667,1,1396893983,618790806,1041344983,directional,61420838.0
667,2,1215831080,-492148950,1373567967,directional,311304625.0
667,3,-897747704,940482888,1433680136,omni,
667,5,1009637601,-995048823,1405561721,directional,69513794.0
667,6,207727414,-1450481388,1180153470,directional,72330709.0
667,7,-763921154,-328498742,1385599282,omni,
667,8,-1170164049,-39286641,1296754035,directional,135587022.0
667,9,763347194,947422399,1496112678,directional,339362979.0
667,10,-1194398085,-1298901580,1053070856,directional,312803959.0
667,12,-468722324,552935774,1386887212,directional,53002411.0
667,13,506472915,-870836689,1084427463,omni,
667,14,-1253462549,-230166812,1002301110,omni,
667,16,564400131,348893962,1236764459,omni,
667,18,-557738234,1362219540,1191460451,directional,302412205.0
667,20,617114851,-238629716,1318245100,directional,116130.0
668,1,-1714156129,-201002756,1029111637,omni,
668,3,-815595610,1085326816,1005141859,directional,61077690.0
668,4,-252550007,1513142518,1270314305,omni,
668,5,-945149258,-352428301,1285177097,directional,184520254.0
668,6,-1338258015,-1151607224,1308594770,omni,
668,8,-572703981,-1455190511,1239610223,directional,4269493.0
668,9,189998106,344663523,1382836382,directional,126728070.0
668,11,-1181735209,-744572716,1188121802,directional,127958425.0
668,12,1047962576,-538471739,1394869553,omni,
668,14,360231488,82017861,1144566971,omni,
668,16,-498682693,113908185,1113176361,directional,132627610.0
668,17,-246388321,591844745,1376556261,directional,57366816.0
668,18,-621674892,1585714027,1306400068,directional,329604440.0
668,19,-538991235,1449260355,1321687491,omni,
668,20,258861453,424971412,1444418417,directional,93484428.0
669,1,1436648209,-739754120,1455369030,directional,190507291.0
669,2,1004139996,242980915,1479392650,directional,271649714.0
669,4,257203603,415510455,1277014483,directional,263575961.0
669,5,132804782,-1613412888,1003581117,directional,199187152.0
669,6,669552575,495914835,1429215872,directional,103470630.0
669,7,427002769,1714025796,1086278525,directional,57761745.0
669,12,1287801021,-1184450437,1258817024,directional,287034434.0
669,15,419683627,829026356,1322654847,directional,133957374.0
669,16,-1457516304,222548391,1256043010,directional,241371693.0
669,18,1010942645,417585524,1198239880,omni,
669,19,163661249,739325712,1452410708,omni,
670,2,-877784614,1113960913,1267887873,omni,
670,3,-52812758,-1106178308,1153930565,directional,240212572.0
670,4,-791492184,-1321643781,1065846990,directional,124051758.0
670,5,-76147261,1199291710,1081383740,omni,
670,6,715562760,-488125477,1017009063,omni,
670,7,-188393125,-701806106,1310821834,omni,
670,9,891886950,1164777206,1060816381,omni,
670,10,983828942,-889361954,1264400471,directional,335307532.0
670,11,641935700,1396426895,1066544283,directional,305994297.0
670,12,964205313,2556527,1265480263,omni,
670,13,-776947862,-1058399399,1404164152,directional,337030710.0
670,14,1542351067,-322211168,1381728290,omni,
670,15,170982053,-1047099386,1098929136,directional,134882564.0
670,16,-511962123,848302732,1241283829,omni,
670,17,549612135,-305039511,1069518043,directional,80185019.0
670,19,-343918990,-430438160,1494216934,directional,3767549.0
671,6,-762349621,-1448848585,1004026651,directional,297096927.0
671,8,-1248932927,-962811909,1453941502,omni,
671,9,237873463,949237366,1351439277,directional,316318561.0
671,10,1096606100,-1018546205,1249940546,directional,42303569.0
671,11,694447907,-1029836310,1480909746,omni,
671,13,736136680,169558833,1280128076,directional,349289851.0
671,14,-773201122,1208776199,1389273213,directional,338250053.0
671,15,1175632708,-266918526,1327387160,omni,
671,16,-166382713,-1066591712,1269709975,omni,
671,17,1619323110,522988724,1491195634,omni,
671,19,-636277014,-860749666,1487246826,omni,
671,20,262323577,-1642193664,1367246575,omni,
672,1,-434509972,-1237556395,1152257360,directional,274374745.0
672,2,227207223,-1286309669,1114926099,directional,90150708.0
672,3,1286725795,-376210630,1312024197,directional,273296599.0
672,4,-402230500,166907411,1163576113,directional,8245712.0
672,5,-882721488,649327240,1486736439,directional,207126965.0
672,7,-73431751,1373188032,1300974386,omni,
672,8,-1042898872,-37789102,1094374019,directional,16423107.0
672,9,1362039189,-136446380,1136111409,omni,
672,10,843276820,1402776540,1379888550,omni,
672,11,-216942513,827785261,1256590364,omni,
672,12,-901661895,1058031285,1401073763,directional,249837553.0
672,14,-23764608,-1125571603,1313994182,directional,111067754.0
672,15,1599069242,360709383,1063768480,directional,238163492.0
672,17,-1923581,-585698341,1433153155,directional,303527995.0
672,18,1068215514,925572894,1179020355,directional,199908084.0
672,19,-651589318,-1370398194,1132027171,directional,347669378.0
673,2,1160301916,-99897733,1351660146,omni,
673,3,1618401721,537635815,1423988770,directional,17552061.0
673,4,288574230,40102545,1408341715,directional,67139297.0
673,7,1316510770,-427003976,1060629900,directional,59778578.0
673,8,523395800,179531588,1221515437,omni,
673,11,-1324674287,576297447,1157391611,omni,
673,12,-644035576,-812744636,1130612063,directional,263737750.0
673,13,492821840,-889081736,1386213759,directional,120179906.0
673,15,845444761,-863163286,1166758446,directional,67920360.0
673,16,733299641,-468952163,1021116459,directional,200362104.0
673,18,-782376739,1112485443,1127119407,omni,
673,19,-299076129,-995436913,1024553613,directional,12681127.0
674,1,711675447,-985505411,1163689906,directional,296943814.0
674,4,1066579275,-873333187,1030375123,directional,114471255.0
674,9,-1722026027,-171984386,1018267109,omni,
674,11,-985454933,1333419914,1331695714,omni,
674,12,329343307,850550351,1227050583,omni,
674,14,-545827829,-658484296,1170860175,directional,258983303.0
674,15,438528270,362204133,1163093747,omni,
674,16,128546662,-1572944740,1218289065,directional,34514498.0
674,18,737917369,711281768,1128313755,omni,
674,20,-414110062,-47466192,1084296437,omni,
675,1,-207402701,-778196190,1186015920,directional,42358219.0
675,2,-919362757,-681363820,1056076716,omni,
675,3,852406498,43069095,1461474912,directional,272145647.0
675,5,490951889,-1090501897,1105996200,directional,123563764.0
675,6,-380623645,-96657862,1295796492,omni,
675,9,-836923918,985549963,1153765292,omni,
675,10,659016594,-431015600,1220263343,omni,
675,12,-816685995,1037961723,1135808177,omni,
675,14,931633932,-1036273600,1497253197,omni,
675,17,95775299,-138282198,1228904916,omni,
675,18,736469608,608424701,1337212088,omni,
675,19,1660675764,407687370,1472552969,omni,
676,1,809882266,-1454318178,1493944366,omni,
676,2,-1617534133,-57773082,1467449666,omni,
676,4,-1435977357,-761503505,1356602308,omni,
676,5,433415719,-148499964,1328730377,directional,92745020.0
676,6,473581421,-1391937525,1323950430,directional,324034365.0
676,9,-1026160086,-556463106,1229875886,omni,
676,10,-59413413,193125195,1487054316,directional,17708176.0
676,11,228216688,-328027427,1124873868,omni,
676,14,653988950,551966759,1305341933,omni,
676,15,-734120553,1422959683,1126219339,omni,
676,16,1236221400,-244452065,1047531651,omni,
676,17,1197890431,200979597,1446389347,omni,
676,18,-615090339,-1266592796,1082697966,omni,
676,19,-1184647423,461038430,1387690388,omni,
676,20,1310837445,1130101213,1253028732,omni,
677,2,518402871,544542866,1128721155,omni,
677,3,-1149033710,469254569,1440443561,omni,
677,4,-1356653393,-793122435,1000362896,directional,16584836.0
677,5,-1200906197,-938867129,1462655420,omni,
677,7,1397462250,-65677822,1091196952,omni,
677,9,-1629555678,-590990440,1171810565,omni,
677,11,-854402380,1166101946,1426076239,omni,
677,12,-664624441,-986176838,1373652228,directional,190362972.0
677,13,-504149711,-854958696,1279168818,omni,
677,15,612399753,1150037238,1442417841,omni,
677,16,-473619386,-440597255,1468630493,omni,
677,17,-523648405,1442546205,1150603310,omni,
677,18,719012494,1582578181,1002315830,omni,
677,19,1376824647,-264098790,1450055735,omni,
678,1,-992104024,1034054294,1129850473,omni,
678,2,449945444,-1464606742,1476601475,omni,
678,3,-597855879,1106095064,1003535298,directional,331037862.0
678,4,-307915127,983526019,1339357119,directional,124189831.0
678,5,157930438,-1231893732,1340047101,directional,163672361.0
678,6,-877073874,-955604412,1118215766,directional,175150781.0
678,8,675097040,-97481473,1087768548,directional,111295358.0
678,9,1145910481,640299253,1229819252,omni,
678,11,759923314,1112423439,1233708673,directional,181971443.0
678,12,843228959,-385024462,1002765559,directional,250087731.0
678,13,-502207866,-201779048,1489154323,directional,238651828.0
678,14,-324611574,-848899582,1385621729,omni,
678,17,-6131108,-638495013,1360263487,omni,
678,19,272645827,-1497907308,1345719482,omni,
678,20,-1189265396,-857756199,1123704253,omni,
679,1,-1575023629,372802138,1222281593,directional,91846975.0
679,2,-445345683,907851082,1445563947,directional,178574502.0
679,4,-229149567,-609041103,1214877461,directional,70776429.0
679,5,-692193694,-108346176,1392357874,directional,45031876.0
679,6,-796093615,384544642,1212349674,directional,194987743.0
679,7,1208902797,-584794860,1453113205,omni,
679,8,488950842,-200786271,1138271987,directional,254467898.0
679,9,517535775,-1199811958,1483165647,directional,52580003.0
679,10,706549226,-1301253605,1339155409,omni,
679,11,-1684235744,124486437,1448121262,directional,212480470.0
679,13,570638725,893306004,1097623662,directional,179025764.0
679,16,1469547434,214268237,1449427708,directional,59528974.0
679,17,597729879,53733439,1062549399,directional,202328594.0
679,18,1216371943,-24481990,1150855350,omni,
679,19,-730223178,689323325,1289962418,directional,212438464.0
679,20,-1466290733,-518173371,1274965221,directional,333106758.0
680,1,-606203397,-135364424,1304893368,directional,87043696.0
680,4,773301805,46718181,1351656942,directional,272646119.0
680,5,704565998,-656899480,1350994474,directional,243412380.0
680,7,795128381,174692651,1493181879,directional,16111320.0
680,8,-683129083,225617544,1157011398,directional,194692025.0
680,11,916658827,-250543808,1363625464,directional,234325603.0
680,12,-1307001415,-831552745,1116997864,omni,
680,16,-1010856228,-370595418,1296340568,directional,40080232.0
680,17,217466904,801884161,1474495764,directional,331273432.0
680,20,-581470077,1382669443,1176276322,directional,338626880.0
681,1,-1008057237,-124799102,1477687208,directional,197920333.0
681,2,-583885616,-1132938973,1073531863,directional,34849901.0
681,3,1304124055,924006451,1139182933,directional,121493416.0
681,5,27077660,766622601,1260230471,directional,131819554.0
681,7,-1060850975,-2197316,1189469448,directional,201301911.0
681,8,-265009631,90742345,1197564315,omni,
681,10,-85380134,-1292262612,1199089154,directional,232147305.0
681,16,735658438,-339869424,1269398371,directional,288670086.0
681,17,-1052705586,-26496958,1323274388,directional,112132439.0
681,18,-1152367378,420180701,1248554462,directional,342463717.0
681,20,1050467459,-1273132938,1409000193,omni,
682,1,686139847,1060625024,1066053730,omni,
682,2,1065224521,1192439848,1044945394,omni,
682,3,-585403640,-852478021,1299025620,omni,
682,6,-864710132,-769585520,1133076426,omni,
682,7,-117573089,-459044896,1065033248,omni,
682,8,-1134684185,-67435534,1113737435,omni,
682,9,217014273,-1108094367,1473969718,omni,
682,12,-960735398,946417269,1240557908,omni,
682,15,-550592164,1572442019,1056796619,directional,99188202.0
682,16,500185228,1399181088,1286081596,directional,2155888.0
682,18,1212873740,1041274485,1378715012,directional,290900905.0
682,19,614489240,797022246,1170931898,omni,
683,1,-776260583,70157417,1057762267,omni,
683,6,-856773735,-289878730,1078772851,directional,285639941.0
683,9,-665091752,813154714,1007956110,omni,
683,11,-607383477,-665688387,1259226175,omni,
683,12,784389639,823787725,1177695318,omni,
683,13,-1119682168,-1211874587,1036881543,omni,
683,16,460709163,-146011980,1229479363,omni,
683,18,1364636013,667245702,1221232081,omni,
683,19,177331116,-544746004,1088454840,omni,
683,20,-178525805,-1002610528,1359816887,omni,
684,1,-1354669046,-331298751,1260220497,directional,71422567.0
684,3,16523251,1118394026,1381313370,omni,
684,5,599113607,-89553468,1222473538,omni,
684,6,-1422764905,-680891536,1282129011,omni,
684,8,-963538810,-949619154,1440768120,omni,
684,9,-1584810450,-478075728,1023924538,omni,
684,10,-1139061167,355051461,1018122735,omni,
684,11,-475464543,631049687,1062123212,omni,
684,12,574388175,-236607302,1250495459,omni,
684,13,1241431939,-1209885911,1440429589,omni,
684,14,-1165790105,595093489,1309015302,omni,
684,15,504979865,1230716135,1062970323,omni,
684,16,-1441839790,-914055237,1040025632,directional,107470534.0
684,18,-1082287106,172437844,1042125178,omni,
684,19,955533058,1259795378,1241489462,directional,335856405.0
685,1,-144281688,-1645068352,1282636425,directional,33583503.0
685,2,473555909,-1131570130,1148537043,omni,
685,3,264057530,117693806,1390223606,omni,
685,4,-415772944,1055430735,1080946516,directional,270724988.0
685,6,-657442858,-1543277956,1394327264,directional,287061717.0
685,8,1478674078,242842286,1381200654,omni,
685,10,-325858937,1034952563,1225558623,omni,
685,12,10055808,-373204909,1443675079,omni,
685,13,696007946,954614681,1395050432,omni,
685,14,697511832,-99867852,1209505060,omni,
685,15,719330751,657260264,1040316503,omni,
685,16,91888781,-906831184,1119381772,omni,
685,17,-905657488,101021770,1129650765,omni,
685,20,-702910003,-1251508479,1068357392,directional,176799166.0
686,4,-758900716,-1360326913,1291215426,omni,
686,5,-150843494,-276138768,1332889928,omni,
686,6,-329935900,-322829738,1095674110,omni,
686,7,-56737739,41077785,1417927102,omni,
686,9,71719202,-1557127668,1226848285,omni,
686,12,-91658901,-1234580454,1297319111,omni,
686,13,340776697,-206224108,1205230350,omni,
686,14,-129784670,-1714641435,1196368681,omni,
686,17,909608360,-263030963,1382260923,directional,4426927.0
686,18,-1356353732,-847599397,1289156095,directional,129902751.0
686,20,1149837194,-1070686799,1419615964,omni,
687,1,-773774530,707991814,1329384630,omni,
687,4,1008780666,289127707,1473221856,omni,
687,6,1357397932,-491436558,1200800264,omni,
687,7,665680691,197697954,1324869075,omni,
687,9,-1238497532,1031535238,1255089649,omni,
687,10,699335563,504385123,1384818498,omni,
687,12,274435100,-235139208,1462887917,omni,
687,15,-963544835,715625115,1407561315,omni,
687,17,-261261052,810168996,1081102622,omni,
687,18,-464531998,1221668409,1288909925,directional,216715570.0
687,19,145234667,-103101264,1319743805,directional,150825851.0
687,20,426785592,-1017245192,1319744987,omni,
688,1,-1200813087,-31837478,1380392836,directional,287775470.0
688,2,-158410371,-909125623,1447557481,omni,
688,4,-872995763,-1153440377,1418711652,omni,
688,9,-250658271,910999838,1217854917,directional,66111199.0
688,10,-745209240,-1032357173,1125645291,directional,334200354.0
688,11,397253891,1661628747,1032761850,directional,253333273.0
688,12,-42061432,1221460692,1474176128,directional,135672116.0
688,13,75619566,923581503,1254029582,omni,
688,15,-222316012,918288125,1239384283,directional,54993084.0
688,16,-268148213,-237255659,1238096647,directional,128573911.0
688,17,-505920421,-1412748060,1168502154,omni,
688,18,-1669386424,-179916558,1050499112,directional,170991994.0
688,19,777208263,1042265793,1283523259,directional,338489119.0
689,1,-1009977478,543337523,1055754046,omni,
689,2,-479525834,316508267,1385760249,omni,
689,4,1359448566,330485524,1082539770,directional,41582891.0
689,6,-178316821,-704224849,1222544553,directional,62205879.0
689,7,-1189831299,1273224699,1395578012,omni,
689,8,-739739522,-1141517853,1087753386,omni,
689,10,103611204,-1503656141,1172764882,omni,
689,12,256616024,-579394172,1175357293,directional,283123339.0
689,13,1562329442,696366194,1391103259,omni,
689,16,1575190601,195927831,1136407650,directional,291596644.0
689,17,-814799572,-787153916,1467935059,directional,337400175.0
689,18,1268573569,-780894866,1120566324,omni,
689,19,-38461495,1269618571,1380192418,directional,356915480.0
689,20,1041209371,-871624257,1053858759,directional,172504290.0
690,2,336159766,291847065,1183887670,omni,
690,3,993354340,-933040043,1134209703,omni,
690,4,-293260665,-938066175,1434852842,directional,226434886.0
690,7,-519121084,1435703870,1113780110,omni,
690,11,562469380,-899820001,1155485986,omni,
690,12,-1510246501,445479676,1374015288,omni,
690,13,-412857960,1243053311,1124885348,omni,
690,16,-1053674587,-1260525594,1424149992,omni,
690,18,246524285,-1073717452,1396645019,omni,
690,20,328035575,-1339164959,1077251490,omni,
691,1,-1594347072,727557812,1115598577,directional,205005016.0
691,2,1506525055,-130201655,1499394083,omni,
691,3,1271364980,537813175,1165999842,omni,
691,5,-888665744,696336640,1287941659,omni,
691,7,-438632317,1455745863,1330664356,omni,
691,8,-1202582526,848366638,1097575202,directional,298537358.0
691,9,-1557547992,-209456877,1390181922,directional,210263721.0
691,10,-264346644,99344037,1286801879,omni,
691,12,-1147455562,-117473408,1003504723,directional,56858706.0
691,15,-717107186,-701453366,1167782929,omni,
691,16,-728972029,-1302673247,1392062457,omni,
691,17,-1296995113,-446676900,1410844520,directional,248613583.0
691,19,-583444751,1267825954,1443628146,omni,
691,20,-226698098,1492409795,1067880690,directional,93616848.0
692,1,667575616,126380503,1061481949,directional,113121780.0
692,2,-134728712,-1402784431,1226880020,omni,
692,3,-237878965,-1530148246,1372234899,directional,260428276.0
692,4,1637745517,160434069,1355527840,directional,220329898.0
692,5,816474584,1281763736,1130341758,directional,158280508.0
692,8,-51859899,354667037,1256021483,directional,166816996.0
692,9,-722735153,-1606025830,1027942314,omni,
692,10,-667141261,-755833319,1267665279,omni,
692,11,306746856,-6771899,1203102523,directional,67932366.0
692,12,1533281249,387953577,1484354107,directional,183876534.0
692,13,721743997,17726796,1487558783,omni,
692,15,1012931157,-856743935,1428262238,directional,227480733.0
692,17,-115578995,-1535982454,1108855776,directional,327826168.0
692,18,538710697,477336587,1069357752,directional,115509321.0
692,19,1216453016,766651164,1190104393,directional,115046085.0
692,20,1406983112,773222242,1220388565,omni,
693,1,576576301,-1028839523,1228084518,omni,
693,3,1195332988,-1202131832,1045850912,omni,
693,4,-1136143754,-74785296,1003070708,omni,
693,6,748312021,896272391,1013803803,omni,
693,7,1195235025,-263308899,1433541944,omni,
693,8,682657414,819916910,1088636868,omni,
693,9,540981414,108906067,1380177224,directional,69160604.0
693,10,1053645579,143218379,1008096518,omni,
693,13,811203024,-1418410080,1042904509,omni,
693,14,1255304802,1109368159,1336649829,omni,
693,15,-1195562395,-531971494,1351619473,omni,
693,17,-649569819,1304576769,1101814696,omni,
693,18,457799724,413573889,1491495523,omni,
693,19,1138382950,317640439,1307856636,omni,
694,1,829207587,-115006361,1282859129,omni,
694,3,387380550,-89187613,1105111108,directional,307391656.0
694,5,1545035658,-92345917,1456126760,omni,
694,7,608221276,-1604609460,1414455061,directional,247420992.0
694,8,-226652011,883590210,1014336030,omni,
694,9,193963027,-665316826,1160018385,directional,277979177.0
694,11,586509631,266348477,1447015224,directional,220260379.0
694,12,-786192982,559529685,1290011639,omni,
694,13,960251104,-523684254,1343644536,omni,
694,16,-1477688816,162353752,1046724582,omni,
694,17,1514729467,-793205943,1215330863,omni,
694,19,-415150521,-867858805,1119802636,omni,
694,20,-620686828,-357089824,1071812314,omni,
695,1,1062869198,315164367,1308152825,directional,15686207.0
695,2,1096239559,385993311,1224707325,directional,117626042.0
695,5,479554609,-613438741,1244952343,directional,80954445.0
695,9,-1686208966,-281243046,1031343249,directional,254305943.0
695,11,47588346,-654747554,1046451754,omni,
695,14,875830872,-658447640,1118911227,omni,
695,15,113053400,-882505071,1144790000,directional,26262768.0
695,16,-396909855,-1665028601,1214711205,omni,
695,18,-1461328199,-298745231,1164442822,omni,
695,19,644777160,627068664,1456952002,omni,
695,20,-1728048366,-264007715,1122513440,omni,
696,1,-1122472202,919006983,1366616088,directional,32115244.0
696,2,-977349141,134116036,1291601223,directional,169951754.0
696,3,1053368620,1388058586,1360729957,directional,251771959.0
696,4,278333620,746318349,1206916561,directional,309970075.0
696,6,-1386740531,-601503361,1442532847,directional,319939807.0
696,7,-437198485,408243821,1485289501,omni,
696,8,142330624,1533827564,1110175984,directional,132973998.0
696,9,672657335,-1207995130,1438695494,directional,346866409.0
696,11,-614595694,-1360225743,1495791506,omni,
696,12,-919020649,-838808430,1490192906,directional,157211117.0
696,14,1397520053,-790016501,1102640876,directional,279496050.0
696,15,639294898,389909688,1374012210,omni,
696,17,469804610,-831860733,1153281059,omni,
696,18,1155246465,419463137,1381236169,directional,162913854.0
697,2,1509788525,-873092217,1238779569,omni,
697,3,-376517046,1272351222,1429564593,directional,142720342.0
697,4,-1509307340,-707010570,1100014699,omni,
697,8,-280942831,1060274388,1008029251,omni,
697,9,-1123184593,22337735,1162551043,omni,
697,11,-886423920,-1261089649,1311006093,directional,226806866.0
697,12,-1075022024,-582212271,1208745797,omni,
697,13,-366793627,716002621,1412912685,directional,280918951.0
697,14,927722100,495807608,1171159113,omni,
697,17,-175908257,-1085756094,1173531517,directional,64001905.0
697,20,-407307855,-847102677,1230672114,omni,
698,2,44912776,1537648101,1213535325,omni,
698,4,1491443296,383445264,1367659292,omni,
698,9,-194874153,1303105353,1436233234,directional,138053080.0
698,11,300950401,-1004673753,1392751850,directional,312767423.0
698,13,797382246,-443093354,1451475942,omni,
698,14,-403599612,1393537605,1149908176,omni,
698,16,-1029835143,-488390930,1415075164,omni,
698,17,-1492761318,-44900482,1012025648,directional,356864962.0
698,19,1294196272,-58433755,1373214208,directional,163697162.0
698,20,-199969646,-1355573085,1225553814,omni,
699,2,126375787,-1201461378,1180399681,directional,295150911.0
699,3,-124210695,551484211,1135810978,directional,109209426.0
699,4,966549488,-1224533565,1468037747,directional,351867610.0
699,8,-926659884,565506694,1301562583,directional,53523161.0
699,9,730522024,26957198,1285192797,directional,181819921.0
699,11,234927346,-799577082,1364662839,directional,47184021.0
699,12,-1087392433,-432226945,1144954251,omni,
699,16,927578742,-1399615689,1196159686,directional,48645982.0
699,18,-148492946,816159151,1410780057,omni,
699,20,719772342,79564521,1046158508,directional,336481064.0
700,1,843515690,472649897,1285275674,omni,
700,2,-640289358,618952037,1387610751,omni,
700,4,310998642,1429844930,1251829832,omni,
700,6,825848587,-751473675,1260901686,omni,
700,7,-140466041,-556982021,1415640204,omni,
700,9,-1160646076,129415315,1307684387,directional,95729414.0
700,10,-1385780510,-546036093,1282469932,directional,155019606.0
700,11,1359557240,-456583602,1020645127,omni,
700,12,163977933,893356049,1421074373,omni,
700,13,-1588155784,661390609,1014360554,omni,
700,14,546728579,-54171586,1077719958,omni,
700,15,566756507,1279921481,1228121172,directional,66813179.0
700,16,100318565,-1292069962,1427325901,omni,
700,17,-857262347,1471591583,1231940316,directional,1020847.0
700,18,815284272,-489923523,1227363113,directional,257043237.0
700,20,-1332983986,566775029,1444557568,directional,116039280.0
701,1,-41591079,-258973285,1084296046,omni,
701,3,-954349814,556066331,1165870984,omni,
701,4,714459494,979755805,1395980240,omni,
701,5,-934221322,711162777,1417379894,omni,
701,6,1641533534,-199555220,1277619657,omni,
701,7,-863539190,-77022684,1148984839,directional,9955284.0
701,8,-395210772,1508610809,1177521879,omni,
701,9,-525470994,-387128585,1249916054,omni,
701,10,88716651,1145019052,1018718978,omni,
701,11,-408415567,411988136,1217424781,omni,
701,13,-689290530,-1131621134,1312652871,omni,
701,15,-1588962034,377703243,1429493730,omni,
701,16,654033906,622223554,1280904451,omni,
701,17,-107346394,-103081353,1093187324,omni,
702,2,-459010112,-263770919,1044199340,directional,9047360.0
702,3,-856775216,-1152045952,1478704492,directional,300126843.0
702,4,1253971222,149458049,1352377604,directional,334391678.0
702,5,-420197135,1649581865,1047014857,omni,
702,6,482375324,-1584273132,1387596422,directional,197292290.0
702,7,-1217028548,18761123,1007669018,directional,214744739.0
702,8,-1311012416,-858535289,1153109248,directional,178092807.0
702,11,1524610653,601108821,1127149309,omni,
702,12,638729422,-169703982,1174477719,directional,282943883.0
702,13,1139464175,-1034586867,1242648811,directional,299872660.0
702,14,1558870733,-795405853,1040379697,omni,
702,15,-816842082,164199218,1321327528,omni,
702,16,-1510693268,785988813,1404917820,directional,86616356.0
702,17,-718256162,1505858704,1211400560,directional,85594690.0
702,19,-1527336852,-665879926,1458488793,directional,28052020.0
702,20,-597007790,-791280016,1338466250,directional,141345035.0
703,1,498526207,484538279,1294753062,directional,77749674.0
703,4,-478536692,-1349210730,1377621453,omni,
703,6,-1046209213,944409410,1174193052,directional,7803617.0
703,7,-67027128,-809480380,1017639760,directional,231280538.0
703,8,567025201,-24617478,1472090308,omni,
703,10,870565548,888175114,1499743844,omni,
703,11,-1434156619,264770038,1113798601,directional,111686223.0
703,13,-205571156,1204903737,1057263986,directional,302303563.0
703,15,434940672,-1695520649,1447140769,directional,315959195.0
703,16,177471385,718930300,1440963047,omni,
703,17,-455631249,1593361401,1004071800,directional,293837249.0
703,18,-1453864113,-839930269,1362551041,omni,
703,19,-1441388837,964362714,1201962791,omni,
703,20,-117931788,1749952653,1346014663,directional,342246196.0
704,2,-542793704,1340854799,1026059765,omni,
704,3,-942182683,-283451625,1102817785,omni,
704,4,-241564048,-478850484,1126407079,omni,
704,5,439732517,-115058198,1128127081,omni,
704,6,419370707,961173355,1341665972,omni,
704,8,340771670,110168009,1492907437,omni,
704,9,1223996014,816622479,1174906715,omni,
704,10,1209793495,994128667,1073347346,omni,
704,12,259800547,-1204200223,1134191119,directional,56111449.0
704,13,532800010,114314659,1260125115,directional,130083680.0
704,14,-730972459,-602218794,1284684833,omni,
704,15,273966469,-1096508652,1459522316,directional,186376943.0
704,20,-373877777,-543244899,1099136352,omni,
705,1,642555115,493452209,1222040188,directional,237804032.0
705,2,-721557640,-36036009,1270873200,directional,186686585.0
705,4,-647426374,-280996659,1345829037,omni,
705,6,359442491,-487059097,1304584507,directional,311843626.0
705,7,-1304921036,-486835878,1186191219,directional,90414546.0
705,9,773543229,-180733346,1027464429,directional,166018613.0
705,11,-555056553,778699725,1314735815,omni,
705,12,-304638619,1005386125,1123930994,directional,151767743.0
705,13,1186670681,-821852895,1036259872,directional,320457798.0
705,14,-840114728,-253708863,1248935918,omni,
705,15,-1151042330,-428992717,1217941182,omni,
705,17,1330225514,-612967407,1413338542,directional,198685085.0
705,18,-774986521,-1376116463,1256359518,omni,
705,19,-1409133987,-162836298,1372281463,omni,
705,20,-710531272,890066780,1266506672,omni,
706,3,-1688472236,-218816525,1419142468,omni,
706,4,554922846,-638175342,1007631023,directional,141925872.0
706,5,925861535,1496941035,1157712211,directional,14590675.0
706,6,945924338,1324728427,1173411435,omni,
706,7,-1214125728,282047986,1385697716,directional,303560301.0
706,8,-1284932380,79998804,1334078121,directional,170796521.0
706,10,-1344284784,-290252999,1188621350,directional,288138070.0
706,11,725003149,-1509428481,1331568161,omni,
706,14,1444593393,-674689817,1183757781,directional,7385574.0
706,15,910528976,938017162,1126412299,directional,76960084.0
706,16,-760997295,1232896886,1221730637,directional,224220493.0
706,17,-500971691,-145558453,1388714166,directional,176484395.0
706,20,-920476042,-1346203597,1107665983,directional,57090072.0
707,2,1194016574,1146223172,1015416407,directional,123877774.0
707,3,-790961149,904058349,1348282670,directional,176858100.0
707,4,907079575,-1315116245,1383273880,omni,
707,5,-349037939,828697284,1096479459,directional,216081296.0
707,7,-1123541761,-345176740,1012611201,directional,241158335.0
707,8,408081137,1125967907,1346718626,directional,121775112.0
707,9,692385213,929990086,1404679958,directional,203658011.0
707,10,1664954436,-179447741,1417658593,directional,163734740.0
707,11,846115215,840527143,1467050762,directional,283213330.0
707,12,999923458,-413277899,1472643329,directional,278643703.0
707,13,798383329,1313596127,1082164876,directional,101605208.0
707,14,-288218397,-674669839,1104234723,directional,187329064.0
707,15,-1328052485,948508158,1109091189,directional,311720363.0
707,18,259234944,-514869084,1219218912,omni,
707,19,-411591678,-1109830010,1363038481,directional,218942252.0
708,2,-1030559276,-217722226,1389016082,directional,84061929.0
708,3,-584664546,-542066935,1337855151,directional,184534074.0
708,4,146405163,216163950,1149844575,directional,217384519.0
708,6,241345167,-1712485793,1146429919,omni,
708,7,433544952,-1181477657,1440119545,directional,343670667.0
708,10,-1013816428,-1209787274,1122929272,directional,232723747.0
708,11,-682605612,26919878,1307660865,directional,53183360.0
708,12,332540861,357584259,1464201571,directional,306794667.0
708,13,-962763109,346082571,1230744545,omni,
708,15,-155115722,-277656402,1069928205,omni,
708,17,-1452351138,-513437939,1398540082,omni,
708,19,225274825,-1719719806,1398009450,omni,
708,20,1344204713,-576235789,1171132844,directional,33889426.0
709,1,-383518839,-555328244,1203738764,omni,
709,2,-597995789,222809277,1375365822,omni,
709,3,-267201336,-1152412360,1233047707,omni,
709,4,-421543125,-1215740285,1079420016,omni,
709,6,199974974,-688059091,1421892731,omni,
709,7,1117464271,473657960,1468388904,omni,
709,8,1514940390,182846870,1174874019,omni,
709,9,-574178141,943242016,1182225615,omni,
709,10,1114488665,138447414,1473713914,omni,
709,11,1212265544,74112322,1296229214,omni,
709,15,99522665,1200168684,1121905346,omni,
709,16,-1236030798,-1142255971,1416089874,directional,252675608.0
709,17,-1330841442,984693665,1154510067,omni,
709,18,-158741867,-670291859,1365770734,omni,
709,19,-60650784,648696221,1371257524,omni,
709,20,-1084215526,161796227,1069811590,omni,
710,1,-911113053,-997661956,1124284256,directional,273665298.0
710,2,730190906,-1603834740,1189922229,omni,
710,3,1368613117,666020039,1005153419,omni,
710,4,1518198979,22947657,1020970700,directional,174964040.0
710,6,1023443496,1202782355,1463790647,omni,
710,7,-963014459,434682975,1210811477,omni,
710,10,-168649433,-1623774033,1203038152,directional,262900884.0
710,11,-1239045261,-747217400,1260995522,directional,132561780.0
710,12,-668853942,-658746711,1112769753,directional,194082231.0
710,13,-387781009,-590267743,1074885619,directional,182643230.0
710,16,-374894608,954315038,1473473230,directional,203672110.0
711,1,-17941180,1346732206,1326724613,directional,191800267.0
711,2,-752940338,286935139,1452663389,directional,243686751.0
711,4,538456539,967438062,1119975339,directional,86080800.0
711,5,1208676356,-791570372,1437092146,omni,
711,7,633440880,207741873,1029083784,directional,91834762.0
711,8,-466587248,-1571571824,1476689392,directional,150257325.0
711,10,-1076641943,-830934345,1022912245,directional,269273051.0
711,11,324163789,974890316,1357719988,directional,198256384.0
711,12,475924566,-1157377694,1429792488,directional,101388075.0
711,13,487250045,-853604757,1301259517,directional,36921235.0
711,14,865636195,-1193359631,1295232588,directional,250359141.0
711,16,1726492387,39155883,1098053361,omni,
711,17,-315316826,-1096959089,1426575853,directional,217186737.0
711,18,-887411952,361125496,1241773411,directional,292331754.0
711,20,-161204773,1104085004,1410769753,directional,24353985.0
712,2,-120956878,1089381252,1275912258,directional,173821325.0
712,8,1416790392,-499805491,1406491199,directional,294911414.0
712,9,-571489170,-700394391,1378520324,directional,265114802.0
712,11,1021312721,1187735253,1145048532,omni,
712,12,1660732033,171546672,1156819789,directional,28684186.0
712,13,-1338524226,518314935,1090715352,directional,208213576.0
712,14,310413881,-1667670560,1464000687,directional,28560601.0
712,15,-555596137,428783457,1377268340,directional,321427382.0
712,16,663565014,-279871618,1106094638,directional,101637422.0
712,17,-1255649526,1163766164,1416227711,directional,244389121.0
713,1,-1298840020,596164337,1029694978,directional,297798637.0
713,3,1159708462,-1041748183,1157786333,omni,
713,5,-1096663063,928766674,1452133734,directional,249455517.0
713,6,354958317,-1225022914,1478002403,directional,8206895.0
713,7,510752440,-29662596,1193200969,omni,
713,8,487318041,836374251,1055557447,directional,94466554.0
713,10,-245755849,1364141684,1107647840,directional,285931684.0
713,13,596125926,-488927075,1284114971,directional,107784406.0
713,15,721305056,-164058970,1100355092,omni,
713,16,-350544185,664809445,1322323548,directional,58433969.0
713,18,-8276857,-1517043169,1281996782,omni,
713,19,662507510,-871323303,1046969584,directional,9778392.0
714,2,-1262532645,1031405977,1215711896,directional,250115449.0
714,3,-1189940969,83500083,1137215114,omni,
714,4,-1050921019,-1219645326,1019315045,directional,192080114.0
714,6,-375337232,-150466928,1185097709,directional,27277527.0
714,9,1309430642,-834576584,1141072233,omni,
714,10,256820610,-1158434615,1481481218,directional,223972381.0
714,12,-1290946629,669162898,1015321663,directional,209076050.0
714,13,1251492021,-321620849,1215564990,directional,41682236.0
714,14,259482801,773574553,1195050693,directional,25635207.0
714,15,-1288340728,-859013315,1070292273,directional,259220297.0
714,17,143229013,-1166060146,1418202132,directional,78669433.0
714,19,303525005,-698080675,1070727636,directional,183537439.0
714,20,129140175,187395216,1425046471,omni,
715,1,508933440,-426081236,1300442387,directional,184317139.0
715,2,-235472127,-1704865699,1346496839,omni,
715,4,-700001612,-24747946,1160244784,omni,
715,5,-258565826,-785042840,1493377534,directional,21685091.0
715,6,-1562570927,694972882,1377463653,omni,
715,7,241760667,1650160455,1054311961,omni,
715,8,1682528623,534812456,1304799282,directional,89404908.0
715,10,-97592806,-1136924413,1497772550,omni,
715,11,1070376964,1200900947,1415633641,directional,222751231.0
715,12,-29332779,79759985,1487875525,omni,
715,13,-635255526,-1062341038,1002760400,omni,
715,16,-618190495,-660643690,1237018662,omni,
715,17,153420250,1522036228,1369903269,omni,
715,18,1715038752,-165362828,1255597546,omni,
715,20,-1203450772,-940584368,1196238596,omni,
716,1,-993642857,1199507456,1057236632,omni,
716,2,317545593,1494210128,1332590528,directional,187244424.0
716,3,-742299560,-1327501146,1413922909,directional,24156491.0
716,4,1445662564,874445591,1034433119,omni,
716,6,421751714,-1141957147,1376051485,omni,
716,9,-339571867,833595466,1145209624,omni,
716,10,1025205743,970192029,1359015252,omni,
716,11,216007178,1360627590,1219572052,directional,225592286.0
716,13,906814142,-513832513,1091018004,omni,
716,14,-428891180,985002159,1040223396,omni,
716,15,-764884172,-679995672,1275994026,omni,
716,16,-827578185,1023068464,1366050598,omni,
716,20,-918519569,1243474725,1424906316,omni,
717,2,-1510462357,-629317490,1274313931,omni,
717,3,-1368500208,-1067788128,1015704044,omni,
717,6,-723915403,912409334,1271030522,directional,226929025.0
717,7,-169737613,872859401,1015273836,directional,280520533.0
717,9,-174048976,1694702088,1344678595,directional,218282439.0
717,10,-1051173743,281946761,1424655901,directional,329069629.0
717,11,-913539146,485789825,1244430369,directional,89222268.0
717,13,-1026379695,1003385552,1462273343,directional,323281953.0
717,15,-670529286,1146257182,1452646492,directional,135815975.0
717,16,495616131,1274944559,1043852954,directional,317958320.0
717,17,-156603460,-1718791934,1045194542,directional,108775796.0
717,18,-424555353,-116392770,1398366041,omni,
717,19,934690584,76737586,1365848027,omni,
718,2,642456639,-525225163,1439420130,directional,141092632.0
718,3,-1110478287,-42310180,1220742046,directional,147823318.0
718,4,1285008783,488381291,1391906075,directional,166033430.0
718,6,-1650012983,-336031319,1298491803,directional,341176166.0
718,7,-72180983,-635029628,1136472259,omni,
718,10,-1515407535,-260459466,1447958059,omni,
718,11,595568709,1023875538,1118368182,directional,261231494.0
718,12,1015760500,-1205484652,1344437972,omni,
718,13,-142800724,-1329162543,1117787991,omni,
718,14,95202882,608501812,1165462150,directional,354662120.0
718,18,-60592847,1001008522,1443646599,directional,245417952.0
718,19,-560404864,1375206543,1044745281,directional,310104252.0
718,20,594647343,69888962,1006368690,directional,343346369.0
719,1,-404646007,249611414,1431974358,directional,5677667.0
719,2,1349126258,851257225,1144739563,omni,
719,3,-941836296,-1324535506,1479001983,directional,119521159.0
719,4,-1012703208,-1124342602,1479282848,omni,
719,5,248400187,1467672453,1195987292,omni,
719,8,176579682,410669565,1429521680,omni,
719,9,759424186,1059738488,1101077693,directional,158071818.0
719,10,-404216861,1450490606,1256024468,omni,
719,12,561509438,-722970983,1158447812,omni,
719,13,1321831930,-361690699,1146801931,directional,90468676.0
719,16,679976800,87464401,1035453906,directional,296520136.0
719,20,-443290167,1023803229,1001571027,directional,162610668.0
720,2,-1513509357,835562316,1111888328,directional,293005908.0
720,4,498053367,-840929560,1244640614,directional,51434715.0
720,6,-1250123249,178093863,1068656505,directional,6699134.0
720,7,-387518063,1202083520,1217559771,directional,229163389.0
720,8,-1402348391,-757097892,1041094745,directional,179757246.0
720,11,1049962493,1245078346,1498064323,directional,106434032.0
720,13,-431245701,-1291805083,1001013531,directional,52268347.0
720,14,948376393,1008436495,1151603629,directional,88679425.0
720,17,1468215953,277471355,1452923606,directional,346984542.0
720,19,460355558,631582540,1226649040,directional,54889141.0
720,20,1052318619,-217655709,1142000440,directional,290168827.0
721,2,1256946792,719772293,1158708932,directional,65999792.0
721,3,-143218797,1489744452,1240017876,directional,143959873.0
721,4,671263839,-1337834706,1162842193,directional,212997687.0
721,7,333747294,-1289803250,1071528400,omni,
721,8,1020170335,1224035224,1046737458,omni,
721,9,1282778818,847626242,1035861276,omni,
721,12,-940338492,-990357739,1469221410,omni,
721,14,132027939,266274174,1029346881,directional,150076414.0
721,16,1383308774,814016371,1029468550,directional,53409940.0
721,19,5468077,-979983803,1052176744,omni,
722,1,-1210404491,637746818,1119392507,directional,181265260.0
722,2,-646626268,-571570414,1250188485,directional,163909374.0
722,3,732984724,-827686055,1121430566,directional,111459465.0
722,4,-648630186,492793011,1157492141,directional,129901420.0
722,6,1035208014,13199631,1266981739,directional,275997881.0
722,7,-215488404,1097151873,1179989769,directional,75870857.0
722,8,-1054560279,179414189,1396643744,directional,38185282.0
722,11,37556144,1173760718,1475760682,directional,291312618.0
722,13,1568520784,136251575,1000872646,directional,319629174.0
722,19,1530241053,-373765284,1499092423,directional,43356953.0
723,1,154958334,871273265,1380612492,directional,36962652.0
723,2,-522451184,-1450351079,1125256960,directional,34758350.0
723,3,-665687299,-94581572,1246402926,directional,210928254.0
723,5,-786221227,1223623266,1138337711,directional,37891196.0
723,6,-654292941,-1006424282,1488340512,directional,356369598.0
723,7,386486016,-1488174137,1495143183,omni,
723,9,-163368212,-325734803,1411437464,directional,337245416.0
723,10,-1423394063,57717400,1100959187,directional,212037354.0
723,11,1220014082,-103228849,1211164219,directional,325540736.0
723,12,-767162313,-1428570118,1322183424,directional,62133427.0
723,14,-930963505,282648555,1465550436,directional,159033724.0
723,16,-1423556420,-413660651,1384307168,directional,177900811.0
723,18,-856414698,1521381033,1431026607,directional,36467237.0
723,19,-508456792,-1005031604,1369540484,directional,26069612.0
723,20,-855829621,-513945610,1345298715,directional,262949692.0
724,1,-1124740938,915687894,1252577858,directional,144889751.0
724,2,458369676,353780261,1482371593,omni,
724,5,1087457829,1311549519,1282966631,omni,
724,8,1233258711,-249133518,1159198247,directional,354456654.0
724,9,964165086,1163450586,1018926106,omni,
724,10,378910467,733917855,1203409120,directional,107868411.0
724,12,-223615896,-1692147682,1153007317,omni,
724,13,870763877,1039614610,1101960740,omni,
724,14,-627765805,-1097413001,1451850887,omni,
724,19,-224708356,-900303102,1328956863,omni,
724,20,-37605991,1562296961,1081733136,omni,
725,2,1528505014,382797450,1231782430,omni,
725,3,184683047,-1718837599,1438815844,directional,51778988.0
725,6,364979441,519799942,1414628543,directional,219317546.0
725,7,947392639,382065318,1020042572,directional,42364227.0
725,8,-1054878074,1197476512,1217987712,omni,
725,9,-527916830,-1241446503,1287384933,directional,131998043.0
725,10,1141964225,-32420643,1143998686,directional,356538184.0
725,12,253627441,-571972894,1088627116,omni,
725,13,-877039052,1071162050,1400312564,omni,
725,14,-819944211,1563725763,1087683093,omni,
725,15,1737801001,190397113,1139029435,directional,56895447.0
725,16,-475494797,255900443,1240006961,omni,
725,17,-353226640,-27837195,1261767017,omni,
725,20,-143201096,1623047117,1385056363,omni,
726,2,1538200913,164587494,1229418568,omni,
726,5,869070653,-1373134030,1477821561,omni,
726,6,-730624055,877007931,1380598837,directional,168388476.0
726,7,1273060476,-264828062,1350940228,omni,
726,8,-129360463,940497004,1284790611,omni,
726,10,-797871660,-1105243881,1168220968,directional,246617182.0
726,11,165312432,1319879747,1367419810,directional,225883117.0
726,12,-261574727,1184381023,1009788730,omni,
726,14,620892490,1208379328,1281376638,directional,191180160.0
726,15,-938803291,-591118598,1227584951,directional,67005125.0
726,16,1172649663,1089121508,1141895532,directional,358654677.0
726,17,954061182,-574620238,1143199868,omni,
726,18,-97461402,1137521078,1351983588,directional,312003063.0
727,1,-199351239,933631538,1375019096,directional,218370275.0
727,2,-288231689,-1618924866,1411914998,omni,
727,3,1382823538,730846891,1419571050,directional,6739158.0
727,4,1234119652,-338362015,1157384399,directional,280610385.0
727,5,-1005074912,-1363661586,1196409923,directional,102294655.0
727,6,272114110,-1488314210,1460110745,directional,147913782.0
727,7,354407833,1613057446,1230755831,directional,7495940.0
727,8,1002169163,1295585299,1077406984,directional,171123728.0
727,9,-1162055795,817807876,1453450364,directional,208793064.0
727,10,372137032,-209527762,1140126550,omni,
727,12,-148864947,187022916,1120539684,directional,170227910.0
727,13,-231522377,1370396435,1107044035,directional,347440078.0
727,16,-203729781,-568134115,1294775233,directional,255138883.0
727,17,-716426561,23991387,1228878745,directional,13107464.0
727,18,-1518320708,-415367388,1439624393,directional,233984437.0
727,20,1118091992,-690876592,1271843794,directional,338306626.0
728,2,-1282467120,821544366,1370372028,omni,
728,3,-1071956601,886577279,1259376386,directional,120529626.0
728,6,-852422816,-178201467,1263183950,directional,223573958.0
728,7,-604500891,-51564009,1299324487,directional,236157748.0
728,10,1282714081,-64301785,1090361733,directional,38517578.0
728,12,1370362628,-641785486,1467251673,directional,248940447.0
728,13,-1668493820,415593194,1115861575,directional,286241177.0
728,15,-528127038,121018601,1419957347,directional,358877007.0
728,16,-335453964,-1635813207,1431014352,directional,248693069.0
728,17,818816847,-1483167221,1465969086,directional,88768484.0
728,18,-89282471,-500233869,1087622391,directional,91140597.0
728,19,246634788,-186889085,1400518449,directional,164881926.0
729,2,-1496571583,10829994,1153746229,directional,355642717.0
729,3,-343566622,1061816457,1200830366,omni,
729,4,-727699360,-1559645041,1234459220,directional,215679830.0
729,5,1362921750,998485894,1249096143,omni,
729,6,-1265011795,777032743,1385989876,directional,155655168.0
729,8,-604526540,-584801002,1269341872,omni,
729,9,-684524131,-455750947,1165180264,omni,
729,11,18056449,-748007267,1150609654,omni,
729,12,-1167942997,-51570852,1378343168,directional,118423935.0
729,13,-805604682,743496845,1322353498,omni,
729,17,-271346757,1593925184,1146980036,directional,310164649.0
729,18,1058138613,992515573,1269980023,directional,143297768.0
729,19,198734201,993159535,1359655226,omni,
730,3,-1750856780,51706256,1112075972,omni,
730,6,793262859,830445477,1421970334,omni,
730,7,-1138280540,-404140588,1274822127,omni,
730,8,382400712,-1195573668,1178722826,omni,
730,9,-566077180,37546234,1063020134,omni,
730,10,-1010338225,1447062002,1484708431,directional,336800962.0
730,11,1021275702,880493080,1011542016,directional,73809720.0
730,13,719725531,-1376606194,1434553070,directional,102747543.0
730,14,-146787709,1646955389,1114308520,omni,
730,16,-1562898671,180487737,1400430652,omni,
730,17,503239228,1386439588,1385497082,directional,212749845.0
730,18,-658056868,-1554208943,1187537208,directional,321048444.0
730,19,-126886509,-1432701458,1383982381,directional,240111411.0
730,20,-1339946063,-579872452,1393087693,omni,
731,1,338808365,1521581005,1205291713,omni,
731,3,932150984,-921213048,1259517877,omni,
731,4,-383276657,387885269,1313157618,omni,
731,5,761583082,971455734,1222822121,directional,285927968.0
731,6,-183725648,661391868,1151742291,omni,
731,7,-1282736974,3278423,1238396073,omni,
731,9,637842947,504374185,1206256594,directional,295062907.0
731,10,-607429323,67327618,1009666608,omni,
731,13,-1146387821,-876075880,1439407254,directional,173682925.0
731,14,-1480382796,-642154537,1383659471,omni,
731,15,1197409271,-419896760,1012588269,directional,179599417.0
731,16,-1307087794,453574330,1067812726,directional,135266856.0
731,17,-850985031,-1342174699,1230150055,directional,88611949.0
732,1,-805096655,1194445430,1400838985,directional,274100265.0
732,2,-343807864,1597049001,1378628774,directional,48886989.0
732,4,1665275464,-110261157,1320529155,directional,84239713.0
732,5,-501112572,647349552,1498443413,directional,39390405.0
732,6,-53445976,642048194,1267338101,directional,100538053.0
732,8,-691496090,-738975209,1057458563,directional,234254791.0
732,14,-932129056,-1355047982,1144998743,omni,
732,15,408400406,-620621265,1303913531,directional,312598606.0
732,16,-933589800,-94276330,1208271044,omni,
732,17,-2166638,-753862101,1203440114,directional,95230414.0
732,18,-713804932,888871290,1316171993,directional,289626659.0
732,19,116055990,-195163252,1374375567,directional,251755081.0
732,20,-320067910,1341395574,1219935955,directional,207711344.0
733,1,13185357,1061304185,1368300542,omni,
733,6,924903398,265155832,1057364115,omni,
733,7,-743080814,509620850,1137832428,omni,
733,10,1164844127,-1073040170,1030119370,directional,223338092.0
733,11,-553743481,-926990473,1367834727,omni,
733,12,1137782036,1017253351,1272665555,directional,23234746.0
733,14,133387691,-13286038,1258150964,omni,
733,16,139483723,-1195098440,1323037772,directional,137349739.0
733,17,-760820528,966005961,1328999649,omni,
733,18,-244583033,517049131,1011459991,directional,347811463.0
734,2,113588038,861812150,1490454313,omni,
734,3,293715737,-1275124668,1029676373,omni,
734,4,368150011,-1456089749,1454782450,directional,18207422.0
734,6,1031262137,1400787029,1368220367,directional,228691923.0
734,7,549485131,-1503125256,1398771386,directional,79934471.0
734,8,-452010121,262624452,1411024752,directional,140614971.0
734,10,-85207960,683430184,1218655523,directional,161480457.0
734,11,194760973,853631751,1229068087,directional,213329023.0
734,12,-1505973306,-384063211,1276673649,directional,232239768.0
734,14,-150942742,-1165673070,1417844003,omni,
734,15,978951899,559826083,1096574302,omni,
734,16,190631586,-1758929447,1214306488,directional,86648415.0
734,19,-1384761367,766345002,1479273092,directional,167879217.0
734,20,-1062546732,-988731628,1090760185,directional,31476557.0
735,1,857032175,1045328074,1021354789,directional,242026907.0
735,2,842639727,-1296314937,1477276869,directional,158384438.0
735,5,403767178,-1011484021,1262289370,directional,324837510.0
735,6,1097764612,-294390514,1133603997,directional,291914360.0
735,8,-1472913526,-252810743,1305003398,directional,328545434.0
735,9,-320176226,-395938211,1083698572,directional,299257526.0
735,10,-1117636912,-73581270,1136991960,omni,
735,13,326914814,-65722787,1483020308,directional,292520167.0
735,14,-1583852874,422119291,1178426490,directional,83168845.0
735,16,742127536,-488030294,1483658337,directional,244121485.0
735,17,-497397340,-782371026,1350404496,directional,142040612.0
735,18,420075255,791069734,1214067769,directional,24122788.0
735,19,1121880180,596260934,1497462385,omni,
735,20,-1105593482,-826796768,1432927693,omni,
736,1,-451689393,907388337,1071602322,omni,
736,4,472750623,-1061552001,1148419198,directional,17918743.0
736,5,-373364304,-753461344,1290866614,directional,336570851.0
736,6,25039122,-1075855722,1120499309,directional,331982055.0
736,7,-1299229667,-1168331428,1264267374,directional,336405478.0
736,8,946852663,430570164,1468560332,directional,235449486.0
736,9,-1573375486,775518086,1086652236,directional,123163473.0
736,10,-1118109916,-1037494254,1215196409,directional,236305697.0
736,12,800147420,-594571821,1348239166,omni,
736,14,-1342774821,403269009,1438140122,directional,305273280.0
736,15,1347479438,-630201376,1151821050,omni,
736,16,-1718501946,-128346684,1281978815,directional,279726679.0
736,17,1220622403,-23999329,1345386107,directional,2148429.0
736,18,-442923625,661990559,1358103130,directional,213745940.0
736,20,518645240,-899396728,1306194387,directional,328303225.0
737,1,1323289992,-691160891,1293057790,omni,
737,4,917533115,630648522,1376056851,directional,235618829.0
737,8,-984344218,-960988955,1371462668,omni,
737,9,-560807802,-1104826181,1171261752,omni,
737,12,-667595608,-603214007,1282441643,omni,
737,13,-1191755109,1165632670,1281997898,omni,
737,14,1541865555,9796995,1390040454,omni,
737,18,-215697331,174420384,1497175508,directional,80152442.0
737,19,-1463993827,868701184,1030761871,directional,192108620.0
737,20,-247153925,-1136159284,1239286101,omni,
738,1,1425500111,-85099794,1062177964,omni,
738,4,-819288930,-860376085,1093666646,omni,
738,6,332973044,673219251,1292449701,omni,
738,7,464113542,193211494,1090864547,omni,
738,8,-453991341,508700113,1010005082,directional,96577145.0
738,9,215063138,1259189514,1472380075,omni,
738,13,-555148481,939769843,1008815644,omni,
738,14,321174903,-1655062722,1298154240,directional,308676714.0
738,19,-1250084686,-63791718,1285134266,omni,
738,20,-454555161,-548433903,1397569904,omni,
739,1,581618572,-1386779023,1403323126,directional,350180604.0
739,2,716219905,1294855176,1362339836,directional,173276637.0
739,4,133834918,-221026653,1254993108,directional,314506188.0
739,6,-1287754604,-475530887,1295342577,directional,2991843.0
739,7,-485352986,200280116,1470291064,directional,76558534.0
739,8,581061521,-1240136653,1461753022,directional,58395740.0
739,10,579109417,-311959692,1204626437,directional,344757417.0
739,11,219038043,-1129213887,1105287611,directional,344876772.0
739,16,-1511781141,177803478,1224766962,directional,235339142.0
739,19,742007840,-1453449278,1071152755,directional,192425595.0
740,1,877818611,1486657117,1056628351,directional,15584259.0
740,2,502683269,1615042907,1035883258,directional,36835319.0
740,3,770749652,1106504365,1165533363,omni,
740,5,346582552,1490950424,1192550716,omni,
740,10,-616433773,-199144524,1172312722,directional,71236239.0
740,11,1482713488,-661624643,1267668615,directional,343439507.0
740,12,40407730,-1005828754,1330562839,omni,
740,14,-1369874045,779120365,1472530902,directional,305111045.0
740,16,722758222,-1486748337,1364501108,omni,
740,18,-991047048,-1009175127,1159986515,directional,4332737.0
741,3,-217266942,1101923540,1089993276,directional,194691761.0
741,5,-165936455,126087747,1002797687,directional,310061160.0
741,7,-1454157204,-789890569,1312388732,directional,74520783.0
741,8,766244949,859576399,1074270098,directional,318220194.0
741,9,-276094586,208894463,1317873389,directional,194895879.0
741,11,1382270683,-254985973,1121108662,directional,156064256.0
741,12,-200113548,680647065,1170361670,directional,13115893.0
741,13,740848411,-26577383,1475734319,directional,278340251.0
741,15,979372429,1000188750,1069355752,directional,131377520.0
741,18,-1419776740,-116176133,1423778644,directional,279694832.0
742,1,817862671,-1348319174,1356812227,directional,261123665.0
742,2,-464574402,-29444523,1304133523,directional,63989469.0
742,3,-639030555,-318386238,1033837092,directional,86526341.0
742,4,110611162,366745151,1102885579,directional,168016857.0
742,9,573026932,386792471,1160586165,omni,
742,11,886517458,1315872719,1091841821,directional,304758785.0
742,13,-325201745,-803129998,1300572962,directional,165479537.0
742,14,1142219901,-641895466,1272604016,directional,125103746.0
742,16,-1022285703,239895293,1317439119,directional,38636837.0
742,17,1541355534,567169070,1372195067,directional,88787826.0
742,18,646085410,-675296180,1189435802,directional,118904520.0
742,19,437511596,-883578520,1318187086,directional,46853926.0
743,1,-579636595,239828564,1223034920,omni,
743,2,-28068466,-1748084028,1207220669,omni,
743,4,-593534162,-118484987,1454679336,omni,
743,5,-456375165,820445316,1211713075,omni,
743,6,-469658362,-1700899236,1347821956,omni,
743,8,-544024499,883072405,1380365069,omni,
743,9,196037998,408448564,1083546064,omni,
743,10,1006619522,1014979561,1197488702,directional,215735765.0
743,11,969713088,411393128,1390132757,omni,
743,13,1204225179,94002320,1354487070,omni,
743,15,1314745359,996587080,1047161786,omni,
743,16,-1002373617,118496479,1419778980,omni,
743,19,532570965,-657302326,1411587725,omni,
744,1,-1244253667,1062362929,1325766113,directional,76200015.0
744,2,718830552,-643218959,1184452286,directional,283602785.0
744,3,716416872,216026980,1045279529,directional,272110356.0
744,4,1281028700,-436953801,1411741934,directional,288603273.0
744,8,1512350457,681108530,1394862234,directional,309907312.0
744,10,-574619099,747124484,1214291250,directional,44938881.0
744,13,-1156211915,-1146911263,1391136847,directional,354562463.0
744,15,-594556414,-259909285,1022602512,directional,93636595.0
744,16,1515318986,233144904,1045204097,directional,127557109.0
744,17,68851266,-1395353194,1102502182,omni,
744,18,-375958600,940888456,1159119863,directional,206612865.0
744,20,-1468304699,-582918783,1238721485,directional,287630557.0
745,1,1442658294,-802454317,1162061974,omni,
745,3,323206132,1460308993,1038936453,omni,
745,4,1200332272,-185618900,1410180918,directional,214938504.0
745,5,795055602,868020534,1016205787,omni,
745,6,540030418,-250602828,1160720789,directional,122109981.0
745,11,148733681,-368678997,1250594434,omni,
745,13,-1138691636,-95129493,1188240618,directional,172502658.0
745,14,760823354,-1497220616,1148939535,omni,
745,16,517080149,1513799395,1325022207,omni,
745,17,-1031174516,660831144,1293041905,directional,305455370.0
745,18,-607508976,-1573385101,1056632310,omni,
745,19,455163314,-963384688,1201413988,omni,
745,20,738909658,-1280810905,1167307113,directional,20184937.0
746,1,-1108945698,650099512,1444500874,directional,134456188.0
746,2,1697728576,205437594,1413988056,directional,296466042.0
746,4,-1066690417,-1162008932,1028559985,directional,190883502.0
746,6,891219693,1117728719,1294885345,directional,163009683.0
746,7,-303811000,-1240282545,1109708654,directional,144072751.0
746,8,-883606230,-695915767,1435824683,omni,
746,10,-1580880961,209774352,1301379646,directional,244653093.0
746,11,667736515,-771847337,1104723459,directional,128958648.0
746,12,-1260151045,683676276,1278792378,directional,343416355.0
746,13,93633202,1741236737,1411469136,directional,282709252.0
746,14,-363671218,-34879055,1069675137,directional,199750000.0
746,15,-790318252,-317166256,1434714767,directional,328198399.0
746,16,871326244,-783740090,1021647718,omni,
746,18,-317931080,1518112389,1120100426,directional,186300624.0
746,19,227982376,-814314936,1029376920,directional,85881392.0
746,20,-1372914249,450049908,1404346538,directional,4948899.0
747,1,1704424994,-317234998,1026769841,directional,166558375.0
747,2,396493540,157390612,1144466929,directional,176964931.0
747,3,-940674007,160791464,1382690755,omni,
747,5,1324507342,-604496527,1136556490,directional,25931616.0
747,7,1433111269,-475600603,1009974329,directional,303283014.0
747,8,-404293793,-154637852,1219954879,directional,237438554.0
747,9,-174104901,-564360423,1080398115,directional,24459640.0
747,11,1044038487,-482988480,1102166080,directional,273554516.0
747,12,207785539,1728930926,1104811864,omni,
747,13,-767884755,33400362,1080356911,directional,355492686.0
747,14,1218043803,-167937718,1495957192,directional,80758815.0
747,15,-1130468114,-334211941,1272336419,directional,308447644.0
747,18,-694134138,669950463,1265030882,directional,60001222.0
747,19,-354481890,718335243,1211468507,directional,290341320.0
747,20,-552224423,895802902,1277999391,directional,198068645.0
748,1,1735421424,306177189,1491507521,omni,
748,2,-1460232898,-19071606,1294466174,directional,141136582.0
748,3,237701476,-1478776546,1244702286,omni,
748,5,38972994,-926361242,1183973372,omni,
748,6,-803442569,57175339,1154395935,omni,
748,7,-311843742,1553518710,1337705266,omni,
748,11,-5848589,-397305351,1084962026,directional,208005955.0
748,12,-419481632,-1507615712,1340148401,omni,
748,14,-434759131,-980368469,1493276084,omni,
748,15,-368667904,-359342037,1302829581,omni,
748,18,-74354409,971206363,1428046742,directional,137267408.0
748,19,-216903525,-406118842,1404604838,omni,
749,1,-1469614030,-879999133,1406601087,omni,
749,3,797901341,77298313,1009792199,directional,122559811.0
749,4,-682335132,-1458834030,1389878023,omni,
749,6,457333690,524699316,1374066910,omni,
749,7,1431324808,-409574220,1409115319,omni,
749,8,1582949222,152724870,1178289458,directional,132908142.0
749,9,-693840708,-938521477,1104517183,directional,161879521.0
749,10,-108261181,146038670,1172622604,omni,
749,11,-610157077,1474843552,1259715237,directional,91283348.0
749,12,724936465,221739261,1077402007,omni,
749,14,-107799031,-708085227,1154505567,omni,
749,15,-236973467,-45408189,1433054350,directional,160199356.0
749,17,941173267,-659175943,1025197609,directional,284854615.0
749,18,-400109020,-1432480650,1261157467,directional,106392485.0
749,19,-334447368,503577789,1145455098,omni,
749,20,-170282503,921181998,1237238270,omni,
750,2,-31274778,-680715170,1169917471,directional,12264490.0
750,3,1076717506,-436574566,1026148249,directional,233258231.0
750,4,722918957,-656194202,1056976444,directional,236192150.0
750,7,842507866,1516292824,1122763859,directional,317062717.0
750,8,110190095,-798949325,1067833390,omni,
750,9,-747402149,-875018673,1324075882,directional,234893632.0
750,10,-979207039,-973021464,1219357181,directional,152950113.0
750,11,860547740,-226597541,1108822174,directional,46957103.0
750,12,-189472619,-1702580626,1433220760,omni,
750,13,1377296345,975578965,1145326964,directional,10221188.0
750,16,-897367878,-650193046,1474964368,directional,265823813.0
750,18,852446472,76711052,1133312611,omni,
750,19,1344861127,519995749,1430315853,directional,257884056.0
750,20,1631307564,385577939,1402781160,directional,207122777.0
751,2,1308963750,-479786813,1427302818,directional,86899757.0
751,3,934268906,214884618,1404159740,directional,321189824.0
751,4,-375708039,-504004714,1436005754,omni,
751,5,423039277,116558228,1388212915,directional,220385431.0
751,7,-1076977671,-619344312,1241042615,directional,321326403.0
751,8,-1469800144,70388496,1480965760,directional,200193492.0
751,10,450614369,-1219199256,1025890880,directional,285065215.0
751,11,303929888,458241402,1433834876,directional,355628430.0
751,12,-882749885,1295322962,1045131578,directional,158356918.0
751,13,-1587655535,67814216,1470152958,directional,215445953.0
751,15,558869309,280181893,1233919376,directional,67685974.0
751,16,397760643,-26562241,1220512658,directional,186443513.0
751,17,974942948,-1009634306,1480818720,directional,340049042.0
751,20,-985748396,-1348677711,1155132436,directional,108021243.0
752,1,1536320190,-788985291,1414571236,omni,
752,3,995746056,-410373818,1482853119,omni,
752,4,-897225956,983419604,1386645598,omni,
752,5,-37585231,-288716872,1124600468,directional,205516667.0
752,6,-185031684,-865109107,1152719780,omni,
752,7,-1457677078,915570801,1012581233,directional,316596690.0
752,8,732986179,1243678028,1068992785,omni,
752,9,-1544608660,-833040199,1150301283,omni,
752,12,1456001390,482040295,1420325217,directional,321629139.0
752,14,-1639207961,-563404937,1063083268,directional,333804038.0
752,15,-171299397,-1754939322,1126482356,omni,
752,17,-19930675,1502011268,1335785861,omni,
752,18,133925173,-823113888,1309031155,omni,
752,20,580387642,274388444,1028408846,directional,248685491.0
753,1,1077775029,318905222,1270496795,omni,
753,2,-517805278,-401845196,1197252328,omni,
753,3,678235400,1358967241,1313494898,directional,201883040.0
753,5,-946236070,824304739,1256510679,directional,140549860.0
753,7,404755175,-103875444,1259210016,omni,
753,8,1211019711,-1067911978,1480336669,omni,
753,9,1321175836,-734426355,1313018712,omni,
753,10,1016723201,-1336957564,1258549987,omni,
753,13,502137196,-1439801857,1076096587,directional,142630754.0
753,17,1068456181,943445001,1136557015,omni,
753,19,678378414,153551537,1319637364,omni,
753,20,1605199325,-576387175,1361258035,directional,350901883.0
754,1,806264476,941249586,1111287029,directional,153385349.0
754,2,-402747861,-505451669,1489755282,directional,328323174.0
754,4,-305507518,-694581854,1360530766,directional,34344260.0
754,5,-1557730799,184507474,1415843562,directional,232605910.0
754,8,470810469,-630413195,1460447404,directional,338951422.0
754,9,-940096184,540451146,1149025801,omni,
754,11,628948491,-487285873,1246563562,directional,346862528.0
754,12,1333290332,715030859,1383449000,omni,
754,13,-445029673,1293839302,1270583615,directional,113381774.0
754,15,-1116190568,930878116,1472639484,omni,
754,16,-276917059,-1689907251,1032457204,directional,139025168.0
754,17,1116761542,295643029,1411788839,directional,101691534.0
754,18,-1137934238,-150403963,1424007386,directional,279860159.0
754,19,-422480433,468361145,1434299418,omni,
755,3,-38773549,934365162,1256768943,directional,45667734.0
755,4,-116482623,845550821,1319226422,directional,60819603.0
755,5,57406929,-93438669,1048847261,directional,86219874.0
755,6,460410764,-202540566,1289986241,directional,126339387.0
755,7,-472779954,-1567406446,1448071290,directional,81291206.0
755,8,-771622081,575363315,1237005608,directional,111991413.0
755,11,33112527,568161636,1455815492,directional,255764188.0
755,12,102001766,1658975092,1336800180,omni,
755,13,1373206443,-742113350,1190259055,omni,
755,15,662345992,1469363693,1227511206,omni,
755,16,6449197,-1274197532,1207229144,omni,
755,17,826852989,-883502047,1373301335,omni,
755,18,1450692961,325346545,1203019692,directional,227512196.0
756,1,255130165,-902040441,1196080063,directional,259722140.0
756,2,-663542919,449442879,1492675316,directional,150855006.0
756,3,-1300769249,841927918,1467560716,directional,168505989.0
756,4,-474907617,-1104264155,1061083973,directional,18490723.0
756,5,-347516331,720753837,1496449894,directional,228703332.0
756,6,-799268167,-984409193,1071039850,directional,150990650.0
756,7,-697622574,793818858,1020925549,directional,67613503.0
756,9,-109010901,-1588523909,1301813592,directional,35529515.0
756,10,314284502,-63310354,1455253852,omni,
756,12,-1401285504,79325093,1478284653,directional,86191991.0
756,13,-1017978663,1374394933,1348346420,directional,226761364.0
756,14,-1454701211,546330786,1434133401,directional,165970253.0
756,16,117599895,-329140647,1196851815,directional,192853511.0
756,17,-284978305,-341943098,1353786666,directional,120558827.0
756,18,-344613173,1350540862,1306230989,directional,27489799.0
757,1,42898736,1542581728,1362930931,omni,
757,2,-412622450,-168346257,1390560633,omni,
757,3,1003961216,-141990222,1087463285,omni,
757,4,156529882,-1204765868,1111719070,omni,
757,8,1355450866,585620254,1315506986,omni,
757,9,-505469688,198436066,1096965764,omni,
757,10,-244314804,-1262259109,1155391895,omni,
757,12,-102190828,838517450,1250887507,directional,158589735.0
757,13,-938200724,-1092230062,1288576791,directional,96980740.0
757,15,1187549643,661318440,1382910784,directional,200284287.0
757,16,671642579,949532978,1117084429,omni,
757,19,1407268905,-831490191,1340430602,directional,47568032.0
757,20,1151393095,24143515,1296881730,omni,
758,1,437163368,1674526030,1162277945,directional,193569359.0
758,2,958365059,-926510680,1082221303,omni,
758,3,-504805070,1633073326,1274148568,omni,
758,4,842114777,749257309,1217464038,omni,
758,5,428625254,-478042312,1309841906,omni,
758,6,1290675717,222326822,1464902110,omni,
758,7,357012635,-1276494187,1176167233,omni,
758,8,265834601,263403434,1022154906,omni,
758,12,1728071113,-329378455,1394097781,omni,
758,14,-1092037015,-866244148,1077744938,directional,211085596.0
758,15,-685202370,-196431173,1350623265,omni,
758,18,-1057526579,-667671066,1439458420,omni,
758,19,-92789240,1688986374,1338227572,omni,
759,1,-250959825,1343375540,1042452136,directional,123408560.0
759,2,-628090486,80292180,1182640897,directional,234868068.0
759,7,-364310961,-1214879105,1386342322,directional,150938886.0
759,8,214252745,-1374623531,1207953559,directional,82780636.0
759,10,-200341483,-399395210,1105023127,directional,43987368.0
759,12,534201392,-269201927,1272639775,directional,24449524.0
759,13,804481700,-1555633133,1106488379,directional,354706227.0
759,14,-400396292,-135906692,1407096244,directional,145178821.0
759,16,707865339,-932374725,1429806445,directional,34683802.0
759,17,1347221390,-641788720,1333139994,directional,8000466.0
759,19,-123410809,-508355051,1014507877,directional,33620812.0
759,20,887174505,1498042457,1215169450,directional,179641523.0
760,2,-1497332987,632814271,1385119079,directional,75327690.0
760,6,942518603,904816020,1100937522,omni,
760,7,-185191986,-1402112381,1488110164,omni,
760,11,733798743,-548457993,1461076249,directional,73579353.0
760,12,625460753,871294375,1109977767,omni,
760,14,-1609486885,350133474,1242504836,omni,
760,15,1505250350,-366470508,1105881736,omni,
760,17,-246168245,948148100,1372653228,omni,
760,18,-33834667,-1723940872,1461385451,directional,145401863.0
760,19,-388745033,1642002135,1151920204,omni,
760,20,-448882411,164831259,1461477369,omni,
761,1,-889748787,780377456,1312517243,omni,
761,3,175727360,1541145087,1394816191,directional,78775822.0
761,4,323180504,1688816293,1079766263,directional,276557064.0
761,5,-1711261605,237590279,1154417564,directional,250863491.0
761,7,1293711896,969699638,1302871572,omni,
761,8,473460395,-758345825,1129018237,directional,216067625.0
761,9,311732621,1218661596,1470966488,directional,58916368.0
761,11,-97671528,-741365101,1453452072,omni,
761,12,1074919060,609998052,1387187558,directional,53709639.0
761,13,282833383,-131452446,1231920788,omni,
761,15,-82057271,-630023313,1301439496,omni,
761,16,932909403,-59219888,1065448574,omni,
761,17,-1289318475,103871008,1040204299,omni,
761,20,952884300,1246831176,1359824212,omni,
762,1,1661670442,325829304,1457365357,omni,
762,2,-167669034,-656206015,1031725748,omni,
762,5,-677598846,966114908,1237179987,omni,
762,6,-306125477,672989020,1490570428,omni,
762,9,-965363963,-333778118,1347015982,directional,315260511.0
762,12,-500989247,-241849513,1383511977,omni,
762,14,-81041173,1149618119,1179072088,omni,
762,16,-694107956,-16285874,1393750190,omni,
762,17,-585359510,-1522438916,1429712466,omni,
762,20,-945698523,-858486300,1139382498,omni,
763,1,473478406,-1222747758,1487002110,omni,
763,2,-1325235438,-384261639,1384435195,omni,
763,5,548399296,834245706,1169203692,directional,67158158.0
763,6,1503842471,278684230,1324187833,omni,
763,7,-784223899,-705049994,1469976826,omni,
763,9,-1153301912,-55271830,1013385372,omni,
763,10,-1244767370,-413718017,1427539432,omni,
763,12,-1631065522,257193122,1078944593,directional,347209857.0
763,13,-942348627,1090138115,1212242807,omni,
763,15,-1654111127,-88336820,1150393253,omni,
763,16,811247712,1345451524,1198233207,omni,
763,18,-1177727126,865394241,1169406705,directional,120713040.0
763,19,-501099489,-742368472,1227304768,directional,69506985.0
763,20,1442149625,-247025251,1439973165,omni,
764,1,-277722483,741434137,1418872175,directional,276165114.0
764,3,-730039332,-523646474,1127197956,directional,217907187.0
764,5,-1456778185,-700362664,1046102107,directional,319207241.0
764,6,331343463,746601026,1008965806,directional,192127886.0
764,7,-63610509,-833681445,1245478416,directional,155756037.0
764,9,-886893307,-568073700,1238988889,directional,29586966.0
764,10,-586210871,-837690674,1047337730,directional,235002720.0
764,12,233644133,-1066453436,1493740706,directional,157338084.0
764,15,1049623683,896224139,1257181606,directional,295879354.0
764,16,-68635313,-744606977,1372053614,omni,
764,17,-1506450786,311546240,1352525310,directional,94056126.0
764,18,75098228,975276858,1206873939,directional,292892261.0
765,1,-613729372,-1326541625,1411648054,omni,
765,2,-164966847,-1712387944,1110617228,omni,
765,5,-253647699,-1492754313,1141922535,omni,
765,8,-137052149,1290442070,1439428506,omni,
765,9,157368857,505970667,1101650188,omni,
765,10,34780959,1664491975,1155626554,omni,
765,11,372952445,-1177552966,1338820300,omni,
765,12,843799533,17127180,1145242059,omni,
765,13,1540823942,516708013,1276172891,omni,
765,19,1272500664,-875797517,1380226535,directional,237271498.0
766,1,344400133,-971231793,1167356824,directional,300755644.0
766,2,637932734,-648592297,1222464171,directional,247375614.0
766,3,-1067953811,-129570098,1024580423,omni,
766,7,-777659216,-605585960,1487656676,directional,14579174.0
766,8,-1111051663,518434856,1317913331,directional,58122967.0
766,9,-937034651,61148942,1228583604,omni,
766,10,-887225783,580533273,1056156391,omni,
766,11,693491660,-737802139,1492564647,directional,252344291.0
766,12,1116876043,-1272166794,1357944382,directional,143269612.0
766,13,-260257238,356553543,1022529418,omni,
766,14,-1172532341,610128793,1373468754,directional,202187876.0
766,15,-1283398351,-927630674,1442794186,directional,74969756.0
766,16,-1257614973,503206237,1235749936,directional,309731226.0
766,18,559504711,-744220482,1392647030,omni,
766,19,-989422499,1189602790,1186210303,omni,
766,20,1593103523,-74569692,1263775554,omni,
767,5,251816121,-934461380,1494293013,omni,
767,6,-405283976,-347421356,1359378544,omni,
767,7,987413731,-755211253,1195777501,omni,
767,8,1466332695,-60981522,1317450920,omni,
767,10,1515030555,308154503,1484045702,omni,
767,11,-814175345,1336595391,1239447445,omni,
767,12,30460806,-263628269,1402508293,directional,173674848.0
767,13,-795093231,901022383,1058959762,omni,
767,15,-676266828,-1015077277,1480047801,directional,193584204.0
767,16,1671203139,531285773,1017896235,directional,126832863.0
767,18,86200291,1656829435,1105548340,omni,
767,19,814572914,940308238,1232565378,directional,154309416.0
767,20,-72543718,-1562803760,1091922446,directional,147149744.0
768,1,1345404427,-765318275,1302319894,directional,78168882.0
768,2,-1137701975,423340672,1438505268,directional,86643209.0
768,3,-164238249,1570745591,1192719067,directional,303647928.0
768,4,-115420665,646291041,1148611091,omni,
768,10,369902343,-755414663,1217453076,directional,168892815.0
768,12,-140743255,-1639836291,1005068014,directional,107982786.0
768,13,-6078379,-598718133,1216724173,directional,8963818.0
768,14,158738729,974269540,1390335222,directional,196294237.0
768,18,750126898,113360676,1259761490,omni,
768,19,751212845,-717682103,1405997535,directional,293098472.0
768,20,999097579,-102148011,1447751775,directional,317491537.0
769,1,-1070440317,-1308194813,1324595040,directional,111119390.0
769,2,1219242029,-1155045209,1186823817,directional,358558450.0
769,4,1627453496,-452332455,1065340688,directional,303324255.0
769,6,-930148807,1070667018,1476857524,directional,330252431.0
769,7,1226771458,525721875,1169684011,directional,55166430.0
769,12,320533147,284460048,1133762386,directional,242235838.0
769,14,1241745688,529393336,1361288880,directional,44473240.0
769,15,-299751548,-771035377,1065065976,directional,202256005.0
769,17,349744364,-638926218,1469806831,directional,358166103.0
769,18,995308968,-438699309,1097115229,directional,227446613.0
770,1,1593997535,-423417919,1406328472,directional,32536372.0
770,2,52732146,-1468659353,1167322995,omni,
770,3,641242980,-300968836,1060686854,omni,
770,4,-219894698,-1623708759,1399853685,directional,58324230.0
770,6,1052028478,1101625518,1174333076,directional,32622716.0
770,8,-1127914351,193834759,1087674478,directional,80743998.0
770,9,528211688,-391760939,1448117955,directional,214207642.0
770,10,-487337940,1211724698,1357554739,omni,
770,11,-254111784,-143254507,1224328872,directional,315772316.0
770,12,-369931768,-736755628,1142467362,directional,27396098.0
770,13,468521570,-341399638,1068199306,omni,
770,16,218734374,272579446,1483444844,directional,225476341.0
770,17,-1077928924,-1180539959,1195232795,directional,225745927.0
770,19,228787787,-846917462,1493438177,omni,
770,20,-630672364,-376475543,1466764982,directional,43928791.0
771,1,955518035,-270704512,1229581513,directional,218880034.0
771,2,-211864564,-1289404006,1489574332,directional,1151827.0
771,3,-441945721,-1265955156,1002147169,directional,155040816.0
771,6,-1144217732,1282379839,1324140664,directional,301835812.0
771,7,-1173701835,-1301378726,1413129395,directional,58888361.0
771,8,1497939095,615377120,1291600969,directional,52841167.0
771,10,577267343,-655486158,1344336525,directional,357203055.0
771,11,-1273695867,-926504083,1349807255,directional,281382548.0
771,13,-791347659,-266338603,1219825469,directional,21959157.0
771,15,1255762788,411856285,1180185352,directional,106873381.0
771,19,620868798,-1322558037,1223181720,directional,102608834.0
772,2,-1045911837,-374457778,1493774763,omni,
772,3,-601781098,-1257664706,1497820807,omni,
772,5,1407369299,588798670,1160737513,directional,325422817.0
772,6,922538800,461338979,1365008841,directional,74352060.0
772,8,-198222989,894745747,1325732615,directional,297460616.0
772,9,-747311817,-80136592,1326468410,omni,
772,10,905724350,-647176608,1369856609,directional,122500201.0
772,11,-233043862,-1635149830,1296645305,directional,216952862.0
772,12,-1030428749,283930222,1073273134,omni,
772,13,1033629859,607150599,1434609156,omni,
772,15,-475693860,1409811245,1335857583,omni,
772,17,1139659325,419664633,1438423139,omni,
772,18,-746379775,1376562161,1131546086,omni,
772,19,-258232478,637579870,1350924046,omni,
773,2,-707236128,1342389237,1326251371,omni,
773,3,526873030,-864637958,1440728430,omni,
773,7,-351118689,-1292713889,1335490209,directional,31316277.0
773,8,-342619179,426786291,1495014154,directional,157398388.0
773,10,629874675,-1507068876,1158669237,omni,
773,12,-42438635,-497242679,1040375406,directional,9000819.0
773,13,286715924,917998486,1320403015,omni,
773,14,739717464,1467087585,1484152861,omni,
773,15,-366573755,-1225179053,1464223240,omni,
773,17,-482829125,-1201392197,1324026750,omni,
773,18,1620089774,124324035,1155289897,omni,
773,19,298394309,-1440552786,1485922439,omni,
774,1,441408644,-194121034,1406635721,directional,1893478.0
774,3,-171561615,211404682,1340000037,omni,
774,4,1243854857,-936763500,1351821585,directional,230106276.0
774,5,1195239865,-145503878,1111325215,omni,
774,7,521840670,-151513023,1156843454,omni,
774,8,-295107719,331354472,1478551542,directional,306358899.0
774,9,-570320241,-985050370,1275808268,directional,30324644.0
774,11,71473895,287923904,1387527616,directional,310104518.0
774,12,-1427136288,95030107,1358388551,directional,257254703.0
774,13,-73001218,341277982,1299146756,directional,113786588.0
774,15,-1661798771,-322441429,1362595832,directional,180548624.0
774,17,404249632,859439067,1312273888,directional,79946825.0
774,18,-795238582,-493328808,1182352016,directional,354867870.0
774,19,-1106442506,1210671230,1361106507,directional,248530275.0
775,1,210273093,-1707008936,1290930573,omni,
775,3,113134681,-921094689,1222429070,omni,
775,4,974743556,306319419,1287793269,directional,244709835.0
775,6,1022683629,-16639121,1097381481,directional,301428306.0
775,8,795736399,202025526,1115731263,directional,47542114.0
775,9,-1239151374,988712501,1330981282,omni,
775,10,977137198,-135037467,1186185768,directional,251468633.0
775,11,1175704351,53270311,1257185229,omni,
775,12,-1382556357,-479238418,1009198081,directional,317388763.0
775,14,-694295999,-1093821698,1420841663,directional,212758619.0
775,17,6408875,1515872001,1390490229,directional,3932433.0
775,18,-1316201319,-975768574,1337317598,directional,169230649.0
776,2,-670187317,-484584939,1348532303,directional,215627606.0
776,3,8801341,-416031656,1430066410,directional,349895596.0
776,5,664185619,95388440,1130646195,omni,
776,9,235215379,-678851282,1310192137,omni,
776,11,4363980,-432312335,1215939502,omni,
776,12,-478250772,1559217212,1049478521,directional,284459478.0
776,13,281012120,1228773731,1213787807,directional,141638736.0
776,15,-706373316,755507454,1099081391,directional,185406093.0
776,16,-112829574,433998608,1068277997,omni,
776,17,-940475632,901974563,1468477391,omni,
776,18,-612071791,-240660656,1010686151,directional,78274065.0
776,19,619927946,171024362,1080191353,omni,
776,20,1015304191,1233276788,1213682092,omni,
777,1,893414642,724881909,1421535799,directional,149838653.0
777,2,-1199472148,822775961,1121072987,omni,
777,3,-183279790,-1755653311,1372156271,directional,187434369.0
777,4,160943525,-341257775,1290996259,directional,295117256.0
777,5,-700893361,-1164313758,1323454347,directional,157138826.0
777,6,296098381,414681253,1401958301,directional,7582566.0
777,7,-632058149,1238634464,1221860612,directional,127287148.0
777,8,264426497,-203792892,1068879003,directional,115266446.0
777,9,318658928,-690499473,1081458220,directional,56453373.0
777,11,-397850512,279816193,1308751774,directional,46123731.0
777,14,-1034693378,-590872875,1257347030,directional,76908096.0
777,19,1380929095,703397504,1205223163,omni,
777,20,864697881,1395572051,1398013447,omni,
778,2,584382025,-1315342991,1054222448,omni,
778,3,-1588785497,-605692336,1018477324,omni,
778,5,476627636,-366483319,1487711026,omni,
778,8,540872891,-483676528,1121049967,omni,
778,9,-1554349850,-6570728,1481819096,omni,
778,11,-593682178,-166450051,1215987018,omni,
778,12,-993478929,-1395256379,1499092418,omni,
778,17,-59887765,1573208331,1352048496,omni,
778,18,409400409,1671778988,1258695735,omni,
778,20,1312295560,-632330711,1498912395,directional,315980916.0
779,1,576924651,1626094208,1353214233,directional,85231050.0
779,5,254732753,821606771,1057888697,directional,310364329.0
779,6,-686120318,1192656957,1097353051,directional,146202700.0
779,8,-54152529,1158830630,1495519393,directional,57788770.0
779,9,-996248472,-374504367,1428063501,directional,2037253.0
779,12,-953694017,513132200,1494144935,directional,115100279.0
779,15,1218096025,1210871721,1328373946,directional,353436702.0
779,18,-288121534,1677658825,1098545849,directional,354514408.0
779,19,1167155342,272690699,1424998608,directional,140077221.0
779,20,-946684529,118922081,1441681557,directional,267825399.0
780,2,-240700741,-1126090818,1275970988,directional,269850839.0
780,4,-616217705,1432739201,1332902943,directional,160884606.0
780,8,-380392425,-85977499,1095247818,directional,181141945.0
780,9,-376395577,-332357492,1130822029,directional,119806360.0
780,10,1346972597,-678658737,1125287013,directional,185771463.0
780,12,-295772191,-98772576,1270707738,omni,
780,13,997319460,772328880,1199471347,directional,233896191.0
780,14,-618753445,-659224683,1359844519,omni,
780,16,-971401283,707405325,1339036470,omni,
780,17,-635214014,1631646369,1218202820,directional,163741567.0
780,18,-1196310871,-1221551972,1345218579,omni,
780,20,1045254143,437178002,1022581944,directional,308622815.0
781,2,1143310371,484108579,1020947415,directional,304295115.0
781,3,-1602686564,650849620,1329681660,directional,314166104.0
781,4,-506605095,872085795,1014780412,omni,
781,5,532531116,1520970997,1001338669,directional,85814924.0
781,6,425387525,125132695,1470027219,directional,166737973.0
781,7,92326951,1424416151,1410757201,directional,228243682.0
781,8,-1178926317,-688341006,1459400767,directional,341856272.0
781,9,-532095845,1085832217,1298961948,directional,20041172.0
781,11,1450168237,-617667570,1011822661,directional,113928190.0
781,12,638630607,-1491264113,1241412860,directional,260698737.0
781,14,-408960435,1330135852,1194777236,directional,281996675.0
781,16,-1252337096,-244948003,1467983886,omni,
781,20,1063091453,-751315120,1163547818,directional,134481385.0
782,1,1189685165,1120221659,1454944487,omni,
782,3,772587099,661816606,1210573657,directional,310873006.0
782,4,468475797,1150376354,1039039032,directional,44013118.0
782,6,-48352342,444512504,1484455036,omni,
782,8,562999746,75710435,1432919362,omni,
782,9,174531491,-499735994,1274635571,directional,270942839.0
782,10,-180590674,1647625968,1190759947,omni,
782,12,506380715,-968700581,1024071879,omni,
782,13,841884068,440332543,1342559448,directional,133484158.0
782,14,-452314355,-411176886,1285947511,directional,295578837.0
782,15,478948877,1667167936,1346372121,directional,218789625.0
782,16,-1121213434,-1107170811,1258791548,directional,310882790.0
782,17,-349205225,1394656201,1254747879,directional,114179579.0
782,18,-285334925,1602108743,1179725964,directional,199449668.0
782,19,1473332763,839644403,1149702462,omni,
782,20,-482696402,-1284835355,1040158686,omni,
783,1,-721687864,755150911,1067691833,omni,
783,2,-1764137921,-75209443,1155368462,omni,
783,3,-1457289307,-479972629,1208840469,directional,178946568.0
783,4,-476508165,-199458781,1286031564,directional,111592082.0
783,5,-763986627,-408506686,1082964934,directional,314906931.0
783,8,1124949875,941707849,1433518610,directional,293537094.0
783,9,277059297,872332612,1394415926,directional,196650580.0
783,10,-1087195529,1273294890,1237904076,directional,45510571.0
783,11,-104958119,477486145,1270247246,directional,212843885.0
783,12,-1507527584,-301815841,1424147274,directional,188136218.0
783,16,-445981321,153635740,1224068928,directional,1357783.0
783,17,-14029953,649708731,1085361864,directional,203921038.0
783,19,-419632290,109027540,1084055754,directional,335666617.0
783,20,1081714015,1140469348,1056072167,directional,261268780.0
784,1,-1164476250,-398418097,1387564744,directional,355205945.0
784,2,-922317687,383516522,1385634953,directional,277936821.0
784,4,1088028193,1323505262,1195582835,omni,
784,5,642599704,-911280327,1382399352,directional,246252500.0
784,6,-774896499,573273535,1359509975,omni,
784,10,-143155967,-10642570,1376541659,directional,345832867.0
784,11,-216356575,852415954,1312718303,omni,
784,12,203379194,1090110877,1352772364,omni,
784,14,-357502646,-1427471431,1286230163,directional,20614618.0
784,16,469929341,659729301,1466356799,directional,125980645.0
784,18,-1570486317,120456904,1365864157,omni,
784,20,1223667956,193133441,1307629015,directional,273665697.0
785,1,-1332635302,-426397923,1458965707,omni,
785,7,672744684,-1466151534,1020889544,directional,244064615.0
785,8,501460212,1269226037,1439016950,directional,70829534.0
785,9,-1212134841,484209457,1093252977,directional,25709100.0
785,11,1268953856,-78407138,1037632445,directional,346577754.0
785,14,-3425363,-1420205590,1345993897,omni,
785,15,-719388085,-444573475,1255567481,directional,355434762.0
785,18,-952485421,682131302,1406535157,directional,294819652.0
785,19,-1035766658,861233781,1143863118,directional,26613730.0
785,20,-666345806,-919351658,1079769979,omni,
786,1,395980152,1551157308,1348038887,omni,
786,2,709269574,-138347587,1242679866,omni,
786,4,886371806,-809119962,1332084061,omni,
786,5,-292042216,689118388,1048036524,omni,
786,6,510147349,1237673323,1171366577,directional,249533594.0
786,7,-561163568,-96867137,1038425187,directional,94632644.0
786,9,453919620,1155102782,1255369608,omni,
786,10,-577953401,-1435594528,1244607868,omni,
786,11,-27638461,-1466709809,1168719827,omni,
786,12,-1044316013,-929834564,1003111979,omni,
786,14,189855557,-1617721203,1114796579,omni,
786,15,638459179,-239823728,1183852043,omni,
786,16,1077849426,-998520603,1114019975,omni,
786,18,634967029,-795420555,1278473678,directional,94033094.0
786,19,660215407,1224140220,1165169758,omni,
786,20,412104395,-491213203,1428372447,omni,
787,4,-376564308,1463983775,1343327548,omni,
787,5,705643538,301218851,1087093068,directional,197335349.0
787,6,1440223531,552469870,1052356558,directional,18038167.0
787,7,612644859,-692388883,1318307626,directional,230085794.0
787,8,766430868,-606006691,1050328827,directional,236280730.0
787,9,-450133332,-1259992425,1318326320,omni,
787,10,-509672959,1090533857,1336760767,omni,
787,11,-1100168913,-992495640,1031820907,directional,53236945.0
787,12,-1577993032,-622439821,1435378399,directional,320596386.0
787,13,917868214,-1322590108,1140097153,directional,90879651.0
787,15,37325224,-562816588,1086676722,directional,284010755.0
787,17,976367267,-236488657,1265999547,directional,176335256.0
787,19,-22090980,106560284,1401488854,directional,339653251.0
788,5,1025246161,-1410896258,1230101426,omni,
788,6,-354858489,-1044406443,1288778379,omni,
788,7,-1265101117,-483733232,1106893248,omni,
788,10,-828458237,-879812237,1387037335,omni,
788,12,543461533,1171898869,1334287573,directional,55464861.0
788,14,-1170334689,471002341,1259970592,omni,
788,15,1306693025,-538889458,1157724532,directional,352813424.0
788,17,-929239153,1067287977,1231134543,omni,
788,18,-528180293,-681083611,1372310995,omni,
788,19,-447566130,-252706641,1313312142,omni,
788,20,1118647424,-295140621,1395323168,omni,
789,1,732374810,470360197,1025177147,omni,
789,2,-996456773,1432392585,1123861265,omni,
789,3,139891970,714180352,1050368864,directional,174215620.0
789,4,117766913,-1302322153,1194523553,directional,284715421.0
789,5,-268862040,-1160054606,1461522003,directional,222215087.0
789,6,405567962,-1333991382,1050545026,directional,287341699.0
789,8,-1170848198,484817475,1242642383,directional,253248164.0
789,9,1155802445,-724241205,1307501839,directional,230722086.0
789,10,-1703432694,9714097,1241996953,directional,17430970.0
789,11,814822664,784094862,1086070970,directional,126453436.0
789,13,340774204,580669308,1411650525,directional,34244656.0
789,20,-1018093180,-74946654,1374083780,directional,41178731.0
790,1,1497687744,-642007804,1223028055,omni,
790,2,-1518074732,-96316453,1459040775,directional,70991760.0
790,4,-239598595,539076497,1332058469,directional,178423900.0
790,5,-1191942486,269339346,1224621687,omni,
790,6,-360736948,-21842617,1482023225,omni,
790,7,919021901,-1372815620,1171546858,omni,
790,8,1084820403,751653208,1390073777,omni,
790,9,464284591,1330522594,1454113738,omni,
790,11,711585931,-1187533749,1305023073,omni,
790,15,417556121,-751544794,1048782689,omni,
790,16,-1691990743,105032407,1163154799,omni,
790,18,-414273143,591476497,1380540771,omni,
790,19,-123968317,542331727,1346368956,omni,
791,1,-596026546,963847056,1338837505,directional,139360267.0
791,2,464309314,234185272,1483350894,omni,
791,3,-922740400,-27004459,1493643434,directional,3776642.0
791,4,208294466,-441279679,1448565540,omni,
791,7,1521050946,476054724,1133588992,directional,227394202.0
791,8,-522033395,894571789,1273897700,omni,
791,9,870431869,-1362834371,1054827903,directional,283468864.0
791,10,536871006,358300727,1386025270,directional,70997454.0
791,11,864636309,1003121324,1170741951,omni,
791,12,515085025,-164235562,1114369221,omni,
791,13,-635765169,-309400382,1354729980,omni,
791,15,-782608206,71355562,1168560730,omni,
791,18,519955301,506249794,1030225073,omni,
791,19,-1146696652,990463917,1484913675,omni,
791,20,-133494293,457964420,1054026898,directional,78369411.0
792,1,-1302031663,-161678476,1313006139,omni,
792,3,-20150894,-733672844,1411656064,omni,
792,4,-50234193,-1451839126,1067012513,omni,
792,8,165673783,682910568,1023852992,directional,71180459.0
792,10,-436799680,1517705967,1320611976,directional,357046292.0
792,11,-702455914,-835419476,1192693183,directional,150668833.0
792,12,-728082489,587167175,1330468459,directional,172521897.0
792,14,31789515,-297946589,1176894422,omni,
792,15,-236983205,-1315019006,1389876397,directional,108987861.0
792,16,-259099959,-995126196,1110401857,directional,175443949.0
792,17,149284355,-1016908798,1346097920,directional,55428377.0
792,20,649689874,-821258563,1132941376,directional,72709291.0
793,2,-1173310111,-765860460,1418383943,omni,
793,3,751327671,-1314437366,1301711254,omni,
793,4,760857983,624109149,1149325247,directional,260705045.0
793,5,-783310408,-830485671,1138531163,directional,318587286.0
793,8,992151017,-1200197061,1105860081,omni,
793,9,179603231,-1243690312,1266641175,directional,57791750.0
793,10,1086021620,-45055919,1309813016,directional,130415950.0
793,11,-228506030,-1395093970,1213720157,omni,
793,14,1183063663,590280287,1030503488,directional,177841427.0
793,15,-44703360,1597105794,1375153579,omni,
793,16,-368653435,-643429463,1378802778,omni,
793,17,-1566374089,-625329207,1156494609,omni,
793,18,-332760400,-1544511420,1341510091,omni,
793,20,1214264258,-1250267232,1383568529,omni,
794,1,-287915602,829576922,1151026778,omni,
794,4,770622207,1069946110,1179523234,omni,
794,7,-52474154,-47837998,1425067691,omni,
794,8,1710289756,276814078,1313961817,omni,
794,9,-267277315,907785363,1156152326,directional,312293935.0
794,11,-131528049,-1410848595,1242336677,omni,
794,15,-204134470,-1478203680,1011153087,omni,
794,16,9245499,281443402,1214894204,omni,
794,19,757193768,-274050145,1048164341,omni,
794,20,-76138682,-552529134,1232425010,directional,262751248.0
795,1,-704788825,-1397124578,1156208626,directional,100092198.0
795,2,-273448041,-176848604,1484921129,directional,63230959.0
795,3,-1277494164,605992202,1292032301,directional,247419871.0
795,5,1055728932,-1126350774,1127360032,directional,104787760.0
795,6,-510985854,-1041142449,1385510062,omni,
795,9,-909608887,1105258271,1457472585,omni,
795,10,1332044926,-693489674,1201410581,omni,
795,11,1231458093,286155309,1171890484,directional,97397136.0
795,12,152655357,-1321030252,1110065716,omni,
795,13,1626007203,217675324,1035068698,omni,
795,17,1463550756,988747041,1195195932,omni,
795,19,477976141,-40544176,1267772157,omni,
795,20,-481860201,-1180990140,1389048830,omni,
796,2,319445287,313940088,1380018908,directional,256063952.0
796,4,840275800,56255288,1329457689,directional,40296487.0
796,5,445454419,-1095105951,1417251225,omni,
796,6,454859528,1341658697,1399680173,omni,
796,7,551167129,1675014260,1133762416,omni,
796,8,133852900,-386744892,1076235042,directional,197055351.0
796,9,1526640773,199425922,1121581641,omni,
796,11,-836895720,1093010609,1294910633,directional,262294579.0
796,12,-143213878,-1361832458,1093216573,omni,
796,15,-1101261410,752950932,1049792617,omni,
796,17,-1511863853,-301716901,1035906610,omni,
796,18,1565410704,169321589,1385612990,omni,
796,19,-1286394689,1129509803,1256807739,omni,
796,20,-644567270,-1077397126,1056713229,directional,79706975.0
797,1,1002882388,1023588863,1195607243,omni,
797,2,1194408248,451589877,1349840169,omni,
797,3,186739491,1302070044,1123391500,directional,245700776.0
797,4,-310747354,1266178132,1354819281,omni,
797,5,-1313452889,35704512,1083636252,omni,
797,6,-656884759,-1461584985,1320652106,omni,
797,7,887155670,658954748,1364426985,directional,95701881.0
797,9,-532733037,1341137260,1258577411,omni,
797,10,1259610583,125108707,1211686273,omni,
797,12,-266371385,1647708242,1214089677,omni,
797,14,1111935612,-1105550933,1399878221,omni,
797,15,1472682753,353589297,1193137680,directional,319005505.0
797,16,-742125772,-213163099,1136269298,directional,199922341.0
797,17,915687604,-1089306848,1063022636,omni,
797,19,-13215388,1666584869,1299998173,omni,
797,20,-1700933386,441142277,1469610395,omni,
798,3,-1342376304,-1115972033,1239511745,directional,115959692.0
798,4,-1307905994,-884368607,1007608359,directional,134628947.0
798,6,-276097070,886054415,1023002259,directional,86765478.0
798,7,-1166781554,87054131,1038665830,directional,26790032.0
798,9,700648322,-447956532,1049492231,directional,177863986.0
798,10,-1182040891,166554980,1106316982,omni,
798,12,128972289,-925185130,1206289981,directional,104882382.0
798,13,173666804,886486660,1193757909,directional,309018288.0
798,14,999695042,-572409138,1349500815,directional,298953053.0
798,15,-1108222859,-479842600,1393391187,directional,134208552.0
798,16,-810791264,603796226,1432918909,directional,219170112.0
798,17,452474052,525980743,1025784288,directional,258285923.0
798,18,1465431610,-55274417,1363926576,omni,
798,20,-578740190,611110507,1014212356,directional,132092532.0
799,3,1106575050,-93672643,1366284789,directional,37291737.0
799,5,-24668179,1168479834,1179527107,omni,
799,7,680866500,805069262,1061938865,omni,
799,9,-990387716,1163037832,1099568276,directional,256443046.0
799,11,-470749569,1426834001,1196583455,directional,25294347.0
799,12,-421071363,1100058590,1126054732,omni,
799,13,-320197250,-529065823,1175943776,directional,80403114.0
799,14,-1278028506,-912010449,1338622479,omni,
799,17,507939733,1067343738,1109758296,directional,287260669.0
799,20,502011704,1182728971,1196935737,omni,
800,1,-964428800,-1182784095,1119424087,directional,270140262.0
800,3,-816411975,-868210525,1154416777,directional,6084612.0
800,5,-449865641,-852798813,1162815181,omni,
800,10,-762323988,1354963195,1236822080,directional,270993467.0
800,11,-198312769,424456960,1043490564,omni,
800,14,-180261916,548939469,1057883168,omni,
800,16,926772926,-991792167,1485238658,directional,68274857.0
800,17,-781057636,345262246,1240828439,omni,
800,19,936262570,446999965,1499992270,directional,137030196.0
800,20,-397273067,-89776620,1404533260,omni,
801,1,-668405046,928092715,1239096455,omni,
801,2,-718084454,1062628615,1158327051,omni,
801,5,1564209927,651431045,1273966357,omni,
801,6,-1286758855,-1211712893,1036994515,omni,
801,7,145131846,-1243191485,1329967858,omni,
801,8,-103523009,1117225861,1131566663,omni,
801,11,-391390632,1381751291,1349332321,omni,
801,12,1426394831,610295361,1378684287,omni,
801,13,608739337,1184392228,1274883249,omni,
801,14,-529397717,59135326,1343639142,omni,
801,15,-307217545,-981811790,1166826935,omni,
801,16,1267233103,-858403286,1280945990,omni,
801,17,1625536353,-617348603,1359548469,directional,228102084.0
802,1,-166526576,-354261181,1128244908,directional,111377896.0
802,2,306095996,-1591896775,1102187523,omni,
802,4,955292076,36603834,1208661812,directional,157746198.0
802,5,1006389317,166250959,1377142759,directional,325538981.0
802,6,1002106825,-732905049,1066118038,directional,277158061.0
802,7,5265335,-210766494,1411049921,directional,137571539.0
802,8,593465681,647898006,1401465799,directional,298656925.0
802,12,1072770352,-585613260,1195927947,omni,
802,13,-359389069,-562806809,1432421236,directional,314060271.0
802,17,1143357961,-1208738908,1068418037,directional,26631513.0
802,18,65941089,1609969307,1204356962,directional,111205601.0
802,19,-730959378,-485706160,1259849457,directional,194864413.0
802,20,6975594,-567411478,1108412938,omni,
803,1,834082326,-560753260,1409624306,omni,
803,4,-1631305191,476953453,1149235983,directional,158430058.0
803,7,-1322814786,-475894855,1473611763,directional,124077267.0
803,8,1051671784,-487930540,1084574358,directional,211436992.0
803,11,1563400683,-357998501,1160408875,directional,254340890.0
803,12,1473149676,-881562926,1037003281,directional,359175719.0
803,13,-1237397555,896744025,1431328553,directional,262061467.0
803,15,-325487103,1446848512,1191405581,directional,34844230.0
803,16,-1351527644,891411016,1128130680,directional,16763157.0
803,17,-635794792,1510209839,1390206165,directional,245013699.0
803,18,-684018812,-1360206110,1296445028,directional,207429139.0
803,20,1675355652,-74072749,1180221524,directional,344544503.0
804,1,-947423737,-767046040,1392828245,directional,150500336.0
804,2,-234931295,745997237,1254819190,directional,139977166.0
804,3,-233210288,805072998,1172970706,directional,257064991.0
804,4,-79967309,872656937,1127807000,directional,146274336.0
804,5,202938876,1262615495,1490667386,directional,248743674.0
804,6,-734540751,-1065377747,1448536623,directional,51804456.0
804,9,-1393932254,996038177,1130604437,directional,14787680.0
804,10,267382590,756222086,1252112823,omni,
804,11,1737906686,241721173,1020662247,omni,
804,13,1473503128,787473171,1452808626,omni,
804,15,-1237969486,84892653,1128215641,directional,197427046.0
804,16,-1680479951,147961456,1166912279,directional,70389001.0
804,17,562682318,1110796410,1278794355,directional,208907384.0
804,18,354881912,-807035229,1210364930,directional,141775723.0
804,19,-573832482,604019504,1172481691,directional,162702684.0
804,20,329234124,754066722,1259338375,directional,235885018.0
805,3,139325052,946862684,1329041587,directional,222602577.0
805,4,251910829,-1497140730,1039491535,omni,
805,7,878339925,1040351143,1016405767,omni,
805,10,1275410543,726085261,1402655247,omni,
805,11,1471695288,-725999468,1435532820,omni,
805,13,819201542,794880186,1066348428,omni,
805,14,702000390,-1152210975,1460161420,omni,
805,17,1400848232,905575910,1068683507,omni,
805,18,-978258471,1135076462,1337899984,omni,
805,20,-87430710,1675460490,1253184078,omni,
806,5,371184550,-676129945,1468640171,directional,352616509.0
806,6,-1406666862,-187187522,1369530945,omni,
806,7,-1217775589,275444588,1151131781,directional,254606374.0
806,9,-676852432,-1320624493,1218478926,directional,55934203.0
806,10,-520839613,460288881,1233239569,directional,224176144.0
806,11,-97749442,1483385259,1217255747,omni,
806,13,-728837555,531559936,1432552180,directional,81310316.0
806,16,722506203,-1537374482,1359143904,directional,231886589.0
806,18,-1401686767,365575967,1406113879,omni,
806,20,-1197268085,-161888763,1458276388,omni,
807,1,-857553086,-788247545,1455113180,omni,
807,3,-189976186,432673339,1428610942,omni,
807,5,-464895740,408838712,1458528984,omni,
807,6,-1580740184,-770036906,1051099415,directional,145651803.0
807,9,-1117716493,-533146834,1031492463,omni,
807,10,1155112441,294347711,1161555816,omni,
807,11,1031107717,310027364,1129003688,omni,
807,13,1244603021,-1067648115,1161933142,omni,
807,17,775797296,-817321198,1266080793,omni,
807,18,-1351017149,469763644,1050018917,directional,165204423.0
807,19,-547749745,1092023846,1226522593,omni,
807,20,362691828,733796085,1294633119,omni,
808,1,-1598427538,737539916,1058899066,omni,
808,2,220557492,463193791,1057327776,omni,
808,3,27634912,-128799163,1399747673,omni,
808,4,-967043143,402097308,1460957252,omni,
808,5,1325477922,-964389444,1386275411,omni,
808,7,-188470354,1548811078,1299156671,omni,
808,9,-467775254,1040716095,1269227696,omni,
808,10,881318956,380704194,1246971769,omni,
808,11,-441596987,-1346189322,1281183080,omni,
808,13,337688146,-1558424428,1007894395,omni,
808,14,-826466665,-1265804771,1471429649,directional,35507418.0
808,15,201969420,14241241,1355604822,directional,279804505.0
808,16,-730052266,567167259,1290270658,omni,
808,17,983731009,-240924528,1110601644,omni,
808,19,1421576730,-752695307,1425501677,omni,
808,20,-769313227,-949686767,1124441430,omni,
809,1,-1036198638,296866384,1485852130,directional,130292840.0
809,2,-1274202,1513414121,1009315735,directional,273170069.0
809,3,-716233532,804221641,1434519809,directional,316605822.0
809,4,-486586180,41582458,1059079062,directional,207424623.0
809,5,-645712594,-75180574,1065681995,directional,195653792.0
809,6,-414338391,-1100064829,1186219463,directional,201673087.0
809,8,669203735,618994406,1455627023,omni,
809,9,600755937,1155448341,1048486399,directional,349441030.0
809,11,57819507,92131998,1424886242,directional,1523305.0
809,14,-1348480789,272040731,1185816602,directional,355187925.0
809,15,-1220124192,276460231,1414676994,directional,40359518.0
809,17,-1087871080,-234966927,1389599085,directional,122256737.0
809,18,-1424965069,340008952,1497556692,directional,73162390.0
809,19,104540671,854471190,1399820996,directional,291772059.0
809,20,-734707854,1148371557,1227971789,directional,131231239.0
810,1,1230763179,-840615389,1168244556,directional,206156702.0
810,4,818713122,817367012,1458612633,directional,233777845.0
810,6,-351842603,-58258909,1083686100,omni,
810,7,-1173001850,442764513,1386041142,omni,
810,8,276070047,1689841997,1154228405,directional,268475418.0
810,11,-282784972,717473356,1202911100,directional,143441517.0
810,12,658973092,-367227982,1270862323,directional,27467920.0
810,14,368407565,1337499297,1353692533,directional,122255919.0
810,15,799955301,-1140444247,1229350631,directional,249960200.0
810,17,-1508939998,-658022054,1236731184,omni,
810,19,938885908,-1414671984,1082923903,directional,11745330.0
810,20,-861974736,98846656,1400445131,directional,342530252.0
811,1,-427196455,329113720,1291646406,directional,172711094.0
811,2,-1378419198,-13405715,1417319964,omni,
811,3,-576557154,1417138335,1403209480,omni,
811,4,647284267,41643269,1114665803,omni,
811,9,23782556,1096978843,1068068695,omni,
811,10,-1396837213,-263620349,1040923190,directional,281324730.0
811,11,1121979030,1260229543,1300023346,directional,226371852.0
811,12,-219210690,1256001760,1444850182,directional,150454949.0
811,13,533090158,-1117811572,1219042776,omni,
811,18,-36829546,425397223,1141825332,omni,
811,19,1034122975,625737904,1334519508,omni,
812,1,-627086187,-1350813496,1377975490,directional,237215360.0
812,4,767469894,177576264,1255885409,directional,313107478.0
812,5,197965291,-917720608,1261686933,omni,
812,6,1238521602,667561167,1427812397,directional,190792282.0
812,8,1486201516,114710508,1184065831,omni,
812,9,1595816097,202638075,1126803700,omni,
812,11,849311453,-1298844356,1432901674,directional,80573325.0
812,12,227069766,-553612485,1190849418,directional,323103567.0
812,13,563529471,-686830383,1323147087,directional,182834357.0
812,14,-1213149803,894568910,1007348233,directional,221484631.0
812,15,-1392327615,997647994,1318084817,omni,
812,17,1553218335,-586955965,1035522719,directional,200227441.0
812,18,-1172575391,90631363,1036374485,omni,
812,19,198389471,-111353468,1182180322,directional,86653204.0
813,1,670110266,1158938153,1032736719,omni,
813,3,856049296,-1338231403,1224805666,omni,
813,4,1009968042,646272249,1377248943,omni,
813,5,1473284540,-830580173,1247950426,omni,
813,6,-1538806005,59431509,1038415667,directional,296217457.0
813,7,1374406082,-156540167,1329035773,omni,
813,11,1226956912,-1155112444,1234261071,omni,
813,13,447415254,-420073747,1161747461,omni,
813,17,1025592010,-189839889,1180916298,omni,
813,19,1716436218,380439271,1236567975,omni,
813,20,-1391437813,769533081,1341930332,omni,
814,1,-393494386,1068994113,1389265848,directional,276134688.0
814,3,-417532740,-679413984,1235532523,directional,280116577.0
814,5,-1113608936,-1316140120,1419840489,omni,
814,6,226918338,-198238267,1329434948,omni,
814,7,-859321164,-247236036,1387045140,directional,249548315.0
814,8,565773906,1361929876,1188265728,directional,42074666.0
814,10,-663384724,142904412,1238840450,omni,
814,14,-41010150,-280018063,1385039910,directional,306836090.0
814,15,-1152274889,-944414046,1143036936,directional,211728239.0
814,19,-985499280,-349469950,1139953059,directional,220422230.0
814,20,-911500627,895874871,1327736221,omni,
815,1,1263564324,-383827951,1297016463,omni,
815,2,1277123766,-629299760,1389366023,omni,
815,3,-179981615,-1532379440,1039171716,omni,
815,4,981102092,378252049,1004918388,omni,
815,5,-1711205568,-80957531,1000322708,omni,
815,6,-11233988,-84854633,1195224494,omni,
815,7,269712228,-403230330,1075836088,omni,
815,9,-239778979,-1278152959,1458416682,omni,
815,10,1556226349,759737831,1438985718,omni,
815,12,-221316520,-613624864,1399089355,omni,
815,13,475424402,-1390783701,1244480257,directional,357308438.0
815,16,406421808,197831772,1245608762,omni,
815,17,-664021455,177307130,1453930222,omni,
815,18,940210625,239171857,1164379547,directional,8610200.0
815,19,228526793,-198860590,1227732736,omni,
816,2,854201614,-647380507,1339004238,directional,165412260.0
816,3,-223102943,416057719,1356411958,omni,
816,5,219432330,500129076,1297794932,omni,
816,7,1348677544,446659258,1268252831,omni,
816,8,984323067,161753758,1346350292,omni,
816,9,-341383972,-869697902,1287907598,omni,
816,12,78134353,1753633917,1016880380,omni,
816,13,-763683260,-92096568,1240874007,directional,279153427.0
816,15,-1347018877,324234989,1202533183,omni,
816,17,-38939811,-1520834978,1420210121,directional,8320961.0
816,19,786445565,1506460732,1063327073,omni,
816,20,1179341675,-736760780,1436474746,directional,238142975.0
817,3,-416884484,551528431,1196227142,directional,53136727.0
817,4,322929591,-38079157,1098797973,directional,83708890.0
817,5,-215318312,1680291710,1116993971,omni,
817,8,1073111475,-174975223,1015452940,directional,56379725.0
817,10,-1684073047,-298563949,1074569779,directional,72046371.0
817,11,847305490,929230377,1052483727,directional,53458268.0
817,13,910290219,1488301153,1388247790,omni,
817,16,-1122486347,148963950,1098805829,directional,349706854.0
817,17,889341440,-1321179337,1220115829,directional,195031228.0
817,18,-411459383,-1302113576,1200769893,directional,117325412.0
817,19,534680538,1482197474,1229147195,directional,352667584.0
817,20,-1470801676,-318989359,1367969493,directional,143023867.0
818,1,-643260665,-90900130,1240674750,omni,
818,2,1477129483,-312171739,1433510770,directional,234287748.0
818,3,-1661498155,326560564,1147003663,omni,
818,4,49733252,-642408357,1182998646,omni,
818,7,174679621,1482869456,1136111023,directional,45365797.0
818,8,320854467,1308993074,1000473230,directional,223511645.0
818,9,292988680,740780484,1369627551,directional,117456788.0
818,11,759692854,-1293643418,1447473821,directional,258035276.0
818,13,592079569,1603874632,1098581675,directional,331644857.0
818,14,-1155303860,-1324752059,1184523466,omni,
818,16,-1013064420,231673473,1083043978,omni,
818,17,-745218619,640596388,1083019011,directional,89877510.0
818,18,234012384,657321650,1436614299,directional,165418793.0
818,19,-1054470781,-1300744594,1145734388,omni,
819,2,1512063779,714304227,1044830627,directional,159309607.0
819,3,298711444,-212544175,1381258271,directional,350220992.0
819,6,1594617595,521427216,1409586472,omni,
819,8,-540260257,392430745,1232350383,directional,9154056.0
819,9,-700043788,1520738249,1163430413,directional,3974438.0
819,11,-188208232,-1483927455,1397512799,directional,16899498.0
819,13,558837453,-1442571981,1065026912,omni,
819,14,958589411,-446793403,1050316025,directional,19716246.0
819,15,-725032139,188440027,1376854175,directional,174685797.0
819,17,-623216764,687046909,1371270043,omni,
819,18,1509926789,-316191695,1276333012,omni,
819,19,1299137432,964451262,1290367071,directional,337108134.0
820,1,-1301024498,-804400045,1138190201,omni,
820,4,-532532974,-1595293412,1140262047,directional,230015103.0
820,5,332953700,1220825485,1466104040,omni,
820,7,-482250846,-912111989,1285061884,omni,
820,13,916612898,1320962819,1033356197,omni,
820,14,673948846,937684193,1157072221,directional,305798521.0
820,17,-244397278,-1100075673,1319348337,omni,
820,18,234636992,-434021332,1374814304,omni,
820,19,-1221048746,-372915463,1415689877,omni,
820,20,-593846009,-454291478,1372315435,omni,
821,1,-166304638,-904508769,1061854053,omni,
821,2,-218747368,-1347876545,1488939220,omni,
821,4,1504455552,-353079483,1154449646,directional,352421756.0
821,6,-500561510,-623316959,1119937683,directional,215519073.0
821,7,-436627647,272083172,1414558612,directional,338354185.0
821,9,-1147276607,-944424693,1124961236,omni,
821,10,300582936,1564855871,1164365938,directional,313118750.0
821,11,809184495,-875680653,1498729568,omni,
821,13,-435060446,401102174,1008967658,directional,189743099.0
821,14,-169692217,-1340953425,1356175750,directional,303608720.0
821,16,-339187181,-1212156820,1164134600,directional,343240194.0
821,17,453547605,-360966079,1199017337,directional,140693637.0
821,19,789696923,-340968244,1360545136,omni,
821,20,-1254873250,550775953,1463247936,omni,
822,2,-350435523,-20215371,1047500844,directional,149276700.0
822,4,898553621,530782313,1222697218,directional,64647962.0
822,6,-491274175,-1351705308,1162247006,directional,83505303.0
822,7,1002002135,370036721,1198677503,omni,
822,8,257616004,922904226,1367139830,directional,67617012.0
822,10,-1434635947,-983824947,1227283506,directional,41887378.0
822,11,1177177181,982940376,1092179148,directional,87854126.0
822,12,-56035390,-996959887,1199859578,directional,207913749.0
822,14,996141843,431583867,1455674081,omni,
822,16,1341140912,797665258,1186276936,directional,33168491.0
822,18,924972276,-990073808,1428653095,directional,53116274.0
822,19,-822204887,-1377490596,1458586174,directional,25098532.0
823,2,-309410114,237597087,1486799391,omni,
823,3,701190627,-327393837,1362796863,directional,254619382.0
823,4,584082817,1050572834,1428000580,omni,
823,5,250913047,273092590,1321038267,omni,
823,8,-558033984,1359791324,1212296133,omni,
823,9,-1340629450,577799043,1327806007,omni,
823,10,741609945,-110776798,1331367352,directional,55599172.0
823,13,183342174,1415410538,1065643039,omni,
823,15,1216026880,-424222095,1107388002,omni,
823,16,826959118,-168901725,1446215233,directional,119659732.0
823,18,280681139,928024756,1240881827,directional,67472464.0
823,19,945913720,-785619471,1437863853,omni,
823,20,-1690560108,-48124046,1003096853,omni,
824,2,-514604678,-1186979683,1319445766,directional,283980022.0
824,3,-1646587028,613089709,1145381885,omni,
824,4,580245314,-1525056154,1242087018,omni,
824,5,-455356658,-726816626,1139551918,omni,
824,6,-1288803133,-80627314,1130148002,directional,231065394.0
824,8,138558404,360795002,1167326376,directional,39783915.0
824,9,604259869,154521314,1147315753,omni,
824,11,332692758,120640640,1489685384,omni,
824,13,1539494147,-267795222,1496994134,omni,
824,14,-435088675,-726707749,1075681839,omni,
824,16,732609338,-883518406,1275622855,omni,
824,17,-1102457360,1356941181,1027050813,omni,
824,18,1002522756,-1191569064,1447323138,directional,89877337.0
824,19,456612380,-329719383,1417422272,omni,
824,20,-354416414,1649669809,1451418948,directional,275549483.0
825,2,1631613030,-100568117,1047014777,directional,196038720.0
825,3,984052363,888421815,1074149901,omni,
825,5,-617197895,-829152136,1121162333,directional,27975336.0
825,6,-1088661426,672069628,1020133277,directional,210199704.0
825,7,160085692,664133716,1319602007,directional,260078344.0
825,8,538128605,-564347549,1278626450,directional,53926332.0
825,9,593982983,-291551222,1073257965,directional,85755017.0
825,10,-217772794,-942054817,1365841932,directional,239075243.0
825,11,-1390959205,316863797,1417728454,directional,197687360.0
825,13,-1643591198,-646554773,1023896151,directional,46206953.0
825,14,1072046799,679830786,1381112353,directional,28890760.0
825,16,-929455651,-1351019725,1278696996,omni,
825,18,-107488686,-1340022213,1150190264,directional,274286888.0
825,19,-321886777,-1424434876,1060563444,directional,264651127.0
825,20,-293338515,1354287829,1094540270,directional,179405719.0
826,1,1314722570,288756349,1229342765,directional,69344790.0
826,2,1569069752,-241167440,1466216208,directional,257071900.0
826,4,309945059,-1048189594,1394943770,omni,
826,5,-254267093,-164091550,1242153246,directional,268441852.0
826,6,465257917,-87857828,1291201737,omni,
826,8,473100971,678021622,1078667887,omni,
826,9,205479095,-1576972520,1122994678,directional,114901011.0
826,10,1640256544,246215725,1262932652,omni,
826,11,-473456265,-198266941,1122167915,directional,129940980.0
826,13,-1472128516,-477920812,1088346741,directional,10304623.0
826,14,-1174531018,1120299883,1174957104,directional,152448203.0
826,15,1183686938,-736669713,1426764431,directional,344076108.0
826,16,490423188,626704207,1047507408,omni,
826,18,-631930864,1211679217,1169214601,directional,324283907.0
827,3,-754153361,187104339,1245161706,omni,
827,4,-1123438261,-604766974,1437240909,omni,
827,6,-723789248,794048721,1121408145,directional,113148822.0
827,7,-1205690746,-288308842,1101053797,directional,220941641.0
827,8,374997437,-387917899,1369244017,omni,
827,10,-1251887584,490595956,1205720751,omni,
827,12,-1283457513,-601975879,1072803255,omni,
827,13,693757033,-774227211,1072916365,omni,
827,14,1654943424,-322211206,1328485234,omni,
827,15,1130861997,-1026316702,1453410188,directional,155621712.0
827,17,45945594,-238959762,1473782927,directional,303220443.0
827,18,323733998,170668705,1319536580,omni,
827,19,-465206558,1249264844,1387247827,omni,
828,2,69638890,-653167167,1382804240,directional,133194423.0
828,3,-1332737346,-752467693,1438538105,omni,
828,4,578456552,331371640,1417394300,omni,
828,5,1113818342,-857514196,1108679921,omni,
828,6,-640967481,1256775206,1032939552,omni,
828,8,-406397884,-822696695,1150435829,omni,
828,9,-985957458,-380304843,1189928252,omni,
828,10,1144718862,57927649,1050695453,omni,
828,13,-676423029,262345117,1108022423,omni,
828,16,-1485508008,463202859,1262951482,omni,
828,17,821179905,1532498555,1437550015,omni,
828,18,241548695,204115143,1037873964,directional,274877327.0
828,20,94947423,277871481,1462859899,omni,
829,4,941274526,-1002432991,1436283285,directional,128317692.0
829,5,377581752,1178649733,1348817863,directional,199727890.0
829,6,993305089,-848731740,1380485668,directional,87625101.0
829,8,1258325527,154480802,1281887271,directional,293425222.0
829,10,-1265158836,-608458662,1104754159,directional,343174732.0
829,11,-187544390,-621860281,1039787302,directional,353577003.0
829,13,402784360,717308894,1230854412,directional,167386950.0
829,15,-1505272461,-759925005,1002237924,directional,343672790.0
829,16,-497290084,1575804906,1240068659,directional,127698083.0
829,17,1152766594,-943203448,1037097601,directional,169005647.0
829,18,-598139872,1318073460,1477146083,directional,70248966.0
830,3,-1708654332,67735062,1304003406,omni,
830,4,-423957622,-820566895,1056016518,omni,
830,5,-1069991779,925786492,1182894891,directional,325768055.0
830,7,33528908,373453382,1034540539,omni,
830,9,-465537884,-1205189820,1228566419,directional,183537902.0
830,11,-712657219,751985412,1307524495,omni,
830,12,1290743917,957824055,1157350777,directional,83408033.0
830,13,-98854140,70585111,1149520420,directional,68891239.0
830,14,-1368389580,726671285,1474609750,omni,
830,15,1325072627,536532573,1357755617,omni,
830,16,-38570932,737643334,1398790873,directional,186518923.0
830,17,1039928528,964421414,1005768117,omni,
830,18,215071585,-127285466,1338798862,omni,
830,19,172926637,-1350100362,1457993306,directional,47405602.0
830,20,-724833861,-1247975400,1265374326,directional,259212428.0
831,1,89859227,-555125594,1149413324,directional,6917389.0
831,3,-958087351,10533205,1250247221,directional,47626134.0
831,4,71033498,1706983109,1113625171,directional,117532441.0
831,5,1060975647,1261597490,1131941212,directional,316690771.0
831,8,1450445294,-120490609,1410695095,directional,272686556.0
831,9,-1236929082,-454363853,1418637749,omni,
831,10,207018758,245906966,1466406632,directional,162521432.0
831,11,383757081,1341909315,1345148158,omni,
831,12,20589937,1487986262,1043686419,directional,306242877.0
831,13,-239104221,-1245441191,1124636775,omni,
831,14,-454220415,713272070,1486986591,directional,87172586.0
831,15,-1148616546,195379556,1295727994,omni,
831,16,1007209911,324508804,1213299675,directional,225212208.0
831,18,55822386,498092698,1181618338,directional,330435300.0
831,19,-1629063722,489415330,1356686270,omni,
831,20,-497370621,-38351083,1319254817,directional,347009063.0
832,2,-1355938052,-973281736,1066145133,directional,239157075.0
832,4,-648332541,203867045,1152783739,omni,
832,7,1312605151,-642763818,1114314996,directional,203025062.0
832,9,542159123,-345431345,1441204401,omni,
832,10,-541737928,-1285534801,1071557605,omni,
832,14,-765047657,280586757,1299972527,omni,
832,16,1706083895,-217499761,1458798672,directional,131030318.0
832,17,-961061895,-1030075017,1209279049,directional,347506040.0
832,18,-1650759712,457674672,1156256187,directional,92202844.0
832,19,-1229093196,451517705,1307176802,directional,15744702.0
832,20,-1425662106,397674057,1027666172,omni,
833,1,-295148955,-1368665080,1048633120,directional,210248191.0
833,3,300401826,913924072,1141919899,directional,71910107.0
833,4,-577105638,200882883,1035941230,directional,18732837.0
833,8,-1548045546,-82666268,1345442198,directional,210537576.0
833,9,1446796489,-112928559,1149848404,directional,62593522.0
833,10,1403885698,-411677473,1270838010,directional,248102520.0
833,11,1350312404,936393594,1292918018,directional,14205644.0
833,12,370267053,-1095490791,1203522664,omni,
833,14,747715895,-792842971,1359147720,directional,325199196.0
833,15,994203447,1134812821,1195065163,directional,355002840.0
833,16,1039141162,-763389665,1365685220,directional,247884747.0
833,17,1687019694,-445470189,1458338876,directional,45519526.0
833,18,-633737288,-1066228212,1180932485,directional,182793374.0
833,19,-954176934,335657846,1103665759,directional,104158032.0
833,20,509006424,-1456085450,1404854464,directional,137328372.0
834,1,1233200692,-888507029,1097635378,omni,
834,2,960152113,-233324840,1276902157,directional,94707082.0
834,3,-1738513382,84139981,1223017773,directional,35268691.0
834,4,-1168057823,596932768,1467604292,directional,268869515.0
834,6,-544856821,235019363,1455344661,directional,151627735.0
834,7,-323930164,-1063705015,1189206398,directional,76057075.0
834,9,846301514,-1279738393,1433825573,omni,
834,11,594149571,1115440426,1071356409,directional,56677983.0
834,12,73649405,-755530265,1292860473,omni,
834,13,-418076512,1065390549,1496302589,directional,67481159.0
834,14,70531730,-1144388785,1152415028,directional,350889810.0
834,15,-1531591023,-462490594,1122118419,directional,76957430.0
834,16,-973962777,1358106887,1211438950,directional,325926093.0
834,17,144249085,1334154453,1440888744,directional,146922156.0
834,18,-994671078,204734199,1379597814,directional,270654411.0
834,19,-1145128814,-187054577,1496241562,directional,119978925.0
835,1,-992924909,-1440630011,1238902345,directional,145428065.0
835,3,1154281157,1176432641,1206384512,directional,277037388.0
835,5,-788345763,1095758977,1425024056,directional,139199164.0
835,7,-1301128402,-1014267030,1036984578,directional,32574088.0
835,8,-1155721236,1201308304,1381191602,directional,122464196.0
835,12,664502789,-1387223036,1130341720,directional,134525481.0
835,14,1525147816,-53143578,1343328301,directional,354080149.0
835,15,516518179,-1664236081,1313835702,directional,97189612.0
835,17,-274536822,161233429,1473987150,omni,
835,18,197321964,-1364894109,1223152032,directional,319507267.0
835,20,-640860541,1213471135,1010050193,directional,301181848.0
836,1,-296018538,1471327858,1004171614,directional,173099533.0
836,3,745435798,-749514223,1472766058,directional,232408981.0
836,8,52680849,1382223188,1154184105,directional,306453714.0
836,9,-493797990,-1059436677,1371071982,directional,274004658.0
836,11,984680717,-554303083,1419389763,directional,7244548.0
836,12,-503991837,-1485152613,1235266953,directional,120781782.0
836,16,-336445005,1427457710,1215714915,omni,
836,17,1027634761,-458633114,1437865351,directional,120209153.0
836,18,-479892962,1433167908,1144589194,directional,19027518.0
836,19,-1536528943,79844654,1201265440,directional,59360212.0
836,20,299020528,-1354989070,1177076356,directional,200111975.0
837,1,-572076424,941401141,1091758524,directional,173660255.0
837,2,-190914585,-738231410,1261843499,omni,
837,3,-903705895,1403698132,1317181455,directional,6811764.0
837,4,-1129197128,-1155698783,1198117298,omni,
837,5,380060633,1088250073,1230478330,omni,
837,6,-308058091,549243735,1491266690,omni,
837,7,1030163851,430282173,1146931397,directional,223571634.0
837,9,-78287047,1683542042,1155299221,directional,243888634.0
837,11,164454081,-508922212,1323658615,directional,246344820.0
837,13,-1007465934,-712399180,1452471158,directional,352172279.0
837,14,-1245615153,-80408549,1296141856,directional,299994859.0
837,15,1382459058,-121748514,1086649841,omni,
837,16,-1602077794,89935588,1459167429,directional,326167382.0
837,18,-1658605580,-273830283,1433189896,directional,83754597.0
837,19,1484939712,249131167,1142837015,directional,200540252.0
838,2,-579988049,-511617265,1307602321,omni,
838,3,-667399676,-386375343,1342644108,omni,
838,4,381061328,1329214798,1336626034,directional,144166237.0
838,5,-1313197873,3386760,1332392043,omni,
838,6,1323022845,-1963332,1434859589,directional,244779482.0
838,7,-1503258283,-182063564,1252508170,directional,215158199.0
838,8,189769989,-1349078781,1296296933,omni,
838,9,-1023566313,-537615993,1053377223,directional,113279172.0
838,10,-570276686,-653137033,1325690396,directional,334320520.0
838,14,392430195,919374836,1459042044,directional,77305530.0
838,16,-364204769,202808869,1282818065,directional,229992721.0
838,17,-606328961,1659572684,1112999666,directional,89025839.0
838,18,-40505918,-701647340,1445088898,omni,
838,19,-185732519,76371531,1391402445,omni,
838,20,1378036786,715767421,1121686670,directional,63312790.0
839,3,-45462160,-1618269274,1041298924,omni,
839,4,73103193,1298016726,1212269411,directional,34050342.0
839,5,155945399,-986482713,1118657741,omni,
839,6,-1015557148,854610751,1246636962,omni,
839,7,-758889205,-301936071,1202853539,directional,253459095.0
839,8,-795672296,760394023,1459091951,directional,344157578.0
839,9,393350824,-335802517,1426816974,omni,
839,13,-880137716,1060965833,1415027740,omni,
839,17,1019648513,-973788662,1439662451,omni,
839,18,-582092224,-1600658008,1435094631,directional,3058648.0
839,19,-637527690,-1045971997,1106075560,omni,
840,4,156877463,1607174025,1107291700,omni,
840,5,-764165046,-479508523,1384670943,omni,
840,7,-202936374,408054441,1228414840,omni,
840,8,-259587427,1090046636,1259047171,directional,109353421.0
840,9,-153584989,-338135098,1158827970,directional,304745776.0
840,12,-1388475470,-1085979927,1114016175,omni,
840,13,247124671,-485977876,1017842637,omni,
840,14,-1624308820,-174370534,1185984635,directional,86652568.0
840,15,-1136754710,-719293388,1296640785,omni,
840,17,-1019099123,462754618,1378626002,omni,
840,19,-1502462151,-120795908,1351910456,omni,
841,1,844661651,-939763040,1111684706,directional,89826055.0
841,2,-841454510,-1483038769,1229869651,directional,240722205.0
841,3,929194538,958198402,1096955065,omni,
841,5,1035979785,340189858,1070969743,directional,47971999.0
841,9,-1370262094,-697764553,1224004767,directional,337555818.0
841,11,98504686,-921701530,1480969343,directional,131156346.0
841,12,1026445067,-56856846,1056012446,directional,233387833.0
841,15,-224127899,-1714728271,1147665997,directional,31710200.0
841,16,-819935016,-1301561701,1235850788,directional,184343586.0
841,19,-483662571,-825702846,1385222449,directional,75728901.0
842,1,648773698,-1146350127,1206938564,directional,159721871.0
842,2,158616814,1496043425,1178815653,omni,
842,3,-453685604,-1434743339,1010634893,omni,
842,7,448311917,-802246849,1221152992,directional,77992800.0
842,8,-1098442569,-685562318,1273908515,omni,
842,9,-116937000,784856026,1294876190,directional,152881110.0
842,10,1161539907,933978026,1481960340,omni,
842,14,-945312761,-110184245,1456697930,directional,108518562.0
842,15,199173177,-754159529,1460798101,omni,
842,16,-1763575729,76449661,1155628546,omni,
842,19,1033528631,-820455424,1349078671,omni,
843,1,1243074538,-13378286,1123064646,directional,130305068.0
843,2,-69881409,-905176686,1071996438,omni,
843,4,918032220,752893947,1035125409,omni,
843,9,71963195,211537790,1319716628,omni,
843,10,573611589,-1146242303,1098758240,omni,
843,13,-1417449297,335545063,1399975798,directional,136430943.0
843,15,-748510452,-25099769,1269959851,omni,
843,17,-1607222634,330107886,1426159682,omni,
843,18,-533787638,510796082,1182005659,omni,
843,19,594552429,-268342633,1489114466,omni,
844,4,-827191690,-336321784,1039391488,omni,
844,5,-311745204,-772782474,1197442204,directional,28367271.0
844,6,1289838996,802747438,1005250942,directional,14710459.0
844,7,990251916,-1400019305,1369782276,directional,108586711.0
844,8,-1565876023,-779283544,1321629823,directional,233336471.0
844,9,-1303436594,188666253,1441867986,directional,199038188.0
844,10,378975805,-668474120,1098507969,directional,101572357.0
844,12,-712933350,1432575614,1151976230,directional,225572785.0
844,14,1441175355,-459024689,1287147821,directional,349012517.0
844,15,143998135,146835773,1046146261,omni,
844,18,-596653311,-1343853911,1204398729,directional,190951528.0
844,19,805995261,125300214,1319937197,directional,335846320.0
844,20,1043284779,233158852,1085204679,omni,
845,2,-893487098,-930923352,1484594993,omni,
845,3,754557126,992302210,1314863760,omni,
845,4,472706842,-1303187406,1127766787,omni,
845,5,-796728126,1522758624,1182238555,directional,12802045.0
845,6,-62129521,-922140758,1279005098,omni,
845,7,-228360262,-323565500,1181473240,directional,22655041.0
845,8,-1199201777,576429810,1467028522,directional,104684365.0
845,9,-1262614817,-334809656,1465593163,omni,
845,13,873700289,965250017,1023732291,directional,291059246.0
845,15,541006968,-715538811,1274070511,omni,
845,17,-1724338961,-363307752,1187578527,omni,
845,18,330706667,-982901464,1326413050,omni,
845,19,-426006934,-340033883,1454580322,omni,
845,20,953234761,621209479,1066609351,directional,291894499.0
846,1,-1142734555,298662675,1480999902,omni,
846,2,-828705045,-817339727,1421183374,directional,50520289.0
846,6,-1663195181,157706990,1100782309,directional,192923951.0
846,12,-529686956,1651228474,1028875698,omni,
846,13,1372008449,111211787,1377769530,omni,
846,14,-702399562,-205488326,1312851068,omni,
846,15,169003429,-502563790,1338864722,directional,351288336.0
846,16,-994873410,-483880648,1369707946,directional,267616164.0
846,18,217604536,470384019,1253791815,directional,177811795.0
846,19,1259541891,145706765,1428486703,directional,92029490.0
847,2,-225859068,998170660,1414277841,directional,338162065.0
847,3,40411059,288697319,1481484272,directional,174897625.0
847,4,-583377090,-921646447,1481822444,omni,
847,5,-1712570142,-2487351,1065107674,omni,
847,6,-509588465,-1555990096,1467827645,directional,325522663.0
847,7,1199748484,-261087369,1139154214,directional,79914491.0
847,8,689321694,1106207156,1067603738,directional,325120120.0
847,11,-745532243,-1490811761,1169664974,directional,199652319.0
847,12,-234747841,-1752988738,1417641424,omni,
847,14,641417585,139334841,1018712232,directional,219069230.0
847,15,-384230951,567235782,1114580808,directional,208157312.0
847,18,-116186654,238681026,1180889221,directional,52554731.0
847,19,-1500131940,93079112,1252381819,directional,67735562.0
847,20,-462374141,-1210795523,1084381687,directional,25751787.0
848,2,-127464119,-1318140565,1109609408,directional,309477455.0
848,3,-14229402,381975584,1375609346,directional,274595605.0
848,4,-173037190,-1657497207,1147129479,directional,188719133.0
848,6,1187150162,-1137678143,1311648495,directional,104791697.0
848,9,322849733,-1144359839,1409558873,omni,
848,11,1762703825,-12916078,1134764514,directional,72589741.0
848,12,-958936030,1410438063,1355544264,omni,
848,13,470465090,-123871235,1335340194,omni,
848,17,10353503,-1569146711,1020676723,directional,235979995.0
848,18,340466720,-168510234,1041210737,omni,
848,20,34276551,1261165039,1346474552,directional,256445512.0
849,1,706403214,436979836,1316966204,omni,
849,4,759074383,1141933480,1058521966,omni,
849,6,1029027526,-703134756,1398999191,omni,
849,7,-300221144,-757121427,1165364417,omni,
849,11,660533325,-991769334,1146155736,omni,
849,14,946708501,566668537,1071093804,directional,215173278.0
849,16,-408442720,-379626111,1126870747,omni,
849,17,-1302227310,990860487,1277072374,directional,233353877.0
849,18,-1741483846,-210862133,1392336454,omni,
849,19,539932587,1172137256,1490653027,omni,
850,1,635483310,-707859362,1360027414,omni,
850,2,68512015,-149682280,1144369733,omni,
850,3,-761892693,540684143,1233901310,directional,283584023.0
850,4,610439397,-1477485682,1445485197,omni,
850,6,-1066699440,1335301821,1239203047,omni,
850,7,968166256,1366169831,1403967990,omni,
850,9,-1334674148,-1103209737,1333908780,omni,
850,11,-269251630,-1745558818,1075111596,directional,129738095.0
850,13,1411003761,-249893014,1107034189,omni,
850,14,-352079706,435667943,1151069714,omni,
850,15,-311106361,-375387264,1274325439,omni,
850,16,-870901878,52997501,1362090696,directional,348307488.0
850,17,544723192,-367060930,1409579234,directional,332105130.0
850,18,1466893353,205158885,1281535214,omni,
850,19,-518908809,507131011,1008165398,omni,
850,20,-1246094178,128139256,1358616592,omni,
851,1,-1671839373,279699141,1159371218,omni,
851,3,-1198148892,-1055666080,1057038660,directional,257861081.0
851,4,296592047,1205396208,1269554717,omni,
851,5,-1540571074,798425621,1335577127,omni,
851,7,-644973002,-1135631344,1221529652,omni,
851,9,-311420113,308414074,1102510449,omni,
851,10,999835593,1031265078,1460847068,omni,
851,11,1268811462,155996809,1145242353,omni,
851,12,-1537233955,-800530399,1328740272,omni,
851,13,1172284412,-897308819,1237347442,omni,
851,15,579229874,288444252,1456488243,omni,
851,16,1536327820,-604123158,1246111816,omni,
851,17,-937531452,494490056,1093536017,omni,
851,19,720520154,920489491,1201839119,omni,
851,20,-153682649,236155874,1316703783,omni,
852,1,-1337027468,-179485118,1232787757,directional,119396532.0
852,2,-1418037561,142889820,1264746530,directional,324086365.0
852,3,-688903135,-554189132,1147192787,omni,
852,5,200121613,-1039925547,1299410967,omni,
852,6,-412188434,-16666025,1083184355,directional,188969340.0
852,11,1233899140,-567583081,1054945522,omni,
852,12,1398706263,567957033,1381050413,omni,
852,16,849894806,-1533567387,1066802980,omni,
852,17,669038670,-1209191713,1302162515,omni,
852,18,-134093271,652600125,1192475300,omni,
852,19,-1021911118,171913719,1277295377,omni,
853,2,-1318452931,173407026,1490798449,omni,
853,4,-1302792103,-692261416,1149639405,omni,
853,5,-356573830,-1134860665,1064692860,omni,
853,6,912839437,-1496594929,1484218124,omni,
853,7,1192791378,-1148192007,1159017923,directional,16211123.0
853,11,-329560228,-1169202841,1318403868,omni,
853,12,-316169454,448448274,1411933788,omni,
853,13,-876704992,-757406570,1037389605,directional,52798670.0
853,16,1572166821,713883537,1056819250,omni,
853,18,1583628200,-44626337,1368363260,omni,
853,19,-1596119244,179945402,1187672455,omni,
854,1,-1632303,-162765195,1431290510,directional,30173140.0
854,4,473072732,523672929,1158804999,omni,
854,5,578896688,505404289,1389021195,omni,
854,9,-1194528969,503270859,1053825168,directional,256505449.0
854,10,-1269489283,-162375484,1071908802,omni,
854,11,-933469437,374252527,1424521405,omni,
854,12,-682910036,1467231826,1247941525,directional,82402524.0
854,15,-315265810,975395631,1282888198,omni,
854,17,1530751050,612519703,1308998379,omni,
854,18,-1073823299,956446360,1388600268,omni,
854,19,1555431077,645373408,1050382033,omni,
855,1,-196888258,1748124432,1135208908,directional,30804302.0
855,2,1433463381,597307837,1029342794,omni,
855,4,1342882228,-1138504085,1244430694,directional,185453878.0
855,5,1602099915,-72229625,1481296973,omni,
855,6,857012684,953700960,1094028757,omni,
855,7,-971126407,728720966,1312870499,directional,194465120.0
855,8,555646681,-1385666971,1341499609,omni,
855,11,792274346,884782982,1387704735,omni,
855,12,-833471495,181079842,1113320024,omni,
855,13,-384535596,222663824,1071142667,omni,
855,15,-1363614367,-375297238,1466482478,omni,
855,16,-1623809249,-690309505,1467469477,omni,
855,19,-112940809,489379639,1111080050,omni,
855,20,-489288598,-1578087563,1141907618,omni,
856,2,1615155483,-513993843,1173655418,directional,145760319.0
856,4,1446094782,-733389756,1195808731,omni,
856,5,-980706904,-884336158,1281793218,directional,51263619.0
856,7,-70814190,-371763301,1202774840,directional,299867641.0
856,8,1276363529,604669731,1314364554,directional,32289137.0
856,9,1512021111,-163277277,1373287853,directional,268657388.0
856,10,-673130143,1159957781,1460889898,directional,26072738.0
856,11,-43054150,677875690,1088004192,omni,
856,13,-1388199580,148183590,1248909324,omni,
856,15,1320213228,571718373,1008015227,omni,
856,16,-753699895,892736401,1140005404,directional,349235955.0
856,17,356670110,641843042,1130010139,directional,286373267.0
856,18,-1462609521,-16069140,1462518949,directional,343785432.0
856,19,-422370348,1529010864,1341454166,omni,
856,20,-367342576,1610187945,1235392473,directional,352636832.0
857,1,290996355,283990010,1282554104,omni,
857,2,-322050353,1522519633,1277948956,directional,242245999.0
857,3,-536149581,-440211597,1300415554,omni,
857,4,252785305,-407992083,1031610028,omni,
857,6,18907836,360138166,1072803558,omni,
857,7,592797910,259652854,1251757584,omni,
857,11,1343527391,-922451612,1057035686,directional,116010388.0
857,12,-1459533099,-471384952,1009749096,directional,63151617.0
857,13,-190629398,-1683466638,1463132084,omni,
857,14,-513968610,-538766205,1242943746,directional,334595436.0
857,16,-868141663,352413954,1239332035,directional,179573633.0
857,18,545825954,617202381,1065853281,omni,
857,19,-577001023,-233530009,1395632481,omni,
857,20,1506209981,-345391323,1241081858,directional,80990754.0
858,1,-518384303,-508300955,1273850222,directional,240118448.0
858,3,537939185,1071975484,1167902463,directional,128353810.0
858,4,742054363,571933809,1482627807,directional,229467784.0
858,5,764024704,-1292492401,1252640899,omni,
858,6,139471184,1179801341,1328272545,directional,248023433.0
858,7,-1026813290,-127562019,1191662243,directional,146267607.0
858,8,-1448401637,201515767,1150961424,directional,278900464.0
858,11,-195915940,-1380879301,1212023315,directional,276101631.0
858,14,539546549,306872317,1234986715,directional,221950663.0
858,15,188031548,-250854903,1345525999,directional,195928684.0
858,17,1481748855,180053480,1376249323,directional,62459141.0
858,18,-714803807,638945002,1441339868,directional,126825701.0
858,19,-825516471,-1347384705,1410538604,directional,26530364.0
858,20,-603473473,-43053473,1043994236,directional,29508959.0
859,7,760648920,-994397383,1141944308,directional,37900830.0
859,8,302552792,1162511254,1359043992,directional,198343027.0
859,10,-1195320400,1000246924,1323725112,directional,305056239.0
859,11,-568892664,-1136805186,1270533388,directional,62713473.0
859,13,-1052737836,-1260869213,1447554427,directional,281956169.0
859,14,280006197,86823978,1051805583,directional,10325001.0
859,15,-1579999356,-20969566,1211867864,omni,
859,16,-1182260045,-711370243,1114727235,directional,10811182.0
859,18,-984063874,1443965986,1118661006,omni,
859,19,1465614155,317700373,1055507941,directional,53717202.0
859,20,-995336905,1320104698,1090267427,directional,143908470.0
860,1,1138299280,-916690453,1189085816,omni,
860,2,515269296,-353924293,1285843183,omni,
860,3,1007980925,1177132733,1498905766,omni,
860,4,1102881983,1071326546,1226062592,omni,
860,5,262394573,-1645885088,1256885115,omni,
860,7,-593410133,-100750847,1146171056,omni,
860,9,-536596840,-895259878,1423825638,directional,16288955.0
860,10,-694467527,120175036,1030525448,omni,
860,11,1461226137,-790881451,1496501781,omni,
860,12,235076360,-946186758,1132279961,omni,
860,13,592386120,894892764,1006974656,omni,
860,14,-1488910179,-231413398,1272115711,omni,
860,15,-747826586,-208015142,1042805206,omni,
860,16,-1653409153,-602676535,1050964292,omni,
860,18,-1209593210,-1022601787,1269493090,omni,
860,20,-842357035,1418066413,1127304381,omni,
861,1,818200880,-654375787,1131645930,directional,6576679.0
861,2,174925889,1033570938,1410042649,directional,158628373.0
861,4,875613148,1484977156,1468189470,omni,
861,5,-762888336,-573841743,1447785455,directional,164293123.0
861,6,100783444,-1369410620,1153057521,directional,279626541.0
861,7,601847558,368101127,1386378706,directional,136325242.0
861,8,811861921,647957004,1492542757,directional,245147212.0
861,11,-1514194152,-576206116,1383219281,directional,289024101.0
861,12,40678591,-828961483,1310787881,directional,264665110.0
861,13,-93496782,-1372856441,1374504230,directional,300408347.0
861,14,-261976835,-827283391,1382177754,directional,188059601.0
861,15,-1047258771,1306305802,1070946219,directional,228050775.0
861,16,137489008,1699197981,1136720361,directional,320931828.0
861,17,-982367589,1276114362,1318343014,directional,31934419.0
861,19,402536807,-659666193,1190359908,directional,131808599.0
861,20,-396924815,1152427344,1127971282,directional,244121361.0
862,1,-1597829968,-90024732,1285659540,omni,
862,2,-274956399,-158429464,1109225071,omni,
862,4,-1731820124,245025101,1403771935,omni,
862,5,-854888141,-479729433,1123734320,omni,
862,7,-952229057,-177482028,1125050618,directional,196048034.0
862,9,491293181,1360085696,1414475980,omni,
862,10,749168965,-687173107,1304046861,omni,
862,11,-256233826,685665588,1215102633,omni,
862,12,-343097626,958545770,1291859380,directional,276412275.0
862,14,310536927,1232574095,1338093310,omni,
862,16,643394826,-1178945553,1026683973,directional,194523965.0
862,17,-69016375,1080094552,1428200059,omni,
862,18,782365641,1272969802,1204815135,omni,
862,19,262795742,-137494437,1272035063,directional,261174054.0
863,1,1128979317,-6127372,1435674043,directional,57948044.0
863,2,-952983221,1284803761,1030874960,omni,
863,5,-558142891,-778503067,1416920959,directional,207430803.0
863,6,981795687,1044504587,1279465099,omni,
863,8,636853856,-1285136020,1224012629,directional,208570285.0
863,9,-280136453,1400484900,1432949549,omni,
863,11,-729637884,-1015334558,1017289094,omni,
863,15,-1186946166,1172528288,1348356080,omni,
863,16,445468031,-897152301,1068396454,omni,
863,17,65954318,-1441910821,1014370218,omni,
863,19,-199253858,-39210019,1143293002,omni,
863,20,-1135096679,-979408098,1382370961,omni,
864,1,742283835,-456630813,1148481143,directional,57496891.0
864,3,-93490898,975117077,1033211836,directional,338179431.0
864,4,1494998728,-854061724,1142215279,directional,9879574.0
864,5,633016463,-929624188,1386474655,directional,261259087.0
864,8,756640048,1305806222,1357481622,omni,
864,9,-489716223,-1508766301,1403602372,directional,249499836.0
864,10,-535226398,349050371,1443374073,omni,
864,12,164095528,538993572,1089087730,directional,304549637.0
864,13,-422701659,-179835939,1470038283,omni,
864,16,194175886,1478945118,1339345527,omni,
864,17,-1354276713,-211715283,1385875707,directional,113653482.0
864,18,-966221762,1051680426,1444788988,directional,347478175.0
864,19,540259508,-1131160195,1237041815,directional,331549555.0
864,20,996382064,1179366650,1139753032,directional,321724157.0
865,1,547467234,1046143331,1319425600,omni,
865,2,-64409204,-905258164,1001194759,directional,64460145.0
865,4,58230725,-282221950,1094890830,directional,356201515.0
865,6,294521782,1642153142,1155573828,directional,30847903.0
865,7,1524746214,58699552,1466751850,directional,358714464.0
865,8,-1343610010,-1142177523,1062847213,directional,277634374.0
865,9,-1520748082,471475390,1073435404,omni,
865,11,-663438575,-426820313,1279385073,directional,122477338.0
865,12,1041757648,1057748007,1018634214,omni,
865,13,662862493,872588426,1212839880,omni,
865,15,-1636650396,364176791,1455451542,directional,4121143.0
865,16,1051004610,727492408,1147193259,directional,75129058.0
865,17,670191198,583281271,1312352733,omni,
865,18,-877539992,-1112241467,1340659635,directional,35795535.0
865,20,251924225,-1105167682,1373111975,directional,106064204.0
866,2,-560172697,876477300,1207464488,directional,343521961.0
866,3,802232080,858306059,1101546248,directional,27126739.0
866,4,-265676695,-73684478,1218452070,omni,
866,5,511890768,-983974981,1236674449,omni,
866,6,1433815498,-855180186,1228426732,directional,209794422.0
866,8,1103243691,707028600,1036671021,omni,
866,9,1021650338,538940608,1116693898,directional,283786973.0
866,11,342286378,767298497,1326709502,omni,
866,12,-1513357461,-40746688,1028580215,directional,356558444.0
866,13,348506401,-172840747,1222909806,omni,
866,14,-685402560,-45382980,1471255970,directional,242849623.0
866,15,-737586163,-590197561,1486599700,directional,48972459.0
866,18,-127863422,-1736257658,1302985512,omni,
866,19,-920635862,156405774,1486800299,directional,68056903.0
866,20,1211089462,617580848,1240997606,omni,
867,1,-1641075139,-328734038,1134405769,omni,
867,2,722677985,-1107828611,1308752305,omni,
867,4,-943948535,271464878,1416900532,omni,
867,5,-1668436450,-32911040,1008662235,omni,
867,6,-340881583,294930656,1488553408,omni,
867,7,-828950244,-533153468,1014474731,omni,
867,8,-324575648,124420139,1025406968,directional,169066187.0
867,9,-515287429,-616922898,1376384279,omni,
867,11,-569119787,666879974,1272397933,omni,
867,12,1276698851,880895532,1083199222,omni,
867,13,-1401696447,-703074356,1196335790,omni,
867,14,-370800452,357738878,1168774451,omni,
867,17,1659985070,27394111,1220491157,directional,41860772.0
867,19,-1179811063,-306389761,1346166342,directional,255517289.0
867,20,-654873059,243564756,1043302528,directional,133988036.0
868,3,209455128,-626737725,1166961790,directional,138608062.0
868,4,-1355019633,131397052,1438409727,directional,236807826.0
868,5,1494748637,828123002,1347621814,directional,318030112.0
868,9,765845768,1111192742,1327918782,directional,329721292.0
868,11,9180584,1517405294,1179736305,directional,284720002.0
868,12,-355506410,-1356264335,1128249835,directional,256502570.0
868,16,152810220,457705572,1022289229,directional,155780628.0
868,18,394936263,-34911567,1046160514,directional,187002158.0
868,19,906423280,-104027577,1196980187,directional,14320715.0
868,20,746028561,343869495,1142684142,directional,50854320.0
869,2,-1052593976,1067162940,1358635068,directional,303063849.0
869,4,-56858760,-1576925932,1215143257,directional,5386220.0
869,6,121081123,758234863,1373791445,omni,
869,7,1555077911,589444198,1078217158,directional,352098272.0
869,9,422194017,-1326703673,1397920170,directional,110626549.0
869,11,-326139739,-665067603,1212334267,directional,274856622.0
869,12,1455601478,543966895,1083349715,directional,305349000.0
869,15,-50444284,153245765,1010928167,directional,243682292.0
869,18,-286033257,1240475609,1282092399,directional,273742803.0
869,20,1275872357,1039660827,1294539628,directional,61983425.0
870,1,712017620,-601991617,1268582103,directional,18685626.0
870,3,1584463670,-489005237,1004770214,directional,291230463.0
870,4,-210588877,427646200,1034240747,omni,
870,6,-137256006,-1379831642,1412746876,directional,261164668.0
870,7,181590010,-1623869413,1156580563,directional,98564489.0
870,9,-639208593,1154463275,1397548382,directional,152450185.0
870,10,1243392222,-1003468356,1188122820,directional,275126987.0
870,11,5192754,-688320997,1032868840,directional,247167514.0
870,13,577197979,-615403787,1347526145,directional,203046241.0
870,14,909630356,884635552,1404655287,omni,
870,16,1261962596,-211706847,1437972329,directional,150506873.0
870,17,1114102634,-998740024,1219339315,directional,295347119.0
870,18,-814995495,1270177661,1166537193,directional,322468703.0
871,1,1225966558,-545350612,1161887201,directional,236033268.0
871,2,-958447011,-258995521,1316135299,directional,130644393.0
871,3,-550427613,621701483,1118142349,directional,115693367.0
871,4,-99397095,-1728332107,1003510074,directional,202239450.0
871,6,-577206859,-1506794144,1403360606,directional,357342841.0
871,7,263780674,-259915067,1362430653,omni,
871,8,86119791,907603913,1472512142,directional,298800666.0
871,10,645636766,1338622439,1112508647,directional,187760125.0
871,11,-946516378,-786829046,1074065833,directional,137258574.0
871,12,-672467290,-408650889,1381136641,directional,308583740.0
871,13,927340014,-1048913532,1039632572,directional,7757380.0
871,14,-1446242104,-773930883,1443422028,directional,24845385.0
871,15,-75982723,1421088215,1411242164,directional,299316168.0
871,17,-1265632200,-1071001829,1048000427,directional,294514538.0
871,20,196364504,1641786188,1069206040,directional,216251859.0
872,1,1314503892,-31202241,1442705169,omni,
872,2,1210494,-770973788,1314448628,directional,342472500.0
872,5,-459974360,1011382858,1060258132,omni,
872,7,1487521018,-614467972,1099569639,omni,
872,8,94703,1457510187,1120472286,directional,215020099.0
872,9,-508358497,82476904,1398679860,omni,
872,10,511183937,660081094,1136904680,omni,
872,11,1132412549,-23734036,1232568663,directional,62653066.0
872,13,995535825,24321080,1317005378,directional,47966903.0
872,14,1671253867,141207294,1252760382,directional,212974558.0
872,16,-130277964,71402712,1235526743,directional,23254919.0
872,18,1105112392,-869821606,1423563740,directional,76296349.0
872,19,404401895,1010591560,1420844356,directional,192229315.0
872,20,-1082149949,1337032399,1062205604,directional,116997541.0
873,1,696299461,282262809,1028865189,omni,
873,3,-578474382,567596589,1384399247,directional,263963162.0
873,6,-11131398,-1749722866,1416441235,directional,331829200.0
873,9,-1748278052,-178319493,1105796539,directional,46622562.0
873,10,-1000356888,-277117706,1095547226,omni,
873,12,-635807455,386743821,1147002783,directional,276210678.0
873,13,957725257,-316105378,1063266857,directional,51204329.0
873,15,-719332314,239330689,1387568100,omni,
873,17,-1007506194,177554021,1087939111,omni,
873,18,1205690258,1082689374,1176429884,directional,263259008.0
873,20,-1624152110,-4125029,1325258325,directional,205370478.0
874,3,-1378479797,422481440,1102128863,directional,217450632.0
874,6,-1497358429,-16649921,1072451795,directional,118327410.0
874,7,865497174,-535359516,1229145257,directional,217242847.0
874,8,151736628,-876039237,1115224205,directional,32029294.0
874,13,-973651025,-207908504,1329293492,directional,234591757.0
874,15,916587428,1033406797,1083527796,directional,356632683.0
874,16,-1673240270,155897711,1063018819,directional,1040126.0
874,17,1218786269,457452962,1008316947,omni,
874,19,543023124,-1670477068,1265651840,directional,80390714.0
874,20,-433596962,640348406,1083543821,directional,113879740.0
875,2,-336911355,-379020728,1287676821,directional,337483728.0
875,3,948315346,-121687782,1161878657,directional,308265874.0
875,4,-1442372241,731144437,1119443339,directional,152040040.0
875,5,-1412830065,-22586634,1364934852,directional,114744380.0
875,6,941643024,-476935720,1167587492,omni,
875,7,-1105318285,-517411081,1471512907,omni,
875,8,-1095083057,276369499,1363997968,omni,
875,10,700830996,-225607147,1086613920,omni,
875,14,-625310064,889607685,1373725538,directional,242061291.0
875,15,361869863,-88517007,1401075606,directional,216466940.0
875,16,-381751345,913698343,1315741391,directional,60177676.0
875,17,282467544,535208551,1415006070,directional,296804314.0
875,18,183429239,522777532,1220379518,directional,90033631.0
875,19,973715229,746559941,1135802976,omni,
875,20,555564935,426417654,1341103126,directional,172468342.0
876,2,-793525657,-22326279,1368859277,directional,128843103.0
876,4,-727453737,-1050472576,1159250612,omni,
876,5,-1399324415,-613305999,1030678110,omni,
876,6,-1042107409,-117909137,1047010782,omni,
876,9,-1265829984,1128511123,1021334628,omni,
876,10,1034444840,-1049417406,1111592228,directional,174301043.0
876,11,984621423,62995527,1126962506,omni,
876,12,-362353464,190946768,1142882926,directional,347605981.0
876,14,556312988,1359541868,1244209439,omni,
876,15,-325762349,-746809960,1418095070,directional,155719661.0
876,18,785089525,-885045383,1156933740,omni,
877,1,-1168322298,587496427,1215895718,omni,
877,5,737317162,-1064054612,1116544176,directional,212188044.0
877,8,295826762,-1420209875,1141241620,omni,
877,10,-1541936030,-76196772,1378625553,directional,253981492.0
877,11,-1517631748,714432055,1476380281,omni,
877,14,-565629007,247344954,1210342784,omni,
877,15,941181192,508604770,1096670411,omni,
877,16,404035552,-857224051,1479478140,directional,222591325.0
877,17,-275593747,1321041605,1156775137,omni,
877,18,-674199316,-762457224,1392258877,omni,
877,19,-667918885,-361664770,1100152276,directional,314458914.0
877,20,-296247089,-1303798510,1072374453,omni,
878,1,1190617518,-974797352,1393489675,directional,204509752.0
878,2,-1219341975,174678784,1319275018,directional,177149859.0
878,5,-1271268305,150883990,1128789937,omni,
878,6,-70611537,-1264848161,1324706333,directional,150294772.0
878,7,-1330983538,50724639,1454198619,directional,127343957.0
878,10,-13964645,1041986081,1101030754,directional,322397622.0
878,11,974732962,470170416,1266092482,directional,157505224.0
878,12,-1459260196,915736034,1364170574,omni,
878,14,413158775,1311475465,1070797194,directional,65717422.0
878,15,-989480084,1033669834,1234259971,directional,291588348.0
878,16,972304700,737238462,1071631378,directional,348622669.0
878,18,1100883458,-335930014,1213033370,directional,104259705.0
878,19,-1564102007,-632005132,1279662147,directional,236856812.0
878,20,-354983436,-1412973097,1361056142,directional,329592047.0
879,2,-323602204,-78174564,1117003059,directional,57230309.0
879,3,-436671348,-1668912200,1369497625,omni,
879,5,-1595804897,-412337501,1079768314,directional,325235846.0
879,7,-858120591,1516016360,1031671587,directional,320246101.0
879,8,-359599601,-730621717,1311522797,omni,
879,9,444550681,-172669978,1432413578,omni,
879,12,-1053333575,403024363,1294243803,omni,
879,13,-354827609,-446262786,1428069074,directional,262906472.0
879,14,94513699,1348872381,1009863301,directional,94816042.0
879,15,112768715,382210445,1226997740,directional,121259651.0
879,16,-1109034533,91088455,1479595461,directional,236126300.0
879,17,1487868449,-636961193,1169205129,directional,298096639.0
879,18,1433426605,156662568,1149940993,omni,
879,19,882340832,-920893976,1168565045,omni,
879,20,278461879,-758557078,1189904015,directional,205319142.0
880,1,448268105,-1243407342,1401957664,directional,326976897.0
880,2,-1039782905,389182311,1105962749,omni,
880,3,528877091,-459221695,1482254274,directional,245041091.0
880,5,409065823,-426413241,1456057061,omni,
880,6,796647234,960376829,1394716073,directional,222309017.0
880,7,-1416431210,-102263107,1496774265,directional,124462682.0
880,9,-789887356,-596136596,1201144142,directional,262653346.0
880,10,-1190751677,-314693645,1408194658,directional,323613100.0
880,11,-647958129,1595199459,1472117377,directional,235305027.0
880,12,470643655,1345567272,1108484229,directional,27797376.0
880,13,214605056,-1094914340,1164596159,directional,156014509.0
880,14,-1124018388,-340873387,1023646102,directional,158195073.0
880,15,407645553,353039529,1047071709,omni,
880,16,1558037010,-23734439,1127828028,omni,
880,18,-1024977788,768421565,1152505267,directional,25271425.0
880,19,-545710468,119951158,1274894758,omni,
881,2,-213840700,-91341523,1129169075,directional,232548592.0
881,4,359958617,-338821534,1468009443,omni,
881,7,1161025293,60392710,1164493369,directional,19542732.0
881,10,606810408,1295836589,1167763497,directional,244285167.0
881,11,137083483,-1249005455,1158172465,directional,359519321.0
881,12,-1394842552,675365102,1350044574,directional,317532778.0
881,13,-852026782,971221269,1327996870,directional,342521405.0
881,14,1024930518,1275382571,1012089549,directional,101703134.0
881,16,-850400404,967963725,1042532621,directional,123243981.0
881,17,989872691,-1462392354,1116992755,directional,190527416.0
881,18,883869036,302253098,1020103965,directional,238119723.0
882,1,-1276266070,-29421126,1356214034,directional,38480559.0
882,2,997812648,-649149182,1157357024,directional,13350191.0
882,4,-1152784137,654265670,1074603205,omni,
882,5,350395082,270318587,1468416362,directional,36035939.0
882,6,-422100166,52435418,1424653972,directional,110189379.0
882,7,-695496294,913318902,1200109034,directional,139876940.0
882,8,-207170918,396128251,1442075514,directional,334111337.0
882,9,-677708991,-927002770,1072205924,directional,47565489.0
882,10,-1071935152,-916562762,1137279333,directional,12735397.0
882,11,-387330757,-1549088123,1048287745,omni,
882,13,1236609144,410008891,1048338365,directional,77165091.0
882,14,-1216052152,-7059135,1213725523,omni,
882,15,1188616867,-1215943813,1171496934,directional,163144708.0
882,17,1355054443,699881169,1021594097,directional,352014333.0
882,18,1319835799,-512681902,1094828920,omni,
882,19,1130475055,-519630670,1000681601,omni,
883,1,-371767596,1219509314,1259224322,directional,260488709.0
883,2,1558067787,433155027,1490791531,directional,197657666.0
883,5,459413076,776390558,1294748952,directional,50414845.0
883,6,-377759590,-671148830,1479412529,directional,100379170.0
883,7,134036823,-833802290,1120241171,omni,
883,9,485245266,-1479810779,1455701340,omni,
883,11,513081345,55183970,1080983724,omni,
883,12,-426855850,-344038196,1244979354,directional,171529378.0
883,13,-163782631,-1207483841,1013528383,directional,193628462.0
883,14,1463260394,-910782878,1100028457,directional,142543388.0
883,15,339163730,-1097188802,1404551373,directional,259907764.0
883,16,1069848546,-299776993,1470163000,omni,
883,17,300234503,932521536,1311920491,omni,
883,18,54260443,-1614903544,1165004185,omni,
883,19,67540514,-68163473,1284904163,directional,284829043.0
883,20,-1232994718,703839253,1021401411,directional,229198430.0
884,1,-1243525913,-26514795,1314804270,omni,
884,4,1668324258,-413205184,1026860945,omni,
884,5,1500179494,632414085,1123718776,omni,
884,6,375183525,-308385382,1037745203,directional,239254395.0
884,7,-1547395963,28032475,1203899292,directional,314786690.0
884,8,-1206096216,378599382,1269968751,omni,
884,10,626283425,1013152856,1127818715,omni,
884,12,698328905,-27466791,1133532713,omni,
884,13,-398432108,105698813,1271480150,directional,197940765.0
884,14,1099608682,1318696587,1370573205,omni,
884,15,960878334,-1121238880,1311491715,directional,67832541.0
884,18,-578183879,1265464998,1159796485,omni,
885,2,-483205797,643518877,1272117826,omni,
885,3,162291743,1109796647,1487688348,directional,341030749.0
885,5,556689798,-801410377,1338142820,directional,78592234.0
885,6,769460103,-290160980,1307455159,directional,251932758.0
885,7,-49907648,1551768481,1008370586,directional,84465934.0
885,8,-1082215891,-305727566,1387001247,directional,270766971.0
885,9,-86050455,-64098007,1493181394,directional,272204433.0
885,11,-493941244,954275563,1431447738,directional,136949965.0
885,13,-1275872164,151135961,1069278903,directional,261079193.0
885,14,-1009579396,-1299154749,1007274189,directional,317319330.0
885,15,-149607759,1276561009,1076438409,directional,277309185.0
885,16,1182710579,-1226822686,1142026771,omni,
885,17,-1323844937,767697372,1343985691,omni,
885,18,94771263,-645819546,1382264841,directional,161424031.0
885,20,-930026274,697063868,1120847343,directional,245352934.0
886,3,493087684,-368663381,1335668239,omni,
886,4,-920240753,-583484774,1030178775,directional,63772395.0
886,7,1187097111,1307586730,1453696699,directional,129899396.0
886,8,-422225354,848198645,1472654134,directional,227565002.0
886,9,1088358106,309526803,1356312048,directional,169613630.0
886,10,-35966965,-520335070,1206879841,omni,
886,11,248184604,420259565,1077446367,directional,270251869.0
886,14,-1699934,73567185,1172561089,directional,302515207.0
886,15,179981410,252899875,1374273557,directional,45552258.0
886,17,-227280976,-195257012,1238271422,omni,
886,18,-185736210,-656522819,1320650073,omni,
886,19,1097301117,-987860266,1239817080,directional,350227684.0
886,20,513755111,-235398429,1321579528,directional,66699009.0
887,1,367696210,-737015855,1349892014,directional,127875837.0
887,2,91669792,851400166,1434581622,omni,
887,3,-852846005,795881455,1097876739,omni,
887,5,1127473883,-1087644977,1425054219,omni,
887,6,1584755650,-76076576,1349566242,omni,
887,8,599254381,-308241853,1081466280,omni,
887,9,335043899,-608221100,1165492064,omni,
887,11,-398017244,850064040,1356691470,omni,
887,12,-1363752431,-156285134,1244964876,directional,261707504.0
887,13,1175875581,1035277715,1366057404,directional,312437870.0
887,14,874893125,-180852025,1198922732,directional,287766110.0
887,15,-1115407033,-825397805,1353002775,omni,
887,16,251211701,-1091295827,1394447239,omni,
887,17,506888345,329442775,1474148956,omni,
887,19,-614116120,704575396,1292701565,directional,40857728.0
887,20,-244813653,-486785376,1422287025,omni,
888,1,-1035767452,862224270,1383595570,directional,350012678.0
888,2,-822886889,-372149688,1374962055,omni,
888,3,696972714,-1304062238,1047748421,directional,305457051.0
888,5,-1130593613,-30485007,1185493947,omni,
888,6,480487141,-387065701,1025840758,directional,199283094.0
888,11,335327633,417294550,1256981812,directional,357051869.0
888,12,1026470451,987379706,1495486735,directional,296246908.0
888,13,-635235873,-318682457,1185359151,omni,
888,14,-707373538,37187355,1405137464,directional,35241567.0
888,15,-181370685,1061936191,1378200737,directional,313464709.0
888,16,728298626,14242144,1265762998,directional,294113080.0
888,17,207160099,1526473607,1105189369,omni,
888,18,-828253536,-344613758,1127959395,omni,
888,19,-1543932520,-638372406,1098752047,omni,
889,1,-46778945,414044997,1007897462,directional,35909046.0
889,2,190400930,500632670,1133238493,directional,203014815.0
889,3,-386098066,495828706,1290296099,omni,
889,4,-503842580,-132787228,1163746368,omni,
889,7,730111077,846660625,1316261675,omni,
889,8,-98557978,-1610940932,1382377636,omni,
889,9,-1211410203,241148700,1090024598,omni,
889,11,-1104373443,-686226792,1055262915,omni,
889,12,-662697581,-1011148219,1008999873,omni,
889,14,1285740767,-288790771,1139621128,omni,
889,15,640793945,-978516102,1357793095,omni,
889,16,1497853505,103094635,1201294810,omni,
889,17,-1604098912,-696269695,1226020576,omni,
889,18,-462838421,625393431,1198564128,omni,
889,19,1397834836,831815029,1335336614,omni,
889,20,811583237,857662800,1496059378,omni,
890,1,-921811724,350176340,1012864684,omni,
890,4,-615776818,158622366,1048581589,omni,
890,5,-1211545578,400161980,1059158451,omni,
890,7,-125106024,622399015,1127316340,omni,
890,9,470114950,-1122100809,1440363613,omni,
890,10,-457849408,117775623,1416150255,directional,123073256.0
890,11,591936206,947134420,1117417739,omni,
890,12,59193052,-236274118,1052653042,directional,108940014.0
890,13,-20996205,-1017968598,1132808118,omni,
890,14,-999810511,1311890983,1187202069,omni,
890,15,-1089733825,740083797,1002838992,omni,
890,17,-1055081372,-1043938703,1268540129,directional,182942918.0
890,19,-61376911,92891234,1255488019,directional,122367726.0
891,1,1170945754,1050260840,1270152373,omni,
891,2,-527006957,-269270400,1035334204,directional,14888481.0
891,4,-118317838,-1644014239,1402864092,omni,
891,5,697147701,355958786,1197574221,omni,
891,7,837073094,-377605402,1429851429,directional,200296288.0
891,8,367033693,1291872015,1366372600,omni,
891,9,-1113835261,-327208624,1310819867,directional,176941868.0
891,10,-1189946396,-469139336,1177030086,omni,
891,11,1594794851,759674998,1026479360,omni,
891,12,831014647,-429689827,1428064736,omni,
891,13,-1211834535,-214051676,1240798900,omni,
891,18,334255038,-1517287618,1427764977,omni,
891,19,1252625959,568160560,1142401800,directional,229665295.0
892,1,1575991470,412547758,1303515021,directional,69206671.0
892,3,179877141,1335832495,1177334964,directional,204090353.0
892,4,-583695362,1353419857,1169317172,directional,264730428.0
892,5,448301719,1047833461,1235359069,directional,10359758.0
892,7,-773569507,1512270014,1028406410,directional,301902590.0
892,11,1663758886,-139118747,1018382616,directional,97665006.0
892,13,-489687477,-604470570,1354134754,directional,309989844.0
892,15,-693523957,-521927459,1473552845,omni,
892,16,943826469,-973985152,1441165139,directional,103516711.0
892,17,-1040426239,1388679323,1025076506,directional,192648632.0
892,18,1477560995,-737236074,1106759740,directional,200542342.0
892,19,-80324372,341085125,1447051088,directional,75269427.0
893,1,1292236752,74645658,1373278172,directional,244795403.0
893,3,-1277099451,302705132,1282612111,directional,4799402.0
893,4,-927810095,860788299,1044051951,directional,33038764.0
893,6,-1722444156,378207211,1117209181,directional,183967924.0
893,10,1548308769,210337659,1185448369,directional,42967190.0
893,12,121854772,-89777389,1427737697,directional,167743179.0
893,13,1509343539,17090490,1042314444,directional,268894596.0
893,14,1488353448,-17485228,1044598683,directional,55775075.0
893,15,1002211417,710741737,1375800119,omni,
893,16,1407984107,99412941,1127047871,directional,359363330.0
893,17,-403735438,1446666505,1440283195,directional,274762771.0
893,18,1553484484,135470719,1009375045,omni,
893,19,-1538453213,-724772858,1106541459,directional,46612583.0
893,20,1272337835,141326955,1411694637,directional,31216763.0
894,3,-411525116,856455205,1134536434,omni,
894,5,-58378267,-498822320,1283024131,directional,36563253.0
894,7,-826467442,-1036553307,1232560793,omni,
894,8,190921947,-975885475,1184797369,directional,275357751.0
894,11,690088770,-469419620,1170378724,directional,112637810.0
894,14,-579119203,1331077536,1158669272,directional,239412941.0
894,16,-1179307158,364123947,1344274491,omni,
894,17,-555192943,202580293,1478281376,omni,
894,19,-73938510,1608939697,1288715683,directional,256591935.0
894,20,-836726922,-1539619989,1049002453,omni,
895,2,517208922,-435115347,1312147460,omni,
895,4,1064666844,-805843206,1148767294,omni,
895,5,900264907,-451743220,1261956510,omni,
895,6,-1428682934,-176601064,1416331429,omni,
895,9,523146949,1273573594,1175374799,omni,
895,12,477651432,-784608369,1197928277,directional,28380653.0
895,13,-1043079003,1284277532,1303043722,omni,
895,14,1301598336,1139531208,1391752659,directional,222613412.0
895,15,492524594,-1268697904,1255848233,omni,
895,20,1435620202,-962559292,1042305752,directional,247843220.0
896,1,1221558365,587850562,1138629131,directional,140001171.0
896,2,341196494,-740012061,1425846848,directional,206807673.0
896,3,256309844,-36397541,1499307107,directional,98190188.0
896,4,-1518455006,691788373,1146241854,omni,
896,5,-792561357,-1123890215,1278105514,directional,91659315.0
896,6,633437560,1456966053,1476195008,directional,257566661.0
896,8,786750350,-19951861,1442432524,directional,103000298.0
896,10,-875326654,1085997655,1299730129,directional,264388763.0
896,13,-15127222,-558152303,1282160643,directional,62883570.0
896,14,-89706999,-759802050,1029645014,directional,130578241.0
896,19,6294232,1446330189,1078277618,directional,282395673.0
896,20,676190496,-1208017996,1193581945,directional,194771605.0
897,1,-93151592,-1196335991,1000416990,directional,239552045.0
897,2,-512957881,745826520,1043697778,omni,
897,3,-587422445,-322473827,1277481420,directional,55843223.0
897,4,-936842014,927076723,1292645921,directional,195771236.0
897,5,-1581373520,785346292,1412699677,directional,25700405.0
897,6,265247531,1015004650,1208371178,directional,299217681.0
897,8,1298384362,712283852,1112035546,directional,317183310.0
897,9,560561527,-184844895,1001704574,directional,93249232.0
897,11,-487921103,-118122390,1245449562,directional,23263605.0
897,12,305192934,1553580163,1468877909,directional,53413591.0
897,14,1177250988,1165872880,1159574087,directional,75689464.0
897,18,139883812,245852655,1290091749,directional,230444301.0
897,19,-606767252,-691679695,1351112175,directional,68900067.0
897,20,-474193726,-568349657,1226569241,directional,170926186.0
898,1,-1721222150,-218536374,1488751253,omni,
898,2,-321771075,916730020,1409680165,directional,80570276.0
898,4,-1106642894,-1063029187,1362620043,directional,165202226.0
898,6,119941292,637738516,1253405235,directional,158935640.0
898,7,-995250655,1173678866,1252762036,directional,203758446.0
898,11,-829732905,240997359,1074711356,directional,223654103.0
898,12,-316598039,-413264685,1009786313,omni,
898,14,-73203244,-629711663,1317567339,omni,
898,15,537638931,-719998592,1491901359,directional,186845361.0
898,16,-1417364426,-177764008,1164781153,directional,57783848.0
898,17,-813089382,-361841070,1006202718,omni,
898,19,597060071,-1128015986,1406928170,directional,47547536.0
898,20,659880678,-123078771,1199977656,omni,
899,3,-297876580,-607842365,1391376621,omni,
899,4,-843318618,-259652467,1335762324,omni,
899,5,-1145838008,-688879742,1480769311,omni,
899,6,-404518273,1670308657,1175435660,omni,
899,7,-376442389,-5676381,1002362807,omni,
899,8,254603013,518522385,1224307027,omni,
899,11,-578126701,-668550666,1367351304,omni,
899,12,920068500,603339765,1334396027,omni,
899,13,298592553,1538025310,1204289841,omni,
899,14,701347652,1108826575,1319987095,omni,
899,16,-395846162,-66346772,1385229744,directional,211847791.0
899,18,1346986257,272060714,1215795689,omni,
899,19,-1674391274,-417417150,1297426550,omni,
900,3,1015873643,518187518,1141263845,omni,
900,4,327906801,-796261412,1062755702,omni,
900,8,-921128344,-47062567,1019030605,directional,345137209.0
900,10,-778354356,999031674,1347072371,omni,
900,11,1042717937,721908863,1193464943,omni,
900,13,913520449,763108162,1247413311,omni,
900,14,-849678233,-858894877,1265516182,omni,
900,15,854670886,-623558769,1315470467,omni,
900,16,-1627747597,-17917553,1278341626,omni,
900,17,983585956,-1212271075,1141833469,directional,348377052.0
900,18,374270897,-308887380,1005453947,directional,189963530.0
900,20,1051151226,-1046629709,1420561125,directional,224651023.0
901,1,-1335171847,286012282,1233001027,omni,
901,2,1333058627,1071017568,1341075248,omni,
901,7,-1656382871,-365072664,1132903802,omni,
901,8,-862537801,657555973,1333105113,omni,
901,10,-38104846,704650390,1480094349,omni,
901,12,-565968454,73062247,1240742753,omni,
901,14,458297678,-1432719751,1437966528,directional,48725856.0
901,15,-79713074,-1747389289,1376925427,omni,
901,16,477521415,-1063141325,1209202896,omni,
901,18,720933705,1353832766,1052544694,omni,
901,20,-1338299639,-715026144,1029788040,omni,
902,1,-869759208,328940764,1273799648,omni,
902,2,842861516,-1476903262,1191156349,directional,178540328.0
902,3,-81106681,1495299570,1006045747,omni,
902,5,-277678505,-1631148947,1036958097,omni,
902,7,5583683,235428406,1167927873,directional,238629874.0
902,9,-977307082,-974851379,1498655868,omni,
902,11,-930676938,-1036035018,1474339390,omni,
902,12,1025882457,-741534858,1001961192,directional,112509848.0
902,14,569609905,72059160,1000144522,omni,
902,15,251944496,544633648,1446676256,omni,
902,17,1242278038,314050714,1169213621,omni,
902,19,-1468242105,-42945635,1048852838,omni,
902,20,69081775,687100005,1222105498,directional,33714929.0
903,1,-1559644696,-708586541,1216601653,directional,56515761.0
903,2,-1080616854,810661046,1452204279,omni,
903,3,869703143,-524308086,1118271833,directional,94343431.0
903,6,-767880564,1392719356,1142316778,omni,
903,7,-1615125101,167056730,1437024457,omni,
903,8,-1308436249,-382852892,1120021913,omni,
903,14,1094191605,344147856,1176942341,directional,264942999.0
903,17,734734962,-1345338488,1110248554,omni,
903,18,-443903976,347668121,1396187167,directional,356137266.0
903,20,1222623847,1111151377,1185151421,omni,
904,1,925655053,-363720838,1200456468,directional,42405593.0
904,2,-231952278,137413101,1436691739,directional,184624188.0
904,3,-827430980,46153811,1302496158,directional,302215446.0
904,4,-1327537589,-523600664,1230251130,directional,94844663.0
904,5,1514177814,-566520068,1287184681,directional,331743146.0
904,8,598220446,-470462485,1243756979,directional,126633488.0
904,9,671626663,-1489314692,1435370564,directional,131014269.0
904,10,1572076956,-571753396,1415910820,directional,314505129.0
904,12,1507959952,397429656,1290327082,directional,278025750.0
904,13,1117236212,1257300391,1050193329,directional,46460354.0
904,16,361328625,6199440,1072222587,directional,186508226.0
904,17,475504480,-1588086330,1360704484,directional,78636059.0
904,18,1620610365,673136343,1434982640,omni,
904,20,30876692,-902418204,1172670078,directional,21629845.0
905,2,-62385319,-731432343,1299987521,directional,223258005.0
905,4,745808233,491345364,1023138185,directional,357358615.0
905,5,828270513,-1468496251,1449450725,omni,
905,6,1002244147,-1184623618,1279547897,directional,96048220.0
905,7,-1153538757,589023018,1335181491,directional,73850573.0
905,9,-145493822,-175910127,1080867430,directional,253419506.0
905,10,615610975,-999915293,1256700547,directional,155411375.0
905,11,-797485504,1209963100,1237123476,directional,16278275.0
905,12,1032876501,1315473484,1358650769,directional,75415976.0
905,13,-1294203264,-119560168,1170185158,directional,202935527.0
905,14,511144059,1030980113,1282964978,directional,63846625.0
905,15,-690221878,-1033995108,1344474595,directional,319929655.0
905,16,-455604957,-83974601,1086253746,directional,14321495.0
905,18,757263955,-1085794512,1157294193,directional,284927824.0
905,20,-341344291,967120668,1232622664,directional,18618598.0
906,1,375853131,-749137459,1241055454,directional,159343187.0
906,2,-1159277379,-571390908,1352302606,directional,187593320.0
906,5,538378684,1278204623,1392039089,omni,
906,6,-565354165,1357638037,1277648646,omni,
906,7,-444927046,-123704067,1228580158,directional,239397226.0
906,8,302019305,-1162677066,1198351925,directional,157035185.0
906,9,1657879481,-598375782,1265383361,directional,14581246.0
906,11,1651228662,-457407468,1128699150,directional,10316007.0
906,12,886294974,194666510,1268700709,directional,160809918.0
906,14,-265399663,390094123,1445947171,directional,245785135.0
906,15,1355648065,218393308,1416964877,omni,
906,16,25584777,-974375402,1388184823,directional,291441357.0
906,17,1312672998,-821913878,1190951641,directional,309557131.0
906,18,405814758,-733628004,1384986570,directional,281237728.0
907,3,290277159,712258786,1430718071,directional,301841708.0
907,4,471895007,532847168,1373806778,directional,11197290.0
907,5,-649641125,-805464120,1023297313,omni,
907,6,-691171430,-1261555086,1237441767,directional,3004600.0
907,7,156677345,273749241,1440982849,directional,224677540.0
907,8,744137021,-349518320,1311504476,directional,37713219.0
907,9,-621521173,513912958,1180040982,directional,91912032.0
907,10,-1095702825,-838506885,1160777273,directional,128176276.0
907,11,-90207505,1269927308,1357996785,directional,350924372.0
907,13,-514987367,1148301826,1466057279,directional,320169572.0
907,14,393731118,-1016498848,1304984032,directional,350881817.0
907,15,1146656625,199418755,1194876992,directional,46921738.0
907,16,-1078282103,-227683878,1279877578,directional,74736842.0
907,18,226724299,114425643,1323783752,omni,
907,19,-1004854335,591599281,1402924636,directional,211602117.0
908,1,-231388827,699826923,1358251808,directional,24085688.0
908,2,72127994,-1374688066,1056923319,directional,210922334.0
908,5,-947125313,500221529,1149869707,omni,
908,6,350233944,-693822603,1141300532,directional,221085513.0
908,7,1123307113,-286056906,1175866508,directional,188381153.0
908,9,-329486876,-366589187,1109153826,omni,
908,10,889609047,1264244811,1207897693,directional,356271024.0
908,11,-895823274,1252577353,1033729896,omni,
908,14,322632310,-718231397,1248345981,omni,
908,15,658714613,203268279,1162772916,directional,123155733.0
908,16,-134510953,1256011910,1199703683,omni,
908,17,-858506321,-201439398,1050149915,omni,
908,18,-594969249,1024589061,1321203347,directional,295127537.0
908,19,-620940727,954137828,1128425059,omni,
908,20,-736857683,-254816211,1423185545,directional,324255521.0
909,2,-263205300,-1451630405,1164744338,omni,
909,3,-1220501208,1029118659,1394175812,directional,328552590.0
909,4,-1008295191,-1112622893,1376076842,omni,
909,5,-1570351082,188775280,1475802587,directional,74578614.0
909,6,694977917,-1279325054,1005995036,omni,
909,7,-759974670,897559230,1124825951,directional,213316150.0
909,8,73633749,1074362526,1293934069,omni,
909,9,119313912,-161837870,1008692329,directional,231090745.0
909,10,-1317947533,650792569,1434416661,directional,202343041.0
909,16,1585036682,-162369864,1303719992,directional,171686359.0
909,17,918130074,816410947,1005921840,omni,
909,18,61684349,531825803,1429355630,omni,
909,20,1557904037,78308160,1126563888,directional,264731037.0
910,1,673347378,-674022510,1184299619,directional,54843382.0
910,6,-898277381,83932666,1287704782,directional,337383515.0
910,9,-567247811,993243776,1124907328,directional,138872310.0
910,10,-944971479,1220645505,1067246166,directional,30017157.0
910,14,-1152402888,470573600,1117990720,directional,821134.0
910,15,714686785,-1117896937,1452472128,directional,132951536.0
910,16,912482270,210347001,1049356964,directional,317097287.0
910,17,-854688452,613771965,1494952231,directional,190439519.0
910,18,-193984569,-1659289553,1066192704,omni,
910,20,1202739402,566675646,1082707174,directional,54540835.0
911,1,-263646931,1237170578,1414711453,omni,
911,2,525809679,-1647743064,1210095428,directional,17492467.0
911,4,176381719,531315886,1375241083,directional,231407321.0
911,5,-1311193090,115160036,1450707527,directional,241686418.0
911,6,-576990892,-1270126796,1397845662,omni,
911,9,1040868431,-1019557193,1053152431,directional,144367083.0
911,10,-277208379,-158750897,1255176957,directional,93253435.0
911,11,-1418443946,-421909497,1172519564,directional,235491106.0
911,12,-1082515596,-1199888769,1406692223,omni,
911,15,-1585632095,-466350574,1231693774,directional,145474435.0
911,16,-711796616,546239964,1299405515,directional,170083136.0
911,17,323098753,-1060104045,1216375235,directional,73260556.0
911,18,1132000941,-1233123629,1444082731,directional,314101032.0
911,19,602877385,-425432968,1162289518,directional,44784232.0
912,2,1007375857,-1236592671,1231500022,directional,44141365.0
912,3,-1040785976,1005587570,1167313678,omni,
912,4,-339712191,1207661840,1189385579,directional,28258581.0
912,5,-523769949,-356398884,1359783718,directional,133261064.0
912,6,-456012500,-878294530,1359552339,directional,119353129.0
912,7,-825122038,1398348778,1023725335,omni,
912,12,-613878168,-405298028,1476598175,omni,
912,13,-317046867,1036319011,1134813451,omni,
912,14,-998362331,-17447433,1106854357,directional,262887872.0
912,15,-539284616,515475257,1089016728,directional,143103168.0
912,16,334991723,-301802663,1084916625,directional,308404902.0
912,17,215578806,1265523792,1103183739,directional,37305928.0
912,18,-602651298,-906234065,1181556258,omni,
912,20,276451838,1530074751,1111711889,directional,255554508.0
913,3,223762658,1579462697,1375074845,omni,
913,4,520136296,37890474,1249527292,omni,
913,6,-765833914,-114645582,1212509419,omni,
913,8,1345566818,-1079518063,1075675533,omni,
913,10,-691993681,-1396320469,1496428514,omni,
913,12,775432109,-1001410630,1371877956,omni,
913,13,1296805664,838577019,1267756756,directional,326327195.0
913,17,581494449,75148849,1420800152,omni,
913,18,737923384,-660480460,1153622991,omni,
913,19,-1569261293,681058975,1101622298,omni,
913,20,-1443743937,528480008,1025328025,omni,
914,2,-510689323,1637905757,1347508809,omni,
914,3,1318704503,675496903,1013686371,directional,77302398.0
914,4,1232808096,-1102807021,1327027765,omni,
914,5,558567897,-798639619,1493397524,omni,
914,6,-388386884,38069800,1300111771,omni,
914,7,525181399,672246071,1450328128,directional,306182093.0
914,8,-587800478,16899315,1054548795,omni,
914,9,65906900,495950895,1240884334,omni,
914,10,-717349780,-705515106,1445395722,omni,
914,11,138064960,-284188099,1076521949,directional,137336170.0
914,12,385687277,-1180424650,1402565215,directional,175937814.0
914,13,-353445738,-623487875,1052716075,directional,262373453.0
914,14,1701596479,266454564,1122186464,omni,
914,17,1696494067,44780584,1408583590,omni,
914,19,-640643618,-639779518,1068338943,omni,
914,20,-793318699,972934550,1078827823,omni,
915,2,-1520020096,545402976,1042051040,omni,
915,3,1431886850,-76549145,1159103352,directional,198980278.0
915,4,-903095875,-1273057897,1213940086,directional,128808366.0
915,5,-912377850,1120829156,1494816132,omni,
915,6,-505014569,377653034,1335162410,omni,
915,7,-911671334,-544122742,1337224212,directional,299270393.0
915,8,-210542903,-1498594085,1384568471,omni,
915,12,-262217925,-1497212708,1043917008,omni,
915,13,-494697986,575880071,1290167033,omni,
915,15,1286911014,-95955181,1312979254,omni,
915,16,200381052,-1232211812,1275214941,directional,314034239.0
915,17,-1031899177,727469945,1303962500,omni,
915,18,-596324222,431319485,1496535223,omni,
915,19,309925425,1702341750,1498641003,directional,274719443.0
915,20,-432183857,-377595526,1074777569,omni,
916,1,-866350001,1169630093,1186833133,directional,354244625.0
916,5,605377138,-865366995,1487932733,omni,
916,6,749363109,-1309044812,1399320271,directional,290088281.0
916,7,757192538,-1481714974,1377903564,omni,
916,8,431160966,1292414863,1303711713,omni,
916,9,252862879,-235447415,1009134444,omni,
916,11,-1659618198,-462993000,1468950020,omni,
916,12,1227890841,-446901324,1101105276,directional,106586646.0
916,14,760258145,-1207099988,1079176228,omni,
916,15,602343097,-668505202,1298326656,directional,33070521.0
916,16,1217980848,289716621,1205112965,omni,
916,20,1341186150,579794262,1165669151,omni,
917,1,1459119216,-563306524,1156668616,omni,
917,2,973636280,-26969929,1416253666,omni,
917,3,841206323,-1340884621,1082054068,omni,
917,4,-449148094,-1139137038,1495675985,omni,
917,5,-603569358,-1237159745,1308810859,directional,266731620.0
917,6,-585100478,1619602338,1084869057,omni,
917,7,705273058,619095519,1143518080,omni,
917,8,129794260,-394915285,1297540640,omni,
917,10,44990764,-252889853,1240439259,omni,
917,11,421334215,-523895010,1126620312,omni,
917,13,-1160873275,804380976,1406178151,omni,
917,16,847708891,1347063260,1228429222,omni,
917,17,-921319441,18637235,1353366789,omni,
917,18,-445510215,640665269,1179009675,omni,
917,19,-605060745,-979602460,1058917867,omni,
917,20,-829903671,-296817913,1355205045,omni,
918,2,-439796866,-1586302021,1142588879,omni,
918,4,1593100353,-289740979,1335016498,directional,258501458.0
918,5,-450426259,361292312,1200991709,directional,26501813.0
918,6,494656763,-781519027,1090562201,directional,100205487.0
918,7,720153816,518829517,1184708852,directional,187385046.0
918,8,-2495799,-1652927646,1213375740,omni,
918,9,434385742,1209022389,1101099566,directional,2633854.0
918,10,370370757,-350145639,1033428167,omni,
918,12,-1307848766,176188636,1407726856,omni,
918,13,1061356473,428635008,1497125837,directional,88091664.0
918,14,-230322139,441840473,1441825233,directional,225500286.0
918,15,-365056662,-1220970364,1441836710,omni,
918,16,55574144,1434425775,1214876793,omni,
918,17,-1444319073,373220463,1017625727,directional,326366277.0
918,18,-583658159,1204204453,1429499096,omni,
918,20,-1024898007,398875617,1111938705,omni,
919,2,-154749753,-271317731,1461598070,directional,277060643.0
919,4,-228880431,-1446276058,1373258518,directional,172667642.0
919,5,-280777405,-7428217,1400789347,directional,312276002.0
919,8,141061657,1261301586,1211264162,omni,
919,9,1411777293,-383447582,1216573753,directional,187176024.0
919,10,917201414,472681958,1170710766,directional,45682988.0
919,12,1361908381,199818859,1270128061,directional,101594024.0
919,13,1207429006,-876693193,1200163509,omni,
919,14,-568752710,1065432285,1486398587,omni,
919,15,272902837,-1275030897,1227417226,omni,
919,17,-805393670,-608374656,1408202643,directional,254680248.0
919,19,-1236911673,-1180083334,1324604939,omni,
920,1,-1392179642,475679257,1285894895,omni,
920,2,-753574761,585457089,1068588217,directional,329351508.0
920,3,-129000531,1411810998,1080927741,omni,
920,4,1112415152,-727773229,1179461340,directional,125105664.0
920,5,24103545,1025496911,1155845041,omni,
920,7,-141494857,-1168950913,1492113401,directional,107004324.0
920,8,817175205,-511141722,1398909124,omni,
920,11,878146458,-960588610,1107091415,omni,
920,13,-1451487834,438679644,1220719725,directional,195063850.0
920,15,-986864829,-925451779,1391879049,directional,143871989.0
920,16,1509815352,673390450,1288380394,omni,
920,17,-1198458523,-163717866,1013079193,omni,
920,18,861728996,371610049,1461296990,directional,106798849.0
920,19,1262773306,-339707555,1114405517,omni,
920,20,-716104927,-1235369054,1148808696,omni,
921,2,972970174,-1285982769,1234214595,directional,342101876.0
921,4,999390194,304147953,1143661382,omni,
921,6,527400766,-1675266485,1148851982,directional,172115876.0
921,7,1580695079,-170875341,1184753034,directional,231437661.0
921,9,1395693159,151732742,1130808805,directional,329621193.0
921,10,816499282,1030048380,1353924128,directional,112595421.0
921,11,841070452,463240797,1306889759,directional,257936321.0
921,12,-948843103,991844937,1374087311,omni,
921,15,-374663325,592477261,1268199600,directional,58835619.0
921,18,-358083749,-206453946,1274587217,directional,326594487.0
921,19,1216417325,-496244411,1021621834,omni,
921,20,858096944,-53144038,1479416776,omni,
922,1,-787560673,1583469946,1047104316,directional,285424326.0
922,3,502124542,-1510688782,1336368163,omni,
922,4,1410078295,375229462,1045756815,directional,90429079.0
922,5,1265153540,690313113,1406106149,omni,
922,6,1027520830,-753429892,1270365107,directional,205237777.0
922,7,-1647136991,-284723960,1496234893,omni,
922,8,-914433459,1111811661,1288263261,directional,160793209.0
922,10,1040827130,1217749514,1269033890,directional,344758025.0
922,13,-1636416245,476831541,1485221324,omni,
922,15,-899911355,-967772863,1284461479,omni,
922,16,-1158291441,1149433848,1094760104,omni,
922,18,-819830368,1219910866,1445522099,omni,
922,19,-1461807365,528301086,1197906129,directional,225526095.0
922,20,1116177474,-195630839,1245985880,omni,
923,1,-551814690,1668208905,1303247844,directional,55135165.0
923,6,-859806865,622326284,1440146577,directional,261962249.0
923,7,318237393,-1210746228,1294001061,directional,283365042.0
923,9,1546159046,459595585,1478846703,omni,
923,10,-1145859258,466105077,1156321190,omni,
923,12,677985902,342452195,1168979717,directional,62759708.0
923,13,1099606375,419813025,1175311357,omni,
923,17,176485538,335456971,1231203697,directional,110054149.0
923,18,1284486267,504374653,1080649057,directional,359202845.0
923,19,-112481614,720845806,1408660632,omni,
924,2,-1133453898,593083193,1057261999,directional,103571827.0
924,3,1354751395,515905086,1060160047,directional,149288879.0
924,4,36810470,1046848530,1314257263,directional,53612923.0
924,5,-1034736413,-750119092,1364584598,directional,230795671.0
924,6,-329883087,-417301903,1255704398,omni,
924,7,1018279172,236035113,1295492631,omni,
924,9,648430267,230960662,1167704691,directional,132654656.0
924,10,18284781,985872376,1124576340,directional,204057565.0
924,11,-170316395,563840031,1009741300,directional,218547885.0
924,12,-1564764845,169377521,1018746629,directional,196533152.0
924,13,-1533167277,-606633514,1045719818,directional,187260846.0
924,14,-1009993256,-1348017634,1302190414,directional,156626697.0
924,15,590379619,847524916,1389398194,directional,103272603.0
924,16,1544312622,-91748338,1375891915,directional,111889952.0
924,19,-153356644,186168431,1346398301,directional,117467689.0
924,20,646457193,-1280737599,1288076733,directional,153521997.0
925,2,-798215029,-103240639,1132368506,omni,
925,4,-1587820020,623274399,1021393671,directional,39359662.0
925,5,378854572,-1022662141,1056974835,directional,25173451.0
925,6,1696039992,-450612713,1310016493,directional,223550873.0
925,7,2543543,1036280775,1234231340,directional,272647400.0
925,9,-266658307,-306631447,1488160395,directional,337612666.0
925,10,-258580045,713850384,1205891817,directional,162411489.0
925,13,735338486,1009330272,1217535408,directional,30494922.0
925,14,-949378365,-1233478370,1071438583,directional,73487809.0
925,16,-462351428,-1166801486,1362837503,directional,143672715.0
925,19,-158213070,-1294967254,1447184793,omni,
925,20,1562904809,-744983223,1319869927,omni,
926,1,-434487340,-1499010563,1115694825,directional,311760719.0
926,3,1220802655,-846360612,1076081335,omni,
926,4,-383240540,1331200070,1351094697,omni,
926,5,1706239300,-448670459,1376812232,omni,
926,6,-696749255,718081526,1352962364,omni,
926,7,-785097054,1540095894,1053140690,omni,
926,11,-925418767,-1029606623,1067417221,omni,
926,12,1034605276,-1062958023,1160399400,omni,
926,13,-72763893,-1658740407,1121453138,omni,
926,14,-594187266,-1379125474,1419669560,omni,
926,16,-629083060,1102300674,1158869618,directional,232885324.0
926,17,-537895698,730770703,1087966418,omni,
926,19,-184044069,1047871744,1282245523,directional,161205571.0
926,20,-1226428443,-300435236,1083792992,directional,164878527.0
927,1,-497602182,1106149034,1044935534,directional,300571246.0
927,2,-564230500,-748497909,1489053591,directional,71353434.0
927,3,-810084788,495064899,1499594793,omni,
927,4,650164795,-1001822788,1010373030,directional,38563373.0
927,5,-100488032,-258584868,1319120135,directional,36019879.0
927,10,829317306,1158770404,1279103687,omni,
927,14,700444994,-1015616986,1376551055,omni,
927,16,-22044318,1281255482,1161858053,omni,
927,17,-1330404094,688216646,1204461089,directional,168629881.0
927,18,-629041413,965452820,1463790735,directional,136274141.0
927,19,-785660466,-640834255,1167170634,directional,306692909.0
927,20,-536623610,1152572376,1333536922,directional,260856641.0
928,1,-1644211680,604270028,1270168028,omni,
928,3,-1177945983,-424723996,1357626505,omni,
928,5,-554103569,-276632619,1305292462,directional,356457404.0
928,6,-1086462233,-450140213,1420007520,directional,306574424.0
928,9,1522011236,84165305,1100403752,directional,12322131.0
928,11,857769890,1385830499,1186935414,directional,204486552.0
928,12,-294570087,-151296649,1096995247,omni,
928,13,-810267383,-332014934,1285286111,directional,235564098.0
928,14,-127708768,-1685435654,1332655010,directional,340402887.0
928,15,-303365175,636027285,1281289761,directional,36691744.0
928,16,-1511938526,257358355,1339989768,omni,
928,17,-765152203,-1504531639,1403061015,omni,
928,18,1735559602,184126202,1394440904,directional,335965130.0
928,19,-458113780,235265351,1331271302,directional,265589231.0
929,1,4261914,152763689,1146980951,directional,155597687.0
929,2,1183255446,649455540,1237323866,directional,199489650.0
929,4,-40385847,-247463924,1204141328,directional,288782164.0
929,5,-270834724,1453897838,1396592942,directional,251862448.0
929,8,299021576,576545587,1124642329,directional,322418768.0
929,9,1588177342,1472174,1019867088,directional,94803793.0
929,10,1494172234,-734414798,1490069561,directional,112676657.0
929,11,-455500930,-223218530,1240380120,directional,57711621.0
929,12,-394185203,-1459284069,1266236527,directional,15102524.0
929,13,718101178,-811875489,1134782922,directional,216131095.0
929,16,-1611135344,-524912906,1488098581,directional,51124451.0
929,17,-924092293,1456561790,1359824583,directional,236195028.0
929,18,-291889912,-381214368,1054039568,directional,6500918.0
929,20,-203400316,-1499520764,1206351495,directional,154504205.0
930,1,1390092290,881433971,1220260470,directional,314748015.0
930,3,511632981,-371882416,1177705204,directional,108349018.0
930,4,479844746,-669668781,1286048358,directional,282887360.0
930,5,-617571155,-1545468974,1408239457,omni,
930,10,-1298476124,172262260,1140769374,directional,103611901.0
930,11,-1051173181,-800254487,1441321295,directional,345796861.0
930,16,197855953,-1664444963,1445039638,omni,
930,17,-557887098,760406696,1474944563,directional,337112507.0
930,18,-548560307,1647459130,1494688328,directional,220702358.0
930,19,-774487389,-825931709,1264735815,directional,349120390.0
931,1,-1180256493,133261474,1444981047,omni,
931,3,-346813571,-1123438827,1169393326,directional,73280766.0
931,4,12453763,-1694514099,1340446281,omni,
931,7,-657935618,-1120514741,1150699681,omni,
931,8,1496890771,-300929420,1079220249,directional,291521218.0
931,9,-941901327,857891702,1494051903,omni,
931,11,562813802,878719575,1076613108,directional,37182948.0
931,12,-105801045,-515112708,1376734819,omni,
931,17,782217408,-1234926031,1122837939,omni,
931,18,-881683469,1408082903,1172680113,omni,
931,19,-693052734,214445851,1237476281,directional,266392289.0
932,2,829213857,-1260460354,1114611814,directional,115887998.0
932,3,-1066266242,-379538001,1000130222,directional,152253103.0
932,4,998731536,458882422,1487948715,omni,
932,5,-757191007,-63393248,1415065898,omni,
932,7,319185252,-917921535,1087554454,omni,
932,8,150384940,760573782,1483140366,omni,
932,10,-135901327,705529919,1451988631,omni,
932,11,373063055,-3432123,1316962522,directional,151673370.0
932,15,-328179202,496509922,1405345382,omni,
932,16,723145085,590580458,1086582207,directional,47320522.0
932,17,-224866520,1701388829,1452997104,omni,
932,18,-210366963,-677768356,1214026238,directional,188798918.0
932,20,-56219449,-219001114,1417799483,directional,67052235.0
933,1,-1079734530,1083000338,1160618895,omni,
933,3,886985364,1296602659,1099757840,omni,
933,4,-837528568,-177882021,1036700226,directional,315491182.0
933,6,519795294,-1570512715,1145107291,directional,16528176.0
933,7,501654933,-128233396,1297343381,directional,329294625.0
933,12,-1257799621,679497814,1045051979,omni,
933,14,-639754251,1056357637,1230291150,directional,312246418.0
933,15,608766083,1549715256,1438058099,omni,
933,16,-244484075,1380984293,1232861855,omni,
933,17,-248880762,1318854072,1400118572,omni,
933,18,-1076685331,-313602987,1190525355,omni,
933,19,627880574,-1403441667,1267854335,omni,
934,1,515661231,738493462,1158719377,directional,76792739.0
934,2,-210343304,-1186263434,1308829774,directional,143047454.0
934,3,76077431,-458508568,1489106590,omni,
934,4,179526079,1175991944,1204248724,directional,291287590.0
934,5,-1666770194,34743118,1286020756,directional,260656111.0
934,6,-443047082,-578439275,1301664014,directional,139981426.0
934,7,1546861685,466666671,1001713540,directional,279853779.0
934,8,-248216331,-1040102571,1363825231,directional,98134185.0
934,9,-389666145,1360932837,1011575632,directional,240335527.0
934,10,-603058083,-1167623618,1272194602,directional,72882250.0
934,13,178954300,857952784,1398661254,directional,133680252.0
934,14,-1663837771,-65937070,1181464218,directional,163051446.0
934,15,-802570139,972985452,1197538790,directional,3218646.0
934,18,-896277253,97420703,1444003834,directional,114792316.0
934,19,-1158564405,-210713670,1239096500,directional,84207407.0
934,20,482556685,-532834915,1164016394,directional,9951436.0
935,1,1126477759,-1358925967,1183871549,directional,139122259.0
935,3,-53251365,1332292513,1243202567,directional,72042092.0
935,4,1580311880,-275304816,1372943411,directional,319334898.0
935,5,-1087610605,1213933371,1483967442,directional,214659287.0
935,6,605752268,1506904480,1481304747,directional,221520256.0
935,8,1279845733,430101457,1449291748,directional,291324600.0
935,9,-1381260514,-1040469924,1015647860,directional,17327869.0
935,10,-669322685,507684799,1395273629,directional,125875310.0
935,11,-1423373683,156013546,1132371121,directional,332213550.0
935,13,-531457774,-1398606527,1017562795,omni,
935,14,1650040974,-382823593,1007153476,directional,333031781.0
935,15,-321084677,656298515,1330531482,directional,258860703.0
935,16,-622084341,-1479750549,1446537985,directional,201630240.0
935,18,515624595,1293151028,1360080381,omni,
935,20,-893407422,363089514,1241588465,directional,116181849.0
936,5,1076322226,-857195227,1213730958,omni,
936,6,-107204590,1705041132,1307301149,omni,
936,7,940213555,-641165442,1227445113,directional,61871612.0
936,8,-1124088529,-1007671171,1195693668,omni,
936,10,1139345635,582580617,1430060869,directional,128137892.0
936,11,1544874534,-361795320,1477279997,omni,
936,12,-98821332,46905530,1075293330,omni,
936,13,14811127,-132760492,1422778217,omni,
936,14,1629681879,-272271666,1341005140,directional,133888952.0
936,15,357240833,361526069,1292017499,omni,
936,16,614699447,1177786755,1017482913,omni,
936,17,-363642959,607635445,1026166202,omni,
936,18,1568308423,-493958797,1303330755,omni,
936,19,851606726,-473189747,1048582541,omni,
936,20,755413419,1188138161,1283774665,omni,
937,1,-427538010,-1294901536,1432238999,omni,
937,3,801471912,802025778,1465165053,omni,
937,4,632756942,640926204,1363454678,omni,
937,5,70077624,-852371418,1464298012,omni,
937,9,-1639949056,221552330,1185216635,omni,
937,10,127817229,-202834559,1180245115,omni,
937,12,1473591469,-691437731,1457234645,directional,39312211.0
937,15,1306761383,598995057,1405307328,omni,
937,16,-336245935,-787038472,1047788146,omni,
937,17,1114103512,1111959714,1064991489,directional,325283646.0
937,18,-834133861,-554943410,1378016981,omni,
937,19,-122900123,-423775631,1313195148,directional,227951333.0
937,20,1444117217,-771689535,1178994281,omni,
938,2,-141376955,-810519269,1019097546,omni,
938,3,452119327,-1174197195,1352894639,directional,183909241.0
938,6,-1220221684,-1145276194,1027424915,omni,
938,8,-416861372,1304354101,1013279236,directional,195429362.0
938,9,-487922988,531646909,1441786539,omni,
938,11,22493495,-1753616817,1328995069,directional,81530008.0
938,12,-1041651617,1189693058,1347336352,directional,128397550.0
938,13,473076204,116004848,1499919952,omni,
938,14,-69107647,-7347452,1267602564,omni,
938,16,-319284826,830231129,1167626052,omni,
938,17,-633849939,868256994,1396491826,omni,
938,19,-1176798495,867497767,1018501249,omni,
938,20,-569288368,819196786,1281955469,omni,
939,2,872982372,-1359050457,1274092486,directional,106170499.0
939,5,848333230,607765270,1302718178,directional,152831777.0
939,6,-825898378,-1411396551,1327002616,directional,161574189.0
939,10,1469629210,-912525527,1155043539,directional,143502561.0
939,13,-181943924,824444972,1308448207,directional,34133592.0
939,14,-176115924,570022926,1153918628,directional,288606260.0
939,15,-1076713991,-400299576,1425795795,directional,61593801.0
939,18,762845460,-688027494,1436356863,directional,94387366.0
939,19,-1511248724,-669737289,1405817823,directional,83720580.0
939,20,-594127268,-799119912,1299869005,directional,44688504.0
940,1,-1000828433,-439443167,1195050136,omni,
940,2,1073946521,221758260,1458297792,omni,
940,3,669187848,-1520431838,1084000093,directional,120829095.0
940,5,592723582,112177262,1415720228,omni,
940,7,-1625905978,236660191,1244154879,directional,176813683.0
940,9,1133920759,-390964046,1142286497,directional,157546408.0
940,10,-1751310389,-209558651,1087436094,omni,
940,13,1544129776,614124056,1004784928,directional,152002341.0
940,14,1148960536,384845059,1139634894,directional,315336210.0
940,16,-868197366,530723979,1154167110,directional,77023261.0
940,17,-1270145698,-294748802,1271226432,directional,216186937.0
940,18,1425367923,-134657451,1220778909,directional,275655164.0
940,19,-416316683,7156770,1432374244,directional,39492522.0
940,20,1345437236,436114879,1009564167,directional,41683849.0
941,2,908758077,-1361647060,1093581003,omni,
941,3,-440713070,186389217,1278837361,omni,
941,4,415868208,-208369341,1098275051,omni,
941,7,323459386,160150476,1193509244,directional,183655900.0
941,9,-419566587,567283624,1273608163,omni,
941,10,-1565930714,-89109655,1205763673,omni,
941,11,-213612463,-935348693,1425854285,omni,
941,12,-251750737,-1218541874,1252357047,directional,68821847.0
941,13,-839969373,1060563370,1387953837,directional,113733618.0
941,14,-457661544,-507997327,1066938746,omni,
941,15,-1544142313,714019150,1252703015,omni,
941,17,851959112,-38479352,1165012293,omni,
941,18,-1508043364,888939993,1434903181,directional,217161634.0
941,19,-556890137,-1160345427,1060836675,omni,
941,20,-1467321974,89125229,1455240972,omni,
942,1,-971720059,-822830419,1102751572,directional,78970395.0
942,3,-1713434905,-364269780,1011367055,omni,
942,7,719339485,-277524831,1155475741,omni,
942,8,402406376,-1686427286,1012252178,omni,
942,9,225980624,479355722,1207311261,omni,
942,11,31321582,-1555845772,1060374143,omni,
942,13,-1597413714,640119015,1042854967,omni,
942,15,1136804872,-463709630,1333359145,directional,271897902.0
942,17,-721817343,-908831303,1337489762,directional,12658126.0
942,18,-622581144,816216362,1478745689,omni,
942,19,671221605,-1534408862,1288479363,omni,
943,1,-933022357,1461319146,1363283623,omni,
943,2,235708150,-801659836,1439845389,omni,
943,5,-1193289359,-850727308,1155366603,omni,
943,6,-582314957,488506920,1166763271,directional,171376294.0
943,10,464219749,1603142853,1483151400,directional,251976721.0
943,11,-1293555228,-316836696,1404251787,omni,
943,12,1065284404,1267624784,1473094629,directional,260072802.0
943,13,-205318244,454151220,1400569022,directional,144438487.0
943,14,-1235623528,492158649,1300252631,omni,
943,15,-346540026,-1411592106,1045735908,directional,157855537.0
943,16,53600848,550375467,1296961903,directional,337161589.0
943,18,387377353,-1169033719,1144358867,directional,84261850.0
943,20,1154959772,538529315,1261091001,omni,
944,1,-855343836,-1332413330,1255917066,directional,106284245.0
944,2,853500500,1129781002,1153973981,directional,6413238.0
944,3,-903026076,587226082,1343661213,omni,
944,4,1038972317,1375180838,1175780790,directional,212011857.0
944,5,-733641082,-650043499,1124980513,omni,
944,7,-1119729188,-1294385806,1242235276,omni,
944,8,-1034479512,-761445525,1316916136,omni,
944,9,1069293977,-267706511,1302089935,omni,
944,10,-1151050638,-632413514,1055549308,omni,
944,12,1002418646,296718106,1388038541,directional,283193107.0
944,13,74419879,1508055514,1470887528,omni,
944,18,-197149473,1220595209,1015918957,omni,
944,19,559887275,-621283575,1239620251,omni,
944,20,650317488,1036534510,1015901761,omni,
945,2,-1810791,1266111789,1465394522,directional,129352000.0
945,3,-489920188,-1359224788,1044042688,omni,
945,4,-301764629,16468192,1320153268,omni,
945,6,389758177,-274722871,1487838305,omni,
945,7,1261460674,-551178606,1354914831,omni,
945,9,-388323122,-1515610812,1278309086,directional,271496549.0
945,10,-1302395731,174125760,1458594249,directional,276554608.0
945,11,-358308543,-992227626,1470108739,directional,156250343.0
945,12,1001575488,107028155,1463108548,directional,287657124.0
945,13,-997082287,-177363365,1034521017,directional,171833936.0
945,14,249284493,318533374,1073416458,directional,125782332.0
945,15,505004235,-810801371,1429779628,directional,260704619.0
945,16,-839588738,-626023858,1030870397,omni,
945,18,-443267233,-609917483,1484005655,directional,25960570.0
945,19,895364163,-1034080554,1180081861,omni,
945,20,-912791483,295596985,1213283171,omni,
946,2,-48097265,-1365829297,1188764314,omni,
946,4,-891771482,139133768,1308097239,omni,
946,5,-1570506866,-18671808,1085969918,omni,
946,10,1428128453,615690771,1341155022,directional,314722815.0
946,11,-1433395698,-535175699,1388852990,directional,89520377.0
946,12,265976469,1160885251,1401671566,omni,
946,13,1025860452,672765571,1452774704,directional,57708653.0
946,15,163510299,474525200,1425232459,directional,208505129.0
946,16,522624243,-478101263,1195680573,omni,
946,17,894251992,1082821336,1173996423,directional,134242831.0
947,1,-364104040,72934477,1219766756,omni,
947,4,296179092,1012640635,1462371889,omni,
947,6,-44482649,1349285843,1453241508,omni,
947,7,-187170424,-149185989,1167799214,omni,
947,9,87664497,1242409778,1076084431,omni,
947,10,-323585411,1332148174,1203308984,omni,
947,11,-271494861,1624336383,1449036997,directional,134083070.0
947,16,618595647,819572509,1177996149,omni,
947,17,1315793486,1054488104,1099966209,omni,
947,18,821980077,-189341451,1379076033,omni,
948,1,-827507189,112650284,1140229683,directional,44460539.0
948,2,-204853285,236449475,1301002973,directional,6308441.0
948,4,-1353295767,109693277,1085418097,directional,135353511.0
948,5,1342457852,-1100871822,1203449811,directional,232525875.0
948,6,568634369,-1590506354,1109143198,directional,15096304.0
948,7,428089847,1519957734,1192122912,directional,124876828.0
948,11,1725092040,79022132,1274616750,directional,83118319.0
948,12,-181103580,-443541900,1366365941,directional,323280225.0
948,13,345711930,265485416,1061156426,directional,129852517.0
948,14,-569160551,-304109510,1278439784,directional,65724202.0
948,15,1213969623,694869509,1480194894,directional,356723113.0
948,17,-916704448,265452041,1341884677,directional,240452006.0
948,20,1366938448,-768150945,1195834652,directional,32272361.0
949,2,354603007,1034075447,1424387726,omni,
949,4,-1038555123,679344793,1290250441,directional,195876999.0
949,5,-419199418,-455795955,1499351671,directional,113243927.0
949,7,-1464075852,728315273,1369762122,directional,184519460.0
949,8,1025530287,-1129543288,1202609175,directional,14840705.0
949,10,254243142,1259214979,1022418349,directional,263643120.0
949,11,35275830,511846321,1198656048,directional,242306113.0
949,12,-462992510,-1476435896,1309899670,directional,225113341.0
949,13,189259174,-1426769719,1326639642,omni,
949,14,1298060913,812986385,1310866869,directional,115142705.0
949,15,936028490,1130793096,1485740335,directional,234961457.0
949,16,-755962832,-554643713,1457450477,omni,
949,17,1388361005,386359603,1260343982,directional,8258062.0
949,18,-459899068,-1449562364,1492281005,directional,101352578.0
949,19,-694773780,1253642682,1433457851,directional,178055848.0
950,1,729329221,1366945803,1462424056,directional,336342711.0
950,2,-1531555064,96919726,1059244090,omni,
950,3,765216944,180168839,1412757114,directional,209264042.0
950,4,-62266679,911019214,1302951310,omni,
950,6,-221759148,439492375,1161057550,directional,213809681.0
950,10,-957392509,-242079473,1132031447,directional,260683510.0
950,11,635316922,-481083850,1414010021,omni,
950,12,814546389,785069302,1395761644,directional,64239116.0
950,13,670041352,1318840540,1339363031,directional,177771538.0
950,15,-221146031,1623988462,1010883740,directional,338624469.0
950,16,1047964816,-508605359,1386355140,omni,
950,20,354934479,-490462452,1070640399,directional,153900924.0
951,1,931216956,695312336,1138172335,omni,
951,3,1650192890,597558557,1312543043,omni,
951,4,-1053235036,-1124603775,1096923747,omni,
951,7,-352190140,-497197000,1457160736,omni,
951,9,-398517496,-503060777,1291956111,omni,
951,10,-688843048,-590469589,1073281149,omni,
951,13,-923925926,-556109755,1276486943,directional,28310587.0
951,14,-120965896,-333756541,1042246370,omni,
951,15,1353154030,-418607390,1164438505,directional,81745213.0
951,16,308761827,-342324382,1296315825,omni,
951,18,-1020932481,1292432334,1070953678,directional,288170672.0
952,5,548759704,661182878,1113053812,directional,259816631.0
952,6,-747580315,-666442311,1294258469,directional,254506981.0
952,7,-387027843,557395432,1155662917,directional,307136132.0
952,12,-1178513866,-83491512,1292732318,directional,240760682.0
952,13,806486900,468725934,1058503831,omni,
952,14,1189178161,-912892341,1467882046,omni,
952,16,-23522774,215442270,1114158173,directional,220426901.0
952,17,1608222321,-163441826,1410524004,directional,185155713.0
952,18,679404160,-1047684548,1056934742,directional,81903464.0
952,19,509339643,-387514123,1322405841,directional,40774907.0
952,20,421172341,431241413,1217135016,directional,112680876.0
953,1,518574703,278050858,1010625519,directional,304991443.0
953,3,-546278655,-1513478704,1107066747,directional,140551754.0
953,6,711919456,-839158082,1085468968,directional,303016482.0
953,8,-1260713691,844375946,1345946101,directional,264836370.0
953,9,-776972738,-543601920,1421162308,directional,353272691.0
953,11,-154429691,-1043369190,1193305677,directional,33367980.0
953,14,-234053712,-621583826,1335990828,directional,51022516.0
953,15,-620883811,-743661684,1394603906,directional,146537856.0
953,17,734102791,-686303079,1324188460,directional,116777619.0
953,18,-464032915,783580418,1072702441,directional,91217154.0
953,20,-461421684,-1622156492,1473621765,directional,334616626.0
954,1,-738894778,-762345203,1002873211,omni,
954,2,-34046153,-501532883,1407732358,omni,
954,3,-566689249,-787681170,1144648672,omni,
954,5,-28140128,398869582,1041679109,omni,
954,7,-733797906,-63293650,1186830557,omni,
954,8,-1379377766,-253551590,1151149892,omni,
954,9,1304258634,1086109000,1479695648,omni,
954,10,-95928532,-1453450583,1083251088,directional,103952358.0
954,11,-1396938429,734659657,1013994669,omni,
954,12,-815877279,-436335901,1118880701,omni,
954,16,-786797583,1347754342,1487075515,omni,
954,18,-258436761,-560893823,1124233112,omni,
954,19,-1356278876,-1035765408,1203373014,omni,
955,3,-287246495,-1265805232,1156509647,directional,68325324.0
955,4,664332562,-545759612,1225871882,omni,
955,5,-334754197,1686063759,1396900178,directional,266938520.0
955,7,438672498,1239677875,1241634926,directional,69799194.0
955,8,185347504,1347845978,1420840331,omni,
955,10,-484282060,191592142,1174601910,directional,87247289.0
955,13,-221557247,133306275,1091273370,directional,229150476.0
955,15,-539231052,911251644,1042473894,directional,318851133.0
955,17,1523094319,-101169100,1415442029,directional,287284897.0
955,18,-93976705,683664480,1120236738,directional,66400956.0
955,19,-862029050,-900273475,1159153576,directional,90256458.0
955,20,225992521,373109000,1457827939,directional,106174477.0
956,1,430340033,364951826,1124897326,omni,
956,2,1592326455,763699120,1035871528,omni,
956,4,-899510827,-1333187529,1466461882,directional,355668384.0
956,5,-1660556784,-9886085,1230311557,directional,90797153.0
956,6,-988754881,-88373839,1057745439,omni,
956,7,109450506,699617499,1045424884,directional,322459346.0
956,8,-99357650,-668083645,1180188431,directional,35416550.0
956,9,948117980,-668704491,1085571114,omni,
956,10,-539270250,-1122022833,1339003553,directional,96568994.0
956,13,1366194110,437538158,1125346825,directional,212396300.0
956,15,-971647848,-38316266,1299057337,directional,302225649.0
956,19,70266947,-782860229,1428417750,directional,316229340.0
956,20,360120198,-1351666100,1132319840,directional,211514838.0
957,1,-584580773,-897948747,1185595518,omni,
957,2,-294446550,-440862696,1497803056,directional,266864611.0
957,3,805708893,202728494,1328300163,directional,306227359.0
957,4,-816502408,-224799355,1380155733,directional,351268772.0
957,5,-784897056,-1218183039,1266609431,omni,
957,6,-70698832,61059569,1038082394,directional,85985297.0
957,7,-529189388,264231271,1268207181,omni,
957,8,-1301742997,1001643346,1075108734,omni,
957,9,552438221,15927203,1393399905,omni,
957,12,-860301740,484232303,1454752608,directional,28147591.0
957,13,124530248,-181817984,1398132126,directional,355795247.0
957,14,-354189012,849674868,1416680803,directional,168773604.0
957,15,887690623,659454059,1155768026,omni,
957,18,1094521935,396682138,1123810302,directional,326490596.0
958,1,-555006658,1068744186,1160419473,omni,
958,3,711659357,757785195,1320126440,directional,182815955.0
958,4,-225016472,762687280,1330106211,omni,
958,7,-1143303422,-530276717,1006153169,omni,
958,8,-792989071,-354220035,1159040666,omni,
958,9,-820649816,-1346347163,1077675161,directional,8276209.0
958,10,-1375944974,1012635060,1078214306,omni,
958,12,239269210,-1030151254,1044180863,omni,
958,13,-746185983,448209051,1077479594,omni,
958,14,-1102849244,1204323912,1351746364,omni,
958,15,-890233458,7761708,1122605906,directional,247424156.0
958,16,-335955389,311598118,1487218450,omni,
958,19,-1305444947,-248287631,1062601120,omni,
958,20,983301299,726107991,1277719540,omni,
959,1,-96484001,1162435011,1000199830,omni,
959,3,-1486678348,264818593,1463663236,omni,
959,5,464127221,-860524713,1365125173,omni,
959,7,-1685878601,-78727734,1447367814,omni,
959,9,-775597893,633976787,1221232940,omni,
959,11,207193958,-1266928122,1233598124,omni,
959,12,1138132087,-1274037125,1034693782,omni,
959,13,-1291564975,1145403869,1044833850,directional,247079778.0
959,14,967302368,529529037,1210881517,directional,326874829.0
959,15,-701723488,576353832,1129899155,omni,
959,16,-1378845341,-979973846,1238338092,omni,
959,17,-1285364239,-70422391,1407790093,directional,303368503.0
959,19,-592419088,-762717532,1029824735,omni,
959,20,-127856655,-1016460686,1242591103,directional,300138010.0
960,2,1059424620,-95000991,1468356135,directional,345088845.0
960,5,1063385555,-463469206,1307251585,omni,
960,6,-261328049,-1627731791,1007984271,omni,
960,7,-673009060,-209419587,1429506445,directional,338844569.0
960,8,713126199,188763772,1340473788,directional,200673773.0
960,9,-326197139,-1116409961,1351159856,directional,270751132.0
960,12,909038065,1145113326,1366715734,directional,295965665.0
960,13,82402425,-1300711479,1396875858,directional,126415006.0
960,15,1451873751,-570408842,1350670034,directional,259033704.0
960,16,2886668,-723080274,1198066438,directional,293116009.0
960,17,-1220889546,-914624399,1418097319,omni,
960,18,200982821,643069305,1082074411,omni,
960,19,-387486586,1330622532,1079616807,directional,287733312.0
960,20,-673310832,1598349227,1452876284,omni,
961,1,1027014046,157581047,1333452300,omni,
961,2,-539095961,-936184316,1071465601,directional,309630463.0
961,3,923260160,624820557,1264483511,omni,
961,4,-146243890,-1688875763,1370849285,directional,180983371.0
961,6,-1721680520,108892476,1102662069,directional,124435814.0
961,7,-195917584,1666077808,1131109634,omni,
961,8,606700054,-1034329032,1274420978,omni,
961,9,-1391320426,791086104,1002310562,directional,247675085.0
961,10,-428702917,505866416,1416358004,directional,115121635.0
961,14,-1189466350,1201366799,1297308008,omni,
961,15,-705056599,-167172526,1404781249,directional,96894690.0
961,16,1250193932,-594090004,1230725838,directional,144971335.0
961,17,-363809661,260564954,1326708489,omni,
961,18,-1114976673,667469868,1044700562,omni,
961,19,1253543213,-799184501,1100012594,omni,
961,20,1206750131,-641921073,1445925421,omni,
962,2,227413020,606131636,1440931074,directional,12692147.0
962,4,430480583,-1497911677,1256243882,directional,225933993.0
962,7,-243510322,-1354625201,1063844908,directional,299336204.0
962,8,-603997944,1327758705,1495758842,directional,163505167.0
962,9,-1110533644,-1160833321,1448568319,directional,160212528.0
962,10,-759771728,-1502892579,1337708974,directional,190391564.0
962,11,-496206579,433795768,1183617144,omni,
962,14,1067602078,756710476,1039409677,directional,183270319.0
962,15,-884764092,-240519752,1016886278,directional,173847499.0
962,16,-541865203,1167768932,1172971705,directional,209313968.0
962,18,409952944,1348902232,1084359003,directional,42687535.0
963,2,-900610054,-718327224,1054419482,directional,7714938.0
963,3,1217430019,-989743593,1472648997,directional,178083862.0
963,5,-1679507581,-52812847,1346988993,directional,78042192.0
963,6,721153964,-1318856480,1477746305,directional,12693015.0
963,10,-958286941,-353416398,1276878896,omni,
963,11,-649817756,-325328580,1350633206,omni,
963,13,567375159,27621111,1394412729,directional,178089986.0
963,14,936318170,728876864,1436776570,directional,303937945.0
963,15,676762346,-1498674412,1224356722,directional,316315894.0
963,18,-811801218,-197724122,1487034698,omni,
964,1,512609433,-106158566,1262074770,directional,284008386.0
964,4,-250460976,-654644100,1165278292,directional,239310183.0
964,5,1201985512,-497480803,1053483189,omni,
964,9,-1002405798,-818091039,1253723318,directional,165945238.0
964,10,1210752440,-1238329535,1365951316,directional,103430056.0
964,12,1466053525,444611128,1410704648,directional,131895722.0
964,13,1188265357,752228057,1007681929,directional,279911941.0
964,14,-1491041741,-560988905,1340914418,omni,
964,15,423957177,875468215,1297173756,omni,
964,16,-788841302,149629935,1276861143,directional,34203610.0
964,18,1653126031,115555248,1290858976,omni,
964,19,716779596,-395264517,1054079305,omni,
964,20,1270324031,-1194456126,1013967158,directional,293762316.0
965,1,-1388329750,626370881,1105684991,directional,33293856.0
965,2,-61964747,1350350640,1070560105,directional,244164002.0
965,4,1264423150,-1078439361,1204904828,directional,352161633.0
965,5,-231822378,1315369829,1264957637,directional,149336826.0
965,7,-590805511,355100514,1291054086,directional,73927689.0
965,9,909963735,1353984129,1111741644,directional,318169177.0
965,10,552212545,357324897,1024230769,directional,316283509.0
965,11,-85927813,858079923,1259422956,directional,96780893.0
965,12,-1212163969,958185758,1195296274,directional,308718931.0
965,13,-1102902518,-535848907,1252173986,directional,183154456.0
965,14,390214455,461217324,1192367220,directional,351512411.0
965,16,-1058030499,181161859,1234304567,directional,276582364.0
965,17,-65551803,-1756954062,1326344934,directional,333340888.0
965,18,717309364,127894504,1014088428,directional,185617771.0
965,19,-1144017950,1180590768,1310204528,directional,251063026.0
965,20,-446162829,948512666,1152264729,directional,153731962.0
966,1,63231807,205061508,1304094685,omni,
966,4,898031601,444181091,1261928985,omni,
966,5,817842241,1097657822,1471935652,omni,
966,8,-204824505,1483455570,1362197435,directional,217902264.0
966,9,1645804629,-312197988,1151910807,directional,242297222.0
966,11,-1435996893,-329858204,1225508265,omni,
966,14,-366246273,-905361473,1482090719,directional,75041558.0
966,16,-123458492,1495740472,1443261662,directional,351330291.0
966,17,-687172824,-1587036722,1169545877,omni,
966,18,913074090,-494423883,1256174272,omni,
966,20,-1432488627,-138389440,1072112478,omni,
967,1,1376729957,985612842,1126620255,directional,174410277.0
967,3,-12639066,377480631,1337937696,directional,217090787.0
967,5,-556081998,1368759090,1260312733,directional,34460887.0
967,7,-347383961,743647450,1116675006,directional,306927224.0
967,9,-1192017654,-1089665835,1289796068,directional,260201903.0
967,11,-821410965,-731324010,1007532604,omni,
967,12,-402762639,-244033050,1429171428,directional,354798260.0
967,14,344247299,-659531501,1146922554,directional,258838747.0
967,15,1163391447,229797626,1038993188,directional,183633149.0
967,16,743264552,-176125833,1317567922,directional,4397581.0
967,19,431920144,-164089257,1303547783,directional,339431694.0
968,2,359325635,1069285641,1443997107,omni,
968,3,851700632,-1355458555,1132334371,omni,
968,4,-643032567,159956508,1339387068,omni,
968,5,987616257,917888781,1151779588,omni,
968,6,1205392271,877278031,1226946949,omni,
968,7,569065499,-1180660938,1376149728,directional,112464178.0
968,8,902739072,1147523427,1280174611,directional,263505124.0
968,9,569795374,24660994,1050175361,directional,161273862.0
968,11,126603635,-1120755872,1193348271,directional,63168650.0
968,12,456588895,1427527494,1390181476,omni,
968,15,-852397539,-1185493439,1411218343,omni,
968,16,463266999,222710205,1313504094,omni,
968,17,340002735,-796476431,1178277161,omni,
968,19,156590181,-968109615,1067321070,omni,
968,20,-1216434746,-533022343,1257251845,omni,
969,2,-214516259,-995718708,1342476463,omni,
969,4,1319424980,-983751233,1088200681,directional,246314818.0
969,5,228413047,-891752815,1277567174,directional,280193786.0
969,6,-1075017917,497046756,1178671554,omni,
969,13,-365618807,-1221173657,1091125318,omni,
969,15,385982970,293622409,1032204277,directional,326546051.0
969,16,-253292965,-1661270607,1215413065,directional,284075675.0
969,17,-997845491,130385849,1046167024,directional,121947299.0
969,19,526727407,1345540455,1157019740,omni,
969,20,151777207,-938657157,1129592342,directional,46606940.0
970,1,1088896646,1060923293,1313277878,directional,231978341.0
970,4,-238771400,314030117,1067704046,directional,286370599.0
970,5,-1190576292,682395275,1328378735,directional,126748811.0
970,8,-470328574,875186800,1326408922,directional,294170464.0
970,10,535026198,-784637522,1104113080,omni,
970,11,-1610318384,-615547169,1263290627,directional,132689800.0
970,14,-429701689,1574712721,1469285182,directional,269675727.0
970,16,-1246146198,-104606187,1190392804,directional,6981801.0
970,17,505031848,1142580325,1157991680,directional,76302423.0
970,19,504682214,333874198,1087195324,directional,131233970.0
971,1,-561209267,731850981,1004246871,omni,
971,3,-596408734,1594436008,1425667557,directional,80062951.0
971,5,85607328,-1410105329,1337763493,omni,
971,7,609021521,-821699185,1042968573,directional,166631551.0
971,8,-544561989,1493974200,1266784187,directional,338424550.0
971,9,201009824,1727020289,1174527266,omni,
971,11,1011517478,-154192199,1009222346,directional,182412315.0
971,12,-1419385237,-272022598,1061841563,omni,
971,13,72337527,195381469,1370382424,directional,217661100.0
971,14,951183644,-897491244,1483802162,directional,282310325.0
971,15,327043733,-1560153824,1111252931,omni,
971,16,1341512474,-1067743394,1094485594,omni,
971,17,813056269,-1272795031,1481197982,omni,
971,18,-1702633485,-472691292,1083404276,directional,307703989.0
971,20,729713005,-1530805179,1065858548,directional,288487747.0
972,1,1122822883,-1108833290,1088015385,directional,28387639.0
972,3,1552238923,834690681,1412711186,directional,323365728.0
972,4,271575715,-981631051,1075956580,directional,105794179.0
972,5,-1199066926,511541699,1061337539,directional,4081720.0
972,6,79166997,505251019,1114687945,directional,9210276.0
972,8,-936483361,954412251,1490257339,directional,316892746.0
972,9,354005264,-48984776,1336845051,directional,140969570.0
972,11,-116139759,1083515052,1023772741,directional,100270056.0
972,13,239707745,-23514296,1164114955,directional,332993135.0
972,14,-1427014033,585999539,1014057659,directional,36549749.0
972,16,-1561136119,-122245983,1197884713,directional,320329322.0
972,18,-414790329,-741945090,1343037863,directional,323521205.0
972,19,565981028,1542303215,1118463950,directional,342765837.0
972,20,-950372749,-360537085,1371814906,directional,77529104.0
973,1,1595969088,-106674941,1209180185,omni,
973,2,1105182405,960316807,1241290931,directional,177559904.0
973,3,1351918597,-472765093,1278672956,directional,335452121.0
973,6,-554932529,413833745,1269891029,omni,
973,8,1702428188,-431776550,1317232086,directional,148035531.0
973,9,789472571,-765830030,1163653698,omni,
973,10,838246328,145026625,1213889565,omni,
973,11,-490185637,562878890,1473479662,omni,
973,12,1603572613,-740354311,1353069517,omni,
973,14,573469526,-1050892641,1395193926,omni,
973,15,123584845,-238547252,1078089983,directional,62495831.0
973,18,1103073882,394167891,1369990191,omni,
973,19,1043665210,-834916126,1460131854,omni,
973,20,-678376388,1352553827,1478402730,omni,
974,1,-780471208,497213693,1144549108,omni,
974,2,1382439300,677932221,1370304383,omni,
974,3,1171762658,-637031291,1454597448,omni,
974,9,-529904213,1514630581,1213507603,omni,
974,10,242898502,-644738993,1004579557,omni,
974,12,-301450696,96847597,1178664543,omni,
974,13,-950706680,-806696884,1152236594,directional,76145094.0
974,14,409058109,-680282603,1293834875,omni,
974,15,-273714692,227458322,1440565407,omni,
974,16,-1203070936,-1867728,1472068034,omni,
974,17,207272787,-940206061,1140040739,omni,
974,18,-57306510,-1594309448,1437793361,omni,
974,19,-1298198633,723456610,1308552320,omni,
974,20,822816936,1528227353,1434404498,omni,
975,1,-1648585107,-45764202,1461229441,directional,169957611.0
975,2,-246998820,112694156,1093466203,directional,107120685.0
975,5,1305456389,629855981,1367858030,directional,259758387.0
975,6,-141937775,-1639260759,1471717147,directional,159815272.0
975,7,-72114315,1019920031,1251389231,directional,64554740.0
975,9,-1604815519,-608150836,1065186417,directional,284385111.0
975,10,-231478704,-716658774,1335558109,omni,
975,11,172969095,-378208325,1382091191,directional,95327590.0
975,13,1015043754,620705084,1146033128,directional,88914592.0
975,14,292433758,-817505825,1017486880,directional,45954519.0
975,15,-511583992,213654434,1333916387,directional,242332414.0
975,20,-395560753,-1231372268,1125450662,directional,16609085.0
976,1,-502308839,650421233,1374871104,directional,661806.0
976,2,1379388365,-608527739,1382882666,directional,123730646.0
976,3,1690384234,-208994133,1164462300,directional,155318424.0
976,5,1303773060,947443376,1448737994,omni,
976,8,-38733248,-498326516,1261731064,omni,
976,9,-141787522,1023074291,1158378736,directional,28842341.0
976,12,1298821082,-585714216,1152778034,directional,270468561.0
976,13,1473811163,112894187,1021535579,omni,
976,15,267912668,-612943714,1161985162,directional,63346027.0
976,16,-633412698,-136231810,1017396771,omni,
976,17,1248565048,-275434140,1065234388,directional,339719051.0
976,18,-868631944,-298635206,1107522346,directional,61129667.0
976,19,-847524050,988245394,1026448602,directional,91245800.0
976,20,446864584,-870639379,1336227315,directional,218894976.0
977,2,-61534156,495356927,1292554219,directional,335118636.0
977,3,-51888901,645311793,1264344405,directional,44657163.0
977,4,-438128758,223313437,1227987253,directional,26162599.0
977,5,571288027,1591235114,1068204046,directional,256991324.0
977,6,5920279,-1109817786,1434939521,directional,301643857.0
977,8,275585637,1484602970,1007488845,directional,323784148.0
977,9,-1169507840,1055807560,1033270529,directional,63554592.0
977,11,-134967508,1544441456,1202863992,directional,176630201.0
977,17,131225126,-910584279,1044063607,directional,24101180.0
977,18,852438639,1223241458,1459096582,directional,286073136.0
978,1,718981554,-525959193,1378338863,omni,
978,2,444453826,-1132657419,1336766521,omni,
978,3,1305908185,153009255,1195859052,directional,37892126.0
978,5,-452522310,524749136,1439203129,omni,
978,6,1316595201,996281482,1176836978,omni,
978,7,141124961,-1378830927,1153433335,omni,
978,8,1496135681,717633011,1018507925,omni,
978,9,-85109656,-152839683,1418447042,omni,
978,10,-1601359854,-449615499,1096755975,omni,
978,11,-1268185832,-1032104280,1348557065,directional,26860007.0
978,12,-1012607045,899171696,1256084651,omni,
978,13,582229292,-1532627484,1219158416,omni,
978,16,-756194522,96993481,1382152606,omni,
978,18,-804743094,-370598584,1172654727,omni,
978,19,85107049,1298322285,1455000957,omni,
978,20,-871397690,718636804,1298332857,omni,
979,1,1681431013,551852610,1230857893,omni,
979,2,571206430,261464485,1207590405,omni,
979,3,1464881970,-668790490,1055792418,omni,
979,4,807961389,-1185021117,1291901597,omni,
979,5,121976900,1022450042,1277959985,omni,
979,6,-1340148804,1071396930,1313511626,omni,
979,7,1724167004,101085941,1469332727,omni,
979,8,284689237,700641646,1008543025,omni,
979,9,1644831096,649174730,1474635058,omni,
979,11,-534181950,1333030920,1022662928,directional,17223331.0
979,12,-550994316,-689729554,1389517000,omni,
979,13,-419017227,438573041,1443236287,omni,
979,14,1389538561,928183413,1334312702,omni,
979,17,835350102,37526192,1061266890,omni,
979,19,283093712,129307556,1278614738,omni,
979,20,1513086635,-888734415,1424863633,omni,
980,1,-611832847,-1659382788,1140352557,directional,337581207.0
980,2,846137257,728111085,1224765146,directional,353371209.0
980,5,1304341541,608574723,1277335133,directional,267512592.0
980,8,508406488,1382574567,1007715386,directional,109110384.0
980,10,-1036793126,1311139022,1142413596,directional,11406303.0
980,12,-546381423,1092599372,1162945936,directional,152880340.0
980,13,-1095712258,-968470588,1228100609,directional,351281874.0
980,14,-818220091,-592960795,1338794193,directional,160518258.0
980,16,-394843260,308811738,1095765565,directional,222549587.0
980,17,457657775,-832834910,1385489617,directional,213862441.0
980,19,718575277,-726059205,1456807644,omni,
980,20,-457635842,1136493387,1380758808,directional,264690024.0
981,2,1597884211,216978838,1421867149,omni,
981,4,587718123,-546261883,1337902016,omni,
981,7,1623245756,61319844,1306647029,directional,101474615.0
981,8,487961987,-1130671248,1239045577,directional,156271853.0
981,9,930626723,417796076,1121561078,omni,
981,10,-1327008684,-1000421271,1065815849,omni,
981,11,-906593990,-133684319,1139106705,omni,
981,12,-441974057,-1042163511,1403967796,omni,
981,16,1510818554,835452091,1325614867,directional,13169355.0
981,18,-1061781227,857143931,1412982157,directional,155341275.0
981,19,663678081,-360429933,1419808151,omni,
981,20,526756038,91908924,1441131914,directional,334360851.0
982,2,823967046,444078235,1163855766,directional,9084390.0
982,3,-812725119,288094795,1443604423,directional,330678342.0
982,7,718904137,-738623134,1316781291,omni,
982,8,62015106,-297015721,1042482221,directional,241610163.0
982,9,398567979,-1082512569,1056490890,omni,
982,11,534035779,-229771634,1250584285,directional,72346926.0
982,12,-786812643,-184147967,1322108153,directional,240005119.0
982,13,-1447252575,219910152,1199563447,directional,117824313.0
982,14,1032560348,457331317,1288852582,directional,300744525.0
982,15,-1441684086,765037820,1488839380,directional,348252041.0
982,16,17178374,1446624238,1006009128,directional,202986726.0
982,18,1262403812,-966268648,1208158361,directional,32646304.0
982,19,717848657,64121899,1051311994,omni,
983,2,-497754079,-657169769,1477792562,omni,
983,3,61815515,94855788,1014380915,omni,
983,4,155925663,1046554452,1226185346,directional,274404108.0
983,5,-161704843,1012693267,1173609821,directional,30333009.0
983,7,-1006698837,-1439579900,1428499940,omni,
983,8,284857901,142570566,1300283268,directional,337622467.0
983,9,-793485915,-519069716,1360232996,omni,
983,11,-192640145,1691102153,1169707975,directional,195165649.0
983,12,1264035689,-705262960,1193050490,omni,
983,13,-1381078418,-278862417,1238676467,omni,
983,16,-457520140,872049430,1159033287,omni,
983,18,170707022,-1141936998,1403020411,omni,
983,19,1421860633,-247065809,1034742077,omni,
983,20,833432372,-752504580,1401550868,omni,
984,1,-805815015,1438166156,1400632068,directional,19970926.0
984,2,-145686794,-18325448,1204124062,omni,
984,3,-1053335490,796224418,1244045094,directional,182156491.0
984,5,-665011252,596160045,1188597403,omni,
984,6,1077121180,627968200,1249351554,omni,
984,7,-83277983,1280867167,1079440124,directional,302553046.0
984,9,200385940,1360857777,1388072806,omni,
984,10,1262287707,-480420787,1192833156,omni,
984,12,-31498636,364301279,1380140105,directional,222571016.0
984,14,-1395468044,95973660,1420568219,omni,
984,17,-1223314217,1017316162,1111164086,omni,
984,19,985577313,-579883280,1260208685,omni,
984,20,1247096470,-851144486,1150796275,omni,
985,1,-1335228342,546887409,1440361443,directional,286702130.0
985,3,-36236848,321944331,1091082592,directional,156096766.0
985,4,1305175920,27455485,1192719204,omni,
985,5,1539962768,-775807134,1206120529,omni,
985,6,979586867,684679889,1467709599,directional,321511420.0
985,7,354760662,379008379,1341746246,directional,287655398.0
985,9,-1638346700,663599108,1158628825,directional,174554741.0
985,10,852881108,91187503,1185478562,directional,268524746.0
985,13,-878733937,-1142657509,1084771306,omni,
985,15,-198033163,-1666479908,1165958575,directional,66188905.0
985,17,616079856,153124200,1477051101,omni,
985,18,255303698,-1605820234,1459241934,directional,322404245.0
985,20,746371386,-549834777,1267083729,directional,126778538.0
986,2,1071943814,-643660608,1344793577,directional,173185334.0
986,4,-1284234385,-282198762,1406808299,directional,58168118.0
986,5,-693394295,-1305653319,1099007214,directional,114313298.0
986,6,-1190995500,-628914139,1078619921,directional,315524281.0
986,8,-478003465,-218692425,1333414514,directional,297169786.0
986,9,832133018,994562588,1462755969,directional,57420294.0
986,11,-698731151,-131602853,1251698431,directional,194333603.0
986,12,-1322179652,505453058,1407851054,directional,122195884.0
986,13,-1140901419,4468833,1339320527,directional,173112157.0
986,14,-861842144,1053455855,1282541979,omni,
986,15,298343104,-366786819,1375686546,directional,124722594.0
986,16,1255306805,-552020649,1440426428,omni,
986,18,1064316638,-962870248,1258219262,omni,
986,19,-882550914,1291744716,1187508958,omni,
987,1,-1228630394,-1099844616,1225926101,directional,6643794.0
987,3,351733239,1573607961,1232345718,omni,
987,4,-1617933648,129940281,1494149735,omni,
987,5,-1283718083,-36969763,1280047958,omni,
987,6,208911674,-268582777,1394171961,directional,16681323.0
987,9,-107791089,-1747773022,1032476248,directional,344326177.0
987,10,-1254957248,-396394722,1201436579,omni,
987,11,-211148464,101764130,1329870411,omni,
987,13,-282081820,-1477819923,1448658292,omni,
987,14,-927364608,975682000,1160975809,omni,
987,15,427855487,203333767,1127828078,directional,354956505.0
987,16,85653531,388399231,1410690120,directional,207671160.0
987,18,96357239,-1166354515,1097125986,directional,101261928.0
987,19,-606723618,-586213197,1351743967,directional,328206105.0
987,20,-406565928,930953916,1022689081,omni,
988,3,693627115,-1161901777,1109113746,omni,
988,4,680576319,1633006643,1107566544,omni,
988,5,955112113,-376619243,1207706453,omni,
988,6,933167093,-1007682992,1262703723,directional,14251811.0
988,7,1328036565,-113159053,1234304830,directional,161487830.0
988,8,676461308,-1013900724,1363669302,directional,46738610.0
988,10,-61652337,-926497488,1053376323,omni,
988,11,-878716655,211637136,1279174298,omni,
988,13,-518935298,909978788,1204177605,directional,322773546.0
988,14,-771474885,422947211,1101858641,directional,294465604.0
988,16,-1568133891,524961181,1486061241,omni,
988,17,-980767205,-1042659248,1060769890,directional,2469531.0
988,18,-688436735,-1273697475,1341525211,directional,334268403.0
988,20,893608450,-455866182,1322177537,omni,
989,1,143874036,918422162,1054323886,directional,265605205.0
989,3,849565774,737719788,1090117821,directional,303946460.0
989,4,669471453,-900545599,1309189891,directional,141423589.0
989,5,-1287038642,-869052121,1407461350,directional,149895290.0
989,7,-1537023692,-840205061,1438607507,directional,59504184.0
989,8,-788111755,1524260921,1085665224,directional,282261670.0
989,9,1574048979,-277587950,1184828126,directional,160269795.0
989,11,479041478,-154433322,1423462506,directional,231049569.0
989,12,1600639637,-290818046,1365790960,directional,45115030.0
989,13,1038515176,110221066,1198102769,directional,347291076.0
989,15,939205236,-761660119,1483366872,directional,191541909.0
989,16,202069101,-1204870672,1068875392,omni,
989,17,1603255373,464312451,1320219048,omni,
989,18,896376975,-731020674,1084051473,omni,
989,20,-901902103,940181064,1458711630,omni,
990,2,64805553,1023422708,1083292891,directional,253646625.0
990,9,-575703189,-338168794,1009894275,directional,167336962.0
990,10,-30287706,-1547529407,1451310052,omni,
990,11,-1335705040,-1039583553,1204864072,omni,
990,12,854315779,227881250,1153522406,omni,
990,14,100596517,-1535937030,1182723303,directional,258070591.0
990,16,-92519201,-416672068,1297440744,directional,41023720.0
990,18,1459639275,-94947815,1076963130,omni,
990,19,1012695288,1436027240,1445269597,directional,86487016.0
990,20,861689943,-923680372,1414783616,omni,
991,1,829988679,-1163252439,1293407851,directional,317834740.0
991,4,-1067338751,752223693,1304974756,omni,
991,8,-771559637,370535508,1198009857,directional,106895358.0
991,9,-776264570,-40658019,1389298829,directional,105998044.0
991,10,-749064367,688650217,1078374851,directional,9771095.0
991,11,618731153,-1585801567,1009844549,directional,268099077.0
991,13,1016570376,1002075961,1191406775,omni,
991,14,-212563654,-402662069,1012601799,directional,329293330.0
991,16,-1229905545,-879604211,1135912971,directional,181263910.0
991,17,-293426994,51076274,1227046540,directional,29806815.0
991,19,-348316188,663088994,1404371570,directional,105421116.0
991,20,-661841094,-882564005,1487566802,directional,121779028.0
992,1,993490031,608874440,1476959118,directional,67918405.0
992,2,1168680805,-370452321,1383610671,omni,
992,3,801143662,353217148,1076343154,omni,
992,4,286712641,-209013531,1387316370,directional,214536114.0
992,5,80913893,-1063222737,1068341250,omni,
992,6,66265605,-299941165,1244261702,directional,299793203.0
992,7,1248362721,-586026211,1392787238,directional,255794960.0
992,10,123328796,71097245,1371121335,directional,134168854.0
992,11,1341919231,451768087,1391611185,directional,315736079.0
992,12,1023185381,969102849,1227200338,omni,
992,15,-287779693,-1742478738,1193291712,directional,327540487.0
992,16,-102371577,-312991530,1466538020,directional,346739101.0
992,17,1228169769,1210494558,1175983311,omni,
992,20,11351965,-791797093,1367501525,directional,6833723.0
993,1,825872304,1083414318,1013593582,omni,
993,2,546245296,886638459,1472458861,omni,
993,3,391570189,-1607378038,1381268396,omni,
993,4,-325623478,-703761448,1309074213,omni,
993,5,402401698,-215557307,1235603106,omni,
993,6,874616556,-144510606,1419489798,omni,
993,7,-38698753,929206815,1374093002,directional,234521082.0
993,8,-764074340,454330058,1078021657,omni,
993,10,-232436780,-107291033,1439335761,omni,
993,11,-1200213721,-1017474967,1326665784,directional,265862632.0
993,12,390503576,107491248,1117578974,omni,
993,13,1265460244,-1148835895,1198551368,directional,6785361.0
993,14,1140971980,-285864260,1058688426,directional,29338316.0
993,16,354648903,-1198518702,1104844411,omni,
993,17,1283170732,561636254,1428484634,omni,
993,20,-467450604,825377772,1139274528,directional,194644458.0
994,3,357879416,153035388,1430175374,omni,
994,5,340859640,999036735,1333296839,omni,
994,6,-785311947,-629429765,1347577825,omni,
994,8,1705819402,66964898,1046074501,omni,
994,9,-1092901656,-1262031220,1062475276,directional,19989110.0
994,10,562971978,-663358925,1237615832,omni,
994,11,-1351766180,-429459966,1493305891,directional,311397405.0
994,12,-1130591122,-771704924,1327418693,directional,348181613.0
994,14,-956024581,-1114708074,1466667278,omni,
994,15,-818971674,-268293690,1212943240,omni,
994,16,-1219037017,-625019755,1338554369,directional,332503373.0
994,17,-661996740,564445990,1250717793,directional,2575898.0
994,19,-205718202,-912761232,1322832655,omni,
994,20,1325421531,373945898,1056182289,directional,84935744.0
995,1,810534571,142534647,1232269160,omni,
995,4,-669082549,1081477266,1461170951,omni,
995,5,255697123,1230131964,1162912985,omni,
995,6,-299949826,792525823,1133263218,omni,
995,7,-739858792,1360663426,1200885301,omni,
995,10,-119796278,-408118999,1213404780,omni,
995,11,825046094,674592726,1314779289,directional,348327983.0
995,15,-1099078547,1320302797,1323659260,omni,
995,16,-234827350,-1550034737,1394406304,directional,234650074.0
995,17,1713123967,-165990388,1182747360,directional,109833206.0
995,19,-1248174027,-419632826,1427288712,omni,
995,20,789314378,-435232613,1233386283,omni,
996,1,769495716,521942720,1356984491,omni,
996,2,806278999,-1343014195,1440270633,omni,
996,5,-169147624,663463755,1417827305,omni,
996,6,-925666477,-848553911,1192530239,omni,
996,10,-40491084,-1327121109,1431162532,directional,123683270.0
996,14,-1486082026,-148977888,1137899150,omni,
996,15,736903129,268245670,1363010848,omni,
996,17,-677946529,45583021,1424995964,omni,
996,19,1214707086,798322042,1097268821,directional,168834874.0
996,20,-926994972,840017145,1069480281,directional,51542188.0
997,3,-666250864,-190951117,1335260195,omni,
997,4,-106507077,-552326057,1347050366,omni,
997,5,227732863,322967667,1464448298,directional,76014768.0
997,6,249704818,-324528660,1256493821,omni,
997,8,665412063,323880039,1164022415,omni,
997,9,-1572800035,-627252201,1306885556,directional,121317055.0
997,12,-453150333,-1376636766,1004140164,omni,
997,13,322696796,-1533615744,1405961514,directional,358174712.0
997,14,-1223517893,-606128387,1144108260,omni,
997,16,145148841,-240811357,1360776080,directional,288154397.0
997,17,292397011,-412353556,1439635231,omni,
997,20,1133067991,302276890,1378130871,directional,340535511.0
998,1,-519043464,-242047692,1442683274,directional,183306858.0
998,2,-683709235,-861523791,1122785849,directional,91543255.0
998,3,-1347245347,-661969519,1057405289,directional,260033920.0
998,4,1161842045,33587838,1320014272,omni,
998,5,439092764,-1470023984,1230810428,omni,
998,8,-607865410,-1170043525,1086243336,omni,
998,9,1151571494,-966891499,1084808982,omni,
998,10,879237055,-1148209572,1305721524,omni,
998,11,591648869,668151339,1104819695,directional,285113242.0
998,12,228331139,785663262,1309142639,directional,65311058.0
998,13,584808936,1558167458,1020199969,omni,
998,15,340613570,1067518812,1386232436,omni,
998,16,-428750851,554345530,1164953482,directional,23688529.0
998,17,-1091701840,964438482,1171661700,omni,
998,20,1247624014,861131358,1082284745,directional,96735995.0
999,2,1501293378,312276813,1040391936,omni,
999,4,339639230,791666106,1325925044,omni,
999,5,164654433,1470817646,1175862253,omni,
999,7,-165274448,-1593944011,1277732399,omni,
999,8,-1280883107,-940699612,1388861462,omni,
999,9,-341976538,1448999653,1139046380,omni,
999,10,810589542,1444199567,1467096335,directional,237102493.0
999,11,-1543936009,-136286456,1408056892,omni,
999,17,599186165,-1380360232,1295900033,omni,
999,18,889738910,-491576233,1243232057,omni,
999,19,347848897,1690230947,1373909624,omni,
