case_id,family,total_sources,stage,travel_m,travel_s,switch_s,measure_s,clear_s,total_s,actions
0,mixed,13,discovery,15242.24043666705,3048.448091,270.0,1420.0,0.0,4738.448091,284
0,mixed,13,active_localization,9193.727502287216,1838.7454990000008,10.0,85.0,0.0,1933.7454990000008,17
0,mixed,13,diagnostic,0.0,0.0,0.0,0.0,0.0,0.0,0
0,mixed,13,optical_fallback,0.0,0.0,0.0,0.0,0.0,0.0,0
0,mixed,13,certified_clear,1419.2166393875264,283.8433279999989,0.0,0.0,65.0,348.8433279999989,13
1,mixed,16,discovery,11747.478828307507,2349.495769,193.0,1020.0,0.0,3562.495769,204
1,mixed,16,active_localization,6980.057141219737,1396.0114270000013,11.0,80.0,0.0,1487.0114270000013,16
1,mixed,16,diagnostic,0.0,0.0,0.0,0.0,0.0,0.0,0
1,mixed,16,optical_fallback,0.0,0.0,0.0,0.0,0.0,0.0,0
1,mixed,16,certified_clear,3000.228942091281,600.0457879999989,0.0,0.0,80.0,680.0457879999989,16
2,mixed,16,discovery,13956.696404241879,2791.339283,197.0,1040.0,0.0,4028.339283,208
2,mixed,16,active_localization,6180.67215815286,1236.1344319999994,12.0,85.0,0.0,1333.1344319999994,17
2,mixed,16,diagnostic,380.87013306109816,76.17402700000002,0.0,5.0,0.0,81.17402700000002,1
2,mixed,16,optical_fallback,0.0,0.0,0.0,0.0,0.0,0.0,0
2,mixed,16,certified_clear,2744.062222948826,548.812444000001,0.0,0.0,80.0,628.812444000001,16
3,mixed,12,discovery,18722.141350704813,3744.4282730000004,298.0,1555.0,0.0,5597.428273,311
3,mixed,12,active_localization,5437.161395578688,1087.4322779999984,8.0,70.0,0.0,1165.4322779999984,14
3,mixed,12,diagnostic,0.0,0.0,0.0,0.0,0.0,0.0,0
3,mixed,12,optical_fallback,0.0,0.0,0.0,0.0,0.0,0.0,0
3,mixed,12,certified_clear,2346.7613783859765,469.35227600000167,0.0,0.0,60.0,529.3522760000017,12
4,mixed,14,discovery,15564.551043165377,3112.9102120000016,221.0,1170.0,0.0,4503.910212000002,234
4,mixed,14,active_localization,5726.554593513609,1145.3109179999997,8.0,50.0,0.0,1203.3109179999997,10
4,mixed,14,diagnostic,0.0,0.0,0.0,0.0,0.0,0.0,0
4,mixed,14,optical_fallback,0.0,0.0,0.0,0.0,0.0,0.0,0
4,mixed,14,certified_clear,3666.509727819947,733.3019459999994,0.0,0.0,70.0,803.3019459999994,14
5,all_directional,15,discovery,14192.35685489083,2838.4713730000003,257.0,1355.0,0.0,4450.471372999999,271
5,all_directional,15,active_localization,6282.125148731797,1256.4250300000015,9.0,80.0,0.0,1345.4250300000015,16
5,all_directional,15,diagnostic,0.0,0.0,0.0,0.0,0.0,0.0,0
5,all_directional,15,optical_fallback,0.0,0.0,0.0,0.0,0.0,0.0,0
5,all_directional,15,certified_clear,3967.544840615986,793.508966999999,0.0,0.0,75.0,868.508966999999,15
6,mixed,14,discovery,13629.02081759673,2725.8041670000002,207.0,1100.0,0.0,4032.8041670000007,220
6,mixed,14,active_localization,5642.823200649631,1128.5646419999996,9.0,50.0,0.0,1187.5646419999996,10
6,mixed,14,diagnostic,0.0,0.0,0.0,0.0,0.0,0.0,0
6,mixed,14,optical_fallback,0.0,0.0,0.0,0.0,0.0,0.0,0
6,mixed,14,certified_clear,3004.29453333989,600.858906,0.0,0.0,70.0,670.858906,14
7,mixed,14,discovery,15083.152808047025,3016.6305639999996,256.0,1350.0,0.0,4622.630563999999,270
7,mixed,14,active_localization,3776.099152885023,755.2198329999999,11.0,65.0,0.0,831.2198329999999,13
7,mixed,14,diagnostic,0.0,0.0,0.0,0.0,0.0,0.0,0
7,mixed,14,optical_fallback,0.0,0.0,0.0,0.0,0.0,0.0,0
7,mixed,14,certified_clear,2913.0440560645056,582.6088100000004,0.0,0.0,70.0,652.6088100000004,14
8,mixed,10,discovery,16617.480853230896,3323.496171999999,279.0,1465.0,0.0,5067.496171999999,293
8,mixed,10,active_localization,5776.61272379056,1155.3225430000002,6.0,60.0,0.0,1221.3225430000002,12
8,mixed,10,diagnostic,0.0,0.0,0.0,0.0,0.0,0.0,0
8,mixed,10,optical_fallback,0.0,0.0,0.0,0.0,0.0,0.0,0
8,mixed,10,certified_clear,1318.8822435978445,263.7764470000002,0.0,0.0,50.0,313.7764470000002,10
9,mixed,16,discovery,6701.572264006478,1340.3144529999995,143.0,745.0,0.0,2228.3144529999995,149
9,mixed,16,active_localization,8757.158510332647,1751.4317020000008,14.0,100.0,0.0,1865.4317020000008,20
9,mixed,16,diagnostic,0.0,0.0,0.0,0.0,0.0,0.0,0
9,mixed,16,optical_fallback,0.0,0.0,0.0,0.0,0.0,0.0,0
9,mixed,16,certified_clear,3367.1043949354557,673.4208800000001,0.0,0.0,80.0,753.4208800000001,16
10,mixed,14,discovery,15563.770865767778,3112.754177,221.0,1175.0,0.0,4508.754177,235
10,mixed,14,active_localization,4426.80500861885,885.3610020000001,7.0,45.0,0.0,937.3610020000001,9
10,mixed,14,diagnostic,0.0,0.0,0.0,0.0,0.0,0.0,0
10,mixed,14,optical_fallback,0.0,0.0,0.0,0.0,0.0,0.0,0
10,mixed,14,certified_clear,3596.820856837715,719.3641720000003,0.0,0.0,70.0,789.3641720000003,14
11,mixed,11,discovery,15225.115220996558,3045.0230469999988,302.0,1585.0,0.0,4932.023047,317
11,mixed,11,active_localization,4002.734833729088,800.5469680000007,7.0,60.0,0.0,867.5469680000007,12
11,mixed,11,diagnostic,1115.5058438090741,223.10116900000048,1.0,5.0,0.0,229.10116900000048,1
11,mixed,11,optical_fallback,0.0,0.0,0.0,0.0,0.0,0.0,0
11,mixed,11,certified_clear,3239.615417608997,647.9230850000001,0.0,0.0,55.0,702.9230850000001,11
12,mixed,14,discovery,15696.674680604323,3139.33494,247.0,1295.0,0.0,4681.334940000001,259
12,mixed,14,active_localization,5960.548494953586,1192.1096979999988,11.0,70.0,0.0,1273.1096979999988,14
12,mixed,14,diagnostic,0.0,0.0,0.0,0.0,0.0,0.0,0
12,mixed,14,optical_fallback,0.0,0.0,0.0,0.0,0.0,0.0,0
12,mixed,14,certified_clear,3930.1123392084187,786.0224670000006,0.0,0.0,70.0,856.0224670000006,14
13,mixed,16,discovery,5001.128917637241,1000.2257849999996,168.0,875.0,0.0,2043.2257849999996,175
13,mixed,16,active_localization,10778.601601224833,2155.720321999999,12.0,95.0,0.0,2262.720321999999,19
13,mixed,16,diagnostic,0.0,0.0,0.0,0.0,0.0,0.0,0
13,mixed,16,optical_fallback,0.0,0.0,0.0,0.0,0.0,0.0,0
13,mixed,16,certified_clear,3412.622259025206,682.5244520000014,0.0,0.0,80.0,762.5244520000014,16
14,mixed,11,discovery,16439.283945572144,3287.8567940000007,251.0,1330.0,0.0,4868.856794000001,266
14,mixed,11,active_localization,5981.174398176796,1196.2348800000004,9.0,80.0,0.0,1285.2348800000004,16
14,mixed,11,diagnostic,0.0,0.0,0.0,0.0,0.0,0.0,0
14,mixed,11,optical_fallback,0.0,0.0,0.0,0.0,0.0,0.0,0
14,mixed,11,certified_clear,1735.6102374759794,347.12204799999915,0.0,0.0,55.0,402.12204799999915,11
15,mixed,15,discovery,17332.757357029608,3466.5514749999993,201.0,1085.0,0.0,4752.551474999999,217
15,mixed,15,active_localization,4208.20521459448,841.6410420000002,10.0,85.0,0.0,936.6410420000002,17
15,mixed,15,diagnostic,0.0,0.0,0.0,0.0,0.0,0.0,0
15,mixed,15,optical_fallback,0.0,0.0,0.0,0.0,0.0,0.0,0
15,mixed,15,certified_clear,2819.3448067079003,563.8689620000002,0.0,0.0,75.0,638.8689620000002,15
16,all_directional,13,discovery,16854.903099063453,3370.9806219999996,256.0,1345.0,0.0,4971.980621999999,269
16,all_directional,13,active_localization,5102.872141077759,1020.5744280000004,9.0,55.0,0.0,1084.5744280000004,11
16,all_directional,13,diagnostic,0.0,0.0,0.0,0.0,0.0,0.0,0
16,all_directional,13,optical_fallback,0.0,0.0,0.0,0.0,0.0,0.0,0
16,all_directional,13,certified_clear,3282.140969971134,656.4281940000002,0.0,0.0,65.0,721.4281940000002,13
17,mixed,12,discovery,17804.84861696406,3560.9697270000006,287.0,1510.0,0.0,5357.969727000001,302
17,mixed,12,active_localization,6524.784376207065,1304.956877,9.0,75.0,0.0,1388.956877,15
17,mixed,12,diagnostic,776.2689286273896,155.25378499999988,0.0,10.0,0.0,165.25378499999988,2
17,mixed,12,optical_fallback,0.0,0.0,0.0,0.0,0.0,0.0,0
17,mixed,12,certified_clear,5193.52886421752,1038.7057719999996,0.0,0.0,60.0,1098.7057719999996,12
18,mixed,14,discovery,17412.268127041418,3482.4536289999996,206.0,1095.0,0.0,4783.453629,219
18,mixed,14,active_localization,6061.672715850765,1212.3345410000009,10.0,75.0,0.0,1297.3345410000009,15
18,mixed,14,diagnostic,0.0,0.0,0.0,0.0,0.0,0.0,0
18,mixed,14,optical_fallback,0.0,0.0,0.0,0.0,0.0,0.0,0
18,mixed,14,certified_clear,2929.235374479279,585.8470749999997,0.0,0.0,70.0,655.8470749999997,14
19,mixed,15,discovery,14120.960297106827,2824.192060000001,218.0,1155.0,0.0,4197.192060000001,231
19,mixed,15,active_localization,4805.848833595667,961.1697679999993,9.0,65.0,0.0,1035.1697679999993,13
19,mixed,15,diagnostic,0.0,0.0,0.0,0.0,0.0,0.0,0
19,mixed,15,optical_fallback,0.0,0.0,0.0,0.0,0.0,0.0,0
19,mixed,15,certified_clear,5283.410163298306,1056.6820340000004,0.0,0.0,75.0,1131.6820340000004,15
20,mixed,16,discovery,4146.355906667537,829.2711820000002,122.0,640.0,0.0,1591.2711820000002,128
20,mixed,16,active_localization,7465.072961201284,1493.0145910000006,10.0,105.0,0.0,1608.0145910000006,21
20,mixed,16,diagnostic,0.0,0.0,0.0,0.0,0.0,0.0,0
20,mixed,16,optical_fallback,0.0,0.0,0.0,0.0,0.0,0.0,0
20,mixed,16,certified_clear,4080.614411380917,816.1228839999992,0.0,0.0,80.0,896.1228839999992,16
21,mixed,13,discovery,16225.484470550033,3245.096898,254.0,1340.0,0.0,4839.096898,268
21,mixed,13,active_localization,7674.254741190065,1534.8509489999997,11.0,75.0,0.0,1620.8509489999997,15
21,mixed,13,diagnostic,0.0,0.0,0.0,0.0,0.0,0.0,0
21,mixed,13,optical_fallback,0.0,0.0,0.0,0.0,0.0,0.0,0
21,mixed,13,certified_clear,1771.4376833284412,354.2875360000008,0.0,0.0,65.0,419.2875360000008,13
22,mixed,12,discovery,18947.018267887077,3789.4036569999994,280.0,1470.0,0.0,5539.403657,294
22,mixed,12,active_localization,8337.488493603802,1667.4976960000001,10.0,85.0,0.0,1762.4976960000001,17
22,mixed,12,diagnostic,897.2286556848535,179.4457319999999,0.0,10.0,0.0,189.4457319999999,2
22,mixed,12,optical_fallback,0.0,0.0,0.0,0.0,0.0,0.0,0
22,mixed,12,certified_clear,2898.296676972562,579.6593340000007,0.0,0.0,60.0,639.6593340000007,12
23,mixed,16,discovery,13850.2890071223,2770.057803999999,257.0,1335.0,0.0,4362.057803999999,267
23,mixed,16,active_localization,12330.390252219102,2466.0780490000006,14.0,130.0,0.0,2610.0780490000006,26
23,mixed,16,diagnostic,1346.3175809830636,269.263516,0.0,15.0,0.0,284.263516,3
23,mixed,16,optical_fallback,0.0,0.0,0.0,0.0,0.0,0.0,0
23,mixed,16,certified_clear,2065.2495478878263,413.0499090000003,0.0,0.0,80.0,493.0499090000003,16
24,mixed,13,discovery,15920.013905251724,3184.0027850000015,244.0,1285.0,0.0,4713.0027850000015,257
24,mixed,13,active_localization,4829.604067517727,965.920812999999,8.0,55.0,0.0,1028.920812999999,11
24,mixed,13,diagnostic,0.0,0.0,0.0,0.0,0.0,0.0,0
24,mixed,13,optical_fallback,0.0,0.0,0.0,0.0,0.0,0.0,0
24,mixed,13,certified_clear,3309.681287640961,661.9362559999998,0.0,0.0,65.0,726.9362559999998,13
25,all_directional,14,discovery,16287.965668369337,3257.5931340000006,234.0,1230.0,0.0,4721.593134000001,246
25,all_directional,14,active_localization,7337.60635124708,1467.521270999998,11.0,95.0,0.0,1573.521270999998,19
25,all_directional,14,diagnostic,0.0,0.0,0.0,0.0,0.0,0.0,0
25,all_directional,14,optical_fallback,0.0,0.0,0.0,0.0,0.0,0.0,0
25,all_directional,14,certified_clear,3894.4149752276494,778.8829950000013,0.0,0.0,70.0,848.8829950000013,14
26,mixed,12,discovery,19810.24677152214,3962.049356,246.0,1305.0,0.0,5513.049356,261
26,mixed,12,active_localization,3085.678236307737,617.1356470000004,7.0,60.0,0.0,684.1356470000004,12
26,mixed,12,diagnostic,498.8486197324013,99.769724,0.0,15.0,0.0,114.769724,3
26,mixed,12,optical_fallback,0.0,0.0,0.0,0.0,0.0,0.0,0
26,mixed,12,certified_clear,3429.6200567093347,685.9240109999998,0.0,0.0,60.0,745.9240109999998,12
27,mixed,14,discovery,14593.366430237755,2918.6732889999994,228.0,1210.0,0.0,4356.673288999999,242
27,mixed,14,active_localization,4515.185117103525,903.0370230000001,8.0,40.0,0.0,951.0370230000001,8
27,mixed,14,diagnostic,0.0,0.0,0.0,0.0,0.0,0.0,0
27,mixed,14,optical_fallback,0.0,0.0,0.0,0.0,0.0,0.0,0
27,mixed,14,certified_clear,6023.760120661213,1204.7520240000001,0.0,0.0,70.0,1274.7520240000001,14
28,mixed,14,discovery,16469.923663082187,3293.984735000001,242.0,1285.0,0.0,4820.984735000001,257
28,mixed,14,active_localization,8413.61395075411,1682.7227899999998,10.0,90.0,0.0,1782.7227899999998,18
28,mixed,14,diagnostic,0.0,0.0,0.0,0.0,0.0,0.0,0
28,mixed,14,optical_fallback,0.0,0.0,0.0,0.0,0.0,0.0,0
28,mixed,14,certified_clear,2895.931419147036,579.1862839999994,0.0,0.0,70.0,649.1862839999994,14
29,mixed,16,discovery,12542.626520064985,2508.525307000001,185.0,970.0,0.0,3663.5253070000003,194
29,mixed,16,active_localization,6834.763841217759,1366.9527689999995,9.0,80.0,0.0,1455.9527689999995,16
29,mixed,16,diagnostic,0.0,0.0,0.0,0.0,0.0,0.0,0
29,mixed,16,optical_fallback,0.0,0.0,0.0,0.0,0.0,0.0,0
29,mixed,16,certified_clear,3852.727391084379,770.5454769999999,0.0,0.0,80.0,850.5454769999999,16
30,all_directional,13,discovery,15795.852539836524,3159.1705120000015,253.0,1330.0,0.0,4742.1705120000015,266
30,all_directional,13,active_localization,7369.586692201845,1473.917337,11.0,100.0,0.0,1584.917337,20
30,all_directional,13,diagnostic,684.3146886009172,136.86293799999999,0.0,10.0,0.0,146.86293799999999,2
30,all_directional,13,optical_fallback,0.0,0.0,0.0,0.0,0.0,0.0,0
30,all_directional,13,certified_clear,2791.730722532961,558.3461429999987,0.0,0.0,65.0,623.3461429999987,13
31,mixed,14,discovery,16220.665698676792,3244.133142999999,225.0,1200.0,0.0,4669.133142999999,240
31,mixed,14,active_localization,5705.0359361282435,1141.0071900000005,9.0,80.0,0.0,1230.0071900000005,16
31,mixed,14,diagnostic,545.0478603577466,109.00957199999993,0.0,5.0,0.0,114.00957199999993,1
31,mixed,14,optical_fallback,0.0,0.0,0.0,0.0,0.0,0.0,0
31,mixed,14,certified_clear,3824.5529049938727,764.9105820000002,0.0,0.0,70.0,834.9105820000002,14
32,mixed,10,discovery,15006.131154569193,3001.226236000001,275.0,1445.0,0.0,4721.226236000001,289
32,mixed,10,active_localization,4232.671363480243,846.5342719999996,7.0,70.0,0.0,923.5342719999996,14
32,mixed,10,diagnostic,0.0,0.0,0.0,0.0,0.0,0.0,0
32,mixed,10,optical_fallback,0.0,0.0,0.0,0.0,0.0,0.0,0
32,mixed,10,certified_clear,1206.2551626093784,241.2510319999999,0.0,0.0,50.0,291.2510319999999,10
33,mixed,10,discovery,17422.599374686164,3484.51988,323.0,1685.0,0.0,5492.519880000001,337
33,mixed,10,active_localization,7733.742132033574,1546.7484250000002,9.0,80.0,0.0,1635.7484250000002,16
33,mixed,10,diagnostic,943.9423833117421,188.78847700000006,0.0,10.0,0.0,198.78847700000006,2
33,mixed,10,optical_fallback,0.0,0.0,0.0,0.0,0.0,0.0,0
33,mixed,10,certified_clear,2216.208366426762,443.2416719999994,0.0,0.0,50.0,493.2416719999994,10
34,mixed,13,discovery,16465.242477681626,3293.048499999999,233.0,1235.0,0.0,4761.048499999999,247
34,mixed,13,active_localization,5683.992251190906,1136.798448000001,10.0,65.0,0.0,1211.798448000001,13
34,mixed,13,diagnostic,49.20396007263005,9.840791999999965,0.0,5.0,0.0,14.840791999999965,1
34,mixed,13,optical_fallback,0.0,0.0,0.0,0.0,0.0,0.0,0
34,mixed,13,certified_clear,2603.052821010905,520.610564,0.0,0.0,65.0,585.610564,13
35,mixed,14,discovery,15588.726883790036,3117.74538,202.0,1090.0,0.0,4409.745379999999,218
35,mixed,14,active_localization,3614.4329443067204,722.8865900000005,11.0,75.0,0.0,808.8865900000005,15
35,mixed,14,diagnostic,0.0,0.0,0.0,0.0,0.0,0.0,0
35,mixed,14,optical_fallback,0.0,0.0,0.0,0.0,0.0,0.0,0
35,mixed,14,certified_clear,2341.2384555637004,468.2476889999998,0.0,0.0,70.0,538.2476889999998,14
36,mixed,16,discovery,11370.9279069797,2274.1855830000004,190.0,995.0,0.0,3459.1855830000004,199
36,mixed,16,active_localization,8506.81763914864,1701.3635299999983,14.0,130.0,0.0,1845.3635299999983,26
36,mixed,16,diagnostic,220.19531378965874,44.03906299999994,0.0,5.0,0.0,49.03906299999994,1
36,mixed,16,optical_fallback,0.0,0.0,0.0,0.0,0.0,0.0,0
36,mixed,16,certified_clear,2830.8898784118537,566.177975000001,0.0,0.0,80.0,646.177975000001,16
37,mixed,15,discovery,15784.62335805768,3156.9246760000005,220.0,1180.0,0.0,4556.9246760000005,236
37,mixed,15,active_localization,2144.938182536668,428.98763600000063,4.0,30.0,0.0,462.98763600000063,6
37,mixed,15,diagnostic,0.0,0.0,0.0,0.0,0.0,0.0,0
37,mixed,15,optical_fallback,0.0,0.0,0.0,0.0,0.0,0.0,0
37,mixed,15,certified_clear,6068.050419121446,1213.6100839999992,0.0,0.0,75.0,1288.6100839999992,15
38,mixed,10,discovery,16397.69937344352,3279.5398780000005,272.0,1435.0,0.0,4986.5398780000005,287
38,mixed,10,active_localization,4392.421835736888,878.4843649999996,8.0,60.0,0.0,946.4843649999996,12
38,mixed,10,diagnostic,0.0,0.0,0.0,0.0,0.0,0.0,0
38,mixed,10,optical_fallback,0.0,0.0,0.0,0.0,0.0,0.0,0
38,mixed,10,certified_clear,2135.906463034324,427.1812909999997,0.0,0.0,50.0,477.1812909999997,10
39,mixed,11,discovery,18401.530312934883,3680.306064999998,285.0,1505.0,0.0,5470.306064999999,301
39,mixed,11,active_localization,7040.796338661317,1408.1592669999998,7.0,70.0,0.0,1485.1592669999998,14
39,mixed,11,diagnostic,0.0,0.0,0.0,0.0,0.0,0.0,0
39,mixed,11,optical_fallback,0.0,0.0,0.0,0.0,0.0,0.0,0
39,mixed,11,certified_clear,2426.118985465516,485.223796000002,0.0,0.0,55.0,540.223796000002,11
40,mixed,16,discovery,11462.922371900859,2292.5844749999987,199.0,1050.0,0.0,3541.5844749999987,210
40,mixed,16,active_localization,7986.9303185884055,1597.3860619999998,11.0,80.0,0.0,1688.3860619999998,16
40,mixed,16,diagnostic,0.0,0.0,0.0,0.0,0.0,0.0,0
40,mixed,16,optical_fallback,0.0,0.0,0.0,0.0,0.0,0.0,0
40,mixed,16,certified_clear,2521.49746052073,504.2994930000009,0.0,0.0,80.0,584.2994930000009,16
41,mixed,15,discovery,16131.298872688129,3226.259777999999,227.0,1215.0,0.0,4668.259777999999,243
41,mixed,15,active_localization,3943.584583858704,788.7169170000005,6.0,45.0,0.0,839.7169170000005,9
41,mixed,15,diagnostic,0.0,0.0,0.0,0.0,0.0,0.0,0
41,mixed,15,optical_fallback,0.0,0.0,0.0,0.0,0.0,0.0,0
41,mixed,15,certified_clear,4532.866631201565,906.5733270000007,0.0,0.0,75.0,981.5733270000007,15
42,all_directional,10,discovery,16681.38235337049,3336.2764740000002,295.0,1545.0,0.0,5176.276474000001,309
42,all_directional,10,active_localization,5695.741486135772,1139.1482970000004,8.0,85.0,0.0,1232.1482970000004,17
42,all_directional,10,diagnostic,964.9758677962798,192.99517299999934,0.0,10.0,0.0,202.99517299999934,2
42,all_directional,10,optical_fallback,0.0,0.0,0.0,0.0,0.0,0.0,0
42,all_directional,10,certified_clear,857.5046528132821,171.50093000000015,0.0,0.0,50.0,221.50093000000015,10
43,mixed,14,discovery,19133.473593276132,3826.694722,220.0,1175.0,0.0,5221.694722,235
43,mixed,14,active_localization,5224.121025230472,1044.824204000001,9.0,65.0,0.0,1118.824204000001,13
43,mixed,14,diagnostic,0.0,0.0,0.0,0.0,0.0,0.0,0
43,mixed,14,optical_fallback,0.0,0.0,0.0,0.0,0.0,0.0,0
43,mixed,14,certified_clear,4544.880704191646,908.9761419999993,0.0,0.0,70.0,978.9761419999993,14
44,mixed,11,discovery,15625.942030455919,3125.18841,277.0,1455.0,0.0,4857.188410000001,291
44,mixed,11,active_localization,4988.05463705863,997.6109260000003,10.0,75.0,0.0,1082.6109260000003,15
44,mixed,11,diagnostic,0.0,0.0,0.0,0.0,0.0,0.0,0
44,mixed,11,optical_fallback,0.0,0.0,0.0,0.0,0.0,0.0,0
44,mixed,11,certified_clear,1797.4723555560383,359.49447099999963,0.0,0.0,55.0,414.49447099999963,11
45,mixed,11,discovery,15507.309357233355,3101.4618759999994,266.0,1400.0,0.0,4767.461875999999,280
45,mixed,11,active_localization,6825.825278476122,1365.1650570000004,9.0,60.0,0.0,1434.1650570000004,12
45,mixed,11,diagnostic,0.0,0.0,0.0,0.0,0.0,0.0,0
45,mixed,11,optical_fallback,0.0,0.0,0.0,0.0,0.0,0.0,0
45,mixed,11,certified_clear,2484.633043029665,496.92660800000033,0.0,0.0,55.0,551.9266080000003,11
46,mixed,11,discovery,16066.253160047767,3213.2506350000003,258.0,1365.0,0.0,4836.250635,273
46,mixed,11,active_localization,7122.426796687336,1424.4853590000002,8.0,80.0,0.0,1512.4853590000002,16
46,mixed,11,diagnostic,0.0,0.0,0.0,0.0,0.0,0.0,0
46,mixed,11,optical_fallback,0.0,0.0,0.0,0.0,0.0,0.0,0
46,mixed,11,certified_clear,2154.997176186319,430.99943599999955,0.0,0.0,55.0,485.99943599999955,11
47,mixed,10,discovery,16565.004354151417,3313.000875,283.0,1485.0,0.0,5081.000875,297
47,mixed,10,active_localization,6231.744819465498,1246.348964999999,9.0,85.0,0.0,1340.348964999999,17
47,mixed,10,diagnostic,0.0,0.0,0.0,0.0,0.0,0.0,0
47,mixed,10,optical_fallback,0.0,0.0,0.0,0.0,0.0,0.0,0
47,mixed,10,certified_clear,801.0793314817405,160.21586400000047,0.0,0.0,50.0,210.21586400000047,10
48,mixed,15,discovery,14226.450788856566,2845.2901620000007,219.0,1170.0,0.0,4234.290162000001,234
48,mixed,15,active_localization,3836.9969367429367,767.3993879999998,9.0,45.0,0.0,821.3993879999998,9
48,mixed,15,diagnostic,0.0,0.0,0.0,0.0,0.0,0.0,0
48,mixed,15,optical_fallback,0.0,0.0,0.0,0.0,0.0,0.0,0
48,mixed,15,certified_clear,3700.7719354421138,740.1543869999991,0.0,0.0,75.0,815.1543869999991,15
49,all_directional,12,discovery,15871.88391164679,3174.376783999999,288.0,1520.0,0.0,4982.376783999999,304
49,all_directional,12,active_localization,5796.0376818394525,1159.2075369999986,7.0,70.0,0.0,1236.2075369999986,14
49,all_directional,12,diagnostic,945.7130715264495,189.14261499999998,0.0,10.0,0.0,199.14261499999998,2
49,all_directional,12,optical_fallback,0.0,0.0,0.0,0.0,0.0,0.0,0
49,all_directional,12,certified_clear,3269.799934125676,653.959989000002,0.0,0.0,60.0,713.959989000002,12
50,mixed,15,discovery,17519.142821415444,3503.828567999999,183.0,995.0,0.0,4681.828567999999,199
50,mixed,15,active_localization,5122.436883527868,1024.4873760000003,11.0,110.0,0.0,1145.4873760000003,22
50,mixed,15,diagnostic,0.0,0.0,0.0,0.0,0.0,0.0,0
50,mixed,15,optical_fallback,0.0,0.0,0.0,0.0,0.0,0.0,0
50,mixed,15,certified_clear,3296.43357927782,659.2867160000001,0.0,0.0,75.0,734.2867160000001,15
51,mixed,11,discovery,16965.8954551664,3393.179092000001,252.0,1330.0,0.0,4975.179092000001,266
51,mixed,11,active_localization,5478.964314250744,1095.7928619999998,9.0,85.0,0.0,1189.7928619999998,17
51,mixed,11,diagnostic,359.5480097860774,71.90960199999972,0.0,5.0,0.0,76.90960199999972,1
51,mixed,11,optical_fallback,0.0,0.0,0.0,0.0,0.0,0.0,0
51,mixed,11,certified_clear,1491.075334880626,298.21506799999884,0.0,0.0,55.0,353.21506799999884,11
52,mixed,10,discovery,16268.83447481697,3253.766898,296.0,1555.0,0.0,5104.766898,311
52,mixed,10,active_localization,4831.69597542207,966.339193,7.0,75.0,0.0,1048.339193,15
52,mixed,10,diagnostic,344.8276985630845,68.96554000000015,0.0,5.0,0.0,73.96554000000015,1
52,mixed,10,optical_fallback,0.0,0.0,0.0,0.0,0.0,0.0,0
52,mixed,10,certified_clear,1223.217384421883,244.64347599999962,0.0,0.0,50.0,294.6434759999996,10
53,mixed,13,discovery,15773.137371420526,3154.6274780000003,230.0,1225.0,0.0,4609.627478,245
53,mixed,13,active_localization,5930.31777443692,1186.063555,10.0,105.0,0.0,1301.063555,21
53,mixed,13,diagnostic,386.33587661315426,77.26717600000006,0.0,10.0,0.0,87.26717600000006,2
53,mixed,13,optical_fallback,0.0,0.0,0.0,0.0,0.0,0.0,0
53,mixed,13,certified_clear,1898.5343299380643,379.70686599999965,0.0,0.0,65.0,444.70686599999965,13
54,mixed,10,discovery,16559.578252127896,3311.9156539999985,265.0,1405.0,0.0,4981.9156539999985,281
54,mixed,10,active_localization,2900.388223735037,580.077644,6.0,30.0,0.0,616.077644,6
54,mixed,10,diagnostic,0.0,0.0,0.0,0.0,0.0,0.0,0
54,mixed,10,optical_fallback,0.0,0.0,0.0,0.0,0.0,0.0,0
54,mixed,10,certified_clear,3737.444022317407,747.4888040000012,0.0,0.0,50.0,797.4888040000012,10
55,mixed,12,discovery,15622.614409436757,3124.5228859999997,237.0,1260.0,0.0,4621.522886,252
55,mixed,12,active_localization,3650.7148834969694,730.1429770000005,8.0,45.0,0.0,783.1429770000005,9
55,mixed,12,diagnostic,0.0,0.0,0.0,0.0,0.0,0.0,0
55,mixed,12,optical_fallback,0.0,0.0,0.0,0.0,0.0,0.0,0
55,mixed,12,certified_clear,3484.9762225999157,696.9952449999996,0.0,0.0,60.0,756.9952449999996,12
56,mixed,16,discovery,15118.130474632537,3023.626096,203.0,1080.0,0.0,4306.626095999999,216
56,mixed,16,active_localization,5242.091221739485,1048.4182439999995,10.0,85.0,0.0,1143.4182439999995,17
56,mixed,16,diagnostic,101.11874208078335,20.223747999999887,0.0,5.0,0.0,25.223747999999887,1
56,mixed,16,optical_fallback,0.0,0.0,0.0,0.0,0.0,0.0,0
56,mixed,16,certified_clear,4524.873096337703,904.9746200000006,0.0,0.0,80.0,984.9746200000006,16
57,mixed,14,discovery,13687.51366939496,2737.5027370000007,250.0,1310.0,0.0,4297.502737000001,262
57,mixed,14,active_localization,6330.50950919115,1266.101901999999,9.0,60.0,0.0,1335.101901999999,12
57,mixed,14,diagnostic,0.0,0.0,0.0,0.0,0.0,0.0,0
57,mixed,14,optical_fallback,0.0,0.0,0.0,0.0,0.0,0.0,0
57,mixed,14,certified_clear,3198.609812010523,639.7219630000002,0.0,0.0,70.0,709.7219630000002,14
58,mixed,16,discovery,10537.965569111291,2107.593114999999,197.0,1030.0,0.0,3334.593114999999,206
58,mixed,16,active_localization,7975.1197457848075,1595.0239500000012,11.0,90.0,0.0,1696.0239500000012,18
58,mixed,16,diagnostic,0.0,0.0,0.0,0.0,0.0,0.0,0
58,mixed,16,optical_fallback,0.0,0.0,0.0,0.0,0.0,0.0,0
58,mixed,16,certified_clear,4955.610365724524,991.1220719999992,0.0,0.0,80.0,1071.1220719999992,16
59,mixed,16,discovery,13465.235240857688,2693.047050000001,246.0,1280.0,0.0,4219.04705,256
59,mixed,16,active_localization,7105.375447488873,1421.0750890000002,12.0,105.0,0.0,1538.0750890000002,21
59,mixed,16,diagnostic,558.5785494695613,111.71570999999994,0.0,5.0,0.0,116.71570999999994,1
59,mixed,16,optical_fallback,0.0,0.0,0.0,0.0,0.0,0.0,0
59,mixed,16,certified_clear,3507.0758300829357,701.4151639999986,0.0,0.0,80.0,781.4151639999986,16
60,mixed,11,discovery,16862.284420207943,3372.456887999999,290.0,1510.0,0.0,5172.456887999999,302
60,mixed,11,active_localization,5485.799397787064,1097.1598779999995,9.0,65.0,0.0,1171.1598779999995,13
60,mixed,11,diagnostic,822.2375036841203,164.44750100000056,0.0,10.0,0.0,174.44750100000056,2
60,mixed,11,optical_fallback,0.0,0.0,0.0,0.0,0.0,0.0,0
60,mixed,11,certified_clear,2228.1407568765185,445.62815100000074,0.0,0.0,55.0,500.62815100000074,11
61,mixed,12,discovery,15705.576440194978,3141.1152920000004,204.0,1095.0,0.0,4440.1152919999995,219
61,mixed,12,active_localization,4205.089862975313,841.0179729999998,9.0,50.0,0.0,900.0179729999998,10
61,mixed,12,diagnostic,0.0,0.0,0.0,0.0,0.0,0.0,0
61,mixed,12,optical_fallback,0.0,0.0,0.0,0.0,0.0,0.0,0
61,mixed,12,certified_clear,2129.29860020303,425.8597199999998,0.0,0.0,60.0,485.8597199999998,12
62,all_directional,12,discovery,18622.22244011572,3724.4444909999984,278.0,1460.0,0.0,5462.444490999998,292
62,all_directional,12,active_localization,4935.821932381657,987.1643859999995,7.0,60.0,0.0,1054.1643859999995,12
62,all_directional,12,diagnostic,0.0,0.0,0.0,0.0,0.0,0.0,0
62,all_directional,12,optical_fallback,0.0,0.0,0.0,0.0,0.0,0.0,0
62,all_directional,12,certified_clear,3781.38799230143,756.2775990000017,0.0,0.0,60.0,816.2775990000017,12
63,mixed,16,discovery,10524.868510348231,2104.973703,205.0,1050.0,0.0,3359.973703,210
63,mixed,16,active_localization,9305.365441588212,1861.07309,14.0,90.0,0.0,1965.07309,18
63,mixed,16,diagnostic,0.0,0.0,0.0,0.0,0.0,0.0,0
63,mixed,16,optical_fallback,0.0,0.0,0.0,0.0,0.0,0.0,0
63,mixed,16,certified_clear,3342.3424324123507,668.468486,0.0,0.0,80.0,748.468486,16
64,mixed,14,discovery,15743.213083026585,3148.6426189999997,237.0,1260.0,0.0,4645.642618999999,252
64,mixed,14,active_localization,6344.874545144088,1268.9749090000005,10.0,80.0,0.0,1358.9749090000005,16
64,mixed,14,diagnostic,0.0,0.0,0.0,0.0,0.0,0.0,0
64,mixed,14,optical_fallback,0.0,0.0,0.0,0.0,0.0,0.0,0
64,mixed,14,certified_clear,4077.4748004748767,815.4949620000002,0.0,0.0,70.0,885.4949620000002,14
65,mixed,10,discovery,16885.436330307963,3377.0872690000006,267.0,1415.0,0.0,5059.087269000001,283
65,mixed,10,active_localization,5790.3054749482235,1158.0610959999995,6.0,35.0,0.0,1199.0610959999995,7
65,mixed,10,diagnostic,0.0,0.0,0.0,0.0,0.0,0.0,0
65,mixed,10,optical_fallback,0.0,0.0,0.0,0.0,0.0,0.0,0
65,mixed,10,certified_clear,2980.570194226786,596.114039,0.0,0.0,50.0,646.114039,10
66,mixed,13,discovery,16327.970264284468,3265.5940570000002,213.0,1145.0,0.0,4623.594057,229
66,mixed,13,active_localization,2673.3106738973684,534.6621349999998,7.0,50.0,0.0,591.6621349999998,10
66,mixed,13,diagnostic,0.0,0.0,0.0,0.0,0.0,0.0,0
66,mixed,13,optical_fallback,0.0,0.0,0.0,0.0,0.0,0.0,0
66,mixed,13,certified_clear,4455.84766436336,891.1695340000002,0.0,0.0,65.0,956.1695340000002,13
67,mixed,11,discovery,15699.397139985174,3139.879428999999,252.0,1325.0,0.0,4716.879429,265
67,mixed,11,active_localization,6198.191620799239,1239.6383249999997,8.0,60.0,0.0,1307.6383249999997,12
67,mixed,11,diagnostic,0.0,0.0,0.0,0.0,0.0,0.0,0
67,mixed,11,optical_fallback,0.0,0.0,0.0,0.0,0.0,0.0,0
67,mixed,11,certified_clear,2501.212814746627,500.24256200000093,0.0,0.0,55.0,555.2425620000009,11
68,all_directional,12,discovery,14968.300828391588,2993.660169,277.0,1445.0,0.0,4715.660169,289
68,all_directional,12,active_localization,5203.63119283695,1040.7262369999994,10.0,85.0,0.0,1135.7262369999994,17
68,all_directional,12,diagnostic,0.0,0.0,0.0,0.0,0.0,0.0,0
68,all_directional,12,optical_fallback,0.0,0.0,0.0,0.0,0.0,0.0,0
68,all_directional,12,certified_clear,2380.136054636182,476.0272110000005,0.0,0.0,60.0,536.0272110000005,12
69,mixed,16,discovery,12725.628972330791,2545.1257960000003,218.0,1140.0,0.0,3903.1257960000003,228
69,mixed,16,active_localization,8887.211054398667,1777.4422109999998,15.0,150.0,0.0,1942.4422109999998,30
69,mixed,16,diagnostic,2204.682997091299,440.9366000000002,0.0,20.0,0.0,460.9366000000002,4
69,mixed,16,optical_fallback,0.0,0.0,0.0,0.0,0.0,0.0,0
69,mixed,16,certified_clear,2143.30861254859,428.6617229999998,0.0,0.0,80.0,508.6617229999998,16
70,mixed,14,discovery,16590.796536921458,3318.15931,239.0,1260.0,0.0,4817.15931,252
70,mixed,14,active_localization,10265.539320224332,2053.107864999998,14.0,130.0,0.0,2197.107864999998,26
70,mixed,14,diagnostic,1227.7159933127284,245.54319900000064,0.0,15.0,0.0,260.54319900000064,3
70,mixed,14,optical_fallback,0.0,0.0,0.0,0.0,0.0,0.0,0
70,mixed,14,certified_clear,1911.3428345979876,382.26856600000167,0.0,0.0,70.0,452.26856600000167,14
71,mixed,12,discovery,17239.86447344613,3447.972898000001,256.0,1355.0,0.0,5058.972898000001,271
71,mixed,12,active_localization,5873.664936986534,1174.7329889999992,10.0,85.0,0.0,1269.7329889999992,17
71,mixed,12,diagnostic,551.5636140771653,110.312723,0.0,5.0,0.0,115.312723,1
71,mixed,12,optical_fallback,0.0,0.0,0.0,0.0,0.0,0.0,0
71,mixed,12,certified_clear,3327.8892604942275,665.5778510000004,0.0,0.0,60.0,725.5778510000004,12
72,all_directional,15,discovery,16085.026124142749,3217.0052279999986,215.0,1145.0,0.0,4577.005227999999,229
72,all_directional,15,active_localization,6295.799923851922,1259.1599840000003,8.0,70.0,0.0,1337.1599840000003,14
72,all_directional,15,diagnostic,0.0,0.0,0.0,0.0,0.0,0.0,0
72,all_directional,15,optical_fallback,0.0,0.0,0.0,0.0,0.0,0.0,0
72,all_directional,15,certified_clear,4096.211097548354,819.242220000001,0.0,0.0,75.0,894.242220000001,15
73,mixed,12,discovery,16562.6905545369,3312.5381120000006,266.0,1400.0,0.0,4978.538112,280
73,mixed,12,active_localization,6487.718006880432,1297.5436020000013,11.0,80.0,0.0,1388.5436020000013,16
73,mixed,12,diagnostic,0.0,0.0,0.0,0.0,0.0,0.0,0
73,mixed,12,optical_fallback,0.0,0.0,0.0,0.0,0.0,0.0,0
73,mixed,12,certified_clear,2744.3079428083656,548.8615899999984,0.0,0.0,60.0,608.8615899999984,12
74,mixed,15,discovery,16012.26601928344,3202.4532090000002,231.0,1220.0,0.0,4653.453209,244
74,mixed,15,active_localization,6867.206794218204,1373.441358,12.0,75.0,0.0,1460.441358,15
74,mixed,15,diagnostic,0.0,0.0,0.0,0.0,0.0,0.0,0
74,mixed,15,optical_fallback,0.0,0.0,0.0,0.0,0.0,0.0,0
74,mixed,15,certified_clear,3405.1492798154595,681.0298539999997,0.0,0.0,75.0,756.0298539999997,15
75,mixed,14,discovery,16168.760207632684,3233.752042,248.0,1300.0,0.0,4781.752042,260
75,mixed,14,active_localization,9757.69680443991,1951.5393589999994,14.0,105.0,0.0,2070.5393589999994,21
75,mixed,14,diagnostic,0.0,0.0,0.0,0.0,0.0,0.0,0
75,mixed,14,optical_fallback,0.0,0.0,0.0,0.0,0.0,0.0,0
75,mixed,14,certified_clear,593.184077301285,118.63681500000064,0.0,0.0,70.0,188.63681500000064,14
76,mixed,12,discovery,15842.452913440775,3168.4905869999993,243.0,1295.0,0.0,4706.490586999999,259
76,mixed,12,active_localization,5982.882564225306,1196.5765120000012,9.0,65.0,0.0,1270.5765120000012,13
76,mixed,12,diagnostic,0.0,0.0,0.0,0.0,0.0,0.0,0
76,mixed,12,optical_fallback,0.0,0.0,0.0,0.0,0.0,0.0,0
76,mixed,12,certified_clear,2175.7634811000116,435.15269699999965,0.0,0.0,60.0,495.15269699999965,12
77,mixed,12,discovery,15426.130874813072,3085.226175,236.0,1265.0,0.0,4586.226175,253
77,mixed,12,active_localization,2777.691042509261,555.5382100000004,6.0,40.0,0.0,601.5382100000004,8
77,mixed,12,diagnostic,732.00097175228,146.40019399999983,1.0,5.0,0.0,152.40019399999983,1
77,mixed,12,optical_fallback,0.0,0.0,0.0,0.0,0.0,0.0,0
77,mixed,12,certified_clear,4355.125741561377,871.0251509999998,0.0,0.0,60.0,931.0251509999998,12
78,mixed,10,discovery,15449.426532192057,3089.8853099999988,314.0,1650.0,0.0,5053.88531,330
78,mixed,10,active_localization,4179.171759850732,835.8343520000001,6.0,35.0,0.0,876.8343520000001,7
78,mixed,10,diagnostic,0.0,0.0,0.0,0.0,0.0,0.0,0
78,mixed,10,optical_fallback,0.0,0.0,0.0,0.0,0.0,0.0,0
78,mixed,10,certified_clear,3742.44904659895,748.4898080000007,0.0,0.0,50.0,798.4898080000007,10
79,all_directional,14,discovery,15772.427503350038,3154.485504000001,288.0,1495.0,0.0,4937.485504000001,299
79,all_directional,14,active_localization,9641.826035587985,1928.3652049999982,10.0,115.0,0.0,2053.3652049999982,23
79,all_directional,14,diagnostic,509.77658591953065,101.95531700000038,0.0,15.0,0.0,116.95531700000038,3
79,all_directional,14,optical_fallback,0.0,0.0,0.0,0.0,0.0,0.0,0
79,all_directional,14,certified_clear,1627.0469035268793,325.4093800000003,0.0,0.0,70.0,395.4093800000003,14
80,mixed,16,discovery,5518.467267630492,1103.6934550000005,113.0,590.0,0.0,1806.6934550000005,118
80,mixed,16,active_localization,8126.880836231656,1625.3761669999994,12.0,100.0,0.0,1737.3761669999994,20
80,mixed,16,diagnostic,0.0,0.0,0.0,0.0,0.0,0.0,0
80,mixed,16,optical_fallback,0.0,0.0,0.0,0.0,0.0,0.0,0
80,mixed,16,certified_clear,3018.709977382988,603.7419950000003,0.0,0.0,80.0,683.7419950000003,16
81,mixed,11,discovery,17392.00289626743,3478.400582999998,280.0,1480.0,0.0,5238.400582999999,296
81,mixed,11,active_localization,3371.8092735522046,674.361854,8.0,60.0,0.0,742.361854,12
81,mixed,11,diagnostic,0.0,0.0,0.0,0.0,0.0,0.0,0
81,mixed,11,optical_fallback,0.0,0.0,0.0,0.0,0.0,0.0,0
81,mixed,11,certified_clear,3405.90364306915,681.1807280000016,0.0,0.0,55.0,736.1807280000016,11
82,mixed,16,discovery,8131.542190866716,1626.308439,165.0,870.0,0.0,2661.308439,174
82,mixed,16,active_localization,7606.919127778107,1521.383824000001,9.0,70.0,0.0,1600.383824000001,14
82,mixed,16,diagnostic,1021.920447271553,204.38408899999922,0.0,10.0,0.0,214.38408899999922,2
82,mixed,16,optical_fallback,0.0,0.0,0.0,0.0,0.0,0.0,0
82,mixed,16,certified_clear,4254.289715819378,850.8579429999999,0.0,0.0,80.0,930.8579429999999,16
83,mixed,12,discovery,17106.818295649813,3421.363662999999,271.0,1425.0,0.0,5117.363662999998,285
83,mixed,12,active_localization,8533.90323399592,1706.7806459999993,10.0,100.0,0.0,1816.7806459999993,20
83,mixed,12,diagnostic,137.2693524697401,27.45387000000028,0.0,5.0,0.0,32.45387000000028,1
83,mixed,12,optical_fallback,0.0,0.0,0.0,0.0,0.0,0.0,0
83,mixed,12,certified_clear,1421.4582815229555,284.2916570000018,0.0,0.0,60.0,344.2916570000018,12
84,mixed,11,discovery,15097.79965510082,3019.5599330000005,267.0,1405.0,0.0,4691.5599330000005,281
84,mixed,11,active_localization,4200.56832785299,840.1136639999992,8.0,50.0,0.0,898.1136639999992,10
84,mixed,11,diagnostic,0.0,0.0,0.0,0.0,0.0,0.0,0
84,mixed,11,optical_fallback,0.0,0.0,0.0,0.0,0.0,0.0,0
84,mixed,11,certified_clear,2565.2223626014897,513.0444730000004,0.0,0.0,55.0,568.0444730000004,11
85,mixed,10,discovery,16079.233234888152,3215.846649,282.0,1485.0,0.0,4982.846649,297
85,mixed,10,active_localization,4349.43205567431,869.8864119999992,6.0,45.0,0.0,920.8864119999992,9
85,mixed,10,diagnostic,0.0,0.0,0.0,0.0,0.0,0.0,0
85,mixed,10,optical_fallback,0.0,0.0,0.0,0.0,0.0,0.0,0
85,mixed,10,certified_clear,3538.215770757257,707.6431550000007,0.0,0.0,50.0,757.6431550000007,10
86,mixed,11,discovery,15360.128597056346,3072.0257229999997,275.0,1440.0,0.0,4787.025723,288
86,mixed,11,active_localization,5054.088581775853,1010.8177170000013,10.0,80.0,0.0,1100.8177170000013,16
86,mixed,11,diagnostic,0.0,0.0,0.0,0.0,0.0,0.0,0
86,mixed,11,optical_fallback,0.0,0.0,0.0,0.0,0.0,0.0,0
86,mixed,11,certified_clear,2136.586581465964,427.3173159999991,0.0,0.0,55.0,482.3173159999991,11
87,mixed,11,discovery,16533.021418217573,3306.6042880000005,261.0,1380.0,0.0,4947.604288,276
87,mixed,11,active_localization,5648.398427831573,1129.6796860000002,7.0,75.0,0.0,1211.6796860000002,15
87,mixed,11,diagnostic,0.0,0.0,0.0,0.0,0.0,0.0,0
87,mixed,11,optical_fallback,0.0,0.0,0.0,0.0,0.0,0.0,0
87,mixed,11,certified_clear,1483.8538174721077,296.77076199999954,0.0,0.0,55.0,351.77076199999954,11
88,mixed,14,discovery,16291.467449644852,3258.293493,241.0,1275.0,0.0,4774.293493,255
88,mixed,14,active_localization,8517.615869227462,1703.5231749999991,11.0,95.0,0.0,1809.5231749999991,19
88,mixed,14,diagnostic,0.0,0.0,0.0,0.0,0.0,0.0,0
88,mixed,14,optical_fallback,0.0,0.0,0.0,0.0,0.0,0.0,0
88,mixed,14,certified_clear,4058.834751674798,811.7669500000006,0.0,0.0,70.0,881.7669500000006,14
89,mixed,16,discovery,8110.045570665731,1622.0091140000002,200.0,1035.0,0.0,2857.009114,207
89,mixed,16,active_localization,9612.609677686834,1922.521937,12.0,90.0,0.0,2024.521937,18
89,mixed,16,diagnostic,0.0,0.0,0.0,0.0,0.0,0.0,0
89,mixed,16,optical_fallback,0.0,0.0,0.0,0.0,0.0,0.0,0
89,mixed,16,certified_clear,2448.2146318301725,489.6429260000002,0.0,0.0,80.0,569.6429260000002,16
90,mixed,11,discovery,17107.788716768908,3421.5577470000007,305.0,1595.0,0.0,5321.557747,319
90,mixed,11,active_localization,9109.97198275862,1821.994397,9.0,70.0,0.0,1900.994397,14
90,mixed,11,diagnostic,1281.0349970625155,256.206999,0.0,15.0,0.0,271.206999,3
90,mixed,11,optical_fallback,0.0,0.0,0.0,0.0,0.0,0.0,0
90,mixed,11,certified_clear,2994.601331660666,598.9202659999997,0.0,0.0,55.0,653.9202659999997,11
91,mixed,15,discovery,14873.242353942362,2974.648471000001,219.0,1150.0,0.0,4343.648471000001,230
91,mixed,15,active_localization,8524.453331561002,1704.8906640000005,13.0,85.0,0.0,1802.8906640000005,17
91,mixed,15,diagnostic,0.0,0.0,0.0,0.0,0.0,0.0,0
91,mixed,15,optical_fallback,0.0,0.0,0.0,0.0,0.0,0.0,0
91,mixed,15,certified_clear,2148.3770822164306,429.6754159999986,0.0,0.0,75.0,504.6754159999986,15
92,mixed,11,discovery,17310.954897391253,3462.190984,285.0,1500.0,0.0,5247.190984,300
92,mixed,11,active_localization,5974.580719330814,1194.9161419999998,11.0,70.0,0.0,1275.9161419999998,14
92,mixed,11,diagnostic,0.0,0.0,0.0,0.0,0.0,0.0,0
92,mixed,11,optical_fallback,0.0,0.0,0.0,0.0,0.0,0.0,0
92,mixed,11,certified_clear,1971.7390876102834,394.34781800000053,0.0,0.0,55.0,449.34781800000053,11
93,mixed,12,discovery,15967.130740638911,3193.426151999999,251.0,1335.0,0.0,4779.426151999999,267
93,mixed,12,active_localization,3284.039946500328,656.8079899999997,7.0,65.0,0.0,728.8079899999997,13
93,mixed,12,diagnostic,0.0,0.0,0.0,0.0,0.0,0.0,0
93,mixed,12,optical_fallback,0.0,0.0,0.0,0.0,0.0,0.0,0
93,mixed,12,certified_clear,2550.378238185037,510.07564700000114,0.0,0.0,60.0,570.0756470000011,12
94,mixed,15,discovery,17546.335690868487,3509.267139999999,224.0,1195.0,0.0,4928.267139999999,239
94,mixed,15,active_localization,7439.04773083837,1487.8095460000002,11.0,100.0,0.0,1598.8095460000002,20
94,mixed,15,diagnostic,0.0,0.0,0.0,0.0,0.0,0.0,0
94,mixed,15,optical_fallback,0.0,0.0,0.0,0.0,0.0,0.0,0
94,mixed,15,certified_clear,3368.5535118283456,673.7107020000003,0.0,0.0,75.0,748.7107020000003,15
95,mixed,16,discovery,12976.93429925247,2595.3868620000003,161.0,855.0,0.0,3611.386862,171
95,mixed,16,active_localization,6492.722816141475,1298.5445630000006,10.0,85.0,0.0,1393.5445630000006,17
95,mixed,16,diagnostic,0.0,0.0,0.0,0.0,0.0,0.0,0
95,mixed,16,optical_fallback,0.0,0.0,0.0,0.0,0.0,0.0,0
95,mixed,16,certified_clear,2505.9816726086647,501.19633299999884,0.0,0.0,80.0,581.1963329999988,16
96,mixed,13,discovery,14586.974280873126,2917.3948599999994,240.0,1265.0,0.0,4422.394859999999,253
96,mixed,13,active_localization,9290.189707556012,1858.0379389999996,11.0,90.0,0.0,1959.0379389999996,18
96,mixed,13,diagnostic,150.04882391907122,30.009765000000698,0.0,5.0,0.0,35.0097650000007,1
96,mixed,13,optical_fallback,0.0,0.0,0.0,0.0,0.0,0.0,0
96,mixed,13,certified_clear,4074.6677449085646,814.9335480000002,0.0,0.0,65.0,879.9335480000002,13
97,mixed,11,discovery,14818.140508087212,2963.6281049999993,285.0,1495.0,0.0,4743.628104999999,299
97,mixed,11,active_localization,4128.453151183556,825.6906300000002,8.0,65.0,0.0,898.6906300000002,13
97,mixed,11,diagnostic,186.80339887498963,37.36068,0.0,10.0,0.0,47.36068,2
97,mixed,11,optical_fallback,0.0,0.0,0.0,0.0,0.0,0.0,0
97,mixed,11,certified_clear,4055.5718131867857,811.1143630000008,0.0,0.0,55.0,866.1143630000008,11
98,mixed,16,discovery,10055.914862315089,2011.1829739999998,144.0,755.0,0.0,2910.182974,151
98,mixed,16,active_localization,8634.413049503237,1726.8826089999998,13.0,110.0,0.0,1849.8826089999998,22
98,mixed,16,diagnostic,0.0,0.0,0.0,0.0,0.0,0.0,0
98,mixed,16,optical_fallback,0.0,0.0,0.0,0.0,0.0,0.0,0
98,mixed,16,certified_clear,3087.8802656604685,617.5760540000001,0.0,0.0,80.0,697.5760540000001,16
99,mixed,15,discovery,16156.767302197544,3231.3534630000004,271.0,1415.0,0.0,4917.353463,283
99,mixed,15,active_localization,11600.22535048412,2320.045071,13.0,135.0,0.0,2468.045071,27
99,mixed,15,diagnostic,3028.621322206409,605.7242650000003,0.0,30.0,0.0,635.7242650000003,6
99,mixed,15,optical_fallback,0.0,0.0,0.0,0.0,0.0,0.0,0
99,mixed,15,certified_clear,1954.8404696806933,390.9680929999994,0.0,0.0,75.0,465.9680929999994,15
100,mixed,12,discovery,15832.855742227508,3166.571152,269.0,1430.0,0.0,4865.571152,286
100,mixed,12,active_localization,2039.1564502232636,407.83129099999985,6.0,50.0,0.0,463.83129099999985,10
100,mixed,12,diagnostic,0.0,0.0,0.0,0.0,0.0,0.0,0
100,mixed,12,optical_fallback,0.0,0.0,0.0,0.0,0.0,0.0,0
100,mixed,12,certified_clear,4297.89623928271,859.5792460000002,0.0,0.0,60.0,919.5792460000002,12
101,mixed,10,discovery,16571.89331333366,3314.3786660000005,283.0,1490.0,0.0,5087.3786660000005,298
101,mixed,10,active_localization,3810.4288242637176,762.0857659999995,7.0,50.0,0.0,819.0857659999995,10
101,mixed,10,diagnostic,0.0,0.0,0.0,0.0,0.0,0.0,0
101,mixed,10,optical_fallback,0.0,0.0,0.0,0.0,0.0,0.0,0
101,mixed,10,certified_clear,2210.7356289802365,442.1471250000002,0.0,0.0,50.0,492.1471250000002,10
102,mixed,16,discovery,7668.392989269837,1533.6785990000003,140.0,730.0,0.0,2403.6785990000003,146
102,mixed,16,active_localization,9154.160770779361,1830.8321530000005,12.0,90.0,0.0,1932.8321530000005,18
102,mixed,16,diagnostic,0.0,0.0,0.0,0.0,0.0,0.0,0
102,mixed,16,optical_fallback,0.0,0.0,0.0,0.0,0.0,0.0,0
102,mixed,16,certified_clear,2874.798476488286,574.9596939999994,0.0,0.0,80.0,654.9596939999994,16
103,mixed,11,discovery,16733.796945611888,3346.7593930000003,252.0,1335.0,0.0,4933.759393,267
103,mixed,11,active_localization,2926.6787310116497,585.3357469999999,6.0,30.0,0.0,621.3357469999999,6
103,mixed,11,diagnostic,0.0,0.0,0.0,0.0,0.0,0.0,0
103,mixed,11,optical_fallback,0.0,0.0,0.0,0.0,0.0,0.0,0
103,mixed,11,certified_clear,3646.765752056886,729.3531509999998,0.0,0.0,55.0,784.3531509999998,11
104,mixed,16,discovery,11439.640853090306,2287.9281729999984,220.0,1150.0,0.0,3657.9281729999984,230
104,mixed,16,active_localization,10870.01067706487,2174.0021340000003,12.0,85.0,0.0,2271.0021340000003,17
104,mixed,16,diagnostic,0.0,0.0,0.0,0.0,0.0,0.0,0
104,mixed,16,optical_fallback,0.0,0.0,0.0,0.0,0.0,0.0,0
104,mixed,16,certified_clear,2971.0141716742737,594.2028360000008,0.0,0.0,80.0,674.2028360000008,16
105,mixed,15,discovery,14715.38050113152,2943.0761039999998,239.0,1265.0,0.0,4447.076104,253
105,mixed,15,active_localization,6808.655251303844,1361.7310490000016,10.0,80.0,0.0,1451.7310490000016,16
105,mixed,15,diagnostic,0.0,0.0,0.0,0.0,0.0,0.0,0
105,mixed,15,optical_fallback,0.0,0.0,0.0,0.0,0.0,0.0,0
105,mixed,15,certified_clear,3380.739741643179,676.1479489999989,0.0,0.0,75.0,751.1479489999989,15
106,all_directional,16,discovery,14106.718695719996,2821.3437400000003,196.0,1030.0,0.0,4047.3437400000003,206
106,all_directional,16,active_localization,8730.638901827358,1746.1277800000007,14.0,130.0,0.0,1890.1277800000007,26
106,all_directional,16,diagnostic,0.0,0.0,0.0,0.0,0.0,0.0,0
106,all_directional,16,optical_fallback,0.0,0.0,0.0,0.0,0.0,0.0,0
106,all_directional,16,certified_clear,2245.1399041043005,449.02798199999904,0.0,0.0,80.0,529.027981999999,16
107,mixed,11,discovery,17992.338488899546,3598.4677010000005,285.0,1490.0,0.0,5373.4677010000005,298
107,mixed,11,active_localization,5905.720433363355,1181.1440869999994,8.0,80.0,0.0,1269.1440869999994,16
107,mixed,11,diagnostic,0.0,0.0,0.0,0.0,0.0,0.0,0
107,mixed,11,optical_fallback,0.0,0.0,0.0,0.0,0.0,0.0,0
107,mixed,11,certified_clear,1854.0028009198743,370.8005590000005,0.0,0.0,55.0,425.8005590000005,11
108,mixed,15,discovery,15186.601845775342,3037.320371999999,191.0,1035.0,0.0,4263.320371999999,207
108,mixed,15,active_localization,3494.7251169435895,698.945023,6.0,45.0,0.0,749.945023,9
108,mixed,15,diagnostic,0.0,0.0,0.0,0.0,0.0,0.0,0
108,mixed,15,optical_fallback,0.0,0.0,0.0,0.0,0.0,0.0,0
108,mixed,15,certified_clear,5125.914867124519,1025.1829730000009,0.0,0.0,75.0,1100.1829730000009,15
109,mixed,13,discovery,18432.830296555967,3686.5660639999996,253.0,1350.0,0.0,5289.566064000001,270
109,mixed,13,active_localization,3627.2184127425007,725.4436820000001,8.0,55.0,0.0,788.4436820000001,11
109,mixed,13,diagnostic,0.0,0.0,0.0,0.0,0.0,0.0,0
109,mixed,13,optical_fallback,0.0,0.0,0.0,0.0,0.0,0.0,0
109,mixed,13,certified_clear,4274.970785270311,854.9941569999999,0.0,0.0,65.0,919.9941569999999,13
110,mixed,15,discovery,15152.072942130782,3030.4145910000007,229.0,1200.0,0.0,4459.414591000001,240
110,mixed,15,active_localization,9937.747535922632,1987.549505999999,11.0,90.0,0.0,2088.549505999999,18
110,mixed,15,diagnostic,0.0,0.0,0.0,0.0,0.0,0.0,0
110,mixed,15,optical_fallback,0.0,0.0,0.0,0.0,0.0,0.0,0
110,mixed,15,certified_clear,2559.9948980667887,511.9989800000007,0.0,0.0,75.0,586.9989800000008,15
111,mixed,12,discovery,15376.544361527494,3075.308875999999,267.0,1400.0,0.0,4742.308875999999,280
111,mixed,12,active_localization,4883.079550175156,976.615911,10.0,55.0,0.0,1041.6159109999999,11
111,mixed,12,diagnostic,0.0,0.0,0.0,0.0,0.0,0.0,0
111,mixed,12,optical_fallback,0.0,0.0,0.0,0.0,0.0,0.0,0
111,mixed,12,certified_clear,3161.3097653086525,632.2619550000006,0.0,0.0,60.0,692.2619550000006,12
112,mixed,11,discovery,16504.41949450868,3300.8839030000004,271.0,1425.0,0.0,4996.883903000001,285
112,mixed,11,active_localization,7382.9325497906375,1476.5865100000008,10.0,100.0,0.0,1586.5865100000008,20
112,mixed,11,diagnostic,0.0,0.0,0.0,0.0,0.0,0.0,0
112,mixed,11,optical_fallback,0.0,0.0,0.0,0.0,0.0,0.0,0
112,mixed,11,certified_clear,1217.498398397505,243.49967999999876,0.0,0.0,55.0,298.49967999999876,11
113,mixed,13,discovery,17572.639673907284,3514.527938,218.0,1160.0,0.0,4892.527938,232
113,mixed,13,active_localization,5889.467210866453,1177.8934409999997,8.0,70.0,0.0,1255.8934409999997,14
113,mixed,13,diagnostic,0.0,0.0,0.0,0.0,0.0,0.0,0
113,mixed,13,optical_fallback,0.0,0.0,0.0,0.0,0.0,0.0,0
113,mixed,13,certified_clear,2300.7546723203754,460.1509360000005,0.0,0.0,65.0,525.1509360000005,13
114,mixed,13,discovery,14630.57546369682,2926.1150959999995,275.0,1440.0,0.0,4641.1150959999995,288
114,mixed,13,active_localization,8001.080666926597,1600.2161339999996,12.0,100.0,0.0,1712.2161339999996,20
114,mixed,13,diagnostic,0.0,0.0,0.0,0.0,0.0,0.0,0
114,mixed,13,optical_fallback,0.0,0.0,0.0,0.0,0.0,0.0,0
114,mixed,13,certified_clear,2502.607459930683,500.5214930000009,0.0,0.0,65.0,565.5214930000009,13
115,mixed,12,discovery,16462.99097079228,3292.598199,233.0,1245.0,0.0,4770.598198999999,249
115,mixed,12,active_localization,4284.119847314033,856.8239690000005,10.0,60.0,0.0,926.8239690000005,12
115,mixed,12,diagnostic,0.0,0.0,0.0,0.0,0.0,0.0,0
115,mixed,12,optical_fallback,0.0,0.0,0.0,0.0,0.0,0.0,0
115,mixed,12,certified_clear,1764.0972039793828,352.8194409999993,0.0,0.0,60.0,412.8194409999993,12
116,mixed,16,discovery,11758.841798209813,2351.7683610000004,218.0,1135.0,0.0,3704.7683610000004,227
116,mixed,16,active_localization,7501.252015397831,1500.2504019999997,14.0,95.0,0.0,1609.2504019999997,19
116,mixed,16,diagnostic,0.0,0.0,0.0,0.0,0.0,0.0,0
116,mixed,16,optical_fallback,0.0,0.0,0.0,0.0,0.0,0.0,0
116,mixed,16,certified_clear,3058.7895192924534,611.757904,0.0,0.0,80.0,691.757904,16
117,mixed,13,discovery,14341.349419490463,2868.2698869999986,248.0,1310.0,0.0,4426.269886999998,262
117,mixed,13,active_localization,8002.758726173775,1600.5517440000006,11.0,90.0,0.0,1701.5517440000006,18
117,mixed,13,diagnostic,0.0,0.0,0.0,0.0,0.0,0.0,0
117,mixed,13,optical_fallback,0.0,0.0,0.0,0.0,0.0,0.0,0
117,mixed,13,certified_clear,1553.1615536446639,310.63231200000166,0.0,0.0,65.0,375.63231200000166,13
118,mixed,12,discovery,15314.296181304862,3062.859241,269.0,1405.0,0.0,4736.859241,281
118,mixed,12,active_localization,11264.571110351608,2252.9142220000003,10.0,95.0,0.0,2357.9142220000003,19
118,mixed,12,diagnostic,0.0,0.0,0.0,0.0,0.0,0.0,0
118,mixed,12,optical_fallback,0.0,0.0,0.0,0.0,0.0,0.0,0
118,mixed,12,certified_clear,1586.387376221951,317.2774739999994,0.0,0.0,60.0,377.2774739999994,12
119,mixed,15,discovery,14650.570737036971,2930.1141500000003,181.0,975.0,0.0,4086.1141500000003,195
119,mixed,15,active_localization,4911.310707017534,982.2621400000005,9.0,70.0,0.0,1061.2621400000005,14
119,mixed,15,diagnostic,0.0,0.0,0.0,0.0,0.0,0.0,0
119,mixed,15,optical_fallback,0.0,0.0,0.0,0.0,0.0,0.0,0
119,mixed,15,certified_clear,3707.3787432823065,741.4757489999997,0.0,0.0,75.0,816.4757489999997,15
120,mixed,14,discovery,14953.81226280575,2990.762455,272.0,1425.0,0.0,4687.762455,285
120,mixed,14,active_localization,8475.355269071188,1695.0710540000005,8.0,70.0,0.0,1773.0710540000005,14
120,mixed,14,diagnostic,0.0,0.0,0.0,0.0,0.0,0.0,0
120,mixed,14,optical_fallback,0.0,0.0,0.0,0.0,0.0,0.0,0
120,mixed,14,certified_clear,3651.798840245367,730.359768999999,0.0,0.0,70.0,800.359768999999,14
121,mixed,11,discovery,17009.43201795461,3401.886406,264.0,1395.0,0.0,5060.886406,279
121,mixed,11,active_localization,3315.615176243809,663.1230349999994,6.0,45.0,0.0,714.1230349999994,9
121,mixed,11,diagnostic,0.0,0.0,0.0,0.0,0.0,0.0,0
121,mixed,11,optical_fallback,0.0,0.0,0.0,0.0,0.0,0.0,0
121,mixed,11,certified_clear,2681.3079070964177,536.2615810000005,0.0,0.0,55.0,591.2615810000005,11
122,mixed,11,discovery,16195.448822719329,3239.089768,243.0,1295.0,0.0,4777.089768,259
122,mixed,11,active_localization,3607.9646964493663,721.5929399999997,6.0,30.0,0.0,757.5929399999997,6
122,mixed,11,diagnostic,0.0,0.0,0.0,0.0,0.0,0.0,0
122,mixed,11,optical_fallback,0.0,0.0,0.0,0.0,0.0,0.0,0
122,mixed,11,certified_clear,3641.658458440878,728.3316910000001,0.0,0.0,55.0,783.3316910000001,11
123,mixed,11,discovery,15044.00901376932,3008.801806000001,269.0,1420.0,0.0,4697.801806,284
123,mixed,11,active_localization,1988.3536617217833,397.6707320000002,6.0,35.0,0.0,438.6707320000002,7
123,mixed,11,diagnostic,0.0,0.0,0.0,0.0,0.0,0.0,0
123,mixed,11,optical_fallback,0.0,0.0,0.0,0.0,0.0,0.0,0
123,mixed,11,certified_clear,4341.315582903599,868.2631169999993,0.0,0.0,55.0,923.2631169999993,11
124,mixed,12,discovery,16483.75243648428,3296.7504889999996,228.0,1220.0,0.0,4744.750488999999,244
124,mixed,12,active_localization,4825.241496035145,965.0483000000011,9.0,60.0,0.0,1034.048300000001,12
124,mixed,12,diagnostic,0.0,0.0,0.0,0.0,0.0,0.0,0
124,mixed,12,optical_fallback,0.0,0.0,0.0,0.0,0.0,0.0,0
124,mixed,12,certified_clear,2262.232602219548,452.4465199999994,0.0,0.0,60.0,512.4465199999994,12
125,mixed,10,discovery,18402.876352243566,3680.575274,280.0,1480.0,0.0,5440.575274,296
125,mixed,10,active_localization,3445.1561594441755,689.0312319999991,6.0,30.0,0.0,725.0312319999991,6
125,mixed,10,diagnostic,0.0,0.0,0.0,0.0,0.0,0.0,0
125,mixed,10,optical_fallback,0.0,0.0,0.0,0.0,0.0,0.0,0
125,mixed,10,certified_clear,4172.925491993484,834.5850990000009,0.0,0.0,50.0,884.5850990000009,10
126,mixed,12,discovery,15640.368703490145,3128.0737440000003,281.0,1465.0,0.0,4874.073744000001,293
126,mixed,12,active_localization,8822.10458308328,1764.4209169999992,11.0,80.0,0.0,1855.4209169999992,16
126,mixed,12,diagnostic,1014.3726166381889,202.8745230000004,0.0,10.0,0.0,212.8745230000004,2
126,mixed,12,optical_fallback,0.0,0.0,0.0,0.0,0.0,0.0,0
126,mixed,12,certified_clear,3325.720147089157,665.1440299999994,0.0,0.0,60.0,725.1440299999994,12
127,mixed,15,discovery,14802.616299605334,2960.523261999999,251.0,1325.0,0.0,4536.523261999999,265
127,mixed,15,active_localization,6028.431254890618,1205.6862480000023,9.0,80.0,0.0,1294.6862480000023,16
127,mixed,15,diagnostic,0.0,0.0,0.0,0.0,0.0,0.0,0
127,mixed,15,optical_fallback,0.0,0.0,0.0,0.0,0.0,0.0,0
127,mixed,15,certified_clear,3487.903484044992,697.580696999999,0.0,0.0,75.0,772.580696999999,15
128,mixed,11,discovery,16501.520581568046,3300.30412,250.0,1325.0,0.0,4875.304120000001,265
128,mixed,11,active_localization,4064.6056569401676,812.9211319999993,7.0,55.0,0.0,874.9211319999993,11
128,mixed,11,diagnostic,0.0,0.0,0.0,0.0,0.0,0.0,0
128,mixed,11,optical_fallback,0.0,0.0,0.0,0.0,0.0,0.0,0
128,mixed,11,certified_clear,2820.425131972671,564.085027000001,0.0,0.0,55.0,619.085027000001,11
129,mixed,13,discovery,16780.9867211368,3356.1973470000007,229.0,1220.0,0.0,4805.197347,244
129,mixed,13,active_localization,5495.916057098351,1099.1832119999992,8.0,75.0,0.0,1182.1832119999992,15
129,mixed,13,diagnostic,0.0,0.0,0.0,0.0,0.0,0.0,0
129,mixed,13,optical_fallback,0.0,0.0,0.0,0.0,0.0,0.0,0
129,mixed,13,certified_clear,3285.798452135689,657.1596920000004,0.0,0.0,65.0,722.1596920000004,13
130,mixed,14,discovery,17556.554519067286,3511.310908,220.0,1165.0,0.0,4896.3109079999995,233
130,mixed,14,active_localization,5812.0171104297915,1162.4034240000005,11.0,80.0,0.0,1253.4034240000005,16
130,mixed,14,diagnostic,0.0,0.0,0.0,0.0,0.0,0.0,0
130,mixed,14,optical_fallback,0.0,0.0,0.0,0.0,0.0,0.0,0
130,mixed,14,certified_clear,2454.691057048421,490.9382109999997,0.0,0.0,70.0,560.9382109999997,14
131,mixed,11,discovery,14019.071828350474,2803.8143690000015,268.0,1410.0,0.0,4481.8143690000015,282
131,mixed,11,active_localization,5575.778205938074,1115.1556409999994,9.0,60.0,0.0,1184.1556409999994,12
131,mixed,11,diagnostic,0.0,0.0,0.0,0.0,0.0,0.0,0
131,mixed,11,optical_fallback,0.0,0.0,0.0,0.0,0.0,0.0,0
131,mixed,11,certified_clear,2240.8373850230178,448.1674779999996,0.0,0.0,55.0,503.1674779999996,11
132,mixed,12,discovery,17113.57099613147,3422.7142030000005,230.0,1230.0,0.0,4882.714203000001,246
132,mixed,12,active_localization,2275.789293083418,455.15786099999997,7.0,40.0,0.0,502.15786099999997,8
132,mixed,12,diagnostic,0.0,0.0,0.0,0.0,0.0,0.0,0
132,mixed,12,optical_fallback,0.0,0.0,0.0,0.0,0.0,0.0,0
132,mixed,12,certified_clear,3377.7740637567267,675.5548119999997,0.0,0.0,60.0,735.5548119999997,12
133,all_directional,10,discovery,18037.7590292385,3607.55181,295.0,1555.0,0.0,5457.55181,311
133,all_directional,10,active_localization,6307.720448051454,1261.544089,6.0,60.0,0.0,1327.544089,12
133,all_directional,10,diagnostic,101.11874208078342,20.223748,0.0,5.0,0.0,25.223748,1
133,all_directional,10,optical_fallback,0.0,0.0,0.0,0.0,0.0,0.0,0
133,all_directional,10,certified_clear,2189.813841914752,437.9627700000003,0.0,0.0,50.0,487.9627700000003,10
134,mixed,15,discovery,15061.581016610673,3012.316207,206.0,1090.0,0.0,4308.316207,218
134,mixed,15,active_localization,9988.750605180458,1997.7501199999992,13.0,130.0,0.0,2140.7501199999992,26
134,mixed,15,diagnostic,0.0,0.0,0.0,0.0,0.0,0.0,0
134,mixed,15,optical_fallback,0.0,0.0,0.0,0.0,0.0,0.0,0
134,mixed,15,certified_clear,3576.679209571554,715.3358430000011,0.0,0.0,75.0,790.3358430000011,15
135,mixed,15,discovery,14989.58552539784,2997.9171069999993,247.0,1315.0,0.0,4559.917106999999,263
135,mixed,15,active_localization,4625.684978608988,925.1369959999997,8.0,65.0,0.0,998.1369959999997,13
135,mixed,15,diagnostic,0.0,0.0,0.0,0.0,0.0,0.0,0
135,mixed,15,optical_fallback,0.0,0.0,0.0,0.0,0.0,0.0,0
135,mixed,15,certified_clear,5088.970480434269,1017.7940960000012,0.0,0.0,75.0,1092.7940960000012,15
136,mixed,14,discovery,17538.685658747025,3507.737137,217.0,1170.0,0.0,4894.737137,234
136,mixed,14,active_localization,5495.969049249923,1099.193808000001,6.0,50.0,0.0,1155.193808000001,10
136,mixed,14,diagnostic,0.0,0.0,0.0,0.0,0.0,0.0,0
136,mixed,14,optical_fallback,0.0,0.0,0.0,0.0,0.0,0.0,0
136,mixed,14,certified_clear,6157.713258695471,1231.5426539999987,0.0,0.0,70.0,1301.5426539999987,14
137,mixed,10,discovery,17285.222971000825,3457.044599000001,258.0,1375.0,0.0,5090.044599000002,275
137,mixed,10,active_localization,2525.6356866745537,505.12713799999995,7.0,40.0,0.0,552.127138,8
137,mixed,10,diagnostic,0.0,0.0,0.0,0.0,0.0,0.0,0
137,mixed,10,optical_fallback,0.0,0.0,0.0,0.0,0.0,0.0,0
137,mixed,10,certified_clear,2680.508691505454,536.1017389999993,0.0,0.0,50.0,586.1017389999993,10
138,mixed,14,discovery,15208.285136426528,3041.6570300000003,194.0,1040.0,0.0,4275.65703,208
138,mixed,14,active_localization,5497.878054723433,1099.5756100000006,10.0,60.0,0.0,1169.5756100000006,12
138,mixed,14,diagnostic,0.0,0.0,0.0,0.0,0.0,0.0,0
138,mixed,14,optical_fallback,0.0,0.0,0.0,0.0,0.0,0.0,0
138,mixed,14,certified_clear,2916.847007969153,583.369402999999,0.0,0.0,70.0,653.369402999999,14
139,mixed,15,discovery,16197.469125577374,3239.493826000001,260.0,1360.0,0.0,4859.493826000001,272
139,mixed,15,active_localization,7827.936671037059,1565.587334000001,13.0,110.0,0.0,1688.587334000001,22
139,mixed,15,diagnostic,0.0,0.0,0.0,0.0,0.0,0.0,0
139,mixed,15,optical_fallback,0.0,0.0,0.0,0.0,0.0,0.0,0
139,mixed,15,certified_clear,2125.4037181057183,425.08074299999805,0.0,0.0,75.0,500.08074299999805,15
140,mixed,13,discovery,15791.910600105835,3158.382123000002,274.0,1445.0,0.0,4877.382123000003,289
140,mixed,13,active_localization,5017.624184022656,1003.5248359999995,7.0,70.0,0.0,1080.5248359999996,14
140,mixed,13,diagnostic,0.0,0.0,0.0,0.0,0.0,0.0,0
140,mixed,13,optical_fallback,0.0,0.0,0.0,0.0,0.0,0.0,0
140,mixed,13,certified_clear,3850.6327342015506,770.1265459999985,0.0,0.0,65.0,835.1265459999985,13
141,mixed,11,discovery,16903.23551707353,3380.647109000001,237.0,1255.0,0.0,4872.647109000001,251
141,mixed,11,active_localization,3109.061129223264,621.8122270000003,7.0,35.0,0.0,663.8122270000003,7
141,mixed,11,diagnostic,0.0,0.0,0.0,0.0,0.0,0.0,0
141,mixed,11,optical_fallback,0.0,0.0,0.0,0.0,0.0,0.0,0
141,mixed,11,certified_clear,3382.6006556159446,676.5201319999992,0.0,0.0,55.0,731.5201319999992,11
142,mixed,15,discovery,16518.735180867094,3303.747037,227.0,1195.0,0.0,4725.747037,239
142,mixed,15,active_localization,8748.68323778768,1749.7366470000004,15.0,135.0,0.0,1899.7366470000004,27
142,mixed,15,diagnostic,3656.09121832015,731.2182429999998,0.0,35.0,0.0,766.2182429999998,7
142,mixed,15,optical_fallback,0.0,0.0,0.0,0.0,0.0,0.0,0
142,mixed,15,certified_clear,3516.5238170159228,703.3047630000002,0.0,0.0,75.0,778.3047630000002,15
143,mixed,13,discovery,15928.34258988603,3185.66852,264.0,1380.0,0.0,4829.66852,276
143,mixed,13,active_localization,7937.540410761095,1587.508082999999,10.0,85.0,0.0,1682.508082999999,17
143,mixed,13,diagnostic,0.0,0.0,0.0,0.0,0.0,0.0,0
143,mixed,13,optical_fallback,0.0,0.0,0.0,0.0,0.0,0.0,0
143,mixed,13,certified_clear,2222.7798005373966,444.5559600000005,0.0,0.0,65.0,509.5559600000005,13
144,mixed,15,discovery,15351.661463205595,3070.3322919999996,236.0,1250.0,0.0,4556.332291999999,250
144,mixed,15,active_localization,2909.7316898645417,581.9463380000004,7.0,50.0,0.0,638.9463380000004,10
144,mixed,15,diagnostic,0.0,0.0,0.0,0.0,0.0,0.0,0
144,mixed,15,optical_fallback,0.0,0.0,0.0,0.0,0.0,0.0,0
144,mixed,15,certified_clear,4734.7153140682085,946.9430609999996,0.0,0.0,75.0,1021.9430609999996,15
145,mixed,14,discovery,17522.332185109746,3504.466439,258.0,1355.0,0.0,5117.466439,271
145,mixed,14,active_localization,3847.564290548412,769.5128590000004,8.0,50.0,0.0,827.5128590000004,10
145,mixed,14,diagnostic,0.0,0.0,0.0,0.0,0.0,0.0,0
145,mixed,14,optical_fallback,0.0,0.0,0.0,0.0,0.0,0.0,0
145,mixed,14,certified_clear,3317.634087181991,663.5268159999995,0.0,0.0,70.0,733.5268159999995,14
146,mixed,15,discovery,14422.178167627279,2884.4356359999992,234.0,1240.0,0.0,4358.435635999999,248
146,mixed,15,active_localization,7047.91519939566,1409.5830369999999,12.0,85.0,0.0,1506.5830369999999,17
146,mixed,15,diagnostic,0.0,0.0,0.0,0.0,0.0,0.0,0
146,mixed,15,optical_fallback,0.0,0.0,0.0,0.0,0.0,0.0,0
146,mixed,15,certified_clear,2083.6250577445758,416.7250130000007,0.0,0.0,75.0,491.7250130000007,15
147,mixed,15,discovery,17330.307977321172,3466.0616010000003,230.0,1225.0,0.0,4921.061601,245
147,mixed,15,active_localization,6138.514339888472,1227.7028699999998,9.0,65.0,0.0,1301.7028699999998,13
147,mixed,15,diagnostic,0.0,0.0,0.0,0.0,0.0,0.0,0
147,mixed,15,optical_fallback,0.0,0.0,0.0,0.0,0.0,0.0,0
147,mixed,15,certified_clear,5088.805026959472,1017.7610049999994,0.0,0.0,75.0,1092.7610049999994,15
148,mixed,12,discovery,14378.746814808093,2875.7493650000006,261.0,1375.0,0.0,4511.749365000001,275
148,mixed,12,active_localization,7925.179583860206,1585.035916,10.0,85.0,0.0,1680.035916,17
148,mixed,12,diagnostic,0.0,0.0,0.0,0.0,0.0,0.0,0
148,mixed,12,optical_fallback,0.0,0.0,0.0,0.0,0.0,0.0,0
148,mixed,12,certified_clear,1439.9913181729426,287.99826299999904,0.0,0.0,60.0,347.99826299999904,12
149,mixed,14,discovery,15996.220114877488,3199.244025,265.0,1380.0,0.0,4844.244025,276
149,mixed,14,active_localization,8058.271923134072,1611.654386,11.0,105.0,0.0,1727.654386,21
149,mixed,14,diagnostic,0.0,0.0,0.0,0.0,0.0,0.0,0
149,mixed,14,optical_fallback,0.0,0.0,0.0,0.0,0.0,0.0,0
149,mixed,14,certified_clear,1470.788123573013,294.15762500000017,0.0,0.0,70.0,364.15762500000017,14
150,mixed,15,discovery,17175.119441762105,3435.0238910000003,220.0,1165.0,0.0,4820.023891,233
150,mixed,15,active_localization,6936.306321336811,1387.2612639999995,12.0,100.0,0.0,1499.2612639999995,20
150,mixed,15,diagnostic,2575.966370502904,515.1932739999993,1.0,10.0,0.0,526.1932739999993,2
150,mixed,15,optical_fallback,0.0,0.0,0.0,0.0,0.0,0.0,0
150,mixed,15,certified_clear,2560.850225642957,512.1700450000004,0.0,0.0,75.0,587.1700450000004,15
151,mixed,16,discovery,8589.414918299384,1717.882984,149.0,780.0,0.0,2646.8829840000003,156
151,mixed,16,active_localization,9744.437702227056,1948.8875390000007,14.0,90.0,0.0,2052.8875390000007,18
151,mixed,16,diagnostic,0.0,0.0,0.0,0.0,0.0,0.0,0
151,mixed,16,optical_fallback,0.0,0.0,0.0,0.0,0.0,0.0,0
151,mixed,16,certified_clear,4226.989918200251,845.3979839999997,0.0,0.0,80.0,925.3979839999997,16
152,mixed,14,discovery,17157.873818017004,3431.5747680000018,223.0,1190.0,0.0,4844.574768000002,238
152,mixed,14,active_localization,8608.08082005303,1721.6161639999987,10.0,110.0,0.0,1841.6161639999987,22
152,mixed,14,diagnostic,933.7986687032235,186.7597340000002,0.0,10.0,0.0,196.7597340000002,2
152,mixed,14,optical_fallback,67.47830786551903,13.495662000000266,0.0,0.0,11.0,24.495662000000266,3
152,mixed,14,certified_clear,3065.881000364883,613.176197999999,0.0,0.0,65.0,678.176197999999,13
153,mixed,11,discovery,14761.650304374481,2952.3300630000003,291.0,1530.0,0.0,4773.330063,306
153,mixed,11,active_localization,4898.084362581627,979.6168720000001,6.0,55.0,0.0,1040.616872,11
153,mixed,11,diagnostic,678.9204792323795,135.78409600000032,0.0,10.0,0.0,145.78409600000032,2
153,mixed,11,optical_fallback,0.0,0.0,0.0,0.0,0.0,0.0,0
153,mixed,11,certified_clear,3370.130701057244,674.0261409999987,0.0,0.0,55.0,729.0261409999987,11
154,mixed,10,discovery,15929.853946320634,3185.9707930000004,258.0,1375.0,0.0,4818.970793,275
154,mixed,10,active_localization,4780.342824376551,956.0685649999996,7.0,45.0,0.0,1008.0685649999996,9
154,mixed,10,diagnostic,0.0,0.0,0.0,0.0,0.0,0.0,0
154,mixed,10,optical_fallback,0.0,0.0,0.0,0.0,0.0,0.0,0
154,mixed,10,certified_clear,2804.469008972602,560.8938019999996,0.0,0.0,50.0,610.8938019999996,10
155,mixed,13,discovery,13565.422959710035,2713.084593999999,282.0,1485.0,0.0,4480.084593999999,297
155,mixed,13,active_localization,6753.00278618677,1350.600559,11.0,90.0,0.0,1451.600559,18
155,mixed,13,diagnostic,0.0,0.0,0.0,0.0,0.0,0.0,0
155,mixed,13,optical_fallback,0.0,0.0,0.0,0.0,0.0,0.0,0
155,mixed,13,certified_clear,1903.950399189149,380.7900790000008,0.0,0.0,65.0,445.7900790000008,13
156,mixed,16,discovery,6253.71976272802,1250.7439530000004,128.0,670.0,0.0,2048.743953,134
156,mixed,16,active_localization,10734.236671204579,2146.847334,15.0,145.0,0.0,2306.847334,29
156,mixed,16,diagnostic,428.78720571121477,85.75744099999974,0.0,10.0,0.0,95.75744099999974,2
156,mixed,16,optical_fallback,0.0,0.0,0.0,0.0,0.0,0.0,0
156,mixed,16,certified_clear,3070.7096540257776,614.1419279999996,0.0,0.0,80.0,694.1419279999996,16
157,mixed,13,discovery,15917.419893484324,3183.4839809999994,241.0,1280.0,0.0,4704.483980999999,256
157,mixed,13,active_localization,5300.768572785555,1060.1537149999995,10.0,80.0,0.0,1150.1537149999995,16
157,mixed,13,diagnostic,0.0,0.0,0.0,0.0,0.0,0.0,0
157,mixed,13,optical_fallback,0.0,0.0,0.0,0.0,0.0,0.0,0
157,mixed,13,certified_clear,2958.857358071212,591.7714710000009,0.0,0.0,65.0,656.7714710000009,13
158,mixed,13,discovery,15682.859251788926,3136.571855,216.0,1155.0,0.0,4507.571854999999,231
158,mixed,13,active_localization,6422.844645219843,1284.5689289999993,11.0,90.0,0.0,1385.5689289999993,18
158,mixed,13,diagnostic,0.0,0.0,0.0,0.0,0.0,0.0,0
158,mixed,13,optical_fallback,0.0,0.0,0.0,0.0,0.0,0.0,0
158,mixed,13,certified_clear,2374.7382351291276,474.94764700000076,0.0,0.0,65.0,539.9476470000008,13
159,mixed,16,discovery,12971.199340847274,2594.239871,227.0,1180.0,0.0,4001.239871,236
159,mixed,16,active_localization,10467.880217711381,2093.5760459999997,14.0,125.0,0.0,2232.5760459999997,25
159,mixed,16,diagnostic,0.0,0.0,0.0,0.0,0.0,0.0,0
159,mixed,16,optical_fallback,0.0,0.0,0.0,0.0,0.0,0.0,0
159,mixed,16,certified_clear,1981.1790658950295,396.2358119999998,0.0,0.0,80.0,476.2358119999998,16
160,mixed,15,discovery,17359.125313506305,3471.8250670000007,237.0,1255.0,0.0,4963.825067000001,251
160,mixed,15,active_localization,8442.266244570288,1688.4532520000002,10.0,90.0,0.0,1788.4532520000002,18
160,mixed,15,diagnostic,231.51255841950524,46.302512000000206,0.0,10.0,0.0,56.302512000000206,2
160,mixed,15,optical_fallback,0.0,0.0,0.0,0.0,0.0,0.0,0
160,mixed,15,certified_clear,3986.8517834536756,797.3703569999991,0.0,0.0,75.0,872.3703569999991,15
161,mixed,12,discovery,15892.1569086403,3178.4313860000007,235.0,1245.0,0.0,4658.431386000001,249
161,mixed,12,active_localization,3777.975344569946,755.5950690000004,7.0,55.0,0.0,817.5950690000004,11
161,mixed,12,diagnostic,0.0,0.0,0.0,0.0,0.0,0.0,0
161,mixed,12,optical_fallback,0.0,0.0,0.0,0.0,0.0,0.0,0
161,mixed,12,certified_clear,4546.30338486456,909.2606769999994,0.0,0.0,60.0,969.2606769999994,12
162,mixed,10,discovery,16241.825683554463,3248.3651380000006,279.0,1460.0,0.0,4987.365138,292
162,mixed,10,active_localization,5818.5837787792425,1163.7167549999995,8.0,65.0,0.0,1236.7167549999995,13
162,mixed,10,diagnostic,0.0,0.0,0.0,0.0,0.0,0.0,0
162,mixed,10,optical_fallback,0.0,0.0,0.0,0.0,0.0,0.0,0
162,mixed,10,certified_clear,1347.31749424278,269.46349899999996,0.0,0.0,50.0,319.46349899999996,10
163,mixed,13,discovery,15945.995420655372,3189.1990889999993,275.0,1445.0,0.0,4909.199089,289
163,mixed,13,active_localization,8694.085546215525,1738.817109000002,11.0,110.0,0.0,1859.817109000002,22
163,mixed,13,diagnostic,1594.5707933951146,318.9141589999999,0.0,15.0,0.0,333.9141589999999,3
163,mixed,13,optical_fallback,0.0,0.0,0.0,0.0,0.0,0.0,0
163,mixed,13,certified_clear,3539.8168394681843,707.9633689999991,0.0,0.0,65.0,772.9633689999991,13
164,mixed,14,discovery,14512.000059453221,2902.4000159999996,232.0,1230.0,0.0,4364.400016,246
164,mixed,14,active_localization,2767.468355841931,553.4936690000006,7.0,45.0,0.0,605.4936690000006,9
164,mixed,14,diagnostic,0.0,0.0,0.0,0.0,0.0,0.0,0
164,mixed,14,optical_fallback,0.0,0.0,0.0,0.0,0.0,0.0,0
164,mixed,14,certified_clear,5108.631597478781,1021.7263199999993,0.0,0.0,70.0,1091.7263199999993,14
165,mixed,10,discovery,16569.474646586004,3313.8949299999995,266.0,1410.0,0.0,4989.894929999999,282
165,mixed,10,active_localization,3804.081702111592,760.8163409999995,5.0,35.0,0.0,800.8163409999995,7
165,mixed,10,diagnostic,0.0,0.0,0.0,0.0,0.0,0.0,0
165,mixed,10,optical_fallback,0.0,0.0,0.0,0.0,0.0,0.0,0
165,mixed,10,certified_clear,2651.5541559535723,530.3108320000014,0.0,0.0,50.0,580.3108320000014,10
166,mixed,13,discovery,17618.722806992027,3523.7445640000014,241.0,1280.0,0.0,5044.7445640000005,256
166,mixed,13,active_localization,3631.7949210541638,726.358983,7.0,65.0,0.0,798.358983,13
166,mixed,13,diagnostic,0.0,0.0,0.0,0.0,0.0,0.0,0
166,mixed,13,optical_fallback,0.0,0.0,0.0,0.0,0.0,0.0,0
166,mixed,13,certified_clear,4737.841191902821,947.5682389999986,0.0,0.0,65.0,1012.5682389999986,13
167,mixed,12,discovery,16859.803618693328,3371.9607250000004,270.0,1420.0,0.0,5061.960725000001,284
167,mixed,12,active_localization,6906.909860864992,1381.3819740000004,9.0,75.0,0.0,1465.3819740000004,15
167,mixed,12,diagnostic,0.0,0.0,0.0,0.0,0.0,0.0,0
167,mixed,12,optical_fallback,0.0,0.0,0.0,0.0,0.0,0.0,0
167,mixed,12,certified_clear,2261.3562498160495,452.27124999999876,0.0,0.0,60.0,512.2712499999988,12
168,mixed,14,discovery,14721.200899963325,2944.240184,233.0,1240.0,0.0,4417.240184,248
168,mixed,14,active_localization,6211.313823523241,1242.262765,9.0,65.0,0.0,1316.262765,13
168,mixed,14,diagnostic,0.0,0.0,0.0,0.0,0.0,0.0,0
168,mixed,14,optical_fallback,0.0,0.0,0.0,0.0,0.0,0.0,0
168,mixed,14,certified_clear,3865.138112424112,773.0276220000001,0.0,0.0,70.0,843.0276220000001,14
169,mixed,15,discovery,15830.936177561996,3166.187240000001,218.0,1165.0,0.0,4549.187240000001,233
169,mixed,15,active_localization,5035.533152586073,1007.1066289999999,8.0,60.0,0.0,1075.1066289999999,12
169,mixed,15,diagnostic,0.0,0.0,0.0,0.0,0.0,0.0,0
169,mixed,15,optical_fallback,0.0,0.0,0.0,0.0,0.0,0.0,0
169,mixed,15,certified_clear,3989.9369745308936,797.987394999999,0.0,0.0,75.0,872.987394999999,15
170,mixed,11,discovery,15010.99751289361,3002.1995070000003,232.0,1230.0,0.0,4464.199507,246
170,mixed,11,active_localization,5548.805500570362,1109.761099,10.0,80.0,0.0,1199.761099,16
170,mixed,11,diagnostic,1690.936436200971,338.18728799999985,0.0,15.0,0.0,353.18728799999985,3
170,mixed,11,optical_fallback,0.0,0.0,0.0,0.0,0.0,0.0,0
170,mixed,11,certified_clear,2215.6952192950553,443.13904499999967,0.0,0.0,55.0,498.13904499999967,11
171,mixed,12,discovery,16299.883243140113,3259.976652000001,248.0,1315.0,0.0,4822.976652,263
171,mixed,12,active_localization,4944.441029765561,988.8882060000001,9.0,60.0,0.0,1057.888206,12
171,mixed,12,diagnostic,0.0,0.0,0.0,0.0,0.0,0.0,0
171,mixed,12,optical_fallback,0.0,0.0,0.0,0.0,0.0,0.0,0
171,mixed,12,certified_clear,2853.4167361757322,570.6833479999992,0.0,0.0,60.0,630.6833479999992,12
172,mixed,16,discovery,7799.688954154074,1559.9377919999995,176.0,915.0,0.0,2650.9377919999993,183
172,mixed,16,active_localization,7370.158145823844,1474.0316270000003,11.0,75.0,0.0,1560.0316270000003,15
172,mixed,16,diagnostic,0.0,0.0,0.0,0.0,0.0,0.0,0
172,mixed,16,optical_fallback,0.0,0.0,0.0,0.0,0.0,0.0,0
172,mixed,16,certified_clear,3834.861222441023,766.9722450000002,0.0,0.0,80.0,846.9722450000002,16
173,all_directional,12,discovery,16145.553062482792,3229.110615999999,280.0,1470.0,0.0,4979.110615999999,294
173,all_directional,12,active_localization,6924.89125092587,1384.9782509999993,10.0,90.0,0.0,1484.9782509999993,18
173,all_directional,12,diagnostic,101.1187420807834,20.223748,0.0,5.0,0.0,25.223748,1
173,all_directional,12,optical_fallback,0.0,0.0,0.0,0.0,0.0,0.0,0
173,all_directional,12,certified_clear,2085.704461581866,417.14089100000115,0.0,0.0,60.0,477.14089100000115,12
174,mixed,13,discovery,14208.797247502887,2841.759449,244.0,1280.0,0.0,4365.759449,256
174,mixed,13,active_localization,6363.515493105699,1272.7030989999998,10.0,85.0,0.0,1367.7030989999998,17
174,mixed,13,diagnostic,0.0,0.0,0.0,0.0,0.0,0.0,0
174,mixed,13,optical_fallback,0.0,0.0,0.0,0.0,0.0,0.0,0
174,mixed,13,certified_clear,3182.1311053967615,636.4262210000003,0.0,0.0,65.0,701.4262210000003,13
175,mixed,15,discovery,16529.76682949294,3305.9533679999986,268.0,1400.0,0.0,4973.953367999998,280
175,mixed,15,active_localization,5353.373946010449,1070.67479,12.0,65.0,0.0,1147.67479,13
175,mixed,15,diagnostic,0.0,0.0,0.0,0.0,0.0,0.0,0
175,mixed,15,optical_fallback,0.0,0.0,0.0,0.0,0.0,0.0,0
175,mixed,15,certified_clear,3260.838083167838,652.1676170000011,0.0,0.0,75.0,727.1676170000011,15
176,mixed,14,discovery,14943.615311631416,2988.723067,228.0,1205.0,0.0,4421.723067,241
176,mixed,14,active_localization,5213.770124472905,1042.7540249999995,10.0,70.0,0.0,1122.7540249999995,14
176,mixed,14,diagnostic,0.0,0.0,0.0,0.0,0.0,0.0,0
176,mixed,14,optical_fallback,0.0,0.0,0.0,0.0,0.0,0.0,0
176,mixed,14,certified_clear,2504.3500088458813,500.8700010000006,0.0,0.0,70.0,570.8700010000007,14
177,mixed,12,discovery,16378.25961768645,3275.651927000001,230.0,1225.0,0.0,4730.651927000001,245
177,mixed,12,active_localization,4443.585733219566,888.7171459999997,8.0,60.0,0.0,956.7171459999997,12
177,mixed,12,diagnostic,0.0,0.0,0.0,0.0,0.0,0.0,0
177,mixed,12,optical_fallback,0.0,0.0,0.0,0.0,0.0,0.0,0
177,mixed,12,certified_clear,2651.577653554645,530.3155319999998,0.0,0.0,60.0,590.3155319999998,12
178,mixed,10,discovery,14810.21032399931,2962.042067999999,321.0,1685.0,0.0,4968.042067999998,337
178,mixed,10,active_localization,4340.95449792277,868.1908980000006,4.0,40.0,0.0,912.1908980000006,8
178,mixed,10,diagnostic,0.0,0.0,0.0,0.0,0.0,0.0,0
178,mixed,10,optical_fallback,0.0,0.0,0.0,0.0,0.0,0.0,0
178,mixed,10,certified_clear,2898.338568122604,579.6677140000005,0.0,0.0,50.0,629.6677140000005,10
179,mixed,11,discovery,15766.89760356199,3153.379522000001,252.0,1335.0,0.0,4740.379522,267
179,mixed,11,active_localization,3435.519727601864,687.1039439999993,6.0,45.0,0.0,738.1039439999993,9
179,mixed,11,diagnostic,0.0,0.0,0.0,0.0,0.0,0.0,0
179,mixed,11,optical_fallback,0.0,0.0,0.0,0.0,0.0,0.0,0
179,mixed,11,certified_clear,4870.2864688761865,974.0572939999997,0.0,0.0,55.0,1029.0572939999997,11
180,mixed,15,discovery,15102.522499909972,3020.5045020000007,236.0,1240.0,0.0,4496.504502000001,248
180,mixed,15,active_localization,9964.261846979924,1992.8523689999981,9.0,105.0,0.0,2106.8523689999984,21
180,mixed,15,diagnostic,0.0,0.0,0.0,0.0,0.0,0.0,0
180,mixed,15,optical_fallback,0.0,0.0,0.0,0.0,0.0,0.0,0
180,mixed,15,certified_clear,1982.1596577641799,396.4319320000012,0.0,0.0,75.0,471.4319320000012,15
181,mixed,12,discovery,13877.081970392901,2775.416397000001,246.0,1300.0,0.0,4321.416397000001,260
181,mixed,12,active_localization,8130.1594323083455,1626.0318859999995,7.0,70.0,0.0,1703.0318859999995,14
181,mixed,12,diagnostic,984.7237531791448,196.944751,0.0,10.0,0.0,206.944751,2
181,mixed,12,optical_fallback,0.0,0.0,0.0,0.0,0.0,0.0,0
181,mixed,12,certified_clear,3396.6449712057633,679.3289959999997,0.0,0.0,60.0,739.3289959999997,12
182,mixed,10,discovery,17005.12206996292,3401.024416000001,277.0,1460.0,0.0,5138.024416,292
182,mixed,10,active_localization,4582.305682093647,916.4611360000006,7.0,40.0,0.0,963.4611360000006,8
182,mixed,10,diagnostic,0.0,0.0,0.0,0.0,0.0,0.0,0
182,mixed,10,optical_fallback,0.0,0.0,0.0,0.0,0.0,0.0,0
182,mixed,10,certified_clear,3078.6837787707905,615.736755999999,0.0,0.0,50.0,665.736755999999,10
183,mixed,14,discovery,17003.051508760534,3400.6103039999994,231.0,1230.0,0.0,4861.610304,246
183,mixed,14,active_localization,2982.421153090887,596.4842319999998,6.0,55.0,0.0,657.4842319999998,11
183,mixed,14,diagnostic,0.0,0.0,0.0,0.0,0.0,0.0,0
183,mixed,14,optical_fallback,0.0,0.0,0.0,0.0,0.0,0.0,0
183,mixed,14,certified_clear,4418.078969238109,883.6157940000007,0.0,0.0,70.0,953.6157940000007,14
184,mixed,10,discovery,15345.161392977017,3069.032281999999,299.0,1560.0,0.0,4928.032281999999,312
184,mixed,10,active_localization,5848.351865468363,1169.6703730000006,8.0,70.0,0.0,1247.6703730000006,14
184,mixed,10,diagnostic,0.0,0.0,0.0,0.0,0.0,0.0,0
184,mixed,10,optical_fallback,0.0,0.0,0.0,0.0,0.0,0.0,0
184,mixed,10,certified_clear,1154.2185816110823,230.84371699999986,0.0,0.0,50.0,280.84371699999986,10
185,mixed,14,discovery,17026.51104342317,3405.3022119999996,216.0,1145.0,0.0,4766.302212,229
185,mixed,14,active_localization,6501.7246006385685,1300.3449190000008,13.0,100.0,0.0,1413.3449190000008,20
185,mixed,14,diagnostic,0.0,0.0,0.0,0.0,0.0,0.0,0
185,mixed,14,optical_fallback,0.0,0.0,0.0,0.0,0.0,0.0,0
185,mixed,14,certified_clear,1836.2061844228144,367.24123599999893,0.0,0.0,70.0,437.24123599999893,14
186,mixed,10,discovery,16017.713729075196,3203.542749,281.0,1485.0,0.0,4969.542749,297
186,mixed,10,active_localization,5312.600212012332,1062.5200429999984,8.0,65.0,0.0,1135.5200429999984,13
186,mixed,10,diagnostic,0.0,0.0,0.0,0.0,0.0,0.0,0
186,mixed,10,optical_fallback,0.0,0.0,0.0,0.0,0.0,0.0,0
186,mixed,10,certified_clear,2124.7468529182383,424.9493710000015,0.0,0.0,50.0,474.9493710000015,10
187,mixed,10,discovery,15053.155028972247,3010.631008,316.0,1650.0,0.0,4976.631008,330
187,mixed,10,active_localization,7392.124839317254,1478.4249690000013,7.0,55.0,0.0,1540.4249690000013,11
187,mixed,10,diagnostic,0.0,0.0,0.0,0.0,0.0,0.0,0
187,mixed,10,optical_fallback,0.0,0.0,0.0,0.0,0.0,0.0,0
187,mixed,10,certified_clear,1912.1319785557275,382.42639499999916,0.0,0.0,50.0,432.42639499999916,10
188,mixed,13,discovery,15404.258140240108,3080.8516310000005,236.0,1250.0,0.0,4566.851631,250
188,mixed,13,active_localization,6999.159473194912,1399.8318939999986,13.0,95.0,0.0,1507.8318939999986,19
188,mixed,13,diagnostic,418.9768047996959,83.79536099999996,0.0,10.0,0.0,93.79536099999996,2
188,mixed,13,optical_fallback,334.67736006091684,66.93547200000012,0.0,0.0,35.0,101.93547200000012,11
188,mixed,13,certified_clear,2296.7622620678117,459.35245200000065,0.0,0.0,60.0,519.3524520000007,12
189,mixed,13,discovery,16836.08308110425,3367.2166190000007,197.0,1060.0,0.0,4624.216619000002,212
189,mixed,13,active_localization,4583.7905348073355,916.758108,11.0,70.0,0.0,997.758108,14
189,mixed,13,diagnostic,0.0,0.0,0.0,0.0,0.0,0.0,0
189,mixed,13,optical_fallback,0.0,0.0,0.0,0.0,0.0,0.0,0
189,mixed,13,certified_clear,1999.9287124006291,399.98574399999933,0.0,0.0,65.0,464.98574399999933,13
190,mixed,12,discovery,15340.104941294316,3068.0209900000004,306.0,1595.0,0.0,4969.020990000001,319
190,mixed,12,active_localization,9375.45998060775,1875.0919959999999,9.0,65.0,0.0,1949.0919959999999,13
190,mixed,12,diagnostic,0.0,0.0,0.0,0.0,0.0,0.0,0
190,mixed,12,optical_fallback,0.0,0.0,0.0,0.0,0.0,0.0,0
190,mixed,12,certified_clear,2388.3985237665397,477.6797049999992,0.0,0.0,60.0,537.6797049999992,12
191,all_directional,11,discovery,15746.103220193663,3149.220648,272.0,1430.0,0.0,4851.2206479999995,286
191,all_directional,11,active_localization,7848.445872002658,1569.6891739999996,10.0,85.0,0.0,1664.6891739999996,17
191,all_directional,11,diagnostic,976.1465364853648,195.22930799999995,0.0,10.0,0.0,205.22930799999995,2
191,all_directional,11,optical_fallback,0.0,0.0,0.0,0.0,0.0,0.0,0
191,all_directional,11,certified_clear,1471.085318830992,294.21706400000033,0.0,0.0,55.0,349.21706400000033,11
192,mixed,15,discovery,15845.33583913787,3169.0671700000003,191.0,1025.0,0.0,4385.06717,205
192,mixed,15,active_localization,4790.907516772764,958.1815049999991,11.0,60.0,0.0,1029.181504999999,12
192,mixed,15,diagnostic,0.0,0.0,0.0,0.0,0.0,0.0,0
192,mixed,15,optical_fallback,0.0,0.0,0.0,0.0,0.0,0.0,0
192,mixed,15,certified_clear,5417.538560221449,1083.5077110000004,0.0,0.0,75.0,1158.5077110000004,15
193,mixed,15,discovery,16570.42381616081,3314.084766000001,200.0,1085.0,0.0,4599.084766000001,217
193,mixed,15,active_localization,7418.648266092309,1483.7296520000007,11.0,110.0,0.0,1604.7296520000007,22
193,mixed,15,diagnostic,0.0,0.0,0.0,0.0,0.0,0.0,0
193,mixed,15,optical_fallback,0.0,0.0,0.0,0.0,0.0,0.0,0
193,mixed,15,certified_clear,3740.3208975247835,748.0641759999985,0.0,0.0,75.0,823.0641759999985,15
194,mixed,11,discovery,15153.340323829407,3030.6680670000005,260.0,1370.0,0.0,4660.6680670000005,274
194,mixed,11,active_localization,5948.719644361624,1189.743928,8.0,65.0,0.0,1262.743928,13
194,mixed,11,diagnostic,0.0,0.0,0.0,0.0,0.0,0.0,0
194,mixed,11,optical_fallback,0.0,0.0,0.0,0.0,0.0,0.0,0
194,mixed,11,certified_clear,1420.7123305176208,284.1424659999992,0.0,0.0,55.0,339.1424659999992,11
195,mixed,14,discovery,14228.067898336667,2845.6135840000006,220.0,1160.0,0.0,4225.613584000001,232
195,mixed,14,active_localization,6074.212134695544,1214.8424289999994,9.0,70.0,0.0,1293.8424289999994,14
195,mixed,14,diagnostic,0.0,0.0,0.0,0.0,0.0,0.0,0
195,mixed,14,optical_fallback,0.0,0.0,0.0,0.0,0.0,0.0,0
195,mixed,14,certified_clear,3025.4334469997266,605.0866900000001,0.0,0.0,70.0,675.0866900000001,14
196,mixed,12,discovery,18292.71907445316,3658.5438169999998,263.0,1385.0,0.0,5306.543817,277
196,mixed,12,active_localization,4027.4866070816047,805.4973229999998,6.0,55.0,0.0,866.4973229999998,11
196,mixed,12,diagnostic,0.0,0.0,0.0,0.0,0.0,0.0,0
196,mixed,12,optical_fallback,0.0,0.0,0.0,0.0,0.0,0.0,0
196,mixed,12,certified_clear,4141.699838747847,828.3399679999999,0.0,0.0,60.0,888.3399679999999,12
197,mixed,15,discovery,16443.123789712703,3288.624762,209.0,1120.0,0.0,4617.624762,224
197,mixed,15,active_localization,4353.244518589026,870.648903,8.0,60.0,0.0,938.648903,12
197,mixed,15,diagnostic,0.0,0.0,0.0,0.0,0.0,0.0,0
197,mixed,15,optical_fallback,0.0,0.0,0.0,0.0,0.0,0.0,0
197,mixed,15,certified_clear,3749.3083665616887,749.8616730000001,0.0,0.0,75.0,824.8616730000001,15
198,mixed,15,discovery,13999.16480873798,2799.8329649999996,237.0,1250.0,0.0,4286.8329650000005,250
198,mixed,15,active_localization,9012.17184074191,1802.4343680000002,11.0,85.0,0.0,1898.4343680000002,17
198,mixed,15,diagnostic,0.0,0.0,0.0,0.0,0.0,0.0,0
198,mixed,15,optical_fallback,0.0,0.0,0.0,0.0,0.0,0.0,0
198,mixed,15,certified_clear,2685.5454986293503,537.1091000000004,0.0,0.0,75.0,612.1091000000004,15
199,mixed,15,discovery,15450.911324296647,3090.1822669999997,223.0,1180.0,0.0,4493.182267,236
199,mixed,15,active_localization,5827.458319090892,1165.491663,10.0,60.0,0.0,1235.491663,12
199,mixed,15,diagnostic,0.0,0.0,0.0,0.0,0.0,0.0,0
199,mixed,15,optical_fallback,0.0,0.0,0.0,0.0,0.0,0.0,0
199,mixed,15,certified_clear,4179.090097975962,835.8180190000006,0.0,0.0,75.0,910.8180190000006,15
200,mixed,10,discovery,16431.010615073283,3286.202127000001,260.0,1375.0,0.0,4921.202127000001,275
200,mixed,10,active_localization,4351.7311218611185,870.3462240000001,7.0,65.0,0.0,942.3462240000001,13
200,mixed,10,diagnostic,101.11874208078343,20.223747999999887,0.0,5.0,0.0,25.223747999999887,1
200,mixed,10,optical_fallback,0.0,0.0,0.0,0.0,0.0,0.0,0
200,mixed,10,certified_clear,2017.8122789324614,403.5624559999993,0.0,0.0,50.0,453.5624559999993,10
201,mixed,10,discovery,15301.693730164106,3060.3387480000006,297.0,1555.0,0.0,4912.338748,311
201,mixed,10,active_localization,5498.930117454499,1099.7860230000001,7.0,75.0,0.0,1181.7860230000001,15
201,mixed,10,diagnostic,0.0,0.0,0.0,0.0,0.0,0.0,0
201,mixed,10,optical_fallback,0.0,0.0,0.0,0.0,0.0,0.0,0
201,mixed,10,certified_clear,1756.9060474832384,351.3812089999992,0.0,0.0,50.0,401.3812089999992,10
202,mixed,13,discovery,16485.814147261994,3297.162832000002,250.0,1315.0,0.0,4862.162832000002,263
202,mixed,13,active_localization,6183.229556354013,1236.645912999998,11.0,105.0,0.0,1352.645912999998,21
202,mixed,13,diagnostic,962.9849116282187,192.59698200000025,0.0,10.0,0.0,202.59698200000025,2
202,mixed,13,optical_fallback,0.0,0.0,0.0,0.0,0.0,0.0,0
202,mixed,13,certified_clear,1457.532220739393,291.5064429999999,0.0,0.0,65.0,356.5064429999999,13
203,mixed,16,discovery,13412.683538426509,2682.5367079999996,237.0,1240.0,0.0,4159.536708,248
203,mixed,16,active_localization,9280.99996239082,1856.199991000001,12.0,150.0,0.0,2018.199991000001,30
203,mixed,16,diagnostic,0.0,0.0,0.0,0.0,0.0,0.0,0
203,mixed,16,optical_fallback,0.0,0.0,0.0,0.0,0.0,0.0,0
203,mixed,16,certified_clear,3017.3063705109084,603.4612729999991,0.0,0.0,80.0,683.4612729999991,16
204,mixed,16,discovery,10651.246196247737,2130.2492389999993,171.0,895.0,0.0,3196.2492389999993,179
204,mixed,16,active_localization,11404.993927586942,2280.9987860000006,15.0,140.0,0.0,2435.9987860000006,28
204,mixed,16,diagnostic,715.6432181394998,143.1286439999999,0.0,5.0,0.0,148.1286439999999,1
204,mixed,16,optical_fallback,0.0,0.0,0.0,0.0,0.0,0.0,0
204,mixed,16,certified_clear,1273.4655129473026,254.6931010000003,0.0,0.0,80.0,334.6931010000003,16
205,mixed,14,discovery,14939.561945456038,2987.9123919999993,232.0,1235.0,0.0,4454.912391999999,247
205,mixed,14,active_localization,7489.243322181971,1497.8486659999992,9.0,85.0,0.0,1591.8486659999992,17
205,mixed,14,diagnostic,850.125085873881,170.02501700000084,0.0,10.0,0.0,180.02501700000084,2
205,mixed,14,optical_fallback,0.0,0.0,0.0,0.0,0.0,0.0,0
205,mixed,14,certified_clear,3849.2301813968957,769.8460360000006,0.0,0.0,70.0,839.8460360000006,14
206,mixed,14,discovery,14048.391725001231,2809.678349,226.0,1185.0,0.0,4220.678349,237
206,mixed,14,active_localization,9487.56995757508,1897.5139910000003,12.0,100.0,0.0,2009.5139910000003,20
206,mixed,14,diagnostic,0.0,0.0,0.0,0.0,0.0,0.0,0
206,mixed,14,optical_fallback,0.0,0.0,0.0,0.0,0.0,0.0,0
206,mixed,14,certified_clear,791.7575120837581,158.35150199999987,0.0,0.0,70.0,228.35150199999987,14
207,mixed,14,discovery,16558.460470917147,3311.6920959999998,262.0,1385.0,0.0,4958.692096,277
207,mixed,14,active_localization,5023.435790773924,1004.6871590000003,10.0,65.0,0.0,1079.6871590000003,13
207,mixed,14,diagnostic,0.0,0.0,0.0,0.0,0.0,0.0,0
207,mixed,14,optical_fallback,0.0,0.0,0.0,0.0,0.0,0.0,0
207,mixed,14,certified_clear,3236.963307015747,647.3926609999997,0.0,0.0,70.0,717.3926609999997,14
208,mixed,10,discovery,16350.779407446282,3270.1558860000005,249.0,1315.0,0.0,4834.1558860000005,263
208,mixed,10,active_localization,4769.566021350742,953.9132049999996,10.0,65.0,0.0,1028.9132049999996,13
208,mixed,10,diagnostic,0.0,0.0,0.0,0.0,0.0,0.0,0
208,mixed,10,optical_fallback,0.0,0.0,0.0,0.0,0.0,0.0,0
208,mixed,10,certified_clear,1284.394943150341,256.87898900000005,0.0,0.0,50.0,306.87898900000005,10
209,mixed,16,discovery,3526.346362976487,705.2692740000005,105.0,545.0,0.0,1355.2692740000005,109
209,mixed,16,active_localization,8801.919470125506,1760.383895,15.0,95.0,0.0,1870.383895,19
209,mixed,16,diagnostic,0.0,0.0,0.0,0.0,0.0,0.0,0
209,mixed,16,optical_fallback,0.0,0.0,0.0,0.0,0.0,0.0,0
209,mixed,16,certified_clear,1966.547186247911,393.3094369999997,0.0,0.0,80.0,473.3094369999997,16
210,mixed,11,discovery,15366.7166733378,3073.3433369999993,304.0,1595.0,0.0,4972.343337,319
210,mixed,11,active_localization,9633.869368346282,1926.7738740000002,10.0,80.0,0.0,2016.7738740000002,16
210,mixed,11,diagnostic,1630.8097469762597,326.1619500000006,0.0,15.0,0.0,341.1619500000006,3
210,mixed,11,optical_fallback,0.0,0.0,0.0,0.0,0.0,0.0,0
210,mixed,11,certified_clear,2221.4018248468974,444.28036399999917,0.0,0.0,55.0,499.28036399999917,11
211,mixed,16,discovery,8868.27149732849,1773.654303000001,147.0,775.0,0.0,2695.654303000001,155
211,mixed,16,active_localization,8040.922548369864,1608.1845110000004,13.0,110.0,0.0,1731.1845110000004,22
211,mixed,16,diagnostic,922.5195145012916,184.5039029999998,0.0,10.0,0.0,194.5039029999998,2
211,mixed,16,optical_fallback,0.0,0.0,0.0,0.0,0.0,0.0,0
211,mixed,16,certified_clear,3353.7173719237558,670.7434739999992,0.0,0.0,80.0,750.7434739999992,16
212,mixed,15,discovery,16826.534151149208,3365.3068329999996,261.0,1375.0,0.0,5001.306833000001,275
212,mixed,15,active_localization,5963.411298969372,1192.6822600000005,11.0,85.0,0.0,1288.6822600000005,17
212,mixed,15,diagnostic,0.0,0.0,0.0,0.0,0.0,0.0,0
212,mixed,15,optical_fallback,0.0,0.0,0.0,0.0,0.0,0.0,0
212,mixed,15,certified_clear,2973.4946147324536,594.6989229999998,0.0,0.0,75.0,669.6989229999998,15
213,mixed,13,discovery,17374.901156298303,3474.980232,221.0,1175.0,0.0,4870.980232,235
213,mixed,13,active_localization,5642.509035859472,1128.5018069999999,11.0,75.0,0.0,1214.5018069999999,15
213,mixed,13,diagnostic,0.0,0.0,0.0,0.0,0.0,0.0,0
213,mixed,13,optical_fallback,0.0,0.0,0.0,0.0,0.0,0.0,0
213,mixed,13,certified_clear,1695.8291577835803,339.1658309999998,0.0,0.0,65.0,404.1658309999998,13
214,mixed,16,discovery,7587.417515401586,1517.4835050000006,147.0,770.0,0.0,2434.4835050000006,154
214,mixed,16,active_localization,8833.53320286797,1766.7066420000008,11.0,105.0,0.0,1882.7066420000008,21
214,mixed,16,diagnostic,726.8388378486055,145.36776800000007,0.0,5.0,0.0,150.36776800000007,1
214,mixed,16,optical_fallback,0.0,0.0,0.0,0.0,0.0,0.0,0
214,mixed,16,certified_clear,2844.367264709203,568.8734509999983,0.0,0.0,80.0,648.8734509999983,16
215,mixed,16,discovery,11937.753238084599,2387.550649999999,210.0,1105.0,0.0,3702.5506499999997,221
215,mixed,16,active_localization,11361.240980190547,2272.2481929999994,12.0,115.0,0.0,2399.2481929999994,23
215,mixed,16,diagnostic,1155.210233343148,231.0420469999999,0.0,10.0,0.0,241.0420469999999,2
215,mixed,16,optical_fallback,0.0,0.0,0.0,0.0,0.0,0.0,0
215,mixed,16,certified_clear,3361.047134451486,672.2094280000005,0.0,0.0,80.0,752.2094280000005,16
216,mixed,11,discovery,17199.591560888206,3439.918315000001,291.0,1525.0,0.0,5255.918315000001,305
216,mixed,11,active_localization,4683.2615041708805,936.6522999999993,8.0,60.0,0.0,1004.6522999999993,12
216,mixed,11,diagnostic,930.5990253574937,186.11980500000027,0.0,10.0,0.0,196.11980500000027,2
216,mixed,11,optical_fallback,0.0,0.0,0.0,0.0,0.0,0.0,0
216,mixed,11,certified_clear,2763.0675588110475,552.6135110000002,0.0,0.0,55.0,607.6135110000002,11
217,mixed,10,discovery,14740.317884237556,2948.0635790000006,248.0,1310.0,0.0,4506.063579000001,262
217,mixed,10,active_localization,6064.028229090629,1212.8056470000001,10.0,70.0,0.0,1292.8056470000001,14
217,mixed,10,diagnostic,0.0,0.0,0.0,0.0,0.0,0.0,0
217,mixed,10,optical_fallback,0.0,0.0,0.0,0.0,0.0,0.0,0
217,mixed,10,certified_clear,975.2480318528189,195.04960599999976,0.0,0.0,50.0,245.04960599999976,10
218,mixed,16,discovery,10303.875179119668,2060.775037999999,177.0,915.0,0.0,3152.775037999999,183
218,mixed,16,active_localization,9009.086545937533,1801.8173089999998,12.0,110.0,0.0,1923.8173089999998,22
218,mixed,16,diagnostic,0.0,0.0,0.0,0.0,0.0,0.0,0
218,mixed,16,optical_fallback,0.0,0.0,0.0,0.0,0.0,0.0,0
218,mixed,16,certified_clear,2446.089672710965,489.2179350000015,0.0,0.0,80.0,569.2179350000015,16
219,mixed,10,discovery,17251.810868789667,3450.3621760000005,282.0,1490.0,0.0,5222.3621760000005,298
219,mixed,10,active_localization,3064.892797326801,612.9785579999998,7.0,55.0,0.0,674.9785579999998,11
219,mixed,10,diagnostic,0.0,0.0,0.0,0.0,0.0,0.0,0
219,mixed,10,optical_fallback,0.0,0.0,0.0,0.0,0.0,0.0,0
219,mixed,10,certified_clear,1181.9822804298697,236.3964549999999,0.0,0.0,50.0,286.3964549999999,10
220,mixed,15,discovery,16368.38916126672,3273.677836,219.0,1155.0,0.0,4647.677836,231
220,mixed,15,active_localization,7705.228977367773,1541.0457940000006,14.0,100.0,0.0,1655.0457940000006,20
220,mixed,15,diagnostic,0.0,0.0,0.0,0.0,0.0,0.0,0
220,mixed,15,optical_fallback,0.0,0.0,0.0,0.0,0.0,0.0,0
220,mixed,15,certified_clear,1999.5027376221701,399.9005490000003,0.0,0.0,75.0,474.9005490000003,15
221,mixed,16,discovery,3860.5209904031626,772.1041990000001,115.0,590.0,0.0,1477.104199,118
221,mixed,16,active_localization,10758.394485021508,2151.6788960000003,13.0,80.0,0.0,2244.6788960000003,16
221,mixed,16,diagnostic,0.0,0.0,0.0,0.0,0.0,0.0,0
221,mixed,16,optical_fallback,0.0,0.0,0.0,0.0,0.0,0.0,0
221,mixed,16,certified_clear,2881.565147528029,576.3130269999998,0.0,0.0,80.0,656.3130269999998,16
222,mixed,13,discovery,18011.2137823845,3602.2427589999998,221.0,1170.0,0.0,4993.242759,234
222,mixed,13,active_localization,6035.6401922928735,1207.1280380000003,12.0,80.0,0.0,1299.1280380000003,16
222,mixed,13,diagnostic,0.0,0.0,0.0,0.0,0.0,0.0,0
222,mixed,13,optical_fallback,0.0,0.0,0.0,0.0,0.0,0.0,0
222,mixed,13,certified_clear,2212.9381910835177,442.5876370000001,0.0,0.0,65.0,507.5876370000001,13
223,mixed,14,discovery,16634.82109124432,3326.964219999999,256.0,1340.0,0.0,4922.964219999999,268
223,mixed,14,active_localization,5997.06951231113,1199.4139020000014,10.0,85.0,0.0,1294.4139020000014,17
223,mixed,14,diagnostic,0.0,0.0,0.0,0.0,0.0,0.0,0
223,mixed,14,optical_fallback,0.0,0.0,0.0,0.0,0.0,0.0,0
223,mixed,14,certified_clear,3195.3850194451343,639.0770039999994,0.0,0.0,70.0,709.0770039999994,14
224,mixed,10,discovery,17954.96987896598,3590.99398,290.0,1535.0,0.0,5415.99398,307
224,mixed,10,active_localization,5870.003878274647,1174.0007750000007,8.0,65.0,0.0,1247.0007750000007,13
224,mixed,10,diagnostic,0.0,0.0,0.0,0.0,0.0,0.0,0
224,mixed,10,optical_fallback,0.0,0.0,0.0,0.0,0.0,0.0,0
224,mixed,10,certified_clear,2120.0025082355996,424.00050099999925,0.0,0.0,50.0,474.00050099999925,10
225,mixed,15,discovery,15303.011787875486,3060.602359000001,228.0,1195.0,0.0,4483.602359000001,239
225,mixed,15,active_localization,7353.6297327525845,1470.7259479999996,11.0,105.0,0.0,1586.7259479999996,21
225,mixed,15,diagnostic,0.0,0.0,0.0,0.0,0.0,0.0,0
225,mixed,15,optical_fallback,0.0,0.0,0.0,0.0,0.0,0.0,0
225,mixed,15,certified_clear,1347.744321372396,269.54886499999986,0.0,0.0,75.0,344.54886499999986,15
226,mixed,11,discovery,17480.792742941783,3496.158552000001,279.0,1475.0,0.0,5250.158552000001,295
226,mixed,11,active_localization,7637.8274028109345,1527.5654800000004,8.0,60.0,0.0,1595.5654800000004,12
226,mixed,11,diagnostic,0.0,0.0,0.0,0.0,0.0,0.0,0
226,mixed,11,optical_fallback,0.0,0.0,0.0,0.0,0.0,0.0,0
226,mixed,11,certified_clear,2684.474039755385,536.8948069999989,0.0,0.0,55.0,591.8948069999989,11
227,mixed,15,discovery,16077.932214480892,3215.586445,215.0,1135.0,0.0,4565.586445,227
227,mixed,15,active_localization,4873.225606625811,974.6451199999992,9.0,65.0,0.0,1048.6451199999992,13
227,mixed,15,diagnostic,0.0,0.0,0.0,0.0,0.0,0.0,0
227,mixed,15,optical_fallback,0.0,0.0,0.0,0.0,0.0,0.0,0
227,mixed,15,certified_clear,4344.64903705677,868.9298060000009,0.0,0.0,75.0,943.9298060000009,15
228,mixed,16,discovery,13041.72438352958,2608.344880999999,202.0,1070.0,0.0,3880.3448809999995,214
228,mixed,16,active_localization,9390.046444988171,1878.0092880000007,11.0,125.0,0.0,2014.0092880000007,25
228,mixed,16,diagnostic,1115.474495147393,223.09489900000005,0.0,10.0,0.0,233.09489900000005,2
228,mixed,16,optical_fallback,0.0,0.0,0.0,0.0,0.0,0.0,0
228,mixed,16,certified_clear,1962.2198284957171,392.4439659999996,0.0,0.0,80.0,472.4439659999996,16
229,mixed,16,discovery,11124.250647575163,2224.8501319999987,209.0,1090.0,0.0,3523.850131999999,218
229,mixed,16,active_localization,9399.744230685352,1879.948847000001,11.0,105.0,0.0,1995.948847000001,21
229,mixed,16,diagnostic,1532.9809818214212,306.59619699999894,0.0,15.0,0.0,321.59619699999894,3
229,mixed,16,optical_fallback,0.0,0.0,0.0,0.0,0.0,0.0,0
229,mixed,16,certified_clear,3247.8863597416944,649.5772710000011,0.0,0.0,80.0,729.5772710000011,16
230,mixed,10,discovery,15522.624609848757,3104.5249270000004,253.0,1355.0,0.0,4712.524927,271
230,mixed,10,active_localization,2923.307427446727,584.6614850000003,5.0,40.0,0.0,629.6614850000003,8
230,mixed,10,diagnostic,0.0,0.0,0.0,0.0,0.0,0.0,0
230,mixed,10,optical_fallback,0.0,0.0,0.0,0.0,0.0,0.0,0
230,mixed,10,certified_clear,2621.2543379791086,524.2508669999991,0.0,0.0,50.0,574.2508669999991,10
231,mixed,10,discovery,16660.11001815464,3332.0220069999996,291.0,1525.0,0.0,5148.022006999999,305
231,mixed,10,active_localization,6255.8935319274515,1251.1787070000005,7.0,55.0,0.0,1313.1787070000005,11
231,mixed,10,diagnostic,0.0,0.0,0.0,0.0,0.0,0.0,0
231,mixed,10,optical_fallback,0.0,0.0,0.0,0.0,0.0,0.0,0
231,mixed,10,certified_clear,2014.5740418612595,402.9148080000003,0.0,0.0,50.0,452.9148080000003,10
232,mixed,10,discovery,18139.369294205488,3627.8738619999995,262.0,1395.0,0.0,5284.8738619999995,279
232,mixed,10,active_localization,3783.312597146271,756.6625199999999,4.0,40.0,0.0,800.6625199999999,8
232,mixed,10,diagnostic,0.0,0.0,0.0,0.0,0.0,0.0,0
232,mixed,10,optical_fallback,0.0,0.0,0.0,0.0,0.0,0.0,0
232,mixed,10,certified_clear,3923.021871425925,784.6043740000002,0.0,0.0,50.0,834.6043740000002,10
233,mixed,10,discovery,15981.649731961674,3196.32995,288.0,1515.0,0.0,4999.329949999999,303
233,mixed,10,active_localization,5778.35626240075,1155.6712509999998,9.0,80.0,0.0,1244.6712509999998,16
233,mixed,10,diagnostic,0.0,0.0,0.0,0.0,0.0,0.0,0
233,mixed,10,optical_fallback,0.0,0.0,0.0,0.0,0.0,0.0,0
233,mixed,10,certified_clear,1242.2409188198728,248.4481840000002,0.0,0.0,50.0,298.4481840000002,10
234,mixed,16,discovery,9185.19449450987,1837.038898,171.0,895.0,0.0,2903.038898,179
234,mixed,16,active_localization,9582.117466323602,1916.4234940000006,13.0,110.0,0.0,2039.4234940000006,22
234,mixed,16,diagnostic,0.0,0.0,0.0,0.0,0.0,0.0,0
234,mixed,16,optical_fallback,0.0,0.0,0.0,0.0,0.0,0.0,0
234,mixed,16,certified_clear,2484.6509172834126,496.93018299999915,0.0,0.0,80.0,576.9301829999991,16
235,mixed,12,discovery,15866.84306142425,3173.3686149999994,272.0,1430.0,0.0,4875.368614999999,286
235,mixed,12,active_localization,4106.9057170870565,821.3811440000015,8.0,40.0,0.0,869.3811440000015,8
235,mixed,12,diagnostic,0.0,0.0,0.0,0.0,0.0,0.0,0
235,mixed,12,optical_fallback,0.0,0.0,0.0,0.0,0.0,0.0,0
235,mixed,12,certified_clear,2289.749171249579,457.94983399999967,0.0,0.0,60.0,517.9498339999997,12
236,mixed,13,discovery,16523.732758872484,3304.7465569999995,272.0,1435.0,0.0,5011.746557,287
236,mixed,13,active_localization,7665.512876297077,1533.102574000001,10.0,60.0,0.0,1603.102574000001,12
236,mixed,13,diagnostic,0.0,0.0,0.0,0.0,0.0,0.0,0
236,mixed,13,optical_fallback,0.0,0.0,0.0,0.0,0.0,0.0,0
236,mixed,13,certified_clear,3522.5323359902713,704.5064669999995,0.0,0.0,65.0,769.5064669999995,13
237,mixed,14,discovery,14496.484854536655,2899.2969749999997,227.0,1210.0,0.0,4336.296974999999,242
237,mixed,14,active_localization,6329.526381864389,1265.905277,8.0,65.0,0.0,1338.905277,13
237,mixed,14,diagnostic,0.0,0.0,0.0,0.0,0.0,0.0,0
237,mixed,14,optical_fallback,0.0,0.0,0.0,0.0,0.0,0.0,0
237,mixed,14,certified_clear,3544.4686779562835,708.8937370000006,0.0,0.0,70.0,778.8937370000006,14
238,mixed,10,discovery,17968.48388503398,3593.6967819999995,263.0,1390.0,0.0,5246.696782,278
238,mixed,10,active_localization,4881.98029524383,976.3960580000003,8.0,60.0,0.0,1044.3960580000003,12
238,mixed,10,diagnostic,0.0,0.0,0.0,0.0,0.0,0.0,0
238,mixed,10,optical_fallback,0.0,0.0,0.0,0.0,0.0,0.0,0
238,mixed,10,certified_clear,1606.4123692839203,321.28247299999975,0.0,0.0,50.0,371.28247299999975,10
239,mixed,13,discovery,14587.467357471252,2917.4934730000004,246.0,1295.0,0.0,4458.493473,259
239,mixed,13,active_localization,5313.441776486115,1062.6883549999995,10.0,75.0,0.0,1147.6883549999995,15
239,mixed,13,diagnostic,0.0,0.0,0.0,0.0,0.0,0.0,0
239,mixed,13,optical_fallback,0.0,0.0,0.0,0.0,0.0,0.0,0
239,mixed,13,certified_clear,2322.7685969766153,464.55371799999966,0.0,0.0,65.0,529.5537179999997,13
240,mixed,10,discovery,16579.226628649973,3315.845330000001,295.0,1550.0,0.0,5160.84533,310
240,mixed,10,active_localization,4485.176217448332,897.0352429999991,7.0,55.0,0.0,959.0352429999991,11
240,mixed,10,diagnostic,0.0,0.0,0.0,0.0,0.0,0.0,0
240,mixed,10,optical_fallback,0.0,0.0,0.0,0.0,0.0,0.0,0
240,mixed,10,certified_clear,2507.467535161061,501.49350600000025,0.0,0.0,50.0,551.4935060000003,10
241,mixed,16,discovery,4267.700625885503,853.540125,120.0,620.0,0.0,1593.540125,124
241,mixed,16,active_localization,7964.217503552301,1592.8435009999994,9.0,80.0,0.0,1681.8435009999994,16
241,mixed,16,diagnostic,727.7711534488761,145.55423100000007,0.0,5.0,0.0,150.55423100000007,1
241,mixed,16,optical_fallback,0.0,0.0,0.0,0.0,0.0,0.0,0
241,mixed,16,certified_clear,4182.91430975439,836.5828630000011,0.0,0.0,80.0,916.5828630000011,16
242,mixed,14,discovery,16221.817510313185,3244.363506,265.0,1395.0,0.0,4904.363506,279
242,mixed,14,active_localization,4014.7438829792154,802.9487769999989,8.0,60.0,0.0,870.9487769999989,12
242,mixed,14,diagnostic,0.0,0.0,0.0,0.0,0.0,0.0,0
242,mixed,14,optical_fallback,0.0,0.0,0.0,0.0,0.0,0.0,0
242,mixed,14,certified_clear,3779.64481370357,755.9289630000004,0.0,0.0,70.0,825.9289630000004,14
243,mixed,15,discovery,13789.51762917247,2757.9035280000003,231.0,1220.0,0.0,4208.903528000001,244
243,mixed,15,active_localization,4941.128501782368,988.2256999999998,9.0,55.0,0.0,1052.2257,11
243,mixed,15,diagnostic,0.0,0.0,0.0,0.0,0.0,0.0,0
243,mixed,15,optical_fallback,0.0,0.0,0.0,0.0,0.0,0.0,0
243,mixed,15,certified_clear,5232.968762310169,1046.5937529999997,0.0,0.0,75.0,1121.5937529999997,15
244,mixed,12,discovery,17142.733484374185,3428.5466980000006,286.0,1500.0,0.0,5214.546698,300
244,mixed,12,active_localization,7066.413528197698,1413.282703999999,11.0,80.0,0.0,1504.282703999999,16
244,mixed,12,diagnostic,0.0,0.0,0.0,0.0,0.0,0.0,0
244,mixed,12,optical_fallback,0.0,0.0,0.0,0.0,0.0,0.0,0
244,mixed,12,certified_clear,1630.8585406462073,326.17170800000065,0.0,0.0,60.0,386.17170800000065,12
245,mixed,12,discovery,13588.06491523969,2717.6129880000003,253.0,1345.0,0.0,4315.612988000001,269
245,mixed,12,active_localization,8493.566002426864,1698.7131989999993,11.0,90.0,0.0,1799.7131989999993,18
245,mixed,12,diagnostic,0.0,0.0,0.0,0.0,0.0,0.0,0
245,mixed,12,optical_fallback,0.0,0.0,0.0,0.0,0.0,0.0,0
245,mixed,12,certified_clear,1972.717389182758,394.54347600000074,0.0,0.0,60.0,454.54347600000074,12
246,mixed,11,discovery,15476.471575213458,3095.2943170000003,274.0,1440.0,0.0,4809.294317000001,288
246,mixed,11,active_localization,9819.465825312702,1963.8931639999987,10.0,75.0,0.0,2048.8931639999987,15
246,mixed,11,diagnostic,0.0,0.0,0.0,0.0,0.0,0.0,0
246,mixed,11,optical_fallback,0.0,0.0,0.0,0.0,0.0,0.0,0
246,mixed,11,certified_clear,944.1720122530087,188.83440100000104,0.0,0.0,55.0,243.83440100000104,11
247,mixed,15,discovery,14226.156896961333,2845.2313830000003,241.0,1265.0,0.0,4351.231383,253
247,mixed,15,active_localization,7844.565059723073,1568.9130110000003,11.0,75.0,0.0,1654.9130110000003,15
247,mixed,15,diagnostic,0.0,0.0,0.0,0.0,0.0,0.0,0
247,mixed,15,optical_fallback,0.0,0.0,0.0,0.0,0.0,0.0,0
247,mixed,15,certified_clear,3931.245354114028,786.249069999999,0.0,0.0,75.0,861.249069999999,15
248,mixed,13,discovery,15621.546756063028,3124.3093549999994,232.0,1235.0,0.0,4591.309354999999,247
248,mixed,13,active_localization,5668.735799906643,1133.7471609999996,8.0,60.0,0.0,1201.7471609999996,12
248,mixed,13,diagnostic,0.0,0.0,0.0,0.0,0.0,0.0,0
248,mixed,13,optical_fallback,0.0,0.0,0.0,0.0,0.0,0.0,0
248,mixed,13,certified_clear,1687.7102973734898,337.542059000001,0.0,0.0,65.0,402.542059000001,13
249,mixed,12,discovery,16345.26123732021,3269.052249999999,268.0,1405.0,0.0,4942.052249999999,281
249,mixed,12,active_localization,4077.330352515666,815.4660700000002,7.0,45.0,0.0,867.4660700000002,9
249,mixed,12,diagnostic,0.0,0.0,0.0,0.0,0.0,0.0,0
249,mixed,12,optical_fallback,0.0,0.0,0.0,0.0,0.0,0.0,0
249,mixed,12,certified_clear,4043.5413911713176,808.7082790000004,0.0,0.0,60.0,868.7082790000004,12
250,mixed,12,discovery,15063.414039784013,3012.682811999999,262.0,1380.0,0.0,4654.682811999999,276
250,mixed,12,active_localization,8101.929521102835,1620.385904,9.0,90.0,0.0,1719.385904,18
250,mixed,12,diagnostic,899.5397066121975,179.9079410000004,0.0,10.0,0.0,189.9079410000004,2
250,mixed,12,optical_fallback,0.0,0.0,0.0,0.0,0.0,0.0,0
250,mixed,12,certified_clear,2889.9063446451833,577.9812670000009,0.0,0.0,60.0,637.9812670000009,12
251,mixed,10,discovery,17147.804734281035,3429.5609490000006,254.0,1355.0,0.0,5038.560949000001,271
251,mixed,10,active_localization,3406.0289373876312,681.2057869999992,8.0,70.0,0.0,759.2057869999992,14
251,mixed,10,diagnostic,0.0,0.0,0.0,0.0,0.0,0.0,0
251,mixed,10,optical_fallback,0.0,0.0,0.0,0.0,0.0,0.0,0
251,mixed,10,certified_clear,1665.3519493083468,333.0703890000003,0.0,0.0,50.0,383.0703890000003,10
252,mixed,10,discovery,16934.33546561162,3386.8670969999994,317.0,1660.0,0.0,5363.867096999999,332
252,mixed,10,active_localization,4970.019142052662,994.0038300000001,7.0,45.0,0.0,1046.00383,9
252,mixed,10,diagnostic,0.0,0.0,0.0,0.0,0.0,0.0,0
252,mixed,10,optical_fallback,0.0,0.0,0.0,0.0,0.0,0.0,0
252,mixed,10,certified_clear,3465.2864475969677,693.05729,0.0,0.0,50.0,743.05729,10
253,mixed,16,discovery,8291.718944663311,1658.3437899999994,146.0,760.0,0.0,2564.3437899999994,152
253,mixed,16,active_localization,4885.462415796432,977.0924819999999,11.0,75.0,0.0,1063.092482,15
253,mixed,16,diagnostic,0.0,0.0,0.0,0.0,0.0,0.0,0
253,mixed,16,optical_fallback,0.0,0.0,0.0,0.0,0.0,0.0,0
253,mixed,16,certified_clear,4888.7090382534,977.7418090000006,0.0,0.0,80.0,1057.7418090000006,16
254,all_directional,15,discovery,17813.205704415246,3562.6411439999993,260.0,1370.0,0.0,5192.641143999998,274
254,all_directional,15,active_localization,8442.253691509282,1688.450736000002,14.0,140.0,0.0,1842.450736000002,28
254,all_directional,15,diagnostic,215.24188318017974,43.04837599999996,0.0,10.0,0.0,53.04837599999996,2
254,all_directional,15,optical_fallback,99.25998736317757,19.851996999999983,0.0,0.0,5.0,24.851996999999983,1
254,all_directional,15,certified_clear,2581.8738593329545,516.3747729999989,0.0,0.0,70.0,586.3747729999989,14
255,mixed,11,discovery,15171.319533084124,3034.263911000001,238.0,1265.0,0.0,4537.263911000002,253
255,mixed,11,active_localization,4558.475792641049,911.6951589999999,9.0,70.0,0.0,990.6951589999999,14
255,mixed,11,diagnostic,0.0,0.0,0.0,0.0,0.0,0.0,0
255,mixed,11,optical_fallback,0.0,0.0,0.0,0.0,0.0,0.0,0
255,mixed,11,certified_clear,1525.9722106932345,305.1944429999992,0.0,0.0,55.0,360.1944429999992,11
256,mixed,12,discovery,14549.806793438594,2909.961361,284.0,1495.0,0.0,4688.961361,299
256,mixed,12,active_localization,7162.308837386545,1432.4617659999992,11.0,70.0,0.0,1513.4617659999992,14
256,mixed,12,diagnostic,0.0,0.0,0.0,0.0,0.0,0.0,0
256,mixed,12,optical_fallback,0.0,0.0,0.0,0.0,0.0,0.0,0
256,mixed,12,certified_clear,1722.8405556158518,344.56811200000067,0.0,0.0,60.0,404.56811200000067,12
257,mixed,13,discovery,14929.085102758543,2985.8170200000004,243.0,1280.0,0.0,4508.817020000001,256
257,mixed,13,active_localization,6545.1963476842975,1309.0392689999994,11.0,90.0,0.0,1410.0392689999994,18
257,mixed,13,diagnostic,0.0,0.0,0.0,0.0,0.0,0.0,0
257,mixed,13,optical_fallback,0.0,0.0,0.0,0.0,0.0,0.0,0
257,mixed,13,certified_clear,1592.692505307678,318.53849999999983,0.0,0.0,65.0,383.53849999999983,13
258,mixed,15,discovery,19023.27311706844,3804.6546280000002,221.0,1165.0,0.0,5190.654628,233
258,mixed,15,active_localization,8387.311013425982,1677.4622050000003,11.0,105.0,0.0,1793.4622050000003,21
258,mixed,15,diagnostic,1787.972618084128,357.5945240000001,0.0,15.0,0.0,372.5945240000001,3
258,mixed,15,optical_fallback,0.0,0.0,0.0,0.0,0.0,0.0,0
258,mixed,15,certified_clear,2457.303222078788,491.46064599999914,0.0,0.0,75.0,566.4606459999991,15
259,mixed,14,discovery,18166.80738123287,3633.36148,205.0,1095.0,0.0,4933.36148,219
259,mixed,14,active_localization,4357.40799557277,871.4815990000003,9.0,80.0,0.0,960.4815990000003,16
259,mixed,14,diagnostic,0.0,0.0,0.0,0.0,0.0,0.0,0
259,mixed,14,optical_fallback,0.0,0.0,0.0,0.0,0.0,0.0,0
259,mixed,14,certified_clear,5679.830093243568,1135.9660179999998,0.0,0.0,70.0,1205.9660179999998,14
260,mixed,14,discovery,14224.317652525631,2844.863534,218.0,1165.0,0.0,4227.863534,233
260,mixed,14,active_localization,9249.32315935538,1849.86463,9.0,60.0,0.0,1918.86463,12
260,mixed,14,diagnostic,0.0,0.0,0.0,0.0,0.0,0.0,0
260,mixed,14,optical_fallback,0.0,0.0,0.0,0.0,0.0,0.0,0
260,mixed,14,certified_clear,3803.0805855375493,760.6161190000003,0.0,0.0,70.0,830.6161190000003,14
261,mixed,12,discovery,16929.547061225283,3385.9094149999996,235.0,1260.0,0.0,4880.909414999999,252
261,mixed,12,active_localization,5106.247752360987,1021.2495510000006,8.0,85.0,0.0,1114.2495510000006,17
261,mixed,12,diagnostic,508.40061692085385,101.6801230000001,0.0,5.0,0.0,106.6801230000001,1
261,mixed,12,optical_fallback,0.0,0.0,0.0,0.0,0.0,0.0,0
261,mixed,12,certified_clear,2882.361506810281,576.4723019999999,0.0,0.0,60.0,636.4723019999999,12
262,mixed,12,discovery,14598.10996985087,2919.6219949999995,234.0,1235.0,0.0,4388.621994999999,247
262,mixed,12,active_localization,6266.857378646933,1253.3714760000012,11.0,65.0,0.0,1329.3714760000012,13
262,mixed,12,diagnostic,0.0,0.0,0.0,0.0,0.0,0.0,0
262,mixed,12,optical_fallback,0.0,0.0,0.0,0.0,0.0,0.0,0
262,mixed,12,certified_clear,1963.670439376707,392.73408699999914,0.0,0.0,60.0,452.73408699999914,12
263,mixed,16,discovery,14479.456505711361,2895.8913030000012,241.0,1265.0,0.0,4401.891303000001,253
263,mixed,16,active_localization,9355.530740861188,1871.1061480000005,12.0,120.0,0.0,2003.1061480000005,24
263,mixed,16,diagnostic,0.0,0.0,0.0,0.0,0.0,0.0,0
263,mixed,16,optical_fallback,0.0,0.0,0.0,0.0,0.0,0.0,0
263,mixed,16,certified_clear,2507.6812210456437,501.53624399999865,0.0,0.0,80.0,581.5362439999986,16
264,mixed,13,discovery,13350.411512666513,2670.0823030000006,266.0,1395.0,0.0,4331.082303,279
264,mixed,13,active_localization,10521.38752920899,2104.277507,10.0,100.0,0.0,2214.277507,20
264,mixed,13,diagnostic,952.4082513065447,190.48164999999972,0.0,10.0,0.0,200.48164999999972,2
264,mixed,13,optical_fallback,0.0,0.0,0.0,0.0,0.0,0.0,0
264,mixed,13,certified_clear,2632.143408318549,526.4286820000001,0.0,0.0,65.0,591.4286820000001,13
265,mixed,16,discovery,14092.56736479264,2818.513477,174.0,935.0,0.0,3927.513477,187
265,mixed,16,active_localization,4765.003905290666,953.0007810000008,10.0,70.0,0.0,1033.0007810000006,14
265,mixed,16,diagnostic,0.0,0.0,0.0,0.0,0.0,0.0,0
265,mixed,16,optical_fallback,0.0,0.0,0.0,0.0,0.0,0.0,0
265,mixed,16,certified_clear,5464.190131143846,1092.8380249999996,0.0,0.0,80.0,1172.8380249999996,16
266,mixed,10,discovery,16247.374592379367,3249.4749220000012,277.0,1455.0,0.0,4981.474922000001,291
266,mixed,10,active_localization,4050.5988051720674,810.1197609999992,9.0,65.0,0.0,884.1197609999992,13
266,mixed,10,diagnostic,0.0,0.0,0.0,0.0,0.0,0.0,0
266,mixed,10,optical_fallback,0.0,0.0,0.0,0.0,0.0,0.0,0
266,mixed,10,certified_clear,2085.34493150555,417.0689849999995,0.0,0.0,50.0,467.0689849999995,10
267,mixed,13,discovery,14606.768792881301,2921.3537629999996,257.0,1345.0,0.0,4523.353763,269
267,mixed,13,active_localization,9263.011253332692,1852.6022499999992,11.0,80.0,0.0,1943.6022499999992,16
267,mixed,13,diagnostic,0.0,0.0,0.0,0.0,0.0,0.0,0
267,mixed,13,optical_fallback,0.0,0.0,0.0,0.0,0.0,0.0,0
267,mixed,13,certified_clear,1026.6975081879427,205.3395010000014,0.0,0.0,65.0,270.3395010000014,13
268,mixed,13,discovery,17564.2959637668,3512.859196000001,239.0,1265.0,0.0,5016.859196,253
268,mixed,13,active_localization,5421.765278065031,1084.3530550000007,10.0,100.0,0.0,1194.3530550000007,20
268,mixed,13,diagnostic,101.11874208078342,20.223747999999887,0.0,5.0,0.0,25.223747999999887,1
268,mixed,13,optical_fallback,82.13002288675844,16.426004999999805,0.0,0.0,11.0,27.426004999999805,3
268,mixed,13,certified_clear,2584.928604454021,516.9857229999991,0.0,0.0,60.0,576.9857229999991,12
269,mixed,14,discovery,16727.973174977153,3345.5946390000004,232.0,1225.0,0.0,4802.594639000001,245
269,mixed,14,active_localization,5506.356767176727,1101.2713529999999,9.0,70.0,0.0,1180.2713529999999,14
269,mixed,14,diagnostic,0.0,0.0,0.0,0.0,0.0,0.0,0
269,mixed,14,optical_fallback,0.0,0.0,0.0,0.0,0.0,0.0,0
269,mixed,14,certified_clear,2792.0048607887566,558.4009739999999,0.0,0.0,70.0,628.4009739999999,14
270,mixed,11,discovery,17505.600177597098,3501.1200370000006,294.0,1535.0,0.0,5330.120037,307
270,mixed,11,active_localization,6777.242692403069,1355.4485360000003,9.0,75.0,0.0,1439.4485360000003,15
270,mixed,11,diagnostic,0.0,0.0,0.0,0.0,0.0,0.0,0
270,mixed,11,optical_fallback,679.3700928381583,135.87401899999986,0.0,0.0,89.0,224.87401899999986,29
270,mixed,11,certified_clear,1276.0866164767422,255.21732199999917,0.0,0.0,50.0,305.21732199999917,10
271,mixed,11,discovery,16585.67153749613,3317.1343099999995,285.0,1495.0,0.0,5097.1343099999995,299
271,mixed,11,active_localization,6081.728228274845,1216.345644999999,10.0,75.0,0.0,1301.345644999999,15
271,mixed,11,diagnostic,0.0,0.0,0.0,0.0,0.0,0.0,0
271,mixed,11,optical_fallback,0.0,0.0,0.0,0.0,0.0,0.0,0
271,mixed,11,certified_clear,719.7145587974146,143.9429130000011,0.0,0.0,55.0,198.9429130000011,11
272,mixed,10,discovery,16383.261739437481,3276.6523500000003,268.0,1410.0,0.0,4954.65235,282
272,mixed,10,active_localization,3336.3192852223583,667.2638569999997,6.0,65.0,0.0,738.2638569999997,13
272,mixed,10,diagnostic,0.0,0.0,0.0,0.0,0.0,0.0,0
272,mixed,10,optical_fallback,0.0,0.0,0.0,0.0,0.0,0.0,0
272,mixed,10,certified_clear,1604.7161168695252,320.94322300000033,0.0,0.0,50.0,370.94322300000033,10
273,mixed,12,discovery,16370.392243675527,3274.078451000001,238.0,1260.0,0.0,4772.078451,252
273,mixed,12,active_localization,3847.234966495654,769.4469939999999,11.0,65.0,0.0,845.4469939999999,13
273,mixed,12,diagnostic,0.0,0.0,0.0,0.0,0.0,0.0,0
273,mixed,12,optical_fallback,0.0,0.0,0.0,0.0,0.0,0.0,0
273,mixed,12,certified_clear,3338.2998301741263,667.6599659999995,0.0,0.0,60.0,727.6599659999995,12
274,mixed,16,discovery,10897.915212564638,2179.5830429999996,178.0,930.0,0.0,3287.583043,186
274,mixed,16,active_localization,10832.209034537655,2166.4418080000005,13.0,125.0,0.0,2304.4418080000005,25
274,mixed,16,diagnostic,0.0,0.0,0.0,0.0,0.0,0.0,0
274,mixed,16,optical_fallback,0.0,0.0,0.0,0.0,0.0,0.0,0
274,mixed,16,certified_clear,2116.340580149945,423.2681190000002,0.0,0.0,80.0,503.2681190000002,16
275,mixed,15,discovery,16549.304448727282,3309.8608939999995,243.0,1280.0,0.0,4832.860893999999,256
275,mixed,15,active_localization,6207.264814571131,1241.452964,12.0,95.0,0.0,1348.452964,19
275,mixed,15,diagnostic,0.0,0.0,0.0,0.0,0.0,0.0,0
275,mixed,15,optical_fallback,0.0,0.0,0.0,0.0,0.0,0.0,0
275,mixed,15,certified_clear,2636.054103624538,527.2108210000008,0.0,0.0,75.0,602.2108210000008,15
276,mixed,10,discovery,16255.610063986604,3251.122015,270.0,1415.0,0.0,4936.122015,283
276,mixed,10,active_localization,5500.380360415643,1100.0760730000006,9.0,55.0,0.0,1164.0760730000006,11
276,mixed,10,diagnostic,0.0,0.0,0.0,0.0,0.0,0.0,0
276,mixed,10,optical_fallback,0.0,0.0,0.0,0.0,0.0,0.0,0
276,mixed,10,certified_clear,1126.4611232066763,225.29222500000003,0.0,0.0,50.0,275.29222500000003,10
277,mixed,12,discovery,14478.955421998176,2895.7910879999977,287.0,1490.0,0.0,4672.791087999998,298
277,mixed,12,active_localization,8578.983229867712,1715.7966440000005,9.0,85.0,0.0,1809.7966440000005,17
277,mixed,12,diagnostic,500.0000000000001,100.0,0.0,5.0,0.0,105.0,1
277,mixed,12,optical_fallback,0.0,0.0,0.0,0.0,0.0,0.0,0
277,mixed,12,certified_clear,1801.3229325218351,360.26458700000137,0.0,0.0,60.0,420.26458700000137,12
278,mixed,15,discovery,14809.149739366414,2961.8299499999994,240.0,1265.0,0.0,4466.82995,253
278,mixed,15,active_localization,4063.1796493807283,812.6359309999999,7.0,50.0,0.0,869.6359309999999,10
278,mixed,15,diagnostic,0.0,0.0,0.0,0.0,0.0,0.0,0
278,mixed,15,optical_fallback,0.0,0.0,0.0,0.0,0.0,0.0,0
278,mixed,15,certified_clear,4464.446010422562,892.8892010000004,0.0,0.0,75.0,967.8892010000004,15
279,mixed,16,discovery,15781.498749438393,3156.299752,180.0,960.0,0.0,4296.299752000001,192
279,mixed,16,active_localization,6463.625132654064,1292.7250270000004,12.0,95.0,0.0,1399.7250270000004,19
279,mixed,16,diagnostic,0.0,0.0,0.0,0.0,0.0,0.0,0
279,mixed,16,optical_fallback,0.0,0.0,0.0,0.0,0.0,0.0,0
279,mixed,16,certified_clear,2256.8986870452154,451.3797369999992,0.0,0.0,80.0,531.3797369999992,16
280,mixed,13,discovery,16623.577664796067,3324.7155380000004,218.0,1170.0,0.0,4712.715538,234
280,mixed,13,active_localization,4419.857195433228,883.9714410000003,10.0,75.0,0.0,968.9714410000003,15
280,mixed,13,diagnostic,0.0,0.0,0.0,0.0,0.0,0.0,0
280,mixed,13,optical_fallback,0.0,0.0,0.0,0.0,0.0,0.0,0
280,mixed,13,certified_clear,2738.5630771851515,547.7126159999989,0.0,0.0,65.0,612.7126159999989,13
281,mixed,10,discovery,17859.835240943394,3571.9670510000005,285.0,1490.0,0.0,5346.9670510000005,298
281,mixed,10,active_localization,5856.88171261066,1171.3763439999993,9.0,90.0,0.0,1270.3763439999993,18
281,mixed,10,diagnostic,122.041374239122,24.408275000000003,0.0,5.0,0.0,29.408275000000003,1
281,mixed,10,optical_fallback,0.0,0.0,0.0,0.0,0.0,0.0,0
281,mixed,10,certified_clear,1840.7457557262587,368.14915199999996,0.0,0.0,50.0,418.14915199999996,10
282,mixed,14,discovery,14924.162123976472,2984.8324260000018,235.0,1240.0,0.0,4459.832426000002,248
282,mixed,14,active_localization,5021.247152838143,1004.2494290000002,10.0,65.0,0.0,1079.2494290000002,13
282,mixed,14,diagnostic,0.0,0.0,0.0,0.0,0.0,0.0,0
282,mixed,14,optical_fallback,0.0,0.0,0.0,0.0,0.0,0.0,0
282,mixed,14,certified_clear,4912.592984525634,982.5185969999978,0.0,0.0,70.0,1052.518596999998,14
283,mixed,11,discovery,16256.961136955022,3251.3922310000003,247.0,1310.0,0.0,4808.392231,262
283,mixed,11,active_localization,5282.962067172965,1056.5924140000002,9.0,65.0,0.0,1130.5924140000002,13
283,mixed,11,diagnostic,0.0,0.0,0.0,0.0,0.0,0.0,0
283,mixed,11,optical_fallback,0.0,0.0,0.0,0.0,0.0,0.0,0
283,mixed,11,certified_clear,2641.506769097603,528.3013539999992,0.0,0.0,55.0,583.3013539999992,11
284,mixed,12,discovery,17996.891612291474,3599.378327,289.0,1520.0,0.0,5408.378327,304
284,mixed,12,active_localization,3613.7802339441423,722.7560480000003,8.0,50.0,0.0,780.7560480000003,10
284,mixed,12,diagnostic,0.0,0.0,0.0,0.0,0.0,0.0,0
284,mixed,12,optical_fallback,0.0,0.0,0.0,0.0,0.0,0.0,0
284,mixed,12,certified_clear,3755.2872457903445,751.0574499999996,0.0,0.0,60.0,811.0574499999996,12
285,mixed,13,discovery,15974.337649504088,3194.8675350000003,289.0,1525.0,0.0,5008.867535,305
285,mixed,13,active_localization,5359.091706194755,1071.8183390000006,9.0,80.0,0.0,1160.8183390000006,16
285,mixed,13,diagnostic,0.0,0.0,0.0,0.0,0.0,0.0,0
285,mixed,13,optical_fallback,0.0,0.0,0.0,0.0,0.0,0.0,0
285,mixed,13,certified_clear,3015.399633898695,603.0799259999989,0.0,0.0,65.0,668.0799259999989,13
286,mixed,10,discovery,16736.516407919815,3347.3032849999995,266.0,1400.0,0.0,5013.303284999999,280
286,mixed,10,active_localization,4750.162280413659,950.0324569999993,8.0,70.0,0.0,1028.0324569999993,14
286,mixed,10,diagnostic,0.0,0.0,0.0,0.0,0.0,0.0,0
286,mixed,10,optical_fallback,0.0,0.0,0.0,0.0,0.0,0.0,0
286,mixed,10,certified_clear,2698.469198212481,539.6938410000007,0.0,0.0,50.0,589.6938410000007,10
287,mixed,12,discovery,15530.417202032117,3106.0834440000017,246.0,1305.0,0.0,4657.083444000003,261
287,mixed,12,active_localization,6802.703193507927,1360.5406399999986,11.0,85.0,0.0,1456.5406399999986,17
287,mixed,12,diagnostic,0.0,0.0,0.0,0.0,0.0,0.0,0
287,mixed,12,optical_fallback,0.0,0.0,0.0,0.0,0.0,0.0,0
287,mixed,12,certified_clear,3526.827145171803,705.3654299999993,0.0,0.0,60.0,765.3654299999993,12
288,mixed,16,discovery,13064.167869174198,2612.8335739999993,200.0,1050.0,0.0,3862.8335739999993,210
288,mixed,16,active_localization,8629.795436737917,1725.9590879999998,11.0,115.0,0.0,1851.9590879999998,23
288,mixed,16,diagnostic,599.4968846270455,119.89937699999996,0.0,15.0,0.0,134.89937699999996,3
288,mixed,16,optical_fallback,0.0,0.0,0.0,0.0,0.0,0.0,0
288,mixed,16,certified_clear,2402.7545657650535,480.5509140000007,0.0,0.0,80.0,560.5509140000007,16
289,mixed,13,discovery,15726.950808787671,3145.3901659999997,265.0,1395.0,0.0,4805.390165999999,279
289,mixed,13,active_localization,9221.10189998688,1844.220381000001,10.0,105.0,0.0,1959.220381000001,21
289,mixed,13,diagnostic,868.6766610759054,173.7353320000002,0.0,10.0,0.0,183.7353320000002,2
289,mixed,13,optical_fallback,0.0,0.0,0.0,0.0,0.0,0.0,0
289,mixed,13,certified_clear,2946.9898210037045,589.3979649999989,0.0,0.0,65.0,654.3979649999989,13
290,all_directional,16,discovery,15510.041936154734,3102.008388999999,220.0,1165.0,0.0,4487.008389,233
290,all_directional,16,active_localization,7241.431722592842,1448.2863450000004,12.0,105.0,0.0,1565.2863450000004,21
290,all_directional,16,diagnostic,0.0,0.0,0.0,0.0,0.0,0.0,0
290,all_directional,16,optical_fallback,0.0,0.0,0.0,0.0,0.0,0.0,0
290,all_directional,16,certified_clear,3595.066950470197,719.0133900000008,0.0,0.0,80.0,799.0133900000008,16
291,mixed,14,discovery,15464.089067177198,3092.817817000001,212.0,1130.0,0.0,4434.817817000001,226
291,mixed,14,active_localization,3033.084532111567,606.6169050000003,7.0,40.0,0.0,653.6169050000003,8
291,mixed,14,diagnostic,0.0,0.0,0.0,0.0,0.0,0.0,0
291,mixed,14,optical_fallback,0.0,0.0,0.0,0.0,0.0,0.0,0
291,mixed,14,certified_clear,5459.550413167757,1091.910081999999,0.0,0.0,70.0,1161.910081999999,14
292,mixed,14,discovery,16612.000333062722,3322.400068000002,263.0,1375.0,0.0,4960.400068000002,275
292,mixed,14,active_localization,6562.145047409955,1312.4290079999985,11.0,80.0,0.0,1403.4290079999985,16
292,mixed,14,diagnostic,0.0,0.0,0.0,0.0,0.0,0.0,0
292,mixed,14,optical_fallback,0.0,0.0,0.0,0.0,0.0,0.0,0
292,mixed,14,certified_clear,3445.0835339014475,689.0167059999997,0.0,0.0,70.0,759.0167059999997,14
293,mixed,15,discovery,16019.06504245637,3203.8130110000006,191.0,1015.0,0.0,4409.813011000001,203
293,mixed,15,active_localization,5501.35601876345,1100.271203000001,12.0,75.0,0.0,1187.271203000001,15
293,mixed,15,diagnostic,0.0,0.0,0.0,0.0,0.0,0.0,0
293,mixed,15,optical_fallback,0.0,0.0,0.0,0.0,0.0,0.0,0
293,mixed,15,certified_clear,5769.786021384215,1153.9572019999987,0.0,0.0,75.0,1228.9572019999987,15
294,mixed,12,discovery,15604.103460715976,3120.8206949999994,250.0,1325.0,0.0,4695.820695,265
294,mixed,12,active_localization,8296.722871730095,1659.344575000001,8.0,80.0,0.0,1747.344575000001,16
294,mixed,12,diagnostic,1264.882851905933,252.97657100000015,0.0,10.0,0.0,262.97657100000015,2
294,mixed,12,optical_fallback,0.0,0.0,0.0,0.0,0.0,0.0,0
294,mixed,12,certified_clear,2869.918547718881,573.9837109999997,0.0,0.0,60.0,633.9837109999997,12
295,mixed,13,discovery,14870.503527880228,2974.1007080000004,251.0,1330.0,0.0,4555.100708000001,266
295,mixed,13,active_localization,6815.689621290772,1363.1379239999999,9.0,80.0,0.0,1452.1379239999999,16
295,mixed,13,diagnostic,824.9220056972218,164.9844009999997,0.0,15.0,0.0,179.9844009999997,3
295,mixed,13,optical_fallback,293.4049918322308,58.68099799999982,0.0,0.0,38.0,96.68099799999982,12
295,mixed,13,certified_clear,2794.6359907220008,558.927199,0.0,0.0,60.0,618.927199,12
296,mixed,15,discovery,16332.478191458904,3266.4956429999984,216.0,1155.0,0.0,4637.495642999998,231
296,mixed,15,active_localization,4610.037731974194,922.0075459999998,12.0,75.0,0.0,1009.0075459999998,15
296,mixed,15,diagnostic,0.0,0.0,0.0,0.0,0.0,0.0,0
296,mixed,15,optical_fallback,0.0,0.0,0.0,0.0,0.0,0.0,0
296,mixed,15,certified_clear,2875.6950635051367,575.1390120000012,0.0,0.0,75.0,650.1390120000012,15
297,mixed,15,discovery,14671.273852537,2934.2547730000006,230.0,1210.0,0.0,4374.254773000001,242
297,mixed,15,active_localization,5389.905906056028,1077.9811830000003,11.0,90.0,0.0,1178.9811830000003,18
297,mixed,15,diagnostic,947.8860367314578,189.5772079999997,0.0,10.0,0.0,199.5772079999997,2
297,mixed,15,optical_fallback,0.0,0.0,0.0,0.0,0.0,0.0,0
297,mixed,15,certified_clear,3248.714063810642,649.7428139999995,0.0,0.0,75.0,724.7428139999995,15
298,mixed,16,discovery,10959.257321631845,2191.851468,170.0,900.0,0.0,3261.851468,180
298,mixed,16,active_localization,7297.405796455718,1459.4811569999997,13.0,85.0,0.0,1557.4811569999997,17
298,mixed,16,diagnostic,0.0,0.0,0.0,0.0,0.0,0.0,0
298,mixed,16,optical_fallback,0.0,0.0,0.0,0.0,0.0,0.0,0
298,mixed,16,certified_clear,3708.146311247679,741.6292620000011,0.0,0.0,80.0,821.6292620000011,16
299,mixed,10,discovery,17388.809858637436,3477.7619750000013,280.0,1475.0,0.0,5232.761975000001,295
299,mixed,10,active_localization,5791.4094153978385,1158.2818819999993,8.0,65.0,0.0,1231.2818819999993,13
299,mixed,10,diagnostic,0.0,0.0,0.0,0.0,0.0,0.0,0
299,mixed,10,optical_fallback,0.0,0.0,0.0,0.0,0.0,0.0,0
299,mixed,10,certified_clear,1834.6911447436987,366.9382289999992,0.0,0.0,50.0,416.9382289999992,10
300,mixed,13,discovery,15429.510176256515,3085.9020370000003,240.0,1255.0,0.0,4580.902037000001,251
300,mixed,13,active_localization,5493.264058409892,1098.652810999999,11.0,90.0,0.0,1199.652810999999,18
300,mixed,13,diagnostic,0.0,0.0,0.0,0.0,0.0,0.0,0
300,mixed,13,optical_fallback,0.0,0.0,0.0,0.0,0.0,0.0,0
300,mixed,13,certified_clear,2205.0656198588786,441.01312500000074,0.0,0.0,65.0,506.01312500000074,13
301,mixed,12,discovery,16203.785973523189,3240.7571979999993,237.0,1260.0,0.0,4737.757197999999,252
301,mixed,12,active_localization,4792.362050314339,958.4724100000009,9.0,70.0,0.0,1037.4724100000008,14
301,mixed,12,diagnostic,0.0,0.0,0.0,0.0,0.0,0.0,0
301,mixed,12,optical_fallback,0.0,0.0,0.0,0.0,0.0,0.0,0
301,mixed,12,certified_clear,3091.173250911939,618.2346499999996,0.0,0.0,60.0,678.2346499999996,12
302,all_directional,12,discovery,16652.843332551987,3330.5686699999997,281.0,1460.0,0.0,5071.56867,292
302,all_directional,12,active_localization,8009.467397323578,1601.8934790000012,11.0,85.0,0.0,1697.8934790000012,17
302,all_directional,12,diagnostic,0.0,0.0,0.0,0.0,0.0,0.0,0
302,all_directional,12,optical_fallback,0.0,0.0,0.0,0.0,0.0,0.0,0
302,all_directional,12,certified_clear,3055.5660609405354,611.1132119999996,0.0,0.0,60.0,671.1132119999996,12
303,mixed,11,discovery,16845.96781215865,3369.193566000001,240.0,1285.0,0.0,4894.193566,257
303,mixed,11,active_localization,3310.0030014094464,662.0006010000001,7.0,45.0,0.0,714.0006010000001,9
303,mixed,11,diagnostic,0.0,0.0,0.0,0.0,0.0,0.0,0
303,mixed,11,optical_fallback,0.0,0.0,0.0,0.0,0.0,0.0,0
303,mixed,11,certified_clear,3416.3569572425736,683.2713899999997,0.0,0.0,55.0,738.2713899999997,11
304,mixed,10,discovery,13777.45753376007,2755.491509999998,302.0,1580.0,0.0,4637.491509999998,316
304,mixed,10,active_localization,6655.480709220932,1331.0961419999999,6.0,70.0,0.0,1407.0961419999999,14
304,mixed,10,diagnostic,0.0,0.0,0.0,0.0,0.0,0.0,0
304,mixed,10,optical_fallback,0.0,0.0,0.0,0.0,0.0,0.0,0
304,mixed,10,certified_clear,2587.8281757682503,517.5656340000016,0.0,0.0,50.0,567.5656340000016,10
305,mixed,13,discovery,15473.957051866737,3094.7914129999995,245.0,1300.0,0.0,4639.791413,260
305,mixed,13,active_localization,5412.06611097944,1082.4132229999998,7.0,65.0,0.0,1154.4132229999998,13
305,mixed,13,diagnostic,0.0,0.0,0.0,0.0,0.0,0.0,0
305,mixed,13,optical_fallback,0.0,0.0,0.0,0.0,0.0,0.0,0
305,mixed,13,certified_clear,4011.1629267112644,802.2325860000002,0.0,0.0,65.0,867.2325860000002,13
306,mixed,15,discovery,16356.700303649917,3271.3400630000015,205.0,1105.0,0.0,4581.340063000001,221
306,mixed,15,active_localization,5252.796553078658,1050.559312999999,9.0,95.0,0.0,1154.559312999999,19
306,mixed,15,diagnostic,0.0,0.0,0.0,0.0,0.0,0.0,0
306,mixed,15,optical_fallback,0.0,0.0,0.0,0.0,0.0,0.0,0
306,mixed,15,certified_clear,4611.633733468238,922.3267459999996,0.0,0.0,75.0,997.3267459999996,15
307,mixed,11,discovery,17498.919843927946,3499.783973,259.0,1375.0,0.0,5133.7839730000005,275
307,mixed,11,active_localization,3755.994927075099,751.1989849999998,6.0,30.0,0.0,787.1989849999998,6
307,mixed,11,diagnostic,0.0,0.0,0.0,0.0,0.0,0.0,0
307,mixed,11,optical_fallback,0.0,0.0,0.0,0.0,0.0,0.0,0
307,mixed,11,certified_clear,3599.0064876846513,719.801298,0.0,0.0,55.0,774.801298,11
308,mixed,12,discovery,14522.784835575232,2904.5569699999987,237.0,1255.0,0.0,4396.556969999998,251
308,mixed,12,active_localization,4932.233027699242,986.4466040000011,9.0,60.0,0.0,1055.4466040000011,12
308,mixed,12,diagnostic,0.0,0.0,0.0,0.0,0.0,0.0,0
308,mixed,12,optical_fallback,0.0,0.0,0.0,0.0,0.0,0.0,0
308,mixed,12,certified_clear,2297.5668428359522,459.5133689999999,0.0,0.0,60.0,519.5133689999999,12
309,mixed,15,discovery,15522.896856852281,3104.5793749999993,186.0,1000.0,0.0,4290.579374999999,200
309,mixed,15,active_localization,5459.32548510449,1091.865096,10.0,75.0,0.0,1176.865096,15
309,mixed,15,diagnostic,703.2982864387861,140.6596569999997,0.0,5.0,0.0,145.6596569999997,1
309,mixed,15,optical_fallback,0.0,0.0,0.0,0.0,0.0,0.0,0
309,mixed,15,certified_clear,4666.983977049116,933.3967950000005,0.0,0.0,75.0,1008.3967950000005,15
310,mixed,14,discovery,16876.898042734145,3375.379613000001,242.0,1295.0,0.0,4912.379613000001,259
310,mixed,14,active_localization,7773.513455940022,1554.7026919999994,8.0,75.0,0.0,1637.7026919999994,15
310,mixed,14,diagnostic,896.5956816220863,179.3191370000004,0.0,10.0,0.0,189.3191370000004,2
310,mixed,14,optical_fallback,0.0,0.0,0.0,0.0,0.0,0.0,0
310,mixed,14,certified_clear,3081.6789541286007,616.3357899999997,0.0,0.0,70.0,686.3357899999997,14
311,mixed,14,discovery,16302.521880235408,3260.5043809999997,235.0,1250.0,0.0,4745.504381,250
311,mixed,14,active_localization,7507.877392964322,1501.5754769999999,9.0,80.0,0.0,1590.5754769999999,16
311,mixed,14,diagnostic,531.5155517744041,106.30310999999983,0.0,5.0,0.0,111.30310999999983,1
311,mixed,14,optical_fallback,0.0,0.0,0.0,0.0,0.0,0.0,0
311,mixed,14,certified_clear,3973.1357268681404,794.6271440000003,0.0,0.0,70.0,864.6271440000003,14
312,mixed,12,discovery,15768.40103278661,3153.6802100000004,262.0,1375.0,0.0,4790.68021,275
312,mixed,12,active_localization,5088.766892881888,1017.7533799999997,10.0,85.0,0.0,1112.7533799999997,17
312,mixed,12,diagnostic,0.0,0.0,0.0,0.0,0.0,0.0,0
312,mixed,12,optical_fallback,0.0,0.0,0.0,0.0,0.0,0.0,0
312,mixed,12,certified_clear,3411.2670480194365,682.2534099999998,0.0,0.0,60.0,742.2534099999998,12
313,mixed,16,discovery,3932.397424165956,786.4794849999996,111.0,575.0,0.0,1472.4794849999996,115
313,mixed,16,active_localization,8133.034212108574,1626.6068400000004,14.0,110.0,0.0,1750.6068400000004,22
313,mixed,16,diagnostic,0.0,0.0,0.0,0.0,0.0,0.0,0
313,mixed,16,optical_fallback,0.0,0.0,0.0,0.0,0.0,0.0,0
313,mixed,16,certified_clear,3060.2093889969783,612.0418790000001,0.0,0.0,80.0,692.0418790000001,16
314,all_directional,12,discovery,15517.980490624848,3103.5961020000004,295.0,1550.0,0.0,4948.596102,310
314,all_directional,12,active_localization,4140.139498678808,828.0278989999995,7.0,70.0,0.0,905.0278989999995,14
314,all_directional,12,diagnostic,0.0,0.0,0.0,0.0,0.0,0.0,0
314,all_directional,12,optical_fallback,0.0,0.0,0.0,0.0,0.0,0.0,0
314,all_directional,12,certified_clear,4498.825346338342,899.7650660000004,0.0,0.0,60.0,959.7650660000004,12
315,mixed,10,discovery,16582.576647361006,3316.5153329999994,283.0,1480.0,0.0,5079.515332999999,296
315,mixed,10,active_localization,5318.501814441026,1063.700365,9.0,75.0,0.0,1147.700365,15
315,mixed,10,diagnostic,0.0,0.0,0.0,0.0,0.0,0.0,0
315,mixed,10,optical_fallback,0.0,0.0,0.0,0.0,0.0,0.0,0
315,mixed,10,certified_clear,1373.1991596926946,274.639831000001,0.0,0.0,50.0,324.639831000001,10
316,mixed,16,discovery,9894.319715213609,1978.8639449999982,204.0,1060.0,0.0,3242.8639449999982,212
316,mixed,16,active_localization,6448.823123347579,1289.7646270000005,10.0,105.0,0.0,1404.7646270000005,21
316,mixed,16,diagnostic,963.5593571109613,192.71187199999986,0.0,10.0,0.0,202.71187199999986,2
316,mixed,16,optical_fallback,0.0,0.0,0.0,0.0,0.0,0.0,0
316,mixed,16,certified_clear,3565.830838562681,713.1661680000014,0.0,0.0,80.0,793.1661680000014,16
317,mixed,12,discovery,15510.586071646729,3102.117217,224.0,1195.0,0.0,4521.117217,239
317,mixed,12,active_localization,3674.0850050190666,734.8170009999993,6.0,60.0,0.0,800.8170009999993,12
317,mixed,12,diagnostic,0.0,0.0,0.0,0.0,0.0,0.0,0
317,mixed,12,optical_fallback,0.0,0.0,0.0,0.0,0.0,0.0,0
317,mixed,12,certified_clear,3932.5664608120383,786.5132910000002,0.0,0.0,60.0,846.5132910000002,12
318,mixed,13,discovery,15111.347828645503,3022.2695679999993,292.0,1515.0,0.0,4829.269567999999,303
318,mixed,13,active_localization,7373.689586042027,1474.737918000001,11.0,85.0,0.0,1570.737918000001,17
318,mixed,13,diagnostic,0.0,0.0,0.0,0.0,0.0,0.0,0
318,mixed,13,optical_fallback,0.0,0.0,0.0,0.0,0.0,0.0,0
318,mixed,13,certified_clear,589.2981759569656,117.85963599999945,0.0,0.0,65.0,182.85963599999945,13
319,mixed,14,discovery,15479.657420862937,3095.931489,286.0,1490.0,0.0,4871.931489,298
319,mixed,14,active_localization,8522.804107503593,1704.560821,11.0,75.0,0.0,1790.560821,15
319,mixed,14,diagnostic,518.9053078914023,103.78106200000002,0.0,5.0,0.0,108.78106200000002,1
319,mixed,14,optical_fallback,0.0,0.0,0.0,0.0,0.0,0.0,0
319,mixed,14,certified_clear,2251.9349042561603,450.3869810000002,0.0,0.0,70.0,520.3869810000002,14
320,mixed,12,discovery,14923.245097538615,2984.649022999999,268.0,1410.0,0.0,4662.649023,282
320,mixed,12,active_localization,5827.8028137381125,1165.560563,9.0,55.0,0.0,1229.560563,11
320,mixed,12,diagnostic,0.0,0.0,0.0,0.0,0.0,0.0,0
320,mixed,12,optical_fallback,0.0,0.0,0.0,0.0,0.0,0.0,0
320,mixed,12,certified_clear,2544.946302960648,508.9892610000004,0.0,0.0,60.0,568.9892610000004,12
321,mixed,10,discovery,14813.957679965808,2962.7915380000013,272.0,1425.0,0.0,4659.791538000001,285
321,mixed,10,active_localization,7152.919094123107,1430.5838199999987,8.0,70.0,0.0,1508.5838199999987,14
321,mixed,10,diagnostic,149.2950657567005,29.859013000000232,0.0,5.0,0.0,34.85901300000023,1
321,mixed,10,optical_fallback,0.0,0.0,0.0,0.0,0.0,0.0,0
321,mixed,10,certified_clear,2267.536537576843,453.50730699999997,0.0,0.0,50.0,503.50730699999997,10
322,mixed,12,discovery,16122.449016771709,3224.4898069999986,242.0,1275.0,0.0,4741.489806999998,255
322,mixed,12,active_localization,6581.018718528965,1316.203744,11.0,80.0,0.0,1407.203744,16
322,mixed,12,diagnostic,1343.3487580062733,268.669752,0.0,10.0,0.0,278.669752,2
322,mixed,12,optical_fallback,0.0,0.0,0.0,0.0,0.0,0.0,0
322,mixed,12,certified_clear,1293.0168727173768,258.6033750000014,0.0,0.0,60.0,318.6033750000014,12
323,mixed,14,discovery,13118.572679014396,2623.714536999999,265.0,1395.0,0.0,4283.714536999999,279
323,mixed,14,active_localization,5831.780858971633,1166.3561700000007,8.0,65.0,0.0,1239.3561700000007,13
323,mixed,14,diagnostic,0.0,0.0,0.0,0.0,0.0,0.0,0
323,mixed,14,optical_fallback,0.0,0.0,0.0,0.0,0.0,0.0,0
323,mixed,14,certified_clear,3707.7814349956407,741.5562870000003,0.0,0.0,70.0,811.5562870000003,14
324,all_directional,15,discovery,16757.91161438904,3351.5823279999995,232.0,1225.0,0.0,4808.5823279999995,245
324,all_directional,15,active_localization,9295.011764602916,1859.0023530000003,8.0,105.0,0.0,1972.0023530000003,21
324,all_directional,15,diagnostic,658.6659137779682,131.73318300000028,0.0,15.0,0.0,146.73318300000028,3
324,all_directional,15,optical_fallback,0.0,0.0,0.0,0.0,0.0,0.0,0
324,all_directional,15,certified_clear,2414.9322889849977,482.9864569999994,0.0,0.0,75.0,557.9864569999994,15
325,mixed,10,discovery,15778.823852597669,3155.7647739999998,288.0,1515.0,0.0,4958.764773999999,303
325,mixed,10,active_localization,4995.499202621239,999.099841,7.0,45.0,0.0,1051.099841,9
325,mixed,10,diagnostic,0.0,0.0,0.0,0.0,0.0,0.0,0
325,mixed,10,optical_fallback,0.0,0.0,0.0,0.0,0.0,0.0,0
325,mixed,10,certified_clear,1804.2583599561951,360.8516729999999,0.0,0.0,50.0,410.8516729999999,10
326,mixed,11,discovery,16100.452814417207,3220.090566,235.0,1250.0,0.0,4705.090566,250
326,mixed,11,active_localization,6010.7260854663555,1202.1452160000003,9.0,75.0,0.0,1286.1452160000003,15
326,mixed,11,diagnostic,0.0,0.0,0.0,0.0,0.0,0.0,0
326,mixed,11,optical_fallback,0.0,0.0,0.0,0.0,0.0,0.0,0
326,mixed,11,certified_clear,2454.2370355688568,490.8474069999999,0.0,0.0,55.0,545.847407,11
327,mixed,10,discovery,16133.805283813897,3226.7610589999995,271.0,1425.0,0.0,4922.761058999999,285
327,mixed,10,active_localization,5655.656537823621,1131.1313080000007,7.0,60.0,0.0,1198.1313080000007,12
327,mixed,10,diagnostic,0.0,0.0,0.0,0.0,0.0,0.0,0
327,mixed,10,optical_fallback,0.0,0.0,0.0,0.0,0.0,0.0,0
327,mixed,10,certified_clear,2377.1754477399645,475.43509000000034,0.0,0.0,50.0,525.4350900000004,10
328,all_directional,14,discovery,14187.764076426396,2837.552817999999,276.0,1435.0,0.0,4548.552817999999,287
328,all_directional,14,active_localization,6895.041058172703,1379.0082109999985,11.0,95.0,0.0,1485.0082109999985,19
328,all_directional,14,diagnostic,0.0,0.0,0.0,0.0,0.0,0.0,0
328,all_directional,14,optical_fallback,0.0,0.0,0.0,0.0,0.0,0.0,0
328,all_directional,14,certified_clear,2364.2352401497697,472.8470470000019,0.0,0.0,70.0,542.8470470000019,14
329,mixed,15,discovery,14544.454033180415,2908.8908089999995,214.0,1155.0,0.0,4277.890808999999,231
329,mixed,15,active_localization,3597.1910000343396,719.4381989999995,7.0,55.0,0.0,781.4381989999995,11
329,mixed,15,diagnostic,0.0,0.0,0.0,0.0,0.0,0.0,0
329,mixed,15,optical_fallback,0.0,0.0,0.0,0.0,0.0,0.0,0
329,mixed,15,certified_clear,6686.413766090945,1337.2827530000013,0.0,0.0,75.0,1412.2827530000013,15
330,mixed,16,discovery,13793.851208361966,2758.7702440000007,194.0,1035.0,0.0,3987.7702440000007,207
330,mixed,16,active_localization,7460.902691540658,1492.1805359999985,8.0,70.0,0.0,1570.1805359999985,14
330,mixed,16,diagnostic,0.0,0.0,0.0,0.0,0.0,0.0,0
330,mixed,16,optical_fallback,0.0,0.0,0.0,0.0,0.0,0.0,0
330,mixed,16,certified_clear,4447.224567529006,889.444913000001,0.0,0.0,80.0,969.444913000001,16
331,mixed,12,discovery,14988.112325427028,2997.6224680000005,290.0,1520.0,0.0,4807.6224680000005,304
331,mixed,12,active_localization,8172.880969861492,1634.5761929999994,7.0,75.0,0.0,1716.5761929999994,15
331,mixed,12,diagnostic,711.9136776528296,142.38273600000048,0.0,5.0,0.0,147.38273600000048,1
331,mixed,12,optical_fallback,0.0,0.0,0.0,0.0,0.0,0.0,0
331,mixed,12,certified_clear,3445.6400015145196,689.1279999999995,0.0,0.0,60.0,749.1279999999995,12
332,mixed,14,discovery,16701.55946718939,3340.311895999999,253.0,1335.0,0.0,4928.311895999999,267
332,mixed,14,active_localization,5422.129037906121,1084.4258060000004,7.0,85.0,0.0,1176.4258060000004,17
332,mixed,14,diagnostic,1007.58206494737,201.51641299999937,0.0,10.0,0.0,211.51641299999937,2
332,mixed,14,optical_fallback,0.0,0.0,0.0,0.0,0.0,0.0,0
332,mixed,14,certified_clear,5541.251088284063,1108.2502160000015,0.0,0.0,70.0,1178.2502160000015,14
333,mixed,11,discovery,16172.995076158204,3234.5990199999997,265.0,1400.0,0.0,4899.59902,280
333,mixed,11,active_localization,3574.293680338509,714.8587359999999,8.0,65.0,0.0,787.8587359999999,13
333,mixed,11,diagnostic,0.0,0.0,0.0,0.0,0.0,0.0,0
333,mixed,11,optical_fallback,0.0,0.0,0.0,0.0,0.0,0.0,0
333,mixed,11,certified_clear,3682.7814432021887,736.5562890000006,0.0,0.0,55.0,791.5562890000006,11
334,mixed,10,discovery,14635.43685783715,2927.087375000001,275.0,1450.0,0.0,4652.087375000001,290
334,mixed,10,active_localization,4348.253292478166,869.6506579999992,6.0,55.0,0.0,930.6506579999992,11
334,mixed,10,diagnostic,0.0,0.0,0.0,0.0,0.0,0.0,0
334,mixed,10,optical_fallback,0.0,0.0,0.0,0.0,0.0,0.0,0
334,mixed,10,certified_clear,2504.047967667008,500.8095929999993,0.0,0.0,50.0,550.8095929999993,10
335,mixed,13,discovery,17232.68280767632,3446.5365620000007,245.0,1305.0,0.0,4996.536562000001,261
335,mixed,13,active_localization,3079.395348571987,615.8790700000002,8.0,45.0,0.0,668.8790700000002,9
335,mixed,13,diagnostic,0.0,0.0,0.0,0.0,0.0,0.0,0
335,mixed,13,optical_fallback,0.0,0.0,0.0,0.0,0.0,0.0,0
335,mixed,13,certified_clear,4778.116583868436,955.6233169999989,0.0,0.0,65.0,1020.6233169999989,13
336,mixed,13,discovery,16077.397868854843,3215.4795779999995,239.0,1275.0,0.0,4729.4795779999995,255
336,mixed,13,active_localization,5444.056176384817,1088.8112359999998,10.0,90.0,0.0,1188.8112359999998,18
336,mixed,13,diagnostic,0.0,0.0,0.0,0.0,0.0,0.0,0
336,mixed,13,optical_fallback,0.0,0.0,0.0,0.0,0.0,0.0,0
336,mixed,13,certified_clear,2091.830585384022,418.3661180000008,0.0,0.0,65.0,483.3661180000008,13
337,mixed,10,discovery,16476.18522339605,3295.2370489999994,284.0,1495.0,0.0,5074.237048999999,299
337,mixed,10,active_localization,9208.865235424615,1841.7730470000006,10.0,95.0,0.0,1946.7730470000006,19
337,mixed,10,diagnostic,1467.156358313492,293.43127200000026,0.0,20.0,0.0,313.43127200000026,4
337,mixed,10,optical_fallback,322.3475927135624,64.46951899999931,0.0,0.0,29.0,93.46951899999931,9
337,mixed,10,certified_clear,1297.5083776166998,259.50167700000077,0.0,0.0,45.0,304.50167700000077,9
338,mixed,13,discovery,14375.856534948176,2875.1713099999997,204.0,1085.0,0.0,4164.17131,217
338,mixed,13,active_localization,4160.540100356203,832.108022000001,11.0,60.0,0.0,903.108022000001,12
338,mixed,13,diagnostic,0.0,0.0,0.0,0.0,0.0,0.0,0
338,mixed,13,optical_fallback,0.0,0.0,0.0,0.0,0.0,0.0,0
338,mixed,13,certified_clear,3110.787259450874,622.1574529999994,0.0,0.0,65.0,687.1574529999994,13
339,mixed,12,discovery,15353.638163508405,3070.7276349999997,279.0,1465.0,0.0,4814.727635,293
339,mixed,12,active_localization,8538.32273197354,1707.664545,8.0,55.0,0.0,1770.664545,11
339,mixed,12,diagnostic,0.0,0.0,0.0,0.0,0.0,0.0,0
339,mixed,12,optical_fallback,0.0,0.0,0.0,0.0,0.0,0.0,0
339,mixed,12,certified_clear,3300.6691402850456,660.1338299999998,0.0,0.0,60.0,720.1338299999998,12
340,mixed,16,discovery,6756.782830078034,1351.3565670000005,138.0,725.0,0.0,2214.3565670000007,145
340,mixed,16,active_localization,9127.670621753557,1825.5341230000006,11.0,85.0,0.0,1921.5341230000006,17
340,mixed,16,diagnostic,0.0,0.0,0.0,0.0,0.0,0.0,0
340,mixed,16,optical_fallback,0.0,0.0,0.0,0.0,0.0,0.0,0
340,mixed,16,certified_clear,3443.1088170781773,688.6217609999985,0.0,0.0,80.0,768.6217609999985,16
341,mixed,15,discovery,16487.926944275536,3297.5853910000014,268.0,1400.0,0.0,4965.585391000001,280
341,mixed,15,active_localization,8224.502281125368,1644.9004590000004,14.0,105.0,0.0,1763.9004590000004,21
341,mixed,15,diagnostic,0.0,0.0,0.0,0.0,0.0,0.0,0
341,mixed,15,optical_fallback,0.0,0.0,0.0,0.0,0.0,0.0,0
341,mixed,15,certified_clear,1506.1049190824265,301.220983999998,0.0,0.0,75.0,376.220983999998,15
342,mixed,11,discovery,14867.20417490813,2973.440836,273.0,1435.0,0.0,4681.440836,287
342,mixed,11,active_localization,5090.169520500598,1018.0339039999997,8.0,70.0,0.0,1096.0339039999997,14
342,mixed,11,diagnostic,0.0,0.0,0.0,0.0,0.0,0.0,0
342,mixed,11,optical_fallback,0.0,0.0,0.0,0.0,0.0,0.0,0
342,mixed,11,certified_clear,2374.337629052078,474.8675250000002,0.0,0.0,55.0,529.8675250000002,11
343,all_directional,14,discovery,14976.193664059572,2995.2387360000007,269.0,1410.0,0.0,4674.238736,282
343,all_directional,14,active_localization,9702.160213636684,1940.4320420000008,11.0,90.0,0.0,2041.4320420000008,18
343,all_directional,14,diagnostic,0.0,0.0,0.0,0.0,0.0,0.0,0
343,all_directional,14,optical_fallback,0.0,0.0,0.0,0.0,0.0,0.0,0
343,all_directional,14,certified_clear,4205.393731508234,841.0787459999984,0.0,0.0,70.0,911.0787459999984,14
344,mixed,14,discovery,14875.138023858639,2975.0276080000003,251.0,1315.0,0.0,4541.027608,263
344,mixed,14,active_localization,7258.936508298737,1451.7873000000009,9.0,80.0,0.0,1540.7873000000009,16
344,mixed,14,diagnostic,0.0,0.0,0.0,0.0,0.0,0.0,0
344,mixed,14,optical_fallback,0.0,0.0,0.0,0.0,0.0,0.0,0
344,mixed,14,certified_clear,3088.4082154935104,617.6816419999989,0.0,0.0,70.0,687.6816419999989,14
345,mixed,11,discovery,16656.835782454476,3331.36716,274.0,1440.0,0.0,5045.36716,288
345,mixed,11,active_localization,8361.444727264092,1672.2889440000006,6.0,65.0,0.0,1743.2889440000006,13
345,mixed,11,diagnostic,539.0132952722995,107.80265899999995,0.0,5.0,0.0,112.80265899999995,1
345,mixed,11,optical_fallback,0.0,0.0,0.0,0.0,0.0,0.0,0
345,mixed,11,certified_clear,2310.9802243732665,462.19604599999946,0.0,0.0,55.0,517.1960459999995,11
346,mixed,11,discovery,17690.176454515728,3538.0352940000007,237.0,1265.0,0.0,5040.035294,253
346,mixed,11,active_localization,5479.699501943952,1095.9399000000003,8.0,70.0,0.0,1173.9399000000003,14
346,mixed,11,diagnostic,0.0,0.0,0.0,0.0,0.0,0.0,0
346,mixed,11,optical_fallback,0.0,0.0,0.0,0.0,0.0,0.0,0
346,mixed,11,certified_clear,2630.0481343991573,526.0096269999991,0.0,0.0,55.0,581.0096269999991,11
347,mixed,16,discovery,10218.35673554614,2043.6713490000006,219.0,1145.0,0.0,3407.6713490000006,229
347,mixed,16,active_localization,8015.334828880746,1603.0669660000005,14.0,105.0,0.0,1722.0669660000005,21
347,mixed,16,diagnostic,0.0,0.0,0.0,0.0,0.0,0.0,0
347,mixed,16,optical_fallback,0.0,0.0,0.0,0.0,0.0,0.0,0
347,mixed,16,certified_clear,2539.977258706845,507.9954539999991,0.0,0.0,80.0,587.9954539999991,16
348,mixed,11,discovery,16055.764532733165,3211.1529109999983,307.0,1605.0,0.0,5123.152910999999,321
348,mixed,11,active_localization,4363.330708953678,872.6661420000021,8.0,75.0,0.0,955.6661420000021,15
348,mixed,11,diagnostic,1405.9725521807638,281.19451000000026,0.0,15.0,0.0,296.19451000000026,3
348,mixed,11,optical_fallback,0.0,0.0,0.0,0.0,0.0,0.0,0
348,mixed,11,certified_clear,4130.047508764984,826.0095019999994,0.0,0.0,55.0,881.0095019999994,11
349,mixed,11,discovery,16238.598092971086,3247.719622999999,241.0,1275.0,0.0,4763.719622999999,255
349,mixed,11,active_localization,4603.132747016581,920.62655,7.0,60.0,0.0,987.62655,12
349,mixed,11,diagnostic,0.0,0.0,0.0,0.0,0.0,0.0,0
349,mixed,11,optical_fallback,0.0,0.0,0.0,0.0,0.0,0.0,0
349,mixed,11,certified_clear,1769.021989963654,353.8043990000009,0.0,0.0,55.0,408.8043990000009,11
350,mixed,15,discovery,17114.739941177428,3422.94799,180.0,970.0,0.0,4572.947990000001,194
350,mixed,15,active_localization,4982.8332428132235,996.5666470000001,10.0,80.0,0.0,1086.566647,16
350,mixed,15,diagnostic,0.0,0.0,0.0,0.0,0.0,0.0,0
350,mixed,15,optical_fallback,0.0,0.0,0.0,0.0,0.0,0.0,0
350,mixed,15,certified_clear,4386.118478329436,877.2236969999993,0.0,0.0,75.0,952.2236969999993,15
351,mixed,13,discovery,15784.432645956555,3156.886534,219.0,1170.0,0.0,4545.886534,234
351,mixed,13,active_localization,7084.262424035371,1416.8524849999997,11.0,85.0,0.0,1512.8524849999997,17
351,mixed,13,diagnostic,0.0,0.0,0.0,0.0,0.0,0.0,0
351,mixed,13,optical_fallback,0.0,0.0,0.0,0.0,0.0,0.0,0
351,mixed,13,certified_clear,2936.390160679454,587.2780310000003,0.0,0.0,65.0,652.2780310000003,13
352,mixed,14,discovery,16148.157775068512,3229.6315580000014,189.0,1025.0,0.0,4443.631558000001,205
352,mixed,14,active_localization,3604.5930763098436,720.9186129999998,10.0,60.0,0.0,790.9186129999998,12
352,mixed,14,diagnostic,0.0,0.0,0.0,0.0,0.0,0.0,0
352,mixed,14,optical_fallback,0.0,0.0,0.0,0.0,0.0,0.0,0
352,mixed,14,certified_clear,2827.512864598255,565.5025719999988,0.0,0.0,70.0,635.5025719999988,14
353,mixed,12,discovery,15885.201324286065,3177.0402680000007,234.0,1250.0,0.0,4661.040268,250
353,mixed,12,active_localization,2996.099500539988,599.2198990000005,7.0,40.0,0.0,646.2198990000005,8
353,mixed,12,diagnostic,0.0,0.0,0.0,0.0,0.0,0.0,0
353,mixed,12,optical_fallback,0.0,0.0,0.0,0.0,0.0,0.0,0
353,mixed,12,certified_clear,2388.620891736205,477.7241769999993,0.0,0.0,60.0,537.7241769999994,12
354,mixed,13,discovery,15085.101488301658,3017.0203009999996,216.0,1155.0,0.0,4388.020301,231
354,mixed,13,active_localization,5110.959788965683,1022.1919579999987,8.0,50.0,0.0,1080.1919579999987,10
354,mixed,13,diagnostic,0.0,0.0,0.0,0.0,0.0,0.0,0
354,mixed,13,optical_fallback,0.0,0.0,0.0,0.0,0.0,0.0,0
354,mixed,13,certified_clear,4033.872586298877,806.7745170000011,0.0,0.0,65.0,871.7745170000011,13
355,mixed,14,discovery,17430.55728075789,3486.1114600000005,250.0,1325.0,0.0,5061.111460000001,265
355,mixed,14,active_localization,7553.402329636723,1510.680464,10.0,80.0,0.0,1600.680464,16
355,mixed,14,diagnostic,0.0,0.0,0.0,0.0,0.0,0.0,0
355,mixed,14,optical_fallback,0.0,0.0,0.0,0.0,0.0,0.0,0
355,mixed,14,certified_clear,2534.8876004640406,506.97752099999946,0.0,0.0,70.0,576.9775209999995,14
356,mixed,13,discovery,16088.158697511817,3217.631743,216.0,1155.0,0.0,4588.631742999999,231
356,mixed,13,active_localization,4896.002749938425,979.2005500000007,10.0,65.0,0.0,1054.2005500000007,13
356,mixed,13,diagnostic,0.0,0.0,0.0,0.0,0.0,0.0,0
356,mixed,13,optical_fallback,0.0,0.0,0.0,0.0,0.0,0.0,0
356,mixed,13,certified_clear,1870.239935689047,374.0479869999999,0.0,0.0,65.0,439.0479869999999,13
357,mixed,12,discovery,15213.357900154706,3042.6715839999997,216.0,1160.0,0.0,4418.671584,232
357,mixed,12,active_localization,5520.402540980179,1104.0805090000006,10.0,70.0,0.0,1184.0805090000006,14
357,mixed,12,diagnostic,0.0,0.0,0.0,0.0,0.0,0.0,0
357,mixed,12,optical_fallback,0.0,0.0,0.0,0.0,0.0,0.0,0
357,mixed,12,certified_clear,2713.129849269811,542.62597,0.0,0.0,60.0,602.62597,12
358,all_directional,12,discovery,16752.533405526203,3350.5066850000003,294.0,1545.0,0.0,5189.506685,309
358,all_directional,12,active_localization,7740.456680582916,1548.091335000001,10.0,100.0,0.0,1658.091335000001,20
358,all_directional,12,diagnostic,660.2080457871631,132.0416099999993,0.0,15.0,0.0,147.0416099999993,3
358,all_directional,12,optical_fallback,96.90911657392368,19.381823000000622,0.0,0.0,17.0,36.38182300000062,5
358,all_directional,12,certified_clear,3076.267239095929,615.2534479999986,0.0,0.0,55.0,670.2534479999986,11
359,mixed,14,discovery,14613.007837681364,2922.601569999999,244.0,1275.0,0.0,4441.601569999999,255
359,mixed,14,active_localization,8580.023226641411,1716.004648,10.0,115.0,0.0,1841.004648,23
359,mixed,14,diagnostic,0.0,0.0,0.0,0.0,0.0,0.0,0
359,mixed,14,optical_fallback,0.0,0.0,0.0,0.0,0.0,0.0,0
359,mixed,14,certified_clear,2550.977441667995,510.1954880000013,0.0,0.0,70.0,580.1954880000013,14
360,mixed,10,discovery,16920.731690508972,3384.1463400000007,277.0,1465.0,0.0,5126.14634,293
360,mixed,10,active_localization,4979.344852605745,995.8689719999991,7.0,65.0,0.0,1067.868971999999,13
360,mixed,10,diagnostic,0.0,0.0,0.0,0.0,0.0,0.0,0
360,mixed,10,optical_fallback,0.0,0.0,0.0,0.0,0.0,0.0,0
360,mixed,10,certified_clear,1408.9686223785402,281.7937260000007,0.0,0.0,50.0,331.7937260000007,10
361,mixed,10,discovery,16948.755845199245,3389.751171000002,284.0,1495.0,0.0,5168.751171000003,299
361,mixed,10,active_localization,5166.853811904698,1033.3707619999996,8.0,70.0,0.0,1111.3707619999996,14
361,mixed,10,diagnostic,0.0,0.0,0.0,0.0,0.0,0.0,0
361,mixed,10,optical_fallback,0.0,0.0,0.0,0.0,0.0,0.0,0
361,mixed,10,certified_clear,1564.040156021138,312.8080319999985,0.0,0.0,50.0,362.8080319999985,10
362,mixed,10,discovery,15938.514195803311,3187.702840000001,297.0,1555.0,0.0,5039.702840000001,311
362,mixed,10,active_localization,5842.9724826558895,1168.5944969999998,8.0,70.0,0.0,1246.5944969999998,14
362,mixed,10,diagnostic,348.5455252484159,69.70910499999991,0.0,5.0,0.0,74.70910499999991,1
362,mixed,10,optical_fallback,0.0,0.0,0.0,0.0,0.0,0.0,0
362,mixed,10,certified_clear,1824.5440579225121,364.9088109999997,0.0,0.0,50.0,414.9088109999997,10
363,mixed,16,discovery,12899.32328367129,2579.864657,201.0,1045.0,0.0,3825.8646570000005,209
363,mixed,16,active_localization,7801.791222819175,1560.3582409999985,12.0,105.0,0.0,1677.3582409999985,21
363,mixed,16,diagnostic,0.0,0.0,0.0,0.0,0.0,0.0,0
363,mixed,16,optical_fallback,0.0,0.0,0.0,0.0,0.0,0.0,0
363,mixed,16,certified_clear,2606.5985344699448,521.3197070000007,0.0,0.0,80.0,601.3197070000007,16
364,all_directional,10,discovery,17860.093819614525,3572.0187669999987,281.0,1475.0,0.0,5328.018766999999,295
364,all_directional,10,active_localization,4322.596191123103,864.5192390000007,8.0,75.0,0.0,947.5192390000007,15
364,all_directional,10,diagnostic,0.0,0.0,0.0,0.0,0.0,0.0,0
364,all_directional,10,optical_fallback,0.0,0.0,0.0,0.0,0.0,0.0,0
364,all_directional,10,certified_clear,2495.388580884001,499.0777160000001,0.0,0.0,50.0,549.0777160000001,10
365,all_directional,11,discovery,15627.741543794556,3125.5483130000002,293.0,1535.0,0.0,4953.548313,307
365,all_directional,11,active_localization,6263.257450492925,1252.6514909999996,10.0,90.0,0.0,1352.6514909999996,18
365,all_directional,11,diagnostic,0.0,0.0,0.0,0.0,0.0,0.0,0
365,all_directional,11,optical_fallback,0.0,0.0,0.0,0.0,0.0,0.0,0
365,all_directional,11,certified_clear,2338.05629716814,467.61125900000025,0.0,0.0,55.0,522.6112590000002,11
366,mixed,16,discovery,2561.571214159597,512.3142430000003,84.0,435.0,0.0,1031.3142430000003,87
366,mixed,16,active_localization,8330.644375488751,1666.1288729999999,16.0,95.0,0.0,1777.1288729999999,19
366,mixed,16,diagnostic,0.0,0.0,0.0,0.0,0.0,0.0,0
366,mixed,16,optical_fallback,0.0,0.0,0.0,0.0,0.0,0.0,0
366,mixed,16,certified_clear,2215.553301720605,443.11065899999977,0.0,0.0,80.0,523.1106589999997,16
367,mixed,11,discovery,16139.495645193321,3227.899133000001,285.0,1500.0,0.0,5012.899133000001,300
367,mixed,11,active_localization,4664.571879431418,932.9143759999997,8.0,50.0,0.0,990.9143759999997,10
367,mixed,11,diagnostic,0.0,0.0,0.0,0.0,0.0,0.0,0
367,mixed,11,optical_fallback,0.0,0.0,0.0,0.0,0.0,0.0,0
367,mixed,11,certified_clear,2180.91695500888,436.18339200000014,0.0,0.0,55.0,491.18339200000014,11
368,mixed,15,discovery,13852.264585681713,2770.452919999999,175.0,955.0,0.0,3900.452919999999,191
368,mixed,15,active_localization,4384.0048190405,876.8009630000001,9.0,60.0,0.0,945.8009630000001,12
368,mixed,15,diagnostic,0.0,0.0,0.0,0.0,0.0,0.0,0
368,mixed,15,optical_fallback,0.0,0.0,0.0,0.0,0.0,0.0,0
368,mixed,15,certified_clear,3810.1419993110485,762.0284000000008,0.0,0.0,75.0,837.0284000000008,15
369,mixed,16,discovery,9305.19784125059,1861.03957,163.0,850.0,0.0,2874.03957,170
369,mixed,16,active_localization,8417.381238046146,1683.4762489999994,13.0,90.0,0.0,1786.4762489999994,18
369,mixed,16,diagnostic,0.0,0.0,0.0,0.0,0.0,0.0,0
369,mixed,16,optical_fallback,0.0,0.0,0.0,0.0,0.0,0.0,0
369,mixed,16,certified_clear,3397.2742650457703,679.4548530000011,0.0,0.0,80.0,759.4548530000011,16
370,mixed,16,discovery,4444.148465199875,888.8296929999997,98.0,510.0,0.0,1496.8296929999997,102
370,mixed,16,active_localization,9316.039159971424,1863.207832,15.0,105.0,0.0,1983.207832,21
370,mixed,16,diagnostic,711.0731326663946,142.21462699999938,0.0,5.0,0.0,147.21462699999938,1
370,mixed,16,optical_fallback,0.0,0.0,0.0,0.0,0.0,0.0,0
370,mixed,16,certified_clear,3635.1581898184254,727.0316370000008,0.0,0.0,80.0,807.0316370000008,16
371,all_directional,12,discovery,16006.099571231875,3201.219916,270.0,1415.0,0.0,4886.219916,283
371,all_directional,12,active_localization,6938.304402440894,1387.6608799999995,8.0,85.0,0.0,1480.6608799999995,17
371,all_directional,12,diagnostic,201.54853174571542,40.309706000000006,0.0,5.0,0.0,45.309706000000006,1
371,all_directional,12,optical_fallback,0.0,0.0,0.0,0.0,0.0,0.0,0
371,all_directional,12,certified_clear,3507.2551961949493,701.4510390000007,0.0,0.0,60.0,761.4510390000007,12
372,mixed,13,discovery,14037.330931063436,2807.4661890000007,260.0,1365.0,0.0,4432.466189000001,273
372,mixed,13,active_localization,5299.853104085726,1059.9706199999991,9.0,65.0,0.0,1133.9706199999991,13
372,mixed,13,diagnostic,0.0,0.0,0.0,0.0,0.0,0.0,0
372,mixed,13,optical_fallback,0.0,0.0,0.0,0.0,0.0,0.0,0
372,mixed,13,certified_clear,4310.084064301041,862.0168140000003,0.0,0.0,65.0,927.0168140000003,13
373,mixed,15,discovery,16976.002401866775,3395.2004840000004,216.0,1140.0,0.0,4751.200484000001,228
373,mixed,15,active_localization,8442.040243298718,1688.4080499999995,11.0,80.0,0.0,1779.4080499999995,16
373,mixed,15,diagnostic,0.0,0.0,0.0,0.0,0.0,0.0,0
373,mixed,15,optical_fallback,0.0,0.0,0.0,0.0,0.0,0.0,0
373,mixed,15,certified_clear,3442.0453045629984,688.4090619999997,0.0,0.0,75.0,763.4090619999997,15
374,mixed,12,discovery,15332.825769729026,3066.5651579999994,223.0,1190.0,0.0,4479.565158,238
374,mixed,12,active_localization,5469.440915316216,1093.8881820000001,9.0,75.0,0.0,1177.8881820000001,15
374,mixed,12,diagnostic,0.0,0.0,0.0,0.0,0.0,0.0,0
374,mixed,12,optical_fallback,0.0,0.0,0.0,0.0,0.0,0.0,0
374,mixed,12,certified_clear,1916.047049948422,383.2094090000001,0.0,0.0,60.0,443.2094090000001,12
375,mixed,12,discovery,16921.4018859358,3384.2803800000006,259.0,1365.0,0.0,5008.28038,273
375,mixed,12,active_localization,5127.094136925333,1025.418826,8.0,70.0,0.0,1103.418826,14
375,mixed,12,diagnostic,0.0,0.0,0.0,0.0,0.0,0.0,0
375,mixed,12,optical_fallback,0.0,0.0,0.0,0.0,0.0,0.0,0
375,mixed,12,certified_clear,3269.95747371158,653.9914929999991,0.0,0.0,60.0,713.9914929999991,12
376,mixed,12,discovery,15272.75172148834,3054.550348,251.0,1325.0,0.0,4630.550348,265
376,mixed,12,active_localization,5983.427446227459,1196.6854890000004,9.0,85.0,0.0,1290.6854890000004,17
376,mixed,12,diagnostic,0.0,0.0,0.0,0.0,0.0,0.0,0
376,mixed,12,optical_fallback,0.0,0.0,0.0,0.0,0.0,0.0,0
376,mixed,12,certified_clear,1458.6443305310374,291.72886499999953,0.0,0.0,60.0,351.72886499999953,12
377,mixed,13,discovery,15582.76368786797,3116.5527409999995,213.0,1140.0,0.0,4469.5527409999995,228
377,mixed,13,active_localization,5124.179216146589,1024.8358439999997,9.0,60.0,0.0,1093.8358439999997,12
377,mixed,13,diagnostic,0.0,0.0,0.0,0.0,0.0,0.0,0
377,mixed,13,optical_fallback,0.0,0.0,0.0,0.0,0.0,0.0,0
377,mixed,13,certified_clear,3429.1825549963564,685.8365110000011,0.0,0.0,65.0,750.8365110000011,13
378,mixed,16,discovery,10908.884686176492,2181.7769400000006,180.0,940.0,0.0,3301.7769400000006,188
378,mixed,16,active_localization,9195.048911069596,1839.0097819999992,12.0,90.0,0.0,1941.0097819999992,18
378,mixed,16,diagnostic,0.0,0.0,0.0,0.0,0.0,0.0,0
378,mixed,16,optical_fallback,0.0,0.0,0.0,0.0,0.0,0.0,0
378,mixed,16,certified_clear,2737.9042820650393,547.5808580000003,0.0,0.0,80.0,627.5808580000003,16
379,mixed,15,discovery,15311.73057666858,3062.3461159999997,211.0,1125.0,0.0,4398.346116,225
379,mixed,15,active_localization,6317.764562207462,1263.5529139999996,9.0,90.0,0.0,1362.5529139999996,18
379,mixed,15,diagnostic,1642.8884847209588,328.57769700000017,0.0,20.0,0.0,348.57769700000017,4
379,mixed,15,optical_fallback,0.0,0.0,0.0,0.0,0.0,0.0,0
379,mixed,15,certified_clear,5634.908788279092,1126.9817560000006,0.0,0.0,75.0,1201.9817560000006,15
380,mixed,12,discovery,18951.57902844156,3790.31581,246.0,1305.0,0.0,5341.31581,261
380,mixed,12,active_localization,4068.828842643703,813.7657690000008,10.0,65.0,0.0,888.7657690000008,13
380,mixed,12,diagnostic,0.0,0.0,0.0,0.0,0.0,0.0,0
380,mixed,12,optical_fallback,0.0,0.0,0.0,0.0,0.0,0.0,0
380,mixed,12,certified_clear,3175.0728750429985,635.0145739999995,0.0,0.0,60.0,695.0145739999995,12
381,mixed,14,discovery,15700.162055168028,3140.032416000001,201.0,1080.0,0.0,4421.032416000001,216
381,mixed,14,active_localization,5163.5002788651545,1032.700056,9.0,50.0,0.0,1091.700056,10
381,mixed,14,diagnostic,0.0,0.0,0.0,0.0,0.0,0.0,0
381,mixed,14,optical_fallback,0.0,0.0,0.0,0.0,0.0,0.0,0
381,mixed,14,certified_clear,4553.793911344086,910.7587829999991,0.0,0.0,70.0,980.7587829999991,14
382,all_directional,15,discovery,16607.551886488818,3321.5103820000004,225.0,1200.0,0.0,4746.510382,240
382,all_directional,15,active_localization,9384.058835075482,1876.8117669999986,11.0,105.0,0.0,1992.8117669999986,21
382,all_directional,15,diagnostic,0.0,0.0,0.0,0.0,0.0,0.0,0
382,all_directional,15,optical_fallback,0.0,0.0,0.0,0.0,0.0,0.0,0
382,all_directional,15,certified_clear,2368.515463321105,473.70309300000076,0.0,0.0,75.0,548.7030930000008,15
383,mixed,10,discovery,16333.28685057908,3266.657375000001,287.0,1510.0,0.0,5063.657375000002,302
383,mixed,10,active_localization,6855.410648733094,1371.0821290000001,8.0,60.0,0.0,1439.0821290000001,12
383,mixed,10,diagnostic,0.0,0.0,0.0,0.0,0.0,0.0,0
383,mixed,10,optical_fallback,0.0,0.0,0.0,0.0,0.0,0.0,0
383,mixed,10,certified_clear,1224.9784190851456,244.9956839999984,0.0,0.0,50.0,294.9956839999984,10
384,all_directional,16,discovery,12395.391253795107,2479.078250999999,241.0,1255.0,0.0,3975.0782509999995,251
384,all_directional,16,active_localization,7900.964064783217,1580.1928110000003,13.0,105.0,0.0,1698.1928110000003,21
384,all_directional,16,diagnostic,0.0,0.0,0.0,0.0,0.0,0.0,0
384,all_directional,16,optical_fallback,0.0,0.0,0.0,0.0,0.0,0.0,0
384,all_directional,16,certified_clear,3472.085285875513,694.4170570000008,0.0,0.0,80.0,774.4170570000008,16
385,mixed,10,discovery,16526.615751201214,3305.323155,278.0,1455.0,0.0,5038.323155,291
385,mixed,10,active_localization,7920.91483603064,1584.1829670000002,10.0,85.0,0.0,1679.1829670000002,17
385,mixed,10,diagnostic,0.0,0.0,0.0,0.0,0.0,0.0,0
385,mixed,10,optical_fallback,0.0,0.0,0.0,0.0,0.0,0.0,0
385,mixed,10,certified_clear,1110.2438483091166,222.04876899999977,0.0,0.0,50.0,272.04876899999977,10
386,mixed,14,discovery,15145.593666146724,3029.118735000001,229.0,1220.0,0.0,4478.118735000001,244
386,mixed,14,active_localization,3674.3038143204803,734.8607639999997,7.0,60.0,0.0,801.8607639999997,12
386,mixed,14,diagnostic,0.0,0.0,0.0,0.0,0.0,0.0,0
386,mixed,14,optical_fallback,0.0,0.0,0.0,0.0,0.0,0.0,0
386,mixed,14,certified_clear,4077.7936562166037,815.5587309999999,0.0,0.0,70.0,885.5587309999999,14
387,mixed,13,discovery,15488.481505368283,3097.6963030000006,258.0,1355.0,0.0,4710.696303000001,271
387,mixed,13,active_localization,5139.566754969866,1027.9133519999991,10.0,75.0,0.0,1112.9133519999991,15
387,mixed,13,diagnostic,0.0,0.0,0.0,0.0,0.0,0.0,0
387,mixed,13,optical_fallback,0.0,0.0,0.0,0.0,0.0,0.0,0
387,mixed,13,certified_clear,4776.598379527764,955.3196760000006,0.0,0.0,65.0,1020.3196760000006,13
388,mixed,11,discovery,14518.760854092536,2903.752174000001,316.0,1650.0,0.0,4869.752174000001,330
388,mixed,11,active_localization,5595.681005800237,1119.136200999999,7.0,50.0,0.0,1176.136200999999,10
388,mixed,11,diagnostic,0.0,0.0,0.0,0.0,0.0,0.0,0
388,mixed,11,optical_fallback,0.0,0.0,0.0,0.0,0.0,0.0,0
388,mixed,11,certified_clear,3910.222192577232,782.0444370000001,0.0,0.0,55.0,837.0444370000001,11
389,mixed,10,discovery,17328.99472157563,3465.798947,297.0,1550.0,0.0,5312.798946999999,310
389,mixed,10,active_localization,7742.72942683756,1548.5458829999989,10.0,90.0,0.0,1648.5458829999989,18
389,mixed,10,diagnostic,858.8477128745338,171.769542,0.0,10.0,0.0,181.769542,2
389,mixed,10,optical_fallback,0.0,0.0,0.0,0.0,0.0,0.0,0
389,mixed,10,certified_clear,877.9478629058681,175.589572000001,0.0,0.0,50.0,225.589572000001,10
390,mixed,16,discovery,5080.606683982351,1016.1213379999992,132.0,685.0,0.0,1833.1213379999995,137
390,mixed,16,active_localization,8417.009463392267,1683.4018919999999,12.0,100.0,0.0,1795.4018919999999,20
390,mixed,16,diagnostic,0.0,0.0,0.0,0.0,0.0,0.0,0
390,mixed,16,optical_fallback,0.0,0.0,0.0,0.0,0.0,0.0,0
390,mixed,16,certified_clear,3963.019504986345,792.6039020000005,0.0,0.0,80.0,872.6039020000005,16
391,mixed,10,discovery,17378.822338541115,3475.764472,311.0,1630.0,0.0,5416.764472,326
391,mixed,10,active_localization,5079.891293286233,1015.9782579999987,9.0,65.0,0.0,1089.9782579999987,13
391,mixed,10,diagnostic,1214.0732832882634,242.8146569999999,0.0,10.0,0.0,252.8146569999999,2
391,mixed,10,optical_fallback,0.0,0.0,0.0,0.0,0.0,0.0,0
391,mixed,10,certified_clear,2788.38699546023,557.6773990000016,0.0,0.0,50.0,607.6773990000016,10
392,mixed,10,discovery,16173.880813887845,3234.776167,270.0,1430.0,0.0,4934.776167,286
392,mixed,10,active_localization,4929.0418571576,985.8083680000002,8.0,80.0,0.0,1073.8083680000002,16
392,mixed,10,diagnostic,1274.3480883275442,254.86961800000006,0.0,15.0,0.0,269.86961800000006,3
392,mixed,10,optical_fallback,0.0,0.0,0.0,0.0,0.0,0.0,0
392,mixed,10,certified_clear,1992.1626799957317,398.43253499999946,0.0,0.0,50.0,448.43253499999946,10
393,mixed,14,discovery,13303.357732487148,2660.6715489999992,265.0,1390.0,0.0,4315.671548999999,278
393,mixed,14,active_localization,4994.738976131716,998.9477949999989,6.0,55.0,0.0,1059.947794999999,11
393,mixed,14,diagnostic,0.0,0.0,0.0,0.0,0.0,0.0,0
393,mixed,14,optical_fallback,0.0,0.0,0.0,0.0,0.0,0.0,0
393,mixed,14,certified_clear,4374.662559789895,874.9325140000016,0.0,0.0,70.0,944.9325140000016,14
394,mixed,15,discovery,14806.556240740454,2961.3112510000005,191.0,1035.0,0.0,4187.311251000001,207
394,mixed,15,active_localization,4708.518718926756,941.7037440000008,9.0,60.0,0.0,1010.7037440000008,12
394,mixed,15,diagnostic,0.0,0.0,0.0,0.0,0.0,0.0,0
394,mixed,15,optical_fallback,0.0,0.0,0.0,0.0,0.0,0.0,0
394,mixed,15,certified_clear,5167.276509639052,1033.4553019999985,0.0,0.0,75.0,1108.4553019999985,15
395,mixed,15,discovery,15011.400629518235,3002.280127,236.0,1250.0,0.0,4488.280127,250
395,mixed,15,active_localization,4668.107079498158,933.6214149999996,9.0,65.0,0.0,1007.6214149999996,13
395,mixed,15,diagnostic,0.0,0.0,0.0,0.0,0.0,0.0,0
395,mixed,15,optical_fallback,0.0,0.0,0.0,0.0,0.0,0.0,0
395,mixed,15,certified_clear,4959.145833383218,991.8291680000002,0.0,0.0,75.0,1066.8291680000002,15
396,mixed,11,discovery,15742.832072526686,3148.566418,244.0,1295.0,0.0,4687.566417999999,259
396,mixed,11,active_localization,4238.487430473544,847.6974850000005,10.0,65.0,0.0,922.6974850000005,13
396,mixed,11,diagnostic,0.0,0.0,0.0,0.0,0.0,0.0,0
396,mixed,11,optical_fallback,0.0,0.0,0.0,0.0,0.0,0.0,0
396,mixed,11,certified_clear,1777.793623065046,355.5587229999997,0.0,0.0,55.0,410.5587229999997,11
397,mixed,13,discovery,15821.15094437893,3164.230192,240.0,1280.0,0.0,4684.230192,256
397,mixed,13,active_localization,4936.432715430678,987.286541000001,11.0,80.0,0.0,1078.2865410000009,16
397,mixed,13,diagnostic,0.0,0.0,0.0,0.0,0.0,0.0,0
397,mixed,13,optical_fallback,0.0,0.0,0.0,0.0,0.0,0.0,0
397,mixed,13,certified_clear,2727.4117378880055,545.4823479999991,0.0,0.0,65.0,610.4823479999991,13
398,mixed,15,discovery,17936.503335531124,3587.3006720000003,210.0,1125.0,0.0,4922.300672,225
398,mixed,15,active_localization,8109.53567018886,1621.9071329999992,13.0,105.0,0.0,1739.9071329999992,21
398,mixed,15,diagnostic,330.5223667940898,66.10447299999998,0.0,10.0,0.0,76.10447299999998,2
398,mixed,15,optical_fallback,0.0,0.0,0.0,0.0,0.0,0.0,0
398,mixed,15,certified_clear,1956.7295336948728,391.34590800000035,0.0,0.0,75.0,466.34590800000035,15
399,mixed,12,discovery,17612.192863198536,3522.4385760000005,253.0,1335.0,0.0,5110.4385760000005,267
399,mixed,12,active_localization,4738.868386275344,947.7736759999991,10.0,60.0,0.0,1017.7736759999991,12
399,mixed,12,diagnostic,0.0,0.0,0.0,0.0,0.0,0.0,0
399,mixed,12,optical_fallback,0.0,0.0,0.0,0.0,0.0,0.0,0
399,mixed,12,certified_clear,1843.6080027531168,368.7216010000009,0.0,0.0,60.0,428.7216010000009,12
400,mixed,13,discovery,18007.69160304037,3601.5383250000014,259.0,1370.0,0.0,5230.538325000001,274
400,mixed,13,active_localization,5498.114426758238,1099.6228850000002,8.0,55.0,0.0,1162.6228850000002,11
400,mixed,13,diagnostic,0.0,0.0,0.0,0.0,0.0,0.0,0
400,mixed,13,optical_fallback,0.0,0.0,0.0,0.0,0.0,0.0,0
400,mixed,13,certified_clear,3610.4715924998663,722.0943169999987,0.0,0.0,65.0,787.0943169999987,13
401,mixed,15,discovery,13628.701252314868,2725.740253,212.0,1115.0,0.0,4052.740253,223
401,mixed,15,active_localization,9229.678969169654,1845.9357920000007,12.0,95.0,0.0,1952.9357920000007,19
401,mixed,15,diagnostic,0.0,0.0,0.0,0.0,0.0,0.0,0
401,mixed,15,optical_fallback,0.0,0.0,0.0,0.0,0.0,0.0,0
401,mixed,15,certified_clear,1864.3991720804795,372.8798319999993,0.0,0.0,75.0,447.8798319999993,15
402,all_directional,15,discovery,17351.41773315935,3470.283549999999,225.0,1190.0,0.0,4885.283549999999,238
402,all_directional,15,active_localization,4859.240080140038,971.8480150000009,12.0,75.0,0.0,1058.848015000001,15
402,all_directional,15,diagnostic,0.0,0.0,0.0,0.0,0.0,0.0,0
402,all_directional,15,optical_fallback,0.0,0.0,0.0,0.0,0.0,0.0,0
402,all_directional,15,certified_clear,2520.4735773835837,504.0947169999994,0.0,0.0,75.0,579.0947169999994,15
403,mixed,13,discovery,15973.313595174257,3194.662722000001,306.0,1595.0,0.0,5095.662722000001,319
403,mixed,13,active_localization,9574.888493455877,1914.9776979999992,12.0,105.0,0.0,2031.9776979999992,21
403,mixed,13,diagnostic,0.0,0.0,0.0,0.0,0.0,0.0,0
403,mixed,13,optical_fallback,0.0,0.0,0.0,0.0,0.0,0.0,0
403,mixed,13,certified_clear,993.8900581083008,198.77801200000022,0.0,0.0,65.0,263.7780120000002,13
404,mixed,15,discovery,12701.626863223291,2540.3253750000003,205.0,1090.0,0.0,3835.3253750000003,218
404,mixed,15,active_localization,5516.745415180399,1103.349084,10.0,60.0,0.0,1173.349084,12
404,mixed,15,diagnostic,0.0,0.0,0.0,0.0,0.0,0.0,0
404,mixed,15,optical_fallback,0.0,0.0,0.0,0.0,0.0,0.0,0
404,mixed,15,certified_clear,3295.6484601183192,659.1296909999999,0.0,0.0,75.0,734.1296909999999,15
405,mixed,15,discovery,15763.330536233068,3152.6661090000016,252.0,1315.0,0.0,4719.666109000002,263
405,mixed,15,active_localization,7141.559123585328,1428.3118219999997,13.0,90.0,0.0,1531.3118219999997,18
405,mixed,15,diagnostic,0.0,0.0,0.0,0.0,0.0,0.0,0
405,mixed,15,optical_fallback,0.0,0.0,0.0,0.0,0.0,0.0,0
405,mixed,15,certified_clear,2208.785123920274,441.7570239999985,0.0,0.0,75.0,516.7570239999985,15
406,mixed,16,discovery,3787.7600234751126,757.5520030000002,117.0,605.0,0.0,1479.5520030000002,121
406,mixed,16,active_localization,10176.901238915183,2035.3802479999995,14.0,100.0,0.0,2149.3802479999995,20
406,mixed,16,diagnostic,0.0,0.0,0.0,0.0,0.0,0.0,0
406,mixed,16,optical_fallback,0.0,0.0,0.0,0.0,0.0,0.0,0
406,mixed,16,certified_clear,2023.3265867657824,404.66531700000036,0.0,0.0,80.0,484.66531700000036,16
407,mixed,14,discovery,17251.69213563583,3450.3384290000013,193.0,1050.0,0.0,4693.338429000001,210
407,mixed,14,active_localization,4962.667095531854,992.5334180000003,9.0,50.0,0.0,1051.5334180000004,10
407,mixed,14,diagnostic,0.0,0.0,0.0,0.0,0.0,0.0,0
407,mixed,14,optical_fallback,0.0,0.0,0.0,0.0,0.0,0.0,0
407,mixed,14,certified_clear,4551.891237442313,910.3782469999987,0.0,0.0,70.0,980.3782469999987,14
408,mixed,12,discovery,16051.64391046282,3210.3287850000006,238.0,1265.0,0.0,4713.328785000001,253
408,mixed,12,active_localization,5181.663905672707,1036.332782,8.0,55.0,0.0,1099.332782,11
408,mixed,12,diagnostic,0.0,0.0,0.0,0.0,0.0,0.0,0
408,mixed,12,optical_fallback,0.0,0.0,0.0,0.0,0.0,0.0,0
408,mixed,12,certified_clear,3134.474186845047,626.8948379999996,0.0,0.0,60.0,686.8948379999996,12
409,mixed,10,discovery,17307.165171663033,3461.433039999999,253.0,1340.0,0.0,5054.433039999999,268
409,mixed,10,active_localization,3287.770708358112,657.554142,7.0,40.0,0.0,704.554142,8
409,mixed,10,diagnostic,0.0,0.0,0.0,0.0,0.0,0.0,0
409,mixed,10,optical_fallback,0.0,0.0,0.0,0.0,0.0,0.0,0
409,mixed,10,certified_clear,2858.8771850059666,571.7754370000009,0.0,0.0,50.0,621.7754370000009,10
410,all_directional,16,discovery,8341.411917056672,1668.2823859999996,173.0,900.0,0.0,2741.2823859999994,180
410,all_directional,16,active_localization,7215.97465732234,1443.1949320000012,12.0,95.0,0.0,1550.1949320000012,19
410,all_directional,16,diagnostic,0.0,0.0,0.0,0.0,0.0,0.0,0
410,all_directional,16,optical_fallback,0.0,0.0,0.0,0.0,0.0,0.0,0
410,all_directional,16,certified_clear,2368.0725574804574,473.6145119999995,0.0,0.0,80.0,553.6145119999994,16
411,mixed,10,discovery,17023.833420637064,3404.766688999999,266.0,1405.0,0.0,5075.766689,281
411,mixed,10,active_localization,4777.220367126659,955.4440730000003,9.0,70.0,0.0,1034.4440730000003,14
411,mixed,10,diagnostic,0.0,0.0,0.0,0.0,0.0,0.0,0
411,mixed,10,optical_fallback,0.0,0.0,0.0,0.0,0.0,0.0,0
411,mixed,10,certified_clear,1603.0260111947634,320.60520200000065,0.0,0.0,50.0,370.60520200000065,10
412,mixed,13,discovery,15058.099628382824,3011.61993,216.0,1150.0,0.0,4377.61993,230
412,mixed,13,active_localization,4788.585191208757,957.7170360000007,9.0,55.0,0.0,1021.7170360000007,11
412,mixed,13,diagnostic,0.0,0.0,0.0,0.0,0.0,0.0,0
412,mixed,13,optical_fallback,0.0,0.0,0.0,0.0,0.0,0.0,0
412,mixed,13,certified_clear,2862.825355946297,572.5650699999997,0.0,0.0,65.0,637.5650699999997,13
413,mixed,12,discovery,15822.847454481705,3164.5694929999995,252.0,1335.0,0.0,4751.569492999999,267
413,mixed,12,active_localization,4060.8251213136014,812.165027,8.0,70.0,0.0,890.165027,14
413,mixed,12,diagnostic,0.0,0.0,0.0,0.0,0.0,0.0,0
413,mixed,12,optical_fallback,0.0,0.0,0.0,0.0,0.0,0.0,0
413,mixed,12,certified_clear,2577.6663792440313,515.5332750000001,0.0,0.0,60.0,575.5332750000001,12
414,mixed,11,discovery,14622.173137593123,2924.434629999999,283.0,1490.0,0.0,4697.434629999999,298
414,mixed,11,active_localization,4711.6049359700155,942.3209870000003,6.0,45.0,0.0,993.3209870000003,9
414,mixed,11,diagnostic,0.0,0.0,0.0,0.0,0.0,0.0,0
414,mixed,11,optical_fallback,0.0,0.0,0.0,0.0,0.0,0.0,0
414,mixed,11,certified_clear,4488.236065132291,897.6472120000005,0.0,0.0,55.0,952.6472120000005,11
415,all_directional,13,discovery,16416.224820602038,3283.2449659999993,271.0,1415.0,0.0,4969.244965999999,283
415,all_directional,13,active_localization,6951.651988002207,1390.3303969999993,9.0,80.0,0.0,1479.3303969999993,16
415,all_directional,13,diagnostic,0.0,0.0,0.0,0.0,0.0,0.0,0
415,all_directional,13,optical_fallback,0.0,0.0,0.0,0.0,0.0,0.0,0
415,all_directional,13,certified_clear,2822.177122593611,564.4354240000016,0.0,0.0,65.0,629.4354240000016,13
416,mixed,15,discovery,15577.386179774467,3115.477239,223.0,1170.0,0.0,4508.477239,234
416,mixed,15,active_localization,7343.184915104063,1468.636982999999,11.0,110.0,0.0,1589.636982999999,22
416,mixed,15,diagnostic,0.0,0.0,0.0,0.0,0.0,0.0,0
416,mixed,15,optical_fallback,0.0,0.0,0.0,0.0,0.0,0.0,0
416,mixed,15,certified_clear,2096.0777482842964,419.21554900000075,0.0,0.0,75.0,494.21554900000075,15
417,mixed,15,discovery,14244.479646983667,2848.895931000001,238.0,1255.0,0.0,4341.895931000002,251
417,mixed,15,active_localization,3797.1496853034905,759.4299360000009,5.0,45.0,0.0,809.4299360000009,9
417,mixed,15,diagnostic,0.0,0.0,0.0,0.0,0.0,0.0,0
417,mixed,15,optical_fallback,0.0,0.0,0.0,0.0,0.0,0.0,0
417,mixed,15,certified_clear,4118.771826112964,823.754363999998,0.0,0.0,75.0,898.754363999998,15
418,mixed,15,discovery,16988.916491261913,3397.783302999999,234.0,1240.0,0.0,4871.783302999999,248
418,mixed,15,active_localization,9711.099513326151,1942.2199010000008,10.0,90.0,0.0,2042.2199010000008,18
418,mixed,15,diagnostic,315.16999039780876,63.03399800000011,0.0,10.0,0.0,73.03399800000011,2
418,mixed,15,optical_fallback,0.0,0.0,0.0,0.0,0.0,0.0,0
418,mixed,15,certified_clear,4109.828076690422,821.9656160000001,0.0,0.0,75.0,896.9656160000001,15
419,mixed,12,discovery,15957.347611179486,3191.4695249999995,272.0,1420.0,0.0,4883.469524999999,284
419,mixed,12,active_localization,8117.357590491412,1623.4715199999991,12.0,100.0,0.0,1735.4715199999991,20
419,mixed,12,diagnostic,0.0,0.0,0.0,0.0,0.0,0.0,0
419,mixed,12,optical_fallback,0.0,0.0,0.0,0.0,0.0,0.0,0
419,mixed,12,certified_clear,1239.174061302331,247.8348100000013,0.0,0.0,60.0,307.8348100000013,12
420,mixed,13,discovery,16468.724322066988,3293.7448690000006,233.0,1240.0,0.0,4766.744869000001,248
420,mixed,13,active_localization,10507.20104780544,2101.440208,13.0,125.0,0.0,2239.440208,25
420,mixed,13,diagnostic,702.3782288057118,140.47564499999953,0.0,10.0,0.0,150.47564499999953,2
420,mixed,13,optical_fallback,0.0,0.0,0.0,0.0,0.0,0.0,0
420,mixed,13,certified_clear,499.7773158293476,99.95546400000018,0.0,0.0,65.0,164.95546400000018,13
421,all_directional,13,discovery,15827.052803473098,3165.410562000001,323.0,1670.0,0.0,5158.410562000001,334
421,all_directional,13,active_localization,5878.50863724285,1175.7017269999997,8.0,65.0,0.0,1248.7017269999997,13
421,all_directional,13,diagnostic,0.0,0.0,0.0,0.0,0.0,0.0,0
421,all_directional,13,optical_fallback,0.0,0.0,0.0,0.0,0.0,0.0,0
421,all_directional,13,certified_clear,3029.361864800716,605.8723719999998,0.0,0.0,65.0,670.8723719999998,13
422,mixed,15,discovery,14456.851137568594,2891.37023,231.0,1230.0,0.0,4352.37023,246
422,mixed,15,active_localization,5061.335014058677,1012.2670030000011,10.0,65.0,0.0,1087.267003000001,13
422,mixed,15,diagnostic,0.0,0.0,0.0,0.0,0.0,0.0,0
422,mixed,15,optical_fallback,0.0,0.0,0.0,0.0,0.0,0.0,0
422,mixed,15,certified_clear,3204.239070666005,640.8478139999991,0.0,0.0,75.0,715.8478139999991,15
423,mixed,13,discovery,17097.92534988824,3419.5850729999997,253.0,1320.0,0.0,4992.585072999999,264
423,mixed,13,active_localization,9543.659478089907,1908.7318939999993,13.0,95.0,0.0,2016.7318939999993,19
423,mixed,13,diagnostic,0.0,0.0,0.0,0.0,0.0,0.0,0
423,mixed,13,optical_fallback,0.0,0.0,0.0,0.0,0.0,0.0,0
423,mixed,13,certified_clear,2096.672751937817,419.33455200000105,0.0,0.0,65.0,484.33455200000105,13
424,mixed,10,discovery,17449.244309713726,3489.8488670000006,242.0,1290.0,0.0,5021.848867000001,258
424,mixed,10,active_localization,2725.749275587002,545.1498549999993,8.0,50.0,0.0,603.1498549999993,10
424,mixed,10,diagnostic,0.0,0.0,0.0,0.0,0.0,0.0,0
424,mixed,10,optical_fallback,0.0,0.0,0.0,0.0,0.0,0.0,0
424,mixed,10,certified_clear,2591.4593653299034,518.291874,0.0,0.0,50.0,568.291874,10
425,mixed,12,discovery,16145.079916614699,3229.0159879999997,273.0,1435.0,0.0,4937.015988,287
425,mixed,12,active_localization,4571.03107255121,914.2062150000006,8.0,40.0,0.0,962.2062150000006,8
425,mixed,12,diagnostic,0.0,0.0,0.0,0.0,0.0,0.0,0
425,mixed,12,optical_fallback,0.0,0.0,0.0,0.0,0.0,0.0,0
425,mixed,12,certified_clear,2592.2001250702733,518.4400259999993,0.0,0.0,60.0,578.4400259999993,12
426,mixed,11,discovery,15439.763660627266,3087.9527370000005,284.0,1495.0,0.0,4866.952737,299
426,mixed,11,active_localization,3846.616115806248,769.3232210000001,10.0,70.0,0.0,849.3232210000001,14
426,mixed,11,diagnostic,0.0,0.0,0.0,0.0,0.0,0.0,0
426,mixed,11,optical_fallback,0.0,0.0,0.0,0.0,0.0,0.0,0
426,mixed,11,certified_clear,2635.5257868658555,527.105157999999,0.0,0.0,55.0,582.105157999999,11
427,mixed,15,discovery,14526.474481456915,2905.2948969999998,249.0,1300.0,0.0,4454.294897,260
427,mixed,15,active_localization,7659.917152498514,1531.9834310000008,12.0,95.0,0.0,1638.9834310000008,19
427,mixed,15,diagnostic,0.0,0.0,0.0,0.0,0.0,0.0,0
427,mixed,15,optical_fallback,0.0,0.0,0.0,0.0,0.0,0.0,0
427,mixed,15,certified_clear,4663.82360597139,932.7647239999991,0.0,0.0,75.0,1007.7647239999991,15
428,mixed,15,discovery,14564.01562006901,2912.803128,187.0,1010.0,0.0,4109.803128,202
428,mixed,15,active_localization,5463.574392560375,1092.7148790000008,12.0,80.0,0.0,1184.7148790000008,16
428,mixed,15,diagnostic,0.0,0.0,0.0,0.0,0.0,0.0,0
428,mixed,15,optical_fallback,0.0,0.0,0.0,0.0,0.0,0.0,0
428,mixed,15,certified_clear,3827.851404231321,765.570282999999,0.0,0.0,75.0,840.570282999999,15
429,mixed,12,discovery,16135.973528536739,3227.194708000001,240.0,1275.0,0.0,4742.194708000001,255
429,mixed,12,active_localization,4519.14430188558,903.8288599999996,6.0,65.0,0.0,974.8288599999996,13
429,mixed,12,diagnostic,948.8526589900903,189.770532,0.0,10.0,0.0,199.770532,2
429,mixed,12,optical_fallback,0.0,0.0,0.0,0.0,0.0,0.0,0
429,mixed,12,certified_clear,3435.748878394187,687.1497749999996,0.0,0.0,60.0,747.1497749999996,12
430,mixed,15,discovery,15930.826929537856,3186.1653909999986,208.0,1110.0,0.0,4504.165390999999,222
430,mixed,15,active_localization,7551.446265094079,1510.289254000001,10.0,80.0,0.0,1600.289254000001,16
430,mixed,15,diagnostic,1079.2866490757058,215.85732999999982,0.0,10.0,0.0,225.85732999999982,2
430,mixed,15,optical_fallback,0.0,0.0,0.0,0.0,0.0,0.0,0
430,mixed,15,certified_clear,2397.0615489267284,479.4123090000006,0.0,0.0,75.0,554.4123090000006,15
431,mixed,13,discovery,15804.266424588484,3160.853288,284.0,1495.0,0.0,4939.853287999999,299
431,mixed,13,active_localization,6766.819055594407,1353.3638110000002,10.0,75.0,0.0,1438.3638110000002,15
431,mixed,13,diagnostic,0.0,0.0,0.0,0.0,0.0,0.0,0
431,mixed,13,optical_fallback,0.0,0.0,0.0,0.0,0.0,0.0,0
431,mixed,13,certified_clear,2463.8820206920213,492.7764060000006,0.0,0.0,65.0,557.7764060000006,13
432,all_directional,12,discovery,15222.756086901818,3044.5512190000004,268.0,1400.0,0.0,4712.551219000001,280
432,all_directional,12,active_localization,6742.791063314948,1348.5582119999988,10.0,70.0,0.0,1428.5582119999988,14
432,all_directional,12,diagnostic,0.0,0.0,0.0,0.0,0.0,0.0,0
432,all_directional,12,optical_fallback,0.0,0.0,0.0,0.0,0.0,0.0,0
432,all_directional,12,certified_clear,2025.3695761508052,405.0739150000006,0.0,0.0,60.0,465.0739150000006,12
433,mixed,15,discovery,15904.354838586694,3180.8709719999997,240.0,1260.0,0.0,4680.870972,252
433,mixed,15,active_localization,6914.781069071877,1382.956215,13.0,105.0,0.0,1500.956215,21
433,mixed,15,diagnostic,0.0,0.0,0.0,0.0,0.0,0.0,0
433,mixed,15,optical_fallback,0.0,0.0,0.0,0.0,0.0,0.0,0
433,mixed,15,certified_clear,1931.9956280709944,386.39912500000025,0.0,0.0,75.0,461.39912500000025,15
434,mixed,13,discovery,15690.380921965765,3138.0761869999997,283.0,1485.0,0.0,4906.076187,297
434,mixed,13,active_localization,7632.486058177964,1526.497211999999,9.0,90.0,0.0,1625.497211999999,18
434,mixed,13,diagnostic,0.0,0.0,0.0,0.0,0.0,0.0,0
434,mixed,13,optical_fallback,0.0,0.0,0.0,0.0,0.0,0.0,0
434,mixed,13,certified_clear,2267.699574158898,453.53991600000063,0.0,0.0,65.0,518.5399160000006,13
435,mixed,16,discovery,6437.899987695601,1287.5799990000003,138.0,715.0,0.0,2140.5799990000005,143
435,mixed,16,active_localization,9112.721455679213,1822.5442900000005,13.0,100.0,0.0,1935.5442900000005,20
435,mixed,16,diagnostic,0.0,0.0,0.0,0.0,0.0,0.0,0
435,mixed,16,optical_fallback,0.0,0.0,0.0,0.0,0.0,0.0,0
435,mixed,16,certified_clear,2685.6267492639145,537.1253479999992,0.0,0.0,80.0,617.1253479999992,16
436,mixed,11,discovery,17932.815977238617,3586.563198,268.0,1415.0,0.0,5269.563198,283
436,mixed,11,active_localization,5708.940910457214,1141.7881829999997,7.0,70.0,0.0,1218.7881829999997,14
436,mixed,11,diagnostic,0.0,0.0,0.0,0.0,0.0,0.0,0
436,mixed,11,optical_fallback,0.0,0.0,0.0,0.0,0.0,0.0,0
436,mixed,11,certified_clear,2324.750891051747,464.9501780000013,0.0,0.0,55.0,519.9501780000013,11
437,mixed,16,discovery,9724.991081044196,1944.9982180000002,179.0,935.0,0.0,3058.998218,187
437,mixed,16,active_localization,8740.535407881232,1748.1070819999993,12.0,105.0,0.0,1865.1070819999993,21
437,mixed,16,diagnostic,0.0,0.0,0.0,0.0,0.0,0.0,0
437,mixed,16,optical_fallback,0.0,0.0,0.0,0.0,0.0,0.0,0
437,mixed,16,certified_clear,2574.6374192099543,514.9274840000004,0.0,0.0,80.0,594.9274840000004,16
438,mixed,10,discovery,15866.600284817223,3173.320061,279.0,1470.0,0.0,4922.320060999999,294
438,mixed,10,active_localization,3634.965059497372,726.993012000001,7.0,50.0,0.0,783.993012000001,10
438,mixed,10,diagnostic,0.0,0.0,0.0,0.0,0.0,0.0,0
438,mixed,10,optical_fallback,0.0,0.0,0.0,0.0,0.0,0.0,0
438,mixed,10,certified_clear,2611.693556721771,522.3387109999987,0.0,0.0,50.0,572.3387109999987,10
439,mixed,12,discovery,16398.329610529872,3279.665925,262.0,1390.0,0.0,4931.665925,278
439,mixed,12,active_localization,3824.4008833875628,764.880178,9.0,50.0,0.0,823.880178,10
439,mixed,12,diagnostic,0.0,0.0,0.0,0.0,0.0,0.0,0
439,mixed,12,optical_fallback,0.0,0.0,0.0,0.0,0.0,0.0,0
439,mixed,12,certified_clear,3563.6315542565067,712.7263090000004,0.0,0.0,60.0,772.7263090000004,12
440,mixed,10,discovery,17415.941217309115,3483.188248,256.0,1360.0,0.0,5099.1882479999995,272
440,mixed,10,active_localization,5578.86960499642,1115.7739189999995,10.0,75.0,0.0,1200.7739189999995,15
440,mixed,10,diagnostic,101.11874208078342,20.22374800000034,0.0,5.0,0.0,25.22374800000034,1
440,mixed,10,optical_fallback,0.0,0.0,0.0,0.0,0.0,0.0,0
440,mixed,10,certified_clear,1172.4972484259629,234.49944799999992,0.0,0.0,50.0,284.4994479999999,10
441,mixed,11,discovery,17671.339822155787,3534.2679669999998,280.0,1475.0,0.0,5289.267967000001,295
441,mixed,11,active_localization,5140.871326358707,1028.1742649999997,10.0,80.0,0.0,1118.1742649999997,16
441,mixed,11,diagnostic,754.4210212557434,150.88420399999995,0.0,10.0,0.0,160.88420399999995,2
441,mixed,11,optical_fallback,0.0,0.0,0.0,0.0,0.0,0.0,0
441,mixed,11,certified_clear,1737.547604358008,347.5095200000006,0.0,0.0,55.0,402.5095200000006,11
442,mixed,13,discovery,13779.974508213467,2755.9949060000004,270.0,1410.0,0.0,4435.994906,282
442,mixed,13,active_localization,6999.627148889106,1399.9254299999998,12.0,75.0,0.0,1486.9254299999998,15
442,mixed,13,diagnostic,0.0,0.0,0.0,0.0,0.0,0.0,0
442,mixed,13,optical_fallback,0.0,0.0,0.0,0.0,0.0,0.0,0
442,mixed,13,certified_clear,902.5670970640977,180.51341899999989,0.0,0.0,65.0,245.51341899999989,13
443,all_directional,13,discovery,16747.32566399061,3349.4651359999984,262.0,1375.0,0.0,4986.465135999998,275
443,all_directional,13,active_localization,8569.985239303367,1713.9970480000006,12.0,75.0,0.0,1800.9970480000006,15
443,all_directional,13,diagnostic,0.0,0.0,0.0,0.0,0.0,0.0,0
443,all_directional,13,optical_fallback,0.0,0.0,0.0,0.0,0.0,0.0,0
443,all_directional,13,certified_clear,2003.956793667255,400.79135900000074,0.0,0.0,65.0,465.79135900000074,13
444,mixed,16,discovery,12107.205870534912,2421.441175,191.0,1000.0,0.0,3612.4411750000004,200
444,mixed,16,active_localization,7992.761199021397,1598.5522409999996,11.0,90.0,0.0,1699.5522409999996,18
444,mixed,16,diagnostic,727.6422843536033,145.52845700000034,0.0,5.0,0.0,150.52845700000034,1
444,mixed,16,optical_fallback,0.0,0.0,0.0,0.0,0.0,0.0,0
444,mixed,16,certified_clear,2319.3944365773777,463.8788860000001,0.0,0.0,80.0,543.8788860000001,16
445,mixed,15,discovery,15398.183949499962,3079.636793999999,229.0,1210.0,0.0,4518.636793999999,242
445,mixed,15,active_localization,5521.875577679268,1104.3751150000003,11.0,60.0,0.0,1175.3751150000003,12
445,mixed,15,diagnostic,0.0,0.0,0.0,0.0,0.0,0.0,0
445,mixed,15,optical_fallback,0.0,0.0,0.0,0.0,0.0,0.0,0
445,mixed,15,certified_clear,4302.152822946947,860.4305650000008,0.0,0.0,75.0,935.4305650000008,15
446,mixed,15,discovery,15721.63865894119,3144.327736000002,241.0,1265.0,0.0,4650.327736000001,253
446,mixed,15,active_localization,8063.681450979181,1612.7362919999991,13.0,95.0,0.0,1720.7362919999991,19
446,mixed,15,diagnostic,969.8022740336783,193.96045500000037,0.0,15.0,0.0,208.96045500000037,3
446,mixed,15,optical_fallback,340.03440521744506,68.00688099999934,0.0,0.0,23.0,91.00688099999934,7
446,mixed,15,certified_clear,2575.7478784528766,515.149576999999,0.0,0.0,70.0,585.149576999999,14
447,all_directional,10,discovery,16996.69735644511,3399.339473,305.0,1595.0,0.0,5299.339473,319
447,all_directional,10,active_localization,8167.610176125453,1633.522035999999,6.0,75.0,0.0,1714.522035999999,15
447,all_directional,10,diagnostic,0.0,0.0,0.0,0.0,0.0,0.0,0
447,all_directional,10,optical_fallback,0.0,0.0,0.0,0.0,0.0,0.0,0
447,all_directional,10,certified_clear,2088.95443089246,417.7908880000007,0.0,0.0,50.0,467.7908880000007,10
448,mixed,14,discovery,15427.983048455277,3085.5966149999995,258.0,1365.0,0.0,4708.5966149999995,273
448,mixed,14,active_localization,2806.3757768640617,561.2751559999997,6.0,40.0,0.0,607.2751559999997,8
448,mixed,14,diagnostic,0.0,0.0,0.0,0.0,0.0,0.0,0
448,mixed,14,optical_fallback,0.0,0.0,0.0,0.0,0.0,0.0,0
448,mixed,14,certified_clear,5966.996534934844,1193.3993060000012,0.0,0.0,70.0,1263.3993060000012,14
449,mixed,11,discovery,15554.402174830951,3110.8804389999996,249.0,1330.0,0.0,4689.8804390000005,266
449,mixed,11,active_localization,2875.95998828392,575.1919969999997,7.0,35.0,0.0,617.1919969999997,7
449,mixed,11,diagnostic,0.0,0.0,0.0,0.0,0.0,0.0,0
449,mixed,11,optical_fallback,0.0,0.0,0.0,0.0,0.0,0.0,0
449,mixed,11,certified_clear,2725.4976584564515,545.0995320000003,0.0,0.0,55.0,600.0995320000003,11
450,mixed,11,discovery,14437.646634551922,2887.5293300000003,267.0,1415.0,0.0,4569.52933,283
450,mixed,11,active_localization,4439.303905903169,887.8607820000002,8.0,60.0,0.0,955.8607820000002,12
450,mixed,11,diagnostic,0.0,0.0,0.0,0.0,0.0,0.0,0
450,mixed,11,optical_fallback,0.0,0.0,0.0,0.0,0.0,0.0,0
450,mixed,11,certified_clear,2826.4774413461337,565.2954889999997,0.0,0.0,55.0,620.2954889999997,11
451,mixed,13,discovery,14767.229382850452,2953.4458780000004,243.0,1290.0,0.0,4486.445878,258
451,mixed,13,active_localization,9366.328249280294,1873.265649,9.0,80.0,0.0,1962.265649,16
451,mixed,13,diagnostic,299.99999999999994,60.0,0.0,5.0,0.0,65.0,1
451,mixed,13,optical_fallback,0.0,0.0,0.0,0.0,0.0,0.0,0
451,mixed,13,certified_clear,3205.994033140925,641.1988059999992,0.0,0.0,65.0,706.1988059999992,13
452,mixed,15,discovery,16228.203164845789,3245.6406369999995,224.0,1200.0,0.0,4669.6406369999995,240
452,mixed,15,active_localization,7583.532352489821,1516.706471,13.0,100.0,0.0,1629.706471,20
452,mixed,15,diagnostic,0.0,0.0,0.0,0.0,0.0,0.0,0
452,mixed,15,optical_fallback,0.0,0.0,0.0,0.0,0.0,0.0,0
452,mixed,15,certified_clear,2926.8044524606116,585.3608900000007,0.0,0.0,75.0,660.3608900000007,15
453,mixed,13,discovery,15683.46961067594,3136.693926,228.0,1225.0,0.0,4589.693926,245
453,mixed,13,active_localization,3872.39765385812,774.4795300000003,7.0,75.0,0.0,856.4795300000003,15
453,mixed,13,diagnostic,0.0,0.0,0.0,0.0,0.0,0.0,0
453,mixed,13,optical_fallback,0.0,0.0,0.0,0.0,0.0,0.0,0
453,mixed,13,certified_clear,3966.393070664838,793.2786149999995,0.0,0.0,65.0,858.2786149999995,13
454,mixed,13,discovery,14901.004278325947,2980.200858,224.0,1180.0,0.0,4384.200858,236
454,mixed,13,active_localization,9298.73633221417,1859.7472640000008,11.0,85.0,0.0,1955.7472640000008,17
454,mixed,13,diagnostic,0.0,0.0,0.0,0.0,0.0,0.0,0
454,mixed,13,optical_fallback,0.0,0.0,0.0,0.0,0.0,0.0,0
454,mixed,13,certified_clear,1734.5063221209423,346.9012639999992,0.0,0.0,65.0,411.9012639999992,13
455,mixed,11,discovery,16494.392772853862,3298.8785580000003,247.0,1315.0,0.0,4860.878558000001,263
455,mixed,11,active_localization,6734.885185108259,1346.9770359999995,8.0,60.0,0.0,1414.9770359999995,12
455,mixed,11,diagnostic,531.854015759464,106.3708029999998,0.0,5.0,0.0,111.3708029999998,1
455,mixed,11,optical_fallback,0.0,0.0,0.0,0.0,0.0,0.0,0
455,mixed,11,certified_clear,3256.677484352728,651.3354979999998,0.0,0.0,55.0,706.3354979999998,11
456,mixed,10,discovery,15639.557515402492,3127.911507000001,286.0,1510.0,0.0,4923.911507000002,302
456,mixed,10,active_localization,5105.238506949324,1021.0477019999993,7.0,35.0,0.0,1063.0477019999994,7
456,mixed,10,diagnostic,0.0,0.0,0.0,0.0,0.0,0.0,0
456,mixed,10,optical_fallback,0.0,0.0,0.0,0.0,0.0,0.0,0
456,mixed,10,certified_clear,2555.0864329902606,511.0172859999994,0.0,0.0,50.0,561.0172859999993,10
457,mixed,10,discovery,15517.178339552294,3103.4356719999996,267.0,1425.0,0.0,4795.435672,285
457,mixed,10,active_localization,2315.723158759315,463.14463199999955,5.0,25.0,0.0,493.14463199999955,5
457,mixed,10,diagnostic,0.0,0.0,0.0,0.0,0.0,0.0,0
457,mixed,10,optical_fallback,0.0,0.0,0.0,0.0,0.0,0.0,0
457,mixed,10,certified_clear,4094.1506070440273,818.8301210000006,0.0,0.0,50.0,868.8301210000006,10
458,mixed,10,discovery,15730.914923563001,3146.182988,269.0,1420.0,0.0,4835.182988,284
458,mixed,10,active_localization,5146.020130811949,1029.2040259999992,9.0,60.0,0.0,1098.2040259999992,12
458,mixed,10,diagnostic,0.0,0.0,0.0,0.0,0.0,0.0,0
458,mixed,10,optical_fallback,0.0,0.0,0.0,0.0,0.0,0.0,0
458,mixed,10,certified_clear,2462.221756103726,492.4443510000008,0.0,0.0,50.0,542.4443510000008,10
459,mixed,15,discovery,16101.04860746575,3220.209723000001,224.0,1190.0,0.0,4634.209723000001,238
459,mixed,15,active_localization,6731.302303956388,1346.2604589999996,11.0,70.0,0.0,1427.2604589999996,14
459,mixed,15,diagnostic,0.0,0.0,0.0,0.0,0.0,0.0,0
459,mixed,15,optical_fallback,0.0,0.0,0.0,0.0,0.0,0.0,0
459,mixed,15,certified_clear,3034.6748534316453,606.93497,0.0,0.0,75.0,681.93497,15
460,mixed,14,discovery,15466.538022153865,3093.307606000001,224.0,1180.0,0.0,4497.307606000001,236
460,mixed,14,active_localization,6459.599591564411,1291.919916999999,11.0,75.0,0.0,1377.919916999999,15
460,mixed,14,diagnostic,0.0,0.0,0.0,0.0,0.0,0.0,0
460,mixed,14,optical_fallback,0.0,0.0,0.0,0.0,0.0,0.0,0
460,mixed,14,certified_clear,1803.2254846623368,360.64509699999985,0.0,0.0,70.0,430.64509699999985,14
461,all_directional,10,discovery,17191.878290020133,3438.3756619999995,294.0,1555.0,0.0,5287.3756619999995,311
461,all_directional,10,active_localization,4499.892192996297,899.9784360000006,7.0,70.0,0.0,976.9784360000006,14
461,all_directional,10,diagnostic,160.41011719592444,32.082022999999936,0.0,10.0,0.0,42.082022999999936,2
461,all_directional,10,optical_fallback,0.0,0.0,0.0,0.0,0.0,0.0,0
461,all_directional,10,certified_clear,2298.6484983880696,459.72969999999964,0.0,0.0,50.0,509.72969999999964,10
462,mixed,16,discovery,8626.730880709903,1725.3461769999994,169.0,880.0,0.0,2774.3461769999994,176
462,mixed,16,active_localization,9420.637679172041,1884.1275380000002,12.0,70.0,0.0,1966.1275380000002,14
462,mixed,16,diagnostic,0.0,0.0,0.0,0.0,0.0,0.0,0
462,mixed,16,optical_fallback,0.0,0.0,0.0,0.0,0.0,0.0,0
462,mixed,16,certified_clear,3694.7526502799565,738.9505309999998,0.0,0.0,80.0,818.9505309999998,16
463,all_directional,16,discovery,9373.470984526652,1874.694197,166.0,875.0,0.0,2915.694197,175
463,all_directional,16,active_localization,7583.710483646637,1516.742099,12.0,115.0,0.0,1643.742099,23
463,all_directional,16,diagnostic,0.0,0.0,0.0,0.0,0.0,0.0,0
463,all_directional,16,optical_fallback,0.0,0.0,0.0,0.0,0.0,0.0,0
463,all_directional,16,certified_clear,3313.975127533524,662.795025,0.0,0.0,80.0,742.795025,16
464,mixed,12,discovery,13858.905678782081,2771.7811369999995,266.0,1390.0,0.0,4427.781136999999,278
464,mixed,12,active_localization,8497.605173173542,1699.5210340000003,11.0,75.0,0.0,1785.5210340000003,15
464,mixed,12,diagnostic,0.0,0.0,0.0,0.0,0.0,0.0,0
464,mixed,12,optical_fallback,0.0,0.0,0.0,0.0,0.0,0.0,0
464,mixed,12,certified_clear,244.52131601253134,48.9042629999999,0.0,0.0,60.0,108.9042629999999,12
465,mixed,16,discovery,7765.606789652065,1553.1213579999996,169.0,890.0,0.0,2612.121358,178
465,mixed,16,active_localization,6784.362770882442,1356.8725550000008,9.0,65.0,0.0,1430.8725550000008,13
465,mixed,16,diagnostic,0.0,0.0,0.0,0.0,0.0,0.0,0
465,mixed,16,optical_fallback,0.0,0.0,0.0,0.0,0.0,0.0,0
465,mixed,16,certified_clear,4913.790579529418,982.7581149999993,0.0,0.0,80.0,1062.7581149999992,16
466,mixed,11,discovery,18324.833396620295,3664.966684,278.0,1460.0,0.0,5402.966684,292
466,mixed,11,active_localization,3121.4525870510433,624.2905169999999,8.0,50.0,0.0,682.2905169999999,10
466,mixed,11,diagnostic,0.0,0.0,0.0,0.0,0.0,0.0,0
466,mixed,11,optical_fallback,0.0,0.0,0.0,0.0,0.0,0.0,0
466,mixed,11,certified_clear,2585.1745572774284,517.0349110000004,0.0,0.0,55.0,572.0349110000004,11
467,mixed,16,discovery,3821.1574337457214,764.2314870000007,110.0,570.0,0.0,1444.231487000001,114
467,mixed,16,active_localization,7502.869595756324,1500.5739189999993,9.0,90.0,0.0,1599.5739189999993,18
467,mixed,16,diagnostic,0.0,0.0,0.0,0.0,0.0,0.0,0
467,mixed,16,optical_fallback,0.0,0.0,0.0,0.0,0.0,0.0,0
467,mixed,16,certified_clear,4200.091284200249,840.0182559999998,0.0,0.0,80.0,920.0182559999998,16
468,mixed,10,discovery,16452.40165341794,3290.4803360000005,245.0,1305.0,0.0,4840.480336000001,261
468,mixed,10,active_localization,2218.9506316465176,443.79012599999993,6.0,30.0,0.0,479.79012599999993,6
468,mixed,10,diagnostic,0.0,0.0,0.0,0.0,0.0,0.0,0
468,mixed,10,optical_fallback,0.0,0.0,0.0,0.0,0.0,0.0,0
468,mixed,10,certified_clear,3075.806891440851,615.1613779999994,0.0,0.0,50.0,665.1613779999994,10
469,mixed,15,discovery,15255.988440126775,3051.197688000001,270.0,1415.0,0.0,4736.197688000001,283
469,mixed,15,active_localization,10736.849022987279,2147.3698029999996,11.0,100.0,0.0,2258.3698029999996,20
469,mixed,15,diagnostic,0.0,0.0,0.0,0.0,0.0,0.0,0
469,mixed,15,optical_fallback,0.0,0.0,0.0,0.0,0.0,0.0,0
469,mixed,15,certified_clear,3217.391274702339,643.4782559999996,0.0,0.0,75.0,718.4782559999996,15
470,mixed,16,discovery,13068.884384094385,2613.77688,191.0,1020.0,0.0,3824.77688,204
470,mixed,16,active_localization,6632.168740243219,1326.433748,13.0,110.0,0.0,1449.433748,22
470,mixed,16,diagnostic,717.3700471845626,143.47400899999957,0.0,5.0,0.0,148.47400899999957,1
470,mixed,16,optical_fallback,0.0,0.0,0.0,0.0,0.0,0.0,0
470,mixed,16,certified_clear,3620.459338007427,724.0918690000008,0.0,0.0,80.0,804.0918690000008,16
471,mixed,10,discovery,17276.034830995086,3455.206966999999,241.0,1280.0,0.0,4976.206966999999,256
471,mixed,10,active_localization,4871.568330701815,974.3136670000004,7.0,55.0,0.0,1036.3136670000004,11
471,mixed,10,diagnostic,0.0,0.0,0.0,0.0,0.0,0.0,0
471,mixed,10,optical_fallback,0.0,0.0,0.0,0.0,0.0,0.0,0
471,mixed,10,certified_clear,1952.6462817870256,390.52925700000003,0.0,0.0,50.0,440.52925700000003,10
472,mixed,10,discovery,16987.01925436232,3397.4038550000005,306.0,1600.0,0.0,5303.4038550000005,320
472,mixed,10,active_localization,5397.613613804346,1079.5227199999997,8.0,75.0,0.0,1162.5227199999997,15
472,mixed,10,diagnostic,0.0,0.0,0.0,0.0,0.0,0.0,0
472,mixed,10,optical_fallback,0.0,0.0,0.0,0.0,0.0,0.0,0
472,mixed,10,certified_clear,1950.1582765535816,390.0316550000002,0.0,0.0,50.0,440.0316550000002,10
473,mixed,11,discovery,16671.068780533282,3334.2137599999996,269.0,1410.0,0.0,5013.21376,282
473,mixed,11,active_localization,5478.112759239773,1095.6225520000003,9.0,65.0,0.0,1169.6225520000003,13
473,mixed,11,diagnostic,0.0,0.0,0.0,0.0,0.0,0.0,0
473,mixed,11,optical_fallback,0.0,0.0,0.0,0.0,0.0,0.0,0
473,mixed,11,certified_clear,1509.5565077375772,301.9113009999995,0.0,0.0,55.0,356.9113009999995,11
474,mixed,15,discovery,13727.502874812139,2745.5005780000006,248.0,1290.0,0.0,4283.500578000001,258
474,mixed,15,active_localization,7618.650954729778,1523.730191,11.0,85.0,0.0,1619.730191,17
474,mixed,15,diagnostic,0.0,0.0,0.0,0.0,0.0,0.0,0
474,mixed,15,optical_fallback,0.0,0.0,0.0,0.0,0.0,0.0,0
474,mixed,15,certified_clear,1391.8242052111427,278.3648409999996,0.0,0.0,75.0,353.3648409999996,15
475,mixed,12,discovery,15618.923996974383,3123.784802,300.0,1560.0,0.0,4983.784802,312
475,mixed,12,active_localization,6185.213843578133,1237.0427690000001,11.0,85.0,0.0,1333.0427690000001,17
475,mixed,12,diagnostic,0.0,0.0,0.0,0.0,0.0,0.0,0
475,mixed,12,optical_fallback,0.0,0.0,0.0,0.0,0.0,0.0,0
475,mixed,12,certified_clear,1993.3241175781384,398.6648220000002,0.0,0.0,60.0,458.6648220000002,12
476,mixed,13,discovery,15741.04333167247,3148.208670000001,258.0,1360.0,0.0,4766.208670000001,272
476,mixed,13,active_localization,6565.9525194250355,1313.1905030000012,9.0,75.0,0.0,1397.1905030000012,15
476,mixed,13,diagnostic,991.2715746776773,198.25431499999968,0.0,10.0,0.0,208.25431499999968,2
476,mixed,13,optical_fallback,0.0,0.0,0.0,0.0,0.0,0.0,0
476,mixed,13,certified_clear,3360.2242413147806,672.0448469999985,0.0,0.0,65.0,737.0448469999985,13
477,mixed,15,discovery,16915.38447845473,3383.0768989999997,257.0,1360.0,0.0,5000.076899000001,272
477,mixed,15,active_localization,7979.055277054875,1595.811053,12.0,90.0,0.0,1697.811053,18
477,mixed,15,diagnostic,0.0,0.0,0.0,0.0,0.0,0.0,0
477,mixed,15,optical_fallback,0.0,0.0,0.0,0.0,0.0,0.0,0
477,mixed,15,certified_clear,3347.7597989738456,669.55196,0.0,0.0,75.0,744.55196,15
478,mixed,13,discovery,13414.84038958573,2682.9680799999996,236.0,1240.0,0.0,4158.968080000001,248
478,mixed,13,active_localization,5200.782906412861,1040.1565809999988,8.0,75.0,0.0,1123.1565809999988,15
478,mixed,13,diagnostic,0.0,0.0,0.0,0.0,0.0,0.0,0
478,mixed,13,optical_fallback,0.0,0.0,0.0,0.0,0.0,0.0,0
478,mixed,13,certified_clear,5507.174748530178,1101.434951000001,0.0,0.0,65.0,1166.434951000001,13
479,mixed,11,discovery,17023.41439587658,3404.6828819999996,241.0,1280.0,0.0,4925.682881999999,256
479,mixed,11,active_localization,6440.044267093326,1288.0088529999998,10.0,70.0,0.0,1368.0088529999998,14
479,mixed,11,diagnostic,0.0,0.0,0.0,0.0,0.0,0.0,0
479,mixed,11,optical_fallback,0.0,0.0,0.0,0.0,0.0,0.0,0
479,mixed,11,certified_clear,2788.936404763245,557.7872810000008,0.0,0.0,55.0,612.7872810000008,11
480,mixed,13,discovery,14321.447594763646,2864.2895200000003,282.0,1475.0,0.0,4621.28952,295
480,mixed,13,active_localization,5398.994894750275,1079.7989780000003,12.0,65.0,0.0,1156.7989780000003,13
480,mixed,13,diagnostic,0.0,0.0,0.0,0.0,0.0,0.0,0
480,mixed,13,optical_fallback,0.0,0.0,0.0,0.0,0.0,0.0,0
480,mixed,13,certified_clear,2872.2012118583416,574.4402439999999,0.0,0.0,65.0,639.4402439999999,13
481,mixed,16,discovery,7662.326612071197,1532.4653240000007,154.0,800.0,0.0,2486.4653240000007,160
481,mixed,16,active_localization,7871.460357698323,1574.2920709999992,15.0,90.0,0.0,1679.2920709999992,18
481,mixed,16,diagnostic,0.0,0.0,0.0,0.0,0.0,0.0,0
481,mixed,16,optical_fallback,0.0,0.0,0.0,0.0,0.0,0.0,0
481,mixed,16,certified_clear,2563.033063172825,512.6066129999997,0.0,0.0,80.0,592.6066129999997,16
482,mixed,14,discovery,17593.02922774386,3518.605848000001,226.0,1190.0,0.0,4934.605848000001,238
482,mixed,14,active_localization,5629.310013146324,1125.8620029999993,11.0,90.0,0.0,1226.8620029999993,18
482,mixed,14,diagnostic,51.45972802600286,10.291945999999825,0.0,5.0,0.0,15.291945999999825,1
482,mixed,14,optical_fallback,0.0,0.0,0.0,0.0,0.0,0.0,0
482,mixed,14,certified_clear,2740.7061941131265,548.141238,0.0,0.0,70.0,618.141238,14
483,mixed,15,discovery,14754.344065945395,2950.868815999999,233.0,1230.0,0.0,4413.868815999998,246
483,mixed,15,active_localization,8121.285199976326,1624.2570419999993,13.0,105.0,0.0,1742.2570419999993,21
483,mixed,15,diagnostic,0.0,0.0,0.0,0.0,0.0,0.0,0
483,mixed,15,optical_fallback,0.0,0.0,0.0,0.0,0.0,0.0,0
483,mixed,15,certified_clear,2061.5704337975435,412.314087000002,0.0,0.0,75.0,487.314087000002,15
484,mixed,15,discovery,14969.328836687553,2993.865768999999,227.0,1215.0,0.0,4435.865768999999,243
484,mixed,15,active_localization,3139.31190583024,627.8623809999999,8.0,40.0,0.0,675.8623809999999,8
484,mixed,15,diagnostic,0.0,0.0,0.0,0.0,0.0,0.0,0
484,mixed,15,optical_fallback,0.0,0.0,0.0,0.0,0.0,0.0,0
484,mixed,15,certified_clear,6075.4517832753345,1215.0903580000013,0.0,0.0,75.0,1290.0903580000013,15
485,mixed,11,discovery,16405.406800067027,3281.0813630000002,243.0,1285.0,0.0,4809.081363,257
485,mixed,11,active_localization,4243.823290689783,848.7646550000004,10.0,60.0,0.0,918.7646550000004,12
485,mixed,11,diagnostic,0.0,0.0,0.0,0.0,0.0,0.0,0
485,mixed,11,optical_fallback,0.0,0.0,0.0,0.0,0.0,0.0,0
485,mixed,11,certified_clear,506.6917801687772,101.33835600000003,0.0,0.0,55.0,156.33835600000003,11
486,mixed,12,discovery,17903.086052043338,3580.6172129999986,261.0,1375.0,0.0,5216.617212999999,275
486,mixed,12,active_localization,5008.315813123252,1001.663162,8.0,60.0,0.0,1069.663162,12
486,mixed,12,diagnostic,0.0,0.0,0.0,0.0,0.0,0.0,0
486,mixed,12,optical_fallback,0.0,0.0,0.0,0.0,0.0,0.0,0
486,mixed,12,certified_clear,4068.7659334798936,813.7531880000013,0.0,0.0,60.0,873.7531880000013,12
487,mixed,13,discovery,15754.487677397357,3150.8975389999996,265.0,1385.0,0.0,4800.8975390000005,277
487,mixed,13,active_localization,4749.082342366061,949.8164679999995,8.0,65.0,0.0,1022.8164679999995,13
487,mixed,13,diagnostic,950.270993789595,190.05419900000015,0.0,10.0,0.0,200.05419900000015,2
487,mixed,13,optical_fallback,0.0,0.0,0.0,0.0,0.0,0.0,0
487,mixed,13,certified_clear,3858.8294703894076,771.7658940000002,0.0,0.0,65.0,836.7658940000002,13
488,mixed,13,discovery,17491.745515884002,3498.349107,244.0,1290.0,0.0,5032.349107,258
488,mixed,13,active_localization,6232.555483809083,1246.511097,9.0,90.0,0.0,1345.511097,18
488,mixed,13,diagnostic,0.0,0.0,0.0,0.0,0.0,0.0,0
488,mixed,13,optical_fallback,0.0,0.0,0.0,0.0,0.0,0.0,0
488,mixed,13,certified_clear,3030.2250532292765,606.0450089999999,0.0,0.0,65.0,671.0450089999999,13
489,mixed,14,discovery,16741.004575841736,3348.200917999999,251.0,1325.0,0.0,4924.200918,265
489,mixed,14,active_localization,6945.17376809361,1389.0347550000006,12.0,90.0,0.0,1491.0347550000006,18
489,mixed,14,diagnostic,0.0,0.0,0.0,0.0,0.0,0.0,0
489,mixed,14,optical_fallback,0.0,0.0,0.0,0.0,0.0,0.0,0
489,mixed,14,certified_clear,2148.568175866398,429.7136340000003,0.0,0.0,70.0,499.7136340000003,14
490,mixed,13,discovery,16213.999128694682,3242.7998299999995,243.0,1280.0,0.0,4765.79983,256
490,mixed,13,active_localization,7594.593662533706,1518.918733,10.0,95.0,0.0,1623.918733,19
490,mixed,13,diagnostic,0.0,0.0,0.0,0.0,0.0,0.0,0
490,mixed,13,optical_fallback,0.0,0.0,0.0,0.0,0.0,0.0,0
490,mixed,13,certified_clear,1507.526295708786,301.50526000000076,0.0,0.0,65.0,366.50526000000076,13
491,mixed,13,discovery,16880.69205315918,3376.138413999999,237.0,1250.0,0.0,4863.138413999999,250
491,mixed,13,active_localization,10163.454120271083,2032.6908230000015,12.0,95.0,0.0,2139.6908230000017,19
491,mixed,13,diagnostic,0.0,0.0,0.0,0.0,0.0,0.0,0
491,mixed,13,optical_fallback,0.0,0.0,0.0,0.0,0.0,0.0,0
491,mixed,13,certified_clear,456.7592675884784,91.35185399999955,0.0,0.0,65.0,156.35185399999955,13
492,mixed,15,discovery,16140.544990413004,3228.1090010000007,215.0,1145.0,0.0,4588.109001000001,229
492,mixed,15,active_localization,8736.72903505478,1747.3458069999988,10.0,75.0,0.0,1832.3458069999988,15
492,mixed,15,diagnostic,353.2432710007281,70.64865399999962,0.0,10.0,0.0,80.64865399999962,2
492,mixed,15,optical_fallback,0.0,0.0,0.0,0.0,0.0,0.0,0
492,mixed,15,certified_clear,4391.780273592617,878.3560560000008,0.0,0.0,75.0,953.3560560000008,15
493,mixed,16,discovery,7478.04509352302,1495.6090199999999,160.0,835.0,0.0,2490.60902,167
493,mixed,16,active_localization,5761.218963921869,1152.2437960000007,14.0,100.0,0.0,1266.2437960000007,20
493,mixed,16,diagnostic,0.0,0.0,0.0,0.0,0.0,0.0,0
493,mixed,16,optical_fallback,0.0,0.0,0.0,0.0,0.0,0.0,0
493,mixed,16,certified_clear,2313.9270598786975,462.7854129999996,0.0,0.0,80.0,542.7854129999996,16
494,mixed,13,discovery,17248.94818635312,3449.7896389999987,273.0,1430.0,0.0,5152.789638999998,286
494,mixed,13,active_localization,6402.877015599622,1280.5754040000008,10.0,95.0,0.0,1385.5754040000008,19
494,mixed,13,diagnostic,0.0,0.0,0.0,0.0,0.0,0.0,0
494,mixed,13,optical_fallback,0.0,0.0,0.0,0.0,0.0,0.0,0
494,mixed,13,certified_clear,2943.6126589943674,588.7225320000002,0.0,0.0,65.0,653.7225320000002,13
495,all_directional,10,discovery,16199.950211028025,3239.9900470000002,271.0,1430.0,0.0,4940.990047,286
495,all_directional,10,active_localization,4317.949905947133,863.5899809999999,7.0,55.0,0.0,925.5899809999999,11
495,all_directional,10,diagnostic,0.0,0.0,0.0,0.0,0.0,0.0,0
495,all_directional,10,optical_fallback,0.0,0.0,0.0,0.0,0.0,0.0,0
495,all_directional,10,certified_clear,2394.1100511980558,478.8220089999999,0.0,0.0,50.0,528.822009,10
496,mixed,13,discovery,16900.09420343218,3380.018844,247.0,1305.0,0.0,4932.018844,261
496,mixed,13,active_localization,5015.317942712849,1003.0635890000008,10.0,65.0,0.0,1078.0635890000008,13
496,mixed,13,diagnostic,0.0,0.0,0.0,0.0,0.0,0.0,0
496,mixed,13,optical_fallback,0.0,0.0,0.0,0.0,0.0,0.0,0
496,mixed,13,certified_clear,3444.4096626781857,688.8819329999992,0.0,0.0,65.0,753.8819329999992,13
497,mixed,16,discovery,11276.159880175412,2255.2319780000007,203.0,1065.0,0.0,3523.2319780000003,213
497,mixed,16,active_localization,8394.510709937336,1678.9021399999992,11.0,105.0,0.0,1794.9021399999992,21
497,mixed,16,diagnostic,1057.7139415843208,211.54278900000008,0.0,10.0,0.0,221.54278900000008,2
497,mixed,16,optical_fallback,0.0,0.0,0.0,0.0,0.0,0.0,0
497,mixed,16,certified_clear,2321.151293457657,464.2302590000003,0.0,0.0,80.0,544.2302590000003,16
498,mixed,14,discovery,16142.945218316963,3228.589046,249.0,1300.0,0.0,4777.589045999999,260
498,mixed,14,active_localization,5417.422814105598,1083.484563000002,12.0,90.0,0.0,1185.484563000002,18
498,mixed,14,diagnostic,0.0,0.0,0.0,0.0,0.0,0.0,0
498,mixed,14,optical_fallback,0.0,0.0,0.0,0.0,0.0,0.0,0
498,mixed,14,certified_clear,3665.4438768658392,733.088776999998,0.0,0.0,70.0,803.088776999998,14
499,mixed,12,discovery,16590.674445506917,3318.1348930000004,255.0,1360.0,0.0,4933.134893,272
499,mixed,12,active_localization,3263.382561047175,652.6765099999986,10.0,75.0,0.0,737.6765099999986,15
499,mixed,12,diagnostic,0.0,0.0,0.0,0.0,0.0,0.0,0
499,mixed,12,optical_fallback,0.0,0.0,0.0,0.0,0.0,0.0,0
499,mixed,12,certified_clear,2143.32156608416,428.6643140000011,0.0,0.0,60.0,488.6643140000011,12
500,mixed,10,discovery,16485.31750093464,3297.063505,262.0,1395.0,0.0,4954.063505,279
500,mixed,10,active_localization,9226.847853145653,1845.3695720000003,9.0,70.0,0.0,1924.3695720000003,14
500,mixed,10,diagnostic,1243.3034373659252,248.6606869999996,0.0,10.0,0.0,258.6606869999996,2
500,mixed,10,optical_fallback,0.0,0.0,0.0,0.0,0.0,0.0,0
500,mixed,10,certified_clear,2139.030589285787,427.8061190000003,0.0,0.0,50.0,477.8061190000003,10
501,mixed,15,discovery,17736.647177745064,3547.3294379999998,209.0,1110.0,0.0,4866.329438000001,222
501,mixed,15,active_localization,4877.085674233148,975.4171340000014,9.0,85.0,0.0,1069.4171340000014,17
501,mixed,15,diagnostic,0.0,0.0,0.0,0.0,0.0,0.0,0
501,mixed,15,optical_fallback,0.0,0.0,0.0,0.0,0.0,0.0,0
501,mixed,15,certified_clear,2814.601200152475,562.920239999999,0.0,0.0,75.0,637.920239999999,15
502,mixed,15,discovery,15995.37554915177,3199.075113,219.0,1170.0,0.0,4588.075113,234
502,mixed,15,active_localization,6344.599774076034,1268.919955000001,11.0,85.0,0.0,1364.919955000001,17
502,mixed,15,diagnostic,0.0,0.0,0.0,0.0,0.0,0.0,0
502,mixed,15,optical_fallback,0.0,0.0,0.0,0.0,0.0,0.0,0
502,mixed,15,certified_clear,3410.309410432561,682.0618809999986,0.0,0.0,75.0,757.0618809999986,15
503,all_directional,10,discovery,16019.363113754342,3203.872628000001,279.0,1465.0,0.0,4947.872628000001,293
503,all_directional,10,active_localization,3800.637720895164,760.127543999999,6.0,70.0,0.0,836.127543999999,14
503,all_directional,10,diagnostic,0.0,0.0,0.0,0.0,0.0,0.0,0
503,all_directional,10,optical_fallback,0.0,0.0,0.0,0.0,0.0,0.0,0
503,all_directional,10,certified_clear,3957.7778102972443,791.5555629999999,0.0,0.0,50.0,841.5555629999999,10
504,mixed,13,discovery,15700.517006307322,3140.103403,296.0,1540.0,0.0,4976.103403,308
504,mixed,13,active_localization,9229.78330714705,1845.9566590000004,11.0,70.0,0.0,1926.9566590000004,14
504,mixed,13,diagnostic,0.0,0.0,0.0,0.0,0.0,0.0,0
504,mixed,13,optical_fallback,0.0,0.0,0.0,0.0,0.0,0.0,0
504,mixed,13,certified_clear,2732.158778952928,546.4317569999994,0.0,0.0,65.0,611.4317569999994,13
505,mixed,12,discovery,14640.94721021877,2928.189445,215.0,1150.0,0.0,4293.189445,230
505,mixed,12,active_localization,5965.016362916495,1193.0032720000004,8.0,50.0,0.0,1251.0032720000004,10
505,mixed,12,diagnostic,0.0,0.0,0.0,0.0,0.0,0.0,0
505,mixed,12,optical_fallback,0.0,0.0,0.0,0.0,0.0,0.0,0
505,mixed,12,certified_clear,3099.3175224200168,619.8635069999998,0.0,0.0,60.0,679.8635069999998,12
506,mixed,11,discovery,15873.719974533882,3174.743999,285.0,1495.0,0.0,4954.743998999999,299
506,mixed,11,active_localization,7118.942232424206,1423.7884469999995,9.0,75.0,0.0,1507.7884469999995,15
506,mixed,11,diagnostic,0.0,0.0,0.0,0.0,0.0,0.0,0
506,mixed,11,optical_fallback,0.0,0.0,0.0,0.0,0.0,0.0,0
506,mixed,11,certified_clear,2214.1105837891714,442.8221180000007,0.0,0.0,55.0,497.8221180000007,11
507,mixed,14,discovery,17675.671442871884,3535.1342919999997,221.0,1180.0,0.0,4936.134292,236
507,mixed,14,active_localization,3626.539213781278,725.3078420000008,11.0,85.0,0.0,821.3078420000008,17
507,mixed,14,diagnostic,1083.5773596063518,216.71547199999986,0.0,10.0,0.0,226.71547199999986,2
507,mixed,14,optical_fallback,0.0,0.0,0.0,0.0,0.0,0.0,0
507,mixed,14,certified_clear,3233.585327513625,646.7170649999989,0.0,0.0,70.0,716.7170649999989,14
508,mixed,14,discovery,15308.449086906776,3061.689821,202.0,1090.0,0.0,4353.689821,218
508,mixed,14,active_localization,5562.70479743417,1112.5409600000003,8.0,75.0,0.0,1195.5409600000003,15
508,mixed,14,diagnostic,0.0,0.0,0.0,0.0,0.0,0.0,0
508,mixed,14,optical_fallback,0.0,0.0,0.0,0.0,0.0,0.0,0
508,mixed,14,certified_clear,3460.1031314589563,692.0206259999998,0.0,0.0,70.0,762.0206259999998,14
509,mixed,16,discovery,4116.2330293303185,823.246605,130.0,665.0,0.0,1618.246605,133
509,mixed,16,active_localization,9307.377839418874,1861.4755679999998,16.0,115.0,0.0,1992.4755679999998,23
509,mixed,16,diagnostic,0.0,0.0,0.0,0.0,0.0,0.0,0
509,mixed,16,optical_fallback,0.0,0.0,0.0,0.0,0.0,0.0,0
509,mixed,16,certified_clear,2759.989212756255,551.9978419999999,0.0,0.0,80.0,631.9978419999999,16
510,mixed,10,discovery,17427.241469870758,3485.4482980000002,274.0,1440.0,0.0,5199.448298,288
510,mixed,10,active_localization,7072.956639181163,1414.5913289999999,9.0,90.0,0.0,1513.5913289999999,18
510,mixed,10,diagnostic,0.0,0.0,0.0,0.0,0.0,0.0,0
510,mixed,10,optical_fallback,0.0,0.0,0.0,0.0,0.0,0.0,0
510,mixed,10,certified_clear,1912.1015223796712,382.4203049999998,0.0,0.0,50.0,432.4203049999998,10
511,all_directional,12,discovery,15887.99222004808,3177.598446000001,292.0,1535.0,0.0,5004.598446,307
511,all_directional,12,active_localization,7424.441463546172,1484.888294000001,8.0,70.0,0.0,1562.888294000001,14
511,all_directional,12,diagnostic,1672.2958268903865,334.459165,0.0,15.0,0.0,349.459165,3
511,all_directional,12,optical_fallback,0.0,0.0,0.0,0.0,0.0,0.0,0
511,all_directional,12,certified_clear,3275.8961570086226,655.1792319999985,0.0,0.0,60.0,715.1792319999985,12
512,mixed,13,discovery,15068.917703871395,3013.783542000001,262.0,1375.0,0.0,4650.783542000001,275
512,mixed,13,active_localization,7906.205286048861,1581.2410570000015,10.0,75.0,0.0,1666.2410570000015,15
512,mixed,13,diagnostic,0.0,0.0,0.0,0.0,0.0,0.0,0
512,mixed,13,optical_fallback,0.0,0.0,0.0,0.0,0.0,0.0,0
512,mixed,13,certified_clear,2473.2981822702513,494.6596379999978,0.0,0.0,65.0,559.6596379999978,13
513,mixed,10,discovery,16776.542592396316,3355.3085229999997,316.0,1665.0,0.0,5336.308523000001,333
513,mixed,10,active_localization,2793.1410141222323,558.6282019999987,6.0,50.0,0.0,614.6282019999987,10
513,mixed,10,diagnostic,1396.9569680512943,279.3913940000002,1.0,5.0,0.0,285.3913940000002,1
513,mixed,10,optical_fallback,0.0,0.0,0.0,0.0,0.0,0.0,0
513,mixed,10,certified_clear,2739.432207717075,547.8864430000012,0.0,0.0,50.0,597.8864430000012,10
514,mixed,16,discovery,10720.191958367916,2144.038394,204.0,1065.0,0.0,3413.038394,213
514,mixed,16,active_localization,9246.320579189243,1849.2641150000009,13.0,90.0,0.0,1952.2641150000009,18
514,mixed,16,diagnostic,0.0,0.0,0.0,0.0,0.0,0.0,0
514,mixed,16,optical_fallback,0.0,0.0,0.0,0.0,0.0,0.0,0
514,mixed,16,certified_clear,3474.2979473410437,694.8595899999991,0.0,0.0,80.0,774.8595899999991,16
515,mixed,11,discovery,16078.737778042472,3215.747558,268.0,1410.0,0.0,4893.747557999999,282
515,mixed,11,active_localization,5012.5127388204055,1002.5025480000002,8.0,75.0,0.0,1085.5025480000002,15
515,mixed,11,diagnostic,0.0,0.0,0.0,0.0,0.0,0.0,0
515,mixed,11,optical_fallback,0.0,0.0,0.0,0.0,0.0,0.0,0
515,mixed,11,certified_clear,2833.101163958843,566.6202330000002,0.0,0.0,55.0,621.6202330000002,11
516,mixed,14,discovery,14895.508831396299,2979.1017699999993,233.0,1225.0,0.0,4437.101769999999,245
516,mixed,14,active_localization,7633.4604674313405,1526.6920920000007,12.0,80.0,0.0,1618.6920920000007,16
516,mixed,14,diagnostic,0.0,0.0,0.0,0.0,0.0,0.0,0
516,mixed,14,optical_fallback,0.0,0.0,0.0,0.0,0.0,0.0,0
516,mixed,14,certified_clear,1831.421931616419,366.28438599999987,0.0,0.0,70.0,436.28438599999987,14
517,mixed,15,discovery,16138.305139687262,3227.6610310000005,220.0,1180.0,0.0,4627.661031000001,236
517,mixed,15,active_localization,2924.2223171209353,584.8444640000002,7.0,50.0,0.0,641.8444640000002,10
517,mixed,15,diagnostic,0.0,0.0,0.0,0.0,0.0,0.0,0
517,mixed,15,optical_fallback,0.0,0.0,0.0,0.0,0.0,0.0,0
517,mixed,15,certified_clear,5206.032662493417,1041.2065309999998,0.0,0.0,75.0,1116.2065309999998,15
518,mixed,14,discovery,14652.071272870262,2930.4142570000013,222.0,1180.0,0.0,4332.414257000001,236
518,mixed,14,active_localization,4597.890705196587,919.5781429999987,9.0,50.0,0.0,978.5781429999987,10
518,mixed,14,diagnostic,0.0,0.0,0.0,0.0,0.0,0.0,0
518,mixed,14,optical_fallback,0.0,0.0,0.0,0.0,0.0,0.0,0
518,mixed,14,certified_clear,3009.0139996487887,601.8027990000005,0.0,0.0,70.0,671.8027990000005,14
519,mixed,13,discovery,15569.186547560654,3113.8373130000023,257.0,1355.0,0.0,4725.837313000002,271
519,mixed,13,active_localization,4131.712019442673,826.3424039999991,5.0,45.0,0.0,876.3424039999991,9
519,mixed,13,diagnostic,0.0,0.0,0.0,0.0,0.0,0.0,0
519,mixed,13,optical_fallback,0.0,0.0,0.0,0.0,0.0,0.0,0
519,mixed,13,certified_clear,4724.12627694349,944.8252549999984,0.0,0.0,65.0,1009.8252549999984,13
520,all_directional,15,discovery,17689.344841402617,3537.8689699999986,266.0,1395.0,0.0,5198.868969999999,279
520,all_directional,15,active_localization,5382.127023887335,1076.4254040000017,10.0,65.0,0.0,1151.4254040000017,13
520,all_directional,15,diagnostic,0.0,0.0,0.0,0.0,0.0,0.0,0
520,all_directional,15,optical_fallback,0.0,0.0,0.0,0.0,0.0,0.0,0
520,all_directional,15,certified_clear,3245.030107064067,649.0060219999993,0.0,0.0,75.0,724.0060219999993,15
521,mixed,11,discovery,15683.291811322653,3136.6583660000006,274.0,1440.0,0.0,4850.658366000001,288
521,mixed,11,active_localization,6934.740436896644,1386.9480869999988,7.0,75.0,0.0,1468.9480869999988,15
521,mixed,11,diagnostic,0.0,0.0,0.0,0.0,0.0,0.0,0
521,mixed,11,optical_fallback,0.0,0.0,0.0,0.0,0.0,0.0,0
521,mixed,11,certified_clear,1377.64492234627,275.5289840000003,0.0,0.0,55.0,330.5289840000003,11
522,mixed,10,discovery,16620.02682063913,3324.0053689999986,255.0,1355.0,0.0,4934.005368999999,271
522,mixed,10,active_localization,4188.24418206557,837.6488360000001,7.0,70.0,0.0,914.6488360000001,14
522,mixed,10,diagnostic,0.0,0.0,0.0,0.0,0.0,0.0,0
522,mixed,10,optical_fallback,0.0,0.0,0.0,0.0,0.0,0.0,0
522,mixed,10,certified_clear,2688.989453930177,537.7978910000011,0.0,0.0,50.0,587.7978910000011,10
523,mixed,11,discovery,15437.04608581075,3087.4092229999997,244.0,1300.0,0.0,4631.409223,260
523,mixed,11,active_localization,3899.2531731242966,779.850635,8.0,60.0,0.0,847.850635,12
523,mixed,11,diagnostic,0.0,0.0,0.0,0.0,0.0,0.0,0
523,mixed,11,optical_fallback,0.0,0.0,0.0,0.0,0.0,0.0,0
523,mixed,11,certified_clear,2800.4721687832907,560.094433,0.0,0.0,55.0,615.094433,11
524,all_directional,15,discovery,17257.674063681297,3451.534815,213.0,1140.0,0.0,4804.534815,228
524,all_directional,15,active_localization,8388.50383846976,1677.700768,12.0,120.0,0.0,1809.700768,24
524,all_directional,15,diagnostic,101.11874208078342,20.22374800000034,0.0,5.0,0.0,25.22374800000034,1
524,all_directional,15,optical_fallback,0.0,0.0,0.0,0.0,0.0,0.0,0
524,all_directional,15,certified_clear,3175.1114444722402,635.0222899999997,0.0,0.0,75.0,710.0222899999997,15
525,mixed,14,discovery,16493.645583924474,3298.7291189999996,245.0,1300.0,0.0,4843.7291190000005,260
525,mixed,14,active_localization,6808.358164020545,1361.6716329999997,11.0,70.0,0.0,1442.6716329999997,14
525,mixed,14,diagnostic,0.0,0.0,0.0,0.0,0.0,0.0,0
525,mixed,14,optical_fallback,0.0,0.0,0.0,0.0,0.0,0.0,0
525,mixed,14,certified_clear,2255.8647862855655,451.1729570000007,0.0,0.0,70.0,521.1729570000007,14
526,mixed,10,discovery,16747.05543526668,3349.411089,276.0,1455.0,0.0,5080.411089,291
526,mixed,10,active_localization,5456.926552036107,1091.3853099999994,7.0,65.0,0.0,1163.3853099999994,13
526,mixed,10,diagnostic,0.0,0.0,0.0,0.0,0.0,0.0,0
526,mixed,10,optical_fallback,0.0,0.0,0.0,0.0,0.0,0.0,0
526,mixed,10,certified_clear,1548.9385674175476,309.7877110000001,0.0,0.0,50.0,359.7877110000001,10
527,mixed,16,discovery,14129.08837811816,2825.8176769999995,230.0,1195.0,0.0,4250.817676999999,239
527,mixed,16,active_localization,10333.52590339295,2066.7051800000004,12.0,100.0,0.0,2178.7051800000004,20
527,mixed,16,diagnostic,0.0,0.0,0.0,0.0,0.0,0.0,0
527,mixed,16,optical_fallback,0.0,0.0,0.0,0.0,0.0,0.0,0
527,mixed,16,certified_clear,2980.7013915334937,596.1402790000001,0.0,0.0,80.0,676.1402790000001,16
528,mixed,10,discovery,15191.12670317081,3038.225345,256.0,1360.0,0.0,4654.225345,272
528,mixed,10,active_localization,4027.997835390429,805.5995669999995,6.0,60.0,0.0,871.5995669999995,12
528,mixed,10,diagnostic,0.0,0.0,0.0,0.0,0.0,0.0,0
528,mixed,10,optical_fallback,0.0,0.0,0.0,0.0,0.0,0.0,0
528,mixed,10,certified_clear,2876.2397187818183,575.2479440000004,0.0,0.0,50.0,625.2479440000004,10
529,mixed,16,discovery,11471.410630571518,2294.282128,197.0,1030.0,0.0,3521.282128,206
529,mixed,16,active_localization,6255.373282425785,1251.0746569999997,10.0,85.0,0.0,1346.0746569999997,17
529,mixed,16,diagnostic,552.5531825998893,110.51063700000032,0.0,5.0,0.0,115.51063700000032,1
529,mixed,16,optical_fallback,0.0,0.0,0.0,0.0,0.0,0.0,0
529,mixed,16,certified_clear,3129.4643174601097,625.8928639999998,0.0,0.0,80.0,705.8928639999998,16
530,mixed,12,discovery,16199.58364874001,3239.9167359999997,278.0,1470.0,0.0,4987.916735999999,294
530,mixed,12,active_localization,4419.230832518291,883.8461669999998,7.0,40.0,0.0,930.8461669999998,8
530,mixed,12,diagnostic,0.0,0.0,0.0,0.0,0.0,0.0,0
530,mixed,12,optical_fallback,0.0,0.0,0.0,0.0,0.0,0.0,0
530,mixed,12,certified_clear,3727.357812146608,745.4715620000001,0.0,0.0,60.0,805.4715620000001,12
531,mixed,13,discovery,16010.017016086207,3202.003404,258.0,1345.0,0.0,4805.003404,269
531,mixed,13,active_localization,7435.358469589506,1487.0716939999993,11.0,115.0,0.0,1613.0716939999993,23
531,mixed,13,diagnostic,701.2257902676595,140.24515800000063,0.0,10.0,0.0,150.24515800000063,2
531,mixed,13,optical_fallback,0.0,0.0,0.0,0.0,0.0,0.0,0
531,mixed,13,certified_clear,3280.444237777629,656.0888480000006,0.0,0.0,65.0,721.0888480000006,13
532,all_directional,12,discovery,17767.604596101122,3553.5209219999997,248.0,1315.0,0.0,5116.520922,263
532,all_directional,12,active_localization,5789.501162590499,1157.9002329999996,10.0,90.0,0.0,1257.9002329999996,18
532,all_directional,12,diagnostic,0.0,0.0,0.0,0.0,0.0,0.0,0
532,all_directional,12,optical_fallback,0.0,0.0,0.0,0.0,0.0,0.0,0
532,all_directional,12,certified_clear,2377.933083837833,475.5866160000006,0.0,0.0,60.0,535.5866160000006,12
533,all_directional,14,discovery,14966.582655131786,2993.3165359999994,251.0,1320.0,0.0,4564.316535999999,264
533,all_directional,14,active_localization,9597.218086387267,1919.4436140000005,13.0,125.0,0.0,2057.4436140000007,25
533,all_directional,14,diagnostic,0.0,0.0,0.0,0.0,0.0,0.0,0
533,all_directional,14,optical_fallback,0.0,0.0,0.0,0.0,0.0,0.0,0
533,all_directional,14,certified_clear,883.6311607141644,176.7262310000002,0.0,0.0,70.0,246.7262310000002,14
534,mixed,10,discovery,16784.572771188235,3356.9145560000006,308.0,1610.0,0.0,5274.914556000001,322
534,mixed,10,active_localization,5176.288992776764,1035.2578,8.0,70.0,0.0,1113.2578,14
534,mixed,10,diagnostic,0.0,0.0,0.0,0.0,0.0,0.0,0
534,mixed,10,optical_fallback,0.0,0.0,0.0,0.0,0.0,0.0,0
534,mixed,10,certified_clear,1728.4282014620221,345.6856399999991,0.0,0.0,50.0,395.6856399999991,10
535,mixed,14,discovery,15765.14141069627,3153.028284000001,259.0,1365.0,0.0,4777.028284000001,273
535,mixed,14,active_localization,4152.938152355054,830.5876309999999,8.0,55.0,0.0,893.5876309999999,11
535,mixed,14,diagnostic,0.0,0.0,0.0,0.0,0.0,0.0,0
535,mixed,14,optical_fallback,0.0,0.0,0.0,0.0,0.0,0.0,0
535,mixed,14,certified_clear,2267.349140351341,453.4698299999999,0.0,0.0,70.0,523.4698299999999,14
536,all_directional,10,discovery,18079.743623816477,3615.948727000001,292.0,1525.0,0.0,5432.948727000002,305
536,all_directional,10,active_localization,5074.659236794765,1014.9318469999992,9.0,75.0,0.0,1098.9318469999992,15
536,all_directional,10,diagnostic,1243.3034373659252,248.6606870000005,0.0,10.0,0.0,258.6606870000005,2
536,all_directional,10,optical_fallback,0.0,0.0,0.0,0.0,0.0,0.0,0
536,all_directional,10,certified_clear,3978.312723265376,795.6625449999997,0.0,0.0,50.0,845.6625449999997,10
537,mixed,16,discovery,4197.699216067396,839.5398440000004,107.0,555.0,0.0,1501.5398440000004,111
537,mixed,16,active_localization,10719.689928743019,2143.9379849999996,13.0,90.0,0.0,2246.9379849999996,18
537,mixed,16,diagnostic,0.0,0.0,0.0,0.0,0.0,0.0,0
537,mixed,16,optical_fallback,0.0,0.0,0.0,0.0,0.0,0.0,0
537,mixed,16,certified_clear,3037.091561480291,607.4183140000002,0.0,0.0,80.0,687.4183140000002,16
538,mixed,10,discovery,17055.76042376158,3411.152086000001,296.0,1540.0,0.0,5247.152086000001,308
538,mixed,10,active_localization,5360.378400536538,1072.0756810000005,7.0,60.0,0.0,1139.0756810000005,12
538,mixed,10,diagnostic,0.0,0.0,0.0,0.0,0.0,0.0,0
538,mixed,10,optical_fallback,0.0,0.0,0.0,0.0,0.0,0.0,0
538,mixed,10,certified_clear,1719.4714974237004,343.89429799999834,0.0,0.0,50.0,393.89429799999834,10
539,mixed,14,discovery,18641.141897760637,3728.228381,243.0,1275.0,0.0,5246.228381,255
539,mixed,14,active_localization,3684.2052207018633,736.8410430000006,6.0,45.0,0.0,787.8410430000006,9
539,mixed,14,diagnostic,0.0,0.0,0.0,0.0,0.0,0.0,0
539,mixed,14,optical_fallback,0.0,0.0,0.0,0.0,0.0,0.0,0
539,mixed,14,certified_clear,3514.7134608597917,702.9426899999994,0.0,0.0,70.0,772.9426899999994,14
540,mixed,15,discovery,14935.936416609833,2987.1872839999996,209.0,1120.0,0.0,4316.187284,224
540,mixed,15,active_localization,5379.960572901196,1075.9921140000008,10.0,70.0,0.0,1155.9921140000008,14
540,mixed,15,diagnostic,0.0,0.0,0.0,0.0,0.0,0.0,0
540,mixed,15,optical_fallback,0.0,0.0,0.0,0.0,0.0,0.0,0
540,mixed,15,certified_clear,3347.4764990361205,669.4952999999995,0.0,0.0,75.0,744.4952999999995,15
541,mixed,12,discovery,16701.291549712354,3340.258313,231.0,1225.0,0.0,4796.258312999999,245
541,mixed,12,active_localization,5267.875059318868,1053.5750130000004,10.0,70.0,0.0,1133.5750130000004,14
541,mixed,12,diagnostic,0.0,0.0,0.0,0.0,0.0,0.0,0
541,mixed,12,optical_fallback,0.0,0.0,0.0,0.0,0.0,0.0,0
541,mixed,12,certified_clear,2052.9702317241617,410.5940470000003,0.0,0.0,60.0,470.5940470000003,12
542,mixed,16,discovery,4707.7214030294535,941.5442800000001,109.0,560.0,0.0,1610.54428,112
542,mixed,16,active_localization,9936.945534892193,1987.3891039999994,15.0,110.0,0.0,2112.3891039999994,22
542,mixed,16,diagnostic,0.0,0.0,0.0,0.0,0.0,0.0,0
542,mixed,16,optical_fallback,0.0,0.0,0.0,0.0,0.0,0.0,0
542,mixed,16,certified_clear,2079.0685449577277,415.81370800000013,0.0,0.0,80.0,495.81370800000013,16
543,mixed,16,discovery,12633.815852332444,2526.7631729999994,208.0,1090.0,0.0,3824.763173,218
543,mixed,16,active_localization,10217.713458405142,2043.5426920000007,13.0,115.0,0.0,2171.542692000001,23
543,mixed,16,diagnostic,1008.7618933023409,201.75237900000047,0.0,10.0,0.0,211.75237900000047,2
543,mixed,16,optical_fallback,0.0,0.0,0.0,0.0,0.0,0.0,0
543,mixed,16,certified_clear,3526.800480447859,705.3600939999995,0.0,0.0,80.0,785.3600939999995,16
544,mixed,15,discovery,15502.097353767476,3100.419474000001,246.0,1290.0,0.0,4636.419474000001,258
544,mixed,15,active_localization,6629.634806492901,1325.9269599999998,10.0,80.0,0.0,1415.9269599999998,16
544,mixed,15,diagnostic,0.0,0.0,0.0,0.0,0.0,0.0,0
544,mixed,15,optical_fallback,0.0,0.0,0.0,0.0,0.0,0.0,0
544,mixed,15,certified_clear,3807.55887716473,761.5117749999993,0.0,0.0,75.0,836.5117749999993,15
545,mixed,10,discovery,15993.522615388069,3198.7045270000012,293.0,1540.0,0.0,5031.704527000002,308
545,mixed,10,active_localization,7410.239524698589,1482.0479049999988,6.0,45.0,0.0,1533.0479049999988,9
545,mixed,10,diagnostic,0.0,0.0,0.0,0.0,0.0,0.0,0
545,mixed,10,optical_fallback,0.0,0.0,0.0,0.0,0.0,0.0,0
545,mixed,10,certified_clear,972.2666414596462,194.45332799999983,0.0,0.0,50.0,244.45332799999983,10
546,mixed,10,discovery,16517.39829616858,3303.479662,248.0,1330.0,0.0,4881.479662,266
546,mixed,10,active_localization,3226.8838589085444,645.3767730000006,8.0,50.0,0.0,703.3767730000006,10
546,mixed,10,diagnostic,0.0,0.0,0.0,0.0,0.0,0.0,0
546,mixed,10,optical_fallback,0.0,0.0,0.0,0.0,0.0,0.0,0
546,mixed,10,certified_clear,2063.112245343576,412.6224489999994,0.0,0.0,50.0,462.6224489999994,10
547,mixed,12,discovery,16022.104385068136,3204.4208810000005,225.0,1200.0,0.0,4629.420881000001,240
547,mixed,12,active_localization,4488.591540474372,897.7183069999999,9.0,60.0,0.0,966.7183069999999,12
547,mixed,12,diagnostic,0.0,0.0,0.0,0.0,0.0,0.0,0
547,mixed,12,optical_fallback,0.0,0.0,0.0,0.0,0.0,0.0,0
547,mixed,12,certified_clear,2154.556657553885,430.911331,0.0,0.0,60.0,490.911331,12
548,mixed,16,discovery,4779.9505976428645,955.9901189999998,128.0,665.0,0.0,1748.9901189999998,133
548,mixed,16,active_localization,4302.7699272963555,860.5539870000002,10.0,70.0,0.0,940.5539870000002,14
548,mixed,16,diagnostic,0.0,0.0,0.0,0.0,0.0,0.0,0
548,mixed,16,optical_fallback,0.0,0.0,0.0,0.0,0.0,0.0,0
548,mixed,16,certified_clear,4951.228554278826,990.2457109999998,0.0,0.0,80.0,1070.2457109999998,16
549,mixed,13,discovery,16162.599677053493,3232.5199380000004,253.0,1335.0,0.0,4820.519938,267
549,mixed,13,active_localization,5023.475378225283,1004.6950739999995,7.0,55.0,0.0,1066.6950739999995,11
549,mixed,13,diagnostic,0.0,0.0,0.0,0.0,0.0,0.0,0
549,mixed,13,optical_fallback,0.0,0.0,0.0,0.0,0.0,0.0,0
549,mixed,13,certified_clear,3469.508482098785,693.9016950000005,0.0,0.0,65.0,758.9016950000005,13
550,mixed,10,discovery,13957.117601712998,2791.4235250000015,284.0,1495.0,0.0,4570.423525000001,299
550,mixed,10,active_localization,2815.8551720518058,563.1710369999992,6.0,35.0,0.0,604.1710369999992,7
550,mixed,10,diagnostic,0.0,0.0,0.0,0.0,0.0,0.0,0
550,mixed,10,optical_fallback,0.0,0.0,0.0,0.0,0.0,0.0,0
550,mixed,10,certified_clear,3023.231868859246,604.6463729999991,0.0,0.0,50.0,654.6463729999991,10
551,mixed,13,discovery,14945.784864283693,2989.156976,237.0,1260.0,0.0,4486.156976,252
551,mixed,13,active_localization,3670.8265138071215,734.165304,8.0,50.0,0.0,792.165304,10
551,mixed,13,diagnostic,0.0,0.0,0.0,0.0,0.0,0.0,0
551,mixed,13,optical_fallback,0.0,0.0,0.0,0.0,0.0,0.0,0
551,mixed,13,certified_clear,4059.9194136534284,811.983883,0.0,0.0,65.0,876.983883,13
552,mixed,14,discovery,17060.072153883615,3412.014434000001,226.0,1210.0,0.0,4848.0144340000015,242
552,mixed,14,active_localization,3746.3039467204408,749.2607889999997,9.0,55.0,0.0,813.2607889999997,11
552,mixed,14,diagnostic,0.0,0.0,0.0,0.0,0.0,0.0,0
552,mixed,14,optical_fallback,0.0,0.0,0.0,0.0,0.0,0.0,0
552,mixed,14,certified_clear,5374.499002287106,1074.8998009999991,0.0,0.0,70.0,1144.8998009999991,14
553,mixed,13,discovery,15802.525185973169,3160.5050409999994,222.0,1185.0,0.0,4567.505041,237
553,mixed,13,active_localization,4734.438243156704,946.887648000001,10.0,60.0,0.0,1016.887648000001,12
553,mixed,13,diagnostic,0.0,0.0,0.0,0.0,0.0,0.0,0
553,mixed,13,optical_fallback,0.0,0.0,0.0,0.0,0.0,0.0,0
553,mixed,13,certified_clear,3810.444566263814,762.0889139999994,0.0,0.0,65.0,827.0889139999994,13
554,mixed,11,discovery,16626.6722924442,3325.334462,256.0,1350.0,0.0,4931.334462,270
554,mixed,11,active_localization,4245.205614341946,849.0411229999996,7.0,65.0,0.0,921.0411229999996,13
554,mixed,11,diagnostic,714.5187045309692,142.90374099999985,0.0,5.0,0.0,147.90374099999985,1
554,mixed,11,optical_fallback,0.0,0.0,0.0,0.0,0.0,0.0,0
554,mixed,11,certified_clear,4433.319148095857,886.6638300000009,0.0,0.0,55.0,941.6638300000009,11
555,mixed,15,discovery,15842.723166830236,3168.5446349999997,213.0,1135.0,0.0,4516.544634999999,227
555,mixed,15,active_localization,3600.2375033963344,720.0475019999999,8.0,60.0,0.0,788.0475019999999,12
555,mixed,15,diagnostic,0.0,0.0,0.0,0.0,0.0,0.0,0
555,mixed,15,optical_fallback,0.0,0.0,0.0,0.0,0.0,0.0,0
555,mixed,15,certified_clear,4843.206155208786,968.6412300000002,0.0,0.0,75.0,1043.6412300000002,15
556,mixed,13,discovery,16552.613437170996,3310.522691,245.0,1285.0,0.0,4840.522691,257
556,mixed,13,active_localization,7699.849105810834,1539.9698199999998,10.0,85.0,0.0,1634.9698199999998,17
556,mixed,13,diagnostic,952.4763131399645,190.49526200000037,0.0,10.0,0.0,200.49526200000037,2
556,mixed,13,optical_fallback,0.0,0.0,0.0,0.0,0.0,0.0,0
556,mixed,13,certified_clear,2512.451709756269,502.4903409999992,0.0,0.0,65.0,567.4903409999993,13
557,mixed,13,discovery,15187.627998168306,3037.5256020000006,247.0,1300.0,0.0,4584.525602000001,260
557,mixed,13,active_localization,4252.278069002155,850.4556139999987,9.0,55.0,0.0,914.4556139999987,11
557,mixed,13,diagnostic,0.0,0.0,0.0,0.0,0.0,0.0,0
557,mixed,13,optical_fallback,0.0,0.0,0.0,0.0,0.0,0.0,0
557,mixed,13,certified_clear,3092.994791413112,618.5989570000013,0.0,0.0,65.0,683.5989570000013,13
558,mixed,16,discovery,11556.474315578926,2311.2948659999993,207.0,1080.0,0.0,3598.2948659999993,216
558,mixed,16,active_localization,10530.098220701371,2106.0196450000008,13.0,95.0,0.0,2214.0196450000008,19
558,mixed,16,diagnostic,718.9704706434534,143.79409399999986,0.0,10.0,0.0,153.79409399999986,2
558,mixed,16,optical_fallback,0.0,0.0,0.0,0.0,0.0,0.0,0
558,mixed,16,certified_clear,1857.0616431102371,371.4123299999999,0.0,0.0,80.0,451.4123299999999,16
559,mixed,10,discovery,15807.674416259413,3161.534885,286.0,1500.0,0.0,4947.534885,300
559,mixed,10,active_localization,4984.049863966272,996.8099729999999,9.0,55.0,0.0,1060.809973,11
559,mixed,10,diagnostic,0.0,0.0,0.0,0.0,0.0,0.0,0
559,mixed,10,optical_fallback,0.0,0.0,0.0,0.0,0.0,0.0,0
559,mixed,10,certified_clear,2410.49201481435,482.0984039999996,0.0,0.0,50.0,532.0984039999996,10
560,mixed,16,discovery,12386.730591135865,2477.3461199999992,231.0,1205.0,0.0,3913.3461199999992,241
560,mixed,16,active_localization,8486.491314134026,1697.2982620000005,13.0,110.0,0.0,1820.2982620000005,22
560,mixed,16,diagnostic,1891.0877114250975,378.2175420000003,0.0,15.0,0.0,393.2175420000003,3
560,mixed,16,optical_fallback,0.0,0.0,0.0,0.0,0.0,0.0,0
560,mixed,16,certified_clear,3713.5163328279878,742.7032680000003,0.0,0.0,80.0,822.7032680000003,16
561,mixed,12,discovery,15237.67676878203,3047.5353540000015,261.0,1380.0,0.0,4688.5353540000015,276
561,mixed,12,active_localization,7698.332892013847,1539.6665769999993,9.0,100.0,0.0,1648.6665769999993,20
561,mixed,12,diagnostic,1311.3483478868059,262.2696700000006,0.0,10.0,0.0,272.2696700000006,2
561,mixed,12,optical_fallback,0.0,0.0,0.0,0.0,0.0,0.0,0
561,mixed,12,certified_clear,3369.7719926771856,673.9543999999983,0.0,0.0,60.0,733.9543999999983,12
562,mixed,12,discovery,16066.613211154683,3213.3226459999996,233.0,1240.0,0.0,4686.322646,248
562,mixed,12,active_localization,4347.320214989178,869.4640420000003,9.0,60.0,0.0,938.4640420000003,12
562,mixed,12,diagnostic,0.0,0.0,0.0,0.0,0.0,0.0,0
562,mixed,12,optical_fallback,0.0,0.0,0.0,0.0,0.0,0.0,0
562,mixed,12,certified_clear,2066.8081436359316,413.36162900000045,0.0,0.0,60.0,473.36162900000045,12
563,mixed,12,discovery,17095.20118668298,3419.040240000001,270.0,1415.0,0.0,5104.040240000001,283
563,mixed,12,active_localization,5851.648932216621,1170.3297859999989,11.0,70.0,0.0,1251.3297859999989,14
563,mixed,12,diagnostic,0.0,0.0,0.0,0.0,0.0,0.0,0
563,mixed,12,optical_fallback,0.0,0.0,0.0,0.0,0.0,0.0,0
563,mixed,12,certified_clear,2277.019307685659,455.4038600000001,0.0,0.0,60.0,515.4038600000001,12
564,all_directional,11,discovery,18443.5075613084,3688.701516000001,268.0,1405.0,0.0,5361.701516000001,281
564,all_directional,11,active_localization,4428.795505434802,885.7590999999998,10.0,95.0,0.0,990.7590999999998,19
564,all_directional,11,diagnostic,631.812719302387,126.36254300000076,0.0,10.0,0.0,136.36254300000076,2
564,all_directional,11,optical_fallback,0.0,0.0,0.0,0.0,0.0,0.0,0
564,all_directional,11,certified_clear,3529.4440091785436,705.8888019999986,0.0,0.0,55.0,760.8888019999986,11
565,mixed,15,discovery,14073.240271709927,2814.6480570000003,224.0,1185.0,0.0,4223.648057,237
565,mixed,15,active_localization,7182.37677542641,1436.4753539999995,9.0,75.0,0.0,1520.4753539999995,15
565,mixed,15,diagnostic,0.0,0.0,0.0,0.0,0.0,0.0,0
565,mixed,15,optical_fallback,0.0,0.0,0.0,0.0,0.0,0.0,0
565,mixed,15,certified_clear,4176.52560331289,835.3051220000001,0.0,0.0,75.0,910.3051220000001,15
566,mixed,15,discovery,15855.865361165857,3171.1730760000005,193.0,1040.0,0.0,4404.173076000001,208
566,mixed,15,active_localization,6692.043412437008,1338.4086819999993,9.0,65.0,0.0,1412.4086819999993,13
566,mixed,15,diagnostic,0.0,0.0,0.0,0.0,0.0,0.0,0
566,mixed,15,optical_fallback,0.0,0.0,0.0,0.0,0.0,0.0,0
566,mixed,15,certified_clear,3106.2544381648636,621.2508870000006,0.0,0.0,75.0,696.2508870000006,15
567,mixed,13,discovery,16662.1528048798,3332.430565999999,233.0,1235.0,0.0,4800.430565999999,247
567,mixed,13,active_localization,5781.852541487888,1156.3705089999994,9.0,65.0,0.0,1230.3705089999994,13
567,mixed,13,diagnostic,0.0,0.0,0.0,0.0,0.0,0.0,0
567,mixed,13,optical_fallback,0.0,0.0,0.0,0.0,0.0,0.0,0
567,mixed,13,certified_clear,2465.5819754146646,493.1163960000009,0.0,0.0,65.0,558.1163960000009,13
568,mixed,15,discovery,17841.896144792492,3568.379232,230.0,1210.0,0.0,5008.379232,242
568,mixed,15,active_localization,7806.813248926132,1561.3626509999995,12.0,80.0,0.0,1653.3626509999995,16
568,mixed,15,diagnostic,0.0,0.0,0.0,0.0,0.0,0.0,0
568,mixed,15,optical_fallback,0.0,0.0,0.0,0.0,0.0,0.0,0
568,mixed,15,certified_clear,1866.4305474402277,373.28610900000115,0.0,0.0,75.0,448.28610900000115,15
569,mixed,13,discovery,15690.050096506771,3138.0100230000003,255.0,1345.0,0.0,4738.010023,269
569,mixed,13,active_localization,6192.450486434956,1238.4900980000007,10.0,75.0,0.0,1323.4900980000007,15
569,mixed,13,diagnostic,0.0,0.0,0.0,0.0,0.0,0.0,0
569,mixed,13,optical_fallback,0.0,0.0,0.0,0.0,0.0,0.0,0
569,mixed,13,certified_clear,2435.1852419673346,487.0370479999994,0.0,0.0,65.0,552.0370479999995,13
570,mixed,16,discovery,14129.602046521819,2825.9204100000006,243.0,1265.0,0.0,4333.920410000001,253
570,mixed,16,active_localization,10259.208208652994,2051.8416439999987,15.0,125.0,0.0,2191.8416439999987,25
570,mixed,16,diagnostic,0.0,0.0,0.0,0.0,0.0,0.0,0
570,mixed,16,optical_fallback,0.0,0.0,0.0,0.0,0.0,0.0,0
570,mixed,16,certified_clear,2481.876763375902,496.37535200000013,0.0,0.0,80.0,576.3753520000001,16
571,mixed,12,discovery,14681.260660939379,2936.2521360000005,254.0,1335.0,0.0,4525.252136,267
571,mixed,12,active_localization,7160.854680907785,1432.1709349999996,8.0,65.0,0.0,1505.1709349999996,13
571,mixed,12,diagnostic,0.0,0.0,0.0,0.0,0.0,0.0,0
571,mixed,12,optical_fallback,0.0,0.0,0.0,0.0,0.0,0.0,0
571,mixed,12,certified_clear,1935.90146885218,387.1802939999998,0.0,0.0,60.0,447.1802939999998,12
572,mixed,12,discovery,18374.690837018305,3674.9381730000005,221.0,1185.0,0.0,5080.9381730000005,237
572,mixed,12,active_localization,3917.800196081633,783.5600389999996,7.0,55.0,0.0,845.5600389999996,11
572,mixed,12,diagnostic,0.0,0.0,0.0,0.0,0.0,0.0,0
572,mixed,12,optical_fallback,0.0,0.0,0.0,0.0,0.0,0.0,0
572,mixed,12,certified_clear,4929.521625569021,985.9043260000003,0.0,0.0,60.0,1045.9043260000003,12
573,mixed,13,discovery,15267.236777509417,3053.4473590000007,215.0,1150.0,0.0,4418.447359000001,230
573,mixed,13,active_localization,3846.9081800316053,769.3816350000011,6.0,40.0,0.0,815.3816350000011,8
573,mixed,13,diagnostic,0.0,0.0,0.0,0.0,0.0,0.0,0
573,mixed,13,optical_fallback,0.0,0.0,0.0,0.0,0.0,0.0,0
573,mixed,13,certified_clear,4945.073704086353,989.0147399999985,0.0,0.0,65.0,1054.0147399999985,13
574,mixed,16,discovery,9616.243081639443,1923.2486189999993,147.0,765.0,0.0,2835.2486189999995,153
574,mixed,16,active_localization,8301.992333807371,1660.3984690000004,11.0,100.0,0.0,1771.3984690000004,20
574,mixed,16,diagnostic,1491.6480078843047,298.3296020000005,0.0,15.0,0.0,313.3296020000005,3
574,mixed,16,optical_fallback,0.0,0.0,0.0,0.0,0.0,0.0,0
574,mixed,16,certified_clear,3107.912946210965,621.5825889999999,0.0,0.0,80.0,701.5825889999999,16
575,mixed,15,discovery,16285.218927454762,3257.0437890000007,222.0,1170.0,0.0,4649.043789,234
575,mixed,15,active_localization,5274.391623451325,1054.8783249999994,10.0,75.0,0.0,1139.8783249999994,15
575,mixed,15,diagnostic,0.0,0.0,0.0,0.0,0.0,0.0,0
575,mixed,15,optical_fallback,0.0,0.0,0.0,0.0,0.0,0.0,0
575,mixed,15,certified_clear,3826.7337056216647,765.3467410000001,0.0,0.0,75.0,840.3467410000001,15
576,mixed,11,discovery,16458.123577318627,3291.6247180000005,290.0,1520.0,0.0,5101.624718000001,304
576,mixed,11,active_localization,3144.2269697459033,628.8453939999995,7.0,50.0,0.0,685.8453939999995,10
576,mixed,11,diagnostic,0.0,0.0,0.0,0.0,0.0,0.0,0
576,mixed,11,optical_fallback,0.0,0.0,0.0,0.0,0.0,0.0,0
576,mixed,11,certified_clear,2630.8692660973456,526.1738530000002,0.0,0.0,55.0,581.1738530000002,11
577,mixed,11,discovery,16554.032785967484,3310.8065589999987,259.0,1360.0,0.0,4929.806558999999,272
577,mixed,11,active_localization,9308.72524482979,1861.7450510000006,10.0,85.0,0.0,1956.7450510000006,17
577,mixed,11,diagnostic,0.0,0.0,0.0,0.0,0.0,0.0,0
577,mixed,11,optical_fallback,0.0,0.0,0.0,0.0,0.0,0.0,0
577,mixed,11,certified_clear,748.1767158782446,149.63534300000083,0.0,0.0,55.0,204.63534300000083,11
578,mixed,12,discovery,18483.46296197234,3696.6925929999998,275.0,1435.0,0.0,5406.692593,287
578,mixed,12,active_localization,6307.14224951271,1261.4284489999989,11.0,80.0,0.0,1352.4284489999989,16
578,mixed,12,diagnostic,603.1955517182109,120.63910999999962,0.0,10.0,0.0,130.63910999999962,2
578,mixed,12,optical_fallback,0.0,0.0,0.0,0.0,0.0,0.0,0
578,mixed,12,certified_clear,2877.086696979296,575.4173410000017,0.0,0.0,60.0,635.4173410000017,12
579,mixed,11,discovery,15464.733847554264,3092.946771000001,309.0,1620.0,0.0,5021.946771000001,324
579,mixed,11,active_localization,7309.754491569149,1461.950901,10.0,85.0,0.0,1556.950901,17
579,mixed,11,diagnostic,663.8138548664143,132.7627710000006,0.0,10.0,0.0,142.7627710000006,2
579,mixed,11,optical_fallback,0.0,0.0,0.0,0.0,0.0,0.0,0
579,mixed,11,certified_clear,2140.970469666857,428.19409399999904,0.0,0.0,55.0,483.19409399999904,11
580,mixed,16,discovery,10043.58099558356,2008.716203000001,199.0,1045.0,0.0,3252.716203000001,209
580,mixed,16,active_localization,8235.20072996075,1647.040146,14.0,120.0,0.0,1781.040146,24
580,mixed,16,diagnostic,0.0,0.0,0.0,0.0,0.0,0.0,0
580,mixed,16,optical_fallback,0.0,0.0,0.0,0.0,0.0,0.0,0
580,mixed,16,certified_clear,2439.917952030874,487.9835919999988,0.0,0.0,80.0,567.9835919999988,16
581,mixed,16,discovery,8102.8861466182525,1620.5772300000003,153.0,810.0,0.0,2583.5772300000003,162
581,mixed,16,active_localization,9507.83953235697,1901.5679049999992,13.0,110.0,0.0,2024.5679049999992,22
581,mixed,16,diagnostic,452.7355824977709,90.54711700000007,0.0,10.0,0.0,100.54711700000007,2
581,mixed,16,optical_fallback,0.0,0.0,0.0,0.0,0.0,0.0,0
581,mixed,16,certified_clear,3419.1225750073827,683.8245150000005,0.0,0.0,80.0,763.8245150000005,16
582,mixed,13,discovery,17063.486821266797,3412.697367999999,222.0,1190.0,0.0,4824.697367999999,238
582,mixed,13,active_localization,3755.4236115332747,751.0847230000002,8.0,60.0,0.0,819.0847230000002,12
582,mixed,13,diagnostic,929.2590938958338,185.8518190000001,0.0,10.0,0.0,195.8518190000001,2
582,mixed,13,optical_fallback,0.0,0.0,0.0,0.0,0.0,0.0,0
582,mixed,13,certified_clear,4240.269307795936,848.0538620000004,0.0,0.0,65.0,913.0538620000004,13
583,mixed,15,discovery,15028.218741902396,3005.6437510000005,233.0,1215.0,0.0,4453.6437510000005,243
583,mixed,15,active_localization,9589.446949136642,1917.8893890000006,14.0,120.0,0.0,2051.889389000001,24
583,mixed,15,diagnostic,944.9538256155529,188.99076499999956,0.0,10.0,0.0,198.99076499999956,2
583,mixed,15,optical_fallback,0.0,0.0,0.0,0.0,0.0,0.0,0
583,mixed,15,certified_clear,1868.4539048201636,373.69078199999933,0.0,0.0,75.0,448.69078199999933,15
584,mixed,14,discovery,15571.69827409324,3114.3396580000017,208.0,1105.0,0.0,4427.339658000002,221
584,mixed,14,active_localization,7402.895381365872,1480.5790749999996,11.0,75.0,0.0,1566.5790749999996,15
584,mixed,14,diagnostic,0.0,0.0,0.0,0.0,0.0,0.0,0
584,mixed,14,optical_fallback,0.0,0.0,0.0,0.0,0.0,0.0,0
584,mixed,14,certified_clear,2743.0403504933934,548.6080699999984,0.0,0.0,70.0,618.6080699999984,14
585,mixed,14,discovery,15975.081846973382,3195.016372,248.0,1305.0,0.0,4748.016372,261
585,mixed,14,active_localization,5876.908565845214,1175.3817139999992,12.0,100.0,0.0,1287.3817139999992,20
585,mixed,14,diagnostic,537.7156499622487,107.54313000000002,0.0,5.0,0.0,112.54313000000002,1
585,mixed,14,optical_fallback,0.0,0.0,0.0,0.0,0.0,0.0,0
585,mixed,14,certified_clear,2289.3225249308784,457.8645060000006,0.0,0.0,70.0,527.8645060000006,14
586,mixed,16,discovery,10529.768014419315,2105.953606,207.0,1080.0,0.0,3392.9536060000005,216
586,mixed,16,active_localization,5821.223024418951,1164.2446040000002,11.0,75.0,0.0,1250.2446040000002,15
586,mixed,16,diagnostic,0.0,0.0,0.0,0.0,0.0,0.0,0
586,mixed,16,optical_fallback,0.0,0.0,0.0,0.0,0.0,0.0,0
586,mixed,16,certified_clear,4612.591935561346,922.5183879999995,0.0,0.0,80.0,1002.5183879999995,16
587,mixed,13,discovery,17821.61788024319,3564.32358,216.0,1145.0,0.0,4925.32358,229
587,mixed,13,active_localization,5663.267011899043,1132.653402,12.0,85.0,0.0,1229.653402,17
587,mixed,13,diagnostic,0.0,0.0,0.0,0.0,0.0,0.0,0
587,mixed,13,optical_fallback,0.0,0.0,0.0,0.0,0.0,0.0,0
587,mixed,13,certified_clear,1965.579294023337,393.1158589999994,0.0,0.0,65.0,458.1158589999994,13
588,mixed,12,discovery,16688.169644161568,3337.6339329999996,253.0,1340.0,0.0,4930.633932999999,268
588,mixed,12,active_localization,4315.748035569195,863.1496070000006,8.0,65.0,0.0,936.1496070000006,13
588,mixed,12,diagnostic,0.0,0.0,0.0,0.0,0.0,0.0,0
588,mixed,12,optical_fallback,0.0,0.0,0.0,0.0,0.0,0.0,0
588,mixed,12,certified_clear,2583.6733261926447,516.7346639999997,0.0,0.0,60.0,576.7346639999997,12
589,mixed,13,discovery,17279.44193243096,3455.8883889999997,263.0,1385.0,0.0,5103.888389,277
589,mixed,13,active_localization,5472.947045387821,1094.5894080000003,8.0,65.0,0.0,1167.5894080000003,13
589,mixed,13,diagnostic,0.0,0.0,0.0,0.0,0.0,0.0,0
589,mixed,13,optical_fallback,0.0,0.0,0.0,0.0,0.0,0.0,0
589,mixed,13,certified_clear,2757.4774118952937,551.4954819999997,0.0,0.0,65.0,616.4954819999997,13
590,mixed,11,discovery,16468.450451293218,3293.6900919999994,253.0,1335.0,0.0,4881.690091999999,267
590,mixed,11,active_localization,3475.612597299397,695.1225199999994,7.0,45.0,0.0,747.1225199999994,9
590,mixed,11,diagnostic,0.0,0.0,0.0,0.0,0.0,0.0,0
590,mixed,11,optical_fallback,0.0,0.0,0.0,0.0,0.0,0.0,0
590,mixed,11,certified_clear,3464.741367443361,692.9482720000015,0.0,0.0,55.0,747.9482720000015,11
591,mixed,15,discovery,17197.79974679867,3439.5599519999996,210.0,1115.0,0.0,4764.559952,223
591,mixed,15,active_localization,6857.274775144991,1371.4549550000008,12.0,95.0,0.0,1478.4549550000008,19
591,mixed,15,diagnostic,0.0,0.0,0.0,0.0,0.0,0.0,0
591,mixed,15,optical_fallback,0.0,0.0,0.0,0.0,0.0,0.0,0
591,mixed,15,certified_clear,3689.6712886193995,737.9342589999997,0.0,0.0,75.0,812.9342589999997,15
592,mixed,14,discovery,14007.699770528496,2801.539955,230.0,1215.0,0.0,4246.539955,243
592,mixed,14,active_localization,6101.464805006023,1220.2929619999993,11.0,65.0,0.0,1296.2929619999993,13
592,mixed,14,diagnostic,0.0,0.0,0.0,0.0,0.0,0.0,0
592,mixed,14,optical_fallback,0.0,0.0,0.0,0.0,0.0,0.0,0
592,mixed,14,certified_clear,3152.6580192738093,630.5316040000009,0.0,0.0,70.0,700.5316040000009,14
593,all_directional,15,discovery,16808.339097585034,3361.6678220000003,223.0,1175.0,0.0,4759.667822,235
593,all_directional,15,active_localization,7791.613813606567,1558.3227629999997,10.0,110.0,0.0,1678.3227629999997,22
593,all_directional,15,diagnostic,49.7854059176035,9.957080999999562,0.0,5.0,0.0,14.957080999999562,1
593,all_directional,15,optical_fallback,0.0,0.0,0.0,0.0,0.0,0.0,0
593,all_directional,15,certified_clear,2795.9166422552676,559.1833300000001,0.0,0.0,75.0,634.1833300000001,15
594,mixed,14,discovery,13656.559318838756,2731.3118670000003,244.0,1285.0,0.0,4260.311867,257
594,mixed,14,active_localization,6806.068833770551,1361.2137650000002,11.0,90.0,0.0,1462.2137650000002,18
594,mixed,14,diagnostic,0.0,0.0,0.0,0.0,0.0,0.0,0
594,mixed,14,optical_fallback,0.0,0.0,0.0,0.0,0.0,0.0,0
594,mixed,14,certified_clear,3113.857075889094,622.7714169999992,0.0,0.0,70.0,692.7714169999992,14
595,mixed,10,discovery,16484.3058895961,3296.8611830000004,284.0,1500.0,0.0,5080.861183000001,300
595,mixed,10,active_localization,9175.071351374188,1835.0142700000006,9.0,85.0,0.0,1929.0142700000006,17
595,mixed,10,diagnostic,500.0,100.0,0.0,5.0,0.0,105.0,1
595,mixed,10,optical_fallback,175.0008436079336,35.000168999999914,0.0,0.0,26.0,61.000168999999914,8
595,mixed,10,certified_clear,2034.715853950716,406.94317099999944,0.0,0.0,45.0,451.94317099999944,9
596,mixed,11,discovery,17309.558936863476,3461.9117920000003,277.0,1450.0,0.0,5188.911792000001,290
596,mixed,11,active_localization,4568.092210233322,913.6184410000003,7.0,55.0,0.0,975.6184410000003,11
596,mixed,11,diagnostic,0.0,0.0,0.0,0.0,0.0,0.0,0
596,mixed,11,optical_fallback,0.0,0.0,0.0,0.0,0.0,0.0,0
596,mixed,11,certified_clear,2757.324674672396,551.4649339999995,0.0,0.0,55.0,606.4649339999995,11
597,mixed,14,discovery,17070.351255139005,3414.0702539999993,212.0,1130.0,0.0,4756.070253999999,226
597,mixed,14,active_localization,4179.349318110422,835.8698630000004,14.0,85.0,0.0,934.8698630000004,17
597,mixed,14,diagnostic,0.0,0.0,0.0,0.0,0.0,0.0,0
597,mixed,14,optical_fallback,0.0,0.0,0.0,0.0,0.0,0.0,0
597,mixed,14,certified_clear,2750.1301508226106,550.0260290000001,0.0,0.0,70.0,620.0260290000001,14
598,mixed,10,discovery,17800.387505604882,3560.077505,264.0,1405.0,0.0,5229.077505,281
598,mixed,10,active_localization,3007.9781705096775,601.5956339999996,8.0,60.0,0.0,669.5956339999996,12
598,mixed,10,diagnostic,0.0,0.0,0.0,0.0,0.0,0.0,0
598,mixed,10,optical_fallback,0.0,0.0,0.0,0.0,0.0,0.0,0
598,mixed,10,certified_clear,2525.110763325286,505.02215200000035,0.0,0.0,50.0,555.0221520000003,10
599,mixed,14,discovery,16527.73310916288,3305.546625,190.0,1030.0,0.0,4525.546625,206
599,mixed,14,active_localization,2940.3790506527866,588.0758089999999,5.0,40.0,0.0,633.0758089999999,8
599,mixed,14,diagnostic,0.0,0.0,0.0,0.0,0.0,0.0,0
599,mixed,14,optical_fallback,0.0,0.0,0.0,0.0,0.0,0.0,0
599,mixed,14,certified_clear,4594.100428550551,918.8200850000005,0.0,0.0,70.0,988.8200850000005,14
600,mixed,15,discovery,14209.545374786865,2841.909078,236.0,1235.0,0.0,4312.909078,247
600,mixed,15,active_localization,8084.464438635052,1616.8928860000008,12.0,90.0,0.0,1718.8928860000008,18
600,mixed,15,diagnostic,0.0,0.0,0.0,0.0,0.0,0.0,0
600,mixed,15,optical_fallback,0.0,0.0,0.0,0.0,0.0,0.0,0
600,mixed,15,certified_clear,2835.2886205416603,567.0577229999993,0.0,0.0,75.0,642.0577229999993,15
601,mixed,11,discovery,14202.727884304213,2840.545580000001,275.0,1435.0,0.0,4550.545580000001,287
601,mixed,11,active_localization,7028.884846005248,1405.7769719999997,10.0,75.0,0.0,1490.7769719999997,15
601,mixed,11,diagnostic,0.0,0.0,0.0,0.0,0.0,0.0,0
601,mixed,11,optical_fallback,0.0,0.0,0.0,0.0,0.0,0.0,0
601,mixed,11,certified_clear,1713.1700402842712,342.6340089999996,0.0,0.0,55.0,397.6340089999996,11
602,mixed,12,discovery,14817.880065348863,2963.5760139999993,260.0,1375.0,0.0,4598.576013999999,275
602,mixed,12,active_localization,5844.523659270804,1168.9047299999993,9.0,65.0,0.0,1242.9047299999993,13
602,mixed,12,diagnostic,0.0,0.0,0.0,0.0,0.0,0.0,0
602,mixed,12,optical_fallback,0.0,0.0,0.0,0.0,0.0,0.0,0
602,mixed,12,certified_clear,2484.0048697696075,496.8009730000015,0.0,0.0,60.0,556.8009730000015,12
603,mixed,10,discovery,14573.639419548104,2914.727888,282.0,1480.0,0.0,4676.727888,296
603,mixed,10,active_localization,6164.951512503667,1232.9903030000005,7.0,75.0,0.0,1314.9903030000005,15
603,mixed,10,diagnostic,0.0,0.0,0.0,0.0,0.0,0.0,0
603,mixed,10,optical_fallback,0.0,0.0,0.0,0.0,0.0,0.0,0
603,mixed,10,certified_clear,669.9287510184674,133.9857509999997,0.0,0.0,50.0,183.9857509999997,10
604,mixed,13,discovery,16038.510172941424,3207.7020380000004,248.0,1315.0,0.0,4770.702038,263
604,mixed,13,active_localization,4565.1898896837565,913.0379769999993,7.0,55.0,0.0,975.0379769999993,11
604,mixed,13,diagnostic,0.0,0.0,0.0,0.0,0.0,0.0,0
604,mixed,13,optical_fallback,0.0,0.0,0.0,0.0,0.0,0.0,0
604,mixed,13,certified_clear,3466.009951525771,693.2019900000001,0.0,0.0,65.0,758.2019900000001,13
605,mixed,16,discovery,11642.808544752048,2328.561714000001,171.0,915.0,0.0,3414.561714000001,183
605,mixed,16,active_localization,4380.448987165526,876.0897970000003,8.0,55.0,0.0,939.0897970000003,11
605,mixed,16,diagnostic,0.0,0.0,0.0,0.0,0.0,0.0,0
605,mixed,16,optical_fallback,0.0,0.0,0.0,0.0,0.0,0.0,0
605,mixed,16,certified_clear,3548.755638256521,709.7511279999987,0.0,0.0,80.0,789.7511279999987,16
606,mixed,16,discovery,5208.46898566542,1041.6937980000005,141.0,720.0,0.0,1902.6937980000005,144
606,mixed,16,active_localization,10193.54529995995,2038.7090610000005,14.0,115.0,0.0,2167.7090610000005,23
606,mixed,16,diagnostic,348.7096810207744,69.74193599999944,0.0,5.0,0.0,74.74193599999944,1
606,mixed,16,optical_fallback,0.0,0.0,0.0,0.0,0.0,0.0,0
606,mixed,16,certified_clear,2751.6328978001866,550.3265799999996,0.0,0.0,80.0,630.3265799999996,16
607,mixed,13,discovery,16132.508787576482,3226.5017610000004,251.0,1335.0,0.0,4812.501761,267
607,mixed,13,active_localization,7570.897402360025,1514.179480000001,11.0,100.0,0.0,1625.179480000001,20
607,mixed,13,diagnostic,884.056376320301,176.81127599999945,0.0,10.0,0.0,186.81127599999945,2
607,mixed,13,optical_fallback,0.0,0.0,0.0,0.0,0.0,0.0,0
607,mixed,13,certified_clear,1964.7710845091017,392.9542169999993,0.0,0.0,65.0,457.9542169999993,13
608,mixed,14,discovery,15818.525902228303,3163.7051840000004,238.0,1260.0,0.0,4661.705184,252
608,mixed,14,active_localization,8491.239626660177,1698.2479249999994,12.0,95.0,0.0,1805.2479249999994,19
608,mixed,14,diagnostic,0.0,0.0,0.0,0.0,0.0,0.0,0
608,mixed,14,optical_fallback,0.0,0.0,0.0,0.0,0.0,0.0,0
608,mixed,14,certified_clear,3521.5331621337177,704.3066319999998,0.0,0.0,70.0,774.3066319999998,14
609,all_directional,14,discovery,15802.543143128381,3160.5086300000003,232.0,1225.0,0.0,4617.50863,245
609,all_directional,14,active_localization,4804.490216274309,960.8980429999995,7.0,60.0,0.0,1027.8980429999995,12
609,all_directional,14,diagnostic,0.0,0.0,0.0,0.0,0.0,0.0,0
609,all_directional,14,optical_fallback,0.0,0.0,0.0,0.0,0.0,0.0,0
609,all_directional,14,certified_clear,4789.818596462434,957.9637200000004,0.0,0.0,70.0,1027.9637200000004,14
610,mixed,15,discovery,13714.316861381876,2742.863373,219.0,1155.0,0.0,4116.863373,231
610,mixed,15,active_localization,7249.093093850734,1449.8186190000001,10.0,75.0,0.0,1534.8186190000001,15
610,mixed,15,diagnostic,0.0,0.0,0.0,0.0,0.0,0.0,0
610,mixed,15,optical_fallback,0.0,0.0,0.0,0.0,0.0,0.0,0
610,mixed,15,certified_clear,3893.5834403205054,778.7166910000003,0.0,0.0,75.0,853.7166910000003,15
611,all_directional,15,discovery,16223.457491676148,3244.6915020000006,238.0,1255.0,0.0,4737.691502000001,251
611,all_directional,15,active_localization,7957.811900923154,1591.562382,11.0,110.0,0.0,1712.562382,22
611,all_directional,15,diagnostic,1011.334746389539,202.26694899999984,0.0,10.0,0.0,212.26694899999984,2
611,all_directional,15,optical_fallback,0.0,0.0,0.0,0.0,0.0,0.0,0
611,all_directional,15,certified_clear,3986.658359118636,797.3316749999994,0.0,0.0,75.0,872.3316749999994,15
612,mixed,15,discovery,17403.278332733436,3480.6556699999996,200.0,1070.0,0.0,4750.655669999999,214
612,mixed,15,active_localization,7360.018706504865,1472.0037429999998,10.0,75.0,0.0,1557.0037429999998,15
612,mixed,15,diagnostic,0.0,0.0,0.0,0.0,0.0,0.0,0
612,mixed,15,optical_fallback,0.0,0.0,0.0,0.0,0.0,0.0,0
612,mixed,15,certified_clear,3846.60805529833,769.3216110000003,0.0,0.0,75.0,844.3216110000003,15
613,mixed,15,discovery,15177.819571180933,3035.563917,219.0,1170.0,0.0,4424.563917,234
613,mixed,15,active_localization,4215.610464516308,843.1220929999993,7.0,45.0,0.0,895.1220929999993,9
613,mixed,15,diagnostic,0.0,0.0,0.0,0.0,0.0,0.0,0
613,mixed,15,optical_fallback,0.0,0.0,0.0,0.0,0.0,0.0,0
613,mixed,15,certified_clear,4104.854082081196,820.9708150000008,0.0,0.0,75.0,895.9708150000008,15
614,mixed,12,discovery,15717.888005040411,3143.5776049999995,231.0,1235.0,0.0,4609.5776049999995,247
614,mixed,12,active_localization,3239.2246016372874,647.8449210000022,7.0,40.0,0.0,694.8449210000022,8
614,mixed,12,diagnostic,0.0,0.0,0.0,0.0,0.0,0.0,0
614,mixed,12,optical_fallback,0.0,0.0,0.0,0.0,0.0,0.0,0
614,mixed,12,certified_clear,4251.372524410528,850.2745049999978,0.0,0.0,60.0,910.2745049999978,12
615,all_directional,14,discovery,17790.91060371842,3558.182125,253.0,1335.0,0.0,5146.182124999999,267
615,all_directional,14,active_localization,7030.299734132505,1406.0599469999993,8.0,70.0,0.0,1484.0599469999993,14
615,all_directional,14,diagnostic,711.0731326663946,142.2146270000003,0.0,5.0,0.0,147.2146270000003,1
615,all_directional,14,optical_fallback,0.0,0.0,0.0,0.0,0.0,0.0,0
615,all_directional,14,certified_clear,4677.082315857236,935.4164620000012,0.0,0.0,70.0,1005.4164620000012,14
616,mixed,14,discovery,15634.757817792673,3126.9515639999995,271.0,1415.0,0.0,4812.951563999999,283
616,mixed,14,active_localization,5762.410736549281,1152.4821450000013,11.0,65.0,0.0,1228.4821450000013,13
616,mixed,14,diagnostic,0.0,0.0,0.0,0.0,0.0,0.0,0
616,mixed,14,optical_fallback,0.0,0.0,0.0,0.0,0.0,0.0,0
616,mixed,14,certified_clear,6131.134122760711,1226.2268249999988,0.0,0.0,70.0,1296.2268249999988,14
617,mixed,11,discovery,15015.64240551234,3003.128484000001,288.0,1510.0,0.0,4801.128484000002,302
617,mixed,11,active_localization,5865.5551634678,1173.1110319999993,8.0,60.0,0.0,1241.1110319999993,12
617,mixed,11,diagnostic,0.0,0.0,0.0,0.0,0.0,0.0,0
617,mixed,11,optical_fallback,0.0,0.0,0.0,0.0,0.0,0.0,0
617,mixed,11,certified_clear,3095.5392090929454,619.1078419999994,0.0,0.0,55.0,674.1078419999994,11
618,mixed,10,discovery,15361.765678920392,3072.35314,285.0,1500.0,0.0,4857.35314,300
618,mixed,10,active_localization,4758.933079674683,951.7866150000007,7.0,65.0,0.0,1023.7866150000007,13
618,mixed,10,diagnostic,0.0,0.0,0.0,0.0,0.0,0.0,0
618,mixed,10,optical_fallback,0.0,0.0,0.0,0.0,0.0,0.0,0
618,mixed,10,certified_clear,2508.733595339573,501.7467189999991,0.0,0.0,50.0,551.7467189999991,10
619,mixed,10,discovery,16706.350050145462,3341.2700139999997,268.0,1410.0,0.0,5019.270014,282
619,mixed,10,active_localization,6044.2363050480635,1208.8472619999998,9.0,75.0,0.0,1292.8472619999998,15
619,mixed,10,diagnostic,0.0,0.0,0.0,0.0,0.0,0.0,0
619,mixed,10,optical_fallback,0.0,0.0,0.0,0.0,0.0,0.0,0
619,mixed,10,certified_clear,1107.7936475878635,221.55872800000043,0.0,0.0,50.0,271.55872800000043,10
620,mixed,10,discovery,17531.83958291589,3506.3679200000006,285.0,1500.0,0.0,5291.367920000001,300
620,mixed,10,active_localization,4781.541009215877,956.3082019999999,7.0,50.0,0.0,1013.3082019999999,10
620,mixed,10,diagnostic,0.0,0.0,0.0,0.0,0.0,0.0,0
620,mixed,10,optical_fallback,0.0,0.0,0.0,0.0,0.0,0.0,0
620,mixed,10,certified_clear,2057.249012394392,411.4498019999995,0.0,0.0,50.0,461.4498019999995,10
621,all_directional,13,discovery,18914.138511152152,3782.827704,285.0,1490.0,0.0,5557.827704,298
621,all_directional,13,active_localization,5087.142135854476,1017.4284260000018,9.0,90.0,0.0,1116.4284260000018,18
621,all_directional,13,diagnostic,2689.565941655468,537.913188,0.0,25.0,0.0,562.913188,5
621,all_directional,13,optical_fallback,0.0,0.0,0.0,0.0,0.0,0.0,0
621,all_directional,13,certified_clear,4019.5156153685534,803.9031229999986,0.0,0.0,65.0,868.9031229999986,13
622,mixed,16,discovery,11228.715563592868,2245.7431160000006,196.0,1045.0,0.0,3486.7431160000006,209
622,mixed,16,active_localization,3792.3226965585227,758.4645399999997,8.0,50.0,0.0,816.4645399999997,10
622,mixed,16,diagnostic,0.0,0.0,0.0,0.0,0.0,0.0,0
622,mixed,16,optical_fallback,0.0,0.0,0.0,0.0,0.0,0.0,0
622,mixed,16,certified_clear,6819.250412436738,1363.8500829999994,0.0,0.0,80.0,1443.8500829999994,16
623,mixed,11,discovery,17350.708361955196,3470.141675,248.0,1325.0,0.0,5043.141675,265
623,mixed,11,active_localization,6462.045986597206,1292.409196,8.0,60.0,0.0,1360.409196,12
623,mixed,11,diagnostic,0.0,0.0,0.0,0.0,0.0,0.0,0
623,mixed,11,optical_fallback,0.0,0.0,0.0,0.0,0.0,0.0,0
623,mixed,11,certified_clear,3131.892557102688,626.3785130000001,0.0,0.0,55.0,681.3785130000001,11
624,mixed,10,discovery,17383.403215018603,3476.6806459999993,261.0,1390.0,0.0,5127.680646,278
624,mixed,10,active_localization,1568.0909686109846,313.61819400000036,4.0,20.0,0.0,337.61819400000036,4
624,mixed,10,diagnostic,0.0,0.0,0.0,0.0,0.0,0.0,0
624,mixed,10,optical_fallback,0.0,0.0,0.0,0.0,0.0,0.0,0
624,mixed,10,certified_clear,3782.1568509929634,756.43137,0.0,0.0,50.0,806.43137,10
625,mixed,12,discovery,14007.390578802526,2801.4781189999994,275.0,1440.0,0.0,4516.478118999999,288
625,mixed,12,active_localization,5939.716839488204,1187.943369,7.0,60.0,0.0,1254.943369,12
625,mixed,12,diagnostic,0.0,0.0,0.0,0.0,0.0,0.0,0
625,mixed,12,optical_fallback,0.0,0.0,0.0,0.0,0.0,0.0,0
625,mixed,12,certified_clear,1994.053051983068,398.8106110000005,0.0,0.0,60.0,458.8106110000005,12
626,mixed,14,discovery,15198.704774403352,3039.7409569999986,254.0,1345.0,0.0,4638.740956999999,269
626,mixed,14,active_localization,8431.058141922671,1686.2116290000022,9.0,80.0,0.0,1775.2116290000022,16
626,mixed,14,diagnostic,1311.2946818485761,262.25893599999927,0.0,10.0,0.0,272.25893599999927,2
626,mixed,14,optical_fallback,0.0,0.0,0.0,0.0,0.0,0.0,0
626,mixed,14,certified_clear,4507.853294070468,901.5706580000001,0.0,0.0,70.0,971.5706580000001,14
627,mixed,10,discovery,16868.011745480693,3373.602351,277.0,1465.0,0.0,5115.6023509999995,293
627,mixed,10,active_localization,4417.085072010042,883.4170150000004,7.0,50.0,0.0,940.4170150000004,10
627,mixed,10,diagnostic,0.0,0.0,0.0,0.0,0.0,0.0,0
627,mixed,10,optical_fallback,0.0,0.0,0.0,0.0,0.0,0.0,0
627,mixed,10,certified_clear,3445.4745667947273,689.0949119999996,0.0,0.0,50.0,739.0949119999996,10
628,mixed,10,discovery,16273.93612830082,3254.787228000001,295.0,1545.0,0.0,5094.787228000001,309
628,mixed,10,active_localization,5077.054779982783,1015.4109540000002,8.0,65.0,0.0,1088.4109540000002,13
628,mixed,10,diagnostic,210.72028652585033,42.144056999999975,0.0,10.0,0.0,52.144056999999975,2
628,mixed,10,optical_fallback,0.0,0.0,0.0,0.0,0.0,0.0,0
628,mixed,10,certified_clear,3463.0609554407965,692.6121929999991,0.0,0.0,50.0,742.6121929999991,10
629,mixed,16,discovery,4651.011210591109,930.2022430000004,129.0,670.0,0.0,1729.2022430000004,134
629,mixed,16,active_localization,11810.256454300606,2362.0512919999983,13.0,100.0,0.0,2475.0512919999983,20
629,mixed,16,diagnostic,0.0,0.0,0.0,0.0,0.0,0.0,0
629,mixed,16,optical_fallback,0.0,0.0,0.0,0.0,0.0,0.0,0
629,mixed,16,certified_clear,2964.7094769852424,592.9418960000012,0.0,0.0,80.0,672.9418960000012,16
630,mixed,11,discovery,16057.228823653997,3211.4457689999995,278.0,1460.0,0.0,4949.445769,292
630,mixed,11,active_localization,7559.119076400131,1511.8238150000002,9.0,110.0,0.0,1630.8238150000002,22
630,mixed,11,diagnostic,900.2923791957776,180.05847600000016,0.0,10.0,0.0,190.05847600000016,2
630,mixed,11,optical_fallback,0.0,0.0,0.0,0.0,0.0,0.0,0
630,mixed,11,certified_clear,1830.3508122658232,366.0701630000003,0.0,0.0,55.0,421.0701630000003,11
631,mixed,11,discovery,15637.636608919094,3127.5273230000003,253.0,1330.0,0.0,4710.527323000001,266
631,mixed,11,active_localization,7026.505379234264,1405.3010729999994,8.0,95.0,0.0,1508.3010729999994,19
631,mixed,11,diagnostic,0.0,0.0,0.0,0.0,0.0,0.0,0
631,mixed,11,optical_fallback,0.0,0.0,0.0,0.0,0.0,0.0,0
631,mixed,11,certified_clear,1631.5326973120864,326.30653900000016,0.0,0.0,55.0,381.30653900000016,11
632,mixed,12,discovery,14270.664862368918,2854.1329750000004,239.0,1265.0,0.0,4358.132975,253
632,mixed,12,active_localization,6483.628310386788,1296.7256619999998,9.0,65.0,0.0,1370.7256619999998,13
632,mixed,12,diagnostic,0.0,0.0,0.0,0.0,0.0,0.0,0
632,mixed,12,optical_fallback,0.0,0.0,0.0,0.0,0.0,0.0,0
632,mixed,12,certified_clear,2056.625616417402,411.32512399999996,0.0,0.0,60.0,471.32512399999996,12
633,mixed,11,discovery,16054.67406388738,3210.934816,276.0,1455.0,0.0,4941.934816,291
633,mixed,11,active_localization,5460.335698507917,1092.0671400000008,10.0,95.0,0.0,1197.0671400000008,19
633,mixed,11,diagnostic,0.0,0.0,0.0,0.0,0.0,0.0,0
633,mixed,11,optical_fallback,0.0,0.0,0.0,0.0,0.0,0.0,0
633,mixed,11,certified_clear,1767.513372810852,353.50267399999984,0.0,0.0,55.0,408.50267399999984,11
634,mixed,12,discovery,14775.56593814943,2955.1131909999995,261.0,1375.0,0.0,4591.1131909999995,275
634,mixed,12,active_localization,5997.330022522081,1199.4660050000005,8.0,65.0,0.0,1272.4660050000005,13
634,mixed,12,diagnostic,0.0,0.0,0.0,0.0,0.0,0.0,0
634,mixed,12,optical_fallback,0.0,0.0,0.0,0.0,0.0,0.0,0
634,mixed,12,certified_clear,2649.1384888530984,529.827698,0.0,0.0,60.0,589.827698,12
635,mixed,16,discovery,7778.477489934481,1555.6954979999998,150.0,765.0,0.0,2470.6954979999996,153
635,mixed,16,active_localization,9802.851603811085,1960.570323000001,13.0,100.0,0.0,2073.570323000001,20
635,mixed,16,diagnostic,0.0,0.0,0.0,0.0,0.0,0.0,0
635,mixed,16,optical_fallback,0.0,0.0,0.0,0.0,0.0,0.0,0
635,mixed,16,certified_clear,4098.764076035502,819.7528159999993,0.0,0.0,80.0,899.7528159999993,16
636,mixed,15,discovery,16420.72085527725,3284.1441739999987,232.0,1235.0,0.0,4751.144173999998,247
636,mixed,15,active_localization,9838.68197356833,1967.7363960000002,9.0,80.0,0.0,2056.7363960000002,16
636,mixed,15,diagnostic,651.2764549858514,130.2552909999995,0.0,15.0,0.0,145.2552909999995,3
636,mixed,15,optical_fallback,292.64791796622075,58.529583999999886,0.0,0.0,44.0,102.52958399999989,14
636,mixed,15,certified_clear,3041.727116820311,608.3454240000015,0.0,0.0,70.0,678.3454240000015,14
637,mixed,10,discovery,15183.376289039266,3036.6752619999997,280.0,1465.0,0.0,4781.675262,293
637,mixed,10,active_localization,4542.7764626830585,908.5552920000002,7.0,70.0,0.0,985.5552920000002,14
637,mixed,10,diagnostic,0.0,0.0,0.0,0.0,0.0,0.0,0
637,mixed,10,optical_fallback,0.0,0.0,0.0,0.0,0.0,0.0,0
637,mixed,10,certified_clear,1425.6752995572897,285.1350609999996,0.0,0.0,50.0,335.1350609999996,10
638,mixed,10,discovery,15917.310677677227,3183.4621389999993,294.0,1535.0,0.0,5012.462138999999,307
638,mixed,10,active_localization,5233.434737103484,1046.6869459999998,8.0,60.0,0.0,1114.6869459999998,12
638,mixed,10,diagnostic,0.0,0.0,0.0,0.0,0.0,0.0,0
638,mixed,10,optical_fallback,0.0,0.0,0.0,0.0,0.0,0.0,0
638,mixed,10,certified_clear,2246.9495675460194,449.38991500000077,0.0,0.0,50.0,499.38991500000077,10
639,mixed,13,discovery,15647.857019983418,3129.571405999999,269.0,1395.0,0.0,4793.571405999999,279
639,mixed,13,active_localization,5289.859162080775,1057.9718340000009,10.0,85.0,0.0,1152.9718340000009,17
639,mixed,13,diagnostic,554.2305296794739,110.84610599999996,0.0,5.0,0.0,115.84610599999996,1
639,mixed,13,optical_fallback,0.0,0.0,0.0,0.0,0.0,0.0,0
639,mixed,13,certified_clear,2400.2758290382762,480.05516499999993,0.0,0.0,65.0,545.055165,13
640,mixed,15,discovery,15456.913135775052,3091.3826310000013,199.0,1055.0,0.0,4345.382631000001,211
640,mixed,15,active_localization,5892.997289525805,1178.5994580000006,8.0,50.0,0.0,1236.5994580000006,10
640,mixed,15,diagnostic,0.0,0.0,0.0,0.0,0.0,0.0,0
640,mixed,15,optical_fallback,0.0,0.0,0.0,0.0,0.0,0.0,0
640,mixed,15,certified_clear,3946.932478893037,789.3864929999986,0.0,0.0,75.0,864.3864929999986,15
641,mixed,10,discovery,17625.324365953646,3525.0648760000004,257.0,1350.0,0.0,5132.064876,270
641,mixed,10,active_localization,5153.489469726301,1030.6978929999998,9.0,75.0,0.0,1114.6978929999998,15
641,mixed,10,diagnostic,0.0,0.0,0.0,0.0,0.0,0.0,0
641,mixed,10,optical_fallback,0.0,0.0,0.0,0.0,0.0,0.0,0
641,mixed,10,certified_clear,1575.4186275638235,315.08372499999984,0.0,0.0,50.0,365.08372499999984,10
642,mixed,15,discovery,16299.81718171928,3259.9634400000004,196.0,1045.0,0.0,4500.96344,209
642,mixed,15,active_localization,5633.891669339519,1126.7783349999986,12.0,110.0,0.0,1248.7783349999986,22
642,mixed,15,diagnostic,0.0,0.0,0.0,0.0,0.0,0.0,0
642,mixed,15,optical_fallback,0.0,0.0,0.0,0.0,0.0,0.0,0
642,mixed,15,certified_clear,3123.847224824342,624.7694450000015,0.0,0.0,75.0,699.7694450000015,15
643,mixed,12,discovery,16324.687702943978,3264.937543,249.0,1315.0,0.0,4828.937543,263
643,mixed,12,active_localization,4908.597125157587,981.7194260000014,9.0,60.0,0.0,1050.7194260000015,12
643,mixed,12,diagnostic,0.0,0.0,0.0,0.0,0.0,0.0,0
643,mixed,12,optical_fallback,0.0,0.0,0.0,0.0,0.0,0.0,0
643,mixed,12,certified_clear,3728.218108785001,745.6436229999986,0.0,0.0,60.0,805.6436229999986,12
644,mixed,13,discovery,17981.828088809252,3596.365622000001,259.0,1365.0,0.0,5220.365622000001,273
644,mixed,13,active_localization,11131.992847438883,2226.3985679999996,12.0,100.0,0.0,2338.3985679999996,20
644,mixed,13,diagnostic,1005.3775152590988,201.07550300000003,0.0,10.0,0.0,211.07550300000003,2
644,mixed,13,optical_fallback,0.0,0.0,0.0,0.0,0.0,0.0,0
644,mixed,13,certified_clear,2248.607098433284,449.7214189999983,0.0,0.0,65.0,514.7214189999984,13
645,mixed,12,discovery,15231.97268628825,3046.394539000001,259.0,1360.0,0.0,4665.394539,272
645,mixed,12,active_localization,9609.291420417489,1921.8582830000003,12.0,80.0,0.0,2013.8582830000003,16
645,mixed,12,diagnostic,0.0,0.0,0.0,0.0,0.0,0.0,0
645,mixed,12,optical_fallback,0.0,0.0,0.0,0.0,0.0,0.0,0
645,mixed,12,certified_clear,1515.5203992815807,303.1040779999988,0.0,0.0,60.0,363.1040779999988,12
646,mixed,11,discovery,16778.495170046626,3355.699037,262.0,1385.0,0.0,5002.699036999999,277
646,mixed,11,active_localization,5176.713641176645,1035.342727999999,8.0,60.0,0.0,1103.342727999999,12
646,mixed,11,diagnostic,0.0,0.0,0.0,0.0,0.0,0.0,0
646,mixed,11,optical_fallback,0.0,0.0,0.0,0.0,0.0,0.0,0
646,mixed,11,certified_clear,1833.2744565661594,366.65489000000105,0.0,0.0,55.0,421.65489000000105,11
647,mixed,12,discovery,17443.353230432556,3488.6706510000004,213.0,1150.0,0.0,4851.670651,230
647,mixed,12,active_localization,4951.5006941025,990.3001380000001,8.0,55.0,0.0,1053.300138,11
647,mixed,12,diagnostic,468.4921210155865,93.69842400000005,0.0,15.0,0.0,108.69842400000005,3
647,mixed,12,optical_fallback,298.2242416315563,59.644848000000025,0.0,0.0,38.0,97.64484800000002,12
647,mixed,12,certified_clear,3044.073932035077,608.814787,0.0,0.0,55.0,663.814787,11
648,mixed,10,discovery,17294.511387817067,3458.902280000001,290.0,1525.0,0.0,5273.902280000001,305
648,mixed,10,active_localization,3478.5549705098792,695.7109939999993,7.0,45.0,0.0,747.7109939999993,9
648,mixed,10,diagnostic,0.0,0.0,0.0,0.0,0.0,0.0,0
648,mixed,10,optical_fallback,0.0,0.0,0.0,0.0,0.0,0.0,0
648,mixed,10,certified_clear,2974.705093587834,594.941019,0.0,0.0,50.0,644.941019,10
649,mixed,12,discovery,17295.115179843888,3459.023039000001,292.0,1520.0,0.0,5271.023039000001,304
649,mixed,12,active_localization,9727.061362337805,1945.412272999999,10.0,105.0,0.0,2060.412272999999,21
649,mixed,12,diagnostic,0.0,0.0,0.0,0.0,0.0,0.0,0
649,mixed,12,optical_fallback,0.0,0.0,0.0,0.0,0.0,0.0,0
649,mixed,12,certified_clear,1461.847276876384,292.3694540000002,0.0,0.0,60.0,352.3694540000002,12
650,all_directional,11,discovery,15202.37902061125,3040.4758079999992,298.0,1560.0,0.0,4898.475807999999,312
650,all_directional,11,active_localization,7614.840550036505,1522.9681110000006,9.0,95.0,0.0,1626.9681110000006,19
650,all_directional,11,diagnostic,0.0,0.0,0.0,0.0,0.0,0.0,0
650,all_directional,11,optical_fallback,0.0,0.0,0.0,0.0,0.0,0.0,0
650,all_directional,11,certified_clear,1246.3634127325195,249.27268199999992,0.0,0.0,55.0,304.2726819999999,11
651,mixed,11,discovery,14395.670818295352,2879.134168,301.0,1585.0,0.0,4765.134168,317
651,mixed,11,active_localization,3360.6062893307994,672.1212569999996,7.0,45.0,0.0,724.1212569999996,9
651,mixed,11,diagnostic,0.0,0.0,0.0,0.0,0.0,0.0,0
651,mixed,11,optical_fallback,0.0,0.0,0.0,0.0,0.0,0.0,0
651,mixed,11,certified_clear,5067.764887240583,1013.552977,0.0,0.0,55.0,1068.552977,11
652,mixed,10,discovery,16076.002882132036,3215.200579,299.0,1575.0,0.0,5089.200578999999,315
652,mixed,10,active_localization,7251.685194840333,1450.337037999999,6.0,75.0,0.0,1531.337037999999,15
652,mixed,10,diagnostic,0.0,0.0,0.0,0.0,0.0,0.0,0
652,mixed,10,optical_fallback,0.0,0.0,0.0,0.0,0.0,0.0,0
652,mixed,10,certified_clear,2505.1821074749028,501.03642200000127,0.0,0.0,50.0,551.0364220000013,10
653,mixed,14,discovery,15749.304191654523,3149.8608409999993,226.0,1190.0,0.0,4565.860840999999,238
653,mixed,14,active_localization,3639.569643005961,727.9139310000005,10.0,70.0,0.0,807.9139310000005,14
653,mixed,14,diagnostic,0.0,0.0,0.0,0.0,0.0,0.0,0
653,mixed,14,optical_fallback,0.0,0.0,0.0,0.0,0.0,0.0,0
653,mixed,14,certified_clear,3421.0704147906818,684.2140829999998,0.0,0.0,70.0,754.2140829999998,14
654,mixed,10,discovery,16275.990764529757,3255.198158,267.0,1415.0,0.0,4937.198158,283
654,mixed,10,active_localization,4212.419167046691,842.4838330000002,7.0,65.0,0.0,914.4838330000002,13
654,mixed,10,diagnostic,0.0,0.0,0.0,0.0,0.0,0.0,0
654,mixed,10,optical_fallback,0.0,0.0,0.0,0.0,0.0,0.0,0
654,mixed,10,certified_clear,997.9167977801142,199.58335999999952,0.0,0.0,50.0,249.58335999999952,10
655,mixed,13,discovery,16748.713559995984,3349.7427160000007,253.0,1335.0,0.0,4937.742716000001,267
655,mixed,13,active_localization,4840.981211011996,968.1962409999999,6.0,55.0,0.0,1029.1962409999999,11
655,mixed,13,diagnostic,0.0,0.0,0.0,0.0,0.0,0.0,0
655,mixed,13,optical_fallback,0.0,0.0,0.0,0.0,0.0,0.0,0
655,mixed,13,certified_clear,3799.1818197616562,759.8363629999992,0.0,0.0,65.0,824.8363629999992,13
656,mixed,15,discovery,16678.303257805383,3335.660655999999,205.0,1105.0,0.0,4645.660655999998,221
656,mixed,15,active_localization,5956.167492370333,1191.2334970000006,9.0,70.0,0.0,1270.2334970000006,14
656,mixed,15,diagnostic,0.0,0.0,0.0,0.0,0.0,0.0,0
656,mixed,15,optical_fallback,0.0,0.0,0.0,0.0,0.0,0.0,0
656,mixed,15,certified_clear,5261.8940145392935,1052.3788049999998,0.0,0.0,75.0,1127.3788049999998,15
657,mixed,10,discovery,18708.43478820291,3741.6869589999997,302.0,1590.0,0.0,5633.686959,318
657,mixed,10,active_localization,4821.56196993642,964.3123929999988,5.0,55.0,0.0,1024.3123929999988,11
657,mixed,10,diagnostic,1630.8097469762597,326.1619500000006,0.0,15.0,0.0,341.1619500000006,3
657,mixed,10,optical_fallback,0.0,0.0,0.0,0.0,0.0,0.0,0
657,mixed,10,certified_clear,2229.997855000241,445.9995710000005,0.0,0.0,50.0,495.9995710000005,10
658,mixed,15,discovery,17809.49807918894,3561.899617,248.0,1300.0,0.0,5109.899616999999,260
658,mixed,15,active_localization,9005.177828917625,1801.035564000001,11.0,85.0,0.0,1897.035564000001,17
658,mixed,15,diagnostic,532.72971693184,106.54594300000008,0.0,5.0,0.0,111.54594300000008,1
658,mixed,15,optical_fallback,0.0,0.0,0.0,0.0,0.0,0.0,0
658,mixed,15,certified_clear,4036.920607770521,807.3841209999993,0.0,0.0,75.0,882.3841209999993,15
659,all_directional,16,discovery,14326.219200309914,2865.243842,254.0,1320.0,0.0,4439.243841999999,264
659,all_directional,16,active_localization,9740.024588176588,1948.0049159999996,13.0,130.0,0.0,2091.004916,26
659,all_directional,16,diagnostic,378.87280680890984,75.77456100000018,0.0,5.0,0.0,80.77456100000018,1
659,all_directional,16,optical_fallback,0.0,0.0,0.0,0.0,0.0,0.0,0
659,all_directional,16,certified_clear,1760.6599023315139,352.1319820000002,0.0,0.0,80.0,432.1319820000002,16
660,mixed,12,discovery,15267.856686124262,3053.5713389999996,268.0,1420.0,0.0,4741.571338999999,284
660,mixed,12,active_localization,2700.5604384350913,540.1120879999994,7.0,45.0,0.0,592.1120879999994,9
660,mixed,12,diagnostic,0.0,0.0,0.0,0.0,0.0,0.0,0
660,mixed,12,optical_fallback,0.0,0.0,0.0,0.0,0.0,0.0,0
660,mixed,12,certified_clear,4197.299023518932,839.4598070000011,0.0,0.0,60.0,899.4598070000011,12
661,mixed,11,discovery,15643.866445387814,3128.773291000001,279.0,1470.0,0.0,4877.773291000001,294
661,mixed,11,active_localization,6235.773456187317,1247.154691,10.0,80.0,0.0,1337.154691,16
661,mixed,11,diagnostic,0.0,0.0,0.0,0.0,0.0,0.0,0
661,mixed,11,optical_fallback,0.0,0.0,0.0,0.0,0.0,0.0,0
661,mixed,11,certified_clear,2157.895673907442,431.5791349999992,0.0,0.0,55.0,486.5791349999992,11
662,mixed,16,discovery,14881.730129451205,2976.346028,212.0,1105.0,0.0,4293.346028,221
662,mixed,16,active_localization,7419.975423750485,1483.9950839999995,10.0,100.0,0.0,1593.9950839999995,20
662,mixed,16,diagnostic,0.0,0.0,0.0,0.0,0.0,0.0,0
662,mixed,16,optical_fallback,0.0,0.0,0.0,0.0,0.0,0.0,0
662,mixed,16,certified_clear,3083.316710888912,616.663341,0.0,0.0,80.0,696.663341,16
663,mixed,10,discovery,17314.565878078007,3462.9131789999997,290.0,1530.0,0.0,5282.913178999999,306
663,mixed,10,active_localization,3519.897225250731,703.9794449999997,7.0,60.0,0.0,770.9794449999997,12
663,mixed,10,diagnostic,0.0,0.0,0.0,0.0,0.0,0.0,0
663,mixed,10,optical_fallback,0.0,0.0,0.0,0.0,0.0,0.0,0
663,mixed,10,certified_clear,2018.7455036675415,403.7491000000007,0.0,0.0,50.0,453.7491000000007,10
664,mixed,10,discovery,16360.786669182018,3272.1573370000006,259.0,1365.0,0.0,4896.157337000001,273
664,mixed,10,active_localization,5885.511860851115,1177.1023720000003,9.0,65.0,0.0,1251.1023720000003,13
664,mixed,10,diagnostic,0.0,0.0,0.0,0.0,0.0,0.0,0
664,mixed,10,optical_fallback,0.0,0.0,0.0,0.0,0.0,0.0,0
664,mixed,10,certified_clear,1459.5550402594354,291.9110089999996,0.0,0.0,50.0,341.9110089999996,10
665,mixed,15,discovery,17015.924615952037,3403.184926,225.0,1195.0,0.0,4823.184926,239
665,mixed,15,active_localization,4209.444853027094,841.8889710000003,7.0,60.0,0.0,908.8889710000003,12
665,mixed,15,diagnostic,0.0,0.0,0.0,0.0,0.0,0.0,0
665,mixed,15,optical_fallback,0.0,0.0,0.0,0.0,0.0,0.0,0
665,mixed,15,certified_clear,3408.009810099264,681.6019620000001,0.0,0.0,75.0,756.6019620000001,15
666,mixed,13,discovery,16786.869556237834,3357.3739159999996,210.0,1130.0,0.0,4697.3739160000005,226
666,mixed,13,active_localization,4865.410250998967,973.0820489999998,11.0,70.0,0.0,1054.0820489999996,14
666,mixed,13,diagnostic,1244.3421045262867,248.86842100000013,0.0,15.0,0.0,263.8684210000001,3
666,mixed,13,optical_fallback,1274.893770107882,254.97875399999975,0.0,0.0,77.0,331.97875399999975,25
666,mixed,13,certified_clear,2725.967872983887,545.1935760000001,0.0,0.0,60.0,605.1935760000001,12
667,mixed,15,discovery,17751.319434419067,3550.263892,248.0,1320.0,0.0,5118.263892,264
667,mixed,15,active_localization,11753.3344780171,2350.666897,9.0,100.0,0.0,2459.666897,20
667,mixed,15,diagnostic,2548.73759943759,509.74751899999956,0.0,30.0,0.0,539.7475189999996,6
667,mixed,15,optical_fallback,287.4863615883264,57.49727200000052,0.0,0.0,35.0,92.49727200000052,11
667,mixed,15,certified_clear,2545.731309409949,509.1462619999991,0.0,0.0,70.0,579.1462619999991,14
668,mixed,15,discovery,14676.916676233874,2935.3833379999987,237.0,1255.0,0.0,4427.383337999998,251
668,mixed,15,active_localization,5782.2857278121755,1156.4571439999988,10.0,85.0,0.0,1251.4571439999988,17
668,mixed,15,diagnostic,0.0,0.0,0.0,0.0,0.0,0.0,0
668,mixed,15,optical_fallback,0.0,0.0,0.0,0.0,0.0,0.0,0
668,mixed,15,certified_clear,4601.896806374328,920.3793590000029,0.0,0.0,75.0,995.3793590000029,15
669,mixed,11,discovery,18379.87664227522,3675.975334,259.0,1375.0,0.0,5309.975334,275
669,mixed,11,active_localization,5306.629054693238,1061.3258120000003,9.0,85.0,0.0,1155.3258120000003,17
669,mixed,11,diagnostic,1879.8469892980684,375.9693979999995,0.0,20.0,0.0,395.9693979999995,4
669,mixed,11,optical_fallback,0.0,0.0,0.0,0.0,0.0,0.0,0
669,mixed,11,certified_clear,2283.7783446735802,456.7556679999997,0.0,0.0,55.0,511.7556679999997,11
670,mixed,16,discovery,11584.154852236758,2316.8309710000003,171.0,895.0,0.0,3382.8309710000003,179
670,mixed,16,active_localization,6933.88358574398,1386.7767170000002,13.0,95.0,0.0,1494.7767170000002,19
670,mixed,16,diagnostic,0.0,0.0,0.0,0.0,0.0,0.0,0
670,mixed,16,optical_fallback,0.0,0.0,0.0,0.0,0.0,0.0,0
670,mixed,16,certified_clear,2527.0928255884633,505.4185639999991,0.0,0.0,80.0,585.4185639999992,16
671,mixed,12,discovery,17004.023233364158,3400.8046509999995,257.0,1355.0,0.0,5012.804651,271
671,mixed,12,active_localization,6483.919553608873,1296.7839099999994,10.0,75.0,0.0,1381.7839099999994,15
671,mixed,12,diagnostic,0.0,0.0,0.0,0.0,0.0,0.0,0
671,mixed,12,optical_fallback,0.0,0.0,0.0,0.0,0.0,0.0,0
671,mixed,12,certified_clear,1292.755404061698,258.5510810000009,0.0,0.0,60.0,318.5510810000009,12
672,mixed,16,discovery,8782.104739208573,1756.4209490000007,185.0,965.0,0.0,2906.4209490000007,193
672,mixed,16,active_localization,9556.24196899996,1911.248395,14.0,115.0,0.0,2040.248395,23
672,mixed,16,diagnostic,0.0,0.0,0.0,0.0,0.0,0.0,0
672,mixed,16,optical_fallback,0.0,0.0,0.0,0.0,0.0,0.0,0
672,mixed,16,certified_clear,3095.4278185936764,619.0855619999992,0.0,0.0,80.0,699.0855619999992,16
673,mixed,12,discovery,16817.05573749658,3363.4111489999996,249.0,1310.0,0.0,4922.411149,262
673,mixed,12,active_localization,4564.454801916529,912.8909590000003,9.0,60.0,0.0,981.8909590000003,12
673,mixed,12,diagnostic,0.0,0.0,0.0,0.0,0.0,0.0,0
673,mixed,12,optical_fallback,0.0,0.0,0.0,0.0,0.0,0.0,0
673,mixed,12,certified_clear,2815.656736637301,563.1313470000003,0.0,0.0,60.0,623.1313470000003,12
674,mixed,10,discovery,14534.169468580316,2906.833896,285.0,1505.0,0.0,4696.833896,301
674,mixed,10,active_localization,2805.866616980335,561.1733229999988,5.0,45.0,0.0,611.1733229999988,9
674,mixed,10,diagnostic,0.0,0.0,0.0,0.0,0.0,0.0,0
674,mixed,10,optical_fallback,0.0,0.0,0.0,0.0,0.0,0.0,0
674,mixed,10,certified_clear,3188.633547926312,637.7267090000007,0.0,0.0,50.0,687.7267090000007,10
675,mixed,12,discovery,16228.519520256807,3245.7039070000005,262.0,1400.0,0.0,4907.703907000001,280
675,mixed,12,active_localization,2364.183750964836,472.8367499999997,4.0,25.0,0.0,501.8367499999997,5
675,mixed,12,diagnostic,0.0,0.0,0.0,0.0,0.0,0.0,0
675,mixed,12,optical_fallback,0.0,0.0,0.0,0.0,0.0,0.0,0
675,mixed,12,certified_clear,3300.1585225703475,660.0317039999993,0.0,0.0,60.0,720.0317039999993,12
676,mixed,15,discovery,13047.933262501658,2609.586653999999,213.0,1125.0,0.0,3947.586653999999,225
676,mixed,15,active_localization,6032.4285930722635,1206.4857190000005,8.0,55.0,0.0,1269.4857190000005,11
676,mixed,15,diagnostic,0.0,0.0,0.0,0.0,0.0,0.0,0
676,mixed,15,optical_fallback,0.0,0.0,0.0,0.0,0.0,0.0,0
676,mixed,15,certified_clear,5282.44227751146,1056.4884550000004,0.0,0.0,75.0,1131.4884550000004,15
677,mixed,14,discovery,15764.645140233175,3152.929029,223.0,1175.0,0.0,4550.929029,235
677,mixed,14,active_localization,7077.341804652896,1415.4683600000005,11.0,80.0,0.0,1506.4683600000005,16
677,mixed,14,diagnostic,0.0,0.0,0.0,0.0,0.0,0.0,0
677,mixed,14,optical_fallback,0.0,0.0,0.0,0.0,0.0,0.0,0
677,mixed,14,certified_clear,2955.1192445719853,591.0238489999995,0.0,0.0,70.0,661.0238489999995,14
678,mixed,15,discovery,16135.286857130799,3227.0573729999996,219.0,1155.0,0.0,4601.057373,231
678,mixed,15,active_localization,6803.096171227417,1360.6192340000005,10.0,85.0,0.0,1455.6192340000005,17
678,mixed,15,diagnostic,0.0,0.0,0.0,0.0,0.0,0.0,0
678,mixed,15,optical_fallback,0.0,0.0,0.0,0.0,0.0,0.0,0
678,mixed,15,certified_clear,4529.9776559248185,905.9955299999997,0.0,0.0,75.0,980.9955299999997,15
679,mixed,16,discovery,7483.7151735715215,1496.7430349999997,175.0,900.0,0.0,2571.743035,180
679,mixed,16,active_localization,8527.195537901936,1705.439107,12.0,110.0,0.0,1827.439107,22
679,mixed,16,diagnostic,727.8257476521034,145.56515000000036,0.0,5.0,0.0,150.56515000000036,1
679,mixed,16,optical_fallback,0.0,0.0,0.0,0.0,0.0,0.0,0
679,mixed,16,certified_clear,2719.5256573955344,543.90513,0.0,0.0,80.0,623.90513,16
680,mixed,10,discovery,16067.28573506387,3213.457152000001,267.0,1410.0,0.0,4890.457152000001,282
680,mixed,10,active_localization,5985.73983978175,1197.1479659999993,7.0,65.0,0.0,1269.1479659999993,13
680,mixed,10,diagnostic,0.0,0.0,0.0,0.0,0.0,0.0,0
680,mixed,10,optical_fallback,0.0,0.0,0.0,0.0,0.0,0.0,0
680,mixed,10,certified_clear,1664.4898438579028,332.8979689999998,0.0,0.0,50.0,382.8979689999998,10
681,mixed,11,discovery,16241.989616603656,3248.397927,309.0,1610.0,0.0,5167.397927,322
681,mixed,11,active_localization,7025.471383391512,1405.0942770000001,10.0,90.0,0.0,1505.0942770000001,18
681,mixed,11,diagnostic,0.0,0.0,0.0,0.0,0.0,0.0,0
681,mixed,11,optical_fallback,0.0,0.0,0.0,0.0,0.0,0.0,0
681,mixed,11,certified_clear,1708.2942348463175,341.65884700000015,0.0,0.0,55.0,396.65884700000015,11
682,mixed,12,discovery,16284.833711635925,3256.9667439999994,245.0,1290.0,0.0,4791.966743999999,258
682,mixed,12,active_localization,3466.0575424689814,693.2115099999996,8.0,45.0,0.0,746.2115099999996,9
682,mixed,12,diagnostic,0.0,0.0,0.0,0.0,0.0,0.0,0
682,mixed,12,optical_fallback,0.0,0.0,0.0,0.0,0.0,0.0,0
682,mixed,12,certified_clear,2109.791871430581,421.95837500000073,0.0,0.0,60.0,481.95837500000073,12
683,mixed,10,discovery,14843.359463738743,2968.6718960000007,264.0,1390.0,0.0,4622.671896000001,278
683,mixed,10,active_localization,5990.25373004937,1198.050743999999,8.0,65.0,0.0,1271.050743999999,13
683,mixed,10,diagnostic,345.23157358047587,69.04631500000005,0.0,5.0,0.0,74.04631500000005,1
683,mixed,10,optical_fallback,0.0,0.0,0.0,0.0,0.0,0.0,0
683,mixed,10,certified_clear,1320.2588908001383,264.0517779999997,0.0,0.0,50.0,314.0517779999997,10
684,mixed,15,discovery,14583.68717135874,2916.7374390000004,214.0,1135.0,0.0,4265.737439,227
684,mixed,15,active_localization,8432.798258795061,1686.5596520000006,12.0,90.0,0.0,1788.5596520000006,18
684,mixed,15,diagnostic,0.0,0.0,0.0,0.0,0.0,0.0,0
684,mixed,15,optical_fallback,0.0,0.0,0.0,0.0,0.0,0.0,0
684,mixed,15,certified_clear,2004.5142624033201,400.90285399999925,0.0,0.0,75.0,475.90285399999925,15
685,mixed,14,discovery,14182.87364163897,2836.5747319999987,219.0,1160.0,0.0,4215.574731999999,232
685,mixed,14,active_localization,5051.272030002355,1010.254406,11.0,70.0,0.0,1091.254406,14
685,mixed,14,diagnostic,0.0,0.0,0.0,0.0,0.0,0.0,0
685,mixed,14,optical_fallback,0.0,0.0,0.0,0.0,0.0,0.0,0
685,mixed,14,certified_clear,3356.8998817974425,671.379977000001,0.0,0.0,70.0,741.379977000001,14
686,mixed,11,discovery,15161.27907135618,3032.2558179999996,231.0,1230.0,0.0,4493.255818,246
686,mixed,11,active_localization,5822.992549980854,1164.5985100000003,9.0,55.0,0.0,1228.5985100000003,11
686,mixed,11,diagnostic,0.0,0.0,0.0,0.0,0.0,0.0,0
686,mixed,11,optical_fallback,0.0,0.0,0.0,0.0,0.0,0.0,0
686,mixed,11,certified_clear,3110.8490446264104,622.1698069999998,0.0,0.0,55.0,677.1698069999998,11
687,mixed,12,discovery,16071.958087097575,3214.3916209999998,238.0,1275.0,0.0,4727.391621,255
687,mixed,12,active_localization,2491.134283126295,498.22685700000073,6.0,35.0,0.0,539.2268570000008,7
687,mixed,12,diagnostic,0.0,0.0,0.0,0.0,0.0,0.0,0
687,mixed,12,optical_fallback,0.0,0.0,0.0,0.0,0.0,0.0,0
687,mixed,12,certified_clear,4324.311583619502,864.8623159999995,0.0,0.0,60.0,924.8623159999995,12
688,mixed,13,discovery,15505.185784435049,3101.0371600000008,237.0,1255.0,0.0,4593.037160000002,251
688,mixed,13,active_localization,6337.932650728434,1267.586528,11.0,80.0,0.0,1358.586528,16
688,mixed,13,diagnostic,1243.3034373659252,248.6606870000005,0.0,10.0,0.0,258.6606870000005,2
688,mixed,13,optical_fallback,0.0,0.0,0.0,0.0,0.0,0.0,0
688,mixed,13,certified_clear,3366.157753718516,673.2315499999983,0.0,0.0,65.0,738.2315499999983,13
689,mixed,14,discovery,14458.435744948029,2891.6871490000003,239.0,1260.0,0.0,4390.687149,252
689,mixed,14,active_localization,6345.265287665512,1269.053057,10.0,80.0,0.0,1359.053057,16
689,mixed,14,diagnostic,717.2371425497433,143.44742899999983,0.0,15.0,0.0,158.44742899999983,3
689,mixed,14,optical_fallback,0.0,0.0,0.0,0.0,0.0,0.0,0
689,mixed,14,certified_clear,2850.228867091474,570.045774,0.0,0.0,70.0,640.045774,14
690,mixed,10,discovery,16110.083950415992,3222.016794000001,292.0,1540.0,0.0,5054.016794,308
690,mixed,10,active_localization,3735.1416090927214,747.028321999999,7.0,60.0,0.0,814.028321999999,12
690,mixed,10,diagnostic,0.0,0.0,0.0,0.0,0.0,0.0,0
690,mixed,10,optical_fallback,0.0,0.0,0.0,0.0,0.0,0.0,0
690,mixed,10,certified_clear,2287.1506366408785,457.4301280000005,0.0,0.0,50.0,507.4301280000005,10
691,mixed,14,discovery,16059.32001612629,3211.8640039999996,225.0,1190.0,0.0,4626.864003999999,238
691,mixed,14,active_localization,8452.9226416011,1690.5845290000002,12.0,90.0,0.0,1792.5845290000002,18
691,mixed,14,diagnostic,0.0,0.0,0.0,0.0,0.0,0.0,0
691,mixed,14,optical_fallback,0.0,0.0,0.0,0.0,0.0,0.0,0
691,mixed,14,certified_clear,2943.3849720907624,588.6769949999998,0.0,0.0,70.0,658.6769949999998,14
692,mixed,16,discovery,8336.042852037208,1667.2085710000001,160.0,825.0,0.0,2652.208571,165
692,mixed,16,active_localization,7801.559380691025,1560.3118750000006,14.0,125.0,0.0,1699.3118750000006,25
692,mixed,16,diagnostic,0.0,0.0,0.0,0.0,0.0,0.0,0
692,mixed,16,optical_fallback,0.0,0.0,0.0,0.0,0.0,0.0,0
692,mixed,16,certified_clear,2970.7167781483145,594.143354999999,0.0,0.0,80.0,674.143354999999,16
693,mixed,14,discovery,15478.570107717607,3095.7140249999993,182.0,990.0,0.0,4267.714024999999,198
693,mixed,14,active_localization,4308.095251150448,861.6190489999999,10.0,75.0,0.0,946.6190489999999,15
693,mixed,14,diagnostic,0.0,0.0,0.0,0.0,0.0,0.0,0
693,mixed,14,optical_fallback,0.0,0.0,0.0,0.0,0.0,0.0,0
693,mixed,14,certified_clear,2825.087950939056,565.0175900000004,0.0,0.0,70.0,635.0175900000004,14
694,mixed,13,discovery,13635.74049283219,2727.148103,230.0,1225.0,0.0,4182.1481029999995,245
694,mixed,13,active_localization,5093.227961935779,1018.645594999999,6.0,55.0,0.0,1079.645594999999,11
694,mixed,13,diagnostic,0.0,0.0,0.0,0.0,0.0,0.0,0
694,mixed,13,optical_fallback,0.0,0.0,0.0,0.0,0.0,0.0,0
694,mixed,13,certified_clear,3432.903694327972,686.5807410000011,0.0,0.0,65.0,751.5807410000011,13
695,mixed,11,discovery,15902.596013271552,3180.5192060000004,258.0,1365.0,0.0,4803.519206,273
695,mixed,11,active_localization,3634.4624451521877,726.8924900000002,9.0,65.0,0.0,800.8924900000002,13
695,mixed,11,diagnostic,356.25520707028954,71.25104099999953,0.0,5.0,0.0,76.25104099999953,1
695,mixed,11,optical_fallback,0.0,0.0,0.0,0.0,0.0,0.0,0
695,mixed,11,certified_clear,2359.631923908258,471.9263850000001,0.0,0.0,55.0,526.9263850000001,11
696,mixed,14,discovery,16673.69796939181,3334.739597,248.0,1305.0,0.0,4887.739597,261
696,mixed,14,active_localization,7123.0168066175565,1424.603360999999,12.0,85.0,0.0,1521.603360999999,17
696,mixed,14,diagnostic,0.0,0.0,0.0,0.0,0.0,0.0,0
696,mixed,14,optical_fallback,0.0,0.0,0.0,0.0,0.0,0.0,0
696,mixed,14,certified_clear,3886.328103843118,777.2656200000013,0.0,0.0,70.0,847.2656200000013,14
697,mixed,11,discovery,14176.179707399557,2835.2359460000002,273.0,1435.0,0.0,4543.235946000001,287
697,mixed,11,active_localization,6946.738491707862,1389.3476980000003,8.0,50.0,0.0,1447.3476980000003,10
697,mixed,11,diagnostic,0.0,0.0,0.0,0.0,0.0,0.0,0
697,mixed,11,optical_fallback,0.0,0.0,0.0,0.0,0.0,0.0,0
697,mixed,11,certified_clear,2516.3094155193844,503.2618829999999,0.0,0.0,55.0,558.2618829999999,11
698,mixed,10,discovery,16928.824502877105,3385.7649029999984,285.0,1510.0,0.0,5180.764902999998,302
698,mixed,10,active_localization,2289.0861580170103,457.81723300000056,4.0,50.0,0.0,511.81723300000056,10
698,mixed,10,diagnostic,113.05530811023087,22.611061999999947,0.0,5.0,0.0,27.611061999999947,1
698,mixed,10,optical_fallback,0.0,0.0,0.0,0.0,0.0,0.0,0
698,mixed,10,certified_clear,3073.955655424117,614.7911300000005,0.0,0.0,50.0,664.7911300000005,10
699,mixed,10,discovery,17909.437106049856,3581.887426000001,297.0,1565.0,0.0,5443.887426000001,313
699,mixed,10,active_localization,5408.37794310448,1081.675588,7.0,55.0,0.0,1143.675588,11
699,mixed,10,diagnostic,0.0,0.0,0.0,0.0,0.0,0.0,0
699,mixed,10,optical_fallback,0.0,0.0,0.0,0.0,0.0,0.0,0
699,mixed,10,certified_clear,3022.521896999414,604.5043799999988,0.0,0.0,50.0,654.5043799999988,10
700,mixed,16,discovery,13384.201614945616,2676.8403229999985,235.0,1250.0,0.0,4161.8403229999985,250
700,mixed,16,active_localization,3978.9852991152034,795.7970600000006,7.0,45.0,0.0,847.7970600000006,9
700,mixed,16,diagnostic,0.0,0.0,0.0,0.0,0.0,0.0,0
700,mixed,16,optical_fallback,0.0,0.0,0.0,0.0,0.0,0.0,0
700,mixed,16,certified_clear,6168.925719006893,1233.7851430000012,0.0,0.0,80.0,1313.7851430000012,16
701,mixed,14,discovery,14440.404298619442,2888.0808640000005,239.0,1260.0,0.0,4387.0808640000005,252
701,mixed,14,active_localization,7512.89224190976,1502.5784509999999,11.0,75.0,0.0,1588.5784509999999,15
701,mixed,14,diagnostic,0.0,0.0,0.0,0.0,0.0,0.0,0
701,mixed,14,optical_fallback,0.0,0.0,0.0,0.0,0.0,0.0,0
701,mixed,14,certified_clear,2549.0430468545032,509.80860899999925,0.0,0.0,70.0,579.8086089999993,14
702,mixed,16,discovery,10275.961482273771,2055.1922989999985,230.0,1190.0,0.0,3475.1922989999985,238
702,mixed,16,active_localization,10930.658882047077,2186.1317769999996,9.0,95.0,0.0,2290.1317769999996,19
702,mixed,16,diagnostic,872.150655433132,174.43013100000007,0.0,10.0,0.0,184.43013100000007,2
702,mixed,16,optical_fallback,0.0,0.0,0.0,0.0,0.0,0.0,0
702,mixed,16,certified_clear,4467.88765825326,893.5775320000022,0.0,0.0,80.0,973.5775320000022,16
703,mixed,14,discovery,15728.28921182286,3145.6578450000006,246.0,1295.0,0.0,4686.657845000001,259
703,mixed,14,active_localization,5169.661846266624,1033.932368999999,10.0,85.0,0.0,1128.932368999999,17
703,mixed,14,diagnostic,0.0,0.0,0.0,0.0,0.0,0.0,0
703,mixed,14,optical_fallback,0.0,0.0,0.0,0.0,0.0,0.0,0
703,mixed,14,certified_clear,4211.989097366227,842.3978210000006,0.0,0.0,70.0,912.3978210000006,14
704,mixed,13,discovery,16714.652128247693,3342.9304279999997,213.0,1150.0,0.0,4705.930428,230
704,mixed,13,active_localization,2488.9579133732,497.79158300000034,8.0,40.0,0.0,545.7915830000004,8
704,mixed,13,diagnostic,0.0,0.0,0.0,0.0,0.0,0.0,0
704,mixed,13,optical_fallback,0.0,0.0,0.0,0.0,0.0,0.0,0
704,mixed,13,certified_clear,4113.255712370789,822.6511419999993,0.0,0.0,65.0,887.6511419999993,13
705,mixed,15,discovery,14626.815264486331,2925.3630570000005,255.0,1350.0,0.0,4530.3630570000005,270
705,mixed,15,active_localization,5028.3360048001105,1005.6672010000001,7.0,65.0,0.0,1077.6672010000002,13
705,mixed,15,diagnostic,0.0,0.0,0.0,0.0,0.0,0.0,0
705,mixed,15,optical_fallback,0.0,0.0,0.0,0.0,0.0,0.0,0
705,mixed,15,certified_clear,5416.093321408196,1083.2186639999993,0.0,0.0,75.0,1158.2186639999993,15
706,mixed,13,discovery,15771.428787284274,3154.2857609999996,286.0,1500.0,0.0,4940.285760999999,300
706,mixed,13,active_localization,5052.813621179452,1010.5627239999997,8.0,75.0,0.0,1093.5627239999997,15
706,mixed,13,diagnostic,0.0,0.0,0.0,0.0,0.0,0.0,0
706,mixed,13,optical_fallback,0.0,0.0,0.0,0.0,0.0,0.0,0
706,mixed,13,certified_clear,3212.5815734987555,642.5163150000011,0.0,0.0,65.0,707.5163150000011,13
707,mixed,15,discovery,15535.207522374893,3107.041507000001,253.0,1325.0,0.0,4685.041507000001,265
707,mixed,15,active_localization,6201.255175732714,1240.2510359999992,10.0,100.0,0.0,1350.2510359999992,20
707,mixed,15,diagnostic,547.4563235434116,109.49126500000057,0.0,5.0,0.0,114.49126500000057,1
707,mixed,15,optical_fallback,0.0,0.0,0.0,0.0,0.0,0.0,0
707,mixed,15,certified_clear,3991.711642601889,798.3423289999993,0.0,0.0,75.0,873.3423289999993,15
708,mixed,13,discovery,15992.686825483352,3198.5373660000005,233.0,1240.0,0.0,4671.5373660000005,248
708,mixed,13,active_localization,5537.19725777758,1107.4394519999994,9.0,70.0,0.0,1186.4394519999994,14
708,mixed,13,diagnostic,0.0,0.0,0.0,0.0,0.0,0.0,0
708,mixed,13,optical_fallback,0.0,0.0,0.0,0.0,0.0,0.0,0
708,mixed,13,certified_clear,4060.824365671789,812.1648720000003,0.0,0.0,65.0,877.1648720000003,13
709,mixed,16,discovery,13603.22289932382,2720.644582999999,172.0,920.0,0.0,3812.644582999999,184
709,mixed,16,active_localization,4109.236569007492,821.8473160000003,10.0,70.0,0.0,901.8473160000003,14
709,mixed,16,diagnostic,0.0,0.0,0.0,0.0,0.0,0.0,0
709,mixed,16,optical_fallback,0.0,0.0,0.0,0.0,0.0,0.0,0
709,mixed,16,certified_clear,3755.4082227727217,751.081646000001,0.0,0.0,80.0,831.081646000001,16
710,mixed,11,discovery,14955.388073895796,2991.0776160000005,285.0,1490.0,0.0,4766.0776160000005,298
710,mixed,11,active_localization,8330.998261875198,1666.1996520000007,9.0,75.0,0.0,1750.1996520000007,15
710,mixed,11,diagnostic,0.0,0.0,0.0,0.0,0.0,0.0,0
710,mixed,11,optical_fallback,0.0,0.0,0.0,0.0,0.0,0.0,0
710,mixed,11,certified_clear,899.3610984397116,179.8722199999986,0.0,0.0,55.0,234.8722199999986,11
711,mixed,15,discovery,16726.87604099953,3345.3752109999996,240.0,1265.0,0.0,4850.375211,253
711,mixed,15,active_localization,7334.15440911923,1466.8308799999998,13.0,105.0,0.0,1584.8308799999998,21
711,mixed,15,diagnostic,323.06261692578596,64.61252300000001,0.0,15.0,0.0,79.61252300000001,3
711,mixed,15,optical_fallback,0.0,0.0,0.0,0.0,0.0,0.0,0
711,mixed,15,certified_clear,3410.7838840799977,682.156776,0.0,0.0,75.0,757.156776,15
712,mixed,10,discovery,16385.781435186378,3277.15629,299.0,1570.0,0.0,5146.15629,314
712,mixed,10,active_localization,3299.3109071338745,659.8621809999999,6.0,55.0,0.0,720.8621809999999,11
712,mixed,10,diagnostic,0.0,0.0,0.0,0.0,0.0,0.0,0
712,mixed,10,optical_fallback,0.0,0.0,0.0,0.0,0.0,0.0,0
712,mixed,10,certified_clear,3443.5163145443275,688.7032630000001,0.0,0.0,50.0,738.7032630000001,10
713,mixed,12,discovery,17175.106500442034,3435.0213040000003,244.0,1300.0,0.0,4979.021304,260
713,mixed,12,active_localization,3726.5608440415936,745.3121710000004,9.0,80.0,0.0,834.3121710000004,16
713,mixed,12,diagnostic,0.0,0.0,0.0,0.0,0.0,0.0,0
713,mixed,12,optical_fallback,0.0,0.0,0.0,0.0,0.0,0.0,0
713,mixed,12,certified_clear,2785.213006585994,557.0426019999991,0.0,0.0,60.0,617.0426019999991,12
714,mixed,13,discovery,14911.646771223746,2982.3293590000003,263.0,1375.0,0.0,4620.329359,275
714,mixed,13,active_localization,6291.6625826441905,1258.3325159999995,10.0,60.0,0.0,1328.3325159999995,12
714,mixed,13,diagnostic,0.0,0.0,0.0,0.0,0.0,0.0,0
714,mixed,13,optical_fallback,0.0,0.0,0.0,0.0,0.0,0.0,0
714,mixed,13,certified_clear,3074.1590412910136,614.8318100000004,0.0,0.0,65.0,679.8318100000004,13
715,mixed,15,discovery,12723.10454643316,2544.6209099999996,231.0,1220.0,0.0,3995.6209099999996,244
715,mixed,15,active_localization,4211.375150632727,842.2750290000013,9.0,70.0,0.0,921.2750290000013,14
715,mixed,15,diagnostic,0.0,0.0,0.0,0.0,0.0,0.0,0
715,mixed,15,optical_fallback,0.0,0.0,0.0,0.0,0.0,0.0,0
715,mixed,15,certified_clear,6782.864871535623,1356.5729739999988,0.0,0.0,75.0,1431.5729739999988,15
716,mixed,13,discovery,14726.169217067074,2945.233845999999,222.0,1175.0,0.0,4342.233845999999,235
716,mixed,13,active_localization,6434.909160463426,1286.9818350000007,12.0,85.0,0.0,1383.9818350000007,17
716,mixed,13,diagnostic,0.0,0.0,0.0,0.0,0.0,0.0,0
716,mixed,13,optical_fallback,0.0,0.0,0.0,0.0,0.0,0.0,0
716,mixed,13,certified_clear,1402.271792656211,280.4543579999995,0.0,0.0,65.0,345.4543579999995,13
717,mixed,13,discovery,14950.254970585624,2990.0509969999994,300.0,1555.0,0.0,4845.050996999999,311
717,mixed,13,active_localization,6563.748434413656,1312.7496879999997,10.0,85.0,0.0,1407.7496879999997,17
717,mixed,13,diagnostic,0.0,0.0,0.0,0.0,0.0,0.0,0
717,mixed,13,optical_fallback,0.0,0.0,0.0,0.0,0.0,0.0,0
717,mixed,13,certified_clear,1755.8511062568136,351.1702210000005,0.0,0.0,65.0,416.1702210000005,13
718,mixed,13,discovery,16401.49173418198,3280.298351,247.0,1310.0,0.0,4837.2983509999995,262
718,mixed,13,active_localization,4131.093994150124,826.2187980000004,8.0,55.0,0.0,889.2187980000004,11
718,mixed,13,diagnostic,0.0,0.0,0.0,0.0,0.0,0.0,0
718,mixed,13,optical_fallback,0.0,0.0,0.0,0.0,0.0,0.0,0
718,mixed,13,certified_clear,5917.87562937842,1183.575127,0.0,0.0,65.0,1248.575127,13
719,mixed,12,discovery,16853.809394433993,3370.7618819999993,238.0,1260.0,0.0,4868.761881999999,252
719,mixed,12,active_localization,4421.309676502047,884.261935,9.0,65.0,0.0,958.261935,13
719,mixed,12,diagnostic,0.0,0.0,0.0,0.0,0.0,0.0,0
719,mixed,12,optical_fallback,0.0,0.0,0.0,0.0,0.0,0.0,0
719,mixed,12,certified_clear,3807.065898915409,761.4131810000008,0.0,0.0,60.0,821.4131810000008,12
720,all_directional,11,discovery,15210.480154706443,3042.096033,312.0,1625.0,0.0,4979.096033000001,325
720,all_directional,11,active_localization,5111.527656199704,1022.3055310000002,8.0,80.0,0.0,1110.3055310000002,16
720,all_directional,11,diagnostic,0.0,0.0,0.0,0.0,0.0,0.0,0
720,all_directional,11,optical_fallback,0.0,0.0,0.0,0.0,0.0,0.0,0
720,all_directional,11,certified_clear,2182.6802387140533,436.53604900000005,0.0,0.0,55.0,491.53604900000005,11
721,mixed,10,discovery,18595.38670415768,3719.077345999999,270.0,1430.0,0.0,5419.077346,286
721,mixed,10,active_localization,5235.8514217788015,1047.170285,6.0,50.0,0.0,1103.170285,10
721,mixed,10,diagnostic,0.0,0.0,0.0,0.0,0.0,0.0,0
721,mixed,10,optical_fallback,0.0,0.0,0.0,0.0,0.0,0.0,0
721,mixed,10,certified_clear,2081.914709213899,416.38294100000064,0.0,0.0,50.0,466.38294100000064,10
722,all_directional,10,discovery,16319.01536881252,3263.8030789999993,309.0,1625.0,0.0,5197.803078999999,325
722,all_directional,10,active_localization,7232.262160533207,1446.4524310000002,8.0,75.0,0.0,1529.4524310000002,15
722,all_directional,10,diagnostic,713.7133259769968,142.74266500000078,0.0,15.0,0.0,157.74266500000078,3
722,all_directional,10,optical_fallback,0.0,0.0,0.0,0.0,0.0,0.0,0
722,all_directional,10,certified_clear,2013.5235298110879,402.70470499999976,0.0,0.0,50.0,452.70470499999976,10
723,mixed,15,discovery,16686.98477865801,3337.396957999999,239.0,1260.0,0.0,4836.396957999999,252
723,mixed,15,active_localization,7974.956413646936,1594.9912840000009,13.0,110.0,0.0,1717.9912840000009,22
723,mixed,15,diagnostic,0.0,0.0,0.0,0.0,0.0,0.0,0
723,mixed,15,optical_fallback,0.0,0.0,0.0,0.0,0.0,0.0,0
723,mixed,15,certified_clear,2272.811088945583,454.56221700000003,0.0,0.0,75.0,529.562217,15
724,mixed,11,discovery,16626.223414504217,3325.244687,256.0,1370.0,0.0,4951.244687,274
724,mixed,11,active_localization,2872.8992683043098,574.5798530000001,6.0,55.0,0.0,635.5798530000001,11
724,mixed,11,diagnostic,0.0,0.0,0.0,0.0,0.0,0.0,0
724,mixed,11,optical_fallback,0.0,0.0,0.0,0.0,0.0,0.0,0
724,mixed,11,certified_clear,3528.3708843170184,705.6741790000001,0.0,0.0,55.0,760.6741790000001,11
725,mixed,14,discovery,15471.352163671434,3094.2704360000016,267.0,1395.0,0.0,4756.2704360000025,279
725,mixed,14,active_localization,9303.965191596977,1860.7930390000004,12.0,90.0,0.0,1962.7930390000004,18
725,mixed,14,diagnostic,0.0,0.0,0.0,0.0,0.0,0.0,0
725,mixed,14,optical_fallback,0.0,0.0,0.0,0.0,0.0,0.0,0
725,mixed,14,certified_clear,2185.8052763705923,437.16105499999844,0.0,0.0,70.0,507.16105499999844,14
726,mixed,13,discovery,14555.831534181169,2911.1663100000014,250.0,1315.0,0.0,4476.166310000001,263
726,mixed,13,active_localization,4125.98589026378,825.1971769999993,11.0,75.0,0.0,911.1971769999993,15
726,mixed,13,diagnostic,554.9486652907566,110.98973300000034,0.0,5.0,0.0,115.98973300000034,1
726,mixed,13,optical_fallback,0.0,0.0,0.0,0.0,0.0,0.0,0
726,mixed,13,certified_clear,3718.4429066823304,743.6885819999989,0.0,0.0,65.0,808.6885819999989,13
727,mixed,16,discovery,15421.171758022276,3084.234356000001,228.0,1205.0,0.0,4517.234356000001,241
727,mixed,16,active_localization,8710.36378354475,1742.0727579999998,14.0,120.0,0.0,1876.0727579999998,24
727,mixed,16,diagnostic,0.0,0.0,0.0,0.0,0.0,0.0,0
727,mixed,16,optical_fallback,0.0,0.0,0.0,0.0,0.0,0.0,0
727,mixed,16,certified_clear,2380.6119328019727,476.12238799999955,0.0,0.0,80.0,556.1223879999995,16
728,mixed,12,discovery,14740.657870620364,2948.1315770000006,293.0,1535.0,0.0,4776.131577000001,307
728,mixed,12,active_localization,7093.2578414803675,1418.6515690000003,10.0,70.0,0.0,1498.6515690000003,14
728,mixed,12,diagnostic,0.0,0.0,0.0,0.0,0.0,0.0,0
728,mixed,12,optical_fallback,0.0,0.0,0.0,0.0,0.0,0.0,0
728,mixed,12,certified_clear,2061.3686930769277,412.27374099999884,0.0,0.0,60.0,472.27374099999884,12
729,mixed,13,discovery,13905.976938903053,2781.1953920000014,264.0,1390.0,0.0,4435.195392000001,278
729,mixed,13,active_localization,5371.692094905848,1074.338418999999,10.0,60.0,0.0,1144.338418999999,12
729,mixed,13,diagnostic,0.0,0.0,0.0,0.0,0.0,0.0,0
729,mixed,13,optical_fallback,0.0,0.0,0.0,0.0,0.0,0.0,0
729,mixed,13,certified_clear,2255.570702477177,451.1141399999997,0.0,0.0,65.0,516.1141399999997,13
730,mixed,14,discovery,13897.01125503112,2779.4022520000008,272.0,1420.0,0.0,4471.402252000001,284
730,mixed,14,active_localization,7271.3666483774305,1454.2733289999987,9.0,90.0,0.0,1553.2733289999987,18
730,mixed,14,diagnostic,0.0,0.0,0.0,0.0,0.0,0.0,0
730,mixed,14,optical_fallback,0.0,0.0,0.0,0.0,0.0,0.0,0
730,mixed,14,certified_clear,3262.9521209949844,652.5904230000004,0.0,0.0,70.0,722.5904230000004,14
731,mixed,13,discovery,14748.652160398145,2949.7304370000006,280.0,1480.0,0.0,4709.730437,296
731,mixed,13,active_localization,4870.7939833830915,974.158796000001,7.0,50.0,0.0,1031.158796000001,10
731,mixed,13,diagnostic,0.0,0.0,0.0,0.0,0.0,0.0,0
731,mixed,13,optical_fallback,0.0,0.0,0.0,0.0,0.0,0.0,0
731,mixed,13,certified_clear,4033.6907569685623,806.7381519999983,0.0,0.0,65.0,871.7381519999983,13
732,mixed,13,discovery,15525.593559999908,3105.118715,268.0,1405.0,0.0,4778.118715,281
732,mixed,13,active_localization,5856.564140659253,1171.3128269999993,8.0,70.0,0.0,1249.3128269999993,14
732,mixed,13,diagnostic,0.0,0.0,0.0,0.0,0.0,0.0,0
732,mixed,13,optical_fallback,0.0,0.0,0.0,0.0,0.0,0.0,0
732,mixed,13,certified_clear,3613.559255833588,722.711851000001,0.0,0.0,65.0,787.711851000001,13
733,mixed,10,discovery,15312.400023558317,3062.4800090000003,266.0,1410.0,0.0,4738.480009,282
733,mixed,10,active_localization,3260.7919336108457,652.158386,6.0,40.0,0.0,698.158386,8
733,mixed,10,diagnostic,0.0,0.0,0.0,0.0,0.0,0.0,0
733,mixed,10,optical_fallback,0.0,0.0,0.0,0.0,0.0,0.0,0
733,mixed,10,certified_clear,2621.3930056119198,524.2786020000001,0.0,0.0,50.0,574.2786020000001,10
734,mixed,14,discovery,15680.972706033168,3136.194543000001,259.0,1375.0,0.0,4770.1945430000005,275
734,mixed,14,active_localization,7343.23904653482,1468.647809,9.0,70.0,0.0,1547.647809,14
734,mixed,14,diagnostic,0.0,0.0,0.0,0.0,0.0,0.0,0
734,mixed,14,optical_fallback,0.0,0.0,0.0,0.0,0.0,0.0,0
734,mixed,14,certified_clear,2550.9630444749528,510.1926089999994,0.0,0.0,70.0,580.1926089999994,14
735,mixed,14,discovery,15841.349335813646,3168.2698690000016,260.0,1360.0,0.0,4788.269869000002,272
735,mixed,14,active_localization,6769.372469411644,1353.8744939999992,10.0,85.0,0.0,1448.8744939999992,17
735,mixed,14,diagnostic,0.0,0.0,0.0,0.0,0.0,0.0,0
735,mixed,14,optical_fallback,0.0,0.0,0.0,0.0,0.0,0.0,0
735,mixed,14,certified_clear,1624.6564931165356,324.93129699999974,0.0,0.0,70.0,394.93129699999974,14
736,mixed,15,discovery,15586.289217823223,3117.2578470000017,274.0,1430.0,0.0,4821.257847000002,286
736,mixed,15,active_localization,7972.361863933016,1594.4723719999997,13.0,90.0,0.0,1697.4723719999997,18
736,mixed,15,diagnostic,0.0,0.0,0.0,0.0,0.0,0.0,0
736,mixed,15,optical_fallback,0.0,0.0,0.0,0.0,0.0,0.0,0
736,mixed,15,certified_clear,2869.3011378338338,573.860226999999,0.0,0.0,75.0,648.860226999999,15
737,mixed,10,discovery,16082.308333995856,3216.4616699999992,264.0,1390.0,0.0,4870.46167,278
737,mixed,10,active_localization,7330.927846524113,1466.1855700000008,8.0,60.0,0.0,1534.1855700000008,12
737,mixed,10,diagnostic,0.0,0.0,0.0,0.0,0.0,0.0,0
737,mixed,10,optical_fallback,0.0,0.0,0.0,0.0,0.0,0.0,0
737,mixed,10,certified_clear,920.4990563889908,184.0998119999997,0.0,0.0,50.0,234.0998119999997,10
738,mixed,10,discovery,15473.887123595108,3094.7774280000003,265.0,1405.0,0.0,4764.777428,281
738,mixed,10,active_localization,3597.886035898034,719.5772080000002,5.0,30.0,0.0,754.5772080000002,6
738,mixed,10,diagnostic,0.0,0.0,0.0,0.0,0.0,0.0,0
738,mixed,10,optical_fallback,0.0,0.0,0.0,0.0,0.0,0.0,0
738,mixed,10,certified_clear,2777.738267442953,555.5476529999994,0.0,0.0,50.0,605.5476529999994,10
739,all_directional,10,discovery,15553.918002931749,3110.783605,297.0,1560.0,0.0,4967.7836050000005,312
739,all_directional,10,active_localization,6005.379301527473,1201.0758580000006,8.0,80.0,0.0,1289.0758580000006,16
739,all_directional,10,diagnostic,0.0,0.0,0.0,0.0,0.0,0.0,0
739,all_directional,10,optical_fallback,0.0,0.0,0.0,0.0,0.0,0.0,0
739,all_directional,10,certified_clear,1316.757386461223,263.35147699999925,0.0,0.0,50.0,313.35147699999925,10
740,mixed,10,discovery,16015.034682961068,3203.0069399999993,287.0,1510.0,0.0,5000.006939999999,302
740,mixed,10,active_localization,5408.588276919706,1081.717656999999,9.0,70.0,0.0,1160.717656999999,14
740,mixed,10,diagnostic,1644.115881268168,328.82317600000033,1.0,10.0,0.0,339.82317600000033,2
740,mixed,10,optical_fallback,0.0,0.0,0.0,0.0,0.0,0.0,0
740,mixed,10,certified_clear,2500.2210034011014,500.04420200000163,0.0,0.0,50.0,550.0442020000016,10
741,all_directional,10,discovery,17349.88314096891,3469.9766339999996,270.0,1420.0,0.0,5159.976634,284
741,all_directional,10,active_localization,5241.658801857808,1048.3317620000005,9.0,95.0,0.0,1152.3317620000005,19
741,all_directional,10,diagnostic,0.0,0.0,0.0,0.0,0.0,0.0,0
741,all_directional,10,optical_fallback,0.0,0.0,0.0,0.0,0.0,0.0,0
741,all_directional,10,certified_clear,976.7089515842029,195.34179100000028,0.0,0.0,50.0,245.34179100000028,10
742,mixed,12,discovery,15486.005011131107,3097.2010060000002,251.0,1335.0,0.0,4683.201006,267
742,mixed,12,active_localization,4941.296839573785,988.2593700000004,8.0,70.0,0.0,1066.2593700000004,14
742,mixed,12,diagnostic,0.0,0.0,0.0,0.0,0.0,0.0,0
742,mixed,12,optical_fallback,0.0,0.0,0.0,0.0,0.0,0.0,0
742,mixed,12,certified_clear,3712.8342580873873,742.5668509999989,0.0,0.0,60.0,802.5668509999989,12
743,mixed,13,discovery,16732.65073251694,3346.5301519999994,230.0,1225.0,0.0,4801.530151999999,245
743,mixed,13,active_localization,5614.768110795349,1122.953622000002,11.0,85.0,0.0,1218.953622000002,17
743,mixed,13,diagnostic,0.0,0.0,0.0,0.0,0.0,0.0,0
743,mixed,13,optical_fallback,0.0,0.0,0.0,0.0,0.0,0.0,0
743,mixed,13,certified_clear,1988.8339753256216,397.7667949999987,0.0,0.0,65.0,462.7667949999987,13
744,mixed,12,discovery,15936.810933587125,3187.3621900000007,272.0,1425.0,0.0,4884.362190000001,285
744,mixed,12,active_localization,6988.680442901958,1397.7360899999994,11.0,100.0,0.0,1508.7360899999994,20
744,mixed,12,diagnostic,0.0,0.0,0.0,0.0,0.0,0.0,0
744,mixed,12,optical_fallback,0.0,0.0,0.0,0.0,0.0,0.0,0
744,mixed,12,certified_clear,2125.1822375233796,425.0364479999996,0.0,0.0,60.0,485.0364479999996,12
745,mixed,13,discovery,16362.886979788345,3272.577398000001,219.0,1160.0,0.0,4651.577398,232
745,mixed,13,active_localization,7347.2794206276085,1469.455883,11.0,100.0,0.0,1580.455883,20
745,mixed,13,diagnostic,0.0,0.0,0.0,0.0,0.0,0.0,0
745,mixed,13,optical_fallback,0.0,0.0,0.0,0.0,0.0,0.0,0
745,mixed,13,certified_clear,1360.5754029931109,272.11508199999946,0.0,0.0,65.0,337.11508199999946,13
746,mixed,16,discovery,14861.443765902693,2972.288755000001,225.0,1190.0,0.0,4387.288755000001,238
746,mixed,16,active_localization,8082.543636979559,1616.5087289999985,10.0,80.0,0.0,1706.5087289999985,16
746,mixed,16,diagnostic,0.0,0.0,0.0,0.0,0.0,0.0,0
746,mixed,16,optical_fallback,0.0,0.0,0.0,0.0,0.0,0.0,0
746,mixed,16,certified_clear,3677.355491493298,735.471100000001,0.0,0.0,80.0,815.471100000001,16
747,mixed,15,discovery,18534.753296479645,3706.9506610000008,243.0,1285.0,0.0,5234.950661000001,257
747,mixed,15,active_localization,5193.945736942882,1038.7891470000015,7.0,75.0,0.0,1120.7891470000015,15
747,mixed,15,diagnostic,1864.0447776906058,372.8089549999993,0.0,20.0,0.0,392.8089549999993,4
747,mixed,15,optical_fallback,0.0,0.0,0.0,0.0,0.0,0.0,0
747,mixed,15,certified_clear,5861.052309182949,1172.2104609999985,0.0,0.0,75.0,1247.2104609999985,15
748,mixed,12,discovery,15214.918068722352,3042.9836159999995,267.0,1405.0,0.0,4714.9836159999995,281
748,mixed,12,active_localization,4872.209122869447,974.4418260000009,7.0,45.0,0.0,1026.441826000001,9
748,mixed,12,diagnostic,0.0,0.0,0.0,0.0,0.0,0.0,0
748,mixed,12,optical_fallback,0.0,0.0,0.0,0.0,0.0,0.0,0
748,mixed,12,certified_clear,2610.503463226087,522.1006919999995,0.0,0.0,60.0,582.1006919999995,12
749,mixed,16,discovery,6779.063541983381,1355.81271,148.0,775.0,0.0,2278.81271,155
749,mixed,16,active_localization,7769.783394870357,1553.9566790000001,10.0,100.0,0.0,1663.9566790000001,20
749,mixed,16,diagnostic,0.0,0.0,0.0,0.0,0.0,0.0,0
749,mixed,16,optical_fallback,0.0,0.0,0.0,0.0,0.0,0.0,0
749,mixed,16,certified_clear,3799.7768239412167,759.9553640000004,0.0,0.0,80.0,839.9553640000004,16
750,mixed,14,discovery,16939.38251440419,3387.8765069999995,238.0,1255.0,0.0,4880.876506999999,251
750,mixed,14,active_localization,4555.789640900762,911.1579290000006,10.0,65.0,0.0,986.1579290000006,13
750,mixed,14,diagnostic,0.0,0.0,0.0,0.0,0.0,0.0,0
750,mixed,14,optical_fallback,0.0,0.0,0.0,0.0,0.0,0.0,0
750,mixed,14,certified_clear,3981.9321213975727,796.3864259999998,0.0,0.0,70.0,866.3864259999998,14
751,mixed,14,discovery,17599.94607190767,3519.989216,266.0,1405.0,0.0,5190.989216,281
751,mixed,14,active_localization,5226.930862508356,1045.386172,12.0,90.0,0.0,1147.386172,18
751,mixed,14,diagnostic,958.6806813540433,191.736136,0.0,10.0,0.0,201.736136,2
751,mixed,14,optical_fallback,0.0,0.0,0.0,0.0,0.0,0.0,0
751,mixed,14,certified_clear,4519.27718809163,903.8554380000006,0.0,0.0,70.0,973.8554380000006,14
752,mixed,14,discovery,13625.586276929156,2725.1172579999993,252.0,1315.0,0.0,4292.117257999999,263
752,mixed,14,active_localization,8633.321632531048,1726.664328,11.0,90.0,0.0,1827.664328,18
752,mixed,14,diagnostic,0.0,0.0,0.0,0.0,0.0,0.0,0
752,mixed,14,optical_fallback,0.0,0.0,0.0,0.0,0.0,0.0,0
752,mixed,14,certified_clear,2334.5347982859066,466.9069600000006,0.0,0.0,70.0,536.9069600000006,14
753,mixed,12,discovery,16399.090265217,3279.8180559999996,226.0,1205.0,0.0,4710.818056,241
753,mixed,12,active_localization,4772.298271318705,954.4596549999999,10.0,70.0,0.0,1034.4596549999999,14
753,mixed,12,diagnostic,0.0,0.0,0.0,0.0,0.0,0.0,0
753,mixed,12,optical_fallback,0.0,0.0,0.0,0.0,0.0,0.0,0
753,mixed,12,certified_clear,2050.693467285724,410.13869300000005,0.0,0.0,60.0,470.13869300000005,12
754,mixed,14,discovery,16547.701862663434,3309.5403739999997,251.0,1320.0,0.0,4880.540374,264
754,mixed,14,active_localization,4924.139940278377,984.827989000001,10.0,75.0,0.0,1069.827989000001,15
754,mixed,14,diagnostic,944.1403046172948,188.82806100000016,0.0,10.0,0.0,198.82806100000016,2
754,mixed,14,optical_fallback,0.0,0.0,0.0,0.0,0.0,0.0,0
754,mixed,14,certified_clear,3567.320378751246,713.4640769999994,0.0,0.0,70.0,783.4640769999994,14
755,mixed,13,discovery,14910.787236366448,2982.1574500000015,225.0,1190.0,0.0,4397.157450000001,238
755,mixed,13,active_localization,6387.767736159873,1277.553547,10.0,80.0,0.0,1367.553547,16
755,mixed,13,diagnostic,0.0,0.0,0.0,0.0,0.0,0.0,0
755,mixed,13,optical_fallback,0.0,0.0,0.0,0.0,0.0,0.0,0
755,mixed,13,certified_clear,3044.0525048680665,608.8105019999991,0.0,0.0,65.0,673.8105019999991,13
756,mixed,15,discovery,17731.65391060567,3546.3307840000007,278.0,1455.0,0.0,5279.330784000001,291
756,mixed,15,active_localization,6962.90038895454,1392.5800789999998,12.0,95.0,0.0,1499.5800789999998,19
756,mixed,15,diagnostic,502.9576545372206,100.5915309999998,0.0,5.0,0.0,105.5915309999998,1
756,mixed,15,optical_fallback,0.0,0.0,0.0,0.0,0.0,0.0,0
756,mixed,15,certified_clear,3831.256406665049,766.2512819999997,0.0,0.0,75.0,841.2512819999997,15
757,mixed,13,discovery,17027.23040881182,3405.446084,213.0,1130.0,0.0,4748.446084,226
757,mixed,13,active_localization,3108.184761884141,621.6369510000002,10.0,65.0,0.0,696.6369510000002,13
757,mixed,13,diagnostic,0.0,0.0,0.0,0.0,0.0,0.0,0
757,mixed,13,optical_fallback,0.0,0.0,0.0,0.0,0.0,0.0,0
757,mixed,13,certified_clear,2877.753208116539,575.5506429999996,0.0,0.0,65.0,640.5506429999996,13
758,mixed,13,discovery,16394.245431250452,3278.849088,235.0,1260.0,0.0,4773.849088,252
758,mixed,13,active_localization,4057.443712790834,811.4887429999999,5.0,40.0,0.0,856.4887429999999,8
758,mixed,13,diagnostic,0.0,0.0,0.0,0.0,0.0,0.0,0
758,mixed,13,optical_fallback,0.0,0.0,0.0,0.0,0.0,0.0,0
758,mixed,13,certified_clear,5074.304011322954,1014.8608030000007,0.0,0.0,65.0,1079.8608030000007,13
759,all_directional,12,discovery,18247.302601279625,3649.460522999999,277.0,1460.0,0.0,5386.460522999999,292
759,all_directional,12,active_localization,4190.8484380189575,838.1696880000004,7.0,55.0,0.0,900.1696880000004,11
759,all_directional,12,diagnostic,0.0,0.0,0.0,0.0,0.0,0.0,0
759,all_directional,12,optical_fallback,0.0,0.0,0.0,0.0,0.0,0.0,0
759,all_directional,12,certified_clear,3885.396012195808,777.0792010000009,0.0,0.0,60.0,837.0792010000009,12
760,mixed,11,discovery,14926.336133264937,2985.2672270000016,289.0,1515.0,0.0,4789.267227000002,303
760,mixed,11,active_localization,4829.883173489013,965.9766360000003,8.0,55.0,0.0,1028.9766360000003,11
760,mixed,11,diagnostic,0.0,0.0,0.0,0.0,0.0,0.0,0
760,mixed,11,optical_fallback,0.0,0.0,0.0,0.0,0.0,0.0,0
760,mixed,11,certified_clear,2579.5569278335615,515.9113859999984,0.0,0.0,55.0,570.9113859999984,11
761,mixed,14,discovery,15674.19768651116,3134.839539999999,229.0,1230.0,0.0,4593.83954,246
761,mixed,14,active_localization,8396.334339503366,1679.266865,10.0,85.0,0.0,1774.266865,17
761,mixed,14,diagnostic,958.9560562182077,191.79121099999975,0.0,10.0,0.0,201.79121099999975,2
761,mixed,14,optical_fallback,108.97929747340099,21.795858999999837,0.0,0.0,17.0,38.79585899999984,5
761,mixed,14,certified_clear,2342.261700545766,468.452340000001,0.0,0.0,65.0,533.452340000001,13
762,mixed,10,discovery,15918.60510912452,3183.7210250000007,274.0,1450.0,0.0,4907.721025000001,290
762,mixed,10,active_localization,4518.1791361277155,903.6358250000003,8.0,65.0,0.0,976.6358250000003,13
762,mixed,10,diagnostic,0.0,0.0,0.0,0.0,0.0,0.0,0
762,mixed,10,optical_fallback,0.0,0.0,0.0,0.0,0.0,0.0,0
762,mixed,10,certified_clear,2852.9124015012912,570.5824799999994,0.0,0.0,50.0,620.5824799999994,10
763,mixed,14,discovery,16797.362831262803,3359.47257,221.0,1160.0,0.0,4740.47257,232
763,mixed,14,active_localization,6709.161158072694,1341.8322329999994,11.0,80.0,0.0,1432.8322329999994,16
763,mixed,14,diagnostic,0.0,0.0,0.0,0.0,0.0,0.0,0
763,mixed,14,optical_fallback,0.0,0.0,0.0,0.0,0.0,0.0,0
763,mixed,14,certified_clear,1743.0682050849432,348.61364100000037,0.0,0.0,70.0,418.61364100000037,14
764,mixed,12,discovery,17020.864870547703,3404.172979,249.0,1320.0,0.0,4973.172979,264
764,mixed,12,active_localization,5347.640757172571,1069.5281500000006,9.0,70.0,0.0,1148.5281500000006,14
764,mixed,12,diagnostic,0.0,0.0,0.0,0.0,0.0,0.0,0
764,mixed,12,optical_fallback,0.0,0.0,0.0,0.0,0.0,0.0,0
764,mixed,12,certified_clear,2264.3308107125977,452.8661619999997,0.0,0.0,60.0,512.8661619999997,12
765,mixed,10,discovery,16709.974893363815,3341.9949809999994,292.0,1535.0,0.0,5168.994980999999,307
765,mixed,10,active_localization,4217.0861780527775,843.4172369999992,8.0,55.0,0.0,906.4172369999992,11
765,mixed,10,diagnostic,0.0,0.0,0.0,0.0,0.0,0.0,0
765,mixed,10,optical_fallback,0.0,0.0,0.0,0.0,0.0,0.0,0
765,mixed,10,certified_clear,2554.228625948077,510.845725000001,0.0,0.0,50.0,560.845725000001,10
766,mixed,16,discovery,7428.564527660211,1485.712906999999,175.0,905.0,0.0,2565.7129069999987,181
766,mixed,16,active_localization,6538.86877476206,1307.7737540000003,11.0,95.0,0.0,1413.7737540000003,19
766,mixed,16,diagnostic,0.0,0.0,0.0,0.0,0.0,0.0,0
766,mixed,16,optical_fallback,0.0,0.0,0.0,0.0,0.0,0.0,0
766,mixed,16,certified_clear,3279.9194782201025,655.9838970000006,0.0,0.0,80.0,735.9838970000006,16
767,mixed,13,discovery,18510.274111586892,3702.0548260000005,247.0,1300.0,0.0,5249.054826,260
767,mixed,13,active_localization,5591.145210441871,1118.229042,10.0,75.0,0.0,1203.229042,15
767,mixed,13,diagnostic,0.0,0.0,0.0,0.0,0.0,0.0,0
767,mixed,13,optical_fallback,0.0,0.0,0.0,0.0,0.0,0.0,0
767,mixed,13,certified_clear,4031.6742705020442,806.3348559999997,0.0,0.0,65.0,871.3348559999997,13
768,mixed,11,discovery,16548.609315001828,3309.721865,266.0,1400.0,0.0,4975.7218649999995,280
768,mixed,11,active_localization,4711.731902059577,942.3463789999998,5.0,60.0,0.0,1007.3463789999998,12
768,mixed,11,diagnostic,0.0,0.0,0.0,0.0,0.0,0.0,0
768,mixed,11,optical_fallback,0.0,0.0,0.0,0.0,0.0,0.0,0
768,mixed,11,certified_clear,2964.954491239756,592.9908990000006,0.0,0.0,55.0,647.9908990000006,11
769,all_directional,10,discovery,16634.160442059674,3326.8320939999994,304.0,1590.0,0.0,5220.832093999999,318
769,all_directional,10,active_localization,8233.718695643809,1646.7437369999993,10.0,100.0,0.0,1756.7437369999993,20
769,all_directional,10,diagnostic,648.3551845779934,129.67103600000019,0.0,10.0,0.0,139.67103600000019,2
769,all_directional,10,optical_fallback,0.0,0.0,0.0,0.0,0.0,0.0,0
769,all_directional,10,certified_clear,1687.0692802904875,337.4138560000008,0.0,0.0,50.0,387.4138560000008,10
770,mixed,15,discovery,16674.75306588705,3334.950617,208.0,1120.0,0.0,4662.950617,224
770,mixed,15,active_localization,5745.116593010913,1149.0233189999997,11.0,70.0,0.0,1230.0233189999997,14
770,mixed,15,diagnostic,0.0,0.0,0.0,0.0,0.0,0.0,0
770,mixed,15,optical_fallback,0.0,0.0,0.0,0.0,0.0,0.0,0
770,mixed,15,certified_clear,2380.9813796618996,476.19627499999996,0.0,0.0,75.0,551.196275,15
771,all_directional,11,discovery,16913.074830992035,3382.614968,263.0,1380.0,0.0,5025.614968,276
771,all_directional,11,active_localization,6797.0779979809,1359.4155980000005,8.0,80.0,0.0,1447.4155980000005,16
771,all_directional,11,diagnostic,0.0,0.0,0.0,0.0,0.0,0.0,0
771,all_directional,11,optical_fallback,0.0,0.0,0.0,0.0,0.0,0.0,0
771,all_directional,11,certified_clear,1300.4080105053595,260.0816019999995,0.0,0.0,55.0,315.0816019999995,11
772,mixed,14,discovery,15767.037338257633,3153.4074710000004,224.0,1190.0,0.0,4567.407471,238
772,mixed,14,active_localization,6422.381821070994,1284.4763659999994,13.0,85.0,0.0,1382.4763659999994,17
772,mixed,14,diagnostic,0.0,0.0,0.0,0.0,0.0,0.0,0
772,mixed,14,optical_fallback,0.0,0.0,0.0,0.0,0.0,0.0,0
772,mixed,14,certified_clear,2192.830646007675,438.56613100000004,0.0,0.0,70.0,508.56613100000004,14
773,mixed,12,discovery,15910.278331463689,3182.05567,254.0,1340.0,0.0,4776.055670000001,268
773,mixed,12,active_localization,5756.323247226025,1151.2646489999995,10.0,65.0,0.0,1226.2646489999995,13
773,mixed,12,diagnostic,345.0757657286632,69.01515300000005,0.0,10.0,0.0,79.01515300000005,2
773,mixed,12,optical_fallback,0.0,0.0,0.0,0.0,0.0,0.0,0
773,mixed,12,certified_clear,2057.6308677199595,411.52617400000054,0.0,0.0,60.0,471.52617400000054,12
774,mixed,14,discovery,16563.300939747962,3312.660192,222.0,1175.0,0.0,4709.660192,235
774,mixed,14,active_localization,9023.413507427726,1804.6827010000002,9.0,80.0,0.0,1893.6827010000002,16
774,mixed,14,diagnostic,0.0,0.0,0.0,0.0,0.0,0.0,0
774,mixed,14,optical_fallback,0.0,0.0,0.0,0.0,0.0,0.0,0
774,mixed,14,certified_clear,3901.171913333063,780.234383,0.0,0.0,70.0,850.234383,14
775,mixed,12,discovery,17644.489010524343,3528.8978060000013,279.0,1460.0,0.0,5267.897806000001,292
775,mixed,12,active_localization,6577.423305683735,1315.484662999999,11.0,90.0,0.0,1416.484662999999,18
775,mixed,12,diagnostic,711.0731326663947,142.21462699999938,0.0,5.0,0.0,147.21462699999938,1
775,mixed,12,optical_fallback,0.0,0.0,0.0,0.0,0.0,0.0,0
775,mixed,12,certified_clear,2394.81664089206,478.9633310000006,0.0,0.0,60.0,538.9633310000006,12
776,mixed,13,discovery,16252.196971138686,3250.4393979999995,211.0,1120.0,0.0,4581.4393979999995,224
776,mixed,13,active_localization,5916.792259712386,1183.3584529999998,12.0,70.0,0.0,1265.3584529999998,14
776,mixed,13,diagnostic,0.0,0.0,0.0,0.0,0.0,0.0,0
776,mixed,13,optical_fallback,0.0,0.0,0.0,0.0,0.0,0.0,0
776,mixed,13,certified_clear,1144.3100050973544,228.86200200000042,0.0,0.0,65.0,293.8620020000004,13
777,mixed,13,discovery,16067.219357946105,3213.4438760000003,250.0,1310.0,0.0,4773.443876,262
777,mixed,13,active_localization,7498.375658889776,1499.6751309999997,13.0,90.0,0.0,1602.6751309999997,18
777,mixed,13,diagnostic,0.0,0.0,0.0,0.0,0.0,0.0,0
777,mixed,13,optical_fallback,0.0,0.0,0.0,0.0,0.0,0.0,0
777,mixed,13,certified_clear,1182.009241035966,236.40184799999975,0.0,0.0,65.0,301.40184799999975,13
778,mixed,10,discovery,15190.287198469663,3038.0574420000007,281.0,1480.0,0.0,4799.057442000001,296
778,mixed,10,active_localization,4377.274899172934,875.4549819999985,9.0,55.0,0.0,939.4549819999985,11
778,mixed,10,diagnostic,0.0,0.0,0.0,0.0,0.0,0.0,0
778,mixed,10,optical_fallback,0.0,0.0,0.0,0.0,0.0,0.0,0
778,mixed,10,certified_clear,1762.3719271107516,352.4743850000007,0.0,0.0,50.0,402.4743850000007,10
779,all_directional,10,discovery,16419.035608392252,3283.8071249999994,289.0,1520.0,0.0,5092.807124999999,304
779,all_directional,10,active_localization,7817.391245229424,1563.4782480000001,7.0,75.0,0.0,1645.4782480000001,15
779,all_directional,10,diagnostic,1033.9094469618858,206.78188899999986,0.0,10.0,0.0,216.78188899999986,2
779,all_directional,10,optical_fallback,0.0,0.0,0.0,0.0,0.0,0.0,0
779,all_directional,10,certified_clear,1962.6668450201323,392.5333690000009,0.0,0.0,50.0,442.5333690000009,10
780,mixed,12,discovery,15781.185650028201,3156.237132000001,258.0,1355.0,0.0,4769.237132000001,271
780,mixed,12,active_localization,6094.824099952365,1218.9648189999998,11.0,110.0,0.0,1339.9648189999998,22
780,mixed,12,diagnostic,0.0,0.0,0.0,0.0,0.0,0.0,0
780,mixed,12,optical_fallback,0.0,0.0,0.0,0.0,0.0,0.0,0
780,mixed,12,certified_clear,1782.9670683446188,356.59341399999937,0.0,0.0,60.0,416.59341399999937,12
781,mixed,13,discovery,17838.297456103403,3567.659492999999,241.0,1270.0,0.0,5078.659492999999,254
781,mixed,13,active_localization,5288.647098447579,1057.7294199999988,12.0,70.0,0.0,1139.7294199999988,14
781,mixed,13,diagnostic,0.0,0.0,0.0,0.0,0.0,0.0,0
781,mixed,13,optical_fallback,0.0,0.0,0.0,0.0,0.0,0.0,0
781,mixed,13,certified_clear,3731.5090332566815,746.3018070000018,0.0,0.0,65.0,811.3018070000018,13
782,mixed,16,discovery,11740.032109752628,2348.0064230000003,186.0,985.0,0.0,3519.0064230000003,197
782,mixed,16,active_localization,10201.72172548454,2040.3443450000004,13.0,80.0,0.0,2133.3443450000004,16
782,mixed,16,diagnostic,0.0,0.0,0.0,0.0,0.0,0.0,0
782,mixed,16,optical_fallback,0.0,0.0,0.0,0.0,0.0,0.0,0
782,mixed,16,certified_clear,3736.5241564721173,747.3048319999994,0.0,0.0,80.0,827.3048319999994,16
783,mixed,14,discovery,17953.87796543293,3590.7755959999986,272.0,1430.0,0.0,5292.775595999999,286
783,mixed,14,active_localization,5164.606068717252,1032.921214,9.0,65.0,0.0,1106.921214,13
783,mixed,14,diagnostic,0.0,0.0,0.0,0.0,0.0,0.0,0
783,mixed,14,optical_fallback,0.0,0.0,0.0,0.0,0.0,0.0,0
783,mixed,14,certified_clear,3991.467949331468,798.293590000001,0.0,0.0,70.0,868.293590000001,14
784,mixed,12,discovery,16047.519588969213,3209.5039209999995,261.0,1380.0,0.0,4850.5039209999995,276
784,mixed,12,active_localization,6500.374426083587,1300.0748850000004,11.0,80.0,0.0,1391.0748850000004,16
784,mixed,12,diagnostic,0.0,0.0,0.0,0.0,0.0,0.0,0
784,mixed,12,optical_fallback,0.0,0.0,0.0,0.0,0.0,0.0,0
784,mixed,12,certified_clear,1180.9505977136696,236.19011999999975,0.0,0.0,60.0,296.19011999999975,12
785,mixed,10,discovery,15385.004927775895,3077.0009870000004,297.0,1550.0,0.0,4924.000987,310
785,mixed,10,active_localization,7220.63931190497,1444.1278610000006,8.0,70.0,0.0,1522.1278610000006,14
785,mixed,10,diagnostic,0.0,0.0,0.0,0.0,0.0,0.0,0
785,mixed,10,optical_fallback,0.0,0.0,0.0,0.0,0.0,0.0,0
785,mixed,10,certified_clear,922.0076553085717,184.40152999999964,0.0,0.0,50.0,234.40152999999964,10
786,mixed,16,discovery,4802.769129809637,960.5538260000003,123.0,650.0,0.0,1733.5538260000003,130
786,mixed,16,active_localization,6009.1792077383425,1201.8358420000002,15.0,80.0,0.0,1296.8358420000002,16
786,mixed,16,diagnostic,0.0,0.0,0.0,0.0,0.0,0.0,0
786,mixed,16,optical_fallback,0.0,0.0,0.0,0.0,0.0,0.0,0
786,mixed,16,certified_clear,2584.811625680325,516.9623249999997,0.0,0.0,80.0,596.9623249999997,16
787,mixed,13,discovery,16918.123654855746,3383.6247329999997,257.0,1355.0,0.0,4995.624733,271
787,mixed,13,active_localization,7282.135124959388,1456.4270260000003,11.0,100.0,0.0,1567.4270260000003,20
787,mixed,13,diagnostic,0.0,0.0,0.0,0.0,0.0,0.0,0
787,mixed,13,optical_fallback,0.0,0.0,0.0,0.0,0.0,0.0,0
787,mixed,13,certified_clear,3160.5329187346724,632.1065840000003,0.0,0.0,65.0,697.1065840000003,13
788,mixed,11,discovery,16498.504110636502,3299.7008270000006,264.0,1395.0,0.0,4958.700827000001,279
788,mixed,11,active_localization,4159.510208981973,831.9020409999994,8.0,50.0,0.0,889.9020409999994,10
788,mixed,11,diagnostic,0.0,0.0,0.0,0.0,0.0,0.0,0
788,mixed,11,optical_fallback,0.0,0.0,0.0,0.0,0.0,0.0,0
788,mixed,11,certified_clear,2970.2211046171983,594.0442229999996,0.0,0.0,55.0,649.0442229999996,11
789,mixed,12,discovery,15688.836139035086,3137.7672289999996,281.0,1470.0,0.0,4888.767229,294
789,mixed,12,active_localization,5538.1212531392275,1107.6242490000013,9.0,60.0,0.0,1176.6242490000013,12
789,mixed,12,diagnostic,0.0,0.0,0.0,0.0,0.0,0.0,0
789,mixed,12,optical_fallback,0.0,0.0,0.0,0.0,0.0,0.0,0
789,mixed,12,certified_clear,2113.7083135140324,422.7416629999995,0.0,0.0,60.0,482.7416629999995,12
790,mixed,13,discovery,14994.112435359122,2998.822489,224.0,1185.0,0.0,4407.822489000001,237
790,mixed,13,active_localization,6351.078029629567,1270.2156040000002,12.0,80.0,0.0,1362.2156040000002,16
790,mixed,13,diagnostic,765.200613597063,153.040123,0.0,10.0,0.0,163.040123,2
790,mixed,13,optical_fallback,0.0,0.0,0.0,0.0,0.0,0.0,0
790,mixed,13,certified_clear,2068.9858232137035,413.7971629999995,0.0,0.0,65.0,478.7971629999995,13
791,mixed,15,discovery,16169.471777811968,3233.8943569999997,196.0,1050.0,0.0,4479.894357,210
791,mixed,15,active_localization,4353.465370368386,870.6930739999991,9.0,50.0,0.0,929.6930739999991,10
791,mixed,15,diagnostic,0.0,0.0,0.0,0.0,0.0,0.0,0
791,mixed,15,optical_fallback,0.0,0.0,0.0,0.0,0.0,0.0,0
791,mixed,15,certified_clear,4863.518897219979,972.7037800000008,0.0,0.0,75.0,1047.7037800000007,15
792,mixed,12,discovery,16277.360060476729,3255.472014,241.0,1275.0,0.0,4771.472014,255
792,mixed,12,active_localization,4091.7774230280465,818.355485999999,8.0,50.0,0.0,876.355485999999,10
792,mixed,12,diagnostic,0.0,0.0,0.0,0.0,0.0,0.0,0
792,mixed,12,optical_fallback,0.0,0.0,0.0,0.0,0.0,0.0,0
792,mixed,12,certified_clear,4118.59844090551,823.719689000001,0.0,0.0,60.0,883.719689000001,12
793,mixed,14,discovery,17249.56566806113,3449.913135999999,251.0,1330.0,0.0,5030.913135999999,266
793,mixed,14,active_localization,6318.30884712366,1263.6617690000012,12.0,75.0,0.0,1350.6617690000012,15
793,mixed,14,diagnostic,0.0,0.0,0.0,0.0,0.0,0.0,0
793,mixed,14,optical_fallback,0.0,0.0,0.0,0.0,0.0,0.0,0
793,mixed,14,certified_clear,1957.735262921358,391.5470509999996,0.0,0.0,70.0,461.5470509999996,14
794,mixed,10,discovery,16427.357481439405,3285.4714989999998,250.0,1340.0,0.0,4875.471498999999,268
794,mixed,10,active_localization,2386.0627781738262,477.2125560000004,5.0,25.0,0.0,507.2125560000004,5
794,mixed,10,diagnostic,0.0,0.0,0.0,0.0,0.0,0.0,0
794,mixed,10,optical_fallback,0.0,0.0,0.0,0.0,0.0,0.0,0
794,mixed,10,certified_clear,2128.5888276541045,425.71776600000015,0.0,0.0,50.0,475.71776600000015,10
795,mixed,13,discovery,18234.114265752163,3646.822856,227.0,1200.0,0.0,5073.822856,240
795,mixed,13,active_localization,5471.104960402333,1094.2209930000006,9.0,85.0,0.0,1188.2209930000006,17
795,mixed,13,diagnostic,0.0,0.0,0.0,0.0,0.0,0.0,0
795,mixed,13,optical_fallback,0.0,0.0,0.0,0.0,0.0,0.0,0
795,mixed,13,certified_clear,1673.6479395229048,334.7295879999996,0.0,0.0,65.0,399.7295879999996,13
796,mixed,14,discovery,15147.567207817401,3029.513443,242.0,1290.0,0.0,4561.513443,258
796,mixed,14,active_localization,3901.0942778712924,780.2188549999995,8.0,65.0,0.0,853.2188549999995,13
796,mixed,14,diagnostic,0.0,0.0,0.0,0.0,0.0,0.0,0
796,mixed,14,optical_fallback,0.0,0.0,0.0,0.0,0.0,0.0,0
796,mixed,14,certified_clear,4834.1001968247765,966.8200390000009,0.0,0.0,70.0,1036.8200390000009,14
797,mixed,16,discovery,10724.950376658437,2144.9900769999995,209.0,1085.0,0.0,3438.990077,217
797,mixed,16,active_localization,8954.542280116724,1790.9084540000003,13.0,105.0,0.0,1908.9084540000003,21
797,mixed,16,diagnostic,347.28678976060115,69.45735799999966,0.0,5.0,0.0,74.45735799999966,1
797,mixed,16,optical_fallback,0.0,0.0,0.0,0.0,0.0,0.0,0
797,mixed,16,certified_clear,2133.021150349449,426.60422900000015,0.0,0.0,80.0,506.60422900000015,16
798,mixed,14,discovery,15944.558391090148,3188.9116809999996,245.0,1305.0,0.0,4738.911680999999,261
798,mixed,14,active_localization,7604.817789065129,1520.9635580000004,9.0,110.0,0.0,1639.9635580000004,22
798,mixed,14,diagnostic,707.1067811865474,141.42135599999983,0.0,5.0,0.0,146.42135599999983,1
798,mixed,14,optical_fallback,0.0,0.0,0.0,0.0,0.0,0.0,0
798,mixed,14,certified_clear,3912.8078341571822,782.5615670000009,0.0,0.0,70.0,852.5615670000009,14
799,mixed,10,discovery,17880.835105592105,3576.167026,258.0,1365.0,0.0,5199.167026000001,273
799,mixed,10,active_localization,4415.428027420401,883.0856060000003,6.0,45.0,0.0,934.0856060000003,9
799,mixed,10,diagnostic,0.0,0.0,0.0,0.0,0.0,0.0,0
799,mixed,10,optical_fallback,0.0,0.0,0.0,0.0,0.0,0.0,0
799,mixed,10,certified_clear,2564.036778504916,512.8073569999998,0.0,0.0,50.0,562.8073569999998,10
800,mixed,10,discovery,16182.127296807786,3236.4254619999997,274.0,1445.0,0.0,4955.425461999999,289
800,mixed,10,active_localization,6838.578197506784,1367.7156380000013,6.0,50.0,0.0,1423.7156380000013,10
800,mixed,10,diagnostic,1222.0509574720313,244.41019099999994,0.0,15.0,0.0,259.41019099999994,3
800,mixed,10,optical_fallback,0.0,0.0,0.0,0.0,0.0,0.0,0
800,mixed,10,certified_clear,2181.3256663328643,436.2651329999986,0.0,0.0,50.0,486.2651329999986,10
801,mixed,13,discovery,14856.61218830365,2971.32244,229.0,1210.0,0.0,4410.322439999999,242
801,mixed,13,active_localization,6835.9606118162865,1367.192121000001,11.0,80.0,0.0,1458.192121000001,16
801,mixed,13,diagnostic,0.0,0.0,0.0,0.0,0.0,0.0,0
801,mixed,13,optical_fallback,0.0,0.0,0.0,0.0,0.0,0.0,0
801,mixed,13,certified_clear,1801.492301383103,360.2984599999993,0.0,0.0,65.0,425.2984599999993,13
802,mixed,13,discovery,16660.336584904813,3332.067319999999,226.0,1200.0,0.0,4758.067319999999,240
802,mixed,13,active_localization,8993.614212015467,1798.7228430000002,10.0,75.0,0.0,1883.7228430000002,15
802,mixed,13,diagnostic,693.5597574305874,138.71195100000023,0.0,10.0,0.0,148.71195100000023,2
802,mixed,13,optical_fallback,0.0,0.0,0.0,0.0,0.0,0.0,0
802,mixed,13,certified_clear,3541.6468345798703,708.3293679999998,0.0,0.0,65.0,773.3293679999998,13
803,mixed,12,discovery,16592.072483190834,3318.414499,271.0,1415.0,0.0,5004.414499,283
803,mixed,12,active_localization,7755.578307256478,1551.1156619999995,10.0,100.0,0.0,1661.1156619999995,20
803,mixed,12,diagnostic,361.30726841214727,72.26145300000007,0.0,15.0,0.0,87.26145300000007,3
803,mixed,12,optical_fallback,150.77720976008618,30.155441999999994,0.0,0.0,26.0,56.155441999999994,8
803,mixed,12,certified_clear,2271.9042051742126,454.3808410000006,0.0,0.0,55.0,509.3808410000006,11
804,mixed,16,discovery,3673.4196331638404,734.6839279999997,134.0,685.0,0.0,1553.6839279999997,137
804,mixed,16,active_localization,10693.046963185549,2138.6093939999987,15.0,120.0,0.0,2273.6093939999987,24
804,mixed,16,diagnostic,101.11874208078343,20.223748000000114,0.0,5.0,0.0,25.223748000000114,1
804,mixed,16,optical_fallback,0.0,0.0,0.0,0.0,0.0,0.0,0
804,mixed,16,certified_clear,2750.464631812121,550.0929270000009,0.0,0.0,80.0,630.0929270000009,16
805,mixed,10,discovery,15882.24039716254,3176.448083,295.0,1545.0,0.0,5016.448083,309
805,mixed,10,active_localization,5335.468820447459,1067.0937629999999,8.0,55.0,0.0,1130.0937629999999,11
805,mixed,10,diagnostic,0.0,0.0,0.0,0.0,0.0,0.0,0
805,mixed,10,optical_fallback,0.0,0.0,0.0,0.0,0.0,0.0,0
805,mixed,10,certified_clear,1944.8506845008144,388.97013700000025,0.0,0.0,50.0,438.97013700000025,10
806,mixed,10,discovery,14834.733707990992,2966.946745,335.0,1745.0,0.0,5046.946745,349
806,mixed,10,active_localization,5372.454601980274,1074.4909199999993,9.0,70.0,0.0,1153.4909199999993,14
806,mixed,10,diagnostic,0.0,0.0,0.0,0.0,0.0,0.0,0
806,mixed,10,optical_fallback,0.0,0.0,0.0,0.0,0.0,0.0,0
806,mixed,10,certified_clear,1043.2048883080317,208.64097800000036,0.0,0.0,50.0,258.64097800000036,10
807,mixed,12,discovery,15740.099576522049,3148.0199190000003,246.0,1310.0,0.0,4704.019919,262
807,mixed,12,active_localization,5617.252377424141,1123.450475999999,9.0,80.0,0.0,1212.450475999999,16
807,mixed,12,diagnostic,0.0,0.0,0.0,0.0,0.0,0.0,0
807,mixed,12,optical_fallback,0.0,0.0,0.0,0.0,0.0,0.0,0
807,mixed,12,certified_clear,3047.378764868406,609.4757510000011,0.0,0.0,60.0,669.4757510000011,12
808,mixed,16,discovery,9413.539731909,1882.7079489999996,158.0,840.0,0.0,2880.7079489999996,168
808,mixed,16,active_localization,4843.837890211818,968.7675750000002,10.0,100.0,0.0,1078.7675750000003,20
808,mixed,16,diagnostic,0.0,0.0,0.0,0.0,0.0,0.0,0
808,mixed,16,optical_fallback,0.0,0.0,0.0,0.0,0.0,0.0,0
808,mixed,16,certified_clear,4117.693535219918,823.5387070000002,0.0,0.0,80.0,903.5387070000002,16
809,mixed,15,discovery,15128.502972889024,3025.7005979999994,228.0,1205.0,0.0,4458.700597999999,241
809,mixed,15,active_localization,5776.809992828681,1155.361998,10.0,90.0,0.0,1255.361998,18
809,mixed,15,diagnostic,0.0,0.0,0.0,0.0,0.0,0.0,0
809,mixed,15,optical_fallback,0.0,0.0,0.0,0.0,0.0,0.0,0
809,mixed,15,certified_clear,3387.483450509826,677.4966910000004,0.0,0.0,75.0,752.4966910000004,15
810,mixed,12,discovery,15761.241279974727,3152.2482580000014,285.0,1485.0,0.0,4922.248258000001,297
810,mixed,12,active_localization,7994.0186731713,1598.8037359999996,10.0,100.0,0.0,1708.8037359999996,20
810,mixed,12,diagnostic,0.0,0.0,0.0,0.0,0.0,0.0,0
810,mixed,12,optical_fallback,0.0,0.0,0.0,0.0,0.0,0.0,0
810,mixed,12,certified_clear,1133.563007939739,226.71260299999926,0.0,0.0,60.0,286.71260299999926,12
811,mixed,11,discovery,15744.600805608115,3148.920164,261.0,1375.0,0.0,4784.920164,275
811,mixed,11,active_localization,5362.849250358513,1072.5698500000005,8.0,55.0,0.0,1135.5698500000005,11
811,mixed,11,diagnostic,0.0,0.0,0.0,0.0,0.0,0.0,0
811,mixed,11,optical_fallback,0.0,0.0,0.0,0.0,0.0,0.0,0
811,mixed,11,certified_clear,2874.508138356379,574.9016289999992,0.0,0.0,55.0,629.9016289999992,11
812,mixed,14,discovery,16575.470845479507,3315.0941709999997,220.0,1170.0,0.0,4705.094171,234
812,mixed,14,active_localization,8971.65327930652,1794.330656,13.0,75.0,0.0,1882.330656,15
812,mixed,14,diagnostic,0.0,0.0,0.0,0.0,0.0,0.0,0
812,mixed,14,optical_fallback,0.0,0.0,0.0,0.0,0.0,0.0,0
812,mixed,14,certified_clear,1536.4190510088592,307.2838090000006,0.0,0.0,70.0,377.2838090000006,14
813,mixed,11,discovery,15399.330057123838,3079.866014,238.0,1260.0,0.0,4577.866014,252
813,mixed,11,active_localization,5219.523532672927,1043.9047069999997,10.0,70.0,0.0,1123.9047069999997,14
813,mixed,11,diagnostic,0.0,0.0,0.0,0.0,0.0,0.0,0
813,mixed,11,optical_fallback,0.0,0.0,0.0,0.0,0.0,0.0,0
813,mixed,11,certified_clear,1982.427503937501,396.4855009999999,0.0,0.0,55.0,451.4855009999999,11
814,mixed,11,discovery,16767.77227373041,3353.554459,262.0,1385.0,0.0,5000.554459000001,277
814,mixed,11,active_localization,5434.679417642903,1086.9358819999998,9.0,65.0,0.0,1160.9358819999998,13
814,mixed,11,diagnostic,0.0,0.0,0.0,0.0,0.0,0.0,0
814,mixed,11,optical_fallback,0.0,0.0,0.0,0.0,0.0,0.0,0
814,mixed,11,certified_clear,1870.0241411600728,374.0048279999998,0.0,0.0,55.0,429.0048279999998,11
815,mixed,15,discovery,15720.459115400665,3144.091827000001,188.0,1015.0,0.0,4347.091827000001,203
815,mixed,15,active_localization,4708.335552791516,941.6671109999997,9.0,50.0,0.0,1000.6671109999997,10
815,mixed,15,diagnostic,0.0,0.0,0.0,0.0,0.0,0.0,0
815,mixed,15,optical_fallback,0.0,0.0,0.0,0.0,0.0,0.0,0
815,mixed,15,certified_clear,3922.838369807749,784.5676749999993,0.0,0.0,75.0,859.5676749999993,15
816,mixed,12,discovery,15400.471555865406,3080.0943130000005,242.0,1280.0,0.0,4602.0943130000005,256
816,mixed,12,active_localization,6104.4667740550685,1220.8933550000002,6.0,60.0,0.0,1286.8933550000002,12
816,mixed,12,diagnostic,0.0,0.0,0.0,0.0,0.0,0.0,0
816,mixed,12,optical_fallback,0.0,0.0,0.0,0.0,0.0,0.0,0
816,mixed,12,certified_clear,2634.7451411184657,526.9490269999999,0.0,0.0,60.0,586.9490269999999,12
817,mixed,12,discovery,15371.696034987255,3074.3392099999987,271.0,1420.0,0.0,4765.339209999998,284
817,mixed,12,active_localization,4867.652330880549,973.5304689999996,8.0,95.0,0.0,1076.5304689999996,19
817,mixed,12,diagnostic,0.0,0.0,0.0,0.0,0.0,0.0,0
817,mixed,12,optical_fallback,0.0,0.0,0.0,0.0,0.0,0.0,0
817,mixed,12,certified_clear,2751.495196399449,550.2990380000012,0.0,0.0,60.0,610.2990380000012,12
818,mixed,14,discovery,16520.046969047584,3304.0093960000004,246.0,1295.0,0.0,4845.009396,259
818,mixed,14,active_localization,6217.36645370642,1243.4732910000018,11.0,95.0,0.0,1349.4732910000018,19
818,mixed,14,diagnostic,0.0,0.0,0.0,0.0,0.0,0.0,0
818,mixed,14,optical_fallback,0.0,0.0,0.0,0.0,0.0,0.0,0
818,mixed,14,certified_clear,2624.9009711757394,524.9801939999984,0.0,0.0,70.0,594.9801939999984,14
819,mixed,12,discovery,16560.16431536247,3312.0328679999993,231.0,1215.0,0.0,4758.032867999999,243
819,mixed,12,active_localization,7419.342124401198,1483.8684260000002,10.0,120.0,0.0,1613.8684260000002,24
819,mixed,12,diagnostic,105.78377173813688,21.15675400000009,0.0,5.0,0.0,26.15675400000009,1
819,mixed,12,optical_fallback,0.0,0.0,0.0,0.0,0.0,0.0,0
819,mixed,12,certified_clear,1070.745621686868,214.14912500000014,0.0,0.0,60.0,274.14912500000014,12
820,mixed,10,discovery,15507.962237375727,3101.5924489999998,263.0,1395.0,0.0,4759.592449,279
820,mixed,10,active_localization,4349.553633988349,869.9107289999997,7.0,50.0,0.0,926.9107289999997,10
820,mixed,10,diagnostic,0.0,0.0,0.0,0.0,0.0,0.0,0
820,mixed,10,optical_fallback,0.0,0.0,0.0,0.0,0.0,0.0,0
820,mixed,10,certified_clear,2654.477519384983,530.8955050000009,0.0,0.0,50.0,580.8955050000009,10
821,mixed,14,discovery,17378.813392098047,3475.762679000001,236.0,1240.0,0.0,4951.762679000001,248
821,mixed,14,active_localization,10032.576202108561,2006.5152400000002,11.0,90.0,0.0,2107.51524,18
821,mixed,14,diagnostic,0.0,0.0,0.0,0.0,0.0,0.0,0
821,mixed,14,optical_fallback,0.0,0.0,0.0,0.0,0.0,0.0,0
821,mixed,14,certified_clear,2434.114358702087,486.82287199999877,0.0,0.0,70.0,556.8228719999988,14
822,mixed,12,discovery,16840.188270689436,3368.037657,268.0,1415.0,0.0,5051.037657,283
822,mixed,12,active_localization,9661.189555896943,1932.237909,12.0,95.0,0.0,2039.237909,19
822,mixed,12,diagnostic,81.82122040378336,16.36424399999987,0.0,5.0,0.0,21.36424399999987,1
822,mixed,12,optical_fallback,0.0,0.0,0.0,0.0,0.0,0.0,0
822,mixed,12,certified_clear,1301.51620321653,260.30323999999996,0.0,0.0,60.0,320.30323999999996,12
823,mixed,13,discovery,14765.905771609428,2953.1811590000007,234.0,1235.0,0.0,4422.181159000001,247
823,mixed,13,active_localization,5986.2578901575835,1197.2515779999997,7.0,70.0,0.0,1274.2515779999997,14
823,mixed,13,diagnostic,387.11696221020543,77.4233919999997,0.0,10.0,0.0,87.4233919999997,2
823,mixed,13,optical_fallback,0.0,0.0,0.0,0.0,0.0,0.0,0
823,mixed,13,certified_clear,3455.4395706097166,691.0879140000006,0.0,0.0,65.0,756.0879140000006,13
824,mixed,15,discovery,16293.809402999594,3258.761882,204.0,1085.0,0.0,4547.761882,217
824,mixed,15,active_localization,6588.460453558385,1317.6920909999994,8.0,85.0,0.0,1410.6920909999994,17
824,mixed,15,diagnostic,0.0,0.0,0.0,0.0,0.0,0.0,0
824,mixed,15,optical_fallback,0.0,0.0,0.0,0.0,0.0,0.0,0
824,mixed,15,certified_clear,1990.9464929748249,398.1892980000008,0.0,0.0,75.0,473.1892980000008,15
825,mixed,15,discovery,13306.689509233913,2661.337904999999,232.0,1225.0,0.0,4118.3379049999985,245
825,mixed,15,active_localization,5758.136557957439,1151.6273130000027,10.0,70.0,0.0,1231.6273130000027,14
825,mixed,15,diagnostic,0.0,0.0,0.0,0.0,0.0,0.0,0
825,mixed,15,optical_fallback,0.0,0.0,0.0,0.0,0.0,0.0,0
825,mixed,15,certified_clear,4055.507759248449,811.1015529999979,0.0,0.0,75.0,886.1015529999979,15
826,mixed,14,discovery,16132.248711245404,3226.4497440000005,246.0,1300.0,0.0,4772.4497440000005,260
826,mixed,14,active_localization,9666.855231688054,1933.371047000001,11.0,70.0,0.0,2014.371047000001,14
826,mixed,14,diagnostic,0.0,0.0,0.0,0.0,0.0,0.0,0
826,mixed,14,optical_fallback,0.0,0.0,0.0,0.0,0.0,0.0,0
826,mixed,14,certified_clear,2078.422742336905,415.68454899999836,0.0,0.0,70.0,485.68454899999836,14
827,mixed,13,discovery,16418.983962625105,3283.796795,248.0,1325.0,0.0,4856.796795,265
827,mixed,13,active_localization,2389.7482917674306,477.949658,5.0,35.0,0.0,517.949658,7
827,mixed,13,diagnostic,0.0,0.0,0.0,0.0,0.0,0.0,0
827,mixed,13,optical_fallback,0.0,0.0,0.0,0.0,0.0,0.0,0
827,mixed,13,certified_clear,6448.887887863618,1289.7775769999996,0.0,0.0,65.0,1354.7775769999996,13
828,mixed,13,discovery,13940.574866634768,2788.114975999999,251.0,1330.0,0.0,4369.114975999999,266
828,mixed,13,active_localization,2874.369751065751,574.8739500000006,5.0,30.0,0.0,609.8739500000006,6
828,mixed,13,diagnostic,0.0,0.0,0.0,0.0,0.0,0.0,0
828,mixed,13,optical_fallback,0.0,0.0,0.0,0.0,0.0,0.0,0
828,mixed,13,certified_clear,4362.425334304968,872.4850669999998,0.0,0.0,65.0,937.4850669999998,13
829,all_directional,11,discovery,16180.948594430223,3236.1897230000004,262.0,1390.0,0.0,4888.189723,278
829,all_directional,11,active_localization,6100.660297932466,1220.1320600000001,9.0,80.0,0.0,1309.1320600000001,16
829,all_directional,11,diagnostic,0.0,0.0,0.0,0.0,0.0,0.0,0
829,all_directional,11,optical_fallback,0.0,0.0,0.0,0.0,0.0,0.0,0
829,all_directional,11,certified_clear,2383.877777516874,476.7755549999994,0.0,0.0,55.0,531.7755549999994,11
830,mixed,15,discovery,16575.909762389445,3315.1819559999994,211.0,1135.0,0.0,4661.181955999999,227
830,mixed,15,active_localization,6388.37549319598,1277.6750979999997,9.0,90.0,0.0,1376.6750979999997,18
830,mixed,15,diagnostic,101.11874208078342,20.22374800000034,0.0,5.0,0.0,25.22374800000034,1
830,mixed,15,optical_fallback,0.0,0.0,0.0,0.0,0.0,0.0,0
830,mixed,15,certified_clear,4516.147620651421,903.2295250000006,0.0,0.0,75.0,978.2295250000006,15
831,mixed,16,discovery,3678.6381453032636,735.7276280000003,127.0,650.0,0.0,1512.7276280000003,130
831,mixed,16,active_localization,12773.32019381638,2554.664037999999,13.0,105.0,0.0,2672.664037999999,21
831,mixed,16,diagnostic,715.5839760147874,143.1167949999999,0.0,5.0,0.0,148.1167949999999,1
831,mixed,16,optical_fallback,0.0,0.0,0.0,0.0,0.0,0.0,0
831,mixed,16,certified_clear,3538.965190781673,707.7930380000012,0.0,0.0,80.0,787.7930380000012,16
832,mixed,11,discovery,15257.693600629374,3051.538724,280.0,1480.0,0.0,4811.538724,296
832,mixed,11,active_localization,3530.4120169869184,706.0824019999997,9.0,65.0,0.0,780.0824019999997,13
832,mixed,11,diagnostic,0.0,0.0,0.0,0.0,0.0,0.0,0
832,mixed,11,optical_fallback,0.0,0.0,0.0,0.0,0.0,0.0,0
832,mixed,11,certified_clear,2231.268286748533,446.2536570000007,0.0,0.0,55.0,501.2536570000007,11
833,mixed,15,discovery,14770.67865576759,2954.1357330000005,255.0,1330.0,0.0,4539.135733,266
833,mixed,15,active_localization,7940.763026095261,1588.1526040000003,10.0,95.0,0.0,1693.1526040000003,19
833,mixed,15,diagnostic,0.0,0.0,0.0,0.0,0.0,0.0,0
833,mixed,15,optical_fallback,0.0,0.0,0.0,0.0,0.0,0.0,0
833,mixed,15,certified_clear,3726.209623527743,745.2419269999992,0.0,0.0,75.0,820.2419269999992,15
834,mixed,16,discovery,13578.233785558286,2715.646759,216.0,1135.0,0.0,4066.6467589999997,227
834,mixed,16,active_localization,7702.009212872683,1540.4018419999993,12.0,120.0,0.0,1672.4018419999993,24
834,mixed,16,diagnostic,101.11874208078332,20.223747999999887,0.0,5.0,0.0,25.223747999999887,1
834,mixed,16,optical_fallback,0.0,0.0,0.0,0.0,0.0,0.0,0
834,mixed,16,certified_clear,2778.8660060123166,555.7732020000011,0.0,0.0,80.0,635.7732020000011,16
835,mixed,11,discovery,15852.030296819159,3170.406064,307.0,1620.0,0.0,5097.406064,324
835,mixed,11,active_localization,4310.886127877852,862.1772270000004,6.0,70.0,0.0,938.1772270000004,14
835,mixed,11,diagnostic,0.0,0.0,0.0,0.0,0.0,0.0,0
835,mixed,11,optical_fallback,0.0,0.0,0.0,0.0,0.0,0.0,0
835,mixed,11,certified_clear,2743.699914330219,548.7399819999996,0.0,0.0,55.0,603.7399819999996,11
836,mixed,11,discovery,16253.499162214559,3250.6998350000003,289.0,1515.0,0.0,5054.699835,303
836,mixed,11,active_localization,4949.101596829013,989.8203180000003,9.0,70.0,0.0,1068.8203180000003,14
836,mixed,11,diagnostic,0.0,0.0,0.0,0.0,0.0,0.0,0
836,mixed,11,optical_fallback,0.0,0.0,0.0,0.0,0.0,0.0,0
836,mixed,11,certified_clear,2025.8193852770767,405.1638769999996,0.0,0.0,55.0,460.1638769999996,11
837,mixed,15,discovery,14854.05667089971,2970.811336,218.0,1150.0,0.0,4338.811336,230
837,mixed,15,active_localization,8855.665412014798,1771.1330830000006,15.0,110.0,0.0,1896.1330830000006,22
837,mixed,15,diagnostic,0.0,0.0,0.0,0.0,0.0,0.0,0
837,mixed,15,optical_fallback,0.0,0.0,0.0,0.0,0.0,0.0,0
837,mixed,15,certified_clear,1902.2611093645546,380.45222199999955,0.0,0.0,75.0,455.45222199999955,15
838,mixed,15,discovery,17700.802069317408,3540.1604160000006,252.0,1330.0,0.0,5122.160416,266
838,mixed,15,active_localization,8282.073268530828,1656.4146520000013,12.0,100.0,0.0,1768.4146520000013,20
838,mixed,15,diagnostic,0.0,0.0,0.0,0.0,0.0,0.0,0
838,mixed,15,optical_fallback,0.0,0.0,0.0,0.0,0.0,0.0,0
838,mixed,15,certified_clear,3322.8367927623926,664.5673579999988,0.0,0.0,75.0,739.5673579999988,15
839,mixed,11,discovery,15476.615605201681,3095.323123,244.0,1290.0,0.0,4629.323123,258
839,mixed,11,active_localization,5234.768086049324,1046.9536170000003,10.0,75.0,0.0,1131.9536170000003,15
839,mixed,11,diagnostic,0.0,0.0,0.0,0.0,0.0,0.0,0
839,mixed,11,optical_fallback,0.0,0.0,0.0,0.0,0.0,0.0,0
839,mixed,11,certified_clear,1601.4930580489254,320.29861099999977,0.0,0.0,55.0,375.29861099999977,11
840,mixed,11,discovery,15818.362491976273,3163.672501000001,264.0,1395.0,0.0,4822.672501000002,279
840,mixed,11,active_localization,6025.899067022255,1205.1798149999997,9.0,70.0,0.0,1284.1798149999997,14
840,mixed,11,diagnostic,0.0,0.0,0.0,0.0,0.0,0.0,0
840,mixed,11,optical_fallback,0.0,0.0,0.0,0.0,0.0,0.0,0
840,mixed,11,certified_clear,1740.4973909549456,348.09947699999935,0.0,0.0,55.0,403.09947699999935,11
841,mixed,10,discovery,15322.621921658789,3064.524389,272.0,1435.0,0.0,4771.524389,287
841,mixed,10,active_localization,7749.831311695485,1549.9662629999998,8.0,75.0,0.0,1632.9662629999998,15
841,mixed,10,diagnostic,808.7898642534254,161.75797300000067,0.0,10.0,0.0,171.75797300000067,2
841,mixed,10,optical_fallback,0.0,0.0,0.0,0.0,0.0,0.0,0
841,mixed,10,certified_clear,1061.085697287448,212.2171399999994,0.0,0.0,50.0,262.2171399999994,10
842,mixed,11,discovery,15884.591969371595,3176.918396999999,272.0,1425.0,0.0,4873.918396999999,285
842,mixed,11,active_localization,6491.455734776022,1298.2911480000012,10.0,75.0,0.0,1383.2911480000012,15
842,mixed,11,diagnostic,0.0,0.0,0.0,0.0,0.0,0.0,0
842,mixed,11,optical_fallback,0.0,0.0,0.0,0.0,0.0,0.0,0
842,mixed,11,certified_clear,1256.2406916182551,251.2481389999997,0.0,0.0,55.0,306.2481389999997,11
843,mixed,10,discovery,16745.86339863841,3349.1726830000007,268.0,1415.0,0.0,5032.172683000001,283
843,mixed,10,active_localization,3311.51112438799,662.3022239999984,5.0,35.0,0.0,702.3022239999984,7
843,mixed,10,diagnostic,0.0,0.0,0.0,0.0,0.0,0.0,0
843,mixed,10,optical_fallback,0.0,0.0,0.0,0.0,0.0,0.0,0
843,mixed,10,certified_clear,3455.4934378148796,691.0986870000011,0.0,0.0,50.0,741.0986870000011,10
844,mixed,13,discovery,15601.396023404162,3120.2792069999987,264.0,1390.0,0.0,4774.279206999999,278
844,mixed,13,active_localization,8151.341352797341,1630.2682710000001,9.0,65.0,0.0,1704.2682710000001,13
844,mixed,13,diagnostic,0.0,0.0,0.0,0.0,0.0,0.0,0
844,mixed,13,optical_fallback,0.0,0.0,0.0,0.0,0.0,0.0,0
844,mixed,13,certified_clear,2693.1892460065906,538.6378510000011,0.0,0.0,65.0,603.6378510000011,13
845,mixed,14,discovery,14580.00007551251,2916.000016,262.0,1375.0,0.0,4553.000016,275
845,mixed,14,active_localization,6167.796698173062,1233.559341000001,9.0,75.0,0.0,1317.559341000001,15
845,mixed,14,diagnostic,0.0,0.0,0.0,0.0,0.0,0.0,0
845,mixed,14,optical_fallback,0.0,0.0,0.0,0.0,0.0,0.0,0
845,mixed,14,certified_clear,2483.743922558856,496.7487839999998,0.0,0.0,70.0,566.7487839999998,14
846,mixed,10,discovery,18360.86081993842,3672.1721660000003,282.0,1470.0,0.0,5424.172166,294
846,mixed,10,active_localization,5009.545973900139,1001.9091939999989,8.0,60.0,0.0,1069.909193999999,12
846,mixed,10,diagnostic,0.0,0.0,0.0,0.0,0.0,0.0,0
846,mixed,10,optical_fallback,0.0,0.0,0.0,0.0,0.0,0.0,0
846,mixed,10,certified_clear,2064.8364600293853,412.96729100000084,0.0,0.0,50.0,462.96729100000084,10
847,mixed,14,discovery,15416.852696439495,3083.3705419999987,241.0,1255.0,0.0,4579.370541999999,251
847,mixed,14,active_localization,7530.477642671892,1506.0955260000005,11.0,100.0,0.0,1617.0955260000005,20
847,mixed,14,diagnostic,0.0,0.0,0.0,0.0,0.0,0.0,0
847,mixed,14,optical_fallback,0.0,0.0,0.0,0.0,0.0,0.0,0
847,mixed,14,certified_clear,3607.016137028335,721.4032280000004,0.0,0.0,70.0,791.4032280000004,14
848,mixed,11,discovery,16076.083099096335,3215.2166209999996,261.0,1370.0,0.0,4846.216621,274
848,mixed,11,active_localization,5424.113865290184,1084.8227729999996,9.0,60.0,0.0,1153.8227729999996,12
848,mixed,11,diagnostic,0.0,0.0,0.0,0.0,0.0,0.0,0
848,mixed,11,optical_fallback,0.0,0.0,0.0,0.0,0.0,0.0,0
848,mixed,11,certified_clear,1530.0059717777174,306.0011940000005,0.0,0.0,55.0,361.0011940000005,11
849,mixed,10,discovery,15707.716510623275,3141.5433060000005,255.0,1355.0,0.0,4751.5433060000005,271
849,mixed,10,active_localization,3925.766462018746,785.153292,6.0,35.0,0.0,826.153292,7
849,mixed,10,diagnostic,0.0,0.0,0.0,0.0,0.0,0.0,0
849,mixed,10,optical_fallback,0.0,0.0,0.0,0.0,0.0,0.0,0
849,mixed,10,certified_clear,1961.601465320201,392.32029199999937,0.0,0.0,50.0,442.32029199999937,10
850,mixed,16,discovery,6355.642143635067,1271.128431,165.0,850.0,0.0,2286.128431,170
850,mixed,16,active_localization,8060.421166493895,1612.084232,11.0,75.0,0.0,1698.084232,15
850,mixed,16,diagnostic,0.0,0.0,0.0,0.0,0.0,0.0,0
850,mixed,16,optical_fallback,0.0,0.0,0.0,0.0,0.0,0.0,0
850,mixed,16,certified_clear,3965.9009687086377,793.1801930000005,0.0,0.0,80.0,873.1801930000005,16
851,mixed,15,discovery,15322.12329689733,3064.4246639999997,204.0,1085.0,0.0,4353.424664,217
851,mixed,15,active_localization,8710.265442088645,1742.053088,10.0,70.0,0.0,1822.053088,14
851,mixed,15,diagnostic,0.0,0.0,0.0,0.0,0.0,0.0,0
851,mixed,15,optical_fallback,0.0,0.0,0.0,0.0,0.0,0.0,0
851,mixed,15,certified_clear,2893.044320109867,578.6088650000004,0.0,0.0,75.0,653.6088650000004,15
852,mixed,11,discovery,15510.62021672085,3102.1240479999997,264.0,1390.0,0.0,4756.124048,278
852,mixed,11,active_localization,5093.8728503917755,1018.77457,7.0,50.0,0.0,1075.77457,10
852,mixed,11,diagnostic,0.0,0.0,0.0,0.0,0.0,0.0,0
852,mixed,11,optical_fallback,0.0,0.0,0.0,0.0,0.0,0.0,0
852,mixed,11,certified_clear,2885.612991881664,577.1225970000002,0.0,0.0,55.0,632.1225970000002,11
853,mixed,11,discovery,16798.825621637057,3359.7651280000014,281.0,1470.0,0.0,5110.765128000001,294
853,mixed,11,active_localization,6760.657110646412,1352.131424,10.0,80.0,0.0,1442.131424,16
853,mixed,11,diagnostic,938.1893465433825,187.63786999999957,0.0,10.0,0.0,197.63786999999957,2
853,mixed,11,optical_fallback,0.0,0.0,0.0,0.0,0.0,0.0,0
853,mixed,11,certified_clear,1162.6822040463603,232.53644099999906,0.0,0.0,55.0,287.53644099999906,11
854,mixed,11,discovery,16067.841133661348,3213.568228000001,244.0,1295.0,0.0,4752.568228000001,259
854,mixed,11,active_localization,4481.714044283426,896.3428090000001,7.0,45.0,0.0,948.3428090000001,9
854,mixed,11,diagnostic,0.0,0.0,0.0,0.0,0.0,0.0,0
854,mixed,11,optical_fallback,0.0,0.0,0.0,0.0,0.0,0.0,0
854,mixed,11,certified_clear,2315.6581004452814,463.13161999999915,0.0,0.0,55.0,518.1316199999992,11
855,mixed,14,discovery,14950.324203150867,2990.064843,224.0,1190.0,0.0,4404.064843,238
855,mixed,14,active_localization,7447.410142410512,1489.4820279999992,9.0,75.0,0.0,1573.4820279999992,15
855,mixed,14,diagnostic,728.0054691025491,145.60109399999965,0.0,5.0,0.0,150.60109399999965,1
855,mixed,14,optical_fallback,0.0,0.0,0.0,0.0,0.0,0.0,0
855,mixed,14,certified_clear,3892.954814550789,778.5909630000008,0.0,0.0,70.0,848.5909630000008,14
856,mixed,15,discovery,15820.377202802501,3164.0754430000006,232.0,1225.0,0.0,4621.075443000001,245
856,mixed,15,active_localization,5437.949769915622,1087.589956000001,11.0,75.0,0.0,1173.589956000001,15
856,mixed,15,diagnostic,0.0,0.0,0.0,0.0,0.0,0.0,0
856,mixed,15,optical_fallback,0.0,0.0,0.0,0.0,0.0,0.0,0
856,mixed,15,certified_clear,3493.648450238788,698.7296909999983,0.0,0.0,75.0,773.7296909999983,15
857,mixed,14,discovery,15441.706205086784,3088.341244000001,226.0,1195.0,0.0,4509.341244000001,239
857,mixed,14,active_localization,5116.39617811035,1023.2792349999988,11.0,75.0,0.0,1109.2792349999988,15
857,mixed,14,diagnostic,0.0,0.0,0.0,0.0,0.0,0.0,0
857,mixed,14,optical_fallback,0.0,0.0,0.0,0.0,0.0,0.0,0
857,mixed,14,certified_clear,3565.9742618052423,713.194853,0.0,0.0,70.0,783.194853,14
858,mixed,14,discovery,17009.134472805556,3401.826897,236.0,1245.0,0.0,4882.826897000001,249
858,mixed,14,active_localization,8034.904396144183,1606.9808789999997,9.0,90.0,0.0,1705.9808789999997,18
858,mixed,14,diagnostic,0.0,0.0,0.0,0.0,0.0,0.0,0
858,mixed,14,optical_fallback,0.0,0.0,0.0,0.0,0.0,0.0,0
858,mixed,14,certified_clear,2802.0146651932073,560.4029349999997,0.0,0.0,70.0,630.4029349999997,14
859,mixed,11,discovery,14808.847949141382,2961.7695920000015,322.0,1680.0,0.0,4963.7695920000015,336
859,mixed,11,active_localization,9398.54021415173,1879.7080419999998,9.0,75.0,0.0,1963.7080419999998,15
859,mixed,11,diagnostic,189.1451274601065,37.829025,0.0,5.0,0.0,42.829025,1
859,mixed,11,optical_fallback,0.0,0.0,0.0,0.0,0.0,0.0,0
859,mixed,11,certified_clear,2350.4874955230575,470.0974999999987,0.0,0.0,55.0,525.0974999999987,11
860,mixed,16,discovery,9121.542824993467,1824.3085680000006,164.0,870.0,0.0,2858.3085680000004,174
860,mixed,16,active_localization,5483.590173408511,1096.7180339999995,10.0,60.0,0.0,1166.7180339999995,12
860,mixed,16,diagnostic,0.0,0.0,0.0,0.0,0.0,0.0,0
860,mixed,16,optical_fallback,0.0,0.0,0.0,0.0,0.0,0.0,0
860,mixed,16,certified_clear,2957.954684006067,591.5909369999997,0.0,0.0,80.0,671.5909369999997,16
861,mixed,16,discovery,10981.393543295035,2196.2787099999996,237.0,1230.0,0.0,3663.278709999999,246
861,mixed,16,active_localization,12290.78886062033,2458.157771999999,15.0,135.0,0.0,2608.157771999999,27
861,mixed,16,diagnostic,0.0,0.0,0.0,0.0,0.0,0.0,0
861,mixed,16,optical_fallback,0.0,0.0,0.0,0.0,0.0,0.0,0
861,mixed,16,certified_clear,1233.281531874181,246.65630800000122,0.0,0.0,80.0,326.6563080000012,16
862,mixed,14,discovery,16925.223696151406,3385.044742000001,214.0,1140.0,0.0,4739.044742000001,228
862,mixed,14,active_localization,6821.255975366612,1364.2511939999997,11.0,80.0,0.0,1455.2511939999997,16
862,mixed,14,diagnostic,0.0,0.0,0.0,0.0,0.0,0.0,0
862,mixed,14,optical_fallback,0.0,0.0,0.0,0.0,0.0,0.0,0
862,mixed,14,certified_clear,2333.474136743567,466.69482599999947,0.0,0.0,70.0,536.6948259999995,14
863,mixed,12,discovery,16243.607992421717,3248.721600000002,270.0,1420.0,0.0,4938.721600000003,284
863,mixed,12,active_localization,5031.566288832435,1006.3132569999993,8.0,60.0,0.0,1074.3132569999993,12
863,mixed,12,diagnostic,0.0,0.0,0.0,0.0,0.0,0.0,0
863,mixed,12,optical_fallback,0.0,0.0,0.0,0.0,0.0,0.0,0
863,mixed,12,certified_clear,3218.908338260021,643.7816679999987,0.0,0.0,60.0,703.7816679999987,12
864,mixed,14,discovery,16212.65139858837,3242.530282000001,253.0,1330.0,0.0,4825.530282000001,266
864,mixed,14,active_localization,7412.28649465736,1482.4572990000008,9.0,90.0,0.0,1581.4572990000008,18
864,mixed,14,diagnostic,0.0,0.0,0.0,0.0,0.0,0.0,0
864,mixed,14,optical_fallback,0.0,0.0,0.0,0.0,0.0,0.0,0
864,mixed,14,certified_clear,2904.3206029530375,580.8641209999981,0.0,0.0,70.0,650.8641209999981,14
865,mixed,15,discovery,18276.875563777743,3655.3751160000006,218.0,1155.0,0.0,5028.375116000001,231
865,mixed,15,active_localization,8028.669197259377,1605.7338399999992,12.0,105.0,0.0,1722.7338399999992,21
865,mixed,15,diagnostic,0.0,0.0,0.0,0.0,0.0,0.0,0
865,mixed,15,optical_fallback,0.0,0.0,0.0,0.0,0.0,0.0,0
865,mixed,15,certified_clear,1348.0666334208165,269.61332700000025,0.0,0.0,75.0,344.61332700000025,15
866,mixed,15,discovery,14258.39535627893,2851.679075,225.0,1190.0,0.0,4266.679075,238
866,mixed,15,active_localization,5485.364489821967,1097.072899000001,7.0,75.0,0.0,1179.072899000001,15
866,mixed,15,diagnostic,113.30341339783878,22.660683000000063,0.0,5.0,0.0,27.660683000000063,1
866,mixed,15,optical_fallback,0.0,0.0,0.0,0.0,0.0,0.0,0
866,mixed,15,certified_clear,4214.281775149437,842.8563559999994,0.0,0.0,75.0,917.8563559999994,15
867,mixed,15,discovery,16664.644369071502,3332.928874999999,218.0,1160.0,0.0,4710.928875,232
867,mixed,15,active_localization,5051.369223892352,1010.2738449999997,12.0,70.0,0.0,1092.2738449999997,14
867,mixed,15,diagnostic,0.0,0.0,0.0,0.0,0.0,0.0,0
867,mixed,15,optical_fallback,0.0,0.0,0.0,0.0,0.0,0.0,0
867,mixed,15,certified_clear,2902.564994128257,580.512999000001,0.0,0.0,75.0,655.512999000001,15
868,all_directional,10,discovery,16837.438025251246,3367.4876080000004,282.0,1480.0,0.0,5129.487608,296
868,all_directional,10,active_localization,6112.636087298964,1222.5272180000002,9.0,100.0,0.0,1331.5272180000002,20
868,all_directional,10,diagnostic,1391.8231991693783,278.3646410000001,0.0,20.0,0.0,298.3646410000001,4
868,all_directional,10,optical_fallback,76.53231582288853,15.306463000000122,0.0,0.0,14.0,29.30646300000012,4
868,all_directional,10,certified_clear,1930.130759521899,386.0261519999991,0.0,0.0,45.0,431.0261519999991,9
869,mixed,10,discovery,18584.885326897074,3716.9770680000006,273.0,1435.0,0.0,5424.977068,287
869,mixed,10,active_localization,5761.082222209688,1152.2164460000004,8.0,80.0,0.0,1240.2164460000004,16
869,mixed,10,diagnostic,101.35972839472144,20.271945999999843,0.0,5.0,0.0,25.271945999999843,1
869,mixed,10,optical_fallback,0.0,0.0,0.0,0.0,0.0,0.0,0
869,mixed,10,certified_clear,1607.5217402059604,321.5043469999996,0.0,0.0,50.0,371.5043469999996,10
870,mixed,13,discovery,16906.74459507185,3381.3489239999994,279.0,1460.0,0.0,5120.348923999999,292
870,mixed,13,active_localization,6706.586759545594,1341.317352,11.0,80.0,0.0,1432.317352,16
870,mixed,13,diagnostic,944.4153585265547,188.88307199999963,0.0,10.0,0.0,198.88307199999963,2
870,mixed,13,optical_fallback,0.0,0.0,0.0,0.0,0.0,0.0,0
870,mixed,13,certified_clear,2674.530821338207,534.9061640000015,0.0,0.0,65.0,599.9061640000015,13
871,mixed,15,discovery,16637.942024110394,3327.5884079999996,265.0,1390.0,0.0,4982.588408,278
871,mixed,15,active_localization,10824.545227456507,2164.909043999998,13.0,135.0,0.0,2312.909043999998,27
871,mixed,15,diagnostic,765.1154266250358,153.02308600000015,0.0,10.0,0.0,163.02308600000015,2
871,mixed,15,optical_fallback,0.0,0.0,0.0,0.0,0.0,0.0,0
871,mixed,15,certified_clear,3265.4473458841608,653.0894700000015,0.0,0.0,75.0,728.0894700000015,15
872,mixed,14,discovery,15534.994234721506,3106.998851,207.0,1095.0,0.0,4408.998851,219
872,mixed,14,active_localization,6726.591644144637,1345.3183269999993,13.0,90.0,0.0,1448.3183269999993,18
872,mixed,14,diagnostic,0.0,0.0,0.0,0.0,0.0,0.0,0
872,mixed,14,optical_fallback,0.0,0.0,0.0,0.0,0.0,0.0,0
872,mixed,14,certified_clear,2354.926492981313,470.9852990000011,0.0,0.0,70.0,540.9852990000011,14
873,mixed,11,discovery,15984.106459081413,3196.8212959999987,288.0,1515.0,0.0,4999.821295999998,303
873,mixed,11,active_localization,5885.338157639927,1177.0676320000007,8.0,60.0,0.0,1245.0676320000007,12
873,mixed,11,diagnostic,0.0,0.0,0.0,0.0,0.0,0.0,0
873,mixed,11,optical_fallback,0.0,0.0,0.0,0.0,0.0,0.0,0
873,mixed,11,certified_clear,3097.13023806024,619.4260490000006,0.0,0.0,55.0,674.4260490000006,11
874,mixed,10,discovery,16150.786266778197,3230.1572559999995,305.0,1600.0,0.0,5135.1572559999995,320
874,mixed,10,active_localization,3787.305982924896,757.4611959999997,5.0,50.0,0.0,812.4611959999997,10
874,mixed,10,diagnostic,0.0,0.0,0.0,0.0,0.0,0.0,0
874,mixed,10,optical_fallback,0.0,0.0,0.0,0.0,0.0,0.0,0
874,mixed,10,certified_clear,2969.2370097757293,593.847403000001,0.0,0.0,50.0,643.847403000001,10
875,mixed,15,discovery,15935.877446381539,3187.175491,194.0,1030.0,0.0,4411.175491,206
875,mixed,15,active_localization,5511.337390649187,1102.2674780000007,10.0,75.0,0.0,1187.2674780000007,15
875,mixed,15,diagnostic,0.0,0.0,0.0,0.0,0.0,0.0,0
875,mixed,15,optical_fallback,0.0,0.0,0.0,0.0,0.0,0.0,0
875,mixed,15,certified_clear,2670.017928482257,534.0035859999997,0.0,0.0,75.0,609.0035859999997,15
876,mixed,11,discovery,16337.378118040962,3267.4756260000013,302.0,1590.0,0.0,5159.475626000001,318
876,mixed,11,active_localization,3004.9966676695035,600.9993340000003,5.0,30.0,0.0,635.9993340000003,6
876,mixed,11,diagnostic,0.0,0.0,0.0,0.0,0.0,0.0,0
876,mixed,11,optical_fallback,0.0,0.0,0.0,0.0,0.0,0.0,0
876,mixed,11,certified_clear,3077.9972204498044,615.5994449999987,0.0,0.0,55.0,670.5994449999987,11
877,mixed,12,discovery,15687.766389487571,3137.553283,300.0,1575.0,0.0,5012.553283,315
877,mixed,12,active_localization,3806.161800390526,761.2323599999997,8.0,50.0,0.0,819.2323599999997,10
877,mixed,12,diagnostic,0.0,0.0,0.0,0.0,0.0,0.0,0
877,mixed,12,optical_fallback,0.0,0.0,0.0,0.0,0.0,0.0,0
877,mixed,12,certified_clear,2697.7210004387716,539.5442019999999,0.0,0.0,60.0,599.5442019999999,12
878,mixed,14,discovery,14633.108494253407,2926.6216999999992,263.0,1365.0,0.0,4554.6217,273
878,mixed,14,active_localization,7989.14560667716,1597.829121999999,13.0,115.0,0.0,1725.829121999999,23
878,mixed,14,diagnostic,0.0,0.0,0.0,0.0,0.0,0.0,0
878,mixed,14,optical_fallback,0.0,0.0,0.0,0.0,0.0,0.0,0
878,mixed,14,certified_clear,1417.160183164387,283.4320380000014,0.0,0.0,70.0,353.4320380000014,14
879,mixed,15,discovery,16211.347735054696,3242.2695510000003,252.0,1320.0,0.0,4814.269551,264
879,mixed,15,active_localization,9293.172958149009,1858.6345919999999,12.0,75.0,0.0,1945.6345919999999,15
879,mixed,15,diagnostic,0.0,0.0,0.0,0.0,0.0,0.0,0
879,mixed,15,optical_fallback,0.0,0.0,0.0,0.0,0.0,0.0,0
879,mixed,15,certified_clear,2832.278820401035,566.4557639999999,0.0,0.0,75.0,641.4557639999999,15
880,mixed,16,discovery,16124.587164609924,3224.9174359999997,227.0,1195.0,0.0,4646.917436,239
880,mixed,16,active_localization,6822.203055475191,1364.4406099999992,11.0,95.0,0.0,1470.4406099999992,19
880,mixed,16,diagnostic,1177.0454842559882,235.4090970000002,0.0,20.0,0.0,255.4090970000002,4
880,mixed,16,optical_fallback,0.0,0.0,0.0,0.0,0.0,0.0,0
880,mixed,16,certified_clear,3943.694327594642,788.738866000001,0.0,0.0,80.0,868.738866000001,16
881,mixed,11,discovery,16155.299488195193,3231.0599020000004,266.0,1405.0,0.0,4902.059902000001,281
881,mixed,11,active_localization,8590.49952859065,1718.099905999999,7.0,80.0,0.0,1805.099905999999,16
881,mixed,11,diagnostic,602.7146623893004,120.54293200000029,0.0,10.0,0.0,130.5429320000003,2
881,mixed,11,optical_fallback,0.0,0.0,0.0,0.0,0.0,0.0,0
881,mixed,11,certified_clear,2631.4878437254133,526.2975679999997,0.0,0.0,55.0,581.2975679999997,11
882,mixed,16,discovery,14395.32749129801,2879.0654989999994,210.0,1100.0,0.0,4189.065498999999,220
882,mixed,16,active_localization,4616.56290947296,923.3125810000004,10.0,75.0,0.0,1008.3125810000004,15
882,mixed,16,diagnostic,0.0,0.0,0.0,0.0,0.0,0.0,0
882,mixed,16,optical_fallback,0.0,0.0,0.0,0.0,0.0,0.0,0
882,mixed,16,certified_clear,5269.023821273813,1053.8047650000003,0.0,0.0,80.0,1133.8047650000003,16
883,mixed,16,discovery,4307.411600932496,861.4823209999997,142.0,730.0,0.0,1733.4823209999997,146
883,mixed,16,active_localization,12890.60447471447,2578.120897,15.0,125.0,0.0,2718.120897,25
883,mixed,16,diagnostic,1072.2996083036478,214.459922,0.0,10.0,0.0,224.459922,2
883,mixed,16,optical_fallback,0.0,0.0,0.0,0.0,0.0,0.0,0
883,mixed,16,certified_clear,3110.1077304410114,622.0215470000004,0.0,0.0,80.0,702.0215470000004,16
884,mixed,12,discovery,14949.227980719199,2989.8456009999995,234.0,1250.0,0.0,4473.845601,250
884,mixed,12,active_localization,5958.37139132686,1191.6742789999998,9.0,60.0,0.0,1260.6742789999998,12
884,mixed,12,diagnostic,0.0,0.0,0.0,0.0,0.0,0.0,0
884,mixed,12,optical_fallback,0.0,0.0,0.0,0.0,0.0,0.0,0
884,mixed,12,certified_clear,2664.168525414496,532.8337050000005,0.0,0.0,60.0,592.8337050000005,12
885,mixed,15,discovery,16484.69060458331,3296.9381249999997,238.0,1260.0,0.0,4794.938125,252
885,mixed,15,active_localization,10205.663429090773,2041.132685,10.0,105.0,0.0,2156.132685,21
885,mixed,15,diagnostic,2059.2316711546196,411.8463350000002,0.0,15.0,0.0,426.8463350000002,3
885,mixed,15,optical_fallback,0.0,0.0,0.0,0.0,0.0,0.0,0
885,mixed,15,certified_clear,5057.282922373122,1011.4565840000007,0.0,0.0,75.0,1086.4565840000007,15
886,mixed,13,discovery,16030.164838342098,3206.0329709999996,193.0,1050.0,0.0,4449.032971,210
886,mixed,13,active_localization,7065.01764371795,1413.0035290000003,7.0,80.0,0.0,1500.0035290000003,16
886,mixed,13,diagnostic,3229.008286754004,645.8016579999994,0.0,25.0,0.0,670.8016579999994,5
886,mixed,13,optical_fallback,0.0,0.0,0.0,0.0,0.0,0.0,0
886,mixed,13,certified_clear,4167.182903328481,833.4365820000006,0.0,0.0,65.0,898.4365820000006,13
887,mixed,16,discovery,5769.100539638382,1153.8201089999998,132.0,685.0,0.0,1970.8201089999998,137
887,mixed,16,active_localization,6627.371471404545,1325.4742949999995,14.0,95.0,0.0,1434.4742949999995,19
887,mixed,16,diagnostic,0.0,0.0,0.0,0.0,0.0,0.0,0
887,mixed,16,optical_fallback,0.0,0.0,0.0,0.0,0.0,0.0,0
887,mixed,16,certified_clear,4025.680263501193,805.1360530000011,0.0,0.0,80.0,885.1360530000011,16
888,mixed,14,discovery,15254.560617222156,3050.912125000001,244.0,1290.0,0.0,4584.912125000002,258
888,mixed,14,active_localization,7428.061095907355,1485.6122179999993,12.0,95.0,0.0,1592.6122179999993,19
888,mixed,14,diagnostic,101.11874208078342,20.223747999999887,0.0,5.0,0.0,25.223747999999887,1
888,mixed,14,optical_fallback,0.0,0.0,0.0,0.0,0.0,0.0,0
888,mixed,14,certified_clear,2343.6296808997345,468.7259359999998,0.0,0.0,70.0,538.7259359999998,14
889,mixed,16,discovery,8790.287020199581,1758.057406000001,168.0,875.0,0.0,2801.0574060000013,175
889,mixed,16,active_localization,6917.2376600070465,1383.447531,11.0,110.0,0.0,1504.447531,22
889,mixed,16,diagnostic,0.0,0.0,0.0,0.0,0.0,0.0,0
889,mixed,16,optical_fallback,0.0,0.0,0.0,0.0,0.0,0.0,0
889,mixed,16,certified_clear,4081.7554301156597,816.351084999999,0.0,0.0,80.0,896.351084999999,16
890,mixed,13,discovery,15118.481310900246,3023.696265000001,242.0,1295.0,0.0,4560.696265000001,259
890,mixed,13,active_localization,6717.7768479003635,1343.555368999999,6.0,45.0,0.0,1394.555368999999,9
890,mixed,13,diagnostic,1488.3972610793437,297.6794519999994,0.0,15.0,0.0,312.6794519999994,3
890,mixed,13,optical_fallback,1595.8864874871829,319.1772970000002,0.0,0.0,128.0,447.1772970000002,42
890,mixed,13,certified_clear,3888.08737139842,777.6174750000002,0.0,0.0,60.0,837.6174750000002,12
891,mixed,13,discovery,16397.1028663453,3279.4205779999998,242.0,1285.0,0.0,4806.420577999999,257
891,mixed,13,active_localization,3324.629584948977,664.9259170000001,7.0,40.0,0.0,711.9259170000001,8
891,mixed,13,diagnostic,0.0,0.0,0.0,0.0,0.0,0.0,0
891,mixed,13,optical_fallback,0.0,0.0,0.0,0.0,0.0,0.0,0
891,mixed,13,certified_clear,4877.773966619481,975.5547919999999,0.0,0.0,65.0,1040.554792,13
892,mixed,12,discovery,16414.71337002861,3282.9426789999998,257.0,1360.0,0.0,4899.942679,272
892,mixed,12,active_localization,10051.087431439159,2010.217483999999,12.0,110.0,0.0,2132.217483999999,22
892,mixed,12,diagnostic,1139.620087549512,227.92401800000061,0.0,15.0,0.0,242.92401800000061,3
892,mixed,12,optical_fallback,0.0,0.0,0.0,0.0,0.0,0.0,0
892,mixed,12,certified_clear,1642.141877734148,328.42837499999985,0.0,0.0,60.0,388.42837499999985,12
893,mixed,14,discovery,17632.014239093103,3526.4028500000004,234.0,1240.0,0.0,5000.40285,248
893,mixed,14,active_localization,4487.1717270974505,897.4343480000003,11.0,90.0,0.0,998.4343480000003,18
893,mixed,14,diagnostic,0.0,0.0,0.0,0.0,0.0,0.0,0
893,mixed,14,optical_fallback,0.0,0.0,0.0,0.0,0.0,0.0,0
893,mixed,14,certified_clear,3759.8829866888254,751.9765969999992,0.0,0.0,70.0,821.9765969999992,14
894,mixed,10,discovery,14562.60494096108,2912.520989999999,262.0,1385.0,0.0,4559.520989999998,277
894,mixed,10,active_localization,5820.0206314598845,1164.0041259999996,7.0,70.0,0.0,1241.0041259999996,14
894,mixed,10,diagnostic,0.0,0.0,0.0,0.0,0.0,0.0,0
894,mixed,10,optical_fallback,0.0,0.0,0.0,0.0,0.0,0.0,0
894,mixed,10,certified_clear,2996.4724240735313,599.2944860000011,0.0,0.0,50.0,649.2944860000011,10
895,mixed,10,discovery,17344.16753761046,3468.8335129999996,260.0,1375.0,0.0,5103.833513,275
895,mixed,10,active_localization,3698.322456211681,739.6644920000001,7.0,55.0,0.0,801.6644920000001,11
895,mixed,10,diagnostic,0.0,0.0,0.0,0.0,0.0,0.0,0
895,mixed,10,optical_fallback,0.0,0.0,0.0,0.0,0.0,0.0,0
895,mixed,10,certified_clear,2159.9071924383684,431.9814389999998,0.0,0.0,50.0,481.9814389999998,10
896,mixed,12,discovery,15476.477696848182,3095.295543999999,265.0,1400.0,0.0,4760.295543999999,280
896,mixed,12,active_localization,10075.787199340572,2015.1574399999995,11.0,85.0,0.0,2111.1574399999995,17
896,mixed,12,diagnostic,0.0,0.0,0.0,0.0,0.0,0.0,0
896,mixed,12,optical_fallback,0.0,0.0,0.0,0.0,0.0,0.0,0
896,mixed,12,certified_clear,1356.0791153598338,271.2158220000009,0.0,0.0,60.0,331.2158220000009,12
897,mixed,14,discovery,14227.941546346916,2845.588312,254.0,1325.0,0.0,4424.588312,265
897,mixed,14,active_localization,9637.935064098543,1927.5870119999997,12.0,75.0,0.0,2014.5870119999997,15
897,mixed,14,diagnostic,0.0,0.0,0.0,0.0,0.0,0.0,0
897,mixed,14,optical_fallback,0.0,0.0,0.0,0.0,0.0,0.0,0
897,mixed,14,certified_clear,3297.0790839279316,659.415817,0.0,0.0,70.0,729.415817,14
898,mixed,13,discovery,14512.942963780233,2902.588593,243.0,1285.0,0.0,4430.5885929999995,257
898,mixed,13,active_localization,5579.757695969914,1115.9515409999997,10.0,80.0,0.0,1205.9515409999997,16
898,mixed,13,diagnostic,0.0,0.0,0.0,0.0,0.0,0.0,0
898,mixed,13,optical_fallback,0.0,0.0,0.0,0.0,0.0,0.0,0
898,mixed,13,certified_clear,2376.8667656403386,475.3733530000002,0.0,0.0,65.0,540.3733530000002,13
899,mixed,13,discovery,16568.34973939742,3313.669952,223.0,1190.0,0.0,4726.669952,238
899,mixed,13,active_localization,6111.337269870832,1222.2674530000002,11.0,60.0,0.0,1293.2674530000002,12
899,mixed,13,diagnostic,0.0,0.0,0.0,0.0,0.0,0.0,0
899,mixed,13,optical_fallback,0.0,0.0,0.0,0.0,0.0,0.0,0
899,mixed,13,certified_clear,2674.0370823961466,534.807416,0.0,0.0,65.0,599.807416,13
900,mixed,12,discovery,15866.67584829662,3173.3351750000006,256.0,1355.0,0.0,4784.335175000001,271
900,mixed,12,active_localization,7039.754211375186,1407.9508430000005,9.0,70.0,0.0,1486.9508430000005,14
900,mixed,12,diagnostic,0.0,0.0,0.0,0.0,0.0,0.0,0
900,mixed,12,optical_fallback,0.0,0.0,0.0,0.0,0.0,0.0,0
900,mixed,12,certified_clear,1576.3043314968695,315.26086599999917,0.0,0.0,60.0,375.26086599999917,12
901,mixed,11,discovery,16553.80290359778,3310.760583,258.0,1355.0,0.0,4923.760583,271
901,mixed,11,active_localization,6341.229167749526,1268.2458350000006,7.0,65.0,0.0,1340.2458350000006,13
901,mixed,11,diagnostic,0.0,0.0,0.0,0.0,0.0,0.0,0
901,mixed,11,optical_fallback,0.0,0.0,0.0,0.0,0.0,0.0,0
901,mixed,11,certified_clear,1855.158661460029,371.03173199999947,0.0,0.0,55.0,426.03173199999947,11
902,mixed,13,discovery,16538.524879371347,3307.704979,221.0,1180.0,0.0,4708.704979,236
902,mixed,13,active_localization,6927.251627598305,1385.4503260000004,9.0,100.0,0.0,1494.4503260000004,20
902,mixed,13,diagnostic,1232.7706892069873,246.55413700000008,0.0,10.0,0.0,256.5541370000001,2
902,mixed,13,optical_fallback,0.0,0.0,0.0,0.0,0.0,0.0,0
902,mixed,13,certified_clear,1945.283968907281,389.05679199999895,0.0,0.0,65.0,454.05679199999895,13
903,mixed,10,discovery,14919.870041689204,2983.97401,287.0,1510.0,0.0,4780.97401,302
903,mixed,10,active_localization,3970.0786002209215,794.0157190000011,8.0,50.0,0.0,852.0157190000011,10
903,mixed,10,diagnostic,0.0,0.0,0.0,0.0,0.0,0.0,0
903,mixed,10,optical_fallback,0.0,0.0,0.0,0.0,0.0,0.0,0
903,mixed,10,certified_clear,2112.5148152433258,422.50296299999866,0.0,0.0,50.0,472.50296299999866,10
904,mixed,14,discovery,16073.952997046614,3214.7906009999992,219.0,1170.0,0.0,4603.790601,234
904,mixed,14,active_localization,6659.7253157042705,1331.9450630000001,11.0,90.0,0.0,1432.9450630000001,18
904,mixed,14,diagnostic,0.0,0.0,0.0,0.0,0.0,0.0,0
904,mixed,14,optical_fallback,0.0,0.0,0.0,0.0,0.0,0.0,0
904,mixed,14,certified_clear,2568.3333163666084,513.6666640000005,0.0,0.0,70.0,583.6666640000005,14
905,mixed,15,discovery,16777.678906690748,3355.535783999999,248.0,1305.0,0.0,4908.535783999999,261
905,mixed,15,active_localization,9891.300574477673,1978.2601130000007,14.0,130.0,0.0,2122.2601130000007,26
905,mixed,15,diagnostic,393.0566071240723,78.61132099999998,0.0,10.0,0.0,88.61132099999998,2
905,mixed,15,optical_fallback,0.0,0.0,0.0,0.0,0.0,0.0,0
905,mixed,15,certified_clear,3127.19312653019,625.438627,0.0,0.0,75.0,700.438627,15
906,mixed,14,discovery,16114.747328094947,3222.949470000001,224.0,1190.0,0.0,4636.949470000001,238
906,mixed,14,active_localization,3897.266494039754,779.4533009999998,9.0,75.0,0.0,863.4533009999998,15
906,mixed,14,diagnostic,0.0,0.0,0.0,0.0,0.0,0.0,0
906,mixed,14,optical_fallback,0.0,0.0,0.0,0.0,0.0,0.0,0
906,mixed,14,certified_clear,4830.889804856902,966.1779629999995,0.0,0.0,70.0,1036.1779629999996,14
907,mixed,15,discovery,16078.425000187932,3215.6850039999995,189.0,1020.0,0.0,4424.685004,204
907,mixed,15,active_localization,6093.45892154163,1218.691785,11.0,95.0,0.0,1324.691785,19
907,mixed,15,diagnostic,0.0,0.0,0.0,0.0,0.0,0.0,0
907,mixed,15,optical_fallback,0.0,0.0,0.0,0.0,0.0,0.0,0
907,mixed,15,certified_clear,3735.4574515806466,747.0914880000006,0.0,0.0,75.0,822.0914880000006,15
908,mixed,15,discovery,17354.136920531444,3470.8273870000003,226.0,1205.0,0.0,4901.827387,241
908,mixed,15,active_localization,6415.834514194943,1283.166902000001,11.0,105.0,0.0,1399.166902000001,21
908,mixed,15,diagnostic,81.72393364876314,16.344786999999997,0.0,5.0,0.0,21.344786999999997,1
908,mixed,15,optical_fallback,0.0,0.0,0.0,0.0,0.0,0.0,0
908,mixed,15,certified_clear,2727.563730978465,545.5127459999983,0.0,0.0,75.0,620.5127459999983,15
909,mixed,13,discovery,15148.922110562673,3029.784423000002,273.0,1435.0,0.0,4737.784423000001,287
909,mixed,13,active_localization,5347.452443465892,1069.4904879999985,10.0,70.0,0.0,1149.4904879999985,14
909,mixed,13,diagnostic,149.6567147438765,29.931343000000197,0.0,5.0,0.0,34.9313430000002,1
909,mixed,13,optical_fallback,0.0,0.0,0.0,0.0,0.0,0.0,0
909,mixed,13,certified_clear,3291.692386474491,658.3384779999999,0.0,0.0,65.0,723.3384779999999,13
910,mixed,10,discovery,15804.8102769211,3160.9620589999995,275.0,1460.0,0.0,4895.962058999999,292
910,mixed,10,active_localization,6935.598112321999,1387.119622,6.0,65.0,0.0,1458.119622,13
910,mixed,10,diagnostic,0.0,0.0,0.0,0.0,0.0,0.0,0
910,mixed,10,optical_fallback,0.0,0.0,0.0,0.0,0.0,0.0,0
910,mixed,10,certified_clear,2516.666727744688,503.333347000001,0.0,0.0,50.0,553.333347000001,10
911,mixed,14,discovery,15720.663888018551,3144.1327809999984,262.0,1380.0,0.0,4786.132780999999,276
911,mixed,14,active_localization,9648.507070465334,1929.7014150000036,13.0,90.0,0.0,2032.7014150000036,18
911,mixed,14,diagnostic,1229.9817975788471,245.99635899999976,0.0,15.0,0.0,260.99635899999976,3
911,mixed,14,optical_fallback,0.0,0.0,0.0,0.0,0.0,0.0,0
911,mixed,14,certified_clear,3070.648776809666,614.1297549999986,0.0,0.0,70.0,684.1297549999986,14
912,mixed,14,discovery,15432.222232833767,3086.4444489999996,251.0,1315.0,0.0,4652.4444490000005,263
912,mixed,14,active_localization,6852.109895213818,1370.4219789999988,9.0,70.0,0.0,1449.4219789999988,14
912,mixed,14,diagnostic,0.0,0.0,0.0,0.0,0.0,0.0,0
912,mixed,14,optical_fallback,0.0,0.0,0.0,0.0,0.0,0.0,0
912,mixed,14,certified_clear,3206.023170647756,641.2046330000012,0.0,0.0,70.0,711.2046330000012,14
913,mixed,11,discovery,14807.016965821893,2961.403396000001,259.0,1365.0,0.0,4585.403396000001,273
913,mixed,11,active_localization,5562.780501853084,1112.5561000000002,10.0,65.0,0.0,1187.5561000000002,13
913,mixed,11,diagnostic,0.0,0.0,0.0,0.0,0.0,0.0,0
913,mixed,11,optical_fallback,0.0,0.0,0.0,0.0,0.0,0.0,0
913,mixed,11,certified_clear,1301.3099753861793,260.2619939999986,0.0,0.0,55.0,315.2619939999986,11
914,mixed,16,discovery,3656.5668098196534,731.3133620000001,137.0,705.0,0.0,1573.313362,141
914,mixed,16,active_localization,8301.902858426796,1660.3805720000005,10.0,85.0,0.0,1755.3805720000005,17
914,mixed,16,diagnostic,935.8160711395028,187.16321499999958,0.0,10.0,0.0,197.16321499999958,2
914,mixed,16,optical_fallback,0.0,0.0,0.0,0.0,0.0,0.0,0
914,mixed,16,certified_clear,4695.305402241737,939.0610799999997,0.0,0.0,80.0,1019.0610799999997,16
915,mixed,15,discovery,17259.760445284814,3451.9520920000004,222.0,1175.0,0.0,4848.952092000001,235
915,mixed,15,active_localization,3082.566808455705,616.5133619999997,10.0,70.0,0.0,696.5133619999997,14
915,mixed,15,diagnostic,0.0,0.0,0.0,0.0,0.0,0.0,0
915,mixed,15,optical_fallback,0.0,0.0,0.0,0.0,0.0,0.0,0
915,mixed,15,certified_clear,4020.4594177055806,804.0918839999993,0.0,0.0,75.0,879.0918839999993,15
916,mixed,12,discovery,16423.87809852394,3284.775623,235.0,1250.0,0.0,4769.7756229999995,250
916,mixed,12,active_localization,4432.8543814106115,886.5708769999997,8.0,85.0,0.0,979.5708769999997,17
916,mixed,12,diagnostic,0.0,0.0,0.0,0.0,0.0,0.0,0
916,mixed,12,optical_fallback,0.0,0.0,0.0,0.0,0.0,0.0,0
916,mixed,12,certified_clear,3699.7062312529806,739.9412449999999,0.0,0.0,60.0,799.9412449999999,12
917,mixed,16,discovery,7445.937011754034,1489.1874040000002,172.0,895.0,0.0,2556.1874040000002,179
917,mixed,16,active_localization,8090.283260422141,1618.0566509999996,9.0,60.0,0.0,1687.0566509999996,12
917,mixed,16,diagnostic,0.0,0.0,0.0,0.0,0.0,0.0,0
917,mixed,16,optical_fallback,0.0,0.0,0.0,0.0,0.0,0.0,0
917,mixed,16,certified_clear,4069.836503101326,813.9673000000005,0.0,0.0,80.0,893.9673000000005,16
918,mixed,16,discovery,7770.388712614765,1554.077744,176.0,915.0,0.0,2645.077744,183
918,mixed,16,active_localization,7648.123593283499,1529.6247189999995,13.0,90.0,0.0,1632.6247189999995,18
918,mixed,16,diagnostic,0.0,0.0,0.0,0.0,0.0,0.0,0
918,mixed,16,optical_fallback,0.0,0.0,0.0,0.0,0.0,0.0,0
918,mixed,16,certified_clear,3155.504682337716,631.1009340000003,0.0,0.0,80.0,711.1009340000003,16
919,mixed,12,discovery,15856.77333521012,3171.354670999999,242.0,1275.0,0.0,4688.354670999999,255
919,mixed,12,active_localization,5480.423311531344,1096.0846610000003,11.0,70.0,0.0,1177.0846610000003,14
919,mixed,12,diagnostic,0.0,0.0,0.0,0.0,0.0,0.0,0
919,mixed,12,optical_fallback,0.0,0.0,0.0,0.0,0.0,0.0,0
919,mixed,12,certified_clear,2287.5045814895575,457.5009180000002,0.0,0.0,60.0,517.5009180000002,12
920,mixed,15,discovery,17230.9041188288,3446.180826999999,222.0,1175.0,0.0,4843.180827,235
920,mixed,15,active_localization,5030.909687028411,1006.1819370000012,7.0,45.0,0.0,1058.1819370000012,9
920,mixed,15,diagnostic,0.0,0.0,0.0,0.0,0.0,0.0,0
920,mixed,15,optical_fallback,0.0,0.0,0.0,0.0,0.0,0.0,0
920,mixed,15,certified_clear,4278.840062258633,855.768010999999,0.0,0.0,75.0,930.768010999999,15
921,mixed,12,discovery,15623.653413952254,3124.7306869999998,266.0,1400.0,0.0,4790.730687,280
921,mixed,12,active_localization,4061.287642352694,812.2575299999995,10.0,60.0,0.0,882.2575299999995,12
921,mixed,12,diagnostic,0.0,0.0,0.0,0.0,0.0,0.0,0
921,mixed,12,optical_fallback,0.0,0.0,0.0,0.0,0.0,0.0,0
921,mixed,12,certified_clear,3063.849049736287,612.7698100000005,0.0,0.0,60.0,672.7698100000005,12
922,mixed,14,discovery,15907.716848139602,3181.543370999999,262.0,1370.0,0.0,4813.543370999999,274
922,mixed,14,active_localization,5924.025735512249,1184.8051480000008,10.0,75.0,0.0,1269.8051480000008,15
922,mixed,14,diagnostic,0.0,0.0,0.0,0.0,0.0,0.0,0
922,mixed,14,optical_fallback,0.0,0.0,0.0,0.0,0.0,0.0,0
922,mixed,14,certified_clear,2768.0504250617832,553.6100859999999,0.0,0.0,70.0,623.6100859999999,14
923,mixed,10,discovery,18165.285610099232,3633.0571250000003,268.0,1415.0,0.0,5316.057125,283
923,mixed,10,active_localization,3660.368383148384,732.0736770000008,7.0,55.0,0.0,794.0736770000008,11
923,mixed,10,diagnostic,0.0,0.0,0.0,0.0,0.0,0.0,0
923,mixed,10,optical_fallback,0.0,0.0,0.0,0.0,0.0,0.0,0
923,mixed,10,certified_clear,2724.244141689687,544.8488279999985,0.0,0.0,50.0,594.8488279999985,10
924,mixed,16,discovery,13674.570469405997,2734.914096,263.0,1375.0,0.0,4372.9140959999995,275
924,mixed,16,active_localization,9238.27247448579,1847.654494999999,12.0,115.0,0.0,1974.654494999999,23
924,mixed,16,diagnostic,604.4970441394322,120.89940900000056,0.0,10.0,0.0,130.89940900000056,2
924,mixed,16,optical_fallback,0.0,0.0,0.0,0.0,0.0,0.0,0
924,mixed,16,certified_clear,3530.9965439850685,706.1993080000003,0.0,0.0,80.0,786.1993080000003,16
925,mixed,12,discovery,15850.296831224794,3170.0593679999997,269.0,1410.0,0.0,4849.059368,282
925,mixed,12,active_localization,8063.792154258406,1612.758429,11.0,80.0,0.0,1703.758429,16
925,mixed,12,diagnostic,0.0,0.0,0.0,0.0,0.0,0.0,0
925,mixed,12,optical_fallback,0.0,0.0,0.0,0.0,0.0,0.0,0
925,mixed,12,certified_clear,2284.2860114529626,456.8572030000005,0.0,0.0,60.0,516.8572030000005,12
926,mixed,14,discovery,16556.561696199813,3311.312341,234.0,1235.0,0.0,4780.312341,247
926,mixed,14,active_localization,8080.48587383504,1616.0971729999999,12.0,105.0,0.0,1733.0971729999999,21
926,mixed,14,diagnostic,1259.3948560346091,251.87897099999964,0.0,15.0,0.0,266.87897099999964,3
926,mixed,14,optical_fallback,0.0,0.0,0.0,0.0,0.0,0.0,0
926,mixed,14,certified_clear,2379.410781181708,475.88215600000035,0.0,0.0,70.0,545.8821560000004,14
927,mixed,12,discovery,14857.6565431297,2971.531309000001,264.0,1385.0,0.0,4620.531309000001,277
927,mixed,12,active_localization,5657.137982255135,1131.427596,8.0,55.0,0.0,1194.427596,11
927,mixed,12,diagnostic,0.0,0.0,0.0,0.0,0.0,0.0,0
927,mixed,12,optical_fallback,0.0,0.0,0.0,0.0,0.0,0.0,0
927,mixed,12,certified_clear,2850.426282197833,570.0852569999993,0.0,0.0,60.0,630.0852569999993,12
928,mixed,14,discovery,18044.57263146357,3608.9145279999993,263.0,1375.0,0.0,5246.914527999999,275
928,mixed,14,active_localization,6184.18839403902,1236.8376789999998,10.0,85.0,0.0,1331.8376789999998,17
928,mixed,14,diagnostic,727.4816996138118,145.49633999999992,0.0,5.0,0.0,150.49633999999992,1
928,mixed,14,optical_fallback,0.0,0.0,0.0,0.0,0.0,0.0,0
928,mixed,14,certified_clear,2108.1331709415795,421.62663500000065,0.0,0.0,70.0,491.62663500000065,14
929,all_directional,14,discovery,14813.598733793584,2962.7197460000016,266.0,1390.0,0.0,4618.719746000001,278
929,all_directional,14,active_localization,7192.102682883031,1438.4205360000005,11.0,85.0,0.0,1534.4205360000005,17
929,all_directional,14,diagnostic,0.0,0.0,0.0,0.0,0.0,0.0,0
929,all_directional,14,optical_fallback,0.0,0.0,0.0,0.0,0.0,0.0,0
929,all_directional,14,certified_clear,2043.4824839546422,408.6964969999981,0.0,0.0,70.0,478.6964969999981,14
930,mixed,10,discovery,14586.997650094403,2917.3995329999993,303.0,1585.0,0.0,4805.399532999999,317
930,mixed,10,active_localization,6052.931702348212,1210.5863410000009,8.0,85.0,0.0,1303.5863410000009,17
930,mixed,10,diagnostic,0.0,0.0,0.0,0.0,0.0,0.0,0
930,mixed,10,optical_fallback,0.0,0.0,0.0,0.0,0.0,0.0,0
930,mixed,10,certified_clear,1859.3991073989314,371.8798210000003,0.0,0.0,50.0,421.8798210000003,10
931,mixed,11,discovery,14438.41686323812,2887.683376000001,288.0,1500.0,0.0,4675.683376000001,300
931,mixed,11,active_localization,7806.161937306641,1561.232388999999,10.0,65.0,0.0,1636.232388999999,13
931,mixed,11,diagnostic,0.0,0.0,0.0,0.0,0.0,0.0,0
931,mixed,11,optical_fallback,0.0,0.0,0.0,0.0,0.0,0.0,0
931,mixed,11,certified_clear,2454.9521921363166,490.99043900000015,0.0,0.0,55.0,545.9904390000002,11
932,mixed,13,discovery,17441.216286043968,3488.2432599999993,226.0,1205.0,0.0,4919.243259999999,241
932,mixed,13,active_localization,2791.7697303520313,558.3539450000007,7.0,40.0,0.0,605.3539450000007,8
932,mixed,13,diagnostic,0.0,0.0,0.0,0.0,0.0,0.0,0
932,mixed,13,optical_fallback,0.0,0.0,0.0,0.0,0.0,0.0,0
932,mixed,13,certified_clear,4857.645232033469,971.529045,0.0,0.0,65.0,1036.529045,13
933,mixed,12,discovery,16703.515806726708,3340.7031659999993,265.0,1405.0,0.0,5010.703165999998,281
933,mixed,12,active_localization,4478.569715949376,895.7139440000008,7.0,60.0,0.0,962.7139440000008,12
933,mixed,12,diagnostic,0.0,0.0,0.0,0.0,0.0,0.0,0
933,mixed,12,optical_fallback,0.0,0.0,0.0,0.0,0.0,0.0,0
933,mixed,12,certified_clear,2884.689240517,576.9378469999997,0.0,0.0,60.0,636.9378469999997,12
934,mixed,16,discovery,8268.38410847291,1653.6768220000001,176.0,905.0,0.0,2734.6768220000004,181
934,mixed,16,active_localization,5433.579151067263,1086.7158300000003,9.0,100.0,0.0,1195.7158300000003,20
934,mixed,16,diagnostic,0.0,0.0,0.0,0.0,0.0,0.0,0
934,mixed,16,optical_fallback,0.0,0.0,0.0,0.0,0.0,0.0,0
934,mixed,16,certified_clear,3758.692583221972,751.7385159999993,0.0,0.0,80.0,831.7385159999993,16
935,mixed,15,discovery,16767.52330426473,3353.504665,245.0,1275.0,0.0,4873.5046649999995,255
935,mixed,15,active_localization,10609.704003699182,2121.9407990000022,13.0,105.0,0.0,2239.9407990000022,21
935,mixed,15,diagnostic,0.0,0.0,0.0,0.0,0.0,0.0,0
935,mixed,15,optical_fallback,0.0,0.0,0.0,0.0,0.0,0.0,0
935,mixed,15,certified_clear,848.4136912172993,169.68273999999747,0.0,0.0,75.0,244.68273999999747,15
936,mixed,15,discovery,14095.181693718901,2819.036342000001,209.0,1110.0,0.0,4138.036342000001,222
936,mixed,15,active_localization,2875.699324852159,575.1398639999998,9.0,55.0,0.0,639.1398639999998,11
936,mixed,15,diagnostic,0.0,0.0,0.0,0.0,0.0,0.0,0
936,mixed,15,optical_fallback,0.0,0.0,0.0,0.0,0.0,0.0,0
936,mixed,15,certified_clear,4537.450835253256,907.4901669999995,0.0,0.0,75.0,982.4901669999995,15
937,mixed,13,discovery,16680.222551644853,3336.0445149999996,225.0,1195.0,0.0,4756.044515,239
937,mixed,13,active_localization,4532.111027597658,906.4222049999992,8.0,65.0,0.0,979.4222049999992,13
937,mixed,13,diagnostic,554.9373376251984,110.98746800000004,0.0,5.0,0.0,115.98746800000004,1
937,mixed,13,optical_fallback,0.0,0.0,0.0,0.0,0.0,0.0,0
937,mixed,13,certified_clear,3917.3378811807356,783.4675760000009,0.0,0.0,65.0,848.4675760000009,13
938,mixed,13,discovery,14266.037106058737,2853.207425,254.0,1335.0,0.0,4442.2074250000005,267
938,mixed,13,active_localization,5000.321239081025,1000.0642470000003,10.0,65.0,0.0,1075.0642470000003,13
938,mixed,13,diagnostic,0.0,0.0,0.0,0.0,0.0,0.0,0
938,mixed,13,optical_fallback,0.0,0.0,0.0,0.0,0.0,0.0,0
938,mixed,13,certified_clear,2907.709677223864,581.5419360000002,0.0,0.0,65.0,646.5419360000002,13
939,all_directional,10,discovery,13165.872558099554,2633.1745150000006,283.0,1475.0,0.0,4391.174515000001,295
939,all_directional,10,active_localization,6970.266897826546,1394.0533779999994,9.0,80.0,0.0,1483.0533779999994,16
939,all_directional,10,diagnostic,0.0,0.0,0.0,0.0,0.0,0.0,0
939,all_directional,10,optical_fallback,0.0,0.0,0.0,0.0,0.0,0.0,0
939,all_directional,10,certified_clear,1271.178924093663,254.23578300000008,0.0,0.0,50.0,304.2357830000001,10
940,mixed,14,discovery,17144.36227213274,3428.8724560000023,236.0,1240.0,0.0,4904.872456000003,248
940,mixed,14,active_localization,8707.807837652856,1741.5615669999997,11.0,110.0,0.0,1862.5615669999997,22
940,mixed,14,diagnostic,0.0,0.0,0.0,0.0,0.0,0.0,0
940,mixed,14,optical_fallback,0.0,0.0,0.0,0.0,0.0,0.0,0
940,mixed,14,certified_clear,1681.1529506619845,336.23058999999796,0.0,0.0,70.0,406.23058999999796,14
941,mixed,15,discovery,15939.891065044776,3187.9782159999995,184.0,995.0,0.0,4366.9782159999995,199
941,mixed,15,active_localization,3738.2718962068648,747.6543799999997,7.0,65.0,0.0,819.6543799999997,13
941,mixed,15,diagnostic,0.0,0.0,0.0,0.0,0.0,0.0,0
941,mixed,15,optical_fallback,0.0,0.0,0.0,0.0,0.0,0.0,0
941,mixed,15,certified_clear,5974.826663180076,1194.965333,0.0,0.0,75.0,1269.965333,15
942,mixed,11,discovery,14409.511707650403,2881.9023439999996,296.0,1550.0,0.0,4727.902344,310
942,mixed,11,active_localization,4845.610814245817,969.1221620000017,5.0,50.0,0.0,1024.1221620000017,10
942,mixed,11,diagnostic,0.0,0.0,0.0,0.0,0.0,0.0,0
942,mixed,11,optical_fallback,0.0,0.0,0.0,0.0,0.0,0.0,0
942,mixed,11,certified_clear,2271.1408320531923,454.2281649999989,0.0,0.0,55.0,509.2281649999989,11
943,mixed,13,discovery,14981.783929062509,2996.3567889999995,241.0,1270.0,0.0,4507.356788999999,254
943,mixed,13,active_localization,6071.006288360812,1214.2012579999996,8.0,60.0,0.0,1282.2012579999996,12
943,mixed,13,diagnostic,0.0,0.0,0.0,0.0,0.0,0.0,0
943,mixed,13,optical_fallback,0.0,0.0,0.0,0.0,0.0,0.0,0
943,mixed,13,certified_clear,3863.4004802620666,772.6800970000011,0.0,0.0,65.0,837.6800970000011,13
944,mixed,14,discovery,14671.700309632348,2934.3400630000006,202.0,1075.0,0.0,4211.340063,215
944,mixed,14,active_localization,5337.043288168469,1067.4086580000003,10.0,60.0,0.0,1137.4086580000003,12
944,mixed,14,diagnostic,0.0,0.0,0.0,0.0,0.0,0.0,0
944,mixed,14,optical_fallback,0.0,0.0,0.0,0.0,0.0,0.0,0
944,mixed,14,certified_clear,2540.4730587839495,508.0946099999994,0.0,0.0,70.0,578.0946099999994,14
945,mixed,16,discovery,8106.411765421326,1621.2823549999998,144.0,745.0,0.0,2510.282355,149
945,mixed,16,active_localization,10018.17458762663,2003.6349179999988,8.0,80.0,0.0,2091.634917999999,16
945,mixed,16,diagnostic,0.0,0.0,0.0,0.0,0.0,0.0,0
945,mixed,16,optical_fallback,0.0,0.0,0.0,0.0,0.0,0.0,0
945,mixed,16,certified_clear,4597.731841631444,919.546371000002,0.0,0.0,80.0,999.546371000002,16
946,mixed,10,discovery,16474.42015335227,3294.884033,290.0,1525.0,0.0,5109.884032999999,305
946,mixed,10,active_localization,3727.885623921497,745.5771270000002,8.0,55.0,0.0,808.5771270000002,11
946,mixed,10,diagnostic,0.0,0.0,0.0,0.0,0.0,0.0,0
946,mixed,10,optical_fallback,0.0,0.0,0.0,0.0,0.0,0.0,0
946,mixed,10,certified_clear,2461.86178164155,492.3723569999999,0.0,0.0,50.0,542.372357,10
947,mixed,10,discovery,16563.287338919807,3312.6574720000003,280.0,1485.0,0.0,5077.657472000001,297
947,mixed,10,active_localization,7282.595981407025,1456.5191959999997,8.0,50.0,0.0,1514.5191959999997,10
947,mixed,10,diagnostic,0.0,0.0,0.0,0.0,0.0,0.0,0
947,mixed,10,optical_fallback,0.0,0.0,0.0,0.0,0.0,0.0,0
947,mixed,10,certified_clear,2579.1734360106066,515.8346869999996,0.0,0.0,50.0,565.8346869999996,10
948,all_directional,13,discovery,17633.73512904567,3526.747027999999,251.0,1320.0,0.0,5097.747028,264
948,all_directional,13,active_localization,5431.211478057221,1086.242297000001,10.0,85.0,0.0,1181.242297000001,17
948,all_directional,13,diagnostic,948.2790277256644,189.65580599999976,0.0,10.0,0.0,199.65580599999976,2
948,all_directional,13,optical_fallback,0.0,0.0,0.0,0.0,0.0,0.0,0
948,all_directional,13,certified_clear,3463.030633716524,692.6061290000002,0.0,0.0,65.0,757.6061290000002,13
949,mixed,15,discovery,16616.706478435914,3323.3412980000007,250.0,1320.0,0.0,4893.341298,264
949,mixed,15,active_localization,8759.231951885697,1751.8463899999997,11.0,125.0,0.0,1887.8463899999997,25
949,mixed,15,diagnostic,0.0,0.0,0.0,0.0,0.0,0.0,0
949,mixed,15,optical_fallback,0.0,0.0,0.0,0.0,0.0,0.0,0
949,mixed,15,certified_clear,3561.7248911975535,712.3449779999995,0.0,0.0,75.0,787.3449779999995,15
950,mixed,12,discovery,16673.74736414507,3334.749477000001,254.0,1340.0,0.0,4928.749477000001,268
950,mixed,12,active_localization,4318.8361990868325,863.7672409999996,8.0,75.0,0.0,946.7672409999996,15
950,mixed,12,diagnostic,0.0,0.0,0.0,0.0,0.0,0.0,0
950,mixed,12,optical_fallback,0.0,0.0,0.0,0.0,0.0,0.0,0
950,mixed,12,certified_clear,4525.789983478746,905.1579989999989,0.0,0.0,60.0,965.1579989999989,12
951,mixed,11,discovery,16333.811640593955,3266.7623319999993,243.0,1295.0,0.0,4804.762331999999,259
951,mixed,11,active_localization,3972.40799867396,794.4815999999998,9.0,60.0,0.0,863.4815999999998,12
951,mixed,11,diagnostic,0.0,0.0,0.0,0.0,0.0,0.0,0
951,mixed,11,optical_fallback,0.0,0.0,0.0,0.0,0.0,0.0,0
951,mixed,11,certified_clear,2824.6742103373135,564.9348420000006,0.0,0.0,55.0,619.9348420000006,11
952,mixed,11,discovery,16907.598150669703,3381.5196339999993,249.0,1320.0,0.0,4950.519633999999,264
952,mixed,11,active_localization,4494.197510730588,898.8394999999989,9.0,60.0,0.0,967.8394999999989,12
952,mixed,11,diagnostic,0.0,0.0,0.0,0.0,0.0,0.0,0
952,mixed,11,optical_fallback,0.0,0.0,0.0,0.0,0.0,0.0,0
952,mixed,11,certified_clear,4113.871142451971,822.7742260000014,0.0,0.0,55.0,877.7742260000014,11
953,all_directional,11,discovery,14785.746293136195,2957.1492640000006,256.0,1350.0,0.0,4563.149264000001,270
953,all_directional,11,active_localization,6230.190448926931,1246.0380889999994,10.0,105.0,0.0,1361.0380889999994,21
953,all_directional,11,diagnostic,0.0,0.0,0.0,0.0,0.0,0.0,0
953,all_directional,11,optical_fallback,0.0,0.0,0.0,0.0,0.0,0.0,0
953,all_directional,11,certified_clear,1915.1428342822662,383.02856799999995,0.0,0.0,55.0,438.02856799999995,11
954,mixed,13,discovery,16383.700322685589,3276.7400669999997,222.0,1190.0,0.0,4688.740067000001,238
954,mixed,13,active_localization,4858.5103018899135,971.7020600000005,8.0,60.0,0.0,1039.7020600000005,12
954,mixed,13,diagnostic,0.0,0.0,0.0,0.0,0.0,0.0,0
954,mixed,13,optical_fallback,0.0,0.0,0.0,0.0,0.0,0.0,0
954,mixed,13,certified_clear,3176.4050232798454,635.281006,0.0,0.0,65.0,700.281006,13
955,mixed,12,discovery,16306.210491660451,3261.2421000000004,297.0,1545.0,0.0,5103.242100000001,309
955,mixed,12,active_localization,6665.934150238306,1333.1868289999989,10.0,60.0,0.0,1403.1868289999989,12
955,mixed,12,diagnostic,0.0,0.0,0.0,0.0,0.0,0.0,0
955,mixed,12,optical_fallback,0.0,0.0,0.0,0.0,0.0,0.0,0
955,mixed,12,certified_clear,1168.7886258563894,233.75772600000096,0.0,0.0,60.0,293.75772600000096,12
956,mixed,13,discovery,14153.29489106937,2830.658982,287.0,1500.0,0.0,4617.658982,300
956,mixed,13,active_localization,4141.078529046095,828.2157059999997,7.0,50.0,0.0,885.2157059999997,10
956,mixed,13,diagnostic,0.0,0.0,0.0,0.0,0.0,0.0,0
956,mixed,13,optical_fallback,0.0,0.0,0.0,0.0,0.0,0.0,0
956,mixed,13,certified_clear,4798.020370011323,959.6040730000004,0.0,0.0,65.0,1024.6040730000004,13
957,mixed,14,discovery,16432.42677521179,3286.485358,208.0,1115.0,0.0,4609.485358,223
957,mixed,14,active_localization,7483.297814393225,1496.6595639999987,10.0,80.0,0.0,1586.6595639999987,16
957,mixed,14,diagnostic,0.0,0.0,0.0,0.0,0.0,0.0,0
957,mixed,14,optical_fallback,0.0,0.0,0.0,0.0,0.0,0.0,0
957,mixed,14,certified_clear,3068.7353069147293,613.7470620000015,0.0,0.0,70.0,683.7470620000015,14
958,mixed,14,discovery,15041.263418667777,3008.2526860000007,244.0,1290.0,0.0,4542.252686000001,258
958,mixed,14,active_localization,4485.541873313528,897.1083739999997,10.0,80.0,0.0,987.1083739999997,16
958,mixed,14,diagnostic,0.0,0.0,0.0,0.0,0.0,0.0,0
958,mixed,14,optical_fallback,0.0,0.0,0.0,0.0,0.0,0.0,0
958,mixed,14,certified_clear,2961.5093455529536,592.301872,0.0,0.0,70.0,662.301872,14
959,mixed,14,discovery,15582.023204815183,3116.404644,228.0,1200.0,0.0,4544.404644,240
959,mixed,14,active_localization,7441.524915118648,1488.3049829999995,13.0,110.0,0.0,1611.3049829999995,22
959,mixed,14,diagnostic,0.0,0.0,0.0,0.0,0.0,0.0,0
959,mixed,14,optical_fallback,0.0,0.0,0.0,0.0,0.0,0.0,0
959,mixed,14,certified_clear,1775.3997558260057,355.0799520000003,0.0,0.0,70.0,425.0799520000003,14
960,mixed,14,discovery,14456.75477345021,2891.350959,236.0,1235.0,0.0,4362.350959,247
960,mixed,14,active_localization,6267.773152824336,1253.5546310000007,11.0,85.0,0.0,1349.5546310000007,17
960,mixed,14,diagnostic,0.0,0.0,0.0,0.0,0.0,0.0,0
960,mixed,14,optical_fallback,0.0,0.0,0.0,0.0,0.0,0.0,0
960,mixed,14,certified_clear,3088.4510504728128,617.6902099999994,0.0,0.0,70.0,687.6902099999994,14
961,mixed,16,discovery,10346.963540496152,2069.39271,193.0,1000.0,0.0,3262.3927100000005,200
961,mixed,16,active_localization,9042.608773489836,1808.521756,12.0,110.0,0.0,1930.521756,22
961,mixed,16,diagnostic,919.5592027037541,183.9118410000001,0.0,10.0,0.0,193.9118410000001,2
961,mixed,16,optical_fallback,0.0,0.0,0.0,0.0,0.0,0.0,0
961,mixed,16,certified_clear,2252.695224377274,450.53904400000005,0.0,0.0,80.0,530.5390440000001,16
962,mixed,11,discovery,18609.67258810511,3721.934520000002,277.0,1460.0,0.0,5458.934520000002,292
962,mixed,11,active_localization,5206.950175397709,1041.390031999999,9.0,80.0,0.0,1130.390031999999,16
962,mixed,11,diagnostic,762.5875533684476,152.51751000000058,0.0,10.0,0.0,162.51751000000058,2
962,mixed,11,optical_fallback,0.0,0.0,0.0,0.0,0.0,0.0,0
962,mixed,11,certified_clear,2775.319464240267,555.0638919999982,0.0,0.0,55.0,610.0638919999982,11
963,mixed,10,discovery,16121.257777930983,3224.2515570000005,265.0,1395.0,0.0,4884.251557,279
963,mixed,10,active_localization,4955.769951282774,991.1539899999996,9.0,55.0,0.0,1055.1539899999996,11
963,mixed,10,diagnostic,662.7506982026292,132.55014000000028,0.0,10.0,0.0,142.55014000000028,2
963,mixed,10,optical_fallback,0.0,0.0,0.0,0.0,0.0,0.0,0
963,mixed,10,certified_clear,2844.7255114874492,568.9451039999999,0.0,0.0,50.0,618.9451039999999,10
964,mixed,13,discovery,17503.469127519846,3500.693828999999,238.0,1265.0,0.0,5003.693828999999,253
964,mixed,13,active_localization,4125.546209282168,825.1092430000002,6.0,55.0,0.0,886.1092430000002,11
964,mixed,13,diagnostic,0.0,0.0,0.0,0.0,0.0,0.0,0
964,mixed,13,optical_fallback,0.0,0.0,0.0,0.0,0.0,0.0,0
964,mixed,13,certified_clear,3767.4173523396735,753.4834700000008,0.0,0.0,65.0,818.4834700000008,13
965,all_directional,16,discovery,12182.080635697748,2436.416129,248.0,1295.0,0.0,3979.416129,259
965,all_directional,16,active_localization,8914.140370859886,1782.8280749999988,15.0,150.0,0.0,1947.8280749999988,30
965,all_directional,16,diagnostic,1200.3350213634847,240.06700400000045,0.0,10.0,0.0,250.06700400000045,2
965,all_directional,16,optical_fallback,0.0,0.0,0.0,0.0,0.0,0.0,0
965,all_directional,16,certified_clear,2444.7608165666493,488.9521630000006,0.0,0.0,80.0,568.9521630000006,16
966,mixed,11,discovery,16498.54198816457,3299.7083999999995,262.0,1380.0,0.0,4941.7083999999995,276
966,mixed,11,active_localization,6316.042794055259,1263.2085600000007,7.0,70.0,0.0,1340.2085600000007,14
966,mixed,11,diagnostic,0.0,0.0,0.0,0.0,0.0,0.0,0
966,mixed,11,optical_fallback,0.0,0.0,0.0,0.0,0.0,0.0,0
966,mixed,11,certified_clear,1597.417324840525,319.48346600000013,0.0,0.0,55.0,374.48346600000013,11
967,mixed,11,discovery,17973.304383835155,3594.660879,262.0,1385.0,0.0,5241.660879000001,277
967,mixed,11,active_localization,6166.4664200099505,1233.2932860000003,9.0,70.0,0.0,1312.2932860000003,14
967,mixed,11,diagnostic,0.0,0.0,0.0,0.0,0.0,0.0,0
967,mixed,11,optical_fallback,0.0,0.0,0.0,0.0,0.0,0.0,0
967,mixed,11,certified_clear,1817.3944171309572,363.4788819999998,0.0,0.0,55.0,418.4788819999998,11
968,mixed,15,discovery,15102.721497019145,3020.5443030000006,167.0,915.0,0.0,4102.544303000001,183
968,mixed,15,active_localization,4551.228756642029,910.245752,11.0,65.0,0.0,986.245752,13
968,mixed,15,diagnostic,0.0,0.0,0.0,0.0,0.0,0.0,0
968,mixed,15,optical_fallback,0.0,0.0,0.0,0.0,0.0,0.0,0
968,mixed,15,certified_clear,4541.6508059663265,908.3301609999994,0.0,0.0,75.0,983.3301609999994,15
969,mixed,10,discovery,17752.463132855315,3550.4926310000005,322.0,1690.0,0.0,5562.492631,338
969,mixed,10,active_localization,4463.783707580311,892.7567420000005,7.0,55.0,0.0,954.7567420000005,11
969,mixed,10,diagnostic,0.0,0.0,0.0,0.0,0.0,0.0,0
969,mixed,10,optical_fallback,0.0,0.0,0.0,0.0,0.0,0.0,0
969,mixed,10,certified_clear,3095.8939913552945,619.1787969999992,0.0,0.0,50.0,669.1787969999992,10
970,mixed,10,discovery,16169.062031826012,3233.8124119999993,315.0,1645.0,0.0,5193.812411999999,329
970,mixed,10,active_localization,6045.271498925405,1209.0542979999996,8.0,70.0,0.0,1287.0542979999996,14
970,mixed,10,diagnostic,0.0,0.0,0.0,0.0,0.0,0.0,0
970,mixed,10,optical_fallback,0.0,0.0,0.0,0.0,0.0,0.0,0
970,mixed,10,certified_clear,1152.6582064276988,230.53164200000106,0.0,0.0,50.0,280.53164200000106,10
971,mixed,15,discovery,16283.016070522684,3256.603217,234.0,1235.0,0.0,4725.603217000001,247
971,mixed,15,active_localization,8783.734450387352,1756.74689,12.0,90.0,0.0,1858.74689,18
971,mixed,15,diagnostic,0.0,0.0,0.0,0.0,0.0,0.0,0
971,mixed,15,optical_fallback,0.0,0.0,0.0,0.0,0.0,0.0,0
971,mixed,15,certified_clear,3024.5677226550224,604.913546,0.0,0.0,75.0,679.913546,15
972,all_directional,14,discovery,14788.01601853709,2957.6032069999997,239.0,1250.0,0.0,4446.603207,250
972,all_directional,14,active_localization,11028.95394110798,2205.7907889999988,11.0,115.0,0.0,2331.7907889999988,23
972,all_directional,14,diagnostic,703.631593871581,140.72631900000033,0.0,10.0,0.0,150.72631900000033,2
972,all_directional,14,optical_fallback,0.0,0.0,0.0,0.0,0.0,0.0,0
972,all_directional,14,certified_clear,2747.610362725408,549.5220740000005,0.0,0.0,70.0,619.5220740000005,14
973,mixed,14,discovery,15412.322682457407,3082.4645419999993,193.0,1035.0,0.0,4310.464542,207
973,mixed,14,active_localization,3602.410997330471,720.4822000000004,8.0,65.0,0.0,793.4822000000004,13
973,mixed,14,diagnostic,0.0,0.0,0.0,0.0,0.0,0.0,0
973,mixed,14,optical_fallback,0.0,0.0,0.0,0.0,0.0,0.0,0
973,mixed,14,certified_clear,3764.336907067239,752.8673800000001,0.0,0.0,70.0,822.8673800000001,14
974,mixed,14,discovery,15110.113472365589,3022.0226970000003,206.0,1100.0,0.0,4328.022697,220
974,mixed,14,active_localization,5664.247511865915,1132.849501999999,10.0,70.0,0.0,1212.849501999999,14
974,mixed,14,diagnostic,0.0,0.0,0.0,0.0,0.0,0.0,0
974,mixed,14,optical_fallback,0.0,0.0,0.0,0.0,0.0,0.0,0
974,mixed,14,certified_clear,2985.1143844197427,597.0228740000002,0.0,0.0,70.0,667.0228740000002,14
975,mixed,12,discovery,15798.944205101812,3159.7888439999997,264.0,1380.0,0.0,4803.788844,276
975,mixed,12,active_localization,6036.524440327853,1207.3048869999993,10.0,100.0,0.0,1317.3048869999993,20
975,mixed,12,diagnostic,0.0,0.0,0.0,0.0,0.0,0.0,0
975,mixed,12,optical_fallback,0.0,0.0,0.0,0.0,0.0,0.0,0
975,mixed,12,certified_clear,3658.9494927915657,731.7899000000002,0.0,0.0,60.0,791.7899000000002,12
976,mixed,14,discovery,15599.651642986853,3119.9303330000007,222.0,1195.0,0.0,4536.930333,239
976,mixed,14,active_localization,4791.05597807091,958.2111940000004,6.0,65.0,0.0,1029.2111940000004,13
976,mixed,14,diagnostic,1324.5926922567958,264.9185389999998,0.0,10.0,0.0,274.9185389999998,2
976,mixed,14,optical_fallback,0.0,0.0,0.0,0.0,0.0,0.0,0
976,mixed,14,certified_clear,5612.14431981347,1122.4288639999995,0.0,0.0,70.0,1192.4288639999995,14
977,all_directional,10,discovery,17458.037177937094,3491.607439,273.0,1435.0,0.0,5199.607438999999,287
977,all_directional,10,active_localization,5778.017978934989,1155.6035969999996,9.0,100.0,0.0,1264.6035969999996,20
977,all_directional,10,diagnostic,983.5906411156411,196.71812800000043,0.0,10.0,0.0,206.71812800000043,2
977,all_directional,10,optical_fallback,0.0,0.0,0.0,0.0,0.0,0.0,0
977,all_directional,10,certified_clear,1570.467260352398,314.0934520000003,0.0,0.0,50.0,364.0934520000003,10
978,mixed,16,discovery,9043.541964205255,1808.7083939999998,180.0,935.0,0.0,2923.7083939999998,187
978,mixed,16,active_localization,8984.95901993195,1796.991802,11.0,85.0,0.0,1892.991802,17
978,mixed,16,diagnostic,0.0,0.0,0.0,0.0,0.0,0.0,0
978,mixed,16,optical_fallback,0.0,0.0,0.0,0.0,0.0,0.0,0
978,mixed,16,certified_clear,4183.535976184316,836.7071960000002,0.0,0.0,80.0,916.7071960000002,16
979,mixed,16,discovery,1920.2706118410176,384.0541220000003,73.0,380.0,0.0,837.0541220000002,76
979,mixed,16,active_localization,8675.946135399718,1735.1892269999996,14.0,105.0,0.0,1854.1892269999996,21
979,mixed,16,diagnostic,0.0,0.0,0.0,0.0,0.0,0.0,0
979,mixed,16,optical_fallback,0.0,0.0,0.0,0.0,0.0,0.0,0
979,mixed,16,certified_clear,2249.489504863025,449.89790300000004,0.0,0.0,80.0,529.897903,16
980,mixed,12,discovery,15590.872631415641,3118.174529,292.0,1525.0,0.0,4935.174529,305
980,mixed,12,active_localization,6838.3046514130865,1367.660928000001,9.0,90.0,0.0,1466.660928000001,18
980,mixed,12,diagnostic,0.0,0.0,0.0,0.0,0.0,0.0,0
980,mixed,12,optical_fallback,0.0,0.0,0.0,0.0,0.0,0.0,0
980,mixed,12,certified_clear,2400.4410116649824,480.0881999999996,0.0,0.0,60.0,540.0881999999996,12
981,mixed,12,discovery,15806.761616040072,3161.3523259999993,239.0,1275.0,0.0,4675.352325999999,255
981,mixed,12,active_localization,3042.5190132223024,608.5038030000007,5.0,30.0,0.0,643.5038030000007,6
981,mixed,12,diagnostic,0.0,0.0,0.0,0.0,0.0,0.0,0
981,mixed,12,optical_fallback,0.0,0.0,0.0,0.0,0.0,0.0,0
981,mixed,12,certified_clear,3613.459422116257,722.6918839999994,0.0,0.0,60.0,782.6918839999994,12
982,mixed,13,discovery,16383.512992436397,3276.7026020000008,231.0,1225.0,0.0,4732.702602,245
982,mixed,13,active_localization,6368.632422308733,1273.726484,11.0,90.0,0.0,1374.726484,18
982,mixed,13,diagnostic,0.0,0.0,0.0,0.0,0.0,0.0,0
982,mixed,13,optical_fallback,0.0,0.0,0.0,0.0,0.0,0.0,0
982,mixed,13,certified_clear,2424.363385826292,484.87267699999956,0.0,0.0,65.0,549.8726769999996,13
983,mixed,14,discovery,15634.590960813162,3126.9181940000008,252.0,1320.0,0.0,4698.918194,264
983,mixed,14,active_localization,5747.063036025089,1149.412605000001,11.0,70.0,0.0,1230.412605000001,14
983,mixed,14,diagnostic,0.0,0.0,0.0,0.0,0.0,0.0,0
983,mixed,14,optical_fallback,0.0,0.0,0.0,0.0,0.0,0.0,0
983,mixed,14,certified_clear,3680.7172003643404,736.1434399999986,0.0,0.0,70.0,806.1434399999986,14
984,mixed,13,discovery,15631.47532984457,3126.295068000001,226.0,1195.0,0.0,4547.295068,239
984,mixed,13,active_localization,5168.25994083821,1033.651989,6.0,45.0,0.0,1084.651989,9
984,mixed,13,diagnostic,0.0,0.0,0.0,0.0,0.0,0.0,0
984,mixed,13,optical_fallback,0.0,0.0,0.0,0.0,0.0,0.0,0
984,mixed,13,certified_clear,4359.653634467364,871.9307279999989,0.0,0.0,65.0,936.9307279999989,13
985,mixed,13,discovery,17013.321104256407,3402.664224000001,251.0,1325.0,0.0,4978.664224000001,265
985,mixed,13,active_localization,5773.602444901467,1154.7204879999997,10.0,65.0,0.0,1229.7204879999997,13
985,mixed,13,diagnostic,0.0,0.0,0.0,0.0,0.0,0.0,0
985,mixed,13,optical_fallback,0.0,0.0,0.0,0.0,0.0,0.0,0
985,mixed,13,certified_clear,2844.0819018639236,568.8163799999998,0.0,0.0,65.0,633.8163799999998,13
986,mixed,14,discovery,16357.82006467956,3271.5640160000003,219.0,1170.0,0.0,4660.564016,234
986,mixed,14,active_localization,6028.7965883974475,1205.7593169999993,12.0,115.0,0.0,1332.7593169999993,23
986,mixed,14,diagnostic,0.0,0.0,0.0,0.0,0.0,0.0,0
986,mixed,14,optical_fallback,0.0,0.0,0.0,0.0,0.0,0.0,0
986,mixed,14,certified_clear,3460.54459139137,692.1089180000006,0.0,0.0,70.0,762.1089180000006,14
987,mixed,15,discovery,15792.318241535613,3158.463650999999,210.0,1115.0,0.0,4483.463650999999,223
987,mixed,15,active_localization,7459.278104277031,1491.8556190000004,10.0,90.0,0.0,1591.8556190000004,18
987,mixed,15,diagnostic,2035.8468115732935,407.16936199999964,0.0,15.0,0.0,422.16936199999964,3
987,mixed,15,optical_fallback,0.0,0.0,0.0,0.0,0.0,0.0,0
987,mixed,15,certified_clear,2635.4264587350826,527.0852920000011,0.0,0.0,75.0,602.0852920000011,15
988,mixed,14,discovery,14366.24001253027,2873.248005000001,238.0,1260.0,0.0,4371.248005000001,252
988,mixed,14,active_localization,6205.325357924614,1241.0650709999995,11.0,75.0,0.0,1327.0650709999995,15
988,mixed,14,diagnostic,0.0,0.0,0.0,0.0,0.0,0.0,0
988,mixed,14,optical_fallback,0.0,0.0,0.0,0.0,0.0,0.0,0
988,mixed,14,certified_clear,3134.8987356090365,626.9797479999997,0.0,0.0,70.0,696.9797479999997,14
989,mixed,15,discovery,14891.844864493542,2978.3689749999994,233.0,1230.0,0.0,4441.368975,246
989,mixed,15,active_localization,8382.372554972091,1676.4745120000002,11.0,125.0,0.0,1812.4745120000002,25
989,mixed,15,diagnostic,314.5892400333367,62.91784699999994,0.0,15.0,0.0,77.91784699999994,3
989,mixed,15,optical_fallback,0.0,0.0,0.0,0.0,0.0,0.0,0
989,mixed,15,certified_clear,2724.1490667656603,544.8298150000002,0.0,0.0,75.0,619.8298150000002,15
990,mixed,10,discovery,16033.416567306023,3206.6833190000007,281.0,1475.0,0.0,4962.683319000001,295
990,mixed,10,active_localization,6541.634342812984,1308.3268700000003,8.0,55.0,0.0,1371.3268700000003,11
990,mixed,10,diagnostic,0.0,0.0,0.0,0.0,0.0,0.0,0
990,mixed,10,optical_fallback,0.0,0.0,0.0,0.0,0.0,0.0,0
990,mixed,10,certified_clear,1527.0086381841363,305.40172799999937,0.0,0.0,50.0,355.40172799999937,10
991,mixed,12,discovery,18122.035411603112,3624.4070869999996,283.0,1485.0,0.0,5392.407087,297
991,mixed,12,active_localization,6451.309096158773,1290.2618189999994,9.0,85.0,0.0,1384.2618189999994,17
991,mixed,12,diagnostic,0.0,0.0,0.0,0.0,0.0,0.0,0
991,mixed,12,optical_fallback,0.0,0.0,0.0,0.0,0.0,0.0,0
991,mixed,12,certified_clear,1938.4597335886597,387.6919480000005,0.0,0.0,60.0,447.6919480000005,12
992,mixed,14,discovery,16014.134391330655,3202.826884000001,213.0,1145.0,0.0,4560.826884000001,229
992,mixed,14,active_localization,7696.6038198212145,1539.3207629999988,9.0,95.0,0.0,1643.3207629999988,19
992,mixed,14,diagnostic,712.6446627237933,142.5289330000005,0.0,5.0,0.0,147.5289330000005,1
992,mixed,14,optical_fallback,0.0,0.0,0.0,0.0,0.0,0.0,0
992,mixed,14,certified_clear,3297.5378711433004,659.5075739999993,0.0,0.0,70.0,729.5075739999993,14
993,mixed,16,discovery,11672.456690630575,2334.4913399999996,161.0,845.0,0.0,3340.49134,169
993,mixed,16,active_localization,6591.873017955173,1318.374601999999,12.0,90.0,0.0,1420.374601999999,18
993,mixed,16,diagnostic,1885.6687223976835,377.1337440000002,0.0,15.0,0.0,392.1337440000002,3
993,mixed,16,optical_fallback,0.0,0.0,0.0,0.0,0.0,0.0,0
993,mixed,16,certified_clear,3753.6971452441867,750.7394260000013,0.0,0.0,80.0,830.7394260000013,16
994,mixed,14,discovery,14120.48564578355,2824.097131,214.0,1135.0,0.0,4173.097131,227
994,mixed,14,active_localization,7265.682755749049,1453.1365509999996,12.0,75.0,0.0,1540.1365509999996,15
994,mixed,14,diagnostic,0.0,0.0,0.0,0.0,0.0,0.0,0
994,mixed,14,optical_fallback,0.0,0.0,0.0,0.0,0.0,0.0,0
994,mixed,14,certified_clear,3022.1591367772608,604.4318270000009,0.0,0.0,70.0,674.4318270000009,14
995,mixed,12,discovery,15034.325520160683,3006.865107000001,255.0,1345.0,0.0,4606.8651070000005,269
995,mixed,12,active_localization,5392.583978374097,1078.5167979999997,7.0,55.0,0.0,1140.5167979999997,11
995,mixed,12,diagnostic,0.0,0.0,0.0,0.0,0.0,0.0,0
995,mixed,12,optical_fallback,0.0,0.0,0.0,0.0,0.0,0.0,0
995,mixed,12,certified_clear,2202.417056970816,440.4834109999998,0.0,0.0,60.0,500.4834109999998,12
996,mixed,10,discovery,15956.075398108445,3191.2150830000005,273.0,1430.0,0.0,4894.215083000001,286
996,mixed,10,active_localization,5747.055741621397,1149.4111499999992,9.0,65.0,0.0,1223.4111499999992,13
996,mixed,10,diagnostic,0.0,0.0,0.0,0.0,0.0,0.0,0
996,mixed,10,optical_fallback,0.0,0.0,0.0,0.0,0.0,0.0,0
996,mixed,10,certified_clear,942.911132550473,188.58222700000005,0.0,0.0,50.0,238.58222700000005,10
997,mixed,12,discovery,17218.891948209744,3443.7783899999995,225.0,1200.0,0.0,4868.7783899999995,240
997,mixed,12,active_localization,3204.821391250994,640.9642780000001,6.0,45.0,0.0,691.9642780000001,9
997,mixed,12,diagnostic,0.0,0.0,0.0,0.0,0.0,0.0,0
997,mixed,12,optical_fallback,0.0,0.0,0.0,0.0,0.0,0.0,0
997,mixed,12,certified_clear,3857.0257154314613,771.4051440000003,0.0,0.0,60.0,831.4051440000003,12
998,mixed,15,discovery,15446.627069639124,3089.3254149999993,234.0,1240.0,0.0,4563.325414999999,248
998,mixed,15,active_localization,4803.894466920447,960.7788930000006,11.0,65.0,0.0,1036.7788930000006,13
998,mixed,15,diagnostic,0.0,0.0,0.0,0.0,0.0,0.0,0
998,mixed,15,optical_fallback,0.0,0.0,0.0,0.0,0.0,0.0,0
998,mixed,15,certified_clear,4351.085780438183,870.2171570000002,0.0,0.0,75.0,945.2171570000002,15
999,mixed,11,discovery,15900.262859615712,3180.0525739999985,272.0,1425.0,0.0,4877.0525739999985,285
999,mixed,11,active_localization,6206.576227038208,1241.3152470000005,9.0,55.0,0.0,1305.3152470000005,11
999,mixed,11,diagnostic,0.0,0.0,0.0,0.0,0.0,0.0,0
999,mixed,11,optical_fallback,0.0,0.0,0.0,0.0,0.0,0.0,0
999,mixed,11,certified_clear,1438.2933262309907,287.65866500000084,0.0,0.0,55.0,342.65866500000084,11
