seed,seed_hex,stress,problem,variant,run_status,engine_end_reason,total,cleared,clear_rate,error,mean_time_per_source,virtual_time_s,distance,runtime,device,fallback_count,grid_points,clear_attempts,optical_clear_attempts,diagnostic_count,detect_count,switch_count,config_hash,scene_hash,source_hash,directional_count,evidence,grid_version,clearance_point,polygon_certified_count,near_certified_count,polygon_clear_travel_m,polygon_clear_mec_travel_m,same_state_clear_saving_m,polygon_zero_move_count,nccp_fallback_count,max_clearance_vertex_distance,certificate_audit_violations,stage_discovery_s,stage_active_localization_s,stage_diagnostic_s,stage_optical_fallback_s,stage_certified_clear_s,stage_sum_error_s
0,0000000000000000000000000000000000000000000000000000000000000000,byte_pattern,4,P4_diagnostic_v1_grid_v1,FULL_CLEAR,user_exit,15,15,1.0,,755.3364340666667,11330.046511,41515.23254489037,1.8314010000030976,cpu,0,0,15,0,6,500,452,dbc2410062cd54ef42aab2386c7e3f91784cf9bdb9913a67cd28fcbd825c381c,64d715059fd8d58ef3cd16ff06b767341474d33d91638db817b4118a9cf3ae66,6715d13abf8c010f2fc2139cfe9e5000ccff9f61dab7250fd98e80a0d028ae32,12,recovered_practice_engine_local,grid_v1,mec_center,15,0,1939.7753349141053,1939.7753349141053,0.0,0,0,17.793891763650482,0,9056.785202000003,1263.5705249999987,546.735716,0.0,462.9550679999995,0.0
0,0000000000000000000000000000000000000000000000000000000000000000,byte_pattern,4,P4_diagnostic_v1_grid_v1_nccp,FULL_CLEAR,user_exit,15,15,1.0,,771.9857112666667,11579.785669,42738.92832316222,1.8409949999986566,cpu,0,0,15,0,7,501,452,2bb2bec8100fb608e61b78d1fc3a58e8ae43a7c0a3b90f60455a9e3f20d649e4,64d715059fd8d58ef3cd16ff06b767341474d33d91638db817b4118a9cf3ae66,6715d13abf8c010f2fc2139cfe9e5000ccff9f61dab7250fd98e80a0d028ae32,12,recovered_practice_engine_local,grid_v1,nccp,15,0,1849.4069236543198,1985.1441881578262,135.73726450350605,1,0,19.998999999999995,0,9051.603907,1267.4203249999998,815.8800520000004,0.0,444.88138500000014,0.0
1,ffffffffffffffffffffffffffffffffffffffffffffffffffffffffffffffff,byte_pattern,4,P4_diagnostic_v1_grid_v1,FULL_CLEAR,user_exit,14,14,1.0,,756.1142978571428,10585.60017,37823.00084624861,1.0895976000028895,cpu,0,0,14,0,0,498,461,dbc2410062cd54ef42aab2386c7e3f91784cf9bdb9913a67cd28fcbd825c381c,c42c26155be3407e68f839a18d92edcd9551ba42e3acc4068f96e1583f130e96,6715d13abf8c010f2fc2139cfe9e5000ccff9f61dab7250fd98e80a0d028ae32,4,recovered_practice_engine_local,grid_v1,mec_center,13,1,3034.3864570851447,3034.3864570851447,0.0,0,0,18.43714014766126,0,8826.517917999998,1082.2049610000006,0.0,0.0,676.8772909999998,1.8189894035458565e-12
1,ffffffffffffffffffffffffffffffffffffffffffffffffffffffffffffffff,byte_pattern,4,P4_diagnostic_v1_grid_v1_nccp,FULL_CLEAR,user_exit,14,14,1.0,,754.858523,10568.019322,37735.096613667636,1.096482000000833,cpu,0,0,14,0,0,498,461,2bb2bec8100fb608e61b78d1fc3a58e8ae43a7c0a3b90f60455a9e3f20d649e4,c42c26155be3407e68f839a18d92edcd9551ba42e3acc4068f96e1583f130e96,6715d13abf8c010f2fc2139cfe9e5000ccff9f61dab7250fd98e80a0d028ae32,4,recovered_practice_engine_local,grid_v1,nccp,13,1,2912.385080923601,3015.6082003093443,103.22311938574408,0,0,19.998999999999995,0,8831.657309999999,1083.8849959999989,0.0,0.0,652.4770160000016,0.0
2,000102030405060708090a0b0c0d0e0f101112131415161718191a1b1c1d1e1f,byte_pattern,4,P4_diagnostic_v1_grid_v1,FULL_CLEAR,user_exit,13,13,1.0,,845.024532,10985.318916,39151.59458097416,1.019380599995202,cpu,0,0,13,0,0,522,480,dbc2410062cd54ef42aab2386c7e3f91784cf9bdb9913a67cd28fcbd825c381c,251c4c9adcfb0bbdbea393349ba9878e8d9aa180c52db877c382fae94d4545f5,6715d13abf8c010f2fc2139cfe9e5000ccff9f61dab7250fd98e80a0d028ae32,3,recovered_practice_engine_local,grid_v1,mec_center,13,0,3184.0151922103564,3184.0151922103564,0.0,0,0,19.904506133391266,0,9153.276306,1130.2395729999994,0.0,0.0,701.8030369999999,1.8189894035458565e-12
2,000102030405060708090a0b0c0d0e0f101112131415161718191a1b1c1d1e1f,byte_pattern,4,P4_diagnostic_v1_grid_v1_nccp,FULL_CLEAR,user_exit,13,13,1.0,,843.1854793846154,10961.411232,39032.05615415341,1.0314004000028945,cpu,0,0,13,0,0,522,480,2bb2bec8100fb608e61b78d1fc3a58e8ae43a7c0a3b90f60455a9e3f20d649e4,251c4c9adcfb0bbdbea393349ba9878e8d9aa180c52db877c382fae94d4545f5,6715d13abf8c010f2fc2139cfe9e5000ccff9f61dab7250fd98e80a0d028ae32,3,recovered_practice_engine_local,grid_v1,nccp,13,0,3079.377474445088,3177.3225094641757,97.94503501908737,1,0,19.998999999999988,0,9152.611505,1127.924232,0.0,0.0,680.8754950000007,0.0
3,1f1e1d1c1b1a191817161514131211100f0e0d0c0b0a09080706050403020100,byte_pattern,4,P4_diagnostic_v1_grid_v1,FULL_CLEAR,user_exit,12,12,1.0,,1002.8143435000001,12033.772122,44363.86060129402,1.4909474000014598,cpu,0,0,12,0,0,526,471,dbc2410062cd54ef42aab2386c7e3f91784cf9bdb9913a67cd28fcbd825c381c,899a1c2ab7b84464f32ba71366100d7f16923333cf3055d22582e10e734b86fb,6715d13abf8c010f2fc2139cfe9e5000ccff9f61dab7250fd98e80a0d028ae32,9,recovered_practice_engine_local,grid_v1,mec_center,12,0,1502.9228199519243,1502.9228199519243,0.0,0,0,16.185644333861692,0,10081.684589,1591.5029680000011,0.0,0.0,360.584564999999,0.0
3,1f1e1d1c1b1a191817161514131211100f0e0d0c0b0a09080706050403020100,byte_pattern,4,P4_diagnostic_v1_grid_v1_nccp,FULL_CLEAR,user_exit,12,12,1.0,,1000.5729850833333,12006.875821,44229.379097582896,1.4995501000012155,cpu,0,0,12,0,0,526,471,2bb2bec8100fb608e61b78d1fc3a58e8ae43a7c0a3b90f60455a9e3f20d649e4,899a1c2ab7b84464f32ba71366100d7f16923333cf3055d22582e10e734b86fb,6715d13abf8c010f2fc2139cfe9e5000ccff9f61dab7250fd98e80a0d028ae32,9,recovered_practice_engine_local,grid_v1,nccp,12,0,1373.4893980255613,1502.576630866561,129.08723284099943,0,0,19.998999999999985,0,10081.295771999998,1590.8821689999993,0.0,0.0,334.697880000002,1.8189894035458565e-12
4,aaaaaaaaaaaaaaaaaaaaaaaaaaaaaaaaaaaaaaaaaaaaaaaaaaaaaaaaaaaaaaaa,byte_pattern,4,P4_diagnostic_v1_grid_v1,FULL_CLEAR,user_exit,11,11,1.0,,1040.9426024545455,11450.368627,41581.84312948173,1.0079168000011123,cpu,1,15,15,5,5,519,472,dbc2410062cd54ef42aab2386c7e3f91784cf9bdb9913a67cd28fcbd825c381c,0ba3d587e9197f09f3310d3e633fd1d0ae24fe643d6b3ef24e6827e4bb58e362,6715d13abf8c010f2fc2139cfe9e5000ccff9f61dab7250fd98e80a0d028ae32,2,recovered_practice_engine_local,grid_v1,mec_center,10,0,864.9745517509268,864.9745517509268,0.0,0,0,13.088831289604958,0,9279.636867000001,1047.7111839999993,858.3579239999999,41.66774099999975,222.99491100000085,1.8189894035458565e-12
4,aaaaaaaaaaaaaaaaaaaaaaaaaaaaaaaaaaaaaaaaaaaaaaaaaaaaaaaaaaaaaaaa,byte_pattern,4,P4_diagnostic_v1_grid_v1_nccp,FULL_CLEAR,user_exit,11,11,1.0,,1039.188603090909,11431.074634,41485.373160220035,1.030191300000297,cpu,1,15,15,5,5,519,472,2bb2bec8100fb608e61b78d1fc3a58e8ae43a7c0a3b90f60455a9e3f20d649e4,0ba3d587e9197f09f3310d3e633fd1d0ae24fe643d6b3ef24e6827e4bb58e362,6715d13abf8c010f2fc2139cfe9e5000ccff9f61dab7250fd98e80a0d028ae32,2,recovered_practice_engine_local,grid_v1,nccp,10,0,771.9070397966847,872.5741887010157,100.66714890433096,1,0,19.998999999999995,0,9278.469271,1047.6224779999998,858.9337339999997,41.667741000000206,204.38141000000059,1.8189894035458565e-12
5,5555555555555555555555555555555555555555555555555555555555555555,byte_pattern,4,P4_diagnostic_v1_grid_v1,FULL_CLEAR,user_exit,13,13,1.0,,916.3122949230769,11912.059834,42285.29918378449,1.4157561999963946,cpu,0,0,13,0,4,572,530,dbc2410062cd54ef42aab2386c7e3f91784cf9bdb9913a67cd28fcbd825c381c,a79c8923d199554195d161b8b3dfa2a8b0ad3a9ab817f5bcf7e98c54b38c89c8,6715d13abf8c010f2fc2139cfe9e5000ccff9f61dab7250fd98e80a0d028ae32,5,recovered_practice_engine_local,grid_v1,mec_center,13,0,1879.7057164898688,1879.7057164898688,0.0,0,0,19.608265817234077,0,9636.42021,1495.0826070000007,339.61587599999984,0.0,440.9411410000001,0.0
5,5555555555555555555555555555555555555555555555555555555555555555,byte_pattern,4,P4_diagnostic_v1_grid_v1_nccp,FULL_CLEAR,user_exit,13,13,1.0,,914.2283376153846,11884.968389,42149.841947241075,1.4288730999978725,cpu,0,0,13,0,4,572,530,2bb2bec8100fb608e61b78d1fc3a58e8ae43a7c0a3b90f60455a9e3f20d649e4,a79c8923d199554195d161b8b3dfa2a8b0ad3a9ab817f5bcf7e98c54b38c89c8,6715d13abf8c010f2fc2139cfe9e5000ccff9f61dab7250fd98e80a0d028ae32,5,recovered_practice_engine_local,grid_v1,nccp,13,0,1765.8576046812682,1880.0489319755616,114.19132729429313,2,0,19.999,0,9628.786667999999,1498.3943240000015,339.61587600000075,0.0,418.171520999998,0.0
6,0000000000000000000000000000000000000000000000000000000000000001,one_bit,4,P4_diagnostic_v1_grid_v1,FULL_CLEAR,user_exit,11,11,1.0,,987.966284909091,10867.629134,39363.145673125146,0.8029303000002983,cpu,0,0,11,0,0,497,455,dbc2410062cd54ef42aab2386c7e3f91784cf9bdb9913a67cd28fcbd825c381c,ff05d590c52c9bf6f094a6d61792a77225f7e59afc9d5ca64fc41bf3960bfe31,6715d13abf8c010f2fc2139cfe9e5000ccff9f61dab7250fd98e80a0d028ae32,6,recovered_practice_engine_local,grid_v1,mec_center,11,0,2415.716036644038,2415.716036644038,0.0,0,0,19.626938146384905,0,9099.458743,1230.0271849999995,0.0,0.0,538.1432060000005,1.8189894035458565e-12
6,0000000000000000000000000000000000000000000000000000000000000001,one_bit,4,P4_diagnostic_v1_grid_v1_nccp,FULL_CLEAR,user_exit,11,11,1.0,,985.5698120909091,10841.267933,39231.33966737666,0.8089830000026268,cpu,0,0,11,0,0,497,455,2bb2bec8100fb608e61b78d1fc3a58e8ae43a7c0a3b90f60455a9e3f20d649e4,ff05d590c52c9bf6f094a6d61792a77225f7e59afc9d5ca64fc41bf3960bfe31,6715d13abf8c010f2fc2139cfe9e5000ccff9f61dab7250fd98e80a0d028ae32,6,recovered_practice_engine_local,grid_v1,nccp,11,0,2316.3654128591347,2408.4700816954523,92.10466883631803,0,0,19.999,0,9093.59556,1229.39929,0.0,0.0,518.2730830000003,0.0
7,0000000000000000000000000000000000000000000000000000000000000002,one_bit,4,P4_diagnostic_v1_grid_v1,FULL_CLEAR,user_exit,10,10,1.0,,1203.8154547,12038.154547,44435.77272625138,1.1508118999990984,cpu,0,0,10,0,6,526,471,dbc2410062cd54ef42aab2386c7e3f91784cf9bdb9913a67cd28fcbd825c381c,b481d5f702fe44a026fdf81caaea5c483491c929f6b20dcd90b65267e6b9c9a2,6715d13abf8c010f2fc2139cfe9e5000ccff9f61dab7250fd98e80a0d028ae32,10,recovered_practice_engine_local,grid_v1,mec_center,10,0,1134.1911032384166,1134.1911032384166,0.0,0,0,19.76586849547002,0,9610.819313,1301.054376,849.4426370000001,0.0,276.8382210000002,0.0
7,0000000000000000000000000000000000000000000000000000000000000002,one_bit,4,P4_diagnostic_v1_grid_v1_nccp,FULL_CLEAR,user_exit,10,10,1.0,,1201.5469679,12015.469679,44322.34838897067,1.1829314999995404,cpu,0,0,10,0,6,526,471,2bb2bec8100fb608e61b78d1fc3a58e8ae43a7c0a3b90f60455a9e3f20d649e4,b481d5f702fe44a026fdf81caaea5c483491c929f6b20dcd90b65267e6b9c9a2,6715d13abf8c010f2fc2139cfe9e5000ccff9f61dab7250fd98e80a0d028ae32,10,recovered_practice_engine_local,grid_v1,nccp,10,0,1037.3502279595757,1132.696718628482,95.34649066890609,0,0,19.999,0,9609.017093999999,1299.700839,849.2817000000001,0.0,257.4700460000005,0.0
8,0000000000000000000000000000000000000000000000000000000000000004,one_bit,4,P4_diagnostic_v1_grid_v1,FULL_CLEAR,user_exit,16,16,1.0,,704.05320025,11264.851204,44259.25601600824,1.4315856999965035,cpu,0,0,16,0,0,396,353,dbc2410062cd54ef42aab2386c7e3f91784cf9bdb9913a67cd28fcbd825c381c,81394eba99b59e2bf6cfa4b6879d0f8e44435c15ccdb7de1eebbd2b7688d14c3,6715d13abf8c010f2fc2139cfe9e5000ccff9f61dab7250fd98e80a0d028ae32,1,recovered_practice_engine_local,grid_v1,mec_center,16,0,3847.226855610481,3847.226855610481,0.0,0,0,19.810376987387,0,9376.929212,1038.4766219999992,0.0,0.0,849.4453700000015,1.8189894035458565e-12
8,0000000000000000000000000000000000000000000000000000000000000004,one_bit,4,P4_diagnostic_v1_grid_v1_nccp,FULL_CLEAR,user_exit,16,16,1.0,,701.954316875,11231.26907,44091.345339539985,1.4173035000058007,cpu,0,0,16,0,0,396,353,2bb2bec8100fb608e61b78d1fc3a58e8ae43a7c0a3b90f60455a9e3f20d649e4,81394eba99b59e2bf6cfa4b6879d0f8e44435c15ccdb7de1eebbd2b7688d14c3,6715d13abf8c010f2fc2139cfe9e5000ccff9f61dab7250fd98e80a0d028ae32,1,recovered_practice_engine_local,grid_v1,nccp,16,0,3692.438176947564,3845.8706082391873,153.4324312916222,0,0,19.999,0,9378.533326999997,1034.248107,0.0,0.0,818.487636000002,1.8189894035458565e-12
9,0000000000000000000000000000000000000000000000000000000000000040,one_bit,4,P4_diagnostic_v1_grid_v1,FULL_CLEAR,user_exit,15,15,1.0,,783.1293859333333,11746.940789,44494.70394909525,1.2145988999982364,cpu,0,0,15,0,3,470,423,dbc2410062cd54ef42aab2386c7e3f91784cf9bdb9913a67cd28fcbd825c381c,ecc933cb78e9caf12be55ae9703292498ae62da25d9613c0c9d002116496728e,6715d13abf8c010f2fc2139cfe9e5000ccff9f61dab7250fd98e80a0d028ae32,4,recovered_practice_engine_local,grid_v1,mec_center,14,1,3640.838318096671,3640.838318096671,0.0,0,0,19.937835104224867,0,9210.642820000001,1397.2112410000007,335.91906500000186,0.0,803.167662999997,0.0
9,0000000000000000000000000000000000000000000000000000000000000040,one_bit,4,P4_diagnostic_v1_grid_v1_nccp,FULL_CLEAR,user_exit,15,15,1.0,,781.5789619999999,11723.68443,44403.4221558107,1.1950555000003078,cpu,0,0,15,0,3,469,423,2bb2bec8100fb608e61b78d1fc3a58e8ae43a7c0a3b90f60455a9e3f20d649e4,ecc933cb78e9caf12be55ae9703292498ae62da25d9613c0c9d002116496728e,6715d13abf8c010f2fc2139cfe9e5000ccff9f61dab7250fd98e80a0d028ae32,4,recovered_practice_engine_local,grid_v1,nccp,14,1,3723.93769095444,3805.9738937093525,82.03620275491177,0,0,19.998999999999995,0,9209.794553,1358.9899620000006,335.11237699999947,0.0,819.7875380000005,0.0
10,0000000000000000000000000000000000000000000000000000000000001000,one_bit,4,P4_diagnostic_v1_grid_v1,FULL_CLEAR,user_exit,10,10,1.0,,1230.6912058,12306.912058,40809.560280923404,1.3518405000068014,cpu,0,0,10,0,0,689,650,dbc2410062cd54ef42aab2386c7e3f91784cf9bdb9913a67cd28fcbd825c381c,e620aa7bd800e017192f35392cb628809955f1e7ab2b912b0f497101f3a1bb5e,6715d13abf8c010f2fc2139cfe9e5000ccff9f61dab7250fd98e80a0d028ae32,8,recovered_practice_engine_local,grid_v1,mec_center,10,0,1453.1480958996844,1453.1480958996844,0.0,0,0,19.95005891625809,0,10693.993312999999,1272.2891249999989,0.0,0.0,340.629620000002,0.0
10,0000000000000000000000000000000000000000000000000000000000001000,one_bit,4,P4_diagnostic_v1_grid_v1_nccp,FULL_CLEAR,user_exit,10,10,1.0,,1228.4564131,12284.564131,40697.8206464733,1.3604641999991145,cpu,0,0,10,0,0,689,650,2bb2bec8100fb608e61b78d1fc3a58e8ae43a7c0a3b90f60455a9e3f20d649e4,e620aa7bd800e017192f35392cb628809955f1e7ab2b912b0f497101f3a1bb5e,6715d13abf8c010f2fc2139cfe9e5000ccff9f61dab7250fd98e80a0d028ae32,8,recovered_practice_engine_local,grid_v1,nccp,10,0,1383.3279970688454,1453.1533062900344,69.82530922118904,0,0,19.99899999999999,0,10685.32762,1272.5709119999988,0.0,0.0,326.6655990000004,0.0
11,0000000000000000000000000000000000000000000000000000000000040000,one_bit,4,P4_diagnostic_v1_grid_v1,FULL_CLEAR,user_exit,16,16,1.0,,748.23777,11971.80432,44969.02160553907,1.5707327999989502,cpu,0,0,16,0,4,491,443,dbc2410062cd54ef42aab2386c7e3f91784cf9bdb9913a67cd28fcbd825c381c,70c44197e57572fcc99fb03dd07be503774847a0e399d6365ed710b57302ef66,6715d13abf8c010f2fc2139cfe9e5000ccff9f61dab7250fd98e80a0d028ae32,14,recovered_practice_engine_local,grid_v1,mec_center,16,0,3068.090508416669,3068.090508416669,0.0,0,0,18.346654821034026,0,9234.705511999999,1678.5341110000013,364.9465960000001,0.0,693.6181009999987,1.8189894035458565e-12
11,0000000000000000000000000000000000000000000000000000000000040000,one_bit,4,P4_diagnostic_v1_grid_v1_nccp,FULL_CLEAR,user_exit,16,16,1.0,,745.80285475,11932.845676,44774.228388248295,1.5767964000042411,cpu,0,0,16,0,4,491,443,2bb2bec8100fb608e61b78d1fc3a58e8ae43a7c0a3b90f60455a9e3f20d649e4,70c44197e57572fcc99fb03dd07be503774847a0e399d6365ed710b57302ef66,6715d13abf8c010f2fc2139cfe9e5000ccff9f61dab7250fd98e80a0d028ae32,14,recovered_practice_engine_local,grid_v1,nccp,16,0,2926.5418195578554,3068.6452673828994,142.10344782504407,0,0,19.999,0,9228.293132000003,1676.7438449999977,362.50033700000085,0.0,665.3083620000008,1.8189894035458565e-12
12,0000000000000000000000000000000000000000000000000000000001000000,one_bit,4,P4_diagnostic_v1_grid_v1,FULL_CLEAR,user_exit,16,16,1.0,,662.2763275625,10596.421241,39332.106200731985,1.3751508999994257,cpu,0,0,16,0,0,449,405,dbc2410062cd54ef42aab2386c7e3f91784cf9bdb9913a67cd28fcbd825c381c,ec0be67107a0d46c697e45dccd77b8acdd5a932984554f2c778debfdf2ef6d30,6715d13abf8c010f2fc2139cfe9e5000ccff9f61dab7250fd98e80a0d028ae32,2,recovered_practice_engine_local,grid_v1,mec_center,16,0,2313.444378325966,2313.444378325966,0.0,0,0,19.166721514878667,0,8925.719555,1128.0128100000015,0.0,0.0,542.6888759999995,1.8189894035458565e-12
12,0000000000000000000000000000000000000000000000000000000001000000,one_bit,4,P4_diagnostic_v1_grid_v1_nccp,FULL_CLEAR,user_exit,16,16,1.0,,660.401574875,10566.425198,39182.12597780499,1.3893915000007837,cpu,0,0,16,0,0,449,405,2bb2bec8100fb608e61b78d1fc3a58e8ae43a7c0a3b90f60455a9e3f20d649e4,ec0be67107a0d46c697e45dccd77b8acdd5a932984554f2c778debfdf2ef6d30,6715d13abf8c010f2fc2139cfe9e5000ccff9f61dab7250fd98e80a0d028ae32,2,recovered_practice_engine_local,grid_v1,nccp,16,0,2163.250391222703,2308.9695595418434,145.71916831914092,1,0,19.998999999999995,0,8923.635457000002,1130.139660999998,0.0,0.0,512.6500800000008,0.0
13,0000000000000000000000000000000000000000000000000000000040000000,one_bit,4,P4_diagnostic_v1_grid_v1,FULL_CLEAR,user_exit,14,14,1.0,,796.4166929285714,11149.833701,43819.168503964305,1.2106054999967455,cpu,0,0,14,0,0,394,346,dbc2410062cd54ef42aab2386c7e3f91784cf9bdb9913a67cd28fcbd825c381c,3047cf65b313f1af1bfac5d3c5354f3bfd284a504982cb2b353f54b73cde36a3,6715d13abf8c010f2fc2139cfe9e5000ccff9f61dab7250fd98e80a0d028ae32,4,recovered_practice_engine_local,grid_v1,mec_center,14,0,3000.457540906257,3000.457540906257,0.0,0,0,19.020774570444765,0,8907.19254,1572.5496510000003,0.0,0.0,670.0915099999991,0.0
13,0000000000000000000000000000000000000000000000000000000040000000,one_bit,4,P4_diagnostic_v1_grid_v1_nccp,FULL_CLEAR,user_exit,14,14,1.0,,794.572448857143,11124.014284,43690.07141708596,1.209441599996353,cpu,0,0,14,0,0,394,346,2bb2bec8100fb608e61b78d1fc3a58e8ae43a7c0a3b90f60455a9e3f20d649e4,3047cf65b313f1af1bfac5d3c5354f3bfd284a504982cb2b353f54b73cde36a3,6715d13abf8c010f2fc2139cfe9e5000ccff9f61dab7250fd98e80a0d028ae32,4,recovered_practice_engine_local,grid_v1,nccp,14,0,2868.324346719298,2990.888864148542,122.56451742924396,0,0,19.998999999999995,0,8904.597438,1575.7519760000005,0.0,0.0,643.6648700000004,0.0
14,0000000000000000000000000000000000000000000000000000001000000000,one_bit,4,P4_diagnostic_v1_grid_v1,FULL_CLEAR,user_exit,13,13,1.0,,926.7426691538462,12047.654699,44848.273491199136,1.331335199996829,cpu,0,0,13,0,0,510,463,dbc2410062cd54ef42aab2386c7e3f91784cf9bdb9913a67cd28fcbd825c381c,3c09e8f0367dab1612603b29707a29c3bde0145cbb2947d884ec5561cdc7c805,6715d13abf8c010f2fc2139cfe9e5000ccff9f61dab7250fd98e80a0d028ae32,1,recovered_practice_engine_local,grid_v1,mec_center,13,0,1547.5770400752797,1547.5770400752797,0.0,0,0,19.13993145313859,0,10063.95591,1609.183382000002,0.0,0.0,374.51540699999805,1.8189894035458565e-12
14,0000000000000000000000000000000000000000000000000000001000000000,one_bit,4,P4_diagnostic_v1_grid_v1_nccp,FULL_CLEAR,user_exit,13,13,1.0,,924.6001206153846,12019.801568,44709.007828662914,1.330005700001493,cpu,0,0,13,0,0,510,463,2bb2bec8100fb608e61b78d1fc3a58e8ae43a7c0a3b90f60455a9e3f20d649e4,3c09e8f0367dab1612603b29707a29c3bde0145cbb2947d884ec5561cdc7c805,6715d13abf8c010f2fc2139cfe9e5000ccff9f61dab7250fd98e80a0d028ae32,1,recovered_practice_engine_local,grid_v1,nccp,13,0,1430.6032877054854,1550.3293990483605,119.72611134287513,1,0,19.998999999999985,0,10059.989311000001,1608.6915979999994,0.0,0.0,351.1206589999994,0.0
15,0000000000000000000000000000000000000000000000000000040000000000,one_bit,4,P4_diagnostic_v1_grid_v1,FULL_CLEAR,user_exit,14,14,1.0,,781.6907917857143,10943.671085,42528.35541113921,0.985933500000101,cpu,0,0,14,0,1,402,358,dbc2410062cd54ef42aab2386c7e3f91784cf9bdb9913a67cd28fcbd825c381c,77afa6d0e8d096d62276f5618785ae9066f42768a7b15268484f089162217558,6715d13abf8c010f2fc2139cfe9e5000ccff9f61dab7250fd98e80a0d028ae32,5,recovered_practice_engine_local,grid_v1,mec_center,13,1,3031.3653491811147,3031.3653491811147,0.0,0,0,17.49239020515194,0,8473.791463000001,1672.7001209999999,120.90642999999977,0.0,676.2730709999998,0.0
15,0000000000000000000000000000000000000000000000000000040000000000,one_bit,4,P4_diagnostic_v1_grid_v1_nccp,FULL_CLEAR,user_exit,14,14,1.0,,780.3248812857144,10924.548338,42432.74168847564,0.9966581999979098,cpu,0,0,14,0,1,402,358,2bb2bec8100fb608e61b78d1fc3a58e8ae43a7c0a3b90f60455a9e3f20d649e4,77afa6d0e8d096d62276f5618785ae9066f42768a7b15268484f089162217558,6715d13abf8c010f2fc2139cfe9e5000ccff9f61dab7250fd98e80a0d028ae32,5,recovered_practice_engine_local,grid_v1,nccp,13,1,2943.172275103973,3028.849241581527,85.67696647755427,0,0,19.99899999999999,0,8470.818535999999,1674.669149000001,120.42619799999989,0.0,658.6344549999997,1.8189894035458565e-12
16,0000000000000000000000000000000000000000000000000001000000000000,one_bit,4,P4_diagnostic_v1_grid_v1,FULL_CLEAR,user_exit,11,11,1.0,,1144.4486235454547,12588.934859,44139.67429776821,1.142703999998048,cpu,0,0,11,0,6,625,581,dbc2410062cd54ef42aab2386c7e3f91784cf9bdb9913a67cd28fcbd825c381c,1ef3870d307bf677ed7c1e48d20592d8ab0395b2f7334087966bff04853a1a52,6715d13abf8c010f2fc2139cfe9e5000ccff9f61dab7250fd98e80a0d028ae32,9,recovered_practice_engine_local,grid_v1,mec_center,11,0,2013.050140938592,2013.050140938592,0.0,0,0,19.357401584000407,0,10529.666828000001,1049.719154,551.9388479999998,0.0,457.6100290000004,0.0
16,0000000000000000000000000000000000000000000000000001000000000000,one_bit,4,P4_diagnostic_v1_grid_v1_nccp,FULL_CLEAR,user_exit,11,11,1.0,,1145.1747431818183,12596.922175,44179.610866814015,1.1567865000033635,cpu,0,0,11,0,6,625,581,2bb2bec8100fb608e61b78d1fc3a58e8ae43a7c0a3b90f60455a9e3f20d649e4,1ef3870d307bf677ed7c1e48d20592d8ab0395b2f7334087966bff04853a1a52,6715d13abf8c010f2fc2139cfe9e5000ccff9f61dab7250fd98e80a0d028ae32,9,recovered_practice_engine_local,grid_v1,nccp,11,0,1889.5307326858094,1971.7116139355778,82.18088124976828,0,0,19.998999999999995,0,10535.200948000002,1077.6181819999986,551.1968990000005,0.0,432.90614599999947,0.0
17,0000000000000000000000000000000000000000000000000040000000000000,one_bit,4,P4_diagnostic_v1_grid_v1,FULL_CLEAR,user_exit,15,15,1.0,,745.6814755333332,11185.222133,43681.110671762115,1.2322859999985667,cpu,0,0,15,0,0,403,359,dbc2410062cd54ef42aab2386c7e3f91784cf9bdb9913a67cd28fcbd825c381c,e96b01de39a3c237d9674b114566da2ff4ea23649c587564688bcab4b5bda4fa,6715d13abf8c010f2fc2139cfe9e5000ccff9f61dab7250fd98e80a0d028ae32,5,recovered_practice_engine_local,grid_v1,mec_center,14,1,4431.631051975272,4431.631051975272,0.0,0,0,19.896180416623878,0,8605.446866999999,1618.4490569999991,0.0,0.0,961.3262090000007,0.0
17,0000000000000000000000000000000000000000000000000040000000000000,one_bit,4,P4_diagnostic_v1_grid_v1_nccp,FULL_CLEAR,user_exit,15,15,1.0,,743.8080903333333,11157.121355,43540.60677906375,1.2552541999975801,cpu,0,0,15,0,0,403,359,2bb2bec8100fb608e61b78d1fc3a58e8ae43a7c0a3b90f60455a9e3f20d649e4,e96b01de39a3c237d9674b114566da2ff4ea23649c587564688bcab4b5bda4fa,6715d13abf8c010f2fc2139cfe9e5000ccff9f61dab7250fd98e80a0d028ae32,5,recovered_practice_engine_local,grid_v1,nccp,14,1,4322.92474303408,4446.705609140337,123.78086610625743,0,0,19.99899999999999,0,8603.225815,1614.3105910000008,0.0,0.0,939.5849489999991,0.0
18,0000000000000000000000000000000000000000000000001000000000000000,one_bit,4,P4_diagnostic_v1_grid_v1,FULL_CLEAR,user_exit,12,12,1.0,,1019.4013132499999,12232.815759,45184.07880632691,1.4429606999983662,cpu,0,0,12,0,2,531,481,dbc2410062cd54ef42aab2386c7e3f91784cf9bdb9913a67cd28fcbd825c381c,de96f09632cec05fd367103c10e5a56b16b9f33893ef3940ed423b7b47b0ee8a,6715d13abf8c010f2fc2139cfe9e5000ccff9f61dab7250fd98e80a0d028ae32,10,recovered_practice_engine_local,grid_v1,mec_center,12,0,1031.7865752745968,1031.7865752745968,0.0,0,0,17.287154787368685,0,10076.159617,1700.5258149999981,189.773013,0.0,266.3573140000019,1.8189894035458565e-12
18,0000000000000000000000000000000000000000000000001000000000000000,one_bit,4,P4_diagnostic_v1_grid_v1_nccp,FULL_CLEAR,user_exit,12,12,1.0,,1018.4750665,12221.700798,45128.504002308655,1.4661354000054416,cpu,0,0,12,0,2,531,481,2bb2bec8100fb608e61b78d1fc3a58e8ae43a7c0a3b90f60455a9e3f20d649e4,de96f09632cec05fd367103c10e5a56b16b9f33893ef3940ed423b7b47b0ee8a,6715d13abf8c010f2fc2139cfe9e5000ccff9f61dab7250fd98e80a0d028ae32,10,recovered_practice_engine_local,grid_v1,nccp,12,0,929.2528884745749,1028.7359974156186,99.48310894104377,0,0,19.998999999999985,0,10075.469241,1710.6079659999987,189.773013,0.0,245.85057800000072,0.0
19,0000000000000000000000000000000000000000000000040000000000000000,one_bit,4,P4_diagnostic_v1_grid_v1,FULL_CLEAR,user_exit,11,11,1.0,,1075.4917470909093,11830.409218,40662.04608833945,1.053222000002279,cpu,0,0,11,0,2,614,573,dbc2410062cd54ef42aab2386c7e3f91784cf9bdb9913a67cd28fcbd825c381c,ed090b74dcadb4ec91482cc4fa7440b1a5908f498a42c790fa4b28b9159bbe8e,6715d13abf8c010f2fc2139cfe9e5000ccff9f61dab7250fd98e80a0d028ae32,1,recovered_practice_engine_local,grid_v1,mec_center,11,0,1897.3140875360648,1897.3140875360648,0.0,0,0,17.761811648834982,0,10258.15709,736.0037279999996,401.7855840000002,0.0,434.4628160000012,1.8189894035458565e-12
19,0000000000000000000000000000000000000000000000040000000000000000,one_bit,4,P4_diagnostic_v1_grid_v1_nccp,FULL_CLEAR,user_exit,11,11,1.0,,1074.2083592727272,11816.291952,40591.459743616666,1.0508420999976806,cpu,0,0,11,0,2,614,573,2bb2bec8100fb608e61b78d1fc3a58e8ae43a7c0a3b90f60455a9e3f20d649e4,ed090b74dcadb4ec91482cc4fa7440b1a5908f498a42c790fa4b28b9159bbe8e,6715d13abf8c010f2fc2139cfe9e5000ccff9f61dab7250fd98e80a0d028ae32,1,recovered_practice_engine_local,grid_v1,nccp,11,0,1816.435154135277,1888.1007338681918,71.665579732915,0,0,19.99899999999999,0,10261.303295000002,734.2175999999998,402.4840260000001,0.0,418.28703099999933,1.8189894035458565e-12
20,0000000000000000000000000000000000000000000001000000000000000000,one_bit,4,P4_diagnostic_v1_grid_v1,FULL_CLEAR,user_exit,16,16,1.0,,646.6978756875,10347.166011,39260.83004475366,1.3909827000024961,cpu,0,0,16,0,1,410,365,dbc2410062cd54ef42aab2386c7e3f91784cf9bdb9913a67cd28fcbd825c381c,7da8a58d4bd4e7af97deddc6cb6eca4e4c753ad7611b2764a0b7378086a22416,6715d13abf8c010f2fc2139cfe9e5000ccff9f61dab7250fd98e80a0d028ae32,8,recovered_practice_engine_local,grid_v1,mec_center,16,0,3364.9808139277156,3364.9808139277156,0.0,0,0,19.589027905312197,0,8223.862100999999,1255.7763160000018,114.53143,0.0,752.9961639999975,0.0
20,0000000000000000000000000000000000000000000001000000000000000000,one_bit,4,P4_diagnostic_v1_grid_v1_nccp,FULL_CLEAR,user_exit,16,16,1.0,,645.7542194375,10332.067511,39185.337539932494,1.3856629000001703,cpu,0,0,16,0,1,410,365,2bb2bec8100fb608e61b78d1fc3a58e8ae43a7c0a3b90f60455a9e3f20d649e4,7da8a58d4bd4e7af97deddc6cb6eca4e4c753ad7611b2764a0b7378086a22416,6715d13abf8c010f2fc2139cfe9e5000ccff9f61dab7250fd98e80a0d028ae32,8,recovered_practice_engine_local,grid_v1,nccp,16,0,3238.1806047994223,3374.085047229382,135.90444242995886,0,0,19.999,0,8230.270443000001,1259.6685899999975,114.49235700000008,0.0,727.636121000002,0.0
21,0000000000000000000000000000000000000000000040000000000000000000,one_bit,4,P4_diagnostic_v1_grid_v1,FULL_CLEAR,user_exit,14,14,1.0,,807.6463910714285,11307.049475,42070.24737207805,1.4218190999963554,cpu,0,0,14,0,0,478,433,dbc2410062cd54ef42aab2386c7e3f91784cf9bdb9913a67cd28fcbd825c381c,afdceec2e5f5cebf803b611a822b4ca917a013c8b92169200499fff292ca7760,6715d13abf8c010f2fc2139cfe9e5000ccff9f61dab7250fd98e80a0d028ae32,8,recovered_practice_engine_local,grid_v1,mec_center,14,0,1796.3471763226842,1796.3471763226842,0.0,0,0,17.53496656861194,0,9315.494347,1562.2856940000006,0.0,0.0,429.2694339999995,0.0
21,0000000000000000000000000000000000000000000040000000000000000000,one_bit,4,P4_diagnostic_v1_grid_v1_nccp,FULL_CLEAR,user_exit,14,14,1.0,,805.6717753571429,11279.404855,41932.024267467474,1.4074935000026016,cpu,0,0,14,0,0,478,433,2bb2bec8100fb608e61b78d1fc3a58e8ae43a7c0a3b90f60455a9e3f20d649e4,afdceec2e5f5cebf803b611a822b4ca917a013c8b92169200499fff292ca7760,6715d13abf8c010f2fc2139cfe9e5000ccff9f61dab7250fd98e80a0d028ae32,8,recovered_practice_engine_local,grid_v1,nccp,14,0,1651.874134807117,1785.969341224056,134.09520641693882,0,0,19.999,0,9316.224781,1562.8052469999998,0.0,0.0,400.37482700000055,0.0
22,0000000000000000000000000000000000000000001000000000000000000000,one_bit,4,P4_diagnostic_v1_grid_v1,FULL_CLEAR,user_exit,10,10,1.0,,1161.7291606000001,11617.291606,39831.45803376294,1.2835574000055203,cpu,0,0,10,0,1,609,556,dbc2410062cd54ef42aab2386c7e3f91784cf9bdb9913a67cd28fcbd825c381c,4ed32f18a4a93e36de843f37072d7e81eeed128ddbdcf8bfe81b48c1efc989df,6715d13abf8c010f2fc2139cfe9e5000ccff9f61dab7250fd98e80a0d028ae32,9,recovered_practice_engine_local,grid_v1,mec_center,10,0,528.0781754744337,528.0781754744337,0.0,0,0,18.753700034128318,0,9953.302051,1483.1501719999997,25.223748000000114,0.0,155.61563500000022,0.0
22,0000000000000000000000000000000000000000001000000000000000000000,one_bit,4,P4_diagnostic_v1_grid_v1_nccp,FULL_CLEAR,user_exit,10,10,1.0,,1163.2527848,11632.527848,39832.639240890145,1.3885888000004343,cpu,0,0,10,0,1,612,556,2bb2bec8100fb608e61b78d1fc3a58e8ae43a7c0a3b90f60455a9e3f20d649e4,4ed32f18a4a93e36de843f37072d7e81eeed128ddbdcf8bfe81b48c1efc989df,6715d13abf8c010f2fc2139cfe9e5000ccff9f61dab7250fd98e80a0d028ae32,9,recovered_practice_engine_local,grid_v1,nccp,10,0,428.9727612141935,534.9733829562413,106.00062174204784,0,0,19.99899999999999,0,9953.221141,1518.2884059999988,25.223748000000114,0.0,135.7945530000003,1.8189894035458565e-12
23,0000000000000000000000000000000000000000040000000000000000000000,one_bit,4,P4_diagnostic_v1_grid_v1,FULL_CLEAR,user_exit,16,16,1.0,,679.7569739375,10876.111583,43280.55791772477,1.3681456000049366,cpu,0,0,16,0,3,365,315,dbc2410062cd54ef42aab2386c7e3f91784cf9bdb9913a67cd28fcbd825c381c,06a0f6d120d6a355a4cf9e27456a7cfa0bd7f4b79f8c97eeb27eb98c69734172,6715d13abf8c010f2fc2139cfe9e5000ccff9f61dab7250fd98e80a0d028ae32,4,recovered_practice_engine_local,grid_v1,mec_center,16,0,3457.9686062307464,3457.9686062307464,0.0,0,0,19.723840259741543,0,8361.17215,1530.4381379999993,212.90757499999995,0.0,771.5937199999998,1.8189894035458565e-12
23,0000000000000000000000000000000000000000040000000000000000000000,one_bit,4,P4_diagnostic_v1_grid_v1_nccp,FULL_CLEAR,user_exit,16,16,1.0,,676.431331625,10822.901306,43014.50653154304,1.399863099999493,cpu,0,0,16,0,3,365,315,2bb2bec8100fb608e61b78d1fc3a58e8ae43a7c0a3b90f60455a9e3f20d649e4,06a0f6d120d6a355a4cf9e27456a7cfa0bd7f4b79f8c97eeb27eb98c69734172,6715d13abf8c010f2fc2139cfe9e5000ccff9f61dab7250fd98e80a0d028ae32,4,recovered_practice_engine_local,grid_v1,nccp,16,0,3298.9034009031325,3463.524711053396,164.62131015026358,1,0,19.998999999999995,0,8351.524743,1518.6883070000003,212.90757500000018,0.0,739.7806809999994,0.0
24,0000000000000000000000000000000000000001000000000000000000000000,one_bit,4,P4_diagnostic_v1_grid_v1,FULL_CLEAR,user_exit,11,11,1.0,,1052.0963796363637,11573.060176,39740.30086528319,1.3415678000019398,cpu,0,0,11,0,4,602,560,dbc2410062cd54ef42aab2386c7e3f91784cf9bdb9913a67cd28fcbd825c381c,bbd1686dd32507856da5ef7c7f0e3c014f0fdbc5044c7e104d838234e5d24bb9,6715d13abf8c010f2fc2139cfe9e5000ccff9f61dab7250fd98e80a0d028ae32,11,recovered_practice_engine_local,grid_v1,mec_center,11,0,1257.169559203701,1257.169559203701,0.0,0,0,18.806648359954252,0,9828.068695999998,999.8848450000007,438.6727250000001,0.0,306.43391000000025,1.8189894035458565e-12
24,0000000000000000000000000000000000000001000000000000000000000000,one_bit,4,P4_diagnostic_v1_grid_v1_nccp,FULL_CLEAR,user_exit,11,11,1.0,,1051.6806542727272,11568.487197,39717.43597288307,1.3855031000057352,cpu,0,0,11,0,4,602,560,2bb2bec8100fb608e61b78d1fc3a58e8ae43a7c0a3b90f60455a9e3f20d649e4,bbd1686dd32507856da5ef7c7f0e3c014f0fdbc5044c7e104d838234e5d24bb9,6715d13abf8c010f2fc2139cfe9e5000ccff9f61dab7250fd98e80a0d028ae32,11,recovered_practice_engine_local,grid_v1,nccp,11,0,1260.6641941494775,1359.4647255841862,98.80053143470862,0,0,19.999,0,9822.084736,998.8476930000004,440.4219290000001,0.0,307.1328390000003,0.0
25,0000000000000000000000000000000000000008000000000000000000000000,one_bit,4,P4_diagnostic_v1_grid_v1,FULL_CLEAR,user_exit,13,13,1.0,,888.8339057692308,11554.840775,42409.20386110542,1.3210469000041485,cpu,0,0,13,0,7,509,463,dbc2410062cd54ef42aab2386c7e3f91784cf9bdb9913a67cd28fcbd825c381c,347d5547ffcd9026d523ba957c47361d1d58edb57d2e79d9f003a7f93e33b8cf,6715d13abf8c010f2fc2139cfe9e5000ccff9f61dab7250fd98e80a0d028ae32,5,recovered_practice_engine_local,grid_v1,mec_center,12,1,1190.806809794159,1190.806809794159,0.0,0,0,18.013733118948604,0,9640.913055,744.6806229999992,866.0857340000002,0.0,303.1613629999988,1.8189894035458565e-12
25,0000000000000000000000000000000000000008000000000000000000000000,one_bit,4,P4_diagnostic_v1_grid_v1_nccp,FULL_CLEAR,user_exit,13,13,1.0,,888.6202596153846,11552.063375,42395.31687285352,1.2811711999966064,cpu,0,0,13,0,7,509,463,2bb2bec8100fb608e61b78d1fc3a58e8ae43a7c0a3b90f60455a9e3f20d649e4,347d5547ffcd9026d523ba957c47361d1d58edb57d2e79d9f003a7f93e33b8cf,6715d13abf8c010f2fc2139cfe9e5000ccff9f61dab7250fd98e80a0d028ae32,5,recovered_practice_engine_local,grid_v1,nccp,12,1,1105.9180618305738,1202.0177776591538,96.09971582858034,0,0,19.998999999999995,0,9634.601163,765.8344030000011,865.4441969999998,0.0,286.18361199999924,0.0
26,0000000000000000000000000000000000000040000000000000000000000000,one_bit,4,P4_diagnostic_v1_grid_v1,FULL_CLEAR,user_exit,11,11,1.0,,1102.1791493636365,12123.970643,41954.853225839324,1.0558564000020851,cpu,0,0,11,0,0,620,578,dbc2410062cd54ef42aab2386c7e3f91784cf9bdb9913a67cd28fcbd825c381c,342c6cff21ba011c5dd4f22695aca715af06dbc2c60c761ccb3ab31e1679a9c0,6715d13abf8c010f2fc2139cfe9e5000ccff9f61dab7250fd98e80a0d028ae32,5,recovered_practice_engine_local,grid_v1,mec_center,11,0,2562.9119278756125,2562.9119278756125,0.0,0,0,19.328324530387764,0,10505.748768,1050.6394919999975,0.0,0.0,567.5823830000031,1.8189894035458565e-12
26,0000000000000000000000000000000000000040000000000000000000000000,one_bit,4,P4_diagnostic_v1_grid_v1_nccp,FULL_CLEAR,user_exit,11,11,1.0,,1099.5418264545456,12094.960091,41809.80044734224,1.0636624999970081,cpu,0,0,11,0,0,620,578,2bb2bec8100fb608e61b78d1fc3a58e8ae43a7c0a3b90f60455a9e3f20d649e4,342c6cff21ba011c5dd4f22695aca715af06dbc2c60c761ccb3ab31e1679a9c0,6715d13abf8c010f2fc2139cfe9e5000ccff9f61dab7250fd98e80a0d028ae32,5,recovered_practice_engine_local,grid_v1,nccp,11,0,2456.948477994462,2556.2516871449366,99.30320915047449,1,0,19.998999999999995,0,10497.396935,1051.173460000001,0.0,0.0,546.3896959999978,0.0
27,0000000000000000000000000000000000001000000000000000000000000000,one_bit,4,P4_diagnostic_v1_grid_v1,FULL_CLEAR,user_exit,13,13,1.0,,915.0479205384615,11895.622967,44238.114829852755,1.431970600002387,cpu,0,0,13,0,2,506,453,dbc2410062cd54ef42aab2386c7e3f91784cf9bdb9913a67cd28fcbd825c381c,3c470d84bb715d087b47e05c097f98603d71e2085648dfd8122fe3a3ffb10e9b,6715d13abf8c010f2fc2139cfe9e5000ccff9f61dab7250fd98e80a0d028ae32,13,recovered_practice_engine_local,grid_v1,mec_center,13,0,1359.2184408517073,1359.2184408517073,0.0,0,0,18.03310134396772,0,9455.142107,1736.264517000001,367.372654999999,0.0,336.8436879999998,0.0
27,0000000000000000000000000000000000001000000000000000000000000000,one_bit,4,P4_diagnostic_v1_grid_v1_nccp,FULL_CLEAR,user_exit,13,13,1.0,,913.3341026923076,11873.343335,44126.71667879527,1.4370251999935135,cpu,0,0,13,0,2,506,453,2bb2bec8100fb608e61b78d1fc3a58e8ae43a7c0a3b90f60455a9e3f20d649e4,3c470d84bb715d087b47e05c097f98603d71e2085648dfd8122fe3a3ffb10e9b,6715d13abf8c010f2fc2139cfe9e5000ccff9f61dab7250fd98e80a0d028ae32,13,recovered_practice_engine_local,grid_v1,nccp,13,0,1252.722618266888,1374.1279005665176,121.4052822996296,0,0,19.99899999999999,0,9455.010208,1737.2389319999988,365.54967199999896,0.0,315.5445230000022,0.0
28,0000000000000000000000000000000000040000000000000000000000000000,one_bit,4,P4_diagnostic_v1_grid_v1,FULL_CLEAR,user_exit,12,12,1.0,,985.2695530833333,11823.234637,40501.173191519476,1.4028102000011131,cpu,0,0,12,0,0,618,573,dbc2410062cd54ef42aab2386c7e3f91784cf9bdb9913a67cd28fcbd825c381c,d36a2f574fb4f6ea6923c16219b1a6d31e0820cee8d67df71bca68727e61c59a,6715d13abf8c010f2fc2139cfe9e5000ccff9f61dab7250fd98e80a0d028ae32,10,recovered_practice_engine_local,grid_v1,mec_center,12,0,1662.5245067872854,1662.5245067872854,0.0,0,0,17.48104043282598,0,10192.444682999998,1238.2850529999996,0.0,0.0,392.5049010000009,1.8189894035458565e-12
28,0000000000000000000000000000000000040000000000000000000000000000,one_bit,4,P4_diagnostic_v1_grid_v1_nccp,FULL_CLEAR,user_exit,12,12,1.0,,982.53864325,11790.463719,40337.31859519063,1.4092050999970525,cpu,0,0,12,0,0,618,573,2bb2bec8100fb608e61b78d1fc3a58e8ae43a7c0a3b90f60455a9e3f20d649e4,d36a2f574fb4f6ea6923c16219b1a6d31e0820cee8d67df71bca68727e61c59a,6715d13abf8c010f2fc2139cfe9e5000ccff9f61dab7250fd98e80a0d028ae32,10,recovered_practice_engine_local,grid_v1,nccp,12,0,1545.8554961205066,1662.4423306301715,116.58683450966522,0,0,19.99899999999999,0,10184.828700000002,1236.463921,0.0,0.0,369.1710979999989,1.8189894035458565e-12
29,0000000000000000000000000000000001000000000000000000000000000000,one_bit,4,P4_diagnostic_v1_grid_v1,FULL_CLEAR,user_exit,13,13,1.0,,877.6399947692308,11409.319932,40236.5996649456,1.4819401999993715,cpu,0,0,13,0,2,557,512,dbc2410062cd54ef42aab2386c7e3f91784cf9bdb9913a67cd28fcbd825c381c,92dca095ac62e54354bdd52e0b2a1ae95dcbb3daf53bbc93f84fd3d618958dbe,6715d13abf8c010f2fc2139cfe9e5000ccff9f61dab7250fd98e80a0d028ae32,10,recovered_practice_engine_local,grid_v1,mec_center,13,0,2840.492938094191,2840.492938094191,0.0,0,0,18.528619675978774,0,9452.706863000001,1023.3507270000002,300.16375600000083,0.0,633.0985859999978,0.0
29,0000000000000000000000000000000001000000000000000000000000000000,one_bit,4,P4_diagnostic_v1_grid_v1_nccp,FULL_CLEAR,user_exit,13,13,1.0,,875.691765,11383.992945,40109.96470569999,1.4648166999977548,cpu,0,0,13,0,2,557,512,2bb2bec8100fb608e61b78d1fc3a58e8ae43a7c0a3b90f60455a9e3f20d649e4,92dca095ac62e54354bdd52e0b2a1ae95dcbb3daf53bbc93f84fd3d618958dbe,6715d13abf8c010f2fc2139cfe9e5000ccff9f61dab7250fd98e80a0d028ae32,10,recovered_practice_engine_local,grid_v1,nccp,13,0,2728.224467067965,2836.4333688534243,108.20890178545925,0,0,19.998999999999995,0,9450.376917000001,1022.1862600000018,300.7848730000005,0.0,610.6448949999967,1.8189894035458565e-12
30,0000000000000000000000000000000040000000000000000000000000000000,one_bit,4,P4_diagnostic_v1_grid_v1,FULL_CLEAR,user_exit,11,11,1.0,,959.3862995454546,10553.249295,36671.24647567112,0.865761900000507,cpu,0,0,11,0,0,534,494,dbc2410062cd54ef42aab2386c7e3f91784cf9bdb9913a67cd28fcbd825c381c,5c4fe197060ce663d5e43cdb176a523e645c4b7de11375a3e437761b4c6dd1c9,6715d13abf8c010f2fc2139cfe9e5000ccff9f61dab7250fd98e80a0d028ae32,1,recovered_practice_engine_local,grid_v1,mec_center,11,0,2036.0699874749982,2036.0699874749982,0.0,0,0,18.12204853687321,0,9397.093766999998,693.9415320000007,0.0,0.0,462.21399599999955,0.0
30,0000000000000000000000000000000040000000000000000000000000000000,one_bit,4,P4_diagnostic_v1_grid_v1_nccp,FULL_CLEAR,user_exit,11,11,1.0,,957.247026090909,10529.717287,36503.58643725375,0.9562408999991021,cpu,0,0,11,0,0,536,494,2bb2bec8100fb608e61b78d1fc3a58e8ae43a7c0a3b90f60455a9e3f20d649e4,5c4fe197060ce663d5e43cdb176a523e645c4b7de11375a3e437761b4c6dd1c9,6715d13abf8c010f2fc2139cfe9e5000ccff9f61dab7250fd98e80a0d028ae32,1,recovered_practice_engine_local,grid_v1,nccp,11,0,1831.3907672139117,1935.056858287088,103.66609107317636,1,0,19.99899999999998,0,9388.653123,719.7860109999995,0.0,0.0,421.2781530000004,1.8189894035458565e-12
31,0000000000000000000000000000001000000000000000000000000000000000,one_bit,4,P4_diagnostic_v1_grid_v1,FULL_CLEAR,user_exit,14,14,1.0,,795.7401562142858,11140.362187,42216.810948874714,1.395749600000272,cpu,0,0,14,0,0,446,397,dbc2410062cd54ef42aab2386c7e3f91784cf9bdb9913a67cd28fcbd825c381c,eb732fcc8ac7ac7486410edd40ce47f3fe53e8f3f85581b042f920d2afb8d611,6715d13abf8c010f2fc2139cfe9e5000ccff9f61dab7250fd98e80a0d028ae32,1,recovered_practice_engine_local,grid_v1,mec_center,14,0,1604.1904853378126,1604.1904853378126,0.0,0,0,18.255807624090572,0,9059.661482000001,1689.8626090000002,0.0,0.0,390.83809599999944,0.0
31,0000000000000000000000000000001000000000000000000000000000000000,one_bit,4,P4_diagnostic_v1_grid_v1_nccp,FULL_CLEAR,user_exit,14,14,1.0,,794.1382949285714,11117.936129,42129.68064955807,1.3377286000031745,cpu,0,0,14,0,0,445,397,2bb2bec8100fb608e61b78d1fc3a58e8ae43a7c0a3b90f60455a9e3f20d649e4,eb732fcc8ac7ac7486410edd40ce47f3fe53e8f3f85581b042f920d2afb8d611,6715d13abf8c010f2fc2139cfe9e5000ccff9f61dab7250fd98e80a0d028ae32,1,recovered_practice_engine_local,grid_v1,nccp,14,0,1388.770071409933,1538.1486755365963,149.3786041266634,0,0,19.998999999999988,0,9053.660400999997,1716.5217140000018,0.0,0.0,347.75401400000004,0.0
32,0000000000000000000000000000040000000000000000000000000000000000,one_bit,4,P4_diagnostic_v1_grid_v1,FULL_CLEAR,user_exit,14,14,1.0,,792.764677,11098.705478,41953.52738244173,1.1948174999997718,cpu,0,0,14,0,1,447,403,dbc2410062cd54ef42aab2386c7e3f91784cf9bdb9913a67cd28fcbd825c381c,8b1d2ef94e852a2f23e214f744655231120b5925313aa36a0d3cd6b74905de6c,6715d13abf8c010f2fc2139cfe9e5000ccff9f61dab7250fd98e80a0d028ae32,4,recovered_practice_engine_local,grid_v1,mec_center,13,1,2884.543804253071,2884.543804253071,0.0,0,0,19.453650387524295,0,9015.981468999998,1333.7716969999988,102.04355099999998,0.0,646.9087610000013,1.8189894035458565e-12
32,0000000000000000000000000000040000000000000000000000000000000000,one_bit,4,P4_diagnostic_v1_grid_v1_nccp,FULL_CLEAR,user_exit,14,14,1.0,,790.7093863571429,11069.931409,41809.65704047485,1.210746900003869,cpu,0,0,14,0,1,447,403,2bb2bec8100fb608e61b78d1fc3a58e8ae43a7c0a3b90f60455a9e3f20d649e4,8b1d2ef94e852a2f23e214f744655231120b5925313aa36a0d3cd6b74905de6c,6715d13abf8c010f2fc2139cfe9e5000ccff9f61dab7250fd98e80a0d028ae32,4,recovered_practice_engine_local,grid_v1,nccp,13,1,2772.3988358896063,2873.8652819797253,101.46644609011965,1,0,19.998999999999995,0,9012.188773000002,1331.2193179999992,102.04355099999998,0.0,624.479767,1.8189894035458565e-12
33,0000000000000000000000000001000000000000000000000000000000000000,one_bit,4,P4_diagnostic_v1_grid_v1,FULL_CLEAR,user_exit,15,15,1.0,,712.22472,10683.3708,37861.85398426933,1.403749400000379,cpu,0,0,15,0,4,513,471,dbc2410062cd54ef42aab2386c7e3f91784cf9bdb9913a67cd28fcbd825c381c,1b18bc0633d69f9ca00e2e0882d47b4233e7a2cdf4a90dd88331fc67a3ce9b7f,6715d13abf8c010f2fc2139cfe9e5000ccff9f61dab7250fd98e80a0d028ae32,8,recovered_practice_engine_local,grid_v1,mec_center,14,1,2774.9957030246856,2774.9957030246856,0.0,0,0,19.851690976694943,0,9085.455263,692.445345999999,275.4710499999992,0.0,629.9991410000018,1.8189894035458565e-12
33,0000000000000000000000000001000000000000000000000000000000000000,one_bit,4,P4_diagnostic_v1_grid_v1_nccp,FULL_CLEAR,user_exit,15,15,1.0,,710.4303650666666,10656.455476,37727.27737588151,1.4727847999965888,cpu,0,0,15,0,4,513,471,2bb2bec8100fb608e61b78d1fc3a58e8ae43a7c0a3b90f60455a9e3f20d649e4,1b18bc0633d69f9ca00e2e0882d47b4233e7a2cdf4a90dd88331fc67a3ce9b7f,6715d13abf8c010f2fc2139cfe9e5000ccff9f61dab7250fd98e80a0d028ae32,8,recovered_practice_engine_local,grid_v1,nccp,14,1,2684.687518785544,2777.088081880034,92.40056309449032,0,0,19.999,0,9078.780727999998,689.8291390000006,275.9081049999995,0.0,611.9375040000014,0.0
34,0000000000000000000000000040000000000000000000000000000000000000,one_bit,4,P4_diagnostic_v1_grid_v1,FULL_CLEAR,user_exit,14,14,1.0,,821.8223714285714,11505.5132,42272.56597483385,1.4155436000000918,cpu,0,0,14,0,4,505,456,dbc2410062cd54ef42aab2386c7e3f91784cf9bdb9913a67cd28fcbd825c381c,2c7f666b2d2200cb18f435ea1de03de18f8a0b9e86259575010382d3d2fb5877,6715d13abf8c010f2fc2139cfe9e5000ccff9f61dab7250fd98e80a0d028ae32,12,recovered_practice_engine_local,grid_v1,mec_center,14,0,1298.922870701191,1298.922870701191,0.0,0,0,17.23589501936853,0,9383.17222,1381.4421469999997,411.11425600000007,0.0,329.78457700000024,1.8189894035458565e-12
34,0000000000000000000000000040000000000000000000000000000000000000,one_bit,4,P4_diagnostic_v1_grid_v1_nccp,FULL_CLEAR,user_exit,14,14,1.0,,819.3493984999999,11470.891579,42099.45789147351,1.3732641999959014,cpu,0,0,14,0,4,505,456,2bb2bec8100fb608e61b78d1fc3a58e8ae43a7c0a3b90f60455a9e3f20d649e4,2c7f666b2d2200cb18f435ea1de03de18f8a0b9e86259575010382d3d2fb5877,6715d13abf8c010f2fc2139cfe9e5000ccff9f61dab7250fd98e80a0d028ae32,12,recovered_practice_engine_local,grid_v1,nccp,14,0,1163.1830750036404,1300.3634023409543,137.1803273373137,0,0,19.998999999999988,0,9383.047562,1377.7201799999993,407.48722099999986,0.0,302.6366160000007,0.0
35,0000000000000000000000001000000000000000000000000000000000000000,one_bit,4,P4_diagnostic_v1_grid_v1,FULL_CLEAR,user_exit,11,11,1.0,,1070.772029,11778.492319,39432.46159367231,1.2551363000020501,cpu,0,0,11,0,0,646,607,dbc2410062cd54ef42aab2386c7e3f91784cf9bdb9913a67cd28fcbd825c381c,963777ad330fba7e40579ff52c51579c573615976f05e6678a6427345691f076,6715d13abf8c010f2fc2139cfe9e5000ccff9f61dab7250fd98e80a0d028ae32,10,recovered_practice_engine_local,grid_v1,mec_center,11,0,1726.4853897408782,1726.4853897408782,0.0,0,0,16.212690321721336,0,10210.013329000001,1168.1819120000005,0.0,0.0,400.297077999999,0.0
35,0000000000000000000000001000000000000000000000000000000000000000,one_bit,4,P4_diagnostic_v1_grid_v1_nccp,FULL_CLEAR,user_exit,11,11,1.0,,1068.3860641818183,11752.246706,39301.23352015867,1.2823481000013999,cpu,0,0,11,0,0,646,607,2bb2bec8100fb608e61b78d1fc3a58e8ae43a7c0a3b90f60455a9e3f20d649e4,963777ad330fba7e40579ff52c51579c573615976f05e6678a6427345691f076,6715d13abf8c010f2fc2139cfe9e5000ccff9f61dab7250fd98e80a0d028ae32,10,recovered_practice_engine_local,grid_v1,nccp,11,0,1621.0848416030092,1721.407862959582,100.3230213565727,1,0,19.999,0,10205.517297000002,1167.5124409999994,0.0,0.0,379.216967999999,0.0
36,0000000000000000000000040000000000000000000000000000000000000000,one_bit,4,P4_diagnostic_v1_grid_v1,FULL_CLEAR,user_exit,11,11,1.0,,1005.6214421818182,11061.835864,38139.17932286625,1.1617159000015818,cpu,0,0,11,0,3,571,524,dbc2410062cd54ef42aab2386c7e3f91784cf9bdb9913a67cd28fcbd825c381c,598f07f8f533e76ba9dd879bfe2f4d2b7c78dc307efa2c9f4759e2402abde039,6715d13abf8c010f2fc2139cfe9e5000ccff9f61dab7250fd98e80a0d028ae32,8,recovered_practice_engine_local,grid_v1,mec_center,11,0,2434.4995118424013,2434.4995118424013,0.0,0,0,19.72849924231957,0,9444.699018,997.2095210000006,78.02742199999989,0.0,541.8999029999998,1.8189894035458565e-12
36,0000000000000000000000040000000000000000000000000000000000000000,one_bit,4,P4_diagnostic_v1_grid_v1_nccp,FULL_CLEAR,user_exit,11,11,1.0,,1003.6823233636364,11040.505557,38032.527791186374,1.146168499995838,cpu,0,0,11,0,3,571,524,2bb2bec8100fb608e61b78d1fc3a58e8ae43a7c0a3b90f60455a9e3f20d649e4,598f07f8f533e76ba9dd879bfe2f4d2b7c78dc307efa2c9f4759e2402abde039,6715d13abf8c010f2fc2139cfe9e5000ccff9f61dab7250fd98e80a0d028ae32,8,recovered_practice_engine_local,grid_v1,nccp,11,0,2339.26675083399,2436.0062287501482,96.73947791615775,0,0,19.998999999999988,0,9445.138368,994.4864169999988,78.02742199999989,0.0,522.8533500000019,1.8189894035458565e-12
37,0000000000000000000001000000000000000000000000000000000000000000,one_bit,4,P4_diagnostic_v1_grid_v1,FULL_CLEAR,user_exit,15,15,1.0,,754.0095485333334,11310.143228,42845.716127731284,1.2934771999935037,cpu,0,0,15,0,0,452,406,dbc2410062cd54ef42aab2386c7e3f91784cf9bdb9913a67cd28fcbd825c381c,e271b72422671be6531daa97487169c5bf6b42d12efec8ecb5ebc2030e62dff6,6715d13abf8c010f2fc2139cfe9e5000ccff9f61dab7250fd98e80a0d028ae32,4,recovered_practice_engine_local,grid_v1,mec_center,15,0,2249.1684088741163,2249.1684088741163,0.0,0,0,18.433588897700282,0,9426.595289000003,1358.7142569999996,0.0,0.0,524.8336819999987,0.0
37,0000000000000000000001000000000000000000000000000000000000000000,one_bit,4,P4_diagnostic_v1_grid_v1_nccp,FULL_CLEAR,user_exit,15,15,1.0,,752.8256310666667,11292.384466,42756.922326024294,1.2599295999971218,cpu,0,0,15,0,0,452,406,2bb2bec8100fb608e61b78d1fc3a58e8ae43a7c0a3b90f60455a9e3f20d649e4,e271b72422671be6531daa97487169c5bf6b42d12efec8ecb5ebc2030e62dff6,6715d13abf8c010f2fc2139cfe9e5000ccff9f61dab7250fd98e80a0d028ae32,4,recovered_practice_engine_local,grid_v1,nccp,15,0,2134.042609299261,2249.5720057068356,115.52939640757424,1,0,19.999,0,9431.263868999999,1359.3120750000007,0.0,0.0,501.8085219999991,0.0
38,0000000000000000000040000000000000000000000000000000000000000000,one_bit,4,P4_diagnostic_v1_grid_v1,FULL_CLEAR,user_exit,10,10,1.0,,1172.4527352,11724.527352,38262.63674686601,0.9451129000008223,cpu,0,0,10,0,0,677,637,dbc2410062cd54ef42aab2386c7e3f91784cf9bdb9913a67cd28fcbd825c381c,a2efc0461146560d71489d9698b8b8b243d674ccc40603d449f0bf63980bad20,6715d13abf8c010f2fc2139cfe9e5000ccff9f61dab7250fd98e80a0d028ae32,8,recovered_practice_engine_local,grid_v1,mec_center,10,0,856.8782501575764,856.8782501575764,0.0,0,0,19.809747093864626,0,10332.721676000001,1170.4300250000001,0.0,0.0,221.37565099999853,0.0
38,0000000000000000000040000000000000000000000000000000000000000000,one_bit,4,P4_diagnostic_v1_grid_v1_nccp,FULL_CLEAR,user_exit,10,10,1.0,,1169.9009956,11699.009956,38135.04977172198,0.9888753999985056,cpu,0,0,10,0,0,677,637,2bb2bec8100fb608e61b78d1fc3a58e8ae43a7c0a3b90f60455a9e3f20d649e4,a2efc0461146560d71489d9698b8b8b243d674ccc40603d449f0bf63980bad20,6715d13abf8c010f2fc2139cfe9e5000ccff9f61dab7250fd98e80a0d028ae32,8,recovered_practice_engine_local,grid_v1,nccp,10,0,768.2999151807593,856.473652344909,88.17373716414977,1,0,19.99899999999999,0,10324.672699,1170.6772740000006,0.0,0.0,203.6599829999979,1.8189894035458565e-12
39,0000000000000000001000000000000000000000000000000000000000000000,one_bit,4,P4_diagnostic_v1_grid_v1,FULL_CLEAR,user_exit,14,14,1.0,,849.7286717857143,11896.201405,43291.00702017939,1.7849634000012884,cpu,0,0,14,0,0,536,488,dbc2410062cd54ef42aab2386c7e3f91784cf9bdb9913a67cd28fcbd825c381c,50aae3e298a02ae5bc857905a8bf494336af4c99af1e173d962893daacbe723d,6715d13abf8c010f2fc2139cfe9e5000ccff9f61dab7250fd98e80a0d028ae32,4,recovered_practice_engine_local,grid_v1,mec_center,14,0,2664.199906018413,2664.199906018413,0.0,0,0,19.928892324579923,0,9757.677113000002,1535.6843100000024,0.0,0.0,602.8399819999971,1.8189894035458565e-12
39,0000000000000000001000000000000000000000000000000000000000000000,one_bit,4,P4_diagnostic_v1_grid_v1_nccp,FULL_CLEAR,user_exit,14,14,1.0,,848.2194845714286,11875.072784,43185.36393352842,1.8142272000040975,cpu,0,0,14,0,0,536,488,2bb2bec8100fb608e61b78d1fc3a58e8ae43a7c0a3b90f60455a9e3f20d649e4,50aae3e298a02ae5bc857905a8bf494336af4c99af1e173d962893daacbe723d,6715d13abf8c010f2fc2139cfe9e5000ccff9f61dab7250fd98e80a0d028ae32,4,recovered_practice_engine_local,grid_v1,nccp,14,0,2566.861983182913,2662.701923310706,95.83994012779365,0,0,19.998999999999995,0,9756.927984000002,1534.7724049999988,0.0,0.0,583.3723950000007,1.8189894035458565e-12
40,0000000000000000040000000000000000000000000000000000000000000000,one_bit,4,P4_diagnostic_v1_grid_v1,FULL_CLEAR,user_exit,12,12,1.0,,978.3177038333333,11739.812446,40509.06222413397,1.3357400000022608,cpu,0,0,12,0,0,603,563,dbc2410062cd54ef42aab2386c7e3f91784cf9bdb9913a67cd28fcbd825c381c,93a4d464c5bcc02b565f5128f302dfb5fa88f3d6a798de294bf41e87c0427888,6715d13abf8c010f2fc2139cfe9e5000ccff9f61dab7250fd98e80a0d028ae32,7,recovered_practice_engine_local,grid_v1,mec_center,12,0,3457.7405506374616,3457.7405506374616,0.0,0,0,17.927013193540258,0,9884.982658,1103.2816780000003,0.0,0.0,751.5481099999994,0.0
40,0000000000000000040000000000000000000000000000000000000000000000,one_bit,4,P4_diagnostic_v1_grid_v1_nccp,FULL_CLEAR,user_exit,12,12,1.0,,976.5371765833333,11718.446119,40402.23059444613,1.375291099997412,cpu,0,0,12,0,0,603,563,2bb2bec8100fb608e61b78d1fc3a58e8ae43a7c0a3b90f60455a9e3f20d649e4,93a4d464c5bcc02b565f5128f302dfb5fa88f3d6a798de294bf41e87c0427888,6715d13abf8c010f2fc2139cfe9e5000ccff9f61dab7250fd98e80a0d028ae32,7,recovered_practice_engine_local,grid_v1,nccp,12,0,3348.1702089472446,3446.5897906005184,98.4195816532735,0,0,19.999,0,9887.595938000002,1101.2161400000002,0.0,0.0,729.6340409999985,1.8189894035458565e-12
41,0000000000000001000000000000000000000000000000000000000000000000,one_bit,4,P4_diagnostic_v1_grid_v1,FULL_CLEAR,user_exit,11,11,1.0,,1072.9267937272728,11802.194731,39285.9736463578,1.4449062000057893,cpu,0,0,11,0,2,655,615,dbc2410062cd54ef42aab2386c7e3f91784cf9bdb9913a67cd28fcbd825c381c,efa5fe512056663ec9a2b68e38e58d10d518d5762de0c9719ec51434a0c19b89,6715d13abf8c010f2fc2139cfe9e5000ccff9f61dab7250fd98e80a0d028ae32,10,recovered_practice_engine_local,grid_v1,mec_center,10,1,1153.9506670876603,1153.9506670876603,0.0,0,0,15.067181248338583,0,10298.275024,1128.5741270000003,89.5554460000003,0.0,285.7901339999998,0.0
41,0000000000000001000000000000000000000000000000000000000000000000,one_bit,4,P4_diagnostic_v1_grid_v1_nccp,FULL_CLEAR,user_exit,11,11,1.0,,1070.908897909091,11779.997877,39174.98938587041,1.4829686999946716,cpu,0,0,11,0,2,655,615,2bb2bec8100fb608e61b78d1fc3a58e8ae43a7c0a3b90f60455a9e3f20d649e4,efa5fe512056663ec9a2b68e38e58d10d518d5762de0c9719ec51434a0c19b89,6715d13abf8c010f2fc2139cfe9e5000ccff9f61dab7250fd98e80a0d028ae32,10,recovered_practice_engine_local,grid_v1,nccp,10,1,1051.690430020124,1153.9506670876603,102.2602370675365,0,0,19.998999999999995,0,10296.530219000002,1128.5741270000012,89.55544599999848,0.0,265.3380849999988,1.8189894035458565e-12
42,0000000000000040000000000000000000000000000000000000000000000000,one_bit,4,P4_diagnostic_v1_grid_v1,FULL_CLEAR,user_exit,14,14,1.0,,948.9139442857143,13284.79522,48428.97609026138,2.277972600000794,cpu,0,0,14,0,11,596,549,dbc2410062cd54ef42aab2386c7e3f91784cf9bdb9913a67cd28fcbd825c381c,6ae6e19315a699dda6cf6a985b966cf2165ba388b2b5ed2445029a655a3ecc95,6715d13abf8c010f2fc2139cfe9e5000ccff9f61dab7250fd98e80a0d028ae32,14,recovered_practice_engine_local,grid_v1,mec_center,14,0,2257.625265204698,2257.625265204698,0.0,0,0,18.204216693529535,0,10258.388154999997,1348.2742419999988,1156.6077689999988,0.0,521.5250540000061,0.0
42,0000000000000040000000000000000000000000000000000000000000000000,one_bit,4,P4_diagnostic_v1_grid_v1_nccp,FULL_CLEAR,user_exit,14,14,1.0,,943.4912476428572,13208.877467,48049.38733091281,2.356894700002158,cpu,0,0,14,0,11,596,549,2bb2bec8100fb608e61b78d1fc3a58e8ae43a7c0a3b90f60455a9e3f20d649e4,6ae6e19315a699dda6cf6a985b966cf2165ba388b2b5ed2445029a655a3ecc95,6715d13abf8c010f2fc2139cfe9e5000ccff9f61dab7250fd98e80a0d028ae32,14,recovered_practice_engine_local,grid_v1,nccp,14,0,2006.1990548770304,2119.928748463821,113.72969358679036,0,0,19.998999999999995,0,10262.617927,1346.2958840000003,1128.7238450000004,0.0,471.2398110000013,1.8189894035458565e-12
43,0000000000001000000000000000000000000000000000000000000000000000,one_bit,4,P4_diagnostic_v1_grid_v1,FULL_CLEAR,user_exit,15,15,1.0,,727.3437179333334,10910.155769,38460.778839246224,1.6850033000009716,cpu,0,0,15,0,2,531,488,dbc2410062cd54ef42aab2386c7e3f91784cf9bdb9913a67cd28fcbd825c381c,ad3cc0282ca5fe986ca20522cd87e29501e53da19aea9e8002d53f2a4f1a519a,6715d13abf8c010f2fc2139cfe9e5000ccff9f61dab7250fd98e80a0d028ae32,13,recovered_practice_engine_local,grid_v1,mec_center,15,0,3667.8666700970834,3667.8666700970834,0.0,0,0,17.549703338880427,0,8956.763139000002,992.3103860000001,152.5089109999999,0.0,808.5733329999983,1.8189894035458565e-12
43,0000000000001000000000000000000000000000000000000000000000000000,one_bit,4,P4_diagnostic_v1_grid_v1_nccp,FULL_CLEAR,user_exit,15,15,1.0,,725.7095124,10885.642686,38338.213432289405,1.5373088999986066,cpu,0,0,15,0,2,531,488,2bb2bec8100fb608e61b78d1fc3a58e8ae43a7c0a3b90f60455a9e3f20d649e4,ad3cc0282ca5fe986ca20522cd87e29501e53da19aea9e8002d53f2a4f1a519a,6715d13abf8c010f2fc2139cfe9e5000ccff9f61dab7250fd98e80a0d028ae32,13,recovered_practice_engine_local,grid_v1,nccp,15,0,3555.0712069351903,3675.460451078343,120.38924414315277,0,0,19.998999999999995,0,8954.651434999998,992.4680990000002,152.5089109999999,0.0,786.0142410000017,0.0
44,0000000000040000000000000000000000000000000000000000000000000000,one_bit,4,P4_diagnostic_v1_grid_v1,FULL_CLEAR,user_exit,16,16,1.0,,689.9294004375,11038.870407,45699.35203681908,1.668239500002528,cpu,0,0,16,0,7,311,264,dbc2410062cd54ef42aab2386c7e3f91784cf9bdb9913a67cd28fcbd825c381c,59ec0fdcf76998b1c44ee7b876e277c56aee28fb1d5d046056e9f66134bbdeff,6715d13abf8c010f2fc2139cfe9e5000ccff9f61dab7250fd98e80a0d028ae32,3,recovered_practice_engine_local,grid_v1,mec_center,16,0,4691.453646021686,4691.453646021686,0.0,0,0,19.715634069081297,0,8488.480640000002,668.7885969999994,863.3104410000001,0.0,1018.2907289999988,1.8189894035458565e-12
44,0000000000040000000000000000000000000000000000000000000000000000,one_bit,4,P4_diagnostic_v1_grid_v1_nccp,FULL_CLEAR,user_exit,16,16,1.0,,688.1803411875,11010.885459,45559.42729112407,1.5967086000018753,cpu,0,0,16,0,7,311,264,2bb2bec8100fb608e61b78d1fc3a58e8ae43a7c0a3b90f60455a9e3f20d649e4,59ec0fdcf76998b1c44ee7b876e277c56aee28fb1d5d046056e9f66134bbdeff,6715d13abf8c010f2fc2139cfe9e5000ccff9f61dab7250fd98e80a0d028ae32,3,recovered_practice_engine_local,grid_v1,nccp,16,0,4580.011158578712,4688.420996287271,108.40983770856064,0,0,19.999,0,8486.128144999999,666.7529310000004,862.0021499999998,0.0,996.0022330000006,1.8189894035458565e-12
45,0000000001000000000000000000000000000000000000000000000000000000,one_bit,4,P4_diagnostic_v1_grid_v1,FULL_CLEAR,user_exit,10,10,1.0,,1119.1246819,11191.246819,38956.23409659623,1.092774600001576,cpu,0,0,10,0,1,565,525,dbc2410062cd54ef42aab2386c7e3f91784cf9bdb9913a67cd28fcbd825c381c,efbf0092573d4940450d247c5c4b86023b19061b5eafb48e0186f288648931e1,6715d13abf8c010f2fc2139cfe9e5000ccff9f61dab7250fd98e80a0d028ae32,5,recovered_practice_engine_local,grid_v1,mec_center,10,0,1210.9843440155105,1210.9843440155105,0.0,0,0,16.34224788518949,0,9608.835289999999,1175.5059059999999,114.70875399999932,0.0,292.19686900000085,0.0
45,0000000001000000000000000000000000000000000000000000000000000000,one_bit,4,P4_diagnostic_v1_grid_v1_nccp,FULL_CLEAR,user_exit,10,10,1.0,,1116.2468702,11162.468702,38812.34351414731,1.0300387000024784,cpu,0,0,10,0,1,565,525,2bb2bec8100fb608e61b78d1fc3a58e8ae43a7c0a3b90f60455a9e3f20d649e4,efbf0092573d4940450d247c5c4b86023b19061b5eafb48e0186f288648931e1,6715d13abf8c010f2fc2139cfe9e5000ccff9f61dab7250fd98e80a0d028ae32,5,recovered_practice_engine_local,grid_v1,nccp,10,0,1116.2237533236612,1210.7498714258713,94.52611810221013,1,0,19.998999999999988,0,9602.404716000001,1172.110481,114.70875400000023,0.0,273.2447509999997,0.0
46,0000000040000000000000000000000000000000000000000000000000000000,one_bit,4,P4_diagnostic_v1_grid_v1,FULL_CLEAR,user_exit,12,12,1.0,,986.5111754166666,11838.134105,41905.67050520738,1.373902100000123,cpu,0,0,12,0,0,574,527,dbc2410062cd54ef42aab2386c7e3f91784cf9bdb9913a67cd28fcbd825c381c,1137928030bb30ebd78fb9e72a307e6ed715b36f33bb5e095ba7c9ef750fa7f0,6715d13abf8c010f2fc2139cfe9e5000ccff9f61dab7250fd98e80a0d028ae32,10,recovered_practice_engine_local,grid_v1,mec_center,12,0,2056.0891704259298,2056.0891704259298,0.0,0,0,19.836981116321105,0,9965.594344,1401.321925999997,0.0,0.0,471.2178350000018,1.8189894035458565e-12
46,0000000040000000000000000000000000000000000000000000000000000000,one_bit,4,P4_diagnostic_v1_grid_v1_nccp,FULL_CLEAR,user_exit,12,12,1.0,,985.16953,11822.03436,41825.17178141662,1.3910939999987022,cpu,0,0,12,0,0,574,527,2bb2bec8100fb608e61b78d1fc3a58e8ae43a7c0a3b90f60455a9e3f20d649e4,1137928030bb30ebd78fb9e72a307e6ed715b36f33bb5e095ba7c9ef750fa7f0,6715d13abf8c010f2fc2139cfe9e5000ccff9f61dab7250fd98e80a0d028ae32,10,recovered_practice_engine_local,grid_v1,nccp,12,0,1962.2116722821065,2055.3999516322347,93.1882793501282,0,0,19.998999999999995,0,9970.339154000001,1399.2528700000003,0.0,0.0,452.44233599999865,0.0
47,0000001000000000000000000000000000000000000000000000000000000000,one_bit,4,P4_diagnostic_v1_grid_v1,FULL_CLEAR,user_exit,11,11,1.0,,1050.3725473636364,11554.098021,41450.490101942705,1.5908243999947445,cpu,0,0,11,0,0,543,494,dbc2410062cd54ef42aab2386c7e3f91784cf9bdb9913a67cd28fcbd825c381c,b6b8d99982516542b099f9d00b95aebcc5a1e346d0d9f26a7503332f787301e6,6715d13abf8c010f2fc2139cfe9e5000ccff9f61dab7250fd98e80a0d028ae32,2,recovered_practice_engine_local,grid_v1,mec_center,10,1,705.6018056961987,705.6018056961987,0.0,0,0,19.04895137084949,0,9949.085837999999,1408.8918219999998,0.0,0.0,196.120361,1.8189894035458565e-12
47,0000001000000000000000000000000000000000000000000000000000000000,one_bit,4,P4_diagnostic_v1_grid_v1_nccp,FULL_CLEAR,user_exit,11,11,1.0,,1048.650141909091,11535.151561,41355.757793984434,1.74124209999718,cpu,0,0,11,0,0,543,494,2bb2bec8100fb608e61b78d1fc3a58e8ae43a7c0a3b90f60455a9e3f20d649e4,b6b8d99982516542b099f9d00b95aebcc5a1e346d0d9f26a7503332f787301e6,6715d13abf8c010f2fc2139cfe9e5000ccff9f61dab7250fd98e80a0d028ae32,2,recovered_practice_engine_local,grid_v1,nccp,10,1,600.1776102889368,706.076325531163,105.89871524222622,0,0,19.999,0,9949.119107,1410.9969330000017,0.0,0.0,175.035520999999,1.8189894035458565e-12
48,0000040000000000000000000000000000000000000000000000000000000000,one_bit,4,P4_diagnostic_v1_grid_v1,FULL_CLEAR,user_exit,13,13,1.0,,882.0790241538463,11467.027314,41790.13656207414,1.6556386000011116,cpu,0,0,13,0,0,515,469,dbc2410062cd54ef42aab2386c7e3f91784cf9bdb9913a67cd28fcbd825c381c,51afc585095925f11bc8cd8cf2a202b2821dddf3e4c98a0e1309e141fe4fff02,6715d13abf8c010f2fc2139cfe9e5000ccff9f61dab7250fd98e80a0d028ae32,8,recovered_practice_engine_local,grid_v1,mec_center,13,0,3148.800103599551,3148.800103599551,0.0,0,0,18.443774114755247,0,9512.460227,1259.8070650000006,0.0,0.0,694.7600219999999,0.0
48,0000040000000000000000000000000000000000000000000000000000000000,one_bit,4,P4_diagnostic_v1_grid_v1_nccp,FULL_CLEAR,user_exit,13,13,1.0,,880.5292825384615,11446.880673,41689.40335175982,1.5379135999974096,cpu,0,0,13,0,0,515,469,2bb2bec8100fb608e61b78d1fc3a58e8ae43a7c0a3b90f60455a9e3f20d649e4,51afc585095925f11bc8cd8cf2a202b2821dddf3e4c98a0e1309e141fe4fff02,6715d13abf8c010f2fc2139cfe9e5000ccff9f61dab7250fd98e80a0d028ae32,8,recovered_practice_engine_local,grid_v1,nccp,13,0,3066.260755756623,3149.33821041497,83.07745465834654,1,0,19.998999999999995,0,9510.632612000001,1257.9959089999998,0.0,0.0,678.2521519999995,0.0
49,0001000000000000000000000000000000000000000000000000000000000000,one_bit,4,P4_diagnostic_v1_grid_v1,FULL_CLEAR,user_exit,16,16,1.0,,714.8598605,11437.757768,43143.78883347735,1.8592466999980388,cpu,0,0,16,0,0,462,419,dbc2410062cd54ef42aab2386c7e3f91784cf9bdb9913a67cd28fcbd825c381c,5c802006966ff6064100e46578797b88465297b78117ff62df9d3925fea75f81,6715d13abf8c010f2fc2139cfe9e5000ccff9f61dab7250fd98e80a0d028ae32,6,recovered_practice_engine_local,grid_v1,mec_center,16,0,3320.7996740010585,3320.7996740010585,0.0,0,0,18.989070835540332,0,9171.859292,1521.738541000001,0.0,0.0,744.159934999999,0.0
49,0001000000000000000000000000000000000000000000000000000000000000,one_bit,4,P4_diagnostic_v1_grid_v1_nccp,FULL_CLEAR,user_exit,16,16,1.0,,710.191720125,11363.067522,42805.33758494474,1.6397798999969382,cpu,0,0,16,0,0,461,417,2bb2bec8100fb608e61b78d1fc3a58e8ae43a7c0a3b90f60455a9e3f20d649e4,5c802006966ff6064100e46578797b88465297b78117ff62df9d3925fea75f81,6715d13abf8c010f2fc2139cfe9e5000ccff9f61dab7250fd98e80a0d028ae32,6,recovered_practice_engine_local,grid_v1,nccp,16,0,3519.178168966218,3661.6966062972083,142.51843733099045,1,0,19.999,0,9213.527788000003,1365.7040989999978,0.0,0.0,783.8356349999976,0.0
50,0040000000000000000000000000000000000000000000000000000000000000,one_bit,4,P4_diagnostic_v1_grid_v1,FULL_CLEAR,user_exit,10,10,1.0,,1141.1776673,11411.776673,41323.8833770697,0.7579732999947737,cpu,0,0,10,0,0,524,477,dbc2410062cd54ef42aab2386c7e3f91784cf9bdb9913a67cd28fcbd825c381c,5f7c9a7a3c0898560aca160031390b75d3e05a6b58e0911ecf3aebacecde3a76,6715d13abf8c010f2fc2139cfe9e5000ccff9f61dab7250fd98e80a0d028ae32,1,recovered_practice_engine_local,grid_v1,mec_center,10,0,2650.1995255512284,2650.1995255512284,0.0,0,0,19.589313676145295,0,9850.021316999999,981.7154520000004,0.0,0.0,580.0399040000004,0.0
50,0040000000000000000000000000000000000000000000000000000000000000,one_bit,4,P4_diagnostic_v1_grid_v1_nccp,FULL_CLEAR,user_exit,10,10,1.0,,1140.275255,11402.75255,41278.76275820021,0.8382256999975652,cpu,0,0,10,0,0,524,477,2bb2bec8100fb608e61b78d1fc3a58e8ae43a7c0a3b90f60455a9e3f20d649e4,5f7c9a7a3c0898560aca160031390b75d3e05a6b58e0911ecf3aebacecde3a76,6715d13abf8c010f2fc2139cfe9e5000ccff9f61dab7250fd98e80a0d028ae32,1,recovered_practice_engine_local,grid_v1,nccp,10,0,2581.1278522004104,2654.3505335875916,73.22268138718107,0,0,19.999,0,9851.886634999999,984.6403460000004,0.0,0.0,566.2255689999993,1.8189894035458565e-12
51,1000000000000000000000000000000000000000000000000000000000000000,one_bit,4,P4_diagnostic_v1_grid_v1,FULL_CLEAR,user_exit,10,10,1.0,,1160.689259,11606.89259,41694.46294303223,1.1786255999977584,cpu,0,0,10,0,4,544,498,dbc2410062cd54ef42aab2386c7e3f91784cf9bdb9913a67cd28fcbd825c381c,d167f83bd0a9bb1153d32ef8ba7b73cadfde69b95fd96eee3fc74e6b34b00d8b,6715d13abf8c010f2fc2139cfe9e5000ccff9f61dab7250fd98e80a0d028ae32,2,recovered_practice_engine_local,grid_v1,mec_center,10,0,630.4354290754834,630.4354290754834,0.0,0,0,16.63182551921257,0,9820.818233999998,962.3321359999995,647.6551349999995,0.0,176.0870850000016,1.8189894035458565e-12
51,1000000000000000000000000000000000000000000000000000000000000000,one_bit,4,P4_diagnostic_v1_grid_v1_nccp,FULL_CLEAR,user_exit,10,10,1.0,,1158.7594202,11587.594202,41597.97100448208,1.1092421999928774,cpu,0,0,10,0,4,544,498,2bb2bec8100fb608e61b78d1fc3a58e8ae43a7c0a3b90f60455a9e3f20d649e4,d167f83bd0a9bb1153d32ef8ba7b73cadfde69b95fd96eee3fc74e6b34b00d8b,6715d13abf8c010f2fc2139cfe9e5000ccff9f61dab7250fd98e80a0d028ae32,2,recovered_practice_engine_local,grid_v1,nccp,10,0,545.3084961151845,630.4225094494575,85.11401333427304,0,0,19.99899999999999,0,9817.715110000001,962.6850190000005,648.1323729999997,0.0,159.06169999999918,0.0
52,ba3d6678dd7cb0d065858640fcf0007dd3a31be73d5a5b71173279bbab46ccf3,sha256_new_design,4,P4_diagnostic_v1_grid_v1,FULL_CLEAR,user_exit,15,15,1.0,,767.4713928,11512.070892,45590.35444892239,1.9415004999973462,cpu,0,0,15,0,3,395,344,dbc2410062cd54ef42aab2386c7e3f91784cf9bdb9913a67cd28fcbd825c381c,6f6be33b2a1362d9e2a0961251e5e60e56cf7e33d9850c4e76e40e26151abf82,6715d13abf8c010f2fc2139cfe9e5000ccff9f61dab7250fd98e80a0d028ae32,10,recovered_practice_engine_local,grid_v1,mec_center,15,0,2175.5626261308953,2175.5626261308953,0.0,0,0,17.119482369610665,0,8575.035944,2129.4290409999976,297.49338200000034,0.0,510.1125250000019,0.0
52,ba3d6678dd7cb0d065858640fcf0007dd3a31be73d5a5b71173279bbab46ccf3,sha256_new_design,4,P4_diagnostic_v1_grid_v1_nccp,FULL_CLEAR,user_exit,15,15,1.0,,767.8125173999999,11517.187761,45615.938800781594,1.7776291999980458,cpu,0,0,15,0,3,395,344,2bb2bec8100fb608e61b78d1fc3a58e8ae43a7c0a3b90f60455a9e3f20d649e4,6f6be33b2a1362d9e2a0961251e5e60e56cf7e33d9850c4e76e40e26151abf82,6715d13abf8c010f2fc2139cfe9e5000ccff9f61dab7250fd98e80a0d028ae32,10,recovered_practice_engine_local,grid_v1,nccp,15,0,2033.227908180173,2184.2607126462676,151.0328044660948,1,0,19.998999999999995,0,8564.733192999998,2173.3156050000007,297.49338200000057,0.0,481.64558099999965,0.0
53,2f0f7f7080cea2468e02407ae424cd306a88aa29c679e003533c57445d74160b,sha256_new_design,4,P4_diagnostic_v1_grid_v1,FULL_CLEAR,user_exit,15,15,1.0,,744.3318437333332,11164.977656,42714.88827112077,1.2226271000035922,cpu,0,0,15,0,0,432,387,dbc2410062cd54ef42aab2386c7e3f91784cf9bdb9913a67cd28fcbd825c381c,deab90a6f6f868d180e3dd956c25d6540ff811763ef62da3cc843f3ba7d7657f,6715d13abf8c010f2fc2139cfe9e5000ccff9f61dab7250fd98e80a0d028ae32,1,recovered_practice_engine_local,grid_v1,mec_center,14,1,3209.7097326279318,3209.7097326279318,0.0,0,0,18.398194322574092,0,9342.584456999999,1105.4512519999998,0.0,0.0,716.9419469999992,0.0
53,2f0f7f7080cea2468e02407ae424cd306a88aa29c679e003533c57445d74160b,sha256_new_design,4,P4_diagnostic_v1_grid_v1_nccp,FULL_CLEAR,user_exit,15,15,1.0,,743.3223556666667,11149.835335,42639.1766620618,1.2303314000018872,cpu,0,0,15,0,0,432,387,2bb2bec8100fb608e61b78d1fc3a58e8ae43a7c0a3b90f60455a9e3f20d649e4,deab90a6f6f868d180e3dd956c25d6540ff811763ef62da3cc843f3ba7d7657f,6715d13abf8c010f2fc2139cfe9e5000ccff9f61dab7250fd98e80a0d028ae32,1,recovered_practice_engine_local,grid_v1,nccp,14,1,3127.8651173485737,3229.784557201215,101.91943985264129,0,0,19.999,0,9342.664863,1106.5974490000003,0.0,0.0,700.5730229999996,0.0
54,97d80d4f862e21ec78a03669b6b7714d8c40b51a8a699ba5ea7c5388c456ab65,sha256_new_design,4,P4_diagnostic_v1_grid_v1,FULL_CLEAR,user_exit,13,13,1.0,,812.4057156153847,10561.274303,39701.37150689866,1.1715412999983528,cpu,0,0,13,0,0,434,386,dbc2410062cd54ef42aab2386c7e3f91784cf9bdb9913a67cd28fcbd825c381c,42372509605bc9cbcb2ec57dc95549537c2138ca15a87566cece23ff96c5b9a2,6715d13abf8c010f2fc2139cfe9e5000ccff9f61dab7250fd98e80a0d028ae32,5,recovered_practice_engine_local,grid_v1,mec_center,13,0,2520.719283760661,2520.719283760661,0.0,0,0,19.43922383005866,0,8931.011564,1061.1188820000011,0.0,0.0,569.143856999999,0.0
54,97d80d4f862e21ec78a03669b6b7714d8c40b51a8a699ba5ea7c5388c456ab65,sha256_new_design,4,P4_diagnostic_v1_grid_v1_nccp,FULL_CLEAR,user_exit,13,13,1.0,,807.8046129230769,10501.459968,39452.29982954134,1.1099016000007396,cpu,0,0,13,0,0,432,386,2bb2bec8100fb608e61b78d1fc3a58e8ae43a7c0a3b90f60455a9e3f20d649e4,42372509605bc9cbcb2ec57dc95549537c2138ca15a87566cece23ff96c5b9a2,6715d13abf8c010f2fc2139cfe9e5000ccff9f61dab7250fd98e80a0d028ae32,5,recovered_practice_engine_local,grid_v1,nccp,13,0,2476.978895352769,2578.6400202110126,101.66112485824326,0,0,19.999,0,8934.013551999999,1007.0506370000007,0.0,0.0,560.3957789999988,1.8189894035458565e-12
55,d770912cb60bc809ff0ade4c922fa2e48f49e08e760e10f39b6fad070001ae79,sha256_new_design,4,P4_diagnostic_v1_grid_v1,FULL_CLEAR,user_exit,15,15,1.0,,822.88161,12343.22415,45626.12073256219,1.6263718000045628,cpu,0,0,15,0,2,531,488,dbc2410062cd54ef42aab2386c7e3f91784cf9bdb9913a67cd28fcbd825c381c,b9067509da0cb9d7d1696aff35bb7a1b9193ebbedf930d5026f9cdf5a9930b5d,6715d13abf8c010f2fc2139cfe9e5000ccff9f61dab7250fd98e80a0d028ae32,13,recovered_practice_engine_local,grid_v1,mec_center,15,0,3121.480888625072,3121.480888625072,0.0,0,0,19.369982827148487,0,10059.258220000002,1376.8623909999997,207.8073599999998,0.0,699.2961789999996,0.0
55,d770912cb60bc809ff0ade4c922fa2e48f49e08e760e10f39b6fad070001ae79,sha256_new_design,4,P4_diagnostic_v1_grid_v1_nccp,FULL_CLEAR,user_exit,15,15,1.0,,820.2371415333333,12303.557123,45427.785625431614,1.649375400003919,cpu,0,0,15,0,2,531,488,2bb2bec8100fb608e61b78d1fc3a58e8ae43a7c0a3b90f60455a9e3f20d649e4,b9067509da0cb9d7d1696aff35bb7a1b9193ebbedf930d5026f9cdf5a9930b5d,6715d13abf8c010f2fc2139cfe9e5000ccff9f61dab7250fd98e80a0d028ae32,13,recovered_practice_engine_local,grid_v1,nccp,15,0,3012.116483331648,3119.912365528581,107.79588219693302,0,0,19.999,0,10044.933512000005,1374.2269409999972,206.97337499999958,0.0,677.4232949999996,1.8189894035458565e-12
56,784f17a46998e17f112cffa6f4e7c8e56588c8dabd3aa02ebb1c32e44a3ffb1e,sha256_new_design,4,P4_diagnostic_v1_grid_v1,FULL_CLEAR,user_exit,10,10,1.0,,1274.0392531,12740.392531,44951.96265550908,1.2781738999983645,cpu,0,0,10,0,4,624,580,dbc2410062cd54ef42aab2386c7e3f91784cf9bdb9913a67cd28fcbd825c381c,d1908748404f3cb4c35f25551aec31a3a47a60e2a82e6d00e30f2655532d28cc,6715d13abf8c010f2fc2139cfe9e5000ccff9f61dab7250fd98e80a0d028ae32,8,recovered_practice_engine_local,grid_v1,mec_center,10,0,1352.6306262284584,1352.6306262284584,0.0,0,0,18.257807309285205,0,10609.083243,1241.6381839999997,569.1449799999989,0.0,320.52612400000135,0.0
56,784f17a46998e17f112cffa6f4e7c8e56588c8dabd3aa02ebb1c32e44a3ffb1e,sha256_new_design,4,P4_diagnostic_v1_grid_v1_nccp,FULL_CLEAR,user_exit,10,10,1.0,,1272.3584566,12723.584566,44867.92282596481,1.2743810000029043,cpu,0,0,10,0,4,624,580,2bb2bec8100fb608e61b78d1fc3a58e8ae43a7c0a3b90f60455a9e3f20d649e4,d1908748404f3cb4c35f25551aec31a3a47a60e2a82e6d00e30f2655532d28cc,6715d13abf8c010f2fc2139cfe9e5000ccff9f61dab7250fd98e80a0d028ae32,8,recovered_practice_engine_local,grid_v1,nccp,10,0,1268.7542523508814,1352.6306262284584,83.87637387757687,0,0,19.998999999999995,0,10607.960286,1241.6463099999996,570.2271209999997,0.0,303.7508490000007,0.0
57,1548da85d6c6e39eb890c305e8d66c0fd204ecd3c3c6cc267e1a045f97fe7a4a,sha256_new_design,4,P4_diagnostic_v1_grid_v1,FULL_CLEAR,user_exit,16,16,1.0,,756.1027445,12097.643912,47838.21957717674,1.9231452000021818,cpu,2,70,34,20,5,408,356,dbc2410062cd54ef42aab2386c7e3f91784cf9bdb9913a67cd28fcbd825c381c,86e642d2d9db2b2ed9ac9886e9c79468f69954f6ae5dd97526659a1d2679e85f,6715d13abf8c010f2fc2139cfe9e5000ccff9f61dab7250fd98e80a0d028ae32,15,recovered_practice_engine_local,grid_v1,mec_center,14,0,2051.3055136935764,2051.3055136935764,0.0,0,0,19.597591035744937,0,8526.640618000001,2364.3519940000006,551.9161360000003,174.47406000000012,480.26110399999834,0.0
57,1548da85d6c6e39eb890c305e8d66c0fd204ecd3c3c6cc267e1a045f97fe7a4a,sha256_new_design,4,P4_diagnostic_v1_grid_v1_nccp,FULL_CLEAR,user_exit,16,16,1.0,,755.8519194375,12093.630711,47803.15357460988,1.8759652000007918,cpu,2,54,35,21,5,408,356,2bb2bec8100fb608e61b78d1fc3a58e8ae43a7c0a3b90f60455a9e3f20d649e4,86e642d2d9db2b2ed9ac9886e9c79468f69954f6ae5dd97526659a1d2679e85f,6715d13abf8c010f2fc2139cfe9e5000ccff9f61dab7250fd98e80a0d028ae32,15,recovered_practice_engine_local,grid_v1,nccp,14,0,1918.2930982735627,2051.3055136935764,133.01241542001378,0,0,19.999,0,8517.165998,2365.4486320000005,584.281176,173.07628499999998,453.6586199999997,0.0
58,3968cf2f68f506d6ea7ca59ddf7bfa1c70cb5ca081c7faf38d6551380c551f9d,sha256_new_design,4,P4_diagnostic_v1_grid_v1,FULL_CLEAR,user_exit,14,14,1.0,,800.9960661428571,11213.944926,39279.724644049384,1.6163976999960141,cpu,0,0,14,0,0,555,513,dbc2410062cd54ef42aab2386c7e3f91784cf9bdb9913a67cd28fcbd825c381c,4ac2b71cd264d1aa3b69a44a6fa7f85277ae096d28694fd11bb5e295eced9237,6715d13abf8c010f2fc2139cfe9e5000ccff9f61dab7250fd98e80a0d028ae32,3,recovered_practice_engine_local,grid_v1,mec_center,14,0,4036.1857895147236,4036.1857895147236,0.0,0,0,19.204519487790378,0,9362.040222000001,974.6675469999996,0.0,0.0,877.2371569999995,0.0
58,3968cf2f68f506d6ea7ca59ddf7bfa1c70cb5ca081c7faf38d6551380c551f9d,sha256_new_design,4,P4_diagnostic_v1_grid_v1_nccp,FULL_CLEAR,user_exit,14,14,1.0,,800.1682377857143,11202.355329,39221.77664019491,1.636226299997361,cpu,0,0,14,0,0,555,513,2bb2bec8100fb608e61b78d1fc3a58e8ae43a7c0a3b90f60455a9e3f20d649e4,4ac2b71cd264d1aa3b69a44a6fa7f85277ae096d28694fd11bb5e295eced9237,6715d13abf8c010f2fc2139cfe9e5000ccff9f61dab7250fd98e80a0d028ae32,3,recovered_practice_engine_local,grid_v1,nccp,14,0,3931.992198193166,4031.6123105632864,99.62011237012035,0,0,19.99899999999999,0,9371.101067,974.8558209999997,0.0,0.0,856.3984409999999,1.8189894035458565e-12
59,c5a6a4109c0888085001a62e9a939573dfc3a9188630cddb899dfb7c060e27dd,sha256_new_design,4,P4_diagnostic_v1_grid_v1,FULL_CLEAR,user_exit,15,15,1.0,,740.2718804,11104.078206,43450.39102141641,1.3146114999981364,cpu,0,0,15,0,3,398,349,dbc2410062cd54ef42aab2386c7e3f91784cf9bdb9913a67cd28fcbd825c381c,b4a056ee4688632a1689a9968d96b45f911d4d4af2b64a161d21424c80cefb33,6715d13abf8c010f2fc2139cfe9e5000ccff9f61dab7250fd98e80a0d028ae32,12,recovered_practice_engine_local,grid_v1,mec_center,15,0,3702.9795712026207,3702.9795712026207,0.0,0,0,19.08524118316595,0,8239.740308,1642.0309100000013,406.71107199999915,0.0,815.5959159999987,1.8189894035458565e-12
59,c5a6a4109c0888085001a62e9a939573dfc3a9188630cddb899dfb7c060e27dd,sha256_new_design,4,P4_diagnostic_v1_grid_v1_nccp,FULL_CLEAR,user_exit,15,15,1.0,,738.2164948000001,11073.247422,43296.23710094129,1.2391574000066612,cpu,0,0,15,0,3,398,349,2bb2bec8100fb608e61b78d1fc3a58e8ae43a7c0a3b90f60455a9e3f20d649e4,b4a056ee4688632a1689a9968d96b45f911d4d4af2b64a161d21424c80cefb33,6715d13abf8c010f2fc2139cfe9e5000ccff9f61dab7250fd98e80a0d028ae32,12,recovered_practice_engine_local,grid_v1,nccp,15,0,3573.98506510982,3703.0109765694756,129.02591145965596,0,0,19.998999999999995,0,8235.934217000002,1640.80512,406.7110720000003,0.0,789.7970129999994,1.8189894035458565e-12
60,1c98b0acecb38f668a506387b2098fa851a68592867cb74166ab0144c4605406,sha256_new_design,4,P4_diagnostic_v1_grid_v1,FULL_CLEAR,user_exit,10,10,1.0,,1141.6839261,11416.839261,39424.19631816331,1.098527699999977,cpu,0,0,10,0,0,588,542,dbc2410062cd54ef42aab2386c7e3f91784cf9bdb9913a67cd28fcbd825c381c,6ce123ebd166873ba54fb52c39a043da726c64ff9f5fd93330e6acaf58b76233,6715d13abf8c010f2fc2139cfe9e5000ccff9f61dab7250fd98e80a0d028ae32,1,recovered_practice_engine_local,grid_v1,mec_center,10,0,947.6345633076459,947.6345633076459,0.0,0,0,18.10962182641445,0,9823.001465,1354.3108849999999,0.0,0.0,239.5269110000001,1.8189894035458565e-12
60,1c98b0acecb38f668a506387b2098fa851a68592867cb74166ab0144c4605406,sha256_new_design,4,P4_diagnostic_v1_grid_v1_nccp,FULL_CLEAR,user_exit,10,10,1.0,,1142.2777126,11422.777126,39453.885614574465,1.1026215000019874,cpu,0,0,10,0,0,588,542,2bb2bec8100fb608e61b78d1fc3a58e8ae43a7c0a3b90f60455a9e3f20d649e4,6ce123ebd166873ba54fb52c39a043da726c64ff9f5fd93330e6acaf58b76233,6715d13abf8c010f2fc2139cfe9e5000ccff9f61dab7250fd98e80a0d028ae32,1,recovered_practice_engine_local,grid_v1,nccp,10,0,876.2466596019352,955.0440454066111,78.7973858046758,0,0,19.998999999999995,0,9819.191752,1378.3360400000001,0.0,0.0,225.2493339999997,0.0
61,04ac3add1ca2a7a7ca96c56bf0bc4d9964d00237856b65c412634d286fd42a97,sha256_new_design,4,P4_diagnostic_v1_grid_v1,FULL_CLEAR,user_exit,14,14,1.0,,855.6547708571428,11979.166792,44940.8339575989,1.519437900002231,cpu,1,36,31,18,6,486,440,dbc2410062cd54ef42aab2386c7e3f91784cf9bdb9913a67cd28fcbd825c381c,899696fc15f933af11c200108cc55473c618d269eccece31995796a581f59d75,6715d13abf8c010f2fc2139cfe9e5000ccff9f61dab7250fd98e80a0d028ae32,12,recovered_practice_engine_local,grid_v1,mec_center,13,0,1971.9201583647286,1971.9201583647286,0.0,0,0,19.936219300304135,0,9587.586281,1103.7651610000003,684.4139730000004,144.01734599999963,459.3840309999995,1.8189894035458565e-12
61,04ac3add1ca2a7a7ca96c56bf0bc4d9964d00237856b65c412634d286fd42a97,sha256_new_design,4,P4_diagnostic_v1_grid_v1_nccp,FULL_CLEAR,user_exit,14,14,1.0,,891.2199558571428,12477.079382,45990.39691471586,1.5477760000067065,cpu,1,390,127,114,5,486,440,2bb2bec8100fb608e61b78d1fc3a58e8ae43a7c0a3b90f60455a9e3f20d649e4,899696fc15f933af11c200108cc55473c618d269eccece31995796a581f59d75,6715d13abf8c010f2fc2139cfe9e5000ccff9f61dab7250fd98e80a0d028ae32,12,recovered_practice_engine_local,grid_v1,nccp,13,0,1663.0323632697557,1813.1018329293108,150.0694696595551,0,0,19.998999999999974,0,9579.011838,1100.115310000003,488.36683600000015,911.9789269999999,397.6064709999965,1.8189894035458565e-12
62,a86cc0ddc589b07998f70774bf0f3a594106c04cc5bcc3536ceddfb336ee01b7,sha256_new_design,4,P4_diagnostic_v1_grid_v1,FULL_CLEAR,user_exit,11,11,1.0,,1073.1586055454545,11804.744661,39438.72331378818,1.272201200001291,cpu,0,0,11,0,1,651,607,dbc2410062cd54ef42aab2386c7e3f91784cf9bdb9913a67cd28fcbd825c381c,e2eca2b9236fd798d19a7c839186f032c22b4998885b738ea99a8cf11b5fc48d,6715d13abf8c010f2fc2139cfe9e5000ccff9f61dab7250fd98e80a0d028ae32,10,recovered_practice_engine_local,grid_v1,mec_center,11,0,1655.707590761926,1655.707590761926,0.0,0,0,19.82427162861229,0,10309.595966000003,1083.5725829999988,25.43459399999938,0.0,386.1415180000006,0.0
62,a86cc0ddc589b07998f70774bf0f3a594106c04cc5bcc3536ceddfb336ee01b7,sha256_new_design,4,P4_diagnostic_v1_grid_v1_nccp,FULL_CLEAR,user_exit,11,11,1.0,,1070.512898,11775.641878,39293.209399352614,1.275626900001953,cpu,0,0,11,0,1,651,607,2bb2bec8100fb608e61b78d1fc3a58e8ae43a7c0a3b90f60455a9e3f20d649e4,e2eca2b9236fd798d19a7c839186f032c22b4998885b738ea99a8cf11b5fc48d,6715d13abf8c010f2fc2139cfe9e5000ccff9f61dab7250fd98e80a0d028ae32,10,recovered_practice_engine_local,grid_v1,nccp,11,0,1555.540453506124,1646.8457973315399,91.3053438254161,0,0,19.999,0,10300.900657999999,1083.1985360000003,25.43459399999938,0.0,366.10809000000165,1.8189894035458565e-12
63,6364202139a56f22a4593bac2c2b49a74274a633454c597e722f367556ec01c1,sha256_new_design,4,P4_diagnostic_v1_grid_v1,FULL_CLEAR,user_exit,11,11,1.0,,1110.091785,12211.009635,43150.04816950354,1.1027284000010695,cpu,0,0,11,0,3,595,551,dbc2410062cd54ef42aab2386c7e3f91784cf9bdb9913a67cd28fcbd825c381c,52a1582e60ba78e376acdbe853ec6437ad6766e874b6192c11c023a7a9e3fbb0,6715d13abf8c010f2fc2139cfe9e5000ccff9f61dab7250fd98e80a0d028ae32,4,recovered_practice_engine_local,grid_v1,mec_center,11,0,1231.0457881273912,1231.0457881273912,0.0,0,0,17.139090645173,0,10323.414002000001,1237.540653,348.8458230000001,0.0,301.2091569999996,0.0
63,6364202139a56f22a4593bac2c2b49a74274a633454c597e722f367556ec01c1,sha256_new_design,4,P4_diagnostic_v1_grid_v1_nccp,FULL_CLEAR,user_exit,11,11,1.0,,1108.5573136363637,12194.13045,43065.65223896338,1.115490600001067,cpu,0,0,11,0,3,595,551,2bb2bec8100fb608e61b78d1fc3a58e8ae43a7c0a3b90f60455a9e3f20d649e4,52a1582e60ba78e376acdbe853ec6437ad6766e874b6192c11c023a7a9e3fbb0,6715d13abf8c010f2fc2139cfe9e5000ccff9f61dab7250fd98e80a0d028ae32,4,recovered_practice_engine_local,grid_v1,nccp,11,0,1151.1297287897846,1230.3188586347592,79.18912984497449,1,0,19.998999999999985,0,10321.250449000001,1237.8543369999982,349.7997180000002,0.0,285.22594600000133,0.0
64,6a46f19ac7726ada9a0bbf3eaba282bef248e1c8b236c96880d8892ff792eb7f,sha256_new_design,4,P4_diagnostic_v1_grid_v1,FULL_CLEAR,user_exit,13,13,1.0,,887.9714825384616,11543.629273,42498.14636025669,1.2629661000028136,cpu,0,0,13,0,0,504,459,dbc2410062cd54ef42aab2386c7e3f91784cf9bdb9913a67cd28fcbd825c381c,d73619ab669cc96d4cff15aaa4223b6611422415b10fda2114890a19a98525ae,6715d13abf8c010f2fc2139cfe9e5000ccff9f61dab7250fd98e80a0d028ae32,4,recovered_practice_engine_local,grid_v1,mec_center,13,0,2666.868657702861,2666.868657702861,0.0,0,0,19.640798340129365,0,9561.552043000002,1383.7034970000009,0.0,0.0,598.3737329999988,0.0
64,6a46f19ac7726ada9a0bbf3eaba282bef248e1c8b236c96880d8892ff792eb7f,sha256_new_design,4,P4_diagnostic_v1_grid_v1_nccp,FULL_CLEAR,user_exit,13,13,1.0,,886.3803503076923,11522.944554,42394.72277583652,1.2476919000037014,cpu,0,0,13,0,0,504,459,2bb2bec8100fb608e61b78d1fc3a58e8ae43a7c0a3b90f60455a9e3f20d649e4,d73619ab669cc96d4cff15aaa4223b6611422415b10fda2114890a19a98525ae,6715d13abf8c010f2fc2139cfe9e5000ccff9f61dab7250fd98e80a0d028ae32,4,recovered_practice_engine_local,grid_v1,nccp,13,0,2562.908003062856,2659.8776503498993,96.9696472870427,0,0,19.998999999999985,0,9559.531317,1385.831635999999,0.0,0.0,577.5816010000003,0.0
65,7b1f6f8cec673f9fcfd66ebb3b5a98ca08252f4c39a8a24ec462f46b685823a7,sha256_new_design,4,P4_diagnostic_v1_grid_v1,FULL_CLEAR,user_exit,13,13,1.0,,913.5683223076923,11876.38819,42781.94093948086,1.772268399996392,cpu,0,0,13,0,2,551,500,dbc2410062cd54ef42aab2386c7e3f91784cf9bdb9913a67cd28fcbd825c381c,cd99119be822427a39e47316e324da49429f50501042e5972ffa0256adf7febf,6715d13abf8c010f2fc2139cfe9e5000ccff9f61dab7250fd98e80a0d028ae32,13,recovered_practice_engine_local,grid_v1,mec_center,13,0,1712.9949825557503,1712.9949825557503,0.0,0,0,17.340868611071215,0,9585.630153,1718.7360539999993,164.42298600000004,0.0,407.59899700000074,0.0
65,7b1f6f8cec673f9fcfd66ebb3b5a98ca08252f4c39a8a24ec462f46b685823a7,sha256_new_design,4,P4_diagnostic_v1_grid_v1_nccp,FULL_CLEAR,user_exit,13,13,1.0,,910.2293774615384,11832.981907,42564.90953687621,1.7728829999978188,cpu,0,0,13,0,2,551,500,2bb2bec8100fb608e61b78d1fc3a58e8ae43a7c0a3b90f60455a9e3f20d649e4,cd99119be822427a39e47316e324da49429f50501042e5972ffa0256adf7febf,6715d13abf8c010f2fc2139cfe9e5000ccff9f61dab7250fd98e80a0d028ae32,13,recovered_practice_engine_local,grid_v1,nccp,13,0,1564.7581062984978,1710.382697634164,145.62459133566634,1,0,19.998999999999995,0,9578.078739999997,1712.5285590000008,164.42298600000004,0.0,377.9516220000014,1.8189894035458565e-12
66,4f2b105f432e2c81de6bcb11748644a3781d1423ebabe2231c9c704099697fc3,sha256_new_design,4,P4_diagnostic_v1_grid_v1,FULL_CLEAR,user_exit,15,15,1.0,,809.097227,12136.458405,43792.29201308443,2.061653099997784,cpu,0,0,15,0,7,558,513,dbc2410062cd54ef42aab2386c7e3f91784cf9bdb9913a67cd28fcbd825c381c,5de887e7367ca894ec30e9d7e4e576ae175899c95ddd78a558824a4f120c936a,6715d13abf8c010f2fc2139cfe9e5000ccff9f61dab7250fd98e80a0d028ae32,10,recovered_practice_engine_local,grid_v1,mec_center,15,0,2906.582365549677,2906.582365549677,0.0,0,0,17.46475695572463,0,9851.577293999997,1018.5314599999992,610.0331770000016,0.0,656.3164740000018,0.0
66,4f2b105f432e2c81de6bcb11748644a3781d1423ebabe2231c9c704099697fc3,sha256_new_design,4,P4_diagnostic_v1_grid_v1_nccp,FULL_CLEAR,user_exit,15,15,1.0,,806.5806186000001,12098.709279,43603.54640119319,2.0622321000046213,cpu,0,0,15,0,7,558,513,2bb2bec8100fb608e61b78d1fc3a58e8ae43a7c0a3b90f60455a9e3f20d649e4,5de887e7367ca894ec30e9d7e4e576ae175899c95ddd78a558824a4f120c936a,6715d13abf8c010f2fc2139cfe9e5000ccff9f61dab7250fd98e80a0d028ae32,10,recovered_practice_engine_local,grid_v1,nccp,15,0,2776.4747815591954,2909.7100135794526,133.23523202025774,1,0,19.99899999999999,0,9839.605554,1018.531460000002,610.2773089999991,0.0,630.2949559999995,0.0
67,f970dc1fa6e82813e7d955be7a2c784895fbe642d9614d3dabb44caf93fb0afd,sha256_new_design,4,P4_diagnostic_v1_grid_v1,FULL_CLEAR,user_exit,12,12,1.0,,937.2677700833333,11247.213241,39166.066204343944,1.0550261000025785,cpu,0,0,12,0,2,566,524,dbc2410062cd54ef42aab2386c7e3f91784cf9bdb9913a67cd28fcbd825c381c,108439d2c2225ccd01448019c75a24c6871b2f7372b2f85deb6d82143b0af033,6715d13abf8c010f2fc2139cfe9e5000ccff9f61dab7250fd98e80a0d028ae32,8,recovered_practice_engine_local,grid_v1,mec_center,12,0,2647.571934905416,2647.571934905416,0.0,0,0,17.262998961341772,0,9014.65329,1449.5358,193.5097650000007,0.0,589.514385999998,1.8189894035458565e-12
67,f970dc1fa6e82813e7d955be7a2c784895fbe642d9614d3dabb44caf93fb0afd,sha256_new_design,4,P4_diagnostic_v1_grid_v1_nccp,FULL_CLEAR,user_exit,12,12,1.0,,935.4031109166667,11224.837331,39054.18662878971,1.0321619999958784,cpu,0,0,12,0,2,566,524,2bb2bec8100fb608e61b78d1fc3a58e8ae43a7c0a3b90f60455a9e3f20d649e4,108439d2c2225ccd01448019c75a24c6871b2f7372b2f85deb6d82143b0af033,6715d13abf8c010f2fc2139cfe9e5000ccff9f61dab7250fd98e80a0d028ae32,8,recovered_practice_engine_local,grid_v1,nccp,12,0,2559.5360390431306,2648.231261152172,88.69522210904013,0,0,19.998999999999988,0,9009.967665,1449.452692,193.50976499999888,0.0,571.907209000001,0.0
68,0a43a4c70fbb7645f951ca49e6bd9ea6b1532e2d1b325ec3dc7b730b65505ea5,sha256_new_design,4,P4_diagnostic_v1_grid_v1,FULL_CLEAR,user_exit,15,15,1.0,,790.4935928666667,11857.403893,44952.01946370819,1.6672111000007135,cpu,0,0,15,0,0,473,427,dbc2410062cd54ef42aab2386c7e3f91784cf9bdb9913a67cd28fcbd825c381c,cac1a87dc80108482075945ff45dbfc7346e11a2af5c4d46643f80711e8e9002,6715d13abf8c010f2fc2139cfe9e5000ccff9f61dab7250fd98e80a0d028ae32,6,recovered_practice_engine_local,grid_v1,mec_center,15,0,1417.0718926395252,1417.0718926395252,0.0,0,0,19.896786486833832,0,9694.569061999999,1804.420453,0.0,0.0,358.41437800000085,0.0
68,0a43a4c70fbb7645f951ca49e6bd9ea6b1532e2d1b325ec3dc7b730b65505ea5,sha256_new_design,4,P4_diagnostic_v1_grid_v1_nccp,FULL_CLEAR,user_exit,15,15,1.0,,788.4575093333333,11826.86264,44774.313206002866,1.6883559999987483,cpu,0,0,15,0,0,474,427,2bb2bec8100fb608e61b78d1fc3a58e8ae43a7c0a3b90f60455a9e3f20d649e4,cac1a87dc80108482075945ff45dbfc7346e11a2af5c4d46643f80711e8e9002,6715d13abf8c010f2fc2139cfe9e5000ccff9f61dab7250fd98e80a0d028ae32,6,recovered_practice_engine_local,grid_v1,nccp,15,0,1276.6257071097368,1419.9451154109545,143.31940830121786,0,0,19.999,0,9690.570139000001,1805.967358999996,0.0,0.0,330.3251420000024,0.0
69,8df8a0ae76a4cd281a0b7a15188ee2a7fd08f5b90969ffcc7ae815f4f5366ebc,sha256_new_design,4,P4_diagnostic_v1_grid_v1,FULL_CLEAR,user_exit,10,10,1.0,,1149.4759851000001,11494.759851,38523.79924972979,1.0991395999953966,cpu,0,0,10,0,2,630,590,dbc2410062cd54ef42aab2386c7e3f91784cf9bdb9913a67cd28fcbd825c381c,92141435f9e5664613a876ad7b4db114915f370c6e8dd0d828d8ebb3dbf9a549,6715d13abf8c010f2fc2139cfe9e5000ccff9f61dab7250fd98e80a0d028ae32,4,recovered_practice_engine_local,grid_v1,mec_center,10,0,876.1801602856472,876.1801602856472,0.0,0,0,17.273601872504706,0,9898.969137,1126.0406279999997,244.51405299999988,0.0,225.2360330000006,1.8189894035458565e-12
69,8df8a0ae76a4cd281a0b7a15188ee2a7fd08f5b90969ffcc7ae815f4f5366ebc,sha256_new_design,4,P4_diagnostic_v1_grid_v1_nccp,FULL_CLEAR,user_exit,10,10,1.0,,1147.0148916,11470.148916,38400.7445732539,1.1644133999943733,cpu,0,0,10,0,2,630,590,2bb2bec8100fb608e61b78d1fc3a58e8ae43a7c0a3b90f60455a9e3f20d649e4,92141435f9e5664613a876ad7b4db114915f370c6e8dd0d828d8ebb3dbf9a549,6715d13abf8c010f2fc2139cfe9e5000ccff9f61dab7250fd98e80a0d028ae32,4,recovered_practice_engine_local,grid_v1,nccp,10,0,788.4423672529726,871.8978560700259,83.45548881705331,1,0,19.99899999999999,0,9893.996783999999,1125.661729999999,242.80192899999975,0.0,207.68847300000164,0.0
70,d6f2558171a603d648294fa0805c6f4c91104f70676decf9a07de4030717734f,sha256_new_design,4,P4_diagnostic_v1_grid_v1,FULL_CLEAR,user_exit,13,13,1.0,,914.6674173076923,11890.676425,45593.382107509606,1.1511943000004976,cpu,0,0,13,0,3,459,412,dbc2410062cd54ef42aab2386c7e3f91784cf9bdb9913a67cd28fcbd825c381c,49d7c81a9fb547e41f1d5594e27c062b6ff5b1ffab546e0aed1173481721e277,6715d13abf8c010f2fc2139cfe9e5000ccff9f61dab7250fd98e80a0d028ae32,4,recovered_practice_engine_local,grid_v1,mec_center,13,0,2876.7948803964673,2876.7948803964673,0.0,0,0,19.44647373427199,0,9653.957697,1125.811768,470.5479830000004,0.0,640.3589770000007,0.0
70,d6f2558171a603d648294fa0805c6f4c91104f70676decf9a07de4030717734f,sha256_new_design,4,P4_diagnostic_v1_grid_v1_nccp,FULL_CLEAR,user_exit,13,13,1.0,,913.3480321538462,11873.524418,45507.62207882514,1.1484842999998364,cpu,0,0,13,0,3,459,412,2bb2bec8100fb608e61b78d1fc3a58e8ae43a7c0a3b90f60455a9e3f20d649e4,49d7c81a9fb547e41f1d5594e27c062b6ff5b1ffab546e0aed1173481721e277,6715d13abf8c010f2fc2139cfe9e5000ccff9f61dab7250fd98e80a0d028ae32,4,recovered_practice_engine_local,grid_v1,nccp,13,0,2777.5980251121246,2883.9532525629775,106.35522745085275,0,0,19.999,0,9652.390995000002,1130.5770590000002,470.0367579999993,0.0,620.5196060000002,1.8189894035458565e-12
71,f6d3e037aa23c2a3ae9351cd4cc855074d8b9c0a4a96d52b720e802c7f742889,sha256_new_design,4,P4_diagnostic_v1_grid_v1,FULL_CLEAR,user_exit,11,11,1.0,,983.4985635454545,10818.484199,37777.420985872595,0.8892315000048256,cpu,0,0,11,0,0,542,498,dbc2410062cd54ef42aab2386c7e3f91784cf9bdb9913a67cd28fcbd825c381c,3f0c027783501db9e87d09f088ccc2a00e5d03375728d5c3d0bcd16d32921eaf,6715d13abf8c010f2fc2139cfe9e5000ccff9f61dab7250fd98e80a0d028ae32,1,recovered_practice_engine_local,grid_v1,mec_center,10,1,2096.8526600678497,2096.8526600678497,0.0,0,0,16.57069729071112,0,9326.605686,1017.5079800000007,0.0,0.0,474.37053299999945,0.0
71,f6d3e037aa23c2a3ae9351cd4cc855074d8b9c0a4a96d52b720e802c7f742889,sha256_new_design,4,P4_diagnostic_v1_grid_v1_nccp,FULL_CLEAR,user_exit,11,11,1.0,,980.8302932727273,10789.133226,37630.666113811785,0.925351199999568,cpu,0,0,11,0,0,542,498,2bb2bec8100fb608e61b78d1fc3a58e8ae43a7c0a3b90f60455a9e3f20d649e4,3f0c027783501db9e87d09f088ccc2a00e5d03375728d5c3d0bcd16d32921eaf,6715d13abf8c010f2fc2139cfe9e5000ccff9f61dab7250fd98e80a0d028ae32,1,recovered_practice_engine_local,grid_v1,nccp,10,1,1989.9151689059358,2092.0458802016574,102.13071129572185,0,0,19.998999999999995,0,9324.112137,1012.0380540000007,0.0,0.0,452.9830349999994,0.0
72,f59ab0da552f2688f3af556b17b3b265716e331184fb2d18ec7c83f5904ef598,sha256_new_design,4,P4_diagnostic_v1_grid_v1,FULL_CLEAR,user_exit,13,13,1.0,,977.9086483846154,12712.812429,48464.06214094638,1.3769765000033658,cpu,2,56,28,17,10,493,445,dbc2410062cd54ef42aab2386c7e3f91784cf9bdb9913a67cd28fcbd825c381c,c1da1d5a42acdac75a450bdeab7862df17c222a8cf69ebe03619d414c9b82cd4,6715d13abf8c010f2fc2139cfe9e5000ccff9f61dab7250fd98e80a0d028ae32,9,recovered_practice_engine_local,grid_v1,mec_center,11,0,2481.4569801890375,2481.4569801890375,0.0,0,0,19.555090780134343,0,9829.266324999999,921.3613999999986,1143.352157,267.54115200000024,551.2913950000016,1.8189894035458565e-12
72,f59ab0da552f2688f3af556b17b3b265716e331184fb2d18ec7c83f5904ef598,sha256_new_design,4,P4_diagnostic_v1_grid_v1_nccp,FULL_CLEAR,user_exit,13,13,1.0,,976.3254529230769,12692.230888,48361.154433957665,1.7765263000037521,cpu,2,56,28,17,10,493,445,2bb2bec8100fb608e61b78d1fc3a58e8ae43a7c0a3b90f60455a9e3f20d649e4,c1da1d5a42acdac75a450bdeab7862df17c222a8cf69ebe03619d414c9b82cd4,6715d13abf8c010f2fc2139cfe9e5000ccff9f61dab7250fd98e80a0d028ae32,9,recovered_practice_engine_local,grid_v1,nccp,11,0,2380.26912551619,2477.5865861342213,97.3174606180312,1,0,19.998999999999995,0,9827.179553,919.7815809999993,1146.2571910000001,267.9587369999999,531.053826000001,0.0
73,b90746144e04c8b3da88845b056839d55e673a696c9bea054537e2619e298b55,sha256_new_design,4,P4_diagnostic_v1_grid_v1,FULL_CLEAR,user_exit,11,11,1.0,,1071.2954205454546,11784.249626,41176.24812297357,1.5829355000023497,cpu,0,0,11,0,1,590,544,dbc2410062cd54ef42aab2386c7e3f91784cf9bdb9913a67cd28fcbd825c381c,644abd798c09d659eb2c27cc2e2bf5809898e916172777c75df2137974fe4514,6715d13abf8c010f2fc2139cfe9e5000ccff9f61dab7250fd98e80a0d028ae32,8,recovered_practice_engine_local,grid_v1,mec_center,11,0,1727.63833784179,1727.63833784179,0.0,0,0,18.11336316650993,0,10046.886291,1221.513339,115.32232899999963,0.0,400.5276670000002,1.8189894035458565e-12
73,b90746144e04c8b3da88845b056839d55e673a696c9bea054537e2619e298b55,sha256_new_design,4,P4_diagnostic_v1_grid_v1_nccp,FULL_CLEAR,user_exit,11,11,1.0,,1069.0275663636364,11759.30323,41051.51614453027,1.5626908999984153,cpu,0,0,11,0,1,590,544,2bb2bec8100fb608e61b78d1fc3a58e8ae43a7c0a3b90f60455a9e3f20d649e4,644abd798c09d659eb2c27cc2e2bf5809898e916172777c75df2137974fe4514,6715d13abf8c010f2fc2139cfe9e5000ccff9f61dab7250fd98e80a0d028ae32,8,recovered_practice_engine_local,grid_v1,nccp,11,0,1635.1011026113422,1728.56719647491,93.46609386356772,0,0,19.99899999999998,0,10039.646557999997,1221.4837080000016,116.15274299999965,0.0,382.0202210000009,0.0
74,fdbb8d8266f5a47c3c578640e5e4ffd0a98da717683991aece971d993d198374,sha256_new_design,4,P4_diagnostic_v1_grid_v1,FULL_CLEAR,user_exit,16,16,1.0,,657.009977875,10512.159646,42455.79822960866,1.6984984999944572,cpu,0,0,16,0,0,332,281,dbc2410062cd54ef42aab2386c7e3f91784cf9bdb9913a67cd28fcbd825c381c,a66bb4a583dcc01657be6ba0d57873666620691ecc879cc44c82362b81c4f94b,6715d13abf8c010f2fc2139cfe9e5000ccff9f61dab7250fd98e80a0d028ae32,2,recovered_practice_engine_local,grid_v1,mec_center,15,1,3536.1867103138866,3536.1867103138866,0.0,0,0,19.4094142022435,0,8280.764885,1444.1574189999992,0.0,0.0,787.237342,0.0
74,fdbb8d8266f5a47c3c578640e5e4ffd0a98da717683991aece971d993d198374,sha256_new_design,4,P4_diagnostic_v1_grid_v1_nccp,FULL_CLEAR,user_exit,16,16,1.0,,655.528181625,10488.450906,42337.25452232501,1.6504478999995627,cpu,0,0,16,0,0,332,281,2bb2bec8100fb608e61b78d1fc3a58e8ae43a7c0a3b90f60455a9e3f20d649e4,a66bb4a583dcc01657be6ba0d57873666620691ecc879cc44c82362b81c4f94b,6715d13abf8c010f2fc2139cfe9e5000ccff9f61dab7250fd98e80a0d028ae32,2,recovered_practice_engine_local,grid_v1,nccp,15,1,3408.920909757345,3532.9878429010896,124.06693314374449,1,0,19.998999999999985,0,8277.487676,1449.1790479999986,0.0,0.0,761.7841820000002,1.8189894035458565e-12
75,9688e602a62469980db9a173df708fd85dd32e87295571c54d5956c015a8d3ed,sha256_new_design,4,P4_diagnostic_v1_grid_v1,FULL_CLEAR,user_exit,14,14,1.0,,806.7103223571429,11293.944513,42639.72256510523,1.489322200002789,cpu,0,0,14,0,0,457,411,dbc2410062cd54ef42aab2386c7e3f91784cf9bdb9913a67cd28fcbd825c381c,bc68b34516487377c350d0c9cf32792858289b2012aa02e3d43f8d58660906a9,6715d13abf8c010f2fc2139cfe9e5000ccff9f61dab7250fd98e80a0d028ae32,11,recovered_practice_engine_local,grid_v1,mec_center,14,0,2124.1012001766294,2124.1012001766294,0.0,0,0,18.22392226851376,0,9077.025299,1722.098973999999,0.0,0.0,494.8202399999992,1.8189894035458565e-12
75,9688e602a62469980db9a173df708fd85dd32e87295571c54d5956c015a8d3ed,sha256_new_design,4,P4_diagnostic_v1_grid_v1_nccp,FULL_CLEAR,user_exit,14,14,1.0,,804.3586540714285,11261.021157,42475.10578862299,1.6633223000026192,cpu,0,0,14,0,0,457,411,2bb2bec8100fb608e61b78d1fc3a58e8ae43a7c0a3b90f60455a9e3f20d649e4,bc68b34516487377c350d0c9cf32792858289b2012aa02e3d43f8d58660906a9,6715d13abf8c010f2fc2139cfe9e5000ccff9f61dab7250fd98e80a0d028ae32,11,recovered_practice_engine_local,grid_v1,nccp,14,0,2005.6951883859133,2125.976384813287,120.28119642737367,0,0,19.998999999999974,0,9072.248096000001,1717.6340230000005,0.0,0.0,471.1390379999983,0.0
76,203900a04f3213c83cfd64fcde62304947dcfa0b0e564a2484b2ca9f30079ac5,sha256_new_design,4,P4_diagnostic_v1_grid_v1,FULL_CLEAR,user_exit,15,15,1.0,,712.5263540666667,10687.895311,42974.47654914042,1.5101849999991828,cpu,1,72,21,7,4,341,295,dbc2410062cd54ef42aab2386c7e3f91784cf9bdb9913a67cd28fcbd825c381c,c694554abf7bd898b59d6601d64e0bbc8df95d166e6882998b159f54173998a5,6715d13abf8c010f2fc2139cfe9e5000ccff9f61dab7250fd98e80a0d028ae32,6,recovered_practice_engine_local,grid_v1,mec_center,14,0,3528.5733580405627,3528.5733580405627,0.0,0,0,19.675873940287484,0,8446.120232999998,1151.232028,263.9907039999998,50.83767499999999,775.7146710000018,0.0
76,203900a04f3213c83cfd64fcde62304947dcfa0b0e564a2484b2ca9f30079ac5,sha256_new_design,4,P4_diagnostic_v1_grid_v1_nccp,FULL_CLEAR,user_exit,15,15,1.0,,723.2611729333333,10848.917594,43809.58796216986,1.3618033999955514,cpu,1,18,19,5,4,341,295,2bb2bec8100fb608e61b78d1fc3a58e8ae43a7c0a3b90f60455a9e3f20d649e4,c694554abf7bd898b59d6601d64e0bbc8df95d166e6882998b159f54173998a5,6715d13abf8c010f2fc2139cfe9e5000ccff9f61dab7250fd98e80a0d028ae32,6,recovered_practice_engine_local,grid_v1,nccp,14,0,3405.8796155516784,3512.256167067533,106.3765515158538,0,0,19.998999999999995,0,8452.709378000003,1151.5318119999984,442.82418199999984,50.6762990000002,751.1759229999996,0.0
77,8c9018fdbc851f5eca97c37a399d64c2f8251ee55e80d15eba489fefe150ab1c,sha256_new_design,4,P4_diagnostic_v1_grid_v1,FULL_CLEAR,user_exit,13,13,1.0,,844.0388721538462,10972.505338,40982.52668008155,1.450240300000587,cpu,0,0,13,0,0,460,411,dbc2410062cd54ef42aab2386c7e3f91784cf9bdb9913a67cd28fcbd825c381c,f516e191debe8c3c45cb50b6ce0f484c1d3c6fa2475d254b4c2ca36a3051619b,6715d13abf8c010f2fc2139cfe9e5000ccff9f61dab7250fd98e80a0d028ae32,6,recovered_practice_engine_local,grid_v1,mec_center,13,0,2036.6161542745356,2036.6161542745356,0.0,0,0,18.752629164395874,0,9315.341144000002,1184.8409619999993,0.0,0.0,472.3232320000011,0.0
77,8c9018fdbc851f5eca97c37a399d64c2f8251ee55e80d15eba489fefe150ab1c,sha256_new_design,4,P4_diagnostic_v1_grid_v1_nccp,FULL_CLEAR,user_exit,13,13,1.0,,841.750715923077,10942.759307,40833.79653370209,1.4733871999997064,cpu,0,0,13,0,0,460,411,2bb2bec8100fb608e61b78d1fc3a58e8ae43a7c0a3b90f60455a9e3f20d649e4,f516e191debe8c3c45cb50b6ce0f484c1d3c6fa2475d254b4c2ca36a3051619b,6715d13abf8c010f2fc2139cfe9e5000ccff9f61dab7250fd98e80a0d028ae32,6,recovered_practice_engine_local,grid_v1,nccp,13,0,1887.6038896824928,2027.5659042184047,139.9620145359119,0,0,19.998999999999988,0,9321.150118999998,1179.0884109999997,0.0,0.0,442.5207770000022,0.0
78,d036688037ab4281d988dd57fe83338d05c8008c5b4b2f8c63accd4c2a9d5598,sha256_new_design,4,P4_diagnostic_v1_grid_v1,FULL_CLEAR,user_exit,10,10,1.0,,1246.414573,12464.14573,40400.72864844944,1.5607298999966588,cpu,0,0,10,0,2,730,684,dbc2410062cd54ef42aab2386c7e3f91784cf9bdb9913a67cd28fcbd825c381c,f0becf15af2f5dee528ec96525ab1a989a3674edf03031801ea233241f4a494c,6715d13abf8c010f2fc2139cfe9e5000ccff9f61dab7250fd98e80a0d028ae32,9,recovered_practice_engine_local,grid_v1,mec_center,10,0,893.0337021483199,893.0337021483199,0.0,0,0,19.964549544701796,0,10826.343076,1046.5978580000024,362.5980559999998,0.0,228.60673999999835,0.0
78,d036688037ab4281d988dd57fe83338d05c8008c5b4b2f8c63accd4c2a9d5598,sha256_new_design,4,P4_diagnostic_v1_grid_v1_nccp,FULL_CLEAR,user_exit,10,10,1.0,,1244.9325047,12449.325047,40326.62522095559,1.613386699995317,cpu,0,0,10,0,2,730,684,2bb2bec8100fb608e61b78d1fc3a58e8ae43a7c0a3b90f60455a9e3f20d649e4,f0becf15af2f5dee528ec96525ab1a989a3674edf03031801ea233241f4a494c,6715d13abf8c010f2fc2139cfe9e5000ccff9f61dab7250fd98e80a0d028ae32,9,recovered_practice_engine_local,grid_v1,nccp,10,0,808.4652421767665,892.3166808313765,83.85143865461002,0,0,19.998999999999988,0,10825.340307000002,1049.0726920000002,363.2189990000006,0.0,211.6930489999985,0.0
79,a6ba2dd1b21b567d9d7e3a352524e055066cefce17e809774129cd8e632d97fe,sha256_new_design,4,P4_diagnostic_v1_grid_v1,FULL_CLEAR,user_exit,16,16,1.0,,636.129916625,10178.078666,41150.393335438435,1.4032308000023477,cpu,0,0,16,0,0,319,273,dbc2410062cd54ef42aab2386c7e3f91784cf9bdb9913a67cd28fcbd825c381c,8cc78bffd4da37f0ca124522fcf358431c28224e4c04c06f7eee40db407ae05d,6715d13abf8c010f2fc2139cfe9e5000ccff9f61dab7250fd98e80a0d028ae32,1,recovered_practice_engine_local,grid_v1,mec_center,16,0,2695.1232383704705,2695.1232383704705,0.0,0,0,19.942137023357287,0,8103.771009999998,1455.2830079999994,0.0,0.0,619.0246480000022,0.0
79,a6ba2dd1b21b567d9d7e3a352524e055066cefce17e809774129cd8e632d97fe,sha256_new_design,4,P4_diagnostic_v1_grid_v1_nccp,FULL_CLEAR,user_exit,16,16,1.0,,634.244826875,10147.91723,40999.58614804632,1.5068392000030144,cpu,0,0,16,0,0,319,273,2bb2bec8100fb608e61b78d1fc3a58e8ae43a7c0a3b90f60455a9e3f20d649e4,8cc78bffd4da37f0ca124522fcf358431c28224e4c04c06f7eee40db407ae05d,6715d13abf8c010f2fc2139cfe9e5000ccff9f61dab7250fd98e80a0d028ae32,1,recovered_practice_engine_local,grid_v1,nccp,16,0,2569.330555093813,2697.635325471785,128.30477037797232,0,0,19.998999999999995,0,8102.066380999999,1451.9847379999997,0.0,0.0,593.8661110000005,0.0
80,94018b9b3219c756621656d79d2b577167a27a0060befd05e569be644dfc0b9c,sha256_new_design,4,P4_diagnostic_v1_grid_v1,FULL_CLEAR,user_exit,10,10,1.0,,1205.4039292,12054.039292,40160.19644914963,1.392930800000613,cpu,0,0,10,0,2,669,627,dbc2410062cd54ef42aab2386c7e3f91784cf9bdb9913a67cd28fcbd825c381c,161758e31e61d672efa5b1f64d6eb3fb27fca65d3fc4f1ad4e2d47846f3e16d1,6715d13abf8c010f2fc2139cfe9e5000ccff9f61dab7250fd98e80a0d028ae32,3,recovered_practice_engine_local,grid_v1,mec_center,10,0,2000.8465069619963,2000.8465069619963,0.0,0,0,19.463534166316627,0,10608.421396000002,783.9365419999992,211.5120509999997,0.0,450.169302999999,0.0
80,94018b9b3219c756621656d79d2b577167a27a0060befd05e569be644dfc0b9c,sha256_new_design,4,P4_diagnostic_v1_grid_v1_nccp,FULL_CLEAR,user_exit,10,10,1.0,,1203.8477109,12038.477109,40082.38554356433,1.4069940999979735,cpu,0,0,10,0,2,669,627,2bb2bec8100fb608e61b78d1fc3a58e8ae43a7c0a3b90f60455a9e3f20d649e4,161758e31e61d672efa5b1f64d6eb3fb27fca65d3fc4f1ad4e2d47846f3e16d1,6715d13abf8c010f2fc2139cfe9e5000ccff9f61dab7250fd98e80a0d028ae32,3,recovered_practice_engine_local,grid_v1,nccp,10,0,1938.595043599255,2007.1668178317077,68.57177423245263,0,0,19.99899999999999,0,10603.007865,784.5845810000012,213.1656550000007,0.0,437.71900799999855,0.0
81,f5e448db998402da006dd0a63b61cef865dacc9d9d4caa4e8ad34f48feb6ea1e,sha256_new_design,4,P4_diagnostic_v1_grid_v1,FULL_CLEAR,user_exit,13,13,1.0,,922.7349659230769,11995.554557,42762.77279787492,2.1730246000006446,cpu,0,0,13,0,4,571,523,dbc2410062cd54ef42aab2386c7e3f91784cf9bdb9913a67cd28fcbd825c381c,b4f2b9f5541aa0949c16afc79a293db885e90f3d2ceadf2c1195dbfb985b3e00,6715d13abf8c010f2fc2139cfe9e5000ccff9f61dab7250fd98e80a0d028ae32,11,recovered_practice_engine_local,grid_v1,mec_center,13,0,1738.5909642410465,1738.5909642410465,0.0,0,0,19.648696577116215,0,9776.284999,1315.7353749999997,490.8159929999996,0.0,412.7181900000006,1.8189894035458565e-12
81,f5e448db998402da006dd0a63b61cef865dacc9d9d4caa4e8ad34f48feb6ea1e,sha256_new_design,4,P4_diagnostic_v1_grid_v1_nccp,FULL_CLEAR,user_exit,13,13,1.0,,920.6904696153846,11968.976105,42629.88052529548,2.186041599998134,cpu,0,0,13,0,4,571,523,2bb2bec8100fb608e61b78d1fc3a58e8ae43a7c0a3b90f60455a9e3f20d649e4,b4f2b9f5541aa0949c16afc79a293db885e90f3d2ceadf2c1195dbfb985b3e00,6715d13abf8c010f2fc2139cfe9e5000ccff9f61dab7250fd98e80a0d028ae32,11,recovered_practice_engine_local,grid_v1,nccp,13,0,1639.7642551879342,1743.3316105241363,103.56735533620177,0,0,19.99899999999999,0,9769.101206,1316.005066,490.9169819999996,0.0,392.9528510000015,0.0
82,8127aa1ef27a701b4627f2a9b49c3ccf8a81d85105ebc1e2dbbc65dd1e9cf686,sha256_new_design,4,P4_diagnostic_v1_grid_v1,FULL_CLEAR,user_exit,16,16,1.0,,722.9572489375,11567.315983,45056.57990671312,3.124495600000955,cpu,1,165,22,7,5,420,358,dbc2410062cd54ef42aab2386c7e3f91784cf9bdb9913a67cd28fcbd825c381c,633a6739aee34a9a353659683618e4d6a2f0348ca3e563c7ce689fc24e90dc1d,6715d13abf8c010f2fc2139cfe9e5000ccff9f61dab7250fd98e80a0d028ae32,14,recovered_practice_engine_local,grid_v1,mec_center,15,0,1374.8887403314766,1374.8887403314766,0.0,0,0,19.287666029623576,0,8466.939241,2363.122461,336.77096900000015,50.50556400000005,349.9777479999997,1.8189894035458565e-12
82,8127aa1ef27a701b4627f2a9b49c3ccf8a81d85105ebc1e2dbbc65dd1e9cf686,sha256_new_design,4,P4_diagnostic_v1_grid_v1_nccp,FULL_CLEAR,user_exit,16,16,1.0,,720.784088625,11532.545418,44907.727071003115,3.1714988999956404,cpu,1,165,22,7,5,419,358,2bb2bec8100fb608e61b78d1fc3a58e8ae43a7c0a3b90f60455a9e3f20d649e4,633a6739aee34a9a353659683618e4d6a2f0348ca3e563c7ce689fc24e90dc1d,6715d13abf8c010f2fc2139cfe9e5000ccff9f61dab7250fd98e80a0d028ae32,14,recovered_practice_engine_local,grid_v1,nccp,15,0,1201.9110363464185,1334.8952218220045,132.98418547558606,1,0,19.99899999999999,0,8464.760160999998,2365.1265169999974,336.77096900000015,50.50556399999914,315.38220700000556,1.8189894035458565e-12
83,49f8ce17d98b74d4934e7d721b6fbc06e02787155797de9f775ea3e24b4c0c87,sha256_new_design,4,P4_diagnostic_v1_grid_v1,FULL_CLEAR,user_exit,13,13,1.0,,860.0466163846154,11180.606013,41013.030062280144,2.056016599999566,cpu,0,0,13,0,0,493,448,dbc2410062cd54ef42aab2386c7e3f91784cf9bdb9913a67cd28fcbd825c381c,152df0f4ad4fb4bcc6773eea9957969bbff8cb6dd25496984b1e999fbbaa3d7e,6715d13abf8c010f2fc2139cfe9e5000ccff9f61dab7250fd98e80a0d028ae32,3,recovered_practice_engine_local,grid_v1,mec_center,13,0,1818.6874629598528,1818.6874629598528,0.0,0,0,19.85883882416765,0,9580.807849,1171.060670999998,0.0,0.0,428.7374930000017,0.0
83,49f8ce17d98b74d4934e7d721b6fbc06e02787155797de9f775ea3e24b4c0c87,sha256_new_design,4,P4_diagnostic_v1_grid_v1_nccp,FULL_CLEAR,user_exit,13,13,1.0,,857.9365126153846,11153.174664,40875.87331879918,1.8870787999985623,cpu,0,0,13,0,0,493,448,2bb2bec8100fb608e61b78d1fc3a58e8ae43a7c0a3b90f60455a9e3f20d649e4,152df0f4ad4fb4bcc6773eea9957969bbff8cb6dd25496984b1e999fbbaa3d7e,6715d13abf8c010f2fc2139cfe9e5000ccff9f61dab7250fd98e80a0d028ae32,3,recovered_practice_engine_local,grid_v1,nccp,13,0,1716.2243683207182,1816.3457842906346,100.12141596991663,1,0,19.998999999999985,0,9576.590941999999,1168.3388490000011,0.0,0.0,408.24487300000027,0.0
84,66425253a769bb2c957eca16b1b8a4ac846609f9c9e9fbb8ee3f46a995a03df3,sha256_new_design,4,P4_diagnostic_v1_grid_v1,FULL_CLEAR,user_exit,11,11,1.0,,1081.5630601818182,11897.193662,37720.968308068914,1.6633447999993223,cpu,0,0,11,0,0,723,683,dbc2410062cd54ef42aab2386c7e3f91784cf9bdb9913a67cd28fcbd825c381c,23aafb9adf749b1554bed4dee058060d5a516bc899959ae34ca297b830ac9440,6715d13abf8c010f2fc2139cfe9e5000ccff9f61dab7250fd98e80a0d028ae32,6,recovered_practice_engine_local,grid_v1,mec_center,11,0,1213.9765275680056,1213.9765275680056,0.0,0,0,17.734030426643777,0,10474.515115,1124.8832409999998,0.0,0.0,297.7953059999991,1.8189894035458565e-12
84,66425253a769bb2c957eca16b1b8a4ac846609f9c9e9fbb8ee3f46a995a03df3,sha256_new_design,4,P4_diagnostic_v1_grid_v1_nccp,FULL_CLEAR,user_exit,11,11,1.0,,1079.2513197272726,11871.764517,37593.822585636764,1.5627385999978287,cpu,0,0,11,0,0,723,683,2bb2bec8100fb608e61b78d1fc3a58e8ae43a7c0a3b90f60455a9e3f20d649e4,23aafb9adf749b1554bed4dee058060d5a516bc899959ae34ca297b830ac9440,6715d13abf8c010f2fc2139cfe9e5000ccff9f61dab7250fd98e80a0d028ae32,6,recovered_practice_engine_local,grid_v1,nccp,11,0,1112.5020435485262,1213.9695917109052,101.46754816237898,0,0,19.998999999999995,0,10468.043691999997,1126.2204169999989,0.0,0.0,277.5004080000024,1.8189894035458565e-12
85,a15bbdfc4c87482262295c719a883d867c503d508db8e94bd8380fddf9345293,sha256_new_design,4,P4_diagnostic_v1_grid_v1,FULL_CLEAR,user_exit,13,13,1.0,,854.0014426153847,11102.018754,41055.09378419255,1.4793504000044777,cpu,0,0,13,0,2,479,431,dbc2410062cd54ef42aab2386c7e3f91784cf9bdb9913a67cd28fcbd825c381c,faac52678ae2b1a5a1aad69aee6321a3b834f7d1cbbbc44a0a00327262d04b08,6715d13abf8c010f2fc2139cfe9e5000ccff9f61dab7250fd98e80a0d028ae32,12,recovered_practice_engine_local,grid_v1,mec_center,13,0,2070.0055336232076,2070.0055336232076,0.0,0,0,19.758246331284365,0,8983.468533,1454.3514800000012,185.1976340000001,0.0,479.00110699999993,0.0
85,a15bbdfc4c87482262295c719a883d867c503d508db8e94bd8380fddf9345293,sha256_new_design,4,P4_diagnostic_v1_grid_v1_nccp,FULL_CLEAR,user_exit,13,13,1.0,,851.9133987692308,11074.874184,40919.37092805782,1.5149122000002535,cpu,0,0,13,0,2,479,431,2bb2bec8100fb608e61b78d1fc3a58e8ae43a7c0a3b90f60455a9e3f20d649e4,faac52678ae2b1a5a1aad69aee6321a3b834f7d1cbbbc44a0a00327262d04b08,6715d13abf8c010f2fc2139cfe9e5000ccff9f61dab7250fd98e80a0d028ae32,12,recovered_practice_engine_local,grid_v1,nccp,13,0,1963.6269042235133,2070.8317554951204,107.20485127160703,0,0,19.998999999999995,0,8979.639025,1452.3121439999995,185.1976340000001,0.0,457.7253810000004,0.0
86,20eb4f3904a69054d9761472a73fc2d576f7717320933de3ea5f7d3d73322aa3,sha256_new_design,4,P4_diagnostic_v1_grid_v1,FULL_CLEAR,user_exit,12,12,1.0,,1005.7418303333334,12068.901964,45599.509815564365,0.9948555000009947,cpu,0,0,12,0,6,489,444,dbc2410062cd54ef42aab2386c7e3f91784cf9bdb9913a67cd28fcbd825c381c,451bee4e04d7b7cd2897f716b1164fa158f114b5289abc8e8674efb6cf6ae925,6715d13abf8c010f2fc2139cfe9e5000ccff9f61dab7250fd98e80a0d028ae32,1,recovered_practice_engine_local,grid_v1,mec_center,12,0,1503.1837673431496,1503.1837673431496,0.0,0,0,19.6433061864613,0,9609.255878999998,1550.693461999999,548.3158699999999,0.0,360.63675300000256,0.0
86,20eb4f3904a69054d9761472a73fc2d576f7717320933de3ea5f7d3d73322aa3,sha256_new_design,4,P4_diagnostic_v1_grid_v1_nccp,FULL_CLEAR,user_exit,12,12,1.0,,1004.3419319166666,12052.103183,45515.51591601615,0.9994967999955406,cpu,0,0,12,0,6,489,444,2bb2bec8100fb608e61b78d1fc3a58e8ae43a7c0a3b90f60455a9e3f20d649e4,451bee4e04d7b7cd2897f716b1164fa158f114b5289abc8e8674efb6cf6ae925,6715d13abf8c010f2fc2139cfe9e5000ccff9f61dab7250fd98e80a0d028ae32,1,recovered_practice_engine_local,grid_v1,nccp,12,0,1428.6251864556482,1511.8363611588707,83.21117470322231,0,0,19.998999999999988,0,9603.002604999998,1554.2488459999981,549.1266950000004,0.0,345.7250370000027,0.0
87,1080c3e927c1683056c3e816124e72eaffabaa26960f0d3c787ee9f95cf6563f,sha256_new_design,4,P4_diagnostic_v1_grid_v1,FULL_CLEAR,user_exit,10,10,1.0,,1158.8773036,11588.773036,39593.865180176144,1.2826959999947576,cpu,0,0,10,0,5,612,560,dbc2410062cd54ef42aab2386c7e3f91784cf9bdb9913a67cd28fcbd825c381c,c2cbcde8f04e3d95f641a88d65e776504212fdfbf76fa64e1df6fc7ab1513773,6715d13abf8c010f2fc2139cfe9e5000ccff9f61dab7250fd98e80a0d028ae32,10,recovered_practice_engine_local,grid_v1,mec_center,10,0,1409.8211899230419,1409.8211899230419,0.0,0,0,17.0082294755453,0,9904.839103000002,1225.661211,126.30848300000002,0.0,331.9642389999986,1.8189894035458565e-12
87,1080c3e927c1683056c3e816124e72eaffabaa26960f0d3c787ee9f95cf6563f,sha256_new_design,4,P4_diagnostic_v1_grid_v1_nccp,FULL_CLEAR,user_exit,10,10,1.0,,1155.8371659,11558.371659,39441.85830969039,1.236489500006428,cpu,0,0,10,0,5,612,560,2bb2bec8100fb608e61b78d1fc3a58e8ae43a7c0a3b90f60455a9e3f20d649e4,c2cbcde8f04e3d95f641a88d65e776504212fdfbf76fa64e1df6fc7ab1513773,6715d13abf8c010f2fc2139cfe9e5000ccff9f61dab7250fd98e80a0d028ae32,10,recovered_practice_engine_local,grid_v1,nccp,10,0,1305.5397155574628,1407.3457535767964,101.80603801933347,0,0,19.999,0,9893.276473,1227.6787609999997,126.30848300000002,0.0,311.10794200000004,0.0
88,fa71271cf39f080ccda04b745523eb06b01a10490c123c1aad8553c6036d9131,sha256_new_design,4,P4_diagnostic_v1_grid_v1,FULL_CLEAR,user_exit,16,16,1.0,,741.651869625,11866.429914,44477.14956883902,1.7001145999965956,cpu,0,0,16,0,2,490,441,dbc2410062cd54ef42aab2386c7e3f91784cf9bdb9913a67cd28fcbd825c381c,f06420d57f671b53d9545c34e8dada0772b5acb86133f980819d2abfe0d1c46a,6715d13abf8c010f2fc2139cfe9e5000ccff9f61dab7250fd98e80a0d028ae32,11,recovered_practice_engine_local,grid_v1,mec_center,16,0,3993.0628219737123,3993.0628219737123,0.0,0,0,19.815609431536583,0,9514.188703000002,1207.7671719999987,265.86147399999993,0.0,878.612565,1.8189894035458565e-12
88,fa71271cf39f080ccda04b745523eb06b01a10490c123c1aad8553c6036d9131,sha256_new_design,4,P4_diagnostic_v1_grid_v1_nccp,FULL_CLEAR,user_exit,16,16,1.0,,739.3180070625,11829.088113,44290.44058446566,1.7179155999983777,cpu,0,0,16,0,2,490,441,2bb2bec8100fb608e61b78d1fc3a58e8ae43a7c0a3b90f60455a9e3f20d649e4,f06420d57f671b53d9545c34e8dada0772b5acb86133f980819d2abfe0d1c46a,6715d13abf8c010f2fc2139cfe9e5000ccff9f61dab7250fd98e80a0d028ae32,11,recovered_practice_engine_local,grid_v1,nccp,16,0,3861.888011231746,3988.351936031234,126.4639247994876,0,0,19.998999999999985,0,9512.251774000002,1198.5972649999985,265.86147399999993,0.0,852.3775999999987,1.8189894035458565e-12
89,06c348606eb2e414823bd970e2eeb0db811b46dc975606d5c91e6e719d2ea8a9,sha256_new_design,4,P4_diagnostic_v1_grid_v1,FULL_CLEAR,user_exit,12,12,1.0,,910.09321525,10921.118583,39960.59290650276,1.0317953999983729,cpu,0,0,12,0,0,486,439,dbc2410062cd54ef42aab2386c7e3f91784cf9bdb9913a67cd28fcbd825c381c,f649d7114d7b00dfa433a2a29fddd75b570febeaa77f30539d209512aa24ba80,6715d13abf8c010f2fc2139cfe9e5000ccff9f61dab7250fd98e80a0d028ae32,2,recovered_practice_engine_local,grid_v1,mec_center,12,0,2749.3471476174373,2749.3471476174373,0.0,0,0,18.71758165831215,0,9141.592991,1169.6561609999987,0.0,0.0,609.8694310000008,0.0
89,06c348606eb2e414823bd970e2eeb0db811b46dc975606d5c91e6e719d2ea8a9,sha256_new_design,4,P4_diagnostic_v1_grid_v1_nccp,FULL_CLEAR,user_exit,12,12,1.0,,908.1574481666667,10897.889378,39844.44688770747,1.0119570000024396,cpu,0,0,12,0,0,486,439,2bb2bec8100fb608e61b78d1fc3a58e8ae43a7c0a3b90f60455a9e3f20d649e4,f649d7114d7b00dfa433a2a29fddd75b570febeaa77f30539d209512aa24ba80,6715d13abf8c010f2fc2139cfe9e5000ccff9f61dab7250fd98e80a0d028ae32,2,recovered_practice_engine_local,grid_v1,nccp,12,0,2655.599142766124,2749.1599360244572,93.56079325833386,1,0,19.998999999999995,0,9139.290841999999,1167.4787080000006,0.0,0.0,591.1198280000004,0.0
90,eff26fad7c2b82a7f4c6b5d9abd9801c8889be505d185f96594d0ae0483ef080,sha256_new_design,4,P4_diagnostic_v1_grid_v1,FULL_CLEAR,user_exit,10,10,1.0,,1121.9716678999998,11219.716679,39663.58339135919,1.0165300999942701,cpu,0,0,10,0,2,547,502,dbc2410062cd54ef42aab2386c7e3f91784cf9bdb9913a67cd28fcbd825c381c,68a84440e973801e54a6d80d6e7a9fe5045620ec85d2a392714396223ab12e16,6715d13abf8c010f2fc2139cfe9e5000ccff9f61dab7250fd98e80a0d028ae32,1,recovered_practice_engine_local,grid_v1,mec_center,10,0,775.3100173005706,775.3100173005706,0.0,0,0,13.18771578005615,0,9724.735917,1095.861296000001,194.0574629999992,0.0,205.06200300000023,1.8189894035458565e-12
90,eff26fad7c2b82a7f4c6b5d9abd9801c8889be505d185f96594d0ae0483ef080,sha256_new_design,4,P4_diagnostic_v1_grid_v1_nccp,FULL_CLEAR,user_exit,10,10,1.0,,1119.8119145,11198.119145,39555.59572389711,1.246545200003311,cpu,0,0,10,0,2,547,502,2bb2bec8100fb608e61b78d1fc3a58e8ae43a7c0a3b90f60455a9e3f20d649e4,68a84440e973801e54a6d80d6e7a9fe5045620ec85d2a392714396223ab12e16,6715d13abf8c010f2fc2139cfe9e5000ccff9f61dab7250fd98e80a0d028ae32,1,recovered_practice_engine_local,grid_v1,nccp,10,0,664.3614439231617,769.0280089144744,104.66656499131274,1,0,19.998999999999995,0,9726.957857000001,1095.1924530000001,193.0965470000001,0.0,182.87228800000014,1.8189894035458565e-12
91,acb2933e71c2dc97a7fd0ddf28f59969470787e0be8924d421931294cb3699f9,sha256_new_design,4,P4_diagnostic_v1_grid_v1,FULL_CLEAR,user_exit,11,11,1.0,,1081.697748909091,11898.675238,42603.37617653087,1.1570174999942537,cpu,0,0,11,0,0,561,518,dbc2410062cd54ef42aab2386c7e3f91784cf9bdb9913a67cd28fcbd825c381c,8cfae9ea526b199deb6ee8fd32f9a007f61b866794c49d6f8da8ad62140ba502,6715d13abf8c010f2fc2139cfe9e5000ccff9f61dab7250fd98e80a0d028ae32,3,recovered_practice_engine_local,grid_v1,mec_center,11,0,1849.218327373673,1849.218327373673,0.0,0,0,18.318532324967894,0,9748.158664999999,1725.672907,0.0,0.0,424.8436659999999,0.0
91,acb2933e71c2dc97a7fd0ddf28f59969470787e0be8924d421931294cb3699f9,sha256_new_design,4,P4_diagnostic_v1_grid_v1_nccp,FULL_CLEAR,user_exit,11,11,1.0,,1079.736860090909,11877.105461,42495.52730381099,1.0515040000027511,cpu,0,0,11,0,0,561,518,2bb2bec8100fb608e61b78d1fc3a58e8ae43a7c0a3b90f60455a9e3f20d649e4,8cfae9ea526b199deb6ee8fd32f9a007f61b866794c49d6f8da8ad62140ba502,6715d13abf8c010f2fc2139cfe9e5000ccff9f61dab7250fd98e80a0d028ae32,3,recovered_practice_engine_local,grid_v1,nccp,11,0,1748.3357508862043,1850.9849537871255,102.64920290092164,0,0,19.99899999999999,0,9745.686183,1726.7521280000008,0.0,0.0,404.66714999999897,0.0
92,f0a5617934203a26bd9dc6340e3cc2778ee398acbe37de02aadc3cfbe5506f28,sha256_new_design,4,P4_diagnostic_v1_grid_v1,FULL_CLEAR,user_exit,12,12,1.0,,984.11792275,11809.415073,42217.07535638408,1.4808929999999236,cpu,0,0,12,0,2,559,511,dbc2410062cd54ef42aab2386c7e3f91784cf9bdb9913a67cd28fcbd825c381c,3223dcfe907006246f99dba830cace391aa825ab61c2a9ecc710cf13422becf2,6715d13abf8c010f2fc2139cfe9e5000ccff9f61dab7250fd98e80a0d028ae32,6,recovered_practice_engine_local,grid_v1,mec_center,12,0,1373.1921010236251,1373.1921010236251,0.0,0,0,18.386142969574827,0,9669.538001,1647.2265829999983,158.01206899999852,0.0,334.6384200000034,0.0
92,f0a5617934203a26bd9dc6340e3cc2778ee398acbe37de02aadc3cfbe5506f28,sha256_new_design,4,P4_diagnostic_v1_grid_v1_nccp,FULL_CLEAR,user_exit,12,12,1.0,,982.5874493333334,11791.049392,42125.24694846103,1.4755844000028446,cpu,0,0,12,0,2,559,511,2bb2bec8100fb608e61b78d1fc3a58e8ae43a7c0a3b90f60455a9e3f20d649e4,3223dcfe907006246f99dba830cace391aa825ab61c2a9ecc710cf13422becf2,6715d13abf8c010f2fc2139cfe9e5000ccff9f61dab7250fd98e80a0d028ae32,6,recovered_practice_engine_local,grid_v1,nccp,12,0,1257.2087196297105,1371.4206556043698,114.21193597465924,0,0,19.99899999999999,0,9671.25611,1649.3720860000014,158.97945199999958,0.0,311.4417439999995,0.0
93,63e4a6b913522d8aa946071005ef08e4559968653db91fb8c3752165fccbcc21,sha256_new_design,4,P4_diagnostic_v1_grid_v1,FULL_CLEAR,user_exit,12,12,1.0,,1024.2507399166668,12291.008879,44015.0443924291,1.0263811000040732,cpu,0,0,12,0,3,579,533,dbc2410062cd54ef42aab2386c7e3f91784cf9bdb9913a67cd28fcbd825c381c,2a7cec940620b9ac31b3ec4d3c1290462b30c3fd793631513d5fcd8b5979aa27,6715d13abf8c010f2fc2139cfe9e5000ccff9f61dab7250fd98e80a0d028ae32,8,recovered_practice_engine_local,grid_v1,mec_center,12,0,3430.0265156521555,3430.0265156521555,0.0,0,0,19.422051284182178,0,10215.864767000003,999.1594399999999,329.97936899999877,0.0,746.0053030000007,0.0
93,63e4a6b913522d8aa946071005ef08e4559968653db91fb8c3752165fccbcc21,sha256_new_design,4,P4_diagnostic_v1_grid_v1_nccp,FULL_CLEAR,user_exit,12,12,1.0,,1023.002754,12276.033048,43940.16524389312,1.0507394000014756,cpu,0,0,12,0,3,579,533,2bb2bec8100fb608e61b78d1fc3a58e8ae43a7c0a3b90f60455a9e3f20d649e4,2a7cec940620b9ac31b3ec4d3c1290462b30c3fd793631513d5fcd8b5979aa27,6715d13abf8c010f2fc2139cfe9e5000ccff9f61dab7250fd98e80a0d028ae32,8,recovered_practice_engine_local,grid_v1,nccp,12,0,3343.648733965361,3424.076463835347,80.42772986998557,0,0,19.998999999999988,0,10216.229044999998,997.4170769999978,333.65717999999924,0.0,728.7297460000029,0.0
94,063ac0a96127347f6e233f31b563382033ab6a7477173dd5e3030ce29ee25af2,sha256_new_design,4,P4_diagnostic_v1_grid_v1,FULL_CLEAR,user_exit,11,11,1.0,,977.1577816363636,10748.735598,37943.67798846234,1.154176700001699,cpu,0,0,11,0,0,525,480,dbc2410062cd54ef42aab2386c7e3f91784cf9bdb9913a67cd28fcbd825c381c,112d4b1588b9d76776f34f1353df73ae152eca7e0deb20ad3eab696a42b6fbe8,6715d13abf8c010f2fc2139cfe9e5000ccff9f61dab7250fd98e80a0d028ae32,6,recovered_practice_engine_local,grid_v1,mec_center,10,1,1482.875083920882,1482.875083920882,0.0,0,0,18.890728337938306,0,9441.198368999998,955.9622119999996,0.0,0.0,351.57501700000046,0.0
94,063ac0a96127347f6e233f31b563382033ab6a7477173dd5e3030ce29ee25af2,sha256_new_design,4,P4_diagnostic_v1_grid_v1_nccp,FULL_CLEAR,user_exit,11,11,1.0,,975.8931243636363,10734.824368,37874.1218391412,1.2425051999962307,cpu,0,0,11,0,0,525,480,2bb2bec8100fb608e61b78d1fc3a58e8ae43a7c0a3b90f60455a9e3f20d649e4,112d4b1588b9d76776f34f1353df73ae152eca7e0deb20ad3eab696a42b6fbe8,6715d13abf8c010f2fc2139cfe9e5000ccff9f61dab7250fd98e80a0d028ae32,6,recovered_practice_engine_local,grid_v1,nccp,10,1,1437.4349955863113,1523.8311737816643,86.39617819535309,0,0,19.998999999999995,0,9438.865151999998,953.4722160000006,0.0,0.0,342.48699999999997,1.8189894035458565e-12
95,7258c523f1f605f0973ee54e5370de9af0979a8255744b4c375567bb8e17c2c6,sha256_new_design,4,P4_diagnostic_v1_grid_v1,FULL_CLEAR,user_exit,13,13,1.0,,920.14301,11961.85913,41559.29564715253,1.7111469999945257,cpu,0,0,13,0,2,605,560,dbc2410062cd54ef42aab2386c7e3f91784cf9bdb9913a67cd28fcbd825c381c,e29e9aba015cc9a409b08de0dc3b3ae581bd415d34481aa8cc6558e67a4a0a6e,6715d13abf8c010f2fc2139cfe9e5000ccff9f61dab7250fd98e80a0d028ae32,9,recovered_practice_engine_local,grid_v1,mec_center,13,0,2779.0747511594222,2779.0747511594222,0.0,0,0,19.422366064547063,0,9830.713732,1155.0384420000019,355.2920059999997,0.0,620.81495,0.0
95,7258c523f1f605f0973ee54e5370de9af0979a8255744b4c375567bb8e17c2c6,sha256_new_design,4,P4_diagnostic_v1_grid_v1_nccp,FULL_CLEAR,user_exit,13,13,1.0,,918.0119666153846,11934.155566,41420.77782221068,1.9100640000033309,cpu,0,0,13,0,2,605,560,2bb2bec8100fb608e61b78d1fc3a58e8ae43a7c0a3b90f60455a9e3f20d649e4,e29e9aba015cc9a409b08de0dc3b3ae581bd415d34481aa8cc6558e67a4a0a6e,6715d13abf8c010f2fc2139cfe9e5000ccff9f61dab7250fd98e80a0d028ae32,9,recovered_practice_engine_local,grid_v1,nccp,13,0,2672.2438910181495,2790.2379739574158,117.99408293926614,1,0,19.99899999999999,0,9831.295449,1146.0625139999993,357.3488230000012,0.0,599.4487800000006,0.0
96,41568530290f0b6c97acb1ae1e6ee74b892312b4490626f8841b01a6ce0f7403,sha256_new_design,4,P4_diagnostic_v1_grid_v1,FULL_CLEAR,user_exit,10,10,1.0,,1159.3877046,11593.877046,39799.3852105613,1.3716247999982443,cpu,0,0,10,0,1,605,559,dbc2410062cd54ef42aab2386c7e3f91784cf9bdb9913a67cd28fcbd825c381c,2aa3b4d050efb587712c5da6ab4b768b8941111d7b4863a7ebf1d1bb8dc8c6c5,6715d13abf8c010f2fc2139cfe9e5000ccff9f61dab7250fd98e80a0d028ae32,6,recovered_practice_engine_local,grid_v1,mec_center,10,0,1156.5042994346736,1156.5042994346736,0.0,0,0,17.82961848407661,0,10024.324139,1209.1514429999997,79.1006039999993,0.0,281.3008600000008,0.0
96,41568530290f0b6c97acb1ae1e6ee74b892312b4490626f8841b01a6ce0f7403,sha256_new_design,4,P4_diagnostic_v1_grid_v1_nccp,FULL_CLEAR,user_exit,10,10,1.0,,1158.2838729,11582.838729,39744.19363101517,1.1637875000014901,cpu,0,0,10,0,1,605,559,2bb2bec8100fb608e61b78d1fc3a58e8ae43a7c0a3b90f60455a9e3f20d649e4,2aa3b4d050efb587712c5da6ab4b768b8941111d7b4863a7ebf1d1bb8dc8c6c5,6715d13abf8c010f2fc2139cfe9e5000ccff9f61dab7250fd98e80a0d028ae32,6,recovered_practice_engine_local,grid_v1,nccp,10,0,1086.5682711031052,1156.249551772935,69.68128066983007,1,0,19.998999999999995,0,10027.57524,1209.6765699999992,78.27326500000072,0.0,267.3136539999996,1.8189894035458565e-12
97,36595ad7e46dcef50cf82306d706cd1812bd37bda70399ed9ef90e6a771198ed,sha256_new_design,4,P4_diagnostic_v1_grid_v1,FULL_CLEAR,user_exit,14,14,1.0,,805.7070277857143,11279.898389,39724.491932388184,1.5542482000018936,cpu,0,0,14,0,0,551,510,dbc2410062cd54ef42aab2386c7e3f91784cf9bdb9913a67cd28fcbd825c381c,ae03bfa6a4f2680505bb8d65b15c47bcf0349c91a9097fab7c2d5a9bd8f137bf,6715d13abf8c010f2fc2139cfe9e5000ccff9f61dab7250fd98e80a0d028ae32,1,recovered_practice_engine_local,grid_v1,mec_center,14,0,2300.464466231292,2300.464466231292,0.0,0,0,19.655336982342128,0,9761.987151999998,987.8183430000001,0.0,0.0,530.0928940000009,0.0
97,36595ad7e46dcef50cf82306d706cd1812bd37bda70399ed9ef90e6a771198ed,sha256_new_design,4,P4_diagnostic_v1_grid_v1_nccp,FULL_CLEAR,user_exit,14,14,1.0,,804.3872094999999,11261.420933,39632.104670680004,1.6366553000043496,cpu,0,0,14,0,0,551,510,2bb2bec8100fb608e61b78d1fc3a58e8ae43a7c0a3b90f60455a9e3f20d649e4,ae03bfa6a4f2680505bb8d65b15c47bcf0349c91a9097fab7c2d5a9bd8f137bf,6715d13abf8c010f2fc2139cfe9e5000ccff9f61dab7250fd98e80a0d028ae32,1,recovered_practice_engine_local,grid_v1,nccp,14,0,2204.691713776787,2308.6012047157988,103.9094909390121,0,0,19.999,0,9762.135218,988.3473730000005,0.0,0.0,510.9383420000006,1.8189894035458565e-12
98,96fc4ff5fc1f7ce678072fcefaeed5f9b9bed70b0518453734b25932bdebc485,sha256_new_design,4,P4_diagnostic_v1_grid_v1,FULL_CLEAR,user_exit,12,12,1.0,,1025.085627,12301.027524,42545.13761670804,1.52404860000388,cpu,0,0,12,0,2,630,582,dbc2410062cd54ef42aab2386c7e3f91784cf9bdb9913a67cd28fcbd825c381c,8a6791fcb255c883e67e6e8665da116d442fe20e32c91ddd1b6e198afcc9720e,6715d13abf8c010f2fc2139cfe9e5000ccff9f61dab7250fd98e80a0d028ae32,12,recovered_practice_engine_local,grid_v1,mec_center,12,0,2901.557225887333,2901.557225887333,0.0,0,0,18.096884529589772,0,10261.663697,1081.9267760000014,317.12560599999983,0.0,640.3114449999975,0.0
98,96fc4ff5fc1f7ce678072fcefaeed5f9b9bed70b0518453734b25932bdebc485,sha256_new_design,4,P4_diagnostic_v1_grid_v1_nccp,FULL_CLEAR,user_exit,12,12,1.0,,1023.4430364166666,12281.316437,42446.58216632261,1.5162068999998155,cpu,0,0,12,0,2,630,582,2bb2bec8100fb608e61b78d1fc3a58e8ae43a7c0a3b90f60455a9e3f20d649e4,8a6791fcb255c883e67e6e8665da116d442fe20e32c91ddd1b6e198afcc9720e,6715d13abf8c010f2fc2139cfe9e5000ccff9f61dab7250fd98e80a0d028ae32,12,recovered_practice_engine_local,grid_v1,nccp,12,0,2801.630758977901,2902.302979490347,100.67222051244474,0,0,19.998999999999974,0,10260.601401000002,1081.5227100000013,318.8661730000001,0.0,620.3261529999972,1.8189894035458565e-12
99,b31d2f6ecf0c7b9f340ec3f739320e8f6e36a50ec3be20b6c5e6f20ca441f1f3,supplied_all_directional_fixture,4,P4_diagnostic_v1_grid_v1,FULL_CLEAR,user_exit,13,13,1.0,,897.9699484615384,11673.60933,41068.04664944894,1.2882441000037943,cpu,0,0,13,0,0,573,530,dbc2410062cd54ef42aab2386c7e3f91784cf9bdb9913a67cd28fcbd825c381c,babe33cd54233b9a63da82b7204f8ee115c3e8e42a22c19ea6a018fb6effd9e7,6715d13abf8c010f2fc2139cfe9e5000ccff9f61dab7250fd98e80a0d028ae32,13,recovered_practice_engine_local,grid_v1,mec_center,13,0,2237.889674218736,2237.889674218736,0.0,0,0,19.91086172778617,0,9714.17958,1446.8518160000017,0.0,0.0,512.577933999998,0.0
99,b31d2f6ecf0c7b9f340ec3f739320e8f6e36a50ec3be20b6c5e6f20ca441f1f3,supplied_all_directional_fixture,4,P4_diagnostic_v1_grid_v1_nccp,FULL_CLEAR,user_exit,13,13,1.0,,895.9127694615383,11646.866003,40934.330011165,1.2871099000039976,cpu,0,0,13,0,0,573,530,2bb2bec8100fb608e61b78d1fc3a58e8ae43a7c0a3b90f60455a9e3f20d649e4,babe33cd54233b9a63da82b7204f8ee115c3e8e42a22c19ea6a018fb6effd9e7,6715d13abf8c010f2fc2139cfe9e5000ccff9f61dab7250fd98e80a0d028ae32,13,recovered_practice_engine_local,grid_v1,nccp,13,0,2143.75266106209,2237.889674218736,94.1370131566461,0,0,19.999,0,9708.807754,1444.307718,0.0,0.0,493.7505309999988,0.0
