cohort,problem,seed,seed_hex,baseline,candidate,baseline_s_per_source,candidate_s_per_source,delta_s_per_source,comparison,total_time_delta_s,distance_delta_m,certificate_travel_delta_m,discovery_delta_s,active_localization_delta_s,diagnostic_delta_s,optical_fallback_delta_s,certified_clear_delta_s
development100,4,0,0000000000000000000000000000000000000000000000000000000000000000,mec_center,nccp,755.3364340666667,771.9857112666667,16.64927720000003,loss,249.73915800000032,1223.6957782718455,-90.36841125978549,-5.181295000002137,3.849800000001096,269.1443360000004,0.0,-18.07368299999939
development100,4,0,0000000000000000000000000000000000000000000000000000000000000000,mec_center,segment_entry,755.3364340666667,772.0260374000001,16.689603333333366,loss,250.3440499999997,1226.7202483379297,-89.10289125631812,-4.476202000001649,3.5188040000025467,269.1220259999999,0.0,-17.820578000002
development100,4,0,0000000000000000000000000000000000000000000000000000000000000000,nccp,segment_entry,771.9857112666667,772.0260374000001,0.040326133333337566,loss,0.6048919999993814,3.0244700660841772,1.2655200034673726,0.7050930000004882,-0.33099599999854945,-0.022310000000516084,0.0,0.2531049999973902
development100,4,1,ffffffffffffffffffffffffffffffffffffffffffffffffffffffffffffffff,mec_center,nccp,756.1142978571428,754.858523,-1.2557748571427965,win,-17.580847999999605,-87.90423258097144,-122.0013761615437,5.139392000000953,1.68003499999827,0.0,0.0,-24.400274999998146
development100,4,1,ffffffffffffffffffffffffffffffffffffffffffffffffffffffffffffffff,mec_center,segment_entry,756.1142978571428,754.7460155,-1.368282357142789,win,-19.1559529999995,-95.77976334845152,-119.09385000352177,3.6753480000024865,0.9874679999995806,0.0,0.0,-23.818768999999747
development100,4,1,ffffffffffffffffffffffffffffffffffffffffffffffffffffffffffffffff,nccp,segment_entry,754.858523,754.7460155,-0.11250749999999243,win,-1.575104999999894,-7.875530767480086,2.9075261580219376,-1.4640439999984665,-0.6925669999986894,0.0,0.0,0.5815059999983987
development100,4,2,000102030405060708090a0b0c0d0e0f101112131415161718191a1b1c1d1e1f,mec_center,nccp,845.024532,843.1854793846154,-1.8390526153846167,win,-23.90768399999979,-119.53842682074901,-104.63771776526846,-0.6648009999989881,-2.3153409999993073,0.0,0.0,-20.92754199999922
development100,4,2,000102030405060708090a0b0c0d0e0f101112131415161718191a1b1c1d1e1f,mec_center,segment_entry,845.024532,843.3300099999999,-1.69452200000012,win,-22.028786000000764,-110.14394553613965,-98.1784755684248,-0.15860299999985727,-2.2344899999998233,0.0,0.0,-19.63569299999972
development100,4,2,000102030405060708090a0b0c0d0e0f101112131415161718191a1b1c1d1e1f,nccp,segment_entry,843.1854793846154,843.3300099999999,0.14453061538449674,loss,1.878897999999026,9.394481284609355,6.459242196843661,0.5061979999991308,0.08085099999948397,0.0,0.0,1.2918489999995018
development100,4,3,1f1e1d1c1b1a191817161514131211100f0e0d0c0b0a09080706050403020100,mec_center,nccp,1002.8143435000001,1000.5729850833333,-2.241358416666799,win,-26.896301000000676,-134.4815037111257,-129.43342192636305,-0.38881700000274577,-0.6207990000018526,0.0,0.0,-25.886684999996987
development100,4,3,1f1e1d1c1b1a191817161514131211100f0e0d0c0b0a09080706050403020100,mec_center,segment_entry,1002.8143435000001,1000.6411293333334,-2.1732141666666394,win,-26.078569999999672,-130.39285428729636,-125.60076861790299,-0.1084019999980228,-0.8500130000034005,0.0,0.0,-25.120154999997453
development100,4,3,1f1e1d1c1b1a191817161514131211100f0e0d0c0b0a09080706050403020100,nccp,segment_entry,1000.5729850833333,1000.6411293333334,0.06814425000015945,loss,0.8177310000010038,4.088649423829338,3.832653308460067,0.28041500000472297,-0.2292140000015479,0.0,0.0,0.7665299999995341
development100,4,4,aaaaaaaaaaaaaaaaaaaaaaaaaaaaaaaaaaaaaaaaaaaaaaaaaaaaaaaaaaaaaaaa,mec_center,nccp,1040.9426024545455,1039.188603090909,-1.753999363636467,win,-19.29399299999932,-96.46996926169231,-93.06751195424215,-1.16759600000114,-0.0887059999995472,0.5758099999998194,4.547473508864641e-13,-18.61350100000027
development100,4,4,aaaaaaaaaaaaaaaaaaaaaaaaaaaaaaaaaaaaaaaaaaaaaaaaaaaaaaaaaaaaaaaa,mec_center,segment_entry,1040.9426024545455,1039.2151059999999,-1.7274964545456442,win,-19.00246100000004,-95.01229479860922,-92.8167830612665,-0.8734710000007908,-0.13234599999964303,0.5667129999999361,4.547473508864641e-13,-18.563357000000906
development100,4,4,aaaaaaaaaaaaaaaaaaaaaaaaaaaaaaaaaaaaaaaaaaaaaaaaaaaaaaaaaaaaaaaa,nccp,segment_entry,1039.188603090909,1039.2151059999999,0.026502909090822868,loss,0.2915319999992789,1.4576744630830945,0.25072889297564416,0.29412500000034925,-0.043640000000095824,-0.009096999999883337,0.0,0.05014399999936359
development100,4,5,5555555555555555555555555555555555555555555555555555555555555555,mec_center,nccp,916.3122949230769,914.2283376153846,-2.0839573076923443,win,-27.09144500000002,-135.45723654341418,-113.8481118086006,-7.633542000001398,3.3117170000007263,9.094947017729282e-13,0.0,-22.769620000002078
development100,4,5,5555555555555555555555555555555555555555555555555555555555555555,mec_center,segment_entry,916.3122949230769,914.2575823076924,-2.054712615384574,win,-26.711263999999574,-133.55632926160615,-110.03134868855545,-7.527398000001995,2.8224019999991015,0.0,0.0,-22.00626799999884
development100,4,5,5555555555555555555555555555555555555555555555555555555555555555,nccp,segment_entry,914.2283376153846,914.2575823076924,0.029244692307770492,loss,0.38018100000044797,1.9009072818080313,3.8167631200451524,0.1061439999994036,-0.48931500000162487,-9.094947017729282e-13,0.0,0.7633520000032377
development100,4,6,0000000000000000000000000000000000000000000000000000000000000001,mec_center,nccp,987.966284909091,985.5698120909091,-2.3964728181819055,win,-26.36120100000153,-131.80600574848359,-99.35062378490329,-5.863182999999481,-0.6278949999993984,0.0,0.0,-19.870123000000262
development100,4,6,0000000000000000000000000000000000000000000000000000000000000001,mec_center,segment_entry,987.966284909091,985.7107035454545,-2.255581363636452,win,-24.81139500000063,-124.05698808150919,-93.9220590223822,-5.317459999998391,-0.7095240000003287,0.0,0.0,-18.784410999999636
development100,4,6,0000000000000000000000000000000000000000000000000000000000000001,nccp,segment_entry,985.5698120909091,985.7107035454545,0.1408914545454536,loss,1.549806000000899,7.749017666974396,5.428564762521091,0.5457230000010895,-0.08162900000093032,0.0,0.0,1.0857120000006262
development100,4,7,0000000000000000000000000000000000000000000000000000000000000002,mec_center,nccp,1203.8154547,1201.5469679,-2.2684867999998914,win,-22.68486800000028,-113.42433728071046,-96.84087527884094,-1.8022190000010596,-1.3535369999999602,-0.1609369999999899,0.0,-19.368174999999724
development100,4,7,0000000000000000000000000000000000000000000000000000000000000002,mec_center,segment_entry,1203.8154547,1201.648629,-2.1668256999998903,win,-21.668256999999358,-108.34127270291356,-95.02004313180964,-1.7695519999979297,-0.7346020000009048,-0.1600930000001881,0.0,-19.004009999999766
development100,4,7,0000000000000000000000000000000000000000000000000000000000000002,nccp,segment_entry,1201.5469679,1201.648629,0.10166110000000117,loss,1.0166110000009212,5.083064577796904,1.8208321470312967,0.03266700000312994,0.6189349999990554,0.0008439999998017811,0.0,0.3641649999999572
development100,4,8,0000000000000000000000000000000000000000000000000000000000000004,mec_center,nccp,704.05320025,701.954316875,-2.098883375000014,win,-33.582134000000224,-167.91067646825832,-154.78867866291694,1.6041149999982736,-4.228514999999334,0.0,0.0,-30.957733999999505
development100,4,8,0000000000000000000000000000000000000000000000000000000000000004,mec_center,segment_entry,704.05320025,702.10886575,-1.9443345000000818,win,-31.10935200000131,-155.54676747699705,-149.69465695903227,1.3098200000003999,-2.4802429999995184,0.0,0.0,-29.93892900000128
development100,4,8,0000000000000000000000000000000000000000000000000000000000000004,nccp,segment_entry,701.954316875,702.10886575,0.1545488749999322,loss,2.472781999998915,12.363908991261269,5.094021703884664,-0.2942949999978737,1.7482719999998153,0.0,0.0,1.018804999998224
development100,4,9,0000000000000000000000000000000000000000000000000000000000000040,mec_center,nccp,783.1293859333333,781.5789619999999,-1.5504239333333771,win,-23.256359000000884,-91.28179328455008,83.09937285776869,-0.8482670000012149,-38.221279000000095,-0.8066880000023957,0.0,16.619875000003503
development100,4,9,0000000000000000000000000000000000000000000000000000000000000040,mec_center,segment_entry,783.1293859333333,781.97789,-1.1514959333333081,win,-17.272439000000304,-86.36220684403816,-83.06030161746594,-0.747205000001486,0.99313599999914,-0.9063120000027993,0.0,-16.612057999995613
development100,4,9,0000000000000000000000000000000000000000000000000000000000000040,nccp,segment_entry,781.5789619999999,781.97789,0.398928000000069,loss,5.98392000000058,4.919586440511921,-166.15967447523462,0.10106199999972887,39.214414999999235,-0.09962400000040361,0.0,-33.23193299999912
development100,4,10,0000000000000000000000000000000000000000000000000000000000001000,mec_center,nccp,1230.6912058,1228.4564131,-2.234792700000071,win,-22.34792700000071,-111.73963445010304,-69.82009883083902,-8.66569299999901,0.28178699999989476,0.0,0.0,-13.964021000001594
development100,4,10,0000000000000000000000000000000000000000000000000000000000001000,mec_center,segment_entry,1230.6912058,1228.5073475,-2.183858300000111,win,-21.838583000000654,-109.19291260046157,-68.21887273731977,-8.216404999999213,0.021598000001176842,0.0,0.0,-13.643776000002163
development100,4,10,0000000000000000000000000000000000000000000000000000000000001000,nccp,segment_entry,1228.4564131,1228.5073475,0.05093439999996008,loss,0.5093440000000555,2.5467218496414716,1.6012260935192444,0.44928799999979674,-0.2601889999987179,0.0,0.0,0.32024499999943146
development100,4,11,0000000000000000000000000000000000000000000000000000000000040000,mec_center,nccp,748.23777,745.80285475,-2.4349152499999036,win,-38.95864399999846,-194.79321729077492,-141.54868885881342,-6.412379999996119,-1.7902660000036121,-2.4462589999992588,0.0,-28.309738999997876
development100,4,11,0000000000000000000000000000000000000000000000000000000000040000,mec_center,segment_entry,748.23777,745.94004775,-2.2977222499999925,win,-36.76355599999988,-183.8177978551903,-135.96670186430765,-5.996094999996785,-1.1185500000028696,-2.4555719999997336,0.0,-27.19333899999924
development100,4,11,0000000000000000000000000000000000000000000000000000000000040000,nccp,segment_entry,745.80285475,745.94004775,0.13719299999991108,loss,2.1950879999985773,10.975419435584627,5.581986994505769,0.4162849999993341,0.6717160000007425,-0.009313000000474858,0.0,1.1163999999986345
development100,4,12,0000000000000000000000000000000000000000000000000000000001000000,mec_center,nccp,662.2763275625,660.401574875,-1.8747526874999494,win,-29.99604299999919,-149.9802229269917,-150.19398710326323,-2.084097999997539,2.12685099999635,0.0,0.0,-30.038795999998683
development100,4,12,0000000000000000000000000000000000000000000000000000000001000000,mec_center,segment_entry,662.2763275625,660.39326625,-1.88306131249999,win,-30.12898099999984,-150.64489973171294,-147.6658249631423,-2.10550499999772,1.5096889999995255,0.0,0.0,-29.533165000002327
development100,4,12,0000000000000000000000000000000000000000000000000000000001000000,nccp,segment_entry,660.401574875,660.39326625,-0.008308625000040593,win,-0.13293800000064948,-0.664676804721239,2.5281621401209122,-0.021407000000181142,-0.6171619999968243,0.0,0.0,0.505630999996356
development100,4,13,0000000000000000000000000000000000000000000000000000000040000000,mec_center,nccp,796.4166929285714,794.572448857143,-1.8442440714284203,win,-25.819416999998793,-129.0970868783479,-132.13319418695892,-2.595101999999315,3.202325000000201,0.0,0.0,-26.426639999998656
development100,4,13,0000000000000000000000000000000000000000000000000000000040000000,mec_center,segment_entry,796.4166929285714,794.5620330714286,-1.8546598571427921,win,-25.965237999998863,-129.82619721603987,-122.44078912742498,-2.2291110000005574,0.7520319999994172,0.0,0.0,-24.488158999998745
development100,4,13,0000000000000000000000000000000000000000000000000000000040000000,nccp,segment_entry,794.572448857143,794.5620330714286,-0.01041578571437185,win,-0.14582100000006903,-0.7291103376919637,9.69240505953394,0.3659909999987576,-2.4502930000007836,0.0,0.0,1.9384809999999106
development100,4,14,0000000000000000000000000000000000000000000000000000001000000000,mec_center,nccp,926.7426691538462,924.6001206153846,-2.1425485384615968,win,-27.85313099999985,-139.2656625362215,-116.97375236979428,-3.9665989999994054,-0.4917840000025535,0.0,0.0,-23.39474799999863
development100,4,14,0000000000000000000000000000000000000000000000000000001000000000,mec_center,segment_entry,926.7426691538462,924.6057957692308,-2.1368733846154555,win,-27.77935400000024,-138.89677204997133,-117.03677548306928,-3.639654000002338,-0.7323460000038722,0.0,0.0,-23.40735399999511
development100,4,14,0000000000000000000000000000000000000000000000000000001000000000,nccp,segment_entry,924.6001206153846,924.6057957692308,0.0056751538461412565,loss,0.07377699999960896,0.36889048625016585,-0.0630231132749941,0.3269449999970675,-0.24056200000131867,0.0,0.0,-0.012605999996480932
development100,4,15,0000000000000000000000000000000000000000000000000000040000000000,mec_center,nccp,781.6907917857143,780.3248812857144,-1.3659104999999272,win,-19.122746999999436,-95.6137226635692,-88.19307407714177,-2.972927000002528,1.969028000001117,-0.4802319999998872,0.0,-17.638616000000184
development100,4,15,0000000000000000000000000000000000000000000000000000040000000000,mec_center,segment_entry,781.6907917857143,780.3472082857143,-1.3435835000000225,win,-18.810169000000315,-94.05084242883459,-88.04122585099276,-3.0020690000019385,2.282628000000841,-0.48248199999966346,0.0,-17.608246000001145
development100,4,15,0000000000000000000000000000000000000000000000000000040000000000,nccp,segment_entry,780.3248812857144,780.3472082857143,0.02232699999990473,loss,0.31257799999912095,1.562880234734621,0.1518482261490135,-0.029141999999410473,0.3135999999997239,-0.0022499999997762643,0.0,0.030369999999038555
development100,4,16,0000000000000000000000000000000000000000000000000001000000000000,mec_center,nccp,1144.4486235454547,1145.1747431818183,0.7261196363635918,loss,7.9873159999988275,39.93656904580712,-123.51940825278257,5.534120000000257,27.89902799999868,-0.7419489999992948,0.0,-24.70388300000093
development100,4,16,0000000000000000000000000000000000000000000000000001000000000000,mec_center,segment_entry,1144.4486235454547,1145.2923126363637,0.843689090909038,loss,9.280579999998736,46.40289971653692,-118.53454820058414,6.038805999996839,27.91915600000243,-0.970471999999063,0.0,-23.70691000000204
development100,4,16,0000000000000000000000000000000000000000000000000001000000000000,nccp,segment_entry,1145.1747431818183,1145.2923126363637,0.1175694545454462,loss,1.2932639999999083,6.466330670729803,4.984860052198428,0.5046859999965818,0.020128000003751367,-0.22852299999976822,0.0,0.9969729999988886
development100,4,17,0000000000000000000000000000000000000000000000000040000000000000,mec_center,nccp,745.6814755333332,743.8080903333333,-1.873385199999916,win,-28.10077799999999,-140.5038926983616,-108.70630894119222,-2.221051999998963,-4.138465999998289,0.0,0.0,-21.741260000001603
development100,4,17,0000000000000000000000000000000000000000000000000040000000000000,mec_center,segment_entry,745.6814755333332,744.5173566666667,-1.164118866666513,win,-17.46178299999883,-112.30890668352367,-435.5767468007243,-2.981808999997156,72.63537499999961,0.0,0.0,-87.11534900000038
development100,4,17,0000000000000000000000000000000000000000000000000040000000000000,nccp,segment_entry,743.8080903333333,744.5173566666667,0.709266333333403,loss,10.63899500000116,28.194986014837923,-326.8704378595321,-0.7607569999981934,76.7738409999979,0.0,0.0,-65.37408899999878
development100,4,18,0000000000000000000000000000000000000000000000001000000000000000,mec_center,nccp,1019.4013132499999,1018.4750665,-0.9262467499999048,win,-11.114960999999312,-55.5748040182516,-102.53368680002188,-0.6903759999986505,10.082151000000522,0.0,0.0,-20.506736000001183
development100,4,18,0000000000000000000000000000000000000000000000001000000000000000,mec_center,segment_entry,1019.4013132499999,1018.5111341666667,-0.890179083333237,win,-10.68214899999839,-53.41076547029661,-101.40227656720344,-0.5338189999984024,10.132122999999865,0.0,0.0,-20.280453000001103
development100,4,18,0000000000000000000000000000000000000000000000001000000000000000,nccp,segment_entry,1018.4750665,1018.5111341666667,0.03606766666666772,loss,0.4328120000009221,2.1640385479549877,1.131410232818439,0.15655700000024808,0.0499719999993431,0.0,0.0,0.2262830000000804
development100,4,19,0000000000000000000000000000000000000000000000040000000000000000,mec_center,nccp,1075.4917470909093,1074.2083592727272,-1.2833878181820637,win,-14.11726600000111,-70.58634472278209,-80.8789334007879,3.1462050000009185,-1.786127999999735,0.6984419999998863,0.0,-16.175785000001895
development100,4,19,0000000000000000000000000000000000000000000000040000000000000000,mec_center,segment_entry,1075.4917470909093,1074.0402028181818,-1.4515442727274603,win,-15.96698699999979,-79.83494636098476,-76.94261820415932,1.6810829999994894,-1.814564999997856,-0.44498200000043653,0.0,-15.388523000001669
development100,4,19,0000000000000000000000000000000000000000000000040000000000000000,nccp,segment_entry,1074.2083592727272,1074.0402028181818,-0.16815645454539663,win,-1.8497209999986808,-9.248601638202672,3.936315196628584,-1.4651220000014291,-0.028436999998120882,-1.1434240000003228,0.0,0.7872620000002257
development100,4,20,0000000000000000000000000000000000000000000001000000000000000000,mec_center,nccp,646.6978756875,645.7542194375,-0.9436562500000036,win,-15.098500000000058,-75.49250482116622,-126.80020912829332,6.408342000002449,3.892273999995723,-0.03907299999991665,0.0,-25.36004299999547
development100,4,20,0000000000000000000000000000000000000000000001000000000000000000,mec_center,segment_entry,646.6978756875,645.7793114375,-0.9185642499999176,win,-14.697027999998681,-73.48512764261977,-117.03808873237813,6.003292000003057,2.746598999998241,-0.03929900000002817,0.0,-23.407619999998587
development100,4,20,0000000000000000000000000000000000000000000001000000000000000000,nccp,segment_entry,645.7542194375,645.7793114375,0.025092000000086045,loss,0.4014720000013767,2.0073771785464487,9.76212039591519,-0.40504999999939173,-1.1456749999974818,-0.00022600000011152588,0.0,1.9524229999968838
development100,4,21,0000000000000000000000000000000000000000000040000000000000000000,mec_center,nccp,807.6463910714285,805.6717753571429,-1.974615714285619,win,-27.644619999999122,-138.2231046105735,-144.47304151556727,0.7304340000009688,0.5195529999991777,0.0,0.0,-28.894606999998928
development100,4,21,0000000000000000000000000000000000000000000040000000000000000000,mec_center,segment_entry,807.6463910714285,805.7574772857142,-1.8889137857142941,win,-26.444793000000573,-132.2239751866946,-141.2756042681808,1.4016430000010587,0.4086819999999989,0.0,0.0,-28.25511800000129
development100,4,21,0000000000000000000000000000000000000000000040000000000000000000,nccp,segment_entry,805.6717753571429,805.7574772857142,0.08570192857132497,loss,1.1998269999985496,5.999129423878912,3.1974372473864605,0.6712090000000899,-0.11087099999917882,0.0,0.0,0.6394889999976385
development100,4,22,0000000000000000000000000000000000000000001000000000000000000000,mec_center,nccp,1161.7291606000001,1163.2527848,1.5236241999998583,loss,15.236241999999038,1.181207127207017,-99.1054142602402,-0.08091000000058557,35.1382339999991,0.0,0.0,-19.821081999999933
development100,4,22,0000000000000000000000000000000000000000001000000000000000000000,mec_center,segment_entry,1161.7291606000001,1163.2576012,1.5284405999998398,loss,15.284405999998853,1.4220421139689279,-97.40984163644498,-0.1716260000011971,34.93800100000135,-2.2737367544323206e-13,0.0,-19.4819690000013
development100,4,22,0000000000000000000000000000000000000000001000000000000000000000,nccp,segment_entry,1163.2527848,1163.2576012,0.004816399999981513,loss,0.04816399999981513,0.24083498676191084,1.695572623795215,-0.09071600000061153,-0.2002329999977519,-2.2737367544323206e-13,0.0,0.3391129999986333
development100,4,23,0000000000000000000000000000000000000000040000000000000000000000,mec_center,nccp,679.7569739375,676.431331625,-3.3256423125000083,win,-53.21027700000013,-266.0513861817308,-159.06520532761397,-9.647407000000385,-11.749830999998949,2.2737367544323206e-13,0.0,-31.813039000000458
development100,4,23,0000000000000000000000000000000000000000040000000000000000000000,mec_center,segment_entry,679.7569739375,676.5102656875,-3.2467082499999833,win,-51.94733199999973,-259.7366571133243,-155.66594288998795,-8.784169000000475,-12.029973999999356,0.0,0.0,-31.133188999999675
development100,4,23,0000000000000000000000000000000000000000040000000000000000000000,nccp,segment_entry,676.431331625,676.5102656875,0.07893406250002499,loss,1.2629450000003999,6.31472906840645,3.399262437626021,0.8632379999999102,-0.2801430000004075,-2.2737367544323206e-13,0.0,0.6798500000007834
development100,4,24,0000000000000000000000000000000000000001000000000000000000000000,mec_center,nccp,1052.0963796363637,1051.6806542727272,-0.41572536363651125,win,-4.572979000000487,-22.864892400124518,3.494634945776397,-5.983959999997751,-1.037152000000333,1.7492039999999633,0.0,0.698929000000021
development100,4,24,0000000000000000000000000000000000000001000000000000000000000000,mec_center,segment_entry,1052.0963796363637,1051.7816007272727,-0.31477890909104644,win,-3.4625680000008288,-17.31282867968548,6.668491121967463,-5.8264689999959955,-0.1338350000025912,1.1640370000000075,0.0,1.333699000000081
development100,4,24,0000000000000000000000000000000000000001000000000000000000000000,nccp,segment_entry,1051.6806542727272,1051.7816007272727,0.1009464545454648,loss,1.110410999999658,5.552063720439037,3.173856176191066,0.1574910000017553,0.9033169999977417,-0.5851669999999558,0.0,0.63477000000006
development100,4,25,0000000000000000000000000000000000000008000000000000000000000000,mec_center,nccp,888.8339057692308,888.6202596153846,-0.21364615384618446,win,-2.7774000000008527,-13.886988251906587,-84.88874796358527,-6.311892000001535,21.153780000001916,-0.6415370000004259,0.0,-16.977750999999557
development100,4,25,0000000000000000000000000000000000000008000000000000000000000000,mec_center,segment_entry,888.8339057692308,888.6689491538461,-0.16495661538465356,win,-2.1444360000004963,-10.722173317932175,-83.96079210946687,-6.378934000000299,21.136383000001956,-0.10972800000035932,0.0,-16.792156999999634
development100,4,25,0000000000000000000000000000000000000008000000000000000000000000,nccp,segment_entry,888.6202596153846,888.6689491538461,0.0486895384615309,loss,0.6329640000003565,3.1648149339744123,0.9279558541184088,-0.06704199999876437,-0.017396999999959917,0.5318090000000666,0.0,0.18559399999992365
development100,4,26,0000000000000000000000000000000000000040000000000000000000000000,mec_center,nccp,1102.1791493636365,1099.5418264545456,-2.6373229090909263,win,-29.010551999999734,-145.05277849708364,-105.96344988115061,-8.351832999998805,0.5339680000033695,0.0,0.0,-21.19268700000532
development100,4,26,0000000000000000000000000000000000000040000000000000000000000000,mec_center,segment_entry,1102.1791493636365,1099.7279769090908,-2.4511724545457128,win,-26.96289700000125,-134.81449144272483,-98.94841392979924,-8.511245000001509,1.3380290000022796,0.0,0.0,-19.7896810000027
development100,4,26,0000000000000000000000000000000000000040000000000000000000000000,nccp,segment_entry,1099.5418264545456,1099.7279769090908,0.1861504545452135,loss,2.0476549999984854,10.238287054358807,7.015035951351365,-0.15941200000270328,0.8040609999989101,0.0,0.0,1.4030060000026197
development100,4,27,0000000000000000000000000000000000001000000000000000000000000000,mec_center,nccp,915.0479205384615,913.3341026923076,-1.7138178461539155,win,-22.279631999999765,-111.39815105748858,-106.49582258481928,-0.13189899999997579,0.9744149999978617,-1.822983000000022,0.0,-21.29916499999763
development100,4,27,0000000000000000000000000000000000001000000000000000000000000000,mec_center,segment_entry,915.0479205384615,913.3309790000001,-1.7169415384614695,win,-22.320239999999103,-111.60119274972385,-105.8279153735075,-0.3172489999979007,1.0027119999979277,-1.8401189999999588,0.0,-21.165583999998773
development100,4,27,0000000000000000000000000000000000001000000000000000000000000000,nccp,segment_entry,913.3341026923076,913.3309790000001,-0.003123692307553938,win,-0.04060799999933806,-0.20304169223527424,0.6679072113117854,-0.1853499999979249,0.028297000000065964,-0.017135999999936757,0.0,0.13358099999885553
development100,4,28,0000000000000000000000000000000000040000000000000000000000000000,mec_center,nccp,985.2695530833333,982.53864325,-2.730909833333385,win,-32.770918000000165,-163.85459632884886,-116.66901066677883,-7.615982999996049,-1.8211319999995794,0.0,0.0,-23.333803000002035
development100,4,28,0000000000000000000000000000000000040000000000000000000000000000,mec_center,segment_entry,985.2695530833333,982.6799902500001,-2.589562833333275,win,-31.074753999999302,-155.37377026764443,-114.04730697078708,-6.454524999999194,-1.8107669999997142,0.0,0.0,-22.809461999999712
development100,4,28,0000000000000000000000000000000000040000000000000000000000000000,nccp,segment_entry,982.53864325,982.6799902500001,0.1413470000001098,loss,1.6961640000008629,8.480826061204425,2.621703695991755,1.1614579999968555,0.010364999999865177,0.0,0.0,0.5243410000023232
development100,4,29,0000000000000000000000000000000001000000000000000000000000000000,mec_center,nccp,877.6399947692308,875.691765,-1.9482297692308066,win,-25.326987000000372,-126.63495924560993,-112.2684710262256,-2.329945999999836,-1.1644669999984671,0.6211169999996855,0.0,-22.453691000001072
development100,4,29,0000000000000000000000000000000001000000000000000000000000000000,mec_center,segment_entry,877.6399947692308,875.9112825384616,-1.728712230769247,win,-22.473259000000326,-112.36630746357696,-101.85814551259728,-1.6967600000007224,-0.9029820000007476,0.4981099999995422,0.0,-20.371626999997943
development100,4,29,0000000000000000000000000000000001000000000000000000000000000000,nccp,segment_entry,875.691765,875.9112825384616,0.21951753846155952,loss,2.8537280000000464,14.268651782032975,10.410325513628322,0.6331859999991138,0.26148499999771957,-0.12300700000014331,0.0,2.082064000003129
development100,4,30,0000000000000000000000000000000040000000000000000000000000000000,mec_center,nccp,959.3862995454546,957.247026090909,-2.1392734545455596,win,-23.532008000000133,-167.66003841737256,-204.67922026108658,-8.440643999998429,25.844478999998728,0.0,0.0,-40.93584299999918
development100,4,30,0000000000000000000000000000000040000000000000000000000000000000,mec_center,segment_entry,959.3862995454546,957.3299126363636,-2.0563869090909748,win,-22.620256000000154,-163.10128245918168,-259.4187862207325,-7.194241000001057,36.45773999999892,0.0,0.0,-51.883754999998416
development100,4,30,0000000000000000000000000000000040000000000000000000000000000000,nccp,segment_entry,957.247026090909,957.3299126363636,0.08288654545458485,loss,0.9117519999999786,4.558755958190886,-54.739565959645915,1.2464029999973718,10.613261000000193,0.0,0.0,-10.947911999999235
development100,4,31,0000000000000000000000000000001000000000000000000000000000000000,mec_center,nccp,795.7401562142858,794.1382949285714,-1.6018612857143353,win,-22.42605800000092,-87.13029931664641,-215.4204139278795,-6.001081000003978,26.659105000001546,0.0,0.0,-43.0840819999994
development100,4,31,0000000000000000000000000000001000000000000000000000000000000000,mec_center,segment_entry,795.7401562142858,794.1307464285713,-1.6094097857144334,win,-22.531737000001158,-87.65870289564918,-211.7102992191426,-6.0488380000024335,25.85915899999941,0.0,0.0,-42.342057999998815
development100,4,31,0000000000000000000000000000001000000000000000000000000000000000,nccp,segment_entry,794.1382949285714,794.1307464285713,-0.007548500000098102,win,-0.10567900000023656,-0.5284035790027701,3.71011470873691,-0.047756999998455285,-0.7999460000021372,0.0,0.0,0.7420240000005833
development100,4,32,0000000000000000000000000000040000000000000000000000000000000000,mec_center,nccp,792.764677,790.7093863571429,-2.0552906428571305,win,-28.774068999999145,-143.87034196688182,-112.14496836346461,-3.792695999996795,-2.552378999999519,0.0,0.0,-22.42899400000124
development100,4,32,0000000000000000000000000000040000000000000000000000000000000000,mec_center,segment_entry,792.764677,790.7643362857143,-2.0003407142856986,win,-28.004769999999553,-140.0238515807432,-109.72566536989098,-2.953085999997711,-3.106550999999854,0.0,0.0,-21.94513300000108
development100,4,32,0000000000000000000000000000040000000000000000000000000000000000,nccp,segment_entry,790.7093863571429,790.7643362857143,0.05494992857143188,loss,0.7692989999995916,3.846490386138612,2.4193029935736377,0.8396099999990838,-0.5541720000003352,0.0,0.0,0.48386100000016086
development100,4,33,0000000000000000000000000001000000000000000000000000000000000000,mec_center,nccp,712.22472,710.4303650666666,-1.7943549333334659,win,-26.91532400000142,-134.57660838781885,-90.30818423914161,-6.674535000001924,-2.616206999998326,0.4370550000003277,0.0,-18.061637000000474
development100,4,33,0000000000000000000000000001000000000000000000000000000000000000,mec_center,segment_entry,712.22472,710.5766428000001,-1.6480771999999888,win,-24.721158000000287,-123.60577628021565,-84.74801534507014,-5.239816000001156,-1.8713869999995723,-0.6603509999977177,0.0,-16.949604000002296
development100,4,33,0000000000000000000000000001000000000000000000000000000000000000,nccp,segment_entry,710.4303650666666,710.5766428000001,0.14627773333347704,loss,2.1941660000011325,10.9708321076032,5.560168894071467,1.4347190000007686,0.7448199999987537,-1.0974059999980454,0.0,1.1120329999981777
development100,4,34,0000000000000000000000000040000000000000000000000000000000000000,mec_center,nccp,821.8223714285714,819.3493984999999,-2.472972928571494,win,-34.62162100000023,-173.10808336034097,-135.73979569755056,-0.1246580000006361,-3.7219670000004044,-3.6270350000002054,0.0,-27.147960999999555
development100,4,34,0000000000000000000000000040000000000000000000000000000000000000,mec_center,segment_entry,821.8223714285714,819.4098415714286,-2.412529857142772,win,-33.77541799999926,-168.87708130295505,-133.77400921123308,0.1264149999988149,-3.6160780000004706,-3.5309530000001814,0.0,-26.754801999999927
development100,4,34,0000000000000000000000000040000000000000000000000000000000000000,nccp,segment_entry,819.3493984999999,819.4098415714286,0.06044307142872185,loss,0.846203000000969,4.231002057385922,1.9657864863174837,0.251072999999451,0.10588899999993373,0.09608200000002398,0.0,0.39315899999962767
development100,4,35,0000000000000000000000001000000000000000000000000000000000000000,mec_center,nccp,1070.772029,1068.3860641818183,-2.3859648181817192,win,-26.245613000000958,-131.22807351364463,-105.40054813786901,-4.496031999999104,-0.6694710000010673,0.0,0.0,-21.08010999999999
development100,4,35,0000000000000000000000001000000000000000000000000000000000000000,mec_center,segment_entry,1070.772029,1068.4661549090908,-2.3058740909091284,win,-25.364615000000413,-126.82308211650525,-103.3670695207793,-4.021730000002208,-0.6694709999983388,0.0,0.0,-20.673413999998218
development100,4,35,0000000000000000000000001000000000000000000000000000000000000000,nccp,segment_entry,1068.3860641818183,1068.4661549090908,0.08009072727259081,loss,0.8809980000005453,4.4049913971393835,2.0334786170897132,0.4743019999968965,2.7284841053187847e-12,0.0,0.0,0.406696000001773
development100,4,36,0000000000000000000000040000000000000000000000000000000000000000,mec_center,nccp,1005.6214421818182,1003.6823233636364,-1.9391188181817824,win,-21.330307000000175,-106.65153167987592,-95.23276100841122,0.4393500000005588,-2.72310400000174,0.0,0.0,-19.046552999997857
development100,4,36,0000000000000000000000040000000000000000000000000000000000000000,mec_center,segment_entry,1005.6214421818182,1003.9232754545454,-1.6981667272727918,win,-18.679834000000483,-93.39916042057303,-90.48559302811464,2.264944000002288,-2.847656999999799,2.2737367544323206e-13,0.0,-18.097121000002403
development100,4,36,0000000000000000000000040000000000000000000000000000000000000000,nccp,segment_entry,1003.6823233636364,1003.9232754545454,0.2409520909089906,loss,2.6504729999996925,13.25237125930289,4.747167980296581,1.825594000001729,-0.12455299999805902,2.2737367544323206e-13,0.0,0.9494319999954541
development100,4,37,0000000000000000000001000000000000000000000000000000000000000000,mec_center,nccp,754.0095485333334,752.8256310666667,-1.183917466666685,win,-17.758762000001298,-88.79380170699005,-115.12579957485514,4.668579999995927,0.597818000001098,0.0,0.0,-23.02515999999963
development100,4,37,0000000000000000000001000000000000000000000000000000000000000000,mec_center,segment_entry,754.0095485333334,752.7816349999999,-1.2279135333334352,win,-18.418703000001187,-92.09350922654266,-115.31539795089793,4.301313999996637,0.34306200000082754,0.0,0.0,-23.06307899999871
development100,4,37,0000000000000000000001000000000000000000000000000000000000000000,nccp,segment_entry,752.8256310666667,752.7816349999999,-0.043996066666750266,win,-0.6599409999998898,-3.299707519552612,-0.18959837604279528,-0.3672659999992902,-0.25475600000027043,0.0,0.0,-0.03791899999907855
development100,4,38,0000000000000000000040000000000000000000000000000000000000000000,mec_center,nccp,1172.4527352,1169.9009956,-2.551739600000019,win,-25.51739599999928,-127.5869751440332,-88.57833497681713,-8.048977000000377,0.24724900000046546,0.0,0.0,-17.71566800000062
development100,4,38,0000000000000000000040000000000000000000000000000000000000000000,mec_center,segment_entry,1172.4527352,1170.0257218000002,-2.4270133999998507,win,-24.270133999998507,-121.35066964616999,-87.49891645556613,-7.000896000001376,0.23054500000080225,0.0,0.0,-17.499782999997365
development100,4,38,0000000000000000000040000000000000000000000000000000000000000000,nccp,segment_entry,1169.9009956,1170.0257218000002,0.12472620000016832,loss,1.2472620000007737,6.2363054978632135,1.0794185212510001,1.0480809999990015,-0.01670399999966321,0.0,0.0,0.2158850000032544
development100,4,39,0000000000000000001000000000000000000000000000000000000000000000,mec_center,nccp,849.7286717857143,848.2194845714286,-1.5091872142857028,win,-21.12862099999984,-105.64308665097633,-97.3379228355002,-0.7491289999998116,-0.9119050000035713,0.0,0.0,-19.467586999996456
development100,4,39,0000000000000000001000000000000000000000000000000000000000000000,mec_center,segment_entry,849.7286717857143,848.3226163571428,-1.4060554285714488,win,-19.684776000000056,-98.42387598961795,-96.24449292498139,0.3449940000027709,-0.7808710000019801,0.0,0.0,-19.248899000000506
development100,4,39,0000000000000000001000000000000000000000000000000000000000000000,nccp,segment_entry,848.2194845714286,848.3226163571428,0.10313178571425397,loss,1.4438449999997829,7.219210661358375,1.0934299105188074,1.0941230000025826,0.13103400000159127,0.0,0.0,0.21868799999595012
development100,4,40,0000000000000000040000000000000000000000000000000000000000000000,mec_center,nccp,978.3177038333333,976.5371765833333,-1.7805272499999774,win,-21.36632699999973,-106.83162968784018,-109.57034169021699,2.613280000001396,-2.0655380000000605,0.0,0.0,-21.914069000000836
development100,4,40,0000000000000000040000000000000000000000000000000000000000000000,mec_center,segment_entry,978.3177038333333,976.8624341666667,-1.4552696666665952,win,-17.463235999999597,-87.3161964427054,-106.07949392879345,4.401661999998396,-0.6490010000002258,0.0,0.0,-21.21589699999788
development100,4,40,0000000000000000040000000000000000000000000000000000000000000000,nccp,segment_entry,976.5371765833333,976.8624341666667,0.32525758333338217,loss,3.9030910000001313,19.515433245134773,3.490847761423538,1.788381999997,1.4165369999998347,0.0,0.0,0.6981720000029554
development100,4,41,0000000000000001000000000000000000000000000000000000000000000000,mec_center,nccp,1072.9267937272728,1070.908897909091,-2.0178958181818416,win,-22.196853999999803,-110.98426048739202,-102.26023706753631,-1.7448049999984505,9.094947017729282e-13,-1.8189894035458565e-12,0.0,-20.45204900000101
development100,4,41,0000000000000001000000000000000000000000000000000000000000000000,mec_center,segment_entry,1072.9267937272728,1071.070607090909,-1.8561866363636454,win,-20.418052999999418,-102.09026092491695,-99.83082725257987,-0.4518869999992603,-9.094947017729282e-13,-1.8189894035458565e-12,0.0,-19.966165999998452
development100,4,41,0000000000000001000000000000000000000000000000000000000000000000,nccp,segment_entry,1070.908897909091,1071.070607090909,0.16170918181819616,loss,1.778801000000385,8.893999562475074,2.4294098149564434,1.2929179999991902,-1.8189894035458565e-12,0.0,0.0,0.48588300000255913
development100,4,42,0000000000000040000000000000000000000000000000000000000000000000,mec_center,nccp,948.9139442857143,943.4912476428572,-5.42269664285709,win,-75.91775299999972,-379.5887593485677,-251.42621032766738,4.229772000002413,-1.9783579999984795,-27.883923999998387,0.0,-50.28524300000481
development100,4,42,0000000000000040000000000000000000000000000000000000000000000000,mec_center,segment_entry,948.9139442857143,943.5644756428571,-5.3494686428571185,win,-74.89256100000057,-374.4627923880107,-247.8348616470853,3.0179820000012114,-1.263675999998668,-27.079892999999174,0.0,-49.56697400000576
development100,4,42,0000000000000040000000000000000000000000000000000000000000000000,nccp,segment_entry,943.4912476428572,943.5644756428571,0.07322799999997187,loss,1.0251919999991514,5.12596696055698,3.5913486805820867,-1.2117900000012014,0.7146819999998115,0.8040309999992132,0.0,0.7182689999990544
development100,4,43,0000000000001000000000000000000000000000000000000000000000000000,mec_center,nccp,727.3437179333334,725.7095124,-1.6342055333334429,win,-24.513083000001643,-122.56540695681906,-112.79546316189317,-2.1117040000044653,0.15771300000005795,0.0,0.0,-22.559091999996667
development100,4,43,0000000000001000000000000000000000000000000000000000000000000000,mec_center,segment_entry,727.3437179333334,725.8143597333333,-1.5293582000001607,win,-22.940373000001273,-114.70186464153085,-107.54634636382298,-2.2199800000016694,0.7888749999985976,0.0,0.0,-21.50926799999786
development100,4,43,0000000000001000000000000000000000000000000000000000000000000000,nccp,segment_entry,725.7095124,725.8143597333333,0.10484733333328222,loss,1.5727100000003702,7.863542315288214,5.24911679807019,-0.10827599999720405,0.6311619999985396,0.0,0.0,1.0498239999988073
development100,4,44,0000000000040000000000000000000000000000000000000000000000000000,mec_center,nccp,689.9294004375,688.1803411875,-1.749059250000073,win,-27.984948000001168,-139.92474569501064,-111.4424874429742,-2.3524950000028184,-2.035665999998969,-1.3082910000002812,0.0,-22.28849599999819
development100,4,44,0000000000040000000000000000000000000000000000000000000000000000,mec_center,segment_entry,689.9294004375,688.4395306875,-1.4898697500000253,win,-23.837916000000405,-119.18957693083212,-100.70233336360889,-1.4050130000014178,-0.5439409999991085,-1.7484929999995984,0.0,-20.140469000000053
development100,4,44,0000000000040000000000000000000000000000000000000000000000000000,nccp,segment_entry,688.1803411875,688.4395306875,0.2591895000000477,loss,4.147032000000763,20.735168764178525,10.740154079365311,0.9474820000014006,1.4917249999998603,-0.4402019999993172,0.0,2.1480269999981374
development100,4,45,0000000001000000000000000000000000000000000000000000000000000000,mec_center,nccp,1119.1246819,1116.2468702,-2.8778116999999384,win,-28.77811699999984,-143.8905824489193,-94.7605906918493,-6.43057399999816,-3.395424999999932,9.094947017729282e-13,0.0,-18.95211800000112
development100,4,45,0000000001000000000000000000000000000000000000000000000000000000,mec_center,segment_entry,1119.1246819,1116.2797235,-2.844958399999996,win,-28.44958399999996,-142.247920558264,-93.8510622424933,-6.208262000000104,-3.4711089999993874,9.094947017729282e-13,0.0,-18.770213000000524
development100,4,45,0000000001000000000000000000000000000000000000000000000000000000,nccp,segment_entry,1116.2468702,1116.2797235,0.032853299999942465,loss,0.3285329999998794,1.6426618906552903,0.909528449356003,0.2223119999980554,-0.07568399999945541,0.0,0.0,0.18190500000059728
development100,4,46,0000000040000000000000000000000000000000000000000000000000000000,mec_center,nccp,986.5111754166666,985.16953,-1.3416454166665517,win,-16.09974499999953,-80.4987237907626,-93.87749814382323,4.744810000001962,-2.0690559999966354,0.0,0.0,-18.77549900000315
development100,4,46,0000000040000000000000000000000000000000000000000000000000000000,mec_center,segment_entry,986.5111754166666,985.2649415,-1.246233916666597,win,-14.954807000000073,-74.77403095368936,-88.22257980140353,4.831082999997307,-2.1413719999986824,0.0,0.0,-17.644517999998584
development100,4,46,0000000040000000000000000000000000000000000000000000000000000000,nccp,segment_entry,985.16953,985.2649415,0.09541149999995469,loss,1.1449379999994562,5.724692837073235,5.654918342419705,0.08627299999534443,-0.07231600000204708,0.0,0.0,1.1309810000045672
development100,4,47,0000001000000000000000000000000000000000000000000000000000000000,mec_center,nccp,1050.3725473636364,1048.650141909091,-1.7224054545454237,win,-18.946459999999206,-94.73230795827112,-105.42419540726189,0.033269000001382665,2.105111000001898,0.0,0.0,-21.08484000000101
development100,4,47,0000001000000000000000000000000000000000000000000000000000000000,mec_center,segment_entry,1050.3725473636364,1048.686895909091,-1.6856514545454502,win,-18.54216599999927,-92.71083916356292,-104.24221952500727,0.19440300000132993,2.111874000000398,0.0,0.0,-20.848443000000316
development100,4,47,0000001000000000000000000000000000000000000000000000000000000000,nccp,segment_entry,1048.650141909091,1048.686895909091,0.03675399999997353,loss,0.4042939999999362,2.0214687947081984,1.1819758822546191,0.16113399999994726,0.006762999998500163,0.0,0.0,0.23639700000069297
development100,4,48,0000040000000000000000000000000000000000000000000000000000000000,mec_center,nccp,882.0790241538463,880.5292825384615,-1.5497416153847325,win,-20.146641000001182,-100.73321031431988,-82.53934784292824,-1.8276149999983318,-1.8111560000008922,0.0,0.0,-16.50787000000048
development100,4,48,0000040000000000000000000000000000000000000000000000000000000000,mec_center,segment_entry,882.0790241538463,880.7040383846154,-1.3749857692308751,win,-17.874815000001036,-89.37406290136278,-73.8356969583183,-1.531371000000945,-1.576302000003352,0.0,0.0,-14.767141999997307
development100,4,48,0000040000000000000000000000000000000000000000000000000000000000,nccp,segment_entry,880.5292825384615,880.7040383846154,0.17475584615385742,loss,2.2718260000001465,11.3591474129571,8.703650884609942,0.2962439999973867,0.23485399999754009,0.0,0.0,1.7407280000031733
development100,4,49,0001000000000000000000000000000000000000000000000000000000000000,mec_center,nccp,714.8598605,710.191720125,-4.668140375000007,win,-74.69024600000012,-338.4512485326122,198.37849496515946,41.66849600000387,-156.0344420000033,0.0,0.0,39.67569999999864
development100,4,49,0001000000000000000000000000000000000000000000000000000000000000,mec_center,segment_entry,714.8598605,710.2443431875,-4.6155173124999465,win,-73.84827699999914,-334.2413896875223,202.62900647825018,41.42539500000203,-155.79947400000242,0.0,0.0,40.52580200000193
development100,4,49,0001000000000000000000000000000000000000000000000000000000000000,nccp,segment_entry,710.191720125,710.2443431875,0.05262306250006077,loss,0.8419690000009723,4.2098588450899115,4.250511513090714,-0.2431010000018432,0.23496800000089024,0.0,0.0,0.8501020000032895
development100,4,50,0040000000000000000000000000000000000000000000000000000000000000,mec_center,nccp,1141.1776673,1140.275255,-0.9024122999999236,win,-9.024123000001055,-45.12061886949232,-69.07167335081795,1.8653180000001157,2.9248939999999948,0.0,0.0,-13.814335000001165
development100,4,50,0040000000000000000000000000000000000000000000000000000000000000,mec_center,segment_entry,1141.1776673,1140.1594153,-1.0182519999998476,win,-10.182520000000295,-50.91261692704575,-66.32535194145703,1.822425000002113,1.2601239999991094,0.0,0.0,-13.265069000000153
development100,4,50,0040000000000000000000000000000000000000000000000000000000000000,nccp,segment_entry,1140.275255,1140.1594153,-0.11583969999992405,win,-1.1583969999992405,-5.791998057553428,2.7463214093609167,-0.04289299999800278,-1.6647700000008854,0.0,0.0,0.5492660000010119
development100,4,51,1000000000000000000000000000000000000000000000000000000000000000,mec_center,nccp,1160.689259,1158.7594202,-1.9298387999999704,win,-19.29838799999925,-96.49193855014892,-85.12693296029886,-3.1031239999974787,0.3528830000009293,0.47723800000017036,0.0,-17.025385000002416
development100,4,51,1000000000000000000000000000000000000000000000000000000000000000,mec_center,segment_entry,1160.689259,1158.7999919,-1.8892671000000973,win,-18.89267099999961,-94.46335277164326,-84.85190494837525,-2.9697699999996985,0.48515000000099917,0.5623300000004292,0.0,-16.970381000002476
development100,4,51,1000000000000000000000000000000000000000000000000000000000000000,nccp,segment_entry,1158.7594202,1158.7999919,0.04057169999987309,loss,0.4057169999996404,2.028585778505658,0.2750280119236095,0.1333539999977802,0.13226700000006986,0.08509200000025885,0.0,0.05500399999993988
development100,4,52,ba3d6678dd7cb0d065858640fcf0007dd3a31be73d5a5b71173279bbab46ccf3,mec_center,nccp,767.4713928,767.8125173999999,0.3411245999999437,loss,5.116868999999497,25.58435185920098,-142.33471795072228,-10.30275100000108,43.88656400000309,2.2737367544323206e-13,0.0,-28.46694400000223
development100,4,52,ba3d6678dd7cb0d065858640fcf0007dd3a31be73d5a5b71173279bbab46ccf3,mec_center,segment_entry,767.4713928,768.0308341333333,0.559441333333325,loss,8.39162000000033,41.95811040439003,-138.60804685815265,-8.659842000000936,44.77307200000223,-4.547473508864641e-13,0.0,-27.72161000000034
development100,4,52,ba3d6678dd7cb0d065858640fcf0007dd3a31be73d5a5b71173279bbab46ccf3,nccp,segment_entry,767.8125173999999,768.0308341333333,0.2183167333333813,loss,3.2747510000008333,16.373758545189048,3.7266710925696316,1.6429090000001452,0.8865079999991394,-6.821210263296962e-13,0.0,0.7453340000018898
development100,4,53,2f0f7f7080cea2468e02407ae424cd306a88aa29c679e003533c57445d74160b,mec_center,nccp,744.3318437333332,743.3223556666667,-1.009488066666563,win,-15.142320999999356,-75.71160905896977,-81.8446152793581,0.08040600000094855,1.146197000000484,0.0,0.0,-16.36892399999965
development100,4,53,2f0f7f7080cea2468e02407ae424cd306a88aa29c679e003533c57445d74160b,mec_center,segment_entry,744.3318437333332,743.3048581999999,-1.0269855333333453,win,-15.404782999999952,-77.02391155941586,-77.5223304332676,-1.7001380000001518,1.7998210000014296,0.0,0.0,-15.504466000000662
development100,4,53,2f0f7f7080cea2468e02407ae424cd306a88aa29c679e003533c57445d74160b,nccp,segment_entry,743.3223556666667,743.3048581999999,-0.017497466666782202,win,-0.26246200000059616,-1.3123025004460942,4.322284846090497,-1.7805440000011004,0.6536240000009457,0.0,0.0,0.8644579999989901
development100,4,54,97d80d4f862e21ec78a03669b6b7714d8c40b51a8a699ba5ea7c5388c456ab65,mec_center,nccp,812.4057156153847,807.8046129230769,-4.601102692307791,win,-59.81433500000094,-249.0716773573149,-43.740388407891714,3.001987999998164,-54.06824500000039,0.0,0.0,-8.748078000000191
development100,4,54,97d80d4f862e21ec78a03669b6b7714d8c40b51a8a699ba5ea7c5388c456ab65,mec_center,segment_entry,812.4057156153847,807.9777899230769,-4.427925692307781,win,-57.5630340000007,-237.81516302686214,-37.51588085618823,2.7757590000001073,-52.83561700000166,0.0,0.0,-7.503175999999485
development100,4,54,97d80d4f862e21ec78a03669b6b7714d8c40b51a8a699ba5ea7c5388c456ab65,nccp,segment_entry,807.8046129230769,807.9777899230769,0.17317700000000968,loss,2.2513010000002396,11.256514330452774,6.224507551703482,-0.22622899999805668,1.2326279999987264,0.0,0.0,1.2449020000007067
development100,4,55,d770912cb60bc809ff0ade4c922fa2e48f49e08e760e10f39b6fad070001ae79,mec_center,nccp,822.88161,820.2371415333333,-2.6444684666666944,win,-39.66702699999951,-198.3351071305733,-109.36440529342417,-14.324707999996463,-2.6354500000024927,-0.8339850000002116,0.0,-21.872884
development100,4,55,d770912cb60bc809ff0ade4c922fa2e48f49e08e760e10f39b6fad070001ae79,mec_center,segment_entry,822.88161,820.5228353333333,-2.3587746666667044,win,-35.38162000000011,-176.90809139999328,-100.76892670059578,-11.924657000001389,-2.5090319999992516,-0.7941460000001825,0.0,-20.15378499999997
development100,4,55,d770912cb60bc809ff0ade4c922fa2e48f49e08e760e10f39b6fad070001ae79,nccp,segment_entry,820.2371415333333,820.5228353333333,0.28569379999999,loss,4.285406999999395,21.427015730580024,8.595478592828385,2.4000509999950737,0.1264180000032411,0.039839000000029046,0.0,1.7190990000000284
development100,4,56,784f17a46998e17f112cffa6f4e7c8e56588c8dabd3aa02ebb1c32e44a3ffb1e,mec_center,nccp,1274.0392531,1272.3584566,-1.6807965000000422,win,-16.807964999999967,-84.03982954427192,-83.87637387757695,-1.1229569999995874,0.008125999999947453,1.0821410000007745,0.0,-16.775275000000647
development100,4,56,784f17a46998e17f112cffa6f4e7c8e56588c8dabd3aa02ebb1c32e44a3ffb1e,mec_center,segment_entry,1274.0392531,1272.4040531,-1.6351999999999407,win,-16.351999999998952,-81.76001327452832,-80.91842294170056,-1.670851999999286,0.4578580000013517,1.0446760000013455,0.0,-16.183682000001795
development100,4,56,784f17a46998e17f112cffa6f4e7c8e56588c8dabd3aa02ebb1c32e44a3ffb1e,nccp,segment_entry,1272.3584566,1272.4040531,0.045596500000101514,loss,0.45596500000101514,2.2798162697436055,2.957950935876397,-0.5478949999996985,0.44973200000140423,-0.03746499999942898,0.0,0.5915929999988521
development100,4,57,1548da85d6c6e39eb890c305e8d66c0fd204ecd3c3c6cc267e1a045f97fe7a4a,mec_center,nccp,756.1027445,755.8519194375,-0.2508250624999846,win,-4.0132009999997535,-35.06600256685488,-133.01241542001367,-9.474620000000868,1.0966379999999845,32.36503999999968,-1.3977750000001379,-26.60248399999864
development100,4,57,1548da85d6c6e39eb890c305e8d66c0fd204ecd3c3c6cc267e1a045f97fe7a4a,mec_center,segment_entry,756.1027445,755.8210686875,-0.28167581249999785,win,-4.5068129999999655,-37.53408870851854,-130.6419134653172,-10.435770000000048,1.0642220000017915,32.391800999999305,-1.398682000000008,-26.12838400000078
development100,4,57,1548da85d6c6e39eb890c305e8d66c0fd204ecd3c3c6cc267e1a045f97fe7a4a,nccp,segment_entry,755.8519194375,755.8210686875,-0.03085075000001325,win,-0.493612000000212,-2.4680861416636617,2.370501954696465,-0.9611499999991793,-0.032415999998193,0.02676099999962389,-0.000906999999870095,0.47409999999786123
development100,4,58,3968cf2f68f506d6ea7ca59ddf7bfa1c70cb5ca081c7faf38d6551380c551f9d,mec_center,nccp,800.9960661428571,800.1682377857143,-0.8278283571428346,win,-11.58959700000014,-57.94800385447161,-104.1935913215575,9.060844999998153,0.1882740000000922,0.0,0.0,-20.838715999999522
development100,4,58,3968cf2f68f506d6ea7ca59ddf7bfa1c70cb5ca081c7faf38d6551380c551f9d,mec_center,segment_entry,800.9960661428571,800.4281174285715,-0.5679487142856487,win,-7.951281999999992,-39.75642508747842,-95.04692612114013,10.191169999998237,0.8669310000016139,0.0,0.0,-19.009382999999957
development100,4,58,3968cf2f68f506d6ea7ca59ddf7bfa1c70cb5ca081c7faf38d6551380c551f9d,nccp,segment_entry,800.1682377857143,800.4281174285715,0.2598796428571859,loss,3.638315000000148,18.19157876699319,9.146665200417374,1.1303250000000844,0.6786570000015217,0.0,0.0,1.829332999999565
development100,4,59,c5a6a4109c0888085001a62e9a939573dfc3a9188630cddb899dfb7c060e27dd,mec_center,nccp,740.2718804,738.2164948000001,-2.0553855999999087,win,-30.830783999999767,-154.15392047512432,-128.99450609280075,-3.8060909999985597,-1.225790000001325,1.1368683772161603e-12,0.0,-25.798902999999314
development100,4,59,c5a6a4109c0888085001a62e9a939573dfc3a9188630cddb899dfb7c060e27dd,mec_center,segment_entry,740.2718804,738.2807764666667,-1.9911039333333065,win,-29.866559000000052,-149.3327858878256,-122.37779171915054,-4.305019999999786,-1.0859800000016548,1.1368683772161603e-12,0.0,-24.47555899999793
development100,4,59,c5a6a4109c0888085001a62e9a939573dfc3a9188630cddb899dfb7c060e27dd,nccp,segment_entry,738.2164948000001,738.2807764666667,0.06428166666660218,loss,0.9642249999997148,4.8211345872987295,6.616714373650211,-0.4989290000012261,0.13980999999967025,0.0,0.0,1.3233440000013843
development100,4,60,1c98b0acecb38f668a506387b2098fa851a68592867cb74166ab0144c4605406,mec_center,nccp,1141.6839261,1142.2777126,0.5937865000000784,loss,5.937865000001693,29.68929641115392,-71.38790370571064,-3.8097129999987374,24.025155000000268,0.0,0.0,-14.277577000000406
development100,4,60,1c98b0acecb38f668a506387b2098fa851a68592867cb74166ab0144c4605406,mec_center,segment_entry,1141.6839261,1142.4161463,0.7322202000000289,loss,7.322202000001198,36.61098068916908,-69.59571269429875,-3.8223539999999048,25.06369499999937,0.0,0.0,-13.919138999998495
development100,4,60,1c98b0acecb38f668a506387b2098fa851a68592867cb74166ab0144c4605406,nccp,segment_entry,1142.2777126,1142.4161463,0.13843369999995048,loss,1.3843369999995048,6.921684278015164,1.7921910114118873,-0.012641000001167413,1.0385399999991023,0.0,0.0,0.35843800000191095
development100,4,61,04ac3add1ca2a7a7ca96c56bf0bc4d9964d00237856b65c412634d286fd42a97,mec_center,nccp,855.6547708571428,891.2199558571428,35.56518500000004,loss,497.9125899999999,1049.5629571169557,-308.88779509497294,-8.574442999999519,-3.64985099999717,-196.04713700000025,767.9615810000003,-61.77756000000301
development100,4,61,04ac3add1ca2a7a7ca96c56bf0bc4d9964d00237856b65c412634d286fd42a97,mec_center,segment_entry,855.6547708571428,891.2011363571429,35.54636550000009,loss,497.64911700000084,1048.2455844425422,-308.6246292319397,-8.932026000000405,-3.7005639999997584,-196.00641000000041,768.0130440000003,-61.72492699999793
development100,4,61,04ac3add1ca2a7a7ca96c56bf0bc4d9964d00237856b65c412634d286fd42a97,nccp,segment_entry,891.2199558571428,891.2011363571429,-0.018819499999949585,win,-0.2634729999990668,-1.317372674413491,0.26316586303323675,-0.3575830000008864,-0.05071300000258816,0.040726999999833424,0.05146300000001247,0.05263300000507343
development100,4,62,a86cc0ddc589b07998f70774bf0f3a594106c04cc5bcc3536ceddfb336ee01b7,mec_center,nccp,1073.1586055454545,1070.512898,-2.64570754545457,win,-29.102783000000272,-145.5139144355635,-100.16713725580189,-8.695308000003934,-0.37404699999842705,0.0,0.0,-20.033427999998935
development100,4,62,a86cc0ddc589b07998f70774bf0f3a594106c04cc5bcc3536ceddfb336ee01b7,mec_center,segment_entry,1073.1586055454545,1070.5403557272728,-2.6182498181817664,win,-28.800748000001477,-144.00373929333,-97.08534408193509,-8.519819000004645,-0.8638599999967482,0.0,0.0,-19.417069000000765
development100,4,62,a86cc0ddc589b07998f70774bf0f3a594106c04cc5bcc3536ceddfb336ee01b7,nccp,segment_entry,1070.512898,1070.5403557272728,0.027457727272803822,loss,0.3020349999987957,1.5101751422334928,3.0817931738667994,0.17548899999928835,-0.4898129999983212,0.0,0.0,0.6163589999981696
development100,4,63,6364202139a56f22a4593bac2c2b49a74274a633454c597e722f367556ec01c1,mec_center,nccp,1110.091785,1108.5573136363637,-1.534471363636385,win,-16.87918499999978,-84.39593054015859,-79.91605933760661,-2.16355300000032,0.31368399999814756,0.9538950000001023,0.0,-15.983210999998278
development100,4,63,6364202139a56f22a4593bac2c2b49a74274a633454c597e722f367556ec01c1,mec_center,segment_entry,1110.091785,1108.565859909091,-1.5259250909091406,win,-16.78517600000123,-83.92588903701107,-78.40475855647287,-2.054583000001003,0.006756000001814755,0.943601999999828,0.0,-15.680951000001414
development100,4,63,6364202139a56f22a4593bac2c2b49a74274a633454c597e722f367556ec01c1,nccp,segment_entry,1108.5573136363637,1108.565859909091,0.008546272727244286,loss,0.09400899999855028,0.47004150314751314,1.5113007811337411,0.10896999999931722,-0.3069279999963328,-0.010293000000274333,0.0,0.30225999999686337
development100,4,64,6a46f19ac7726ada9a0bbf3eaba282bef248e1c8b236c96880d8892ff792eb7f,mec_center,nccp,887.9714825384616,886.3803503076923,-1.59113223076929,win,-20.68471900000077,-103.42358442016848,-103.96065464000503,-2.02072600000065,2.1281389999981,0.0,0.0,-20.792131999998446
development100,4,64,6a46f19ac7726ada9a0bbf3eaba282bef248e1c8b236c96880d8892ff792eb7f,mec_center,segment_entry,887.9714825384616,886.4885143846154,-1.4829681538461728,win,-19.27858600000036,-96.39293598635413,-98.31739752328531,-2.149667000003319,2.5345599999984643,0.0,0.0,-19.66347899999778
development100,4,64,6a46f19ac7726ada9a0bbf3eaba282bef248e1c8b236c96880d8892ff792eb7f,nccp,segment_entry,886.3803503076923,886.4885143846154,0.10816407692311714,loss,1.406133000000409,7.030648433814349,5.643257116719724,-0.12894100000266917,0.4064210000003641,0.0,0.0,1.1286530000006678
development100,4,65,7b1f6f8cec673f9fcfd66ebb3b5a98ca08252f4c39a8a24ec462f46b685823a7,mec_center,nccp,913.5683223076923,910.2293774615384,-3.3389448461538223,win,-43.40628300000026,-217.03140260465443,-148.23687625725256,-7.551413000002867,-6.2074949999985165,0.0,0.0,-29.64737499999933
development100,4,65,7b1f6f8cec673f9fcfd66ebb3b5a98ca08252f4c39a8a24ec462f46b685823a7,mec_center,segment_entry,913.5683223076923,910.2135123846153,-3.354809923076914,win,-43.612528999999995,-218.06262337871885,-146.08688947982068,-8.117668999997477,-6.277480999998943,-2.2737367544323206e-13,0.0,-29.217379000002893
development100,4,65,7b1f6f8cec673f9fcfd66ebb3b5a98ca08252f4c39a8a24ec462f46b685823a7,nccp,segment_entry,910.2293774615384,910.2135123846153,-0.015865076923091692,win,-0.20624599999973725,-1.0312207740644226,2.1499867774318773,-0.5662559999946097,-0.06998600000042643,-2.2737367544323206e-13,0.0,0.4299959999964358
development100,4,66,4f2b105f432e2c81de6bcb11748644a3781d1423ebabe2231c9c704099697fc3,mec_center,nccp,809.097227,806.5806186000001,-2.516608399999882,win,-37.749125999998796,-188.7456118912378,-130.10758399048154,-11.971739999997226,2.7284841053187847e-12,0.24413199999753488,0.0,-26.02151800000229
development100,4,66,4f2b105f432e2c81de6bcb11748644a3781d1423ebabe2231c9c704099697fc3,mec_center,segment_entry,809.097227,806.5915646666667,-2.505662333333248,win,-37.58493499999895,-187.9246559316889,-127.10025555140828,-12.122145999996064,-1.8189894035458565e-12,-0.04273700000067038,0.0,-25.420052000001306
development100,4,66,4f2b105f432e2c81de6bcb11748644a3781d1423ebabe2231c9c704099697fc3,nccp,segment_entry,806.5806186000001,806.5915646666667,0.01094606666663367,loss,0.1641909999998461,0.8209559595488827,3.0073284390732624,-0.15040599999883852,-4.547473508864641e-12,-0.28686899999820525,0.0,0.6014660000009826
development100,4,67,f970dc1fa6e82813e7d955be7a2c784895fbe642d9614d3dabb44caf93fb0afd,mec_center,nccp,937.2677700833333,935.4031109166667,-1.86465916666657,win,-22.37590999999884,-111.87957555423782,-88.03589586228554,-4.685625000000073,-0.08310800000003837,-1.8189894035458565e-12,0.0,-17.607176999997023
development100,4,67,f970dc1fa6e82813e7d955be7a2c784895fbe642d9614d3dabb44caf93fb0afd,mec_center,segment_entry,937.2677700833333,935.4056214166667,-1.8621486666665987,win,-22.345783999999185,-111.72893799970916,-85.5481209636464,-4.382758000001559,-0.8534030000000712,0.0,0.0,-17.109622999998464
development100,4,67,f970dc1fa6e82813e7d955be7a2c784895fbe642d9614d3dabb44caf93fb0afd,nccp,segment_entry,935.4031109166667,935.4056214166667,0.0025104999999712163,loss,0.030125999999654596,0.15063755452865735,2.4877748986391452,0.3028669999985141,-0.7702950000000328,1.8189894035458565e-12,0.0,0.49755399999855854
development100,4,68,0a43a4c70fbb7645f951ca49e6bd9ea6b1532e2d1b325ec3dc7b730b65505ea5,mec_center,nccp,790.4935928666667,788.4575093333333,-2.0360835333334535,win,-30.541253000001234,-177.70625770532206,-140.4461855297884,-3.998922999997376,1.5469059999959427,0.0,0.0,-28.089235999998436
development100,4,68,0a43a4c70fbb7645f951ca49e6bd9ea6b1532e2d1b325ec3dc7b730b65505ea5,mec_center,segment_entry,790.4935928666667,788.480584,-2.0130088666667234,win,-30.19513300000108,-175.9756701241422,-139.58033249680375,-3.995169999998325,1.7161030000004303,0.0,0.0,-27.916066000000683
development100,4,68,0a43a4c70fbb7645f951ca49e6bd9ea6b1532e2d1b325ec3dc7b730b65505ea5,nccp,segment_entry,788.4575093333333,788.480584,0.02307466666673008,loss,0.3461200000001554,1.7305875811798614,0.8658530329846599,0.0037529999990510987,0.16919700000448756,0.0,0.0,0.17316999999775362
development100,4,69,8df8a0ae76a4cd281a0b7a15188ee2a7fd08f5b90969ffcc7ae815f4f5366ebc,mec_center,nccp,1149.4759851000001,1147.0148916,-2.461093500000061,win,-24.61093500000061,-123.05467647589103,-87.73779303267452,-4.972353000001021,-0.37889800000084506,-1.7121240000001308,0.0,-17.547559999998953
development100,4,69,8df8a0ae76a4cd281a0b7a15188ee2a7fd08f5b90969ffcc7ae815f4f5366ebc,mec_center,segment_entry,1149.4759851000001,1147.1672942999999,-2.3086908000002495,win,-23.08690800000113,-115.43453879840672,-82.09701115929079,-5.054133000001457,0.09875200000078621,-1.712123999999676,0.0,-16.419403000000216
development100,4,69,8df8a0ae76a4cd281a0b7a15188ee2a7fd08f5b90969ffcc7ae815f4f5366ebc,nccp,segment_entry,1147.0148916,1147.1672942999999,0.15240269999981138,loss,1.524026999999478,7.620137677484308,5.64078187338373,-0.0817800000004354,0.47765000000163127,4.547473508864641e-13,0.0,1.1281569999987369
development100,4,70,d6f2558171a603d648294fa0805c6f4c91104f70676decf9a07de4030717734f,mec_center,nccp,914.6674173076923,913.3480321538462,-1.3193851538460422,win,-17.152006999998775,-85.76002868446812,-99.19685528434275,-1.5667019999982585,4.765291000000161,-0.5112250000011045,0.0,-19.839371000000483
development100,4,70,d6f2558171a603d648294fa0805c6f4c91104f70676decf9a07de4030717734f,mec_center,segment_entry,914.6674173076923,913.5347294615385,-1.1326878461537717,win,-14.724941999998919,-73.62470375953853,-93.08154954667907,-0.3399669999998878,4.284502000000202,-0.05316600000060134,0.0,-18.616310999999655
development100,4,70,d6f2558171a603d648294fa0805c6f4c91104f70676decf9a07de4030717734f,nccp,segment_entry,913.3480321538462,913.5347294615385,0.18669730769227044,loss,2.427064999999857,12.135324924929591,6.115305737663675,1.2267349999983708,-0.48078899999995883,0.45805900000050315,0.0,1.223060000000828
development100,4,71,f6d3e037aa23c2a3ae9351cd4cc855074d8b9c0a4a96d52b720e802c7f742889,mec_center,nccp,983.4985635454545,980.8302932727273,-2.668270272727227,win,-29.350973000000522,-146.75487206081016,-106.93749116191384,-2.493549000000712,-5.469925999999987,0.0,0.0,-21.38749800000005
development100,4,71,f6d3e037aa23c2a3ae9351cd4cc855074d8b9c0a4a96d52b720e802c7f742889,mec_center,segment_entry,983.4985635454545,980.8214926363636,-2.6770709090909577,win,-29.44778000000042,-147.23888939769677,-104.0820914982919,-3.4004279999990104,-5.230932000001644,0.0,0.0,-20.816419999999255
development100,4,71,f6d3e037aa23c2a3ae9351cd4cc855074d8b9c0a4a96d52b720e802c7f742889,nccp,segment_entry,980.8302932727273,980.8214926363636,-0.008800636363730518,win,-0.09680699999989884,-0.484017336886609,2.855399663621938,-0.9068789999982982,0.2389939999983426,0.0,0.0,0.5710780000007958
development100,4,72,f59ab0da552f2688f3af556b17b3b265716e331184fb2d18ec7c83f5904ef598,mec_center,nccp,977.9086483846154,976.3254529230769,-1.5831954615384802,win,-20.58154099999956,-102.90770698871347,-101.1878546728476,-2.0867719999987457,-1.579818999999361,2.9050340000001142,0.4175849999996899,-20.237569000000576
development100,4,72,f59ab0da552f2688f3af556b17b3b265716e331184fb2d18ec7c83f5904ef598,mec_center,segment_entry,977.9086483846154,977.840294076923,-0.06835430769240247,win,-0.8886060000004363,-49.44303271577519,-243.2113413536863,-1.4258319999989908,-1.4129389999991417,29.943980999999667,20.648450999999568,-48.64226700000137
development100,4,72,f59ab0da552f2688f3af556b17b3b265716e331184fb2d18ec7c83f5904ef598,nccp,segment_entry,976.3254529230769,977.840294076923,1.5148411538460778,loss,19.692934999999125,53.46467427293828,-142.0234866808387,0.660939999999755,0.1668800000002193,27.038946999999553,20.230865999999878,-28.404698000000792
development100,4,73,b90746144e04c8b3da88845b056839d55e673a696c9bea054537e2619e298b55,mec_center,nccp,1071.2954205454546,1069.0275663636364,-2.2678541818181657,win,-24.946396000001187,-124.73197844329843,-92.53723523044778,-7.23973300000398,-0.029630999998516927,0.8304140000000189,0.0,-18.507445999999277
development100,4,73,b90746144e04c8b3da88845b056839d55e673a696c9bea054537e2619e298b55,mec_center,segment_entry,1071.2954205454546,1069.1491859090909,-2.1462346363637153,win,-23.608581000000413,-118.0429104743962,-88.94645527198668,-6.781928000000335,0.09891400000105932,0.863723000000391,0.0,-17.7892900000013
development100,4,73,b90746144e04c8b3da88845b056839d55e673a696c9bea054537e2619e298b55,nccp,segment_entry,1069.0275663636364,1069.1491859090909,0.12161954545445042,loss,1.3378150000007736,6.689067968902236,3.5907799584610984,0.45780500000364555,0.12854499999957625,0.03330900000037218,0.0,0.7181559999979754
development100,4,74,fdbb8d8266f5a47c3c578640e5e4ffd0a98da717683991aece971d993d198374,mec_center,nccp,657.009977875,655.528181625,-1.4817962500000021,win,-23.708740000000034,-118.54370728365029,-127.26580055654176,-3.277208999999857,5.021628999999393,0.0,0.0,-25.453159999999798
development100,4,74,fdbb8d8266f5a47c3c578640e5e4ffd0a98da717683991aece971d993d198374,mec_center,segment_entry,657.009977875,655.587903625,-1.422074250000037,win,-22.75318800000059,-113.76594050634594,-116.05593857624945,-2.9836880000002566,3.4416869999993196,0.0,0.0,-23.211186999999313
development100,4,74,fdbb8d8266f5a47c3c578640e5e4ffd0a98da717683991aece971d993d198374,nccp,segment_entry,655.528181625,655.587903625,0.05972199999996519,loss,0.9555519999994431,4.77776677730435,11.209861980292317,0.29352099999960046,-1.5799420000000737,0.0,0.0,2.2419730000004847
development100,4,75,9688e602a62469980db9a173df708fd85dd32e87295571c54d5956c015a8d3ed,mec_center,nccp,806.7103223571429,804.3586540714285,-2.351668285714368,win,-32.92335600000115,-164.6167764822385,-118.4060117907161,-4.777202999999645,-4.464950999998564,0.0,0.0,-23.681202000000894
development100,4,75,9688e602a62469980db9a173df708fd85dd32e87295571c54d5956c015a8d3ed,mec_center,segment_entry,806.7103223571429,807.0381720714286,0.32784971428566223,loss,4.589895999999499,-2.050516018716735,-193.26295096276817,-5.699814999999944,48.94230100000186,0.0,0.0,-38.65258999999969
development100,4,75,9688e602a62469980db9a173df708fd85dd32e87295571c54d5956c015a8d3ed,nccp,segment_entry,804.3586540714285,807.0381720714286,2.67951800000003,loss,37.51325200000065,162.56626046352176,-74.85693917205208,-0.9226120000002993,53.407252000000426,0.0,0.0,-14.971387999998797
development100,4,76,203900a04f3213c83cfd64fcde62304947dcfa0b0e564a2484b2ca9f30079ac5,mec_center,nccp,712.5263540666667,723.2611729333333,10.734818866666615,loss,161.02228300000024,835.1114130294445,-122.69374248888425,6.589145000005374,0.2997839999984535,178.833478,-0.16137599999979102,-24.538748000002215
development100,4,76,203900a04f3213c83cfd64fcde62304947dcfa0b0e564a2484b2ca9f30079ac5,mec_center,segment_entry,712.5263540666667,711.6894125333333,-0.8369415333334018,win,-12.55412299999989,-62.77061450303154,-98.92583005334109,6.018002000002525,1.3929239999988567,-0.179883000000018,0.0,-19.785166000000345
development100,4,76,203900a04f3213c83cfd64fcde62304947dcfa0b0e564a2484b2ca9f30079ac5,nccp,segment_entry,723.2611729333333,711.6894125333333,-11.571760400000016,win,-173.57640600000013,-897.8820275324761,23.767912435543167,-0.5711430000028486,1.0931400000004032,-179.01336100000003,0.16137599999979102,4.75358200000187
development100,4,77,8c9018fdbc851f5eca97c37a399d64c2f8251ee55e80d15eba489fefe150ab1c,mec_center,nccp,844.0388721538462,841.750715923077,-2.288156230769232,win,-29.746031000000585,-148.7301463794647,-149.0122645920428,5.8089749999962805,-5.752550999999585,0.0,0.0,-29.802454999998872
development100,4,77,8c9018fdbc851f5eca97c37a399d64c2f8251ee55e80d15eba489fefe150ab1c,mec_center,segment_entry,844.0388721538462,841.8904809999999,-2.148391153846319,win,-27.929085000001578,-139.64543206503004,-143.43790217771198,5.767313999996986,-5.008818999998994,0.0,0.0,-28.68758000000099
development100,4,77,8c9018fdbc851f5eca97c37a399d64c2f8251ee55e80d15eba489fefe150ab1c,nccp,segment_entry,841.750715923077,841.8904809999999,0.13976507692291307,loss,1.8169459999990067,9.084714314434677,5.574362414330835,-0.04166099999929429,0.7437320000005911,0.0,0.0,1.1148749999978804
development100,4,78,d036688037ab4281d988dd57fe83338d05c8008c5b4b2f8c63accd4c2a9d5598,mec_center,nccp,1246.414573,1244.9325047,-1.4820683000000372,win,-14.820682999999917,-74.10342749385018,-84.56845997155335,-1.002768999996988,2.474833999997827,0.6209430000008069,0.0,-16.913690999999858
development100,4,78,d036688037ab4281d988dd57fe83338d05c8008c5b4b2f8c63accd4c2a9d5598,mec_center,segment_entry,1246.414573,1244.9814799,-1.433093099999951,win,-14.330931000000419,-71.65467086298304,-84.28000424197421,-0.6124980000004143,2.506328999998914,0.6312370000005103,0.0,-16.85599899999943
development100,4,78,d036688037ab4281d988dd57fe83338d05c8008c5b4b2f8c63accd4c2a9d5598,nccp,segment_entry,1244.9325047,1244.9814799,0.04897520000008626,loss,0.48975199999949837,2.4487566308671376,0.288455729579141,0.39027099999657366,0.03149500000108674,0.010293999999703374,0.0,0.05769200000042929
development100,4,79,a6ba2dd1b21b567d9d7e3a352524e055066cefce17e809774129cd8e632d97fe,mec_center,nccp,636.129916625,634.244826875,-1.88508975000002,win,-30.16143600000032,-150.80718739211443,-125.7926832766575,-1.7046289999989312,-3.298269999999775,0.0,0.0,-25.15853700000173
development100,4,79,a6ba2dd1b21b567d9d7e3a352524e055066cefce17e809774129cd8e632d97fe,mec_center,segment_entry,636.129916625,634.28071025,-1.8492063749999943,win,-29.58730199999991,-147.93652018821012,-124.93354100121314,-1.4289829999979702,-3.171610999999757,0.0,0.0,-24.98670800000241
development100,4,79,a6ba2dd1b21b567d9d7e3a352524e055066cefce17e809774129cd8e632d97fe,nccp,segment_entry,634.244826875,634.28071025,0.03588337500002581,loss,0.5741340000004129,2.870667203904304,0.8591422754443556,0.27564600000096107,0.12665900000001784,0.0,0.0,0.17182899999932033
development100,4,80,94018b9b3219c756621656d79d2b577167a27a0060befd05e569be644dfc0b9c,mec_center,nccp,1205.4039292,1203.8477109,-1.556218299999955,win,-15.562183000000005,-77.81090558530559,-62.25146336274133,-5.413531000001967,0.6480390000019725,1.6536040000009962,0.0,-12.450295000000438
development100,4,80,94018b9b3219c756621656d79d2b577167a27a0060befd05e569be644dfc0b9c,mec_center,segment_entry,1205.4039292,1203.9867583,-1.4171708999999737,win,-14.171709000000192,-70.85854397796356,-59.904205950806045,-4.269625000000815,0.6273960000006582,1.4513620000006995,0.0,-11.980842000001417
development100,4,80,94018b9b3219c756621656d79d2b577167a27a0060befd05e569be644dfc0b9c,nccp,segment_entry,1203.8477109,1203.9867583,0.13904739999998128,loss,1.3904739999998128,6.952361607342027,2.3472574119352885,1.1439060000011523,-0.02064300000131425,-0.20224200000029668,0.0,0.4694529999990209
development100,4,81,f5e448db998402da006dd0a63b61cef865dacc9d9d4caa4e8ad34f48feb6ea1e,mec_center,nccp,922.7349659230769,920.6904696153846,-2.0444963076922704,win,-26.578451999999743,-132.89227257944003,-98.82670905311238,-7.183793000000151,0.2696910000001935,0.10098900000002686,0.0,-19.76533899999913
development100,4,81,f5e448db998402da006dd0a63b61cef865dacc9d9d4caa4e8ad34f48feb6ea1e,mec_center,segment_entry,922.7349659230769,920.8446724615385,-1.8902934615383629,win,-24.57381499999974,-122.86908486249013,-96.75412505317058,-6.35113999999885,0.994589999999107,0.13355800000090312,0.0,-19.350822999999764
development100,4,81,f5e448db998402da006dd0a63b61cef865dacc9d9d4caa4e8ad34f48feb6ea1e,nccp,segment_entry,920.6904696153846,920.8446724615385,0.15420284615390756,loss,2.0046370000000024,10.023187716949906,2.0725839999417985,0.8326530000013008,0.7248989999989135,0.03256900000087626,0.0,0.4145159999993666
development100,4,82,8127aa1ef27a701b4627f2a9b49c3ccf8a81d85105ebc1e2dbbc65dd1e9cf686,mec_center,nccp,722.9572489375,720.784088625,-2.1731603125000447,win,-34.770565000000715,-148.85283571000764,-172.97770398505804,-2.1790800000017043,2.0040559999974903,0.0,-9.094947017729282e-13,-34.595540999994114
development100,4,82,8127aa1ef27a701b4627f2a9b49c3ccf8a81d85105ebc1e2dbbc65dd1e9cf686,mec_center,segment_entry,722.9572489375,720.87200575,-2.0852431875000548,win,-33.363891000000876,-141.81943703957222,-170.5505594374613,-2.1522190000014234,2.898440999999366,0.0,0.0,-34.110112999997796
development100,4,82,8127aa1ef27a701b4627f2a9b49c3ccf8a81d85105ebc1e2dbbc65dd1e9cf686,nccp,segment_entry,720.784088625,720.87200575,0.08791712499998994,loss,1.406673999999839,7.033398670435417,2.427144547596754,0.02686100000028091,0.8943850000018756,0.0,9.094947017729282e-13,0.48542799999631825
development100,4,83,49f8ce17d98b74d4934e7d721b6fbc06e02787155797de9f775ea3e24b4c0c87,mec_center,nccp,860.0466163846154,857.9365126153846,-2.110103769230818,win,-27.43134900000041,-137.15674348096218,-102.46309463913462,-4.216907000001811,-2.7218219999967914,0.0,0.0,-20.49262000000141
development100,4,83,49f8ce17d98b74d4934e7d721b6fbc06e02787155797de9f775ea3e24b4c0c87,mec_center,segment_entry,860.0466163846154,857.9637343076922,-2.0828820769231697,win,-27.07746700000098,-135.3873332204239,-96.65798618687154,-4.630051000000094,-3.1158189999989645,0.0,0.0,-19.33159700000175
development100,4,83,49f8ce17d98b74d4934e7d721b6fbc06e02787155797de9f775ea3e24b4c0c87,nccp,segment_entry,857.9365126153846,857.9637343076922,0.027221692307648482,loss,0.35388199999943026,1.7694102605382795,5.8051084522630845,-0.4131439999982831,-0.3939970000021731,0.0,0.0,1.161022999999659
development100,4,84,66425253a769bb2c957eca16b1b8a4ac846609f9c9e9fbb8ee3f46a995a03df3,mec_center,nccp,1081.5630601818182,1079.2513197272726,-2.311740454545543,win,-25.429145000000062,-127.14572243214934,-101.4744840194794,-6.471423000002687,1.33717599999909,0.0,0.0,-20.294897999996692
development100,4,84,66425253a769bb2c957eca16b1b8a4ac846609f9c9e9fbb8ee3f46a995a03df3,mec_center,segment_entry,1081.5630601818182,1079.4363073636364,-2.126752818181785,win,-23.394280999998955,-116.97140527652664,-99.04331061053222,-4.914273000000321,1.328656000000592,0.0,0.0,-19.808663999998316
development100,4,84,66425253a769bb2c957eca16b1b8a4ac846609f9c9e9fbb8ee3f46a995a03df3,nccp,segment_entry,1079.2513197272726,1079.4363073636364,0.1849876363637577,loss,2.0348640000011073,10.174317155622703,2.4311734089471884,1.5571500000023661,-0.008519999998497951,0.0,0.0,0.486233999998376
development100,4,85,a15bbdfc4c87482262295c719a883d867c503d508db8e94bd8380fddf9345293,mec_center,nccp,854.0014426153847,851.9133987692308,-2.088043846153937,win,-27.144570000000385,-135.72285613472923,-106.37862939969432,-3.8295079999988957,-2.03933600000164,0.0,0.0,-21.27572599999951
development100,4,85,a15bbdfc4c87482262295c719a883d867c503d508db8e94bd8380fddf9345293,mec_center,segment_entry,854.0014426153847,852.0371742307693,-1.964268384615366,win,-25.53548899999987,-127.67745618277695,-103.0458484552114,-3.2593379999998433,-1.6669810000005327,0.0,0.0,-20.60916999999995
development100,4,85,a15bbdfc4c87482262295c719a883d867c503d508db8e94bd8380fddf9345293,nccp,segment_entry,851.9133987692308,852.0371742307693,0.12377546153857111,loss,1.609081000000515,8.045399951952277,3.33278094448292,0.5701699999990524,0.37235500000110733,0.0,0.0,0.6665559999995594
development100,4,86,20eb4f3904a69054d9761472a73fc2d576f7717320933de3ea5f7d3d73322aa3,mec_center,nccp,1005.7418303333334,1004.3419319166666,-1.3998984166668151,win,-16.798781000001327,-83.99389954821527,-74.55858088750142,-6.2532740000006015,3.555383999999094,0.8108250000004773,0.0,-14.911715999999842
development100,4,86,20eb4f3904a69054d9761472a73fc2d576f7717320933de3ea5f7d3d73322aa3,mec_center,segment_entry,1005.7418303333334,1004.2920869166666,-1.44974341666682,win,-17.396921000001385,-86.98458426054276,-74.48557539102853,-6.2836220000026515,2.888385000003609,0.8954330000003665,0.0,-14.897117000002538
development100,4,86,20eb4f3904a69054d9761472a73fc2d576f7717320933de3ea5f7d3d73322aa3,nccp,segment_entry,1004.3419319166666,1004.2920869166666,-0.0498450000000048,win,-0.5981400000000576,-2.990684712327493,0.0730054964728879,-0.030348000002049957,-0.6669989999954851,0.08460799999988922,0.0,0.014598999997303963
development100,4,87,1080c3e927c1683056c3e816124e72eaffabaa26960f0d3c787ee9f95cf6563f,mec_center,nccp,1158.8773036,1155.8371659,-3.0401377000000593,win,-30.40137700000014,-152.00687048575492,-104.28147436557902,-11.562630000002173,2.0175499999995736,0.0,0.0,-20.856296999998563
development100,4,87,1080c3e927c1683056c3e816124e72eaffabaa26960f0d3c787ee9f95cf6563f,mec_center,segment_entry,1158.8773036,1155.8648729000001,-3.012430699999868,win,-30.124307000000044,-150.62153290180868,-97.1747278582659,-11.476769000000786,0.7874089999977514,0.0,0.0,-19.43494699999718
development100,4,87,1080c3e927c1683056c3e816124e72eaffabaa26960f0d3c787ee9f95cf6563f,nccp,segment_entry,1155.8371659,1155.8648729000001,0.02770700000019133,loss,0.2770700000000943,1.3853375839462387,7.106746507313119,0.08586100000138686,-1.2301410000018222,0.0,0.0,1.4213500000013823
development100,4,88,fa71271cf39f080ccda04b745523eb06b01a10490c123c1aad8553c6036d9131,mec_center,nccp,741.651869625,739.3180070625,-2.3338625625000304,win,-37.34180100000049,-186.7089843733629,-131.1748107419662,-1.936928999999509,-9.169907000000194,0.0,0.0,-26.234965000001353
development100,4,88,fa71271cf39f080ccda04b745523eb06b01a10490c123c1aad8553c6036d9131,mec_center,segment_entry,741.651869625,739.49525375,-2.156615875000057,win,-34.50585400000091,-172.52927359788737,-126.9654315664784,-0.8222010000044975,-8.290566999999328,0.0,0.0,-25.393085999997652
development100,4,88,fa71271cf39f080ccda04b745523eb06b01a10490c123c1aad8553c6036d9131,nccp,segment_entry,739.3180070625,739.49525375,0.17724668749997363,loss,2.835946999999578,14.179710775475542,4.209379175487811,1.1147279999950115,0.879340000000866,0.0,0.0,0.8418790000037006
development100,4,89,06c348606eb2e414823bd970e2eeb0db811b46dc975606d5c91e6e719d2ea8a9,mec_center,nccp,910.09321525,908.1574481666667,-1.9357670833333032,win,-23.229204999999638,-116.14601879529073,-93.74800485131345,-2.302149000001009,-2.177452999998195,0.0,0.0,-18.74960300000032
development100,4,89,06c348606eb2e414823bd970e2eeb0db811b46dc975606d5c91e6e719d2ea8a9,mec_center,segment_entry,910.09321525,908.222244,-1.8709712499999114,win,-22.451654999998937,-112.25827225001558,-91.11979195207186,-2.0506139999997686,-2.177081999997654,0.0,0.0,-18.22395900000072
development100,4,89,06c348606eb2e414823bd970e2eeb0db811b46dc975606d5c91e6e719d2ea8a9,nccp,segment_entry,908.1574481666667,908.222244,0.06479583333339178,loss,0.7775500000007014,3.8877465452751494,2.628212899241589,0.2515350000012404,0.00037100000054124394,0.0,0.0,0.5256439999996019
development100,4,90,eff26fad7c2b82a7f4c6b5d9abd9801c8889be505d185f96594d0ae0483ef080,mec_center,nccp,1121.9716678999998,1119.8119145,-2.1597533999997722,win,-21.59753399999863,-107.98766746208275,-110.94857337740893,2.2219400000012683,-0.6688430000008339,-0.9609159999990879,0.0,-22.189715000000092
development100,4,90,eff26fad7c2b82a7f4c6b5d9abd9801c8889be505d185f96594d0ae0483ef080,mec_center,segment_entry,1121.9716678999998,1119.9555474000001,-2.0161204999997153,win,-20.161204999998517,-100.80601435015706,-109.63079083152866,2.202465000000302,0.5234049999999115,-0.9609159999990879,0.0,-21.926159000000666
development100,4,90,eff26fad7c2b82a7f4c6b5d9abd9801c8889be505d185f96594d0ae0483ef080,nccp,segment_entry,1119.8119145,1119.9555474000001,0.1436329000000569,loss,1.4363290000001143,7.181653111925698,1.3177825458802772,-0.019475000000966247,1.1922480000007454,0.0,0.0,0.2635559999994257
development100,4,91,acb2933e71c2dc97a7fd0ddf28f59969470787e0be8924d421931294cb3699f9,mec_center,nccp,1081.697748909091,1079.736860090909,-1.9608888181819566,win,-21.569777000000613,-107.84887271988555,-100.88257648746867,-2.472481999999218,1.0792210000008708,0.0,0.0,-20.17651600000096
development100,4,91,acb2933e71c2dc97a7fd0ddf28f59969470787e0be8924d421931294cb3699f9,mec_center,segment_entry,1081.697748909091,1079.6976300909091,-2.000118818181818,win,-22.001307000000452,-110.00652288989659,-97.78153839009315,-2.483610999999655,0.03861299999994117,0.0,0.0,-19.556309000000226
development100,4,91,acb2933e71c2dc97a7fd0ddf28f59969470787e0be8924d421931294cb3699f9,nccp,segment_entry,1079.736860090909,1079.6976300909091,-0.03922999999986132,win,-0.43152999999983876,-2.1576501700110384,3.101038097375522,-0.011129000000437372,-1.0406080000009297,0.0,0.0,0.6202070000007325
development100,4,92,f0a5617934203a26bd9dc6340e3cc2778ee398acbe37de02aadc3cfbe5506f28,mec_center,nccp,984.11792275,982.5874493333334,-1.5304734166666094,win,-18.365680999999313,-91.82840792305069,-115.98338139391467,1.7181089999994583,2.1455030000031456,0.9673830000010639,0.0,-23.19667600000389
development100,4,92,f0a5617934203a26bd9dc6340e3cc2778ee398acbe37de02aadc3cfbe5506f28,mec_center,segment_entry,984.11792275,982.4768696666666,-1.6410530833334178,win,-19.692637000000104,-98.46320112356625,-113.38113248948025,0.10705099999904633,2.069069000001946,0.8074690000012197,0.0,-22.676226000003453
development100,4,92,f0a5617934203a26bd9dc6340e3cc2778ee398acbe37de02aadc3cfbe5506f28,nccp,segment_entry,982.5874493333334,982.4768696666666,-0.11057966666680841,win,-1.3269560000007914,-6.63479320051556,2.6022489044344184,-1.611058000000412,-0.07643400000119982,-0.15991399999984424,0.0,0.5204500000004373
development100,4,93,63e4a6b913522d8aa946071005ef08e4559968653db91fb8c3752165fccbcc21,mec_center,nccp,1024.2507399166668,1023.002754,-1.2479859166668348,win,-14.975831000001563,-74.8791485359834,-86.3777816867946,0.3642779999954655,-1.7423630000021149,3.6778110000004745,0.0,-17.275556999997775
development100,4,93,63e4a6b913522d8aa946071005ef08e4559968653db91fb8c3752165fccbcc21,mec_center,segment_entry,1024.2507399166668,1023.1475423333333,-1.1031975833335537,win,-13.23837100000128,-66.19185412552906,-78.13339195401068,-0.007874000002630055,-1.4227160000001504,3.818898000002264,0.0,-15.626679000001786
development100,4,93,63e4a6b913522d8aa946071005ef08e4559968653db91fb8c3752165fccbcc21,nccp,segment_entry,1023.002754,1023.1475423333333,0.14478833333328112,loss,1.737460000000283,8.687294410454342,8.24438973278393,-0.37215199999809556,0.31964700000196444,0.14108700000178942,0.0,1.6488779999959888
development100,4,94,063ac0a96127347f6e233f31b563382033ab6a7477173dd5e3030ce29ee25af2,mec_center,nccp,977.1577816363636,975.8931243636363,-1.264657272727277,win,-13.911229999999705,-69.55614932114258,-45.440088334570646,-2.333216999999422,-2.489995999998996,0.0,0.0,-9.088017000000491
development100,4,94,063ac0a96127347f6e233f31b563382033ab6a7477173dd5e3030ce29ee25af2,mec_center,segment_entry,977.1577816363636,975.796637090909,-1.361144545454522,win,-14.9725899999994,-74.86296343434515,-43.73400620650864,-3.53248099999837,-2.6933089999992035,0.0,0.0,-8.746800000000746
development100,4,94,063ac0a96127347f6e233f31b563382033ab6a7477173dd5e3030ce29ee25af2,nccp,segment_entry,975.8931243636363,975.796637090909,-0.096487272727245,win,-1.061359999999695,-5.306814113202563,1.7060821280620075,-1.1992639999989478,-0.20331300000020747,0.0,0.0,0.34121699999974453
development100,4,95,7258c523f1f605f0973ee54e5370de9af0979a8255744b4c375567bb8e17c2c6,mec_center,nccp,920.14301,918.0119666153846,-2.1310433846153956,win,-27.70356400000128,-138.51782494185318,-106.83086014127275,0.5817169999991165,-8.975928000002568,2.0568170000015016,0.0,-21.36616999999933
development100,4,95,7258c523f1f605f0973ee54e5370de9af0979a8255744b4c375567bb8e17c2c6,mec_center,segment_entry,920.14301,918.1662585384615,-1.9767514615384698,win,-25.697769000000335,-128.4888401359858,-99.5544838709884,1.299102999999377,-9.020603000001756,1.9346279999999751,0.0,-19.91089700000032
development100,4,95,7258c523f1f605f0973ee54e5370de9af0979a8255744b4c375567bb8e17c2c6,nccp,segment_entry,918.0119666153846,918.1662585384615,0.15429192307692574,loss,2.005795000000944,10.028984805867367,7.276376270284345,0.7173860000002605,-0.044674999999188,-0.12218900000152644,0.0,1.4552729999990106
development100,4,96,41568530290f0b6c97acb1ae1e6ee74b892312b4490626f8841b01a6ce0f7403,mec_center,nccp,1159.3877046,1158.2838729,-1.1038317000000006,win,-11.038317000000461,-55.19157954612456,-69.93602833156842,3.251100999999835,0.5251269999994292,-0.8273389999985739,0.0,-13.987206000001208
development100,4,96,41568530290f0b6c97acb1ae1e6ee74b892312b4490626f8841b01a6ce0f7403,mec_center,segment_entry,1159.3877046,1158.3739027,-1.0138019000000895,win,-10.138018999999986,-50.69008833758562,-68.24721238000484,3.133468999998513,1.205294000001004,-0.8273389999994833,0.0,-13.649443000000247
development100,4,96,41568530290f0b6c97acb1ae1e6ee74b892312b4490626f8841b01a6ce0f7403,nccp,segment_entry,1158.2838729,1158.3739027,0.09002979999991112,loss,0.9002980000004754,4.501491208538937,1.6888159515635834,-0.11763200000132201,0.6801670000015747,-9.094947017729282e-13,0.0,0.3377630000009617
development100,4,97,36595ad7e46dcef50cf82306d706cd1812bd37bda70399ed9ef90e6a771198ed,mec_center,nccp,805.7070277857143,804.3872094999999,-1.3198182857144047,win,-18.47745600000053,-92.38726170817972,-95.77275245450528,0.14806600000156322,0.5290300000003754,0.0,0.0,-19.154552000000308
development100,4,97,36595ad7e46dcef50cf82306d706cd1812bd37bda70399ed9ef90e6a771198ed,mec_center,segment_entry,805.7070277857143,804.3270932857142,-1.379934500000104,win,-19.31908300000032,-96.59538823898765,-96.16330403184247,-0.21202899999661895,0.12560999999993783,0.0,0.0,-19.232664000002046
development100,4,97,36595ad7e46dcef50cf82306d706cd1812bd37bda70399ed9ef90e6a771198ed,nccp,segment_entry,804.3872094999999,804.3270932857142,-0.06011621428569924,win,-0.8416269999997894,-4.208126530807931,-0.3905515773371917,-0.3600949999981822,-0.40342000000043754,0.0,0.0,-0.07811200000173812
development100,4,98,96fc4ff5fc1f7ce678072fcefaeed5f9b9bed70b0518453734b25932bdebc485,mec_center,nccp,1025.085627,1023.4430364166666,-1.6425905833333445,win,-19.71108699999968,-98.55545038542914,-99.92646690943184,-1.0622959999982413,-0.4040660000000571,1.7405670000002829,0.0,-19.9852920000003
development100,4,98,96fc4ff5fc1f7ce678072fcefaeed5f9b9bed70b0518453734b25932bdebc485,mec_center,segment_entry,1025.085627,1023.6857930833334,-1.39983391666658,win,-16.798006999999416,-83.99003962850838,-98.26825437580919,1.5498159999988275,-0.4190920000000915,1.7249189999999999,0.0,-19.65364999999906
development100,4,98,96fc4ff5fc1f7ce678072fcefaeed5f9b9bed70b0518453734b25932bdebc485,nccp,segment_entry,1023.4430364166666,1023.6857930833334,0.24275666666676443,loss,2.9130800000002637,14.565410756920755,1.6582125336226454,2.612111999997069,-0.0150260000000344,-0.01564800000028299,0.0,0.33164200000123856
development100,4,99,b31d2f6ecf0c7b9f340ec3f739320e8f6e36a50ec3be20b6c5e6f20ca441f1f3,mec_center,nccp,897.9699484615384,895.9127694615383,-2.057179000000019,win,-26.743327000000136,-133.71663828393503,-94.13701315664639,-5.37182600000051,-2.544098000001668,0.0,0.0,-18.827402999999208
development100,4,99,b31d2f6ecf0c7b9f340ec3f739320e8f6e36a50ec3be20b6c5e6f20ca441f1f3,mec_center,segment_entry,897.9699484615384,896.7286069999999,-1.2413414615384681,win,-16.137439000000086,39.31281243059493,251.25998495268777,-63.905054000000746,-2.4843800000016927,0.0,0.0,50.25199500000315
development100,4,99,b31d2f6ecf0c7b9f340ec3f739320e8f6e36a50ec3be20b6c5e6f20ca441f1f3,nccp,segment_entry,895.9127694615383,896.7286069999999,0.815837538461551,loss,10.60588800000005,173.02945071452996,345.39699810933416,-58.533228000000236,0.05971799999997529,0.0,0.0,69.07939800000236
development100,3,0,0000000000000000000000000000000000000000000000000000000000000000,mec_center,nccp,260.2759700666667,259.05276573333333,-1.2232043333333422,win,-18.348065000000133,-91.74033735609919,-117.15764715293562,5.846125999999231,-0.7626649999988331,0.0,0.0,-23.431526000000474
development100,3,0,0000000000000000000000000000000000000000000000000000000000000000,mec_center,segment_entry,260.2759700666667,259.18729566666667,-1.0886744000000022,win,-16.33011600000009,-81.65057968532892,-114.82954230463474,5.886399999999867,0.749391000000287,0.0,0.0,-22.965907000000186
development100,3,0,0000000000000000000000000000000000000000000000000000000000000000,nccp,segment_entry,259.05276573333333,259.18729566666667,0.13452993333334007,loss,2.017949000000044,10.089757670770268,2.3281048483008817,0.04027400000063608,1.51205599999912,0.0,0.0,0.465619000000288
development100,3,1,ffffffffffffffffffffffffffffffffffffffffffffffffffffffffffffffff,mec_center,nccp,357.7748098571428,355.8509979285714,-1.9238119285714106,win,-26.933366999999635,-134.6668451920923,-128.2812808434967,3.8848669999997583,-5.161977999999181,0.0,0.0,-25.656256000000212
development100,3,1,ffffffffffffffffffffffffffffffffffffffffffffffffffffffffffffffff,mec_center,segment_entry,357.7748098571428,355.8615282857143,-1.913281571428513,win,-26.785941999999523,-133.9297130574705,-126.59299741759446,4.7602960000003804,-6.227638000000752,0.0,0.0,-25.31859999999932
development100,3,1,ffffffffffffffffffffffffffffffffffffffffffffffffffffffffffffffff,nccp,segment_entry,355.8509979285714,355.8615282857143,0.010530357142897628,loss,0.14742500000011205,0.7371321346217883,1.6882834259022275,0.8754290000006222,-1.0656600000015715,0.0,0.0,0.3376560000008908
development100,3,2,000102030405060708090a0b0c0d0e0f101112131415161718191a1b1c1d1e1f,mec_center,nccp,313.39484015384613,311.02485015384616,-2.369989999999973,win,-30.80986999999959,-154.04935348015715,-119.1562925005203,-5.244042000000718,-1.73457099999996,0.0,0.0,-23.83125699999931
development100,3,2,000102030405060708090a0b0c0d0e0f101112131415161718191a1b1c1d1e1f,mec_center,segment_entry,313.39484015384613,310.98393676923075,-2.4109033846153807,win,-31.341743999999835,-156.70874367886063,-117.00824889376008,-5.446489000001293,-2.493609000000106,0.0,0.0,-23.401645999998834
development100,3,2,000102030405060708090a0b0c0d0e0f101112131415161718191a1b1c1d1e1f,nccp,segment_entry,311.02485015384616,310.98393676923075,-0.04091338461540772,win,-0.5318740000002435,-2.659390198703477,2.1480436067602113,-0.20244700000057492,-0.759038000000146,0.0,0.0,0.42961100000047736
development100,3,3,1f1e1d1c1b1a191817161514131211100f0e0d0c0b0a09080706050403020100,mec_center,nccp,332.53949341666663,329.82300200000003,-2.7164914166665994,win,-32.59789699999965,-162.98946351397717,-142.77161866893698,0.07467700000029254,-4.118247000000338,0.0,0.0,-28.554326999999944
development100,3,3,1f1e1d1c1b1a191817161514131211100f0e0d0c0b0a09080706050403020100,mec_center,segment_entry,332.53949341666663,329.87506141666665,-2.6644319999999766,win,-31.973183999999947,-159.86590677963977,-140.964264106536,0.2725159999997686,-4.052845000001071,0.0,0.0,-28.192854999999042
development100,3,3,1f1e1d1c1b1a191817161514131211100f0e0d0c0b0a09080706050403020100,nccp,segment_entry,329.82300200000003,329.87506141666665,0.05205941666662284,loss,0.6247129999997014,3.1235567343373987,1.807354562400974,0.19783899999947607,0.06540199999926699,0.0,0.0,0.3614720000009015
development100,3,4,aaaaaaaaaaaaaaaaaaaaaaaaaaaaaaaaaaaaaaaaaaaaaaaaaaaaaaaaaaaaaaaa,mec_center,nccp,375.244212,373.1387581818182,-2.105453818181786,win,-23.159991999999875,-90.7999526530075,339.4748984468433,1.0008840000004966,-92.05585499999916,0.0,0.0,67.89497899999907
development100,3,4,aaaaaaaaaaaaaaaaaaaaaaaaaaaaaaaaaaaaaaaaaaaaaaaaaaaaaaaaaaaaaaaa,mec_center,segment_entry,375.244212,373.6100798181818,-1.6341321818181882,win,-17.975454000000354,-89.87726834173372,-104.7531291583764,-0.73264700000027,3.7078200000019024,0.0,0.0,-20.950627000001873
development100,3,4,aaaaaaaaaaaaaaaaaaaaaaaaaaaaaaaaaaaaaaaaaaaaaaaaaaaaaaaaaaaaaaaa,nccp,segment_entry,373.1387581818182,373.6100798181818,0.4713216363635979,loss,5.18453799999952,0.9226843112737697,-444.2280276052197,-1.7335310000007667,95.76367500000106,0.0,0.0,-88.84560600000094
development100,3,5,5555555555555555555555555555555555555555555555555555555555555555,mec_center,nccp,304.61398584615387,303.04766561538463,-1.5663202307692359,win,-20.362162999999782,-101.81079711974962,-149.0808702791661,4.713158000000021,4.7408560000012585,0.0,0.0,-29.81617700000072
development100,3,5,5555555555555555555555555555555555555555555555555555555555555555,mec_center,segment_entry,304.61398584615387,303.1372771538462,-1.4767086923076818,win,-19.19721299999992,-95.986059789313,-147.82536954464206,5.125808999999663,5.242053000000396,0.0,0.0,-29.565075000000093
development100,3,5,5555555555555555555555555555555555555555555555555555555555555555,nccp,segment_entry,303.04766561538463,303.1372771538462,0.08961153846155412,loss,1.1649499999998625,5.824737330436619,1.2555007345240483,0.4126509999996415,0.5011969999991379,0.0,0.0,0.2511020000006283
development100,3,6,0000000000000000000000000000000000000000000000000000000000000001,mec_center,nccp,381.8998779090909,378.17520581818184,-3.7246720909090527,win,-40.97139299999981,-249.85696756570906,1011.6284576809694,-15.114132999999583,-228.18295400000034,0.0,0.0,202.32569399999988
development100,3,6,0000000000000000000000000000000000000000000000000000000000000001,mec_center,segment_entry,381.8998779090909,379.41604245454545,-2.483835454545442,win,-27.322189999999864,-136.61095769701933,-144.81614003303423,-4.434335000000601,6.075371999999788,0.0,0.0,-28.963226999999165
development100,3,6,0000000000000000000000000000000000000000000000000000000000000001,nccp,segment_entry,378.17520581818184,379.41604245454545,1.2408366363636105,loss,13.649202999999943,113.24600986868973,-1156.4445977140035,10.679797999998982,234.25832600000012,0.0,0.0,-231.28892099999905
development100,3,7,0000000000000000000000000000000000000000000000000000000000000002,mec_center,nccp,342.6904363,341.51245009999997,-1.1779862000000207,win,-11.779862000000321,-58.89931028598767,-91.47549621251255,1.1793779999993603,5.335858999999573,0.0,0.0,-18.295098999999425
development100,3,7,0000000000000000000000000000000000000000000000000000000000000002,mec_center,segment_entry,342.6904363,341.3615646,-1.3288716999999792,win,-13.288716999999906,-66.44360041762775,-87.81166881982813,0.9722449999994751,3.3013710000002447,0.0,0.0,-17.562332999999796
development100,3,7,0000000000000000000000000000000000000000000000000000000000000002,nccp,segment_entry,341.51245009999997,341.3615646,-0.15088549999995848,win,-1.5088549999995848,-7.544290131640082,3.663827392684425,-0.20713299999988521,-2.034487999999328,0.0,0.0,0.7327659999996285
development100,3,8,0000000000000000000000000000000000000000000000000000000000000004,mec_center,nccp,306.160853,304.9782560625,-1.1825969374999659,win,-18.921550999999454,-94.60775034113976,-165.28590263542992,6.8148790000009285,7.320748999998614,0.0,0.0,-33.05717899999854
development100,3,8,0000000000000000000000000000000000000000000000000000000000000004,mec_center,segment_entry,306.160853,304.8837373125,-1.277115687499986,win,-20.433850999999777,-102.16927128426323,-161.73599524675228,6.707024000000274,5.206321999999091,0.0,0.0,-32.3471969999988
development100,3,8,0000000000000000000000000000000000000000000000000000000000000004,nccp,segment_entry,304.9782560625,304.8837373125,-0.09451875000002019,win,-1.512300000000323,-7.561520943123469,3.5499073886776387,-0.1078550000006544,-2.114426999999523,0.0,0.0,0.7099819999997408
development100,3,9,0000000000000000000000000000000000000000000000000000000000000040,mec_center,nccp,291.22918473333334,290.0688836,-1.1603011333333484,win,-17.40451699999994,-87.02257561638908,-145.39180208403332,7.946722000001046,3.7271209999998973,0.0,0.0,-29.078360000000202
development100,3,9,0000000000000000000000000000000000000000000000000000000000000040,mec_center,segment_entry,291.22918473333334,290.1676753333333,-1.061509400000034,win,-15.922641000000112,-79.61319871191517,-141.97770257351294,9.167112000000543,3.305787999999211,0.0,0.0,-28.39554099999964
development100,3,9,0000000000000000000000000000000000000000000000000000000000000040,nccp,segment_entry,290.0688836,290.1676753333333,0.09879173333331437,loss,1.4818759999998292,7.409376904473902,3.414099510520373,1.2203899999994974,-0.4213330000006863,0.0,0.0,0.6828190000005634
development100,3,10,0000000000000000000000000000000000000000000000000000000000001000,mec_center,nccp,374.1362158,359.83422770000004,-14.30198809999996,win,-143.0198809999997,-780.0994010162431,218.4602608688765,-176.3489209999998,-10.363011999999799,0.0,0.0,43.69205199999965
development100,3,10,0000000000000000000000000000000000000000000000000000000000001000,mec_center,segment_entry,374.1362158,371.9266713,-2.2095444999999927,win,-22.095444999999927,-110.47722619545493,-98.94668706203674,-0.43936299999995754,-1.8667440000001534,0.0,0.0,-19.78933799999993
development100,3,10,0000000000000000000000000000000000000000000000000000000000001000,nccp,segment_entry,359.83422770000004,371.9266713,12.092443599999967,loss,120.92443599999979,669.6221748207881,-317.40694793091325,175.90955799999983,8.496267999999645,0.0,0.0,-63.48138999999958
development100,3,11,0000000000000000000000000000000000000000000000000000000000040000,mec_center,nccp,263.74804675,262.008264875,-1.7397818750000056,win,-27.83651000000009,-139.18256160882083,-148.37340666877435,-1.2024059999998826,3.0405759999987367,0.0,0.0,-29.674679999999057
development100,3,11,0000000000000000000000000000000000000000000000000000000000040000,mec_center,segment_entry,263.74804675,261.945962625,-1.8020841250000217,win,-28.833346000000347,-144.1667317607571,-144.66953504809044,-2.6860620000004474,2.7866240000000744,0.0,0.0,-28.93390799999986
development100,3,11,0000000000000000000000000000000000000000000000000000000000040000,nccp,segment_entry,262.008264875,261.945962625,-0.0623022500000161,win,-0.9968360000002576,-4.984170151936269,3.7038716206839126,-1.4836560000005647,-0.25395199999866236,0.0,0.0,0.7407719999991969
development100,3,12,0000000000000000000000000000000000000000000000000000000001000000,mec_center,nccp,266.573534375,265.144404875,-1.4291294999999877,win,-22.866071999999804,-114.33037465833331,-127.1234636533668,0.4618949999999131,2.096724999999651,0.0,0.0,-25.424691999999368
development100,3,12,0000000000000000000000000000000000000000000000000000000001000000,mec_center,segment_entry,266.573534375,265.1104504375,-1.4630839375000164,win,-23.409343000000263,-117.04672594347721,-122.8016940471257,-0.18338199999948301,1.3343760000000202,0.0,0.0,-24.560337000000914
development100,3,12,0000000000000000000000000000000000000000000000000000000001000000,nccp,segment_entry,265.144404875,265.1104504375,-0.03395443750002869,win,-0.543271000000459,-2.716351285143901,4.321769606241105,-0.6452769999993961,-0.7623489999996309,0.0,0.0,0.8643549999984543
development100,3,13,0000000000000000000000000000000000000000000000000000000040000000,mec_center,nccp,259.6589266428571,257.7876645,-1.8712621428571197,win,-26.197670000000016,-130.98834963518857,-144.4016250633358,0.6005739999998241,2.082081999998991,0.0,0.0,-28.88032599999866
development100,3,13,0000000000000000000000000000000000000000000000000000000040000000,mec_center,segment_entry,259.6589266428571,257.786258,-1.8726686428571497,win,-26.217360999999983,-131.08679578908777,-143.59836987865242,0.682758000000149,1.8195579999987785,0.0,0.0,-28.719676999998853
development100,3,13,0000000000000000000000000000000000000000000000000000000040000000,nccp,segment_entry,257.7876645,257.786258,-0.0014065000000300643,win,-0.019690999999966152,-0.09844615389920364,0.803255184683394,0.08218400000032489,-0.26252400000021225,0.0,0.0,0.16064899999980753
development100,3,14,0000000000000000000000000000000000000000000000000000001000000000,mec_center,nccp,336.9791564615385,335.4071316153846,-1.5720248461538517,win,-20.436322999999902,-102.18162014568225,-104.65549424906521,3.076876999999058,-2.582100999998829,0.0,0.0,-20.93109900000053
development100,3,14,0000000000000000000000000000000000000000000000000000001000000000,mec_center,segment_entry,336.9791564615385,335.44045584615384,-1.5387006153846414,win,-20.003107999999884,-100.01555224692856,-102.40362681690112,2.816803999999138,-2.3391879999983303,0.0,0.0,-20.480724000000976
development100,3,14,0000000000000000000000000000000000000000000000000000001000000000,nccp,segment_entry,335.4071316153846,335.44045584615384,0.03332423076921032,loss,0.43321500000001834,2.166067898753681,2.25186743216409,-0.2600729999999203,0.24291300000049887,0.0,0.0,0.45037499999955344
development100,3,15,0000000000000000000000000000000000000000000000000000040000000000,mec_center,nccp,311.0974622857143,309.3411349285714,-1.7563273571428795,win,-24.588583000000654,-122.94290814061969,-128.21507567384788,-4.10989600000039,5.164331000001084,0.0,0.0,-25.64301800000129
development100,3,15,0000000000000000000000000000000000000000000000000000040000000000,mec_center,segment_entry,311.0974622857143,309.2734586428572,-1.8240036428571216,win,-25.536051000000043,-127.68023516532776,-123.02959343423572,-4.3259410000002845,3.3958110000007764,0.0,0.0,-24.605921000000478
development100,3,15,0000000000000000000000000000000000000000000000000000040000000000,nccp,segment_entry,309.3411349285714,309.2734586428572,-0.06767628571424211,win,-0.9474679999993896,-4.737327024708065,5.185482239612156,-0.21604499999989457,-1.7685200000003078,0.0,0.0,1.0370970000008128
development100,3,16,0000000000000000000000000000000000000000000000000001000000000000,mec_center,nccp,324.2062354545455,322.5348681818182,-1.6713672727273092,win,-18.385040000000117,-91.92518595072215,-123.40320899349786,0.33445200000051045,5.9611509999999726,0.0,0.0,-24.680643000000885
development100,3,16,0000000000000000000000000000000000000000000000000001000000000000,mec_center,segment_entry,324.2062354545455,322.5429999090909,-1.6632355454545973,win,-18.29559100000006,-91.47795303583916,-123.29701320520235,0.33240400000067893,6.0314079999998285,0.0,0.0,-24.65940300000051
development100,3,16,0000000000000000000000000000000000000000000000000001000000000000,nccp,segment_entry,322.5348681818182,322.5429999090909,0.008131727272711942,loss,0.08944900000005873,0.44723291488298855,0.10619578829550846,-0.002047999999831518,0.0702569999998559,0.0,0.0,0.021240000000375403
development100,3,17,0000000000000000000000000000000000000000000000000040000000000000,mec_center,nccp,312.8062658,310.9475261333333,-1.8587396666666791,win,-27.88109500000064,-139.40547267374131,-171.6064079888081,4.886942000000545,1.5532460000003994,0.0,0.0,-34.32128300000136
development100,3,17,0000000000000000000000000000000000000000000000000040000000000000,mec_center,segment_entry,312.8062658,310.9123244666667,-1.8939413333333164,win,-28.409120000000257,-142.04558756841652,-169.59536383527757,4.264107000000422,1.245846000000256,0.0,0.0,-33.91907300000065
development100,3,17,0000000000000000000000000000000000000000000000000040000000000000,nccp,segment_entry,310.9475261333333,310.9123244666667,-0.035201666666637266,win,-0.5280249999996158,-2.6401148946752073,2.01104415353052,-0.6228350000001228,-0.30740000000014334,0.0,0.0,0.40221000000070717
development100,3,18,0000000000000000000000000000000000000000000000001000000000000000,mec_center,nccp,308.0999425,306.96938766666665,-1.130554833333349,win,-13.566658000000189,-67.83330442786428,-95.46828007689487,2.7147619999996095,2.812235000000328,0.0,0.0,-19.093655000000126
development100,3,18,0000000000000000000000000000000000000000000000001000000000000000,mec_center,segment_entry,308.0999425,307.01424325,-1.0856992500000047,win,-13.028390999999829,-65.14197246155163,-93.05138075313107,3.2465079999997215,2.335375999999087,0.0,0.0,-18.610274999998694
development100,3,18,0000000000000000000000000000000000000000000000001000000000000000,nccp,segment_entry,306.96938766666665,307.01424325,0.044855583333344384,loss,0.53826700000036,2.691331966312646,2.4168993237638006,0.531746000000112,-0.47685900000124093,0.0,0.0,0.4833800000014321
development100,3,19,0000000000000000000000000000000000000000000000040000000000000000,mec_center,nccp,373.95774500000005,372.64763227272726,-1.3101127272727808,win,-14.411240000000362,-72.05620541318422,-105.74187269806384,-0.9763100000000122,7.713443999999981,0.0,0.0,-21.14837400000033
development100,3,19,0000000000000000000000000000000000000000000000040000000000000000,mec_center,segment_entry,373.95774500000005,372.70934627272726,-1.248398727272786,win,-13.732386000000588,-68.66192207597123,-102.73558950224151,0.08359099999961472,6.731141999998954,0.0,0.0,-20.547118999999157
development100,3,19,0000000000000000000000000000000000000000000000040000000000000000,nccp,segment_entry,372.64763227272726,372.70934627272726,0.06171399999999494,loss,0.6788539999997738,3.3942833372129826,3.006283195822334,1.059900999999627,-0.9823020000010274,0.0,0.0,0.6012550000011743
development100,3,20,0000000000000000000000000000000000000000000001000000000000000000,mec_center,nccp,279.695127875,278.0253446875,-1.669783187500002,win,-26.716531000000032,-133.58265565338297,-129.76107364399377,3.277348999999276,-4.041664999999739,0.0,0.0,-25.952214999999796
development100,3,20,0000000000000000000000000000000000000000000001000000000000000000,mec_center,segment_entry,279.695127875,278.1462495,-1.5488783750000152,win,-24.782054000000244,-123.9102622873288,-125.80528612181661,2.869780999999648,-2.49077699999998,0.0,0.0,-25.16105800000014
development100,3,20,0000000000000000000000000000000000000000000001000000000000000000,nccp,segment_entry,278.0253446875,278.1462495,0.12090481249998675,loss,1.934476999999788,9.672393366054166,3.955787522177161,-0.4075679999996282,1.550887999999759,0.0,0.0,0.7911569999996573
development100,3,21,0000000000000000000000000000000000000000000040000000000000000000,mec_center,nccp,293.3987736428571,291.9719228571429,-1.4268507857142367,win,-19.97591099999954,-99.87954984969474,-95.73616418698703,0.3523789999994733,-1.1810569999997824,0.0,0.0,-19.147232999999346
development100,3,21,0000000000000000000000000000000000000000000040000000000000000000,mec_center,segment_entry,293.3987736428571,291.8857217142857,-1.5130519285714286,win,-21.182726999999886,-105.91365923895864,-94.17283044563919,-0.10271499999998923,-2.245449000000008,0.0,0.0,-18.834563000000117
development100,3,21,0000000000000000000000000000000000000000000040000000000000000000,nccp,segment_entry,291.9719228571429,291.8857217142857,-0.08620114285719183,win,-1.2068160000003445,-6.034109389263904,1.563333741347833,-0.45509399999946254,-1.0643920000002254,0.0,0.0,0.31266999999922973
development100,3,22,0000000000000000000000000000000000000000001000000000000000000000,mec_center,nccp,369.8622874,368.4257138,-1.436573600000031,win,-14.365736000000197,-71.82867101386728,-75.89028839851153,-0.6873180000009143,1.4996410000012474,0.0,0.0,-15.178059000000587
development100,3,22,0000000000000000000000000000000000000000001000000000000000000000,mec_center,segment_entry,369.8622874,368.4858761,-1.3764113000000293,win,-13.76411300000018,-68.82056780824314,-75.41457245117772,-0.4896300000007159,1.8084320000011758,0.0,0.0,-15.082915000000526
development100,3,22,0000000000000000000000000000000000000000001000000000000000000000,nccp,segment_entry,368.4257138,368.4858761,0.06016230000000178,loss,0.6016230000000178,3.0081032056241384,0.4757159473338106,0.19768800000019837,0.3087909999999283,0.0,0.0,0.09514400000006162
development100,3,23,0000000000000000000000000000000000000000040000000000000000000000,mec_center,nccp,231.3794093125,229.581791375,-1.7976179375000072,win,-28.761887000000115,-143.80943692927394,-225.8732324211046,-4.074211999999761,20.486972999999352,0.0,0.0,-45.174647999999934
development100,3,23,0000000000000000000000000000000000000000040000000000000000000000,mec_center,segment_entry,231.3794093125,229.6747810625,-1.7046282500000132,win,-27.27405200000021,-136.37024393084357,-221.56601266990583,-4.1032860000000255,21.14243899999974,0.0,0.0,-44.313204999999925
development100,3,23,0000000000000000000000000000000000000000040000000000000000000000,nccp,segment_entry,229.581791375,229.6747810625,0.09298968749999403,loss,1.4878349999999045,7.4391929984303715,4.307219751198772,-0.029074000000264277,0.6554660000003878,0.0,0.0,0.8614430000000084
development100,3,24,0000000000000000000000000000000000000001000000000000000000000000,mec_center,nccp,281.0418925454546,279.1315030909091,-1.9103894545454523,win,-21.01428399999986,-105.071421491597,-76.90528317435383,-4.469041999999945,-1.1641860000011093,0.0,0.0,-15.381055999998694
development100,3,24,0000000000000000000000000000000000000001000000000000000000000000,mec_center,segment_entry,281.0418925454546,279.1964111818182,-1.8454813636363951,win,-20.300295000000006,-101.50147785023364,-75.06421675327783,-4.092816000000312,-1.1946350000005168,0.0,0.0,-15.012843999999177
development100,3,24,0000000000000000000000000000000000000001000000000000000000000000,nccp,segment_entry,279.1315030909091,279.1964111818182,0.06490809090905714,loss,0.7139889999998559,3.569943641363352,1.8410664210759933,0.37622599999963313,-0.030448999999407533,0.0,0.0,0.3682119999995166
development100,3,25,0000000000000000000000000000000000000008000000000000000000000000,mec_center,nccp,291.91677553846154,290.2526179230769,-1.6641576153846245,win,-21.634049000000232,-108.17025090242169,-106.34304855762048,2.1171090000000277,-2.4825490000000627,0.0,0.0,-21.268609000000083
development100,3,25,0000000000000000000000000000000000000008000000000000000000000000,mec_center,segment_entry,291.91677553846154,290.27163192307694,-1.6451436153845975,win,-21.386867000000166,-106.93434504722609,-104.38627455277629,0.44842900000003283,-0.9580419999999776,0.0,0.0,-20.877254000000107
development100,3,25,0000000000000000000000000000000000000008000000000000000000000000,nccp,segment_entry,290.2526179230769,290.27163192307694,0.019014000000026954,loss,0.24718200000006618,1.2359058551955968,1.956774004844192,-1.6686799999999948,1.524507000000085,0.0,0.0,0.3913549999999759
development100,3,26,0000000000000000000000000000000000000040000000000000000000000000,mec_center,nccp,327.59144572727274,325.97132863636364,-1.6201170909091047,win,-17.821288000000095,-89.10645593303889,-80.95340929880513,-3.4148520000003373,1.784242999999833,0.0,0.0,-16.190678999999705
development100,3,26,0000000000000000000000000000000000000040000000000000000000000000,mec_center,segment_entry,327.59144572727274,325.968727,-1.6227187272727406,win,-17.849906000000374,-89.24954013411843,-79.94118256624665,-3.7196860000005927,1.858015000000023,0.0,0.0,-15.988234999999975
development100,3,26,0000000000000000000000000000000000000040000000000000000000000000,nccp,segment_entry,325.97132863636364,325.968727,-0.002601636363635862,win,-0.0286180000002787,-0.1430842010795459,1.0122267325584744,-0.3048340000002554,0.07377200000019002,0.0,0.0,0.20244399999972984
development100,3,27,0000000000000000000000000000000000001000000000000000000000000000,mec_center,nccp,327.2631529230769,326.1412369230769,-1.1219159999999988,win,-14.584907999999814,-72.92456591088921,-119.9975835034088,0.8505470000004607,8.564057999999932,0.0,0.0,-23.999513000000036
development100,3,27,0000000000000000000000000000000000001000000000000000000000000000,mec_center,segment_entry,327.2631529230769,326.1251433076923,-1.1380096153845898,win,-14.79412499999944,-73.97063101227104,-117.87755881566568,0.5179580000008173,8.263425999999527,0.0,0.0,-23.575508999999784
development100,3,27,0000000000000000000000000000000000001000000000000000000000000000,nccp,segment_entry,326.1412369230769,326.1251433076923,-0.016093615384590976,win,-0.20921699999962584,-1.0460651013818278,2.1200246877431255,-0.3325889999996434,-0.30063200000040524,0.0,0.0,0.4240040000002523
development100,3,28,0000000000000000000000000000000000040000000000000000000000000000,mec_center,nccp,335.2708835,333.6344265833333,-1.6364569166667025,win,-19.637482999999975,-98.18742150083926,-107.26867220527174,0.2196699999997236,1.5965819999998985,0.0,0.0,-21.45373499999971
development100,3,28,0000000000000000000000000000000000040000000000000000000000000000,mec_center,segment_entry,335.2708835,333.6178346666667,-1.6530488333333437,win,-19.836585999999897,-99.18294131341099,-104.04832371060229,0.19433499999945525,0.7787430000000768,0.0,0.0,-20.809663999999543
development100,3,28,0000000000000000000000000000000000040000000000000000000000000000,nccp,segment_entry,333.6344265833333,333.6178346666667,-0.016591916666641282,win,-0.19910299999992276,-0.9955198125717288,3.2203484946694516,-0.025335000000268337,-0.8178389999998217,0.0,0.0,0.6440710000001673
development100,3,29,0000000000000000000000000000000001000000000000000000000000000000,mec_center,nccp,296.02153423076925,293.6206463846154,-2.4008878461538643,win,-31.21154200000001,-156.05772290629648,-129.66261746258328,-2.363996000000043,-2.9150229999995645,0.0,0.0,-25.932523000000515
development100,3,29,0000000000000000000000000000000001000000000000000000000000000000,mec_center,segment_entry,296.02153423076925,293.79217453846155,-2.229359692307696,win,-28.981676000000334,-144.90839077956844,-127.13609140373183,-1.7116190000001552,-1.84283900000014,0.0,0.0,-25.42721800000021
development100,3,29,0000000000000000000000000000000001000000000000000000000000000000,nccp,segment_entry,293.6206463846154,293.79217453846155,0.17152815384616815,loss,2.2298659999996744,11.14933212672804,2.5265260588514593,0.6523769999998876,1.0721839999994245,0.0,0.0,0.5053050000003054
development100,3,30,0000000000000000000000000000000040000000000000000000000000000000,mec_center,nccp,338.3426720909091,335.69753372727274,-2.645138363636363,win,-29.096521999999823,-145.48261969925443,234.51309147936252,-4.029476999999815,-71.96966300000031,0.0,0.0,46.9026180000003
development100,3,30,0000000000000000000000000000000040000000000000000000000000000000,mec_center,segment_entry,338.3426720909091,335.74116572727274,-2.6015063636363607,win,-28.616570000000138,-143.08285838834854,235.0367580155621,-3.954484999999977,-71.66943600000013,0.0,0.0,47.00735099999997
development100,3,30,0000000000000000000000000000000040000000000000000000000000000000,nccp,segment_entry,335.69753372727274,335.74116572727274,0.043632000000002336,loss,0.47995199999968463,2.3997613109058875,0.5236665361995847,0.0749919999998383,0.3002270000001772,0.0,0.0,0.10473299999966912
development100,3,31,0000000000000000000000000000001000000000000000000000000000000000,mec_center,nccp,299.00917592857144,297.4151987857143,-1.5939771428571134,win,-22.315679999999702,-111.5783761404673,-128.53890714936506,2.5871899999997368,0.8774959999991552,0.0,-0.07258299999966766,-25.707782999999154
development100,3,31,0000000000000000000000000000001000000000000000000000000000000000,mec_center,segment_entry,299.00917592857144,297.5891311428571,-1.4200447857143104,win,-19.88062700000046,-99.40311820620991,-123.94125181163054,3.461394999999584,1.4427510000000439,0.0,0.0034789999995155085,-24.788251999999943
development100,3,31,0000000000000000000000000000001000000000000000000000000000000000,nccp,segment_entry,297.4151987857143,297.5891311428571,0.17393235714280308,loss,2.435052999999243,12.175257934257388,4.597655337734523,0.8742049999998471,0.5652550000008887,0.0,0.07606199999918317,0.9195309999992105
development100,3,32,0000000000000000000000000000040000000000000000000000000000000000,mec_center,nccp,312.6564291428571,311.0678628571428,-1.5885662857143075,win,-22.239927999999964,-111.19962906337241,-111.33750229911493,-6.79467899999986,6.822253999999248,0.0,0.0,-22.267502999999124
development100,3,32,0000000000000000000000000000040000000000000000000000000000000000,mec_center,segment_entry,312.6564291428571,308.18626600000005,-4.470163142857075,win,-62.58228399999916,-312.911416565541,-104.3003590039807,-5.498172999999497,-36.22404200000028,0.0,0.0,-20.860068999999385
development100,3,32,0000000000000000000000000000040000000000000000000000000000000000,nccp,segment_entry,311.0678628571428,308.18626600000005,-2.8815968571427675,win,-40.3423559999992,-201.7117875021686,7.0371432951342285,1.2965060000003632,-43.04629599999953,0.0,0.0,1.4074339999997392
development100,3,33,0000000000000000000000000001000000000000000000000000000000000000,mec_center,nccp,489.81517840000004,490.15774880000004,0.3425703999999996,loss,5.13855599999988,25.692785628274578,-115.03703494677211,2.8601190000006227,-0.3009109999998145,0.0,25.586757000000034,-23.007409000000962
development100,3,33,0000000000000000000000000001000000000000000000000000000000000000,mec_center,segment_entry,489.81517840000004,490.15045480000003,0.3352763999999979,loss,5.029145999999855,25.145740785024827,-112.86791217984319,2.506552000000511,-0.47790399999939837,0.0,25.574082999999973,-22.57358500000123
development100,3,33,0000000000000000000000000001000000000000000000000000000000000000,nccp,segment_entry,490.15774880000004,490.15045480000003,-0.007294000000001688,win,-0.10941000000002532,-0.5470448432497506,2.169122766928922,-0.3535670000001119,-0.17699299999958384,0.0,-0.012674000000060914,0.4338239999997313
development100,3,34,0000000000000000000000000040000000000000000000000000000000000000,mec_center,nccp,327.9853194285714,325.3573772857143,-2.627942142857137,win,-36.791189999999915,-183.95594110672755,-265.0083822772209,-2.213925000000472,18.42441300000064,0.0,0.0,-53.0016779999998
development100,3,34,0000000000000000000000000040000000000000000000000000000000000000,mec_center,segment_entry,327.9853194285714,325.36255785714286,-2.622761571428555,win,-36.71866199999931,-183.59330227571627,-264.74474744581744,-2.1468650000001617,18.37715100000014,0.0,0.0,-52.948947999999575
development100,3,34,0000000000000000000000000040000000000000000000000000000000000000,nccp,segment_entry,325.3573772857143,325.36255785714286,0.00518057142858197,loss,0.07252800000060233,0.3626388310112816,0.2636348314034649,0.06706000000031054,-0.04726200000050085,0.0,0.0,0.05273000000022421
development100,3,35,0000000000000000000000001000000000000000000000000000000000000000,mec_center,nccp,407.01245827272726,406.1939987272727,-0.8184595454545729,win,-9.003055000000131,-45.015262045064446,-113.73193697559714,4.186586000000716,9.55674899999849,0.0,0.0,-22.746389999998826
development100,3,35,0000000000000000000000001000000000000000000000000000000000000000,mec_center,segment_entry,407.01245827272726,405.9811330909091,-1.031325181818147,win,-11.344576999999845,-56.72288824045245,-105.88221173281136,3.5514389999998457,6.280427999999347,0.0,0.0,-21.176443999999037
development100,3,35,0000000000000000000000001000000000000000000000000000000000000000,nccp,segment_entry,406.1939987272727,405.9811330909091,-0.21286563636357414,win,-2.3415219999997134,-11.707626195388002,7.84972524278578,-0.6351470000008703,-3.276320999999143,0.0,0.0,1.5699459999997885
development100,3,36,0000000000000000000000040000000000000000000000000000000000000000,mec_center,nccp,354.75100636363635,352.20869536363637,-2.542310999999984,win,-27.96542099999988,-139.82709749616333,-126.35262296184646,-0.4087560000002668,-2.2861390000014126,0.0,0.0,-25.2705259999982
development100,3,36,0000000000000000000000040000000000000000000000000000000000000000,mec_center,segment_entry,354.75100636363635,352.1058091818182,-2.645197181818162,win,-29.09716900000012,-145.48583110196523,-125.29052709560801,-1.8645250000004125,-2.1745370000007824,0.0,0.0,-25.058106999999097
development100,3,36,0000000000000000000000040000000000000000000000000000000000000000,nccp,segment_entry,352.20869536363637,352.1058091818182,-0.1028861818181781,win,-1.1317480000002433,-5.658733605801899,1.062095866238451,-1.4557690000001458,0.11160200000063014,0.0,0.0,0.21241899999910174
development100,3,37,0000000000000000000001000000000000000000000000000000000000000000,mec_center,nccp,283.9517661333333,282.29326953333333,-1.6584965999999781,win,-24.877448999999615,-124.38724865151016,-506.0026690001964,-1.0937660000004144,77.41685099999927,0.0,0.0,-101.20053399999864
development100,3,37,0000000000000000000001000000000000000000000000000000000000000000,mec_center,segment_entry,283.9517661333333,282.58888253333333,-1.362883599999975,win,-20.443253999999797,-102.21626587521314,-117.30074084985972,-0.39538199999992685,3.412278999998989,0.0,0.0,-23.46015099999886
development100,3,37,0000000000000000000001000000000000000000000000000000000000000000,nccp,segment_entry,282.29326953333333,282.58888253333333,0.295613000000003,loss,4.434194999999818,22.170982776297024,388.7019281503367,0.6983840000004875,-74.00457200000028,0.0,0.0,77.74038299999978
development100,3,38,0000000000000000000040000000000000000000000000000000000000000000,mec_center,nccp,379.30505750000003,378.1899722,-1.1150853000000325,win,-11.150853000000097,-55.75426910101851,-97.45424049996745,1.536260999999513,6.803733000000193,0.0,0.0,-19.49084699999969
development100,3,38,0000000000000000000040000000000000000000000000000000000000000000,mec_center,segment_entry,379.30505750000003,378.1604728,-1.1445847000000526,win,-11.445847000000413,-57.229239935522855,-96.53345772403918,1.5497059999988778,6.3111380000002555,0.0,0.0,-19.306690999999603
development100,3,38,0000000000000000000040000000000000000000000000000000000000000000,nccp,segment_entry,378.1899722,378.1604728,-0.02949940000002016,win,-0.2949940000003153,-1.4749708345043473,0.9207827759282736,0.013444999999364882,-0.4925949999999375,0.0,0.0,0.1841560000000868
development100,3,39,0000000000000000001000000000000000000000000000000000000000000000,mec_center,nccp,306.1532107142857,304.51406828571425,-1.6391424285714606,win,-22.947994000000108,-114.73996778897708,-133.76800237020962,-0.6984240000001591,4.504029999999602,0.0,0.0,-26.753599999999608
development100,3,39,0000000000000000001000000000000000000000000000000000000000000000,mec_center,segment_entry,306.1532107142857,304.5584152142857,-1.594795500000032,win,-22.32713700000022,-111.63567623367271,-129.7314431748789,-0.37474900000052,3.9938999999999396,0.0,0.0,-25.946287999999583
development100,3,39,0000000000000000001000000000000000000000000000000000000000000000,nccp,segment_entry,304.51406828571425,304.5584152142857,0.044346928571428634,loss,0.6208569999998872,3.1042915553043713,4.03655919533071,0.3236749999996391,-0.5101299999996627,0.0,0.0,0.8073120000000245
development100,3,40,0000000000000000040000000000000000000000000000000000000000000000,mec_center,nccp,358.5681853333333,357.38880416666666,-1.1793811666666443,win,-14.152573999999731,-70.76285984897186,-94.16673033082498,1.8704770000006192,2.810295999999198,0.0,0.0,-18.833346999999435
development100,3,40,0000000000000000040000000000000000000000000000000000000000000000,mec_center,segment_entry,358.5681853333333,357.46654341666664,-1.101641916666665,win,-13.219702999999754,-66.09851092607641,-90.60361613542455,1.7687530000005154,3.1322680000007495,0.0,0.0,-18.120724000000678
development100,3,40,0000000000000000040000000000000000000000000000000000000000000000,nccp,segment_entry,357.38880416666666,357.46654341666664,0.07773924999997917,loss,0.9328709999999774,4.664348922895442,3.5631141954004306,-0.10172400000010384,0.32197200000155135,0.0,0.0,0.7126229999987572
development100,3,41,0000000000000001000000000000000000000000000000000000000000000000,mec_center,nccp,304.7330048181818,303.5151016363636,-1.2179031818182011,win,-13.396934999999758,-66.98466705548344,-96.85500240601414,3.802050999999665,2.17201600000044,0.0,0.0,-19.371001999999862
development100,3,41,0000000000000001000000000000000000000000000000000000000000000000,mec_center,segment_entry,304.7330048181818,303.5675893636364,-1.165415454545439,win,-12.819569999999658,-64.09784536730695,-97.23731325031417,4.764458999999533,1.8634349999999813,0.0,0.0,-19.44746399999906
development100,3,41,0000000000000001000000000000000000000000000000000000000000000000,nccp,segment_entry,303.5151016363636,303.5675893636364,0.052487727272762186,loss,0.5773650000000998,2.8868216881764965,-0.3823108443000365,0.9624079999998685,-0.3085810000004585,0.0,0.0,-0.07646199999919645
development100,3,42,0000000000000040000000000000000000000000000000000000000000000000,mec_center,nccp,280.77679792857145,280.3241349285714,-0.45266300000002957,win,-6.337281999999959,-31.6864264365322,-104.84208373015827,4.458129000000099,10.173003000000335,0.0,0.0,-20.96841400000028
development100,3,42,0000000000000040000000000000000000000000000000000000000000000000,mec_center,segment_entry,280.77679792857145,280.14554035714286,-0.6312575714285913,win,-8.83760600000005,-44.18803857513558,-104.07937562473853,4.0573280000005525,7.920939000000544,0.0,0.0,-20.815873000001147
development100,3,42,0000000000000040000000000000000000000000000000000000000000000000,nccp,segment_entry,280.3241349285714,280.14554035714286,-0.17859457142856172,win,-2.5003240000000915,-12.501612138603377,0.7627081054197333,-0.40080099999954655,-2.252063999999791,0.0,0.0,0.1525409999991325
development100,3,43,0000000000001000000000000000000000000000000000000000000000000000,mec_center,nccp,283.3009533333333,281.48705993333334,-1.8138933999999836,win,-27.208400999999867,-136.0420026280517,-133.53069827480613,-1.0000160000004144,0.49775499999987005,0.0,0.0,-26.70613999999938
development100,3,43,0000000000001000000000000000000000000000000000000000000000000000,mec_center,segment_entry,283.3009533333333,281.49250513333334,-1.8084481999999866,win,-27.1267229999994,-135.63361210343646,-131.24148916855574,-1.0113470000003417,0.1329229999994368,0.0,0.0,-26.248298999998724
development100,3,43,0000000000001000000000000000000000000000000000000000000000000000,nccp,segment_entry,281.48705993333334,281.49250513333334,0.00544519999999693,loss,0.08167800000046554,0.4083905246152426,2.2892091062503823,-0.011330999999927371,-0.36483200000043325,0.0,0.0,0.45784100000065564
development100,3,44,0000000000040000000000000000000000000000000000000000000000000000,mec_center,nccp,278.9655530625,276.9097600625,-2.055792999999994,win,-32.89268799999991,-164.46345349444528,-157.0012472834146,-0.2654719999993631,-1.2269670000000588,0.0,0.0,-31.40024900000043
development100,3,44,0000000000040000000000000000000000000000000000000000000000000000,mec_center,segment_entry,278.9655530625,276.9349050625,-2.030648000000042,win,-32.49036800000067,-162.45184079035243,-154.9072774625863,0.01681400000074973,-1.5257270000010976,0.0,0.0,-30.981455000000096
development100,3,44,0000000000040000000000000000000000000000000000000000000000000000,nccp,segment_entry,276.9097600625,276.9349050625,0.025144999999952233,loss,0.40231999999923573,2.0116127040928404,2.093969820828306,0.28228600000011284,-0.29876000000103886,0.0,0.0,0.4187940000003323
development100,3,45,0000000001000000000000000000000000000000000000000000000000000000,mec_center,nccp,362.0194429,360.3126325,-1.7068103999999948,win,-17.06810399999995,-85.34053193277214,-85.39091187389567,-3.4956260000001294,3.5057030000004943,0.0,0.0,-17.0781810000002
development100,3,45,0000000001000000000000000000000000000000000000000000000000000000,mec_center,segment_entry,362.0194429,360.3577134,-1.6617294999999785,win,-16.617295000000013,-83.08648306084069,-83.5378517105728,-3.4082590000004984,3.4985340000000633,0.0,0.0,-16.707569999999635
development100,3,45,0000000001000000000000000000000000000000000000000000000000000000,nccp,segment_entry,360.3126325,360.3577134,0.0450809000000163,loss,0.4508089999999356,2.2540488719314453,1.8530601633228798,0.08736699999963093,-0.0071690000004309695,0.0,0.0,0.3706110000005651
development100,3,46,0000000040000000000000000000000000000000000000000000000000000000,mec_center,nccp,753.8163236666666,354.6182768333333,-399.19804683333325,win,-4790.3765619999995,-21686.882788512965,-791.4236912455126,309.9704980000006,316.3504659999992,0.0,-5263.412786999999,-153.28473899999995
development100,3,46,0000000040000000000000000000000000000000000000000000000000000000,mec_center,segment_entry,753.8163236666666,354.5772226666666,-399.23910099999995,win,-4790.869212,-21689.346036210783,-786.5322792365091,308.94691000000057,315.9031219999995,0.0,-5263.412786999999,-152.30645700000025
development100,3,46,0000000040000000000000000000000000000000000000000000000000000000,nccp,segment_entry,354.6182768333333,354.5772226666666,-0.041054166666697256,win,-0.4926500000001397,-2.4632476978185878,4.8914120090034885,-1.023588000000018,-0.44734399999970265,0.0,0.0,0.9782819999996946
development100,3,47,0000001000000000000000000000000000000000000000000000000000000000,mec_center,nccp,307.04341354545454,305.8347368181818,-1.2086767272727457,win,-13.295444000000316,-66.47723515678081,-88.96154253145369,4.5397579999998925,-0.04289600000038263,0.0,0.0,-17.792305999999883
development100,3,47,0000001000000000000000000000000000000000000000000000000000000000,mec_center,segment_entry,307.04341354545454,305.9070271818182,-1.1363863636363476,win,-12.500250000000051,-62.501254501265066,-86.86325898587893,3.7834539999998924,1.0889459999996234,0.0,0.0,-17.37264999999934
development100,3,47,0000001000000000000000000000000000000000000000000000000000000000,nccp,segment_entry,305.8347368181818,305.9070271818182,0.07229036363639807,loss,0.7951940000002651,3.975980655515741,2.098283545574759,-0.7563040000000001,1.131842000000006,0.0,0.0,0.41965600000054337
development100,3,48,0000040000000000000000000000000000000000000000000000000000000000,mec_center,nccp,310.98390561538463,309.8320616153846,-1.1518440000000396,win,-14.97397200000023,-74.86985776891379,-81.34897867935751,3.486531000000923,-2.0246980000003987,0.0,-0.16600900000003094,-16.269796000000838
development100,3,48,0000040000000000000000000000000000000000000000000000000000000000,mec_center,segment_entry,310.98390561538463,309.7328064615385,-1.2510991538461553,win,-16.26428900000019,-81.32144287723531,-80.77967277309699,2.3156920000008085,-2.4071480000000065,0.0,-0.016899000000194064,-16.155934000000798
development100,3,48,0000040000000000000000000000000000000000000000000000000000000000,nccp,segment_entry,309.8320616153846,309.7328064615385,-0.09925515384611572,win,-1.290316999999959,-6.451585108321524,0.5693059062605244,-1.1708390000001145,-0.3824499999996078,0.0,0.14910999999983687,0.1138620000000401
development100,3,49,0001000000000000000000000000000000000000000000000000000000000000,mec_center,nccp,258.628859125,257.1775616875,-1.4512974375000454,win,-23.220759000000726,-116.10377998397598,-144.0582202719595,-0.08437700000035875,5.675263999999061,0.0,0.0,-28.811645999999712
development100,3,49,0001000000000000000000000000000000000000000000000000000000000000,mec_center,segment_entry,258.628859125,257.1685936875,-1.460265437500027,win,-23.364247000000432,-116.82123339674945,-142.06641006041104,0.21239299999979266,4.836643000000095,0.0,0.0,-28.413283000000263
development100,3,49,0001000000000000000000000000000000000000000000000000000000000000,nccp,segment_entry,257.1775616875,257.1685936875,-0.008967999999981657,win,-0.14348799999970652,-0.717453412773466,1.9918102115484544,0.2967700000001514,-0.838620999998966,0.0,0.0,0.39836299999944913
development100,3,50,0040000000000000000000000000000000000000000000000000000000000000,mec_center,nccp,343.71764010000004,342.4482447,-1.2693954000000645,win,-12.693954000000303,-63.46977183742092,-96.97790314824647,2.544932000000017,4.1566949999999,0.0,0.0,-19.395581000000277
development100,3,50,0040000000000000000000000000000000000000000000000000000000000000,mec_center,segment_entry,343.71764010000004,342.4501623,-1.2674778000000515,win,-12.67477800000006,-63.373895941742376,-95.65634826156361,2.8437770000005003,3.612715999999864,0.0,0.0,-19.13127100000031
development100,3,50,0040000000000000000000000000000000000000000000000000000000000000,nccp,segment_entry,342.4482447,342.4501623,0.0019176000000129534,loss,0.01917600000024322,0.09587589567854593,1.3215548866828613,0.2988450000004832,-0.5439790000000357,0.0,0.0,0.2643099999999663
development100,3,51,1000000000000000000000000000000000000000000000000000000000000000,mec_center,nccp,343.2818929,342.2067318,-1.0751611000000025,win,-10.751611000000139,-53.758055965901804,-65.20521516370036,0.5371739999995953,1.7522589999996399,0.0,0.0,-13.041043999999374
development100,3,51,1000000000000000000000000000000000000000000000000000000000000000,mec_center,segment_entry,343.2818929,342.3876198,-0.8942731000000208,win,-8.942731000000094,-44.713653449998674,-61.99778516467768,1.2857489999996687,2.171077999999511,0.0,0.0,-12.399557999999388
development100,3,51,1000000000000000000000000000000000000000000000000000000000000000,nccp,segment_entry,342.2067318,342.3876198,0.18088799999998173,loss,1.8088800000000447,9.04440251590313,3.207429999022679,0.7485750000000735,0.41881899999987127,0.0,0.0,0.6414859999999862
development100,3,52,ba3d6678dd7cb0d065858640fcf0007dd3a31be73d5a5b71173279bbab46ccf3,mec_center,nccp,326.4718131333333,328.774085,2.302271866666729,loss,34.53407800000059,167.67037727921343,509.90627231554595,80.07054400000015,-147.5177209999997,0.0,0.0,101.98125500000015
development100,3,52,ba3d6678dd7cb0d065858640fcf0007dd3a31be73d5a5b71173279bbab46ccf3,mec_center,segment_entry,326.4718131333333,328.7912477333333,2.3194346000000223,loss,34.791519000000335,168.957573556665,513.136427901605,79.19597900000008,-147.03174799999942,0.0,0.0,102.62728799999917
development100,3,52,ba3d6678dd7cb0d065858640fcf0007dd3a31be73d5a5b71173279bbab46ccf3,nccp,segment_entry,328.774085,328.7912477333333,0.017162733333293545,loss,0.25744099999974424,1.287196277451585,3.230155586059027,-0.8745650000000751,0.48597300000028554,0.0,0.0,0.6460329999990222
development100,3,53,2f0f7f7080cea2468e02407ae424cd306a88aa29c679e003533c57445d74160b,mec_center,nccp,297.2566878,295.257293,-1.9993948000000046,win,-29.990921999999955,-149.95461379969856,-140.45781874307522,1.218728000000283,-3.118087000000287,0.0,0.0,-28.091562999999667
development100,3,53,2f0f7f7080cea2468e02407ae424cd306a88aa29c679e003533c57445d74160b,mec_center,segment_entry,297.2566878,295.37814080000004,-1.878546999999969,win,-28.178205000000162,-140.8910126637711,-136.18646377884102,2.0602539999990768,-3.0011660000004667,0.0,0.0,-27.237292999998544
development100,3,53,2f0f7f7080cea2468e02407ae424cd306a88aa29c679e003533c57445d74160b,nccp,segment_entry,295.257293,295.37814080000004,0.12084780000003548,loss,1.8127169999997932,9.063601135927456,4.271354964234206,0.8415259999987938,0.1169209999998202,0.0,0.0,0.8542700000011223
development100,3,54,97d80d4f862e21ec78a03669b6b7714d8c40b51a8a699ba5ea7c5388c456ab65,mec_center,nccp,337.7123555384615,335.91902723076925,-1.7933283076922635,win,-23.31326799999988,-116.56633218641582,-129.5624371257752,2.5416470000004665,0.05757199999925433,0.0,0.0,-25.912486999999544
development100,3,54,97d80d4f862e21ec78a03669b6b7714d8c40b51a8a699ba5ea7c5388c456ab65,mec_center,segment_entry,337.7123555384615,335.82109130769226,-1.8912642307692522,win,-24.586435000000165,-122.93218980928941,-127.24825683789868,1.1411090000001423,-0.2778939999998329,0.0,0.0,-25.44965000000019
development100,3,54,97d80d4f862e21ec78a03669b6b7714d8c40b51a8a699ba5ea7c5388c456ab65,nccp,segment_entry,335.91902723076925,335.82109130769226,-0.09793592307698873,win,-1.273167000000285,-6.365857622873591,2.3141802878765247,-1.4005380000003242,-0.3354659999990872,0.0,0.0,0.4628369999993538
development100,3,55,d770912cb60bc809ff0ade4c922fa2e48f49e08e760e10f39b6fad070001ae79,mec_center,nccp,286.8859626666666,284.73709433333335,-2.1488683333332688,win,-32.23302499999954,-161.1651177180065,-158.63632866032708,0.6544669999996131,-1.1602259999995113,0.0,0.0,-31.7272660000001
development100,3,55,d770912cb60bc809ff0ade4c922fa2e48f49e08e760e10f39b6fad070001ae79,mec_center,segment_entry,286.8859626666666,284.72780313333334,-2.1581595333332757,win,-32.37239299999965,-161.86195333250726,-156.684248075793,0.5698459999998704,-1.6053889999998319,0.0,0.0,-31.33684999999997
development100,3,55,d770912cb60bc809ff0ade4c922fa2e48f49e08e760e10f39b6fad070001ae79,nccp,segment_entry,284.73709433333335,284.72780313333334,-0.009291200000006938,win,-0.13936800000010408,-0.6968356145007419,1.9520805845340874,-0.08462099999974271,-0.4451630000003206,0.0,0.0,0.39041600000012977
development100,3,56,784f17a46998e17f112cffa6f4e7c8e56588c8dabd3aa02ebb1c32e44a3ffb1e,mec_center,nccp,336.967258,334.9258643,-2.0413937000000146,win,-20.413936999999805,-102.0696941615879,-92.3833864049625,-2.392714999999953,0.4554530000000341,0.0,0.0,-18.476675
development100,3,56,784f17a46998e17f112cffa6f4e7c8e56588c8dabd3aa02ebb1c32e44a3ffb1e,mec_center,segment_entry,336.967258,335.1974449,-1.7698131000000217,win,-17.698131000000103,-88.49065839316972,-86.59005942835529,-1.2726180000008753,0.8924990000004982,0.0,0.0,-17.318011999999726
development100,3,56,784f17a46998e17f112cffa6f4e7c8e56588c8dabd3aa02ebb1c32e44a3ffb1e,nccp,segment_entry,334.9258643,335.1974449,0.27158059999999296,loss,2.715805999999702,13.57903576841818,5.793326976607204,1.1200969999990775,0.4370460000004641,0.0,0.0,1.1586630000002742
development100,3,57,1548da85d6c6e39eb890c305e8d66c0fd204ecd3c3c6cc267e1a045f97fe7a4a,mec_center,nccp,275.9547888125,274.11288325,-1.841905562500017,win,-29.47048900000027,-147.35245703043256,-120.76884525036985,-7.442164999999932,2.1254429999999047,0.0,-4.547473508864641e-13,-24.15376699999979
development100,3,57,1548da85d6c6e39eb890c305e8d66c0fd204ecd3c3c6cc267e1a045f97fe7a4a,mec_center,segment_entry,275.9547888125,274.0815151875,-1.8732736250000244,win,-29.97237800000039,-149.86188243170545,-117.4447183063312,-7.356494999999541,0.8730629999995472,0.0,-4.547473508864641e-13,-23.488946000000055
development100,3,57,1548da85d6c6e39eb890c305e8d66c0fd204ecd3c3c6cc267e1a045f97fe7a4a,nccp,segment_entry,274.11288325,274.0815151875,-0.031368062500007454,win,-0.5018890000001193,-2.5094254012728925,3.324126944038653,0.08567000000039116,-1.2523800000003575,0.0,0.0,0.6648209999997334
development100,3,58,3968cf2f68f506d6ea7ca59ddf7bfa1c70cb5ca081c7faf38d6551380c551f9d,mec_center,nccp,324.7895638571428,322.83398285714287,-1.9555809999999383,win,-27.37813399999959,-136.89067973285273,-673.9801050613921,0.30799900000010894,106.82299199999943,0.0,0.28689600000006976,-134.79602099999943
development100,3,58,3968cf2f68f506d6ea7ca59ddf7bfa1c70cb5ca081c7faf38d6551380c551f9d,mec_center,segment_entry,324.7895638571428,322.93516485714287,-1.854398999999944,win,-25.961585999999443,-129.8079357698589,-673.6597738790883,1.2386050000002342,107.26665699999967,0.0,0.26510700000017096,-134.73195499999952
development100,3,58,3968cf2f68f506d6ea7ca59ddf7bfa1c70cb5ca081c7faf38d6551380c551f9d,nccp,segment_entry,322.83398285714287,322.93516485714287,0.10118199999999433,loss,1.416548000000148,7.082743962993845,0.3203311823037893,0.9306060000001253,0.44366500000023734,0.0,-0.021788999999898806,0.06406599999991158
development100,3,59,c5a6a4109c0888085001a62e9a939573dfc3a9188630cddb899dfb7c060e27dd,mec_center,nccp,291.75009193333335,289.6353777333333,-2.114714200000037,win,-31.720713000000615,-158.60357550740082,-143.6204557012352,1.027695999999878,-4.024316999998518,0.0,0.0,-28.72409200000152
development100,3,59,c5a6a4109c0888085001a62e9a939573dfc3a9188630cddb899dfb7c060e27dd,mec_center,segment_entry,291.75009193333335,289.66143653333336,-2.0886553999999933,win,-31.329831000000013,-156.6491727120556,-136.56595987135006,0.44259800000054383,-4.45923799999855,0.0,0.0,-27.31319100000178
development100,3,59,c5a6a4109c0888085001a62e9a939573dfc3a9188630cddb899dfb7c060e27dd,nccp,segment_entry,289.6353777333333,289.66143653333336,0.026058800000043902,loss,0.3908820000006017,1.9544027953452314,7.054495829885127,-0.5850979999993342,-0.4349210000000312,0.0,0.0,1.4109009999997397
development100,3,60,1c98b0acecb38f668a506387b2098fa851a68592867cb74166ab0144c4605406,mec_center,nccp,386.1546409,383.5406357,-2.6140052000000082,win,-26.140052000000196,-130.70024765380913,-97.4021897211228,-2.922606000000542,-3.7370089999999436,0.0,0.0,-19.48043699999971
development100,3,60,1c98b0acecb38f668a506387b2098fa851a68592867cb74166ab0144c4605406,mec_center,segment_entry,386.1546409,383.6290762,-2.525564700000018,win,-25.255646999999954,-126.27823125754549,-96.75058701188516,-2.5423710000004576,-3.3631589999990865,0.0,0.0,-19.350117000000296
development100,3,60,1c98b0acecb38f668a506387b2098fa851a68592867cb74166ab0144c4605406,nccp,segment_entry,383.5406357,383.6290762,0.08844049999999015,loss,0.8844050000002426,4.422016396263643,0.6516027092376362,0.38023500000008426,0.3738500000008571,0.0,0.0,0.1303199999994149
development100,3,61,04ac3add1ca2a7a7ca96c56bf0bc4d9964d00237856b65c412634d286fd42a97,mec_center,nccp,344.88790871428574,343.9622865714286,-0.9256221428571507,win,-12.958709999999883,-64.793538292437,-124.83783220246869,6.146968000000015,5.861889999999676,0.0,0.0,-24.967567999999687
development100,3,61,04ac3add1ca2a7a7ca96c56bf0bc4d9964d00237856b65c412634d286fd42a97,mec_center,segment_entry,344.88790871428574,343.85402421428574,-1.0338844999999992,win,-14.474382999999762,-72.37190490210196,-121.90093151457859,4.563560000000507,5.342243000001417,0.0,0.0,-24.380186000001913
development100,3,61,04ac3add1ca2a7a7ca96c56bf0bc4d9964d00237856b65c412634d286fd42a97,nccp,segment_entry,343.9622865714286,343.85402421428574,-0.10826235714284849,win,-1.5156729999998788,-7.578366609664954,2.936900687890102,-1.5834079999995083,-0.5196469999982583,0.0,0.0,0.5873819999977741
development100,3,62,a86cc0ddc589b07998f70774bf0f3a594106c04cc5bcc3536ceddfb336ee01b7,mec_center,nccp,317.54221,316.9688308181818,-0.5733791818182112,win,-6.307170999999926,-31.535861772852513,-91.59953026438802,5.032144000000244,6.980589999999211,0.0,0.0,-18.319904999999494
development100,3,62,a86cc0ddc589b07998f70774bf0f3a594106c04cc5bcc3536ceddfb336ee01b7,mec_center,segment_entry,317.54221,316.95175563636366,-0.5904543636363542,win,-6.4949979999996685,-32.47499203850202,-88.94347237484021,3.641260000000557,7.65243600000008,0.0,0.0,-17.78869400000019
development100,3,62,a86cc0ddc589b07998f70774bf0f3a594106c04cc5bcc3536ceddfb336ee01b7,nccp,segment_entry,316.9688308181818,316.95175563636366,-0.017075181818142937,win,-0.18782699999974284,-0.93913026564951,2.65605788954781,-1.3908839999996871,0.671846000000869,0.0,0.0,0.5312109999993027
development100,3,63,6364202139a56f22a4593bac2c2b49a74274a633454c597e722f367556ec01c1,mec_center,nccp,352.47815854545456,350.57234854545453,-1.9058100000000309,win,-20.96390999999994,-104.81954848710848,-100.30191757089028,1.3466619999994691,-2.2501879999997527,0.0,0.0,-20.06038399999943
development100,3,63,6364202139a56f22a4593bac2c2b49a74274a633454c597e722f367556ec01c1,mec_center,segment_entry,352.47815854545456,350.7096898181818,-1.7684687272727615,win,-19.453156000000035,-97.26578970483934,-96.47124934472185,1.555924000000232,-1.7148300000010295,0.0,0.0,-19.29424999999901
development100,3,63,6364202139a56f22a4593bac2c2b49a74274a633454c597e722f367556ec01c1,nccp,segment_entry,350.57234854545453,350.7096898181818,0.13734127272726937,loss,1.5107539999999062,7.553758782269142,3.8306682261684273,0.20926200000076278,0.5353579999987232,0.0,0.0,0.7661340000004202
development100,3,64,6a46f19ac7726ada9a0bbf3eaba282bef248e1c8b236c96880d8892ff792eb7f,mec_center,nccp,267.8207826153846,273.50657723076927,5.68579461538468,loss,73.91533000000027,399.57664536149605,289.3689382033469,68.3015749999995,-52.260033999999905,0.0,0.0,57.873789000000386
development100,3,64,6a46f19ac7726ada9a0bbf3eaba282bef248e1c8b236c96880d8892ff792eb7f,mec_center,segment_entry,267.8207826153846,273.4762046923077,5.6554220769231165,loss,73.52048700000023,397.60243140567945,291.0337535692261,67.58155800000031,-52.26782400000138,0.0,0.0,58.2067530000013
development100,3,64,6a46f19ac7726ada9a0bbf3eaba282bef248e1c8b236c96880d8892ff792eb7f,nccp,segment_entry,273.50657723076927,273.4762046923077,-0.03037253846156318,win,-0.39484300000003714,-1.9742139558165945,1.6648153658792353,-0.7200169999991886,-0.0077900000014778925,0.0,0.0,0.33296400000091353
development100,3,65,7b1f6f8cec673f9fcfd66ebb3b5a98ca08252f4c39a8a24ec462f46b685823a7,mec_center,nccp,278.5678797692308,277.5893646153846,-0.9785151538461605,win,-12.7206970000002,-63.603497793719725,-110.9224908309609,3.5887179999999717,5.875080999999227,0.0,0.0,-22.184495999999626
development100,3,65,7b1f6f8cec673f9fcfd66ebb3b5a98ca08252f4c39a8a24ec462f46b685823a7,mec_center,segment_entry,278.5678797692308,277.450459,-1.1174207692307618,win,-14.526470000000245,-72.632349253543,-109.9885298331294,2.1948729999996885,5.276360999998815,0.0,0.0,-21.997703999999032
development100,3,65,7b1f6f8cec673f9fcfd66ebb3b5a98ca08252f4c39a8a24ec462f46b685823a7,nccp,segment_entry,277.5893646153846,277.450459,-0.13890561538460133,win,-1.8057730000000447,-9.028851459823272,0.9339609978314911,-1.393845000000283,-0.5987200000004123,0.0,0.0,0.18679200000059382
development100,3,66,4f2b105f432e2c81de6bcb11748644a3781d1423ebabe2231c9c704099697fc3,mec_center,nccp,269.0617718666667,267.5692608,-1.4925110666666797,win,-22.38766600000008,-111.9383213048568,-127.63102218845142,2.8220080000003236,0.3165329999997084,0.0,0.0,-25.526207000000113
development100,3,66,4f2b105f432e2c81de6bcb11748644a3781d1423ebabe2231c9c704099697fc3,mec_center,segment_entry,269.0617718666667,267.5354963333333,-1.5262755333333757,win,-22.894133000000238,-114.47064878276979,-122.18610663960453,2.108855000000176,-0.5657639999997173,0.0,0.0,-24.437224000000697
development100,3,66,4f2b105f432e2c81de6bcb11748644a3781d1423ebabe2231c9c704099697fc3,nccp,segment_entry,267.5692608,267.5354963333333,-0.03376446666669608,win,-0.506467000000157,-2.532327477912986,5.444915548846893,-0.7131530000001476,-0.8822969999994257,0.0,0.0,1.0889829999994163
development100,3,67,f970dc1fa6e82813e7d955be7a2c784895fbe642d9614d3dabb44caf93fb0afd,mec_center,nccp,354.25358666666665,353.44228541666666,-0.8113012499999854,win,-9.735614999999598,-48.67806869508058,-100.2538981346438,2.248357000000169,8.066810000000487,0.0,0.0,-20.050782000000254
development100,3,67,f970dc1fa6e82813e7d955be7a2c784895fbe642d9614d3dabb44caf93fb0afd,mec_center,segment_entry,354.25358666666665,345.03064108333336,-9.222945583333285,win,-110.67534699999942,-578.3767302973938,-1264.575322711128,-7.629704999999376,149.8694230000001,0.0,0.0,-252.91506499999997
development100,3,67,f970dc1fa6e82813e7d955be7a2c784895fbe642d9614d3dabb44caf93fb0afd,nccp,segment_entry,353.44228541666666,345.03064108333336,-8.4116443333333,win,-100.93973199999982,-529.6986616023132,-1164.321424576484,-9.878061999999545,141.8026129999996,0.0,0.0,-232.86428299999972
development100,3,68,0a43a4c70fbb7645f951ca49e6bd9ea6b1532e2d1b325ec3dc7b730b65505ea5,mec_center,nccp,1198.4644513333333,1196.8738455999999,-1.5906057333334047,win,-23.85908600000039,-119.29542270004458,-135.47999656467073,-0.990060000000085,4.226973000000271,0.0,-1.8189894035458565e-12,-27.095999000000063
development100,3,68,0a43a4c70fbb7645f951ca49e6bd9ea6b1532e2d1b325ec3dc7b730b65505ea5,mec_center,segment_entry,1198.4644513333333,1196.8090335333334,-1.6554177999998956,win,-24.83126699999775,-124.15632284723688,-131.70107623067906,-1.7031320000005508,3.2120819999995547,0.0,1.8189894035458565e-12,-26.340216999999143
development100,3,68,0a43a4c70fbb7645f951ca49e6bd9ea6b1532e2d1b325ec3dc7b730b65505ea5,nccp,segment_entry,1196.8738455999999,1196.8090335333334,-0.06481206666649086,win,-0.972180999997363,-4.860900147192297,3.778920333991664,-0.7130720000004658,-1.0148910000007163,0.0,3.637978807091713e-12,0.7557820000009201
development100,3,69,8df8a0ae76a4cd281a0b7a15188ee2a7fd08f5b90969ffcc7ae815f4f5366ebc,mec_center,nccp,384.6797348,383.70118160000004,-0.9785531999999648,win,-9.785531999999876,-48.92765542379675,-95.24037415712542,5.0435489999999845,4.2189940000002935,0.0,0.0,-19.048074999999983
development100,3,69,8df8a0ae76a4cd281a0b7a15188ee2a7fd08f5b90969ffcc7ae815f4f5366ebc,mec_center,segment_entry,384.6797348,383.7180546,-0.9616801999999893,win,-9.616802000000007,-48.084015706463106,-94.74629398382615,5.07466100000056,4.257793999999876,0.0,0.0,-18.9492570000005
development100,3,69,8df8a0ae76a4cd281a0b7a15188ee2a7fd08f5b90969ffcc7ae815f4f5366ebc,nccp,segment_entry,383.70118160000004,383.7180546,0.01687299999997549,loss,0.1687299999998686,0.8436397173336445,0.4940801732992668,0.03111200000057579,0.038799999999582724,0.0,0.0,0.09881799999948271
development100,3,70,d6f2558171a603d648294fa0805c6f4c91104f70676decf9a07de4030717734f,mec_center,nccp,624.991115,622.5395373846154,-2.451577615384622,win,-31.87050900000031,-159.35255338261777,-119.6854150437182,-5.985178000000133,-1.9482480000003761,0.0,0.0,-23.937082999999575
development100,3,70,d6f2558171a603d648294fa0805c6f4c91104f70676decf9a07de4030717734f,mec_center,segment_entry,624.991115,622.6554826923077,-2.3356323076923218,win,-30.363220000000183,-151.81609724727605,-118.05481598825236,-4.448884000000135,-2.3033720000000812,0.0,0.0,-23.610963999999626
development100,3,70,d6f2558171a603d648294fa0805c6f4c91104f70676decf9a07de4030717734f,nccp,segment_entry,622.5395373846154,622.6554826923077,0.11594530769230005,loss,1.507289000000128,7.536456135341723,1.6305990554658365,1.536293999999998,-0.3551239999997051,0.0,0.0,0.32611899999994876
development100,3,71,f6d3e037aa23c2a3ae9351cd4cc855074d8b9c0a4a96d52b720e802c7f742889,mec_center,nccp,1747.263183909091,1400.6309586363636,-346.6322252727273,win,-3812.9544780000015,-19064.772373689353,-100.12158468211533,0.0023750000032123353,0.020337000003110006,0.0,-3792.9528709999995,-20.024319000007324
development100,3,71,f6d3e037aa23c2a3ae9351cd4cc855074d8b9c0a4a96d52b720e802c7f742889,mec_center,segment_entry,1747.263183909091,1345.2031946363636,-402.0599892727273,win,-4422.659882000002,-22113.299423590986,-102.85000932581488,0.046280000001388544,-0.5558529999973416,0.0,-4401.580306,-20.570003000005386
development100,3,71,f6d3e037aa23c2a3ae9351cd4cc855074d8b9c0a4a96d52b720e802c7f742889,nccp,segment_entry,1400.6309586363636,1345.2031946363636,-55.427764000000025,win,-609.7054040000003,-3048.5270499016333,-2.7284246436995545,0.04390499999817621,-0.5761900000004516,0.0,-608.6274350000003,-0.5456839999980616
development100,3,72,f59ab0da552f2688f3af556b17b3b265716e331184fb2d18ec7c83f5904ef598,mec_center,nccp,287.91776484615383,285.51356084615384,-2.404203999999993,win,-31.254651999999624,-131.27325791400835,391.27824256648,-0.8782949999990706,-108.6320040000005,0.0,0.0,78.2556469999999
development100,3,72,f59ab0da552f2688f3af556b17b3b265716e331184fb2d18ec7c83f5904ef598,mec_center,segment_entry,287.91776484615383,285.4619176153846,-2.4558472307692227,win,-31.926013999999668,-134.6300686001323,393.9922570872693,-1.2361719999996694,-109.48829100000034,0.0,0.0,78.79844900000035
development100,3,72,f59ab0da552f2688f3af556b17b3b265716e331184fb2d18ec7c83f5904ef598,nccp,segment_entry,285.51356084615384,285.4619176153846,-0.05164323076922983,win,-0.6713620000000446,-3.3568106861239357,2.7140145207893056,-0.35787700000059885,-0.8562869999998384,0.0,0.0,0.5428020000004494
development100,3,73,b90746144e04c8b3da88845b056839d55e673a696c9bea054537e2619e298b55,mec_center,nccp,329.7245969090909,327.41458254545455,-2.3100143636363555,win,-25.410158000000138,-127.05079165942152,-115.25129920392146,-2.7270599999992555,0.3671619999995528,0.0,0.0,-23.05026000000055
development100,3,73,b90746144e04c8b3da88845b056839d55e673a696c9bea054537e2619e298b55,mec_center,segment_entry,329.7245969090909,327.4444729090909,-2.2801240000000007,win,-25.08136400000012,-125.40680788210011,-112.15221203537408,-2.557345000000396,-0.09357499999941865,0.0,0.0,-22.43044400000042
development100,3,73,b90746144e04c8b3da88845b056839d55e673a696c9bea054537e2619e298b55,nccp,segment_entry,327.41458254545455,327.4444729090909,0.029890363636354778,loss,0.32879400000001624,1.6439837773214094,3.099087168547385,0.16971499999885964,-0.46073699999897144,0.0,0.0,0.619816000000128
development100,3,74,fdbb8d8266f5a47c3c578640e5e4ffd0a98da717683991aece971d993d198374,mec_center,nccp,292.942102,291.7893273125,-1.1527746874999707,win,-18.44439499999953,-92.2219699658126,-122.26190546336147,-3.6971450000007735,5.9590019999991455,0.0,3.7461299999999937,-24.452381999997783
development100,3,74,fdbb8d8266f5a47c3c578640e5e4ffd0a98da717683991aece971d993d198374,mec_center,segment_entry,292.942102,291.915288375,-1.0268136249999884,win,-16.429017999999814,-82.14509230525073,-115.11674003637017,-3.142452000000958,5.9874110000000655,0.0,3.7493709999998828,-23.023347999998805
development100,3,74,fdbb8d8266f5a47c3c578640e5e4ffd0a98da717683991aece971d993d198374,nccp,segment_entry,291.7893273125,291.915288375,0.1259610624999823,loss,2.0153769999997166,10.076877660561877,7.145165426991298,0.5546929999998156,0.02840900000092006,0.0,0.003240999999889027,1.4290339999989783
development100,3,75,9688e602a62469980db9a173df708fd85dd32e87295571c54d5956c015a8d3ed,mec_center,nccp,310.76606957142855,308.78686392857145,-1.9792056428570959,win,-27.708878999999797,-138.54438944978028,-134.13378035848586,-5.395826999999144,4.513704000000416,0.0,0.0,-26.82675600000084
development100,3,75,9688e602a62469980db9a173df708fd85dd32e87295571c54d5956c015a8d3ed,mec_center,segment_entry,310.76606957142855,308.7875969285714,-1.9784726428571275,win,-27.698617000000013,-138.49307893900914,-132.64670022356086,-5.487786999999571,4.318510000001879,0.0,0.0,-26.529340000001923
development100,3,75,9688e602a62469980db9a173df708fd85dd32e87295571c54d5956c015a8d3ed,nccp,segment_entry,308.78686392857145,308.7875969285714,0.0007329999999683423,loss,0.010261999999784166,0.051310510771145346,1.4870801349250087,-0.09196000000042659,-0.19519399999853704,0.0,0.0,0.2974159999989183
development100,3,76,203900a04f3213c83cfd64fcde62304947dcfa0b0e564a2484b2ca9f30079ac5,mec_center,nccp,1791.9464777333335,1790.5712467333333,-1.3752310000002126,win,-20.628465000001597,-103.14230756097822,-138.23635442106388,8.132379000000356,-1.1135699999997541,0.0,-3.637978807091713e-12,-27.647274000000948
development100,3,76,203900a04f3213c83cfd64fcde62304947dcfa0b0e564a2484b2ca9f30079ac5,mec_center,segment_entry,1791.9464777333335,1790.5690102666667,-1.377467466666758,win,-20.662012000000686,-103.31004152084643,-132.2553684737586,7.005209999999806,-1.2161470000000918,0.0,-3.637978807091713e-12,-26.451075000000287
development100,3,76,203900a04f3213c83cfd64fcde62304947dcfa0b0e564a2484b2ca9f30079ac5,nccp,segment_entry,1790.5712467333333,1790.5690102666667,-0.0022364666665453115,win,-0.033546999999089167,-0.16773395986820105,5.980985947305271,-1.1271690000005492,-0.10257700000033765,0.0,0.0,1.1961990000006608
development100,3,77,8c9018fdbc851f5eca97c37a399d64c2f8251ee55e80d15eba489fefe150ab1c,mec_center,nccp,390.7559365384616,388.84326138461535,-1.9126751538462372,win,-24.864777000000686,-124.3238905463877,-105.14984022370072,-5.661584000000175,1.8267740000003414,0.0,-4.547473508864641e-13,-21.029967000000113
development100,3,77,8c9018fdbc851f5eca97c37a399d64c2f8251ee55e80d15eba489fefe150ab1c,mec_center,segment_entry,390.7559365384616,388.8868452307692,-1.869091307692372,win,-24.298187000000325,-121.49093480293232,-103.14481273965885,-6.017806000000064,2.34858099999974,0.0,0.0,-20.628961999999717
development100,3,77,8c9018fdbc851f5eca97c37a399d64c2f8251ee55e80d15eba489fefe150ab1c,nccp,segment_entry,388.84326138461535,388.8868452307692,0.043583846153865125,loss,0.5665900000003603,2.8329557434553863,2.005027484041875,-0.3562219999998888,0.5218069999993986,0.0,4.547473508864641e-13,0.40100500000039574
development100,3,78,d036688037ab4281d988dd57fe83338d05c8008c5b4b2f8c63accd4c2a9d5598,mec_center,nccp,320.9703854,318.3273154,-2.643070000000023,win,-26.430699999999888,-132.15348779074884,-116.91666714858616,3.1731280000001334,-6.220493000000033,0.0,0.0,-23.383335000000102
development100,3,78,d036688037ab4281d988dd57fe83338d05c8008c5b4b2f8c63accd4c2a9d5598,mec_center,segment_entry,320.9703854,318.44717230000003,-2.523213099999964,win,-25.232130999999754,-126.16065231468019,-115.36946957480791,3.1167199999997592,-5.274955999999747,0.0,0.0,-23.07389499999988
development100,3,78,d036688037ab4281d988dd57fe83338d05c8008c5b4b2f8c63accd4c2a9d5598,nccp,segment_entry,318.3273154,318.44717230000003,0.11985690000005889,loss,1.198569000000134,5.992835476068649,1.5471975737782486,-0.05640800000037416,0.9455370000002858,0.0,0.0,0.3094400000002224
development100,3,79,a6ba2dd1b21b567d9d7e3a352524e055066cefce17e809774129cd8e632d97fe,mec_center,nccp,257.4288715625,259.157043,1.7281714375000092,loss,27.650743000000148,113.25371808302589,-436.79379065417925,-4.049919000000045,117.62145900000019,0.0,1.4379619999999704,-87.35875900000019
development100,3,79,a6ba2dd1b21b567d9d7e3a352524e055066cefce17e809774129cd8e632d97fe,mec_center,segment_entry,257.4288715625,259.2673291875,1.8384576250000464,loss,29.415322000000742,122.07660060635317,-429.2075518651618,-4.196501999999555,117.91819800000007,0.0,1.5351370000003044,-85.84151099999997
development100,3,79,a6ba2dd1b21b567d9d7e3a352524e055066cefce17e809774129cd8e632d97fe,nccp,segment_entry,259.157043,259.2673291875,0.11028618750003716,loss,1.7645790000005945,8.82288252332728,7.586238789017443,-0.1465829999995094,0.2967389999998886,0.0,0.09717500000033397,1.5172480000002224
development100,3,80,94018b9b3219c756621656d79d2b577167a27a0060befd05e569be644dfc0b9c,mec_center,nccp,368.32002339999997,365.7645499,-2.555473499999948,win,-25.55473499999971,-127.77367889995912,-105.75324267092788,-1.5857869999995273,-2.818301000000247,0.0,0.0,-21.150646999999765
development100,3,80,94018b9b3219c756621656d79d2b577167a27a0060befd05e569be644dfc0b9c,mec_center,segment_entry,368.32002339999997,365.8150663,-2.504957099999956,win,-25.049571000000014,-125.24785849016553,-106.37520176930275,-1.5682629999996607,-2.2062680000008186,0.0,0.0,-21.27503999999925
development100,3,80,94018b9b3219c756621656d79d2b577167a27a0060befd05e569be644dfc0b9c,nccp,segment_entry,365.7645499,365.8150663,0.050516399999992245,loss,0.5051639999996951,2.525820409793596,-0.6219590983748731,0.017523999999866646,0.6120329999994283,0.0,0.0,-0.12439299999948616
development100,3,81,f5e448db998402da006dd0a63b61cef865dacc9d9d4caa4e8ad34f48feb6ea1e,mec_center,nccp,329.6800227692308,328.5614180769231,-1.1186046923077129,win,-14.541861000000608,-72.7092991890895,-70.23847116215757,1.2467040000001361,0.5090840000000298,0.0,-2.249955000000682,-14.047693999999865
development100,3,81,f5e448db998402da006dd0a63b61cef865dacc9d9d4caa4e8ad34f48feb6ea1e,mec_center,segment_entry,329.6800227692308,328.5242734615385,-1.1557493076923038,win,-15.024741000000176,-75.12369361454694,-66.56559774704374,0.413700999999719,0.06592200000000048,0.0,-2.191243000000213,-13.313120999999626
development100,3,81,f5e448db998402da006dd0a63b61cef865dacc9d9d4caa4e8ad34f48feb6ea1e,nccp,segment_entry,328.5614180769231,328.5242734615385,-0.03714461538459091,win,-0.4828799999995681,-2.4143944254574308,3.672873415113827,-0.8330030000004172,-0.44316200000002937,0.0,0.058712000000468834,0.7345730000002391
development100,3,82,8127aa1ef27a701b4627f2a9b49c3ccf8a81d85105ebc1e2dbbc65dd1e9cf686,mec_center,nccp,250.42598825,249.01560425,-1.4103839999999934,win,-22.566143999999895,-112.83073344505465,-146.48031085850425,6.128814999999577,0.6010999999994056,0.0,0.0,-29.296058999998877
development100,3,82,8127aa1ef27a701b4627f2a9b49c3ccf8a81d85105ebc1e2dbbc65dd1e9cf686,mec_center,segment_entry,250.42598825,249.0315810625,-1.3944071874999793,win,-22.31051499999967,-111.55256312103666,-142.51109144379598,5.880643999999847,0.3110599999995429,0.0,0.0,-28.502218999998945
development100,3,82,8127aa1ef27a701b4627f2a9b49c3ccf8a81d85105ebc1e2dbbc65dd1e9cf686,nccp,segment_entry,249.01560425,249.0315810625,0.015976812500014148,loss,0.25562900000022637,1.2781703240179922,3.9692194147082773,-0.24817099999972925,-0.29003999999986263,0.0,0.0,0.7938399999999319
development100,3,83,49f8ce17d98b74d4934e7d721b6fbc06e02787155797de9f775ea3e24b4c0c87,mec_center,nccp,291.64831746153845,289.90267046153843,-1.7456470000000195,win,-22.693411000000197,-113.4670329780256,-106.31220760970245,-6.1546079999998256,4.723641000000953,0.0,0.0,-21.262444000001324
development100,3,83,49f8ce17d98b74d4934e7d721b6fbc06e02787155797de9f775ea3e24b4c0c87,mec_center,segment_entry,291.64831746153845,289.89745215384613,-1.7508653076923224,win,-22.761249000000134,-113.80623760141862,-103.77426482259989,-5.6355420000004415,3.6291470000005575,0.0,0.0,-20.754854000000364
development100,3,83,49f8ce17d98b74d4934e7d721b6fbc06e02787155797de9f775ea3e24b4c0c87,nccp,segment_entry,289.90267046153843,289.89745215384613,-0.005218307692302915,win,-0.06783799999993789,-0.33920462339301594,2.5379427871025655,0.5190659999993841,-1.0944940000003953,0.0,0.0,0.5075900000009597
development100,3,84,66425253a769bb2c957eca16b1b8a4ac846609f9c9e9fbb8ee3f46a995a03df3,mec_center,nccp,356.759837,354.33709554545453,-2.4227414545454735,win,-26.650156000000152,-133.2507644235684,-121.298844147811,-4.659706999999571,2.2693220000010115,0.0,0.0,-24.259771000001308
development100,3,84,66425253a769bb2c957eca16b1b8a4ac846609f9c9e9fbb8ee3f46a995a03df3,mec_center,segment_entry,356.759837,354.32021272727275,-2.439624272727258,win,-26.835867000000235,-134.17931688586032,-118.66989415237504,-4.441481999999496,1.3395970000010493,0.0,0.0,-23.733982000001618
development100,3,84,66425253a769bb2c957eca16b1b8a4ac846609f9c9e9fbb8ee3f46a995a03df3,nccp,segment_entry,354.33709554545453,354.32021272727275,-0.016882818181784387,win,-0.185711000000083,-0.9285524622919183,2.62894999543596,0.21822500000007494,-0.9297249999999622,0.0,0.0,0.5257889999996905
development100,3,85,a15bbdfc4c87482262295c719a883d867c503d508db8e94bd8380fddf9345293,mec_center,nccp,419.99426538461535,418.97066669230765,-1.0235986923077007,win,-13.306782999999996,-66.53391631723571,-114.1873214955649,9.957201999999597,5.953931000000239,0.0,-6.380451999999877,-22.837463999999954
development100,3,85,a15bbdfc4c87482262295c719a883d867c503d508db8e94bd8380fddf9345293,mec_center,segment_entry,419.99426538461535,417.6361043076923,-2.358161076923068,win,-30.65609399999994,-153.28048588720412,-107.62223627711046,8.707830999999715,5.165572000000793,0.0,-23.005051999999978,-21.52444500000047
development100,3,85,a15bbdfc4c87482262295c719a883d867c503d508db8e94bd8380fddf9345293,nccp,segment_entry,418.97066669230765,417.6361043076923,-1.3345623846153671,win,-17.349310999999943,-86.74656956996841,6.565085218454442,-1.2493709999998828,-0.7883589999994456,0.0,-16.6246000000001,1.3130189999994855
development100,3,86,20eb4f3904a69054d9761472a73fc2d576f7717320933de3ea5f7d3d73322aa3,mec_center,nccp,330.42199941666667,325.7157030833333,-4.706296333333341,win,-56.475556000000324,-307.3777830742147,-309.67640644403957,-2.462402000000111,7.922129000000041,0.0,0.0,-61.935282999999686
development100,3,86,20eb4f3904a69054d9761472a73fc2d576f7717320933de3ea5f7d3d73322aa3,mec_center,segment_entry,330.42199941666667,325.7139184166667,-4.708080999999993,win,-56.49697200000037,-307.4848507574043,-309.2476626981471,-2.5043750000004366,7.856938000000355,0.0,0.0,-61.84953500000012
development100,3,86,20eb4f3904a69054d9761472a73fc2d576f7717320933de3ea5f7d3d73322aa3,nccp,segment_entry,325.7157030833333,325.7139184166667,-0.0017846666666514466,win,-0.021416000000044733,-0.10706768318959803,0.42874374589246145,-0.041973000000325555,-0.06519099999968603,0.0,0.0,0.08574799999956895
development100,3,87,1080c3e927c1683056c3e816124e72eaffabaa26960f0d3c787ee9f95cf6563f,mec_center,nccp,384.456161,381.2718403,-3.1843207000000007,win,-31.843207000000348,-159.21602834810074,-126.60988471955443,-2.303835000000163,-4.217395000000124,0.0,0.0,-25.321976999999833
development100,3,87,1080c3e927c1683056c3e816124e72eaffabaa26960f0d3c787ee9f95cf6563f,mec_center,segment_entry,384.456161,381.4014143,-3.0547467000000097,win,-30.547467000000324,-152.7373329952552,-124.3618986742988,-2.120150000000649,-3.554936999999427,0.0,0.0,-24.872380000000135
development100,3,87,1080c3e927c1683056c3e816124e72eaffabaa26960f0d3c787ee9f95cf6563f,nccp,segment_entry,381.2718403,381.4014143,0.12957399999999097,loss,1.2957400000000234,6.478695352845534,2.2479860452556295,0.18368499999951382,0.6624580000006972,0.0,0.0,0.4495969999996987
development100,3,88,fa71271cf39f080ccda04b745523eb06b01a10490c123c1aad8553c6036d9131,mec_center,nccp,291.8609779375,289.560648,-2.3003299375000097,win,-36.805279000000155,-184.026406650446,-180.99550996749758,-1.3014720000001034,0.6952949999990778,0.0,0.0,-36.19910199999924
development100,3,88,fa71271cf39f080ccda04b745523eb06b01a10490c123c1aad8553c6036d9131,mec_center,segment_entry,291.8609779375,289.528746625,-2.332231312500028,win,-37.315701000000445,-186.57850529017014,-178.8608041083712,-1.7085829999989528,0.1650429999986045,0.0,0.0,-35.77216100000021
development100,3,88,fa71271cf39f080ccda04b745523eb06b01a10490c123c1aad8553c6036d9131,nccp,segment_entry,289.560648,289.528746625,-0.031901375000018106,win,-0.5104220000002897,-2.552098639724136,2.1347058591263703,-0.40711099999884937,-0.5302520000004733,0.0,0.0,0.426940999999033
development100,3,89,06c348606eb2e414823bd970e2eeb0db811b46dc975606d5c91e6e719d2ea8a9,mec_center,nccp,318.56881741666666,316.83760366666667,-1.7312137499999949,win,-20.77456499999971,-103.87282075454277,-110.49309645176436,4.522658999999976,-3.1986049999991337,0.0,0.0,-22.098619000000326
development100,3,89,06c348606eb2e414823bd970e2eeb0db811b46dc975606d5c91e6e719d2ea8a9,mec_center,segment_entry,318.56881741666666,316.74537533333336,-1.8234420833333047,win,-21.881304999999884,-109.40651435780273,-106.77005784641437,2.4823669999993854,-3.0096599999992577,0.0,0.0,-21.354011999999784
development100,3,89,06c348606eb2e414823bd970e2eeb0db811b46dc975606d5c91e6e719d2ea8a9,nccp,segment_entry,316.83760366666667,316.74537533333336,-0.09222833333330982,win,-1.1067400000001726,-5.533693603259962,3.723038605349984,-2.0402920000005906,0.18894499999987602,0.0,0.0,0.744607000000542
development100,3,90,eff26fad7c2b82a7f4c6b5d9abd9801c8889be505d185f96594d0ae0483ef080,mec_center,nccp,383.8230246,381.7078806,-2.1151439999999866,win,-21.151440000000093,-105.75720904083391,-97.90308526788908,2.5158110000002125,-4.086635000001024,0.0,0.0,-19.58061599999934
development100,3,90,eff26fad7c2b82a7f4c6b5d9abd9801c8889be505d185f96594d0ae0483ef080,mec_center,segment_entry,383.8230246,381.7805169,-2.0425076999999874,win,-20.425076999999874,-102.12538940256673,-96.93163586362834,3.040709000000561,-4.079461000000947,0.0,0.0,-19.386324999999374
development100,3,90,eff26fad7c2b82a7f4c6b5d9abd9801c8889be505d185f96594d0ae0483ef080,nccp,segment_entry,381.7078806,381.7805169,0.07263629999999921,loss,0.7263630000002195,3.6318196382671886,0.9714494042607384,0.5248980000003485,0.007174000000077285,0.0,0.0,0.19429099999996424
development100,3,91,acb2933e71c2dc97a7fd0ddf28f59969470787e0be8924d421931294cb3699f9,mec_center,nccp,366.2355358181818,364.60190354545455,-1.6336322727272545,win,-17.969955000000027,-89.84977743332274,-76.32182380036238,-4.990263000000141,2.2846730000005664,0.0,0.0,-15.264364999999998
development100,3,91,acb2933e71c2dc97a7fd0ddf28f59969470787e0be8924d421931294cb3699f9,mec_center,segment_entry,366.2355358181818,364.7797850909091,-1.4557507272726866,win,-16.01325799999995,-80.06628900362921,-72.19073630483763,-3.9918680000000677,2.4167569999992793,0.0,0.0,-14.438146999999049
development100,3,91,acb2933e71c2dc97a7fd0ddf28f59969470787e0be8924d421931294cb3699f9,nccp,segment_entry,364.60190354545455,364.7797850909091,0.1778815454545679,loss,1.9566970000000765,9.783488429693534,4.131087495524753,0.9983950000000732,0.1320839999987129,0.0,0.0,0.8262180000009494
development100,3,92,f0a5617934203a26bd9dc6340e3cc2778ee398acbe37de02aadc3cfbe5506f28,mec_center,nccp,323.6143113333333,322.2301694166667,-1.3841419166666356,win,-16.60970300000008,-83.04852460693473,-101.48774549313544,1.0296399999999721,2.658204000000296,0.0,0.0,-20.297547000000066
development100,3,92,f0a5617934203a26bd9dc6340e3cc2778ee398acbe37de02aadc3cfbe5506f28,mec_center,segment_entry,323.6143113333333,322.35132358333334,-1.2629877499999793,win,-15.155853000000207,-75.77925479814803,-99.78169107065514,1.5163629999997283,3.2841219999997975,0.0,0.0,-19.95633799999979
development100,3,92,f0a5617934203a26bd9dc6340e3cc2778ee398acbe37de02aadc3cfbe5506f28,nccp,segment_entry,322.2301694166667,322.35132358333334,0.12115416666665624,loss,1.4538499999998749,7.269269808786703,1.7060544224802925,0.4867229999997562,0.6259179999995013,0.0,0.0,0.3412090000002763
development100,3,93,63e4a6b913522d8aa946071005ef08e4559968653db91fb8c3752165fccbcc21,mec_center,nccp,250.47872983333332,248.28718824999999,-2.1915415833333327,win,-26.298498999999993,-131.49250767061494,-114.22365186011393,1.3308150000004844,-4.784586999999419,0.0,0.0,-22.844727000001228
development100,3,93,63e4a6b913522d8aa946071005ef08e4559968653db91fb8c3752165fccbcc21,mec_center,segment_entry,250.47872983333332,248.30676241666666,-2.1719674166666607,win,-26.063608999999815,-130.3180735345777,-112.29012898164865,1.0775850000004539,-4.683171999999786,0.0,0.0,-22.458022000000597
development100,3,93,63e4a6b913522d8aa946071005ef08e4559968653db91fb8c3752165fccbcc21,nccp,segment_entry,248.28718824999999,248.30676241666666,0.019574166666672,loss,0.23489000000017768,1.1744341360372346,1.9335228784652827,-0.2532300000000305,0.10141499999963344,0.0,0.0,0.38670500000063157
development100,3,94,063ac0a96127347f6e233f31b563382033ab6a7477173dd5e3030ce29ee25af2,mec_center,nccp,346.66659763636363,345.10777763636366,-1.5588199999999688,win,-17.147019999999884,-85.73508741058686,-88.916341486178,-0.25862699999970573,0.8948779999996077,0.0,0.0,-17.783270999999957
development100,3,94,063ac0a96127347f6e233f31b563382033ab6a7477173dd5e3030ce29ee25af2,mec_center,segment_entry,346.66659763636363,345.34298618181816,-1.3236114545454711,win,-14.559725999999955,-72.79861350036299,-86.06497949414893,-0.34695699999929275,3.0002289999995355,0.0,0.0,-17.212998000000027
development100,3,94,063ac0a96127347f6e233f31b563382033ab6a7477173dd5e3030ce29ee25af2,nccp,segment_entry,345.10777763636366,345.34298618181816,0.23520854545449765,loss,2.587293999999929,12.936473910223867,2.8513619920290694,-0.08832999999958702,2.105350999999928,0.0,0.0,0.5702729999999292
development100,3,95,7258c523f1f605f0973ee54e5370de9af0979a8255744b4c375567bb8e17c2c6,mec_center,nccp,319.58739146153846,317.98691715384615,-1.6004743076923091,win,-20.806165999999394,-104.03084572595981,-86.38522149638356,-1.6701619999996637,-1.8589619999986553,0.0,0.0,-17.277042000001302
development100,3,95,7258c523f1f605f0973ee54e5370de9af0979a8255744b4c375567bb8e17c2c6,mec_center,segment_entry,319.58739146153846,318.3598894615385,-1.2275019999999586,win,-15.957525999999234,-79.78762551063846,-81.69187414769476,0.8057110000004286,-0.4248619999991661,0.0,0.0,-16.33837500000027
development100,3,95,7258c523f1f605f0973ee54e5370de9af0979a8255744b4c375567bb8e17c2c6,nccp,segment_entry,317.98691715384615,318.3598894615385,0.37297230769235057,loss,4.8486400000001595,24.243220215321344,4.693347348688803,2.4758730000000924,1.4340999999994892,0.0,0.0,0.9386670000010326
development100,3,96,41568530290f0b6c97acb1ae1e6ee74b892312b4490626f8841b01a6ce0f7403,mec_center,nccp,372.1672603,370.2150219,-1.9522383999999988,win,-19.522383999999875,-97.61191265977322,-97.15429862409496,-2.410259999999653,2.318736999999601,0.0,0.0,-19.43086100000005
development100,3,96,41568530290f0b6c97acb1ae1e6ee74b892312b4490626f8841b01a6ce0f7403,mec_center,segment_entry,372.1672603,370.3283533,-1.838907000000006,win,-18.389070000000174,-91.94534769592065,-93.14513742357803,-2.1932529999999133,2.4332109999993463,0.0,0.0,-18.62902799999972
development100,3,96,41568530290f0b6c97acb1ae1e6ee74b892312b4490626f8841b01a6ce0f7403,nccp,segment_entry,370.2150219,370.3283533,0.11333139999999275,loss,1.1333139999997002,5.666564963852579,4.009161200516928,0.2170069999997395,0.1144739999997455,0.0,0.0,0.8018330000003289
development100,3,97,36595ad7e46dcef50cf82306d706cd1812bd37bda70399ed9ef90e6a771198ed,mec_center,nccp,280.8742295,279.3621404285714,-1.5120890714285906,win,-21.169246999999814,-105.84623221179027,-125.84548313639857,2.5570030000005772,1.4428469999998015,0.0,0.0,-25.169097000000363
development100,3,97,36595ad7e46dcef50cf82306d706cd1812bd37bda70399ed9ef90e6a771198ed,mec_center,segment_entry,280.8742295,279.2892458571429,-1.5849836428571393,win,-22.189770999999837,-110.94884718813228,-127.5132321608844,1.4863430000007156,1.8265319999995882,0.0,0.0,-25.502645999999913
development100,3,97,36595ad7e46dcef50cf82306d706cd1812bd37bda70399ed9ef90e6a771198ed,nccp,segment_entry,279.3621404285714,279.2892458571429,-0.07289457142854872,win,-1.020524000000023,-5.102614976342011,-1.667749024485829,-1.0706599999998616,0.38368499999978667,0.0,0.0,-0.33354899999955023
development100,3,98,96fc4ff5fc1f7ce678072fcefaeed5f9b9bed70b0518453734b25932bdebc485,mec_center,nccp,350.3733375833333,348.6085861666666,-1.7647514166666838,win,-21.177016999999978,-105.88507913921421,-123.08372234750664,4.5514149999994515,-1.1116879999995035,0.0,0.0,-24.616744000000438
development100,3,98,96fc4ff5fc1f7ce678072fcefaeed5f9b9bed70b0518453734b25932bdebc485,mec_center,segment_entry,350.3733375833333,348.5464798333333,-1.8268577499999878,win,-21.922292999999627,-109.6114701112092,-119.85970478802687,3.029413000000659,-0.9797650000004978,0.0,0.0,-23.971940999999617
development100,3,98,96fc4ff5fc1f7ce678072fcefaeed5f9b9bed70b0518453734b25932bdebc485,nccp,segment_entry,348.6085861666666,348.5464798333333,-0.062106333333304065,win,-0.7452759999996488,-3.726390971994988,3.224017559479762,-1.5220019999987926,0.1319229999990057,0.0,0.0,0.6448030000008202
development100,3,99,b31d2f6ecf0c7b9f340ec3f739320e8f6e36a50ec3be20b6c5e6f20ca441f1f3,mec_center,nccp,302.5591196923077,300.9470386923077,-1.612081000000046,win,-20.957053000000087,-104.78526056734518,-95.7075252758832,-0.010557000000062544,-1.8049889999999778,0.0,-4.547473508864641e-13,-19.141506999999592
development100,3,99,b31d2f6ecf0c7b9f340ec3f739320e8f6e36a50ec3be20b6c5e6f20ca441f1f3,mec_center,segment_entry,302.5591196923077,301.1744653076923,-1.3846543846154304,win,-18.000507000000198,-90.00252937080768,-89.10408409074125,0.10586199999943346,-0.28555099999994127,0.0,-4.547473508864641e-13,-17.820817999999235
development100,3,99,b31d2f6ecf0c7b9f340ec3f739320e8f6e36a50ec3be20b6c5e6f20ca441f1f3,nccp,segment_entry,300.9470386923077,301.1744653076923,0.22742661538461562,loss,2.9565459999998893,14.782731196537497,6.603441185141946,0.11641899999949601,1.5194380000000365,0.0,0.0,1.3206890000003568
holdout256,4,0,e306777033f94b60e4357c0a33145e581f0a7c3f4f31a43467864fce515a52b4,mec_center,nccp,812.2156377333333,809.9342262666667,-2.2814114666666683,win,-34.22117199999957,-171.10586570842133,-117.38466222041643,-10.865925999996762,1.4205029999990302,-1.2988180000011198,0.0,-23.476930999999695
holdout256,4,0,e306777033f94b60e4357c0a33145e581f0a7c3f4f31a43467864fce515a52b4,mec_center,segment_entry,812.2156377333333,810.0484430666667,-2.16719466666666,win,-32.50792000000001,-162.53961241388606,-114.93817273791092,-9.52471599999626,1.3167279999979655,-1.3122980000007374,0.0,-22.987634000000867
holdout256,4,0,e306777033f94b60e4357c0a33145e581f0a7c3f4f31a43467864fce515a52b4,nccp,segment_entry,809.9342262666667,810.0484430666667,0.11421680000000833,loss,1.7132519999995566,8.566253294535272,2.4464894825055126,1.3412100000005012,-0.10377500000106465,-0.013479999999617576,0.0,0.48929699999882814
holdout256,4,1,57ced3ef57d8cc9b96753b65e4cc8e9349d19668ee4ece9a2cb22e481a63d6f2,mec_center,nccp,1084.2104167272728,1082.1915855454545,-2.018831181818314,win,-22.207142999999633,-111.0357235519914,-82.37458630729316,0.3699139999989711,1.0187590000005002,-7.120899999999892,0.0,-16.474915999999553
holdout256,4,1,57ced3ef57d8cc9b96753b65e4cc8e9349d19668ee4ece9a2cb22e481a63d6f2,mec_center,segment_entry,1084.2104167272728,1082.1862429999999,-2.0241737272729097,win,-22.265911000000415,-111.32956059044227,-80.02918350836717,0.24982899999849906,1.0187589999995907,-7.528663000000051,0.0,-16.005835999998908
holdout256,4,1,57ced3ef57d8cc9b96753b65e4cc8e9349d19668ee4ece9a2cb22e481a63d6f2,nccp,segment_entry,1082.1915855454545,1082.1862429999999,-0.005342545454595893,win,-0.058768000000782195,-0.2938370384508744,2.3454027989259885,-0.12008500000047206,-9.094947017729282e-13,-0.4077630000001591,0.0,0.46908000000064476
holdout256,4,2,f91fe22e202d1696329649f9a46d4a44bc45612b01cbbdf10323eb9d558ae026,mec_center,nccp,924.1621066923077,919.227071,-4.935035692307679,win,-64.15546399999948,-320.777309236626,-104.0224097500809,-2.6268620000009832,-40.72411799999918,0.0,0.0,-20.804483999999775
holdout256,4,2,f91fe22e202d1696329649f9a46d4a44bc45612b01cbbdf10323eb9d558ae026,mec_center,segment_entry,924.1621066923077,919.499271,-4.662835692307681,win,-60.61686399999962,-303.08429388880177,-97.92501902715276,-0.15625200000067707,-40.87560499999927,0.0,0.0,-19.585007000001156
holdout256,4,2,f91fe22e202d1696329649f9a46d4a44bc45612b01cbbdf10323eb9d558ae026,nccp,segment_entry,919.227071,919.499271,0.272199999999998,loss,3.5385999999998603,17.693015347824257,6.097390722928139,2.470610000000306,-0.1514870000000883,0.0,0.0,1.2194769999986192
holdout256,4,3,fcab284cbf274f31d8b078e7462e73aaa719f9c12e33e4503e6de4fa03b9489c,mec_center,nccp,714.7560868,712.9005003333333,-1.8555864666667503,win,-27.83379700000114,-139.1689869847687,-192.3019167526611,-1.453125000001819,12.079709999997476,0.0,0.0,-38.46038199999805
holdout256,4,3,fcab284cbf274f31d8b078e7462e73aaa719f9c12e33e4503e6de4fa03b9489c,mec_center,segment_entry,714.7560868,713.0632526,-1.692834199999993,win,-25.39251300000069,-126.96255631643726,-189.6889725987337,-0.12333500000022468,12.668615999998565,0.0,0.0,-37.93779399999897
holdout256,4,3,fcab284cbf274f31d8b078e7462e73aaa719f9c12e33e4503e6de4fa03b9489c,nccp,segment_entry,712.9005003333333,713.0632526,0.16275226666675735,loss,2.4412840000004508,12.20643066833145,2.612944153927401,1.3297900000015943,0.5889060000010886,0.0,0.0,0.5225879999990752
holdout256,4,4,4d1b79586fecf6a9cf429a3c8926b3b02899453274def67c1cc1e7f7f3222deb,mec_center,nccp,875.7189218461538,874.5369476923078,-1.1819741538459994,win,-15.365663999999015,-76.82832789645181,-97.82766296581258,-3.3260620000000927,7.52593100000081,0.0,0.0,-19.565532999999505
holdout256,4,4,4d1b79586fecf6a9cf429a3c8926b3b02899453274def67c1cc1e7f7f3222deb,mec_center,segment_entry,875.7189218461538,874.7114094615384,-1.0075123846153247,win,-13.097660999999789,-65.4883090670337,-91.57553259174438,-2.2200560000019323,7.437500000000227,0.0,0.0,-18.315104999997857
holdout256,4,4,4d1b79586fecf6a9cf429a3c8926b3b02899453274def67c1cc1e7f7f3222deb,nccp,segment_entry,874.5369476923078,874.7114094615384,0.1744617692306747,loss,2.2680029999992257,11.340018829418113,6.2521303740682015,1.1060059999981604,-0.08843100000058257,0.0,0.0,1.2504280000016479
holdout256,4,5,14da32a6d2790f4ca3a5e6030e3bdc722ffd4fe0719543069743f6c31f0e68d3,mec_center,nccp,768.2582913333333,765.7969484666667,-2.461342866666655,win,-36.92014299999937,-184.60072601112188,-142.73067627265345,-0.959473999999318,-7.414534000000003,1.8189894035458565e-12,0.0,-28.546135000002323
holdout256,4,5,14da32a6d2790f4ca3a5e6030e3bdc722ffd4fe0719543069743f6c31f0e68d3,mec_center,segment_entry,768.2582913333333,765.8344918,-2.4237995333332947,win,-36.35699299999942,-181.78498037138343,-139.83677113368435,-0.9988769999963552,-7.390761000000566,1.8189894035458565e-12,0.0,-27.967355000005682
holdout256,4,5,14da32a6d2790f4ca3a5e6030e3bdc722ffd4fe0719543069743f6c31f0e68d3,nccp,segment_entry,765.7969484666667,765.8344918,0.03754333333336035,loss,0.5631499999999505,2.815745639738452,2.893905138969103,-0.039402999997037114,0.02377299999943716,0.0,0.0,0.578779999996641
holdout256,4,6,47c6f0aa1874e70c2aead5afe5e76b7246a2cd26687318ad8724c5f931ae7ac1,mec_center,nccp,876.4140915384615,872.6299606153846,-3.7841309230769866,win,-49.193702000000485,-245.9685166737545,-112.34242969359184,-1.5156780000015715,-25.209538000001658,0.0,0.0,-22.46848599999828
holdout256,4,6,47c6f0aa1874e70c2aead5afe5e76b7246a2cd26687318ad8724c5f931ae7ac1,mec_center,segment_entry,876.4140915384615,872.5403451538461,-3.8737463846154014,win,-50.35870299999988,-251.7935299520541,-114.14227663825795,-1.3589609999999084,-26.171288000000914,0.0,0.0,-22.828453999999283
holdout256,4,6,47c6f0aa1874e70c2aead5afe5e76b7246a2cd26687318ad8724c5f931ae7ac1,nccp,segment_entry,872.6299606153846,872.5403451538461,-0.08961546153841482,win,-1.1650009999993927,-5.825013278299593,-1.7998469446661147,0.1567170000016631,-0.961749999999256,0.0,0.0,-0.35996800000100393
holdout256,4,7,f5a50496064f69b293a1644e8c2d132eb0e557786c0c3452edbe08f5e9291244,mec_center,nccp,1094.3011482727272,1092.8815337272727,-1.4196145454545785,win,-15.615760000000591,-78.07881344703492,-84.64834185862696,1.4741089999988617,1.2029799999986608,-1.3631810000006226,0.0,-16.929667999998173
holdout256,4,7,f5a50496064f69b293a1644e8c2d132eb0e557786c0c3452edbe08f5e9291244,mec_center,segment_entry,1094.3011482727272,1092.8797313636364,-1.4214169090907944,win,-15.63558600000033,-78.17793285592779,-82.30923445256963,1.7444770000001881,0.39764299999887953,-1.3158590000002732,0.0,-16.46184699999833
holdout256,4,7,f5a50496064f69b293a1644e8c2d132eb0e557786c0c3452edbe08f5e9291244,nccp,segment_entry,1092.8815337272727,1092.8797313636364,-0.0018023636362158868,win,-0.019825999999738997,-0.09911940889287507,2.3391074060573374,0.27036800000132644,-0.8053369999997813,0.04732200000034936,0.0,0.4678209999998444
holdout256,4,8,10bc0e33f8912ff148932407af4db6f66fcc94352c55fdc37f374bc40a4e5aac,mec_center,nccp,1161.707998,1163.0600473,1.3520492999998623,loss,13.520492999999988,92.60245497434516,120.13507663117298,-2.6298640000022715,-0.33821000000034473,-7.538447999999789,0.0,24.027015000001825
holdout256,4,8,10bc0e33f8912ff148932407af4db6f66fcc94352c55fdc37f374bc40a4e5aac,mec_center,segment_entry,1161.707998,1161.7733811,0.06538309999996272,loss,0.6538309999996272,3.2691596497388673,-86.24372320572525,-2.9153320000041276,-1.359621000000061,22.177531000000272,0.0,-17.248746999997593
holdout256,4,8,10bc0e33f8912ff148932407af4db6f66fcc94352c55fdc37f374bc40a4e5aac,nccp,segment_entry,1163.0600473,1161.7733811,-1.2866661999998996,win,-12.86666200000036,-89.3332953246063,-206.37879983689822,-0.2854680000018561,-1.0214109999997163,29.71597900000006,0.0,-41.27576199999942
holdout256,4,9,2a50e368a3e00139f65710acd007dd501f4e0e827fb42ac70d7b9b43009c104d,mec_center,nccp,1185.4938673000001,1183.0621123,-2.4317550000000665,win,-24.317549999999756,-121.58776037242933,-80.24632092327147,-7.825190000001385,-0.44309499999985746,0.0,0.0,-16.04926499999908
holdout256,4,9,2a50e368a3e00139f65710acd007dd501f4e0e827fb42ac70d7b9b43009c104d,mec_center,segment_entry,1185.4938673000001,1183.4996179,-1.9942494000001716,win,-19.942494000000806,-99.71246714843437,-73.92209692168854,-4.924441000001025,-0.23363300000005438,0.0,0.0,-14.784419999999159
holdout256,4,9,2a50e368a3e00139f65710acd007dd501f4e0e827fb42ac70d7b9b43009c104d,nccp,segment_entry,1183.0621123,1183.4996179,0.4375055999998949,loss,4.375055999998949,21.87529322399496,6.324224001582934,2.90074900000036,0.20946199999980308,0.0,0.0,1.264844999999923
holdout256,4,10,9247fca90f8fbebd15323ca00ba4f0964bc7fc95532faa1f9932f3df9f656c1e,mec_center,nccp,1032.5916913636365,1030.4808233636363,-2.1108680000002096,win,-23.21954800000094,-116.09773261335067,-93.22864786421178,-1.7073570000029576,-2.866460000003599,0.0,0.0,-18.645730999995635
holdout256,4,10,9247fca90f8fbebd15323ca00ba4f0964bc7fc95532faa1f9932f3df9f656c1e,mec_center,segment_entry,1032.5916913636365,1030.5040155454544,-2.087675818182106,win,-22.964434000001347,-114.82215981873742,-87.50544606172116,-3.1593850000026578,-2.3039590000032604,0.0,0.0,-17.501089999997134
holdout256,4,10,9247fca90f8fbebd15323ca00ba4f0964bc7fc95532faa1f9932f3df9f656c1e,nccp,segment_entry,1030.4808233636363,1030.5040155454544,0.023192181818103563,loss,0.25511399999959394,1.2755727946132538,5.723201802490621,-1.4520279999997001,0.5625010000003385,0.0,0.0,1.1446409999985008
holdout256,4,11,ec9c843f6552aa8341e42ffbeac58e55a80fc58b4b26dc5cfb42ea2334d3a042,mec_center,nccp,922.0274155384615,920.761593,-1.2658225384615207,win,-16.455692999999883,-82.27847148838919,-100.64759699030833,3.4202949999998964,0.25353099999574624,0.0,0.0,-20.129518999997345
holdout256,4,11,ec9c843f6552aa8341e42ffbeac58e55a80fc58b4b26dc5cfb42ea2334d3a042,mec_center,segment_entry,922.0274155384615,920.7153871538461,-1.3120283846153598,win,-17.056368999999904,-85.28186306371936,-99.10801240692854,3.388738999998168,-0.623508000001948,0.0,0.0,-19.82159999999817
holdout256,4,11,ec9c843f6552aa8341e42ffbeac58e55a80fc58b4b26dc5cfb42ea2334d3a042,nccp,segment_entry,920.761593,920.7153871538461,-0.04620584615383905,win,-0.6006760000000213,-3.00339157533017,1.539584583379792,-0.031556000001728535,-0.8770389999976942,0.0,0.0,0.30791899999917405
holdout256,4,12,b9a493761cc5829af2364f77f78498bb077d25d2944c02d45e47ed243748f00c,mec_center,nccp,735.0074809375,733.428042875,-1.579438062500003,win,-25.27100900000005,-126.35502613847348,-109.15453877237633,-4.69588499999918,1.2557830000005197,0.0,0.0,-21.830907000001503
holdout256,4,12,b9a493761cc5829af2364f77f78498bb077d25d2944c02d45e47ed243748f00c,mec_center,segment_entry,735.0074809375,733.328564625,-1.6789163124999504,win,-26.862660999999207,-134.3133080056141,-103.07466244823945,-6.435020999999324,0.18729000000075757,0.0,0.0,-20.614930000000527
holdout256,4,12,b9a493761cc5829af2364f77f78498bb077d25d2944c02d45e47ed243748f00c,nccp,segment_entry,733.428042875,733.328564625,-0.09947824999994737,win,-1.5916519999991579,-7.958281867140613,6.079876324136876,-1.7391360000001441,-1.068492999999762,0.0,0.0,1.2159770000009757
holdout256,4,13,8c7c28bc91527d14b0f1c26f323ae509036076968fc93d48ec496ae01ec8a0ef,mec_center,nccp,1148.5242524999999,1146.1478671999998,-2.376385300000038,win,-23.76385300000038,-118.81927478204307,-88.1447373164608,-9.399438999997074,3.2645329999996875,0.0,0.0,-17.6289470000022
holdout256,4,13,8c7c28bc91527d14b0f1c26f323ae509036076968fc93d48ec496ae01ec8a0ef,mec_center,segment_entry,1148.5242524999999,1146.3192585000002,-2.204993999999715,win,-22.04993999999897,-110.24970073892473,-85.02972058822547,-8.306157999997595,3.262161999998966,0.0,0.0,-17.00594399999983
holdout256,4,13,8c7c28bc91527d14b0f1c26f323ae509036076968fc93d48ec496ae01ec8a0ef,nccp,segment_entry,1146.1478671999998,1146.3192585000002,0.1713913000003231,loss,1.713913000001412,8.569574043118337,3.1150167282353323,1.0932809999994788,-0.002371000000721324,0.0,0.0,0.6230030000023703
holdout256,4,14,722c5171373d63cd132a990d846fe6ddeb68bc79b64ea2d2388f3a0d2dd086c1,mec_center,nccp,1128.2358964999999,1126.5228872,-1.7130092999998396,win,-17.13009299999976,-85.65045858007943,-90.3426064934174,-2.0934479999996256,3.031876000000466,-9.094947017729282e-13,0.0,-18.068520999999237
holdout256,4,14,722c5171373d63cd132a990d846fe6ddeb68bc79b64ea2d2388f3a0d2dd086c1,mec_center,segment_entry,1128.2358964999999,1126.5790999,-1.6567965999997796,win,-16.567965999998705,-82.83982165218913,-89.47574738140577,-1.8085299999984272,3.1357140000009167,0.0,0.0,-17.89515000000131
holdout256,4,14,722c5171373d63cd132a990d846fe6ddeb68bc79b64ea2d2388f3a0d2dd086c1,nccp,segment_entry,1126.5228872,1126.5790999,0.05621270000006007,loss,0.5621270000010554,2.8106369278903003,0.8668591120116389,0.2849180000011984,0.10383800000045085,9.094947017729282e-13,0.0,0.17337099999792827
holdout256,4,15,8762ef1433fae22d99fe62fd66cb0aeb7a85dcbabf996570bddd0296b2f2f353,mec_center,nccp,784.5264634666667,781.3085893333333,-3.217874133333339,win,-48.268111999999746,-241.34058835082396,57.86940802849767,-10.514604999998483,-47.723965999999336,-1.6034229999986565,0.0,11.573881999996615
holdout256,4,15,8762ef1433fae22d99fe62fd66cb0aeb7a85dcbabf996570bddd0296b2f2f353,mec_center,segment_entry,784.5264634666667,781.3673065333334,-3.1591569333332927,win,-47.387353999998595,-236.9367997436566,62.17268564684127,-10.62192299999333,-47.589324000000715,-1.6106459999991785,0.0,12.434538999995766
holdout256,4,15,8762ef1433fae22d99fe62fd66cb0aeb7a85dcbabf996570bddd0296b2f2f353,nccp,segment_entry,781.3085893333333,781.3673065333334,0.05871720000004643,loss,0.8807580000011512,4.403788607167371,4.3032776183436,-0.10731799999484792,0.13464199999862103,-0.007223000000522006,0.0,0.8606569999991507
holdout256,4,16,c8b7a036d7531012567ebfc8eecccb5fd70029aaedf4be230740dbf72ffbf754,mec_center,nccp,935.1144163846154,922.460351,-12.654065384615478,win,-164.50285000000076,-797.5142640775521,-262.2830099345424,-0.2523609999989276,0.6082959999989725,-112.40218599999957,0.0,-52.45659900000123
holdout256,4,16,c8b7a036d7531012567ebfc8eecccb5fd70029aaedf4be230740dbf72ffbf754,mec_center,segment_entry,935.1144163846154,922.5204219230769,-12.5939944615385,win,-163.72192800000084,-793.6096579271325,-254.2964664595579,-0.3584929999997257,0.2647640000016054,-112.7689079999991,0.0,-50.85929100000271
holdout256,4,16,c8b7a036d7531012567ebfc8eecccb5fd70029aaedf4be230740dbf72ffbf754,nccp,segment_entry,922.460351,922.5204219230769,0.06007092307697803,loss,0.7809219999999186,3.9046061504195677,7.986543474984501,-0.10613200000079814,-0.34353199999736717,-0.3667219999995268,0.0,1.5973079999985202
holdout256,4,17,a5e27d02a0695b12df58c9ea22b6b7858545b3e771e1904dfd2d1fb9a266ad1f,mec_center,nccp,807.0954563571429,805.95167,-1.143786357142858,win,-16.01300900000024,-80.06504452141962,-83.62853074874602,-4.5900650000021415,5.484903999998778,-0.18214400000033493,0.0,-16.72570399999711
holdout256,4,17,a5e27d02a0695b12df58c9ea22b6b7858545b3e771e1904dfd2d1fb9a266ad1f,mec_center,segment_entry,807.0954563571429,806.1825272142858,-0.9129291428571378,win,-12.781007999999929,-63.9050467715133,-78.09907482307062,-2.3136060000015277,5.348918999999341,-0.1965089999994234,0.0,-15.619811999998774
holdout256,4,17,a5e27d02a0695b12df58c9ea22b6b7858545b3e771e1904dfd2d1fb9a266ad1f,nccp,segment_entry,805.95167,806.1825272142858,0.23085721428572015,loss,3.2320010000003094,16.159997749906324,5.529455925675393,2.2764590000006137,-0.1359849999994367,-0.014364999999088468,0.0,1.1058919999983345
holdout256,4,18,f5b21402c7f3b0d5cfe4bee177600bdcc03ef7890d4d89214c5dd2d214e3900b,mec_center,nccp,831.1677478571429,828.0257974285714,-3.1419504285714766,win,-43.9873060000009,-219.93653394596186,-111.80958883568792,-0.41149599999880593,-21.21389300000419,0.0,0.0,-22.361916999996254
holdout256,4,18,f5b21402c7f3b0d5cfe4bee177600bdcc03ef7890d4d89214c5dd2d214e3900b,mec_center,segment_entry,831.1677478571429,828.0797232857143,-3.0880245714286048,win,-43.23234400000001,-216.16173346157302,-109.44499044044551,-0.1567609999983688,-21.186586000001398,0.0,0.0,-21.888996999999108
holdout256,4,18,f5b21402c7f3b0d5cfe4bee177600bdcc03ef7890d4d89214c5dd2d214e3900b,nccp,segment_entry,828.0257974285714,828.0797232857143,0.05392585714287179,loss,0.7549620000008872,3.774800484388834,2.3645983952424103,0.25473500000043714,0.027307000002792847,0.0,0.0,0.4729199999971456
holdout256,4,19,921d68e4e289ac9990b89e96cb5855ca851d9b00b73e53498b87610de9ae038c,mec_center,nccp,1107.033418,1105.2706577272727,-1.7627602727272915,win,-19.390363000000434,-96.95180362320389,-89.54851986720041,-0.8193799999990006,-1.6635510000000977,1.0022719999988112,0.0,-17.909703999999465
holdout256,4,19,921d68e4e289ac9990b89e96cb5855ca851d9b00b73e53498b87610de9ae038c,mec_center,segment_entry,1107.033418,1105.2698142727274,-1.763603727272539,win,-19.399640999999974,-96.99819074516563,-88.25457508173304,-0.8696829999989859,-1.7566960000010567,0.8776530000000093,0.0,-17.650914999999372
holdout256,4,19,921d68e4e289ac9990b89e96cb5855ca851d9b00b73e53498b87610de9ae038c,nccp,segment_entry,1105.2706577272727,1105.2698142727274,-0.0008434545452473685,win,-0.009277999999540043,-0.046387121961743105,1.2939447854673745,-0.05030299999998533,-0.09314500000095904,-0.12461899999880188,0.0,0.25878900000009253
holdout256,4,20,a7f560f6f5928e95f7aa7b1c9b1210c6770c6fc0237ba3640efaf5b908f81d24,mec_center,nccp,1227.6578282,1224.9942579,-2.6635702999999467,win,-26.63570299999992,-133.17849769119493,-85.11461171578003,-0.12692299999980605,-3.2189499999992677,-6.266904999999497,0.0,-17.02292500000135
holdout256,4,20,a7f560f6f5928e95f7aa7b1c9b1210c6770c6fc0237ba3640efaf5b908f81d24,mec_center,segment_entry,1227.6578282,1228.7165869,1.0587586999999985,loss,10.587586999999985,52.93794143940613,-80.83752403898893,1.3311819999998988,-2.1849349999968126,27.608846999999514,0.0,-16.16750700000148
holdout256,4,20,a7f560f6f5928e95f7aa7b1c9b1210c6770c6fc0237ba3640efaf5b908f81d24,nccp,segment_entry,1224.9942579,1228.7165869,3.722328999999945,loss,37.223289999999906,186.11643913060107,4.277087676791098,1.4581049999997049,1.034015000002455,33.87575199999901,0.0,0.8554179999998723
holdout256,4,21,85e1600310a647a22e703a52f96724d2d31bec5b888ffcd23ae3a80767adf336,mec_center,nccp,851.3308312,861.5599614,10.229130199999986,loss,153.43695300000036,517.1847733264804,-335.51088480086423,-0.9168440000030387,0.45258999999964544,96.21038900000167,129.7929949999998,-72.10217699999691
holdout256,4,21,85e1600310a647a22e703a52f96724d2d31bec5b888ffcd23ae3a80767adf336,mec_center,segment_entry,851.3308312,861.6062574,10.27542619999997,loss,154.13139299999966,520.6569799542849,-333.9064470161238,-0.9324159999996482,0.8772909999993317,96.06138300000202,129.90642499999922,-71.78129000000047
holdout256,4,21,85e1600310a647a22e703a52f96724d2d31bec5b888ffcd23ae3a80767adf336,nccp,segment_entry,861.5599614,861.6062574,0.046295999999983906,loss,0.6944399999993038,3.472206627804553,1.604437784740412,-0.01557199999660952,0.42470099999968625,-0.1490059999996447,0.11342999999942549,0.3208869999964463
holdout256,4,22,eed7592995b40b9a462c13c5922c10d606c3a03d4a694de4f7c5c06e0a49b5f4,mec_center,nccp,796.0916698571428,794.2025057857143,-1.8891640714285813,win,-26.44829700000082,-132.24148128314846,-126.66493501095806,-4.501869000003353,3.3865589999991244,0.0,0.0,-25.332986999997274
holdout256,4,22,eed7592995b40b9a462c13c5922c10d606c3a03d4a694de4f7c5c06e0a49b5f4,mec_center,segment_entry,796.0916698571428,794.2359523571429,-1.8557174999999688,win,-25.980045000000246,-129.90021553017868,-126.9332612662788,-4.181173000002673,3.587780999999495,0.0,0.0,-25.386652999998205
holdout256,4,22,eed7592995b40b9a462c13c5922c10d606c3a03d4a694de4f7c5c06e0a49b5f4,nccp,segment_entry,794.2025057857143,794.2359523571429,0.033446571428612515,loss,0.4682520000005752,2.3412657529697753,-0.26832625532074417,0.3206960000006802,0.20122200000037083,0.0,0.0,-0.05366600000093058
holdout256,4,23,1b42215ea67b26e1a17821d18ec81f95ce2d81d870fc52f4b8b606c337587c2e,mec_center,nccp,943.7711458333333,938.6349378333333,-5.1362080000000105,win,-61.63449600000058,-283.1724835068162,47.44464476646863,-6.852213000001939,-64.66781899999978,0.3966070000005857,0.0,9.48892900000044
holdout256,4,23,1b42215ea67b26e1a17821d18ec81f95ce2d81d870fc52f4b8b606c337587c2e,mec_center,segment_entry,943.7711458333333,938.7840550833333,-4.987090749999993,win,-59.84508900000037,-274.2254520653005,50.70748562468634,-5.731291000000056,-64.63247600000068,0.37718000000040774,0.0,10.141498000001206
holdout256,4,23,1b42215ea67b26e1a17821d18ec81f95ce2d81d870fc52f4b8b606c337587c2e,nccp,segment_entry,938.6349378333333,938.7840550833333,0.14911725000001752,loss,1.7894070000002102,8.947031441515719,3.2628408582177144,1.1209220000018831,0.035342999999102176,-0.01942700000017794,0.0,0.6525690000007671
holdout256,4,24,46fa8d7a5b46d878030fcaaac0d6282d380c5b09a173ce109496199f73d21ab1,mec_center,nccp,973.8651235000001,980.0198955000001,6.15477199999998,loss,73.85726400000021,409.28632096529327,-562.1905738666012,171.33169700000144,16.43012900000076,-1.4664459999994506,0.0,-112.43811600000288
holdout256,4,24,46fa8d7a5b46d878030fcaaac0d6282d380c5b09a173ce109496199f73d21ab1,mec_center,segment_entry,973.8651235000001,979.9649409166667,6.09981741666661,loss,73.19780899999932,405.9890485311116,-560.7708729289384,170.42315400000007,16.423881000000165,-1.495049999999992,0.0,-112.15417600000092
holdout256,4,24,46fa8d7a5b46d878030fcaaac0d6282d380c5b09a173ce109496199f73d21ab1,nccp,segment_entry,980.0198955000001,979.9649409166667,-0.054954583333369555,win,-0.6594550000008894,-3.29727243418165,1.4197009376628102,-0.908543000001373,-0.006248000000596221,-0.02860400000054142,0.0,0.2839400000019623
holdout256,4,25,4ee4c9e92e40cd4b23a09ea0f359e2a4d2490873bc9cfcd0ecf795f85195ee52,mec_center,nccp,627.524083,626.988167125,-0.5359158750000006,win,-8.57465400000001,-42.873276654783695,-126.79777988635624,7.07528099999854,5.839186000001291,3.8704360000001543,0.0,-25.359557000000564
holdout256,4,25,4ee4c9e92e40cd4b23a09ea0f359e2a4d2490873bc9cfcd0ecf795f85195ee52,mec_center,segment_entry,627.524083,626.9793185,-0.5447645000000421,win,-8.716232000000673,-43.581172498299566,-123.34498933782425,7.204765999998926,4.940821000000142,3.807178000000704,0.0,-24.6689970000009
holdout256,4,25,4ee4c9e92e40cd4b23a09ea0f359e2a4d2490873bc9cfcd0ecf795f85195ee52,nccp,segment_entry,626.988167125,626.9793185,-0.008848625000041466,win,-0.14157800000066345,-0.7078958435158711,3.4527905485319934,0.1294850000003862,-0.8983650000011494,-0.06325799999945048,0.0,0.6905599999996639
holdout256,4,26,7cf7eb8a5764762c41d6e2e7bd231f86b1dad01a5a71f21f380b2e9de7cc43dd,mec_center,nccp,779.4118828571428,778.0811077142856,-1.330775142857192,win,-18.630852000000232,-93.15427169416216,-111.24872649682356,5.077446999997846,-1.4585549999997056,0.0,0.0,-22.24974399999951
holdout256,4,26,7cf7eb8a5764762c41d6e2e7bd231f86b1dad01a5a71f21f380b2e9de7cc43dd,mec_center,segment_entry,779.4118828571428,778.1178779285714,-1.2940049285714395,win,-18.116068999999698,-90.5803613619064,-105.38825181163065,3.642345000002024,-0.6807649999993828,0.0,0.0,-21.07764900000143
holdout256,4,26,7cf7eb8a5764762c41d6e2e7bd231f86b1dad01a5a71f21f380b2e9de7cc43dd,nccp,segment_entry,778.0811077142856,778.1178779285714,0.036770214285752445,loss,0.5147830000005342,2.573910332255764,5.860474685192912,-1.4351019999958226,0.7777900000003228,0.0,0.0,1.1720949999980803
holdout256,4,27,8616a2d919ca2627b8e6b20cc10fa580e6b77e7ad4679bff705ddf8fd2d45496,mec_center,nccp,922.2027090833334,919.6997630000001,-2.5029460833333133,win,-30.035352999999304,-150.17677709473355,-131.1424929050454,0.9733350000005885,-4.780189999999948,0.0,0.0,-26.22849800000057
holdout256,4,27,8616a2d919ca2627b8e6b20cc10fa580e6b77e7ad4679bff705ddf8fd2d45496,mec_center,segment_entry,922.2027090833334,919.9469398333334,-2.2557692499999575,win,-27.06923099999949,-135.34615640469565,-124.8160963491323,2.12169200000244,-4.2277039999987664,0.0,0.0,-24.963219000001743
holdout256,4,27,8616a2d919ca2627b8e6b20cc10fa580e6b77e7ad4679bff705ddf8fd2d45496,nccp,segment_entry,919.6997630000001,919.9469398333334,0.24717683333335572,loss,2.966121999999814,14.830620690037904,6.326396555913107,1.1483570000018517,0.5524860000011813,0.0,0.0,1.2652789999988272
holdout256,4,28,bf4eb3d6246d218c63bda965668b97b3622f70a0d6e77cbcd7e0cda6a2e505c2,mec_center,nccp,1156.3787753000001,1154.5172732,-1.8615021000000525,win,-18.615020999999615,-93.07510014435684,-83.32591571689068,-1.8250060000009398,-0.12483199999815042,0.0,0.0,-16.66518300000007
holdout256,4,28,bf4eb3d6246d218c63bda965668b97b3622f70a0d6e77cbcd7e0cda6a2e505c2,mec_center,segment_entry,1156.3787753000001,1154.7610002,-1.6177751000002445,win,-16.17775100000108,-80.88875505201577,-80.39441218991578,-0.2282470000027388,0.1293790000008812,0.0,0.0,-16.07888300000002
holdout256,4,28,bf4eb3d6246d218c63bda965668b97b3622f70a0d6e77cbcd7e0cda6a2e505c2,nccp,segment_entry,1154.5172732,1154.7610002,0.24372699999980796,loss,2.4372699999985343,12.186345092341071,2.9315035269748932,1.596758999998201,0.25421099999903163,0.0,0.0,0.5863000000000511
holdout256,4,29,8552dc0b07f24fc3d83b5e97fea6272e4940eb1fef611db30a26203d99fad011,mec_center,nccp,690.4910312666667,688.7144900666666,-1.7765412000001106,win,-26.648118000000977,-133.24058594112284,-125.0556395871779,-1.687221000003774,0.05023200000118777,0.0,0.0,-25.01112899999913
holdout256,4,29,8552dc0b07f24fc3d83b5e97fea6272e4940eb1fef611db30a26203d99fad011,mec_center,segment_entry,690.4910312666667,688.7493011333333,-1.7417301333333626,win,-26.125952000000325,-130.62976986764988,-124.62653929713315,-1.569208000000799,0.3685639999994237,0.0,0.0,-24.92530799999912
holdout256,4,29,8552dc0b07f24fc3d83b5e97fea6272e4940eb1fef611db30a26203d99fad011,nccp,segment_entry,688.7144900666666,688.7493011333333,0.03481106666674805,loss,0.5221660000006523,2.610816073472961,0.4291002900447438,0.11801300000297488,0.3183319999982359,0.0,0.0,0.08582100000000992
holdout256,4,30,31a558c70470d9ae83ae75aae1b6e8f005e5f0354031cf22dc4bf1c7c9c53ec5,mec_center,nccp,1097.2566693,1095.0505026,-2.20616670000004,win,-22.061666999999943,-110.30833368210733,-87.29095872644052,-0.9158509999997477,-3.687625000000253,0.0,0.0,-17.458191000000113
holdout256,4,30,31a558c70470d9ae83ae75aae1b6e8f005e5f0354031cf22dc4bf1c7c9c53ec5,mec_center,segment_entry,1097.2566693,1095.075503,-2.1811663000000863,win,-21.811663000000408,-109.0583386792714,-86.67996985882314,-1.1700270000019373,-3.3056450000001405,0.0,0.0,-17.335990999999638
holdout256,4,30,31a558c70470d9ae83ae75aae1b6e8f005e5f0354031cf22dc4bf1c7c9c53ec5,nccp,segment_entry,1095.0505026,1095.075503,0.025000399999953515,loss,0.25000399999953515,1.2499950028359308,0.6109888676173796,-0.25417600000218954,0.38198000000011234,0.0,0.0,0.12220000000047548
holdout256,4,31,d7625801c8d018e021ae20390febed5f59254aa2a265fc9aafb74bdb3cf2463e,mec_center,nccp,1080.5039116363637,1078.7733165454547,-1.7305950909089916,win,-19.036545999999362,-95.18271893470956,-98.98054069787395,-3.3815829999985,1.0321439999997892,3.1090010000000348,0.0,-19.796107999999208
holdout256,4,31,d7625801c8d018e021ae20390febed5f59254aa2a265fc9aafb74bdb3cf2463e,mec_center,segment_entry,1080.5039116363637,1078.5717211818182,-1.9321904545454345,win,-21.254095000000234,-106.27048563149583,-91.72403121500747,-5.270101999998587,0.49622299999964525,1.86458999999968,0.0,-18.344805999999494
holdout256,4,31,d7625801c8d018e021ae20390febed5f59254aa2a265fc9aafb74bdb3cf2463e,nccp,segment_entry,1078.7733165454547,1078.5717211818182,-0.20159536363644293,win,-2.217549000000872,-11.087766696786275,7.256509482866477,-1.8885190000000875,-0.535921000000144,-1.2444110000003548,0.0,1.451301999999714
holdout256,4,32,ff3789e81ca7a352f1cea24d927775128fcbacad4599e25640209162a6ddb2f9,mec_center,nccp,1052.451186090909,1050.8983501818182,-1.5528359090908452,win,-17.081194999998843,-85.40598679934192,-82.3638664439377,-1.6001539999979286,0.9917300000008709,0.0,0.0,-16.472771000000762
holdout256,4,32,ff3789e81ca7a352f1cea24d927775128fcbacad4599e25640209162a6ddb2f9,mec_center,segment_entry,1052.451186090909,1050.8519962727273,-1.599189818181685,win,-17.591087999999218,-87.95545369464526,-80.39114153754713,-1.7099619999989955,0.19709900000066227,0.0,0.0,-16.078224999999634
holdout256,4,32,ff3789e81ca7a352f1cea24d927775128fcbacad4599e25640209162a6ddb2f9,nccp,segment_entry,1050.8983501818182,1050.8519962727273,-0.04635390909083981,win,-0.5098930000003747,-2.5494668953033397,1.9727249063905674,-0.10980800000106683,-0.7946310000002086,0.0,0.0,0.39454600000112805
holdout256,4,33,8586874e453d9054ab3303ddb21c13b864b8058014ecb3ab7f86e40e9e82a6d7,mec_center,nccp,744.5068210000001,743.0435703333334,-1.4632506666666814,win,-21.94875999999931,-109.7438001504197,-120.50890275424717,0.5457300000016403,1.6072919999983242,0.0,0.0,-24.101782000000526
holdout256,4,33,8586874e453d9054ab3303ddb21c13b864b8058014ecb3ab7f86e40e9e82a6d7,mec_center,segment_entry,744.5068210000001,743.1635938666666,-1.343227133333471,win,-20.14840700000059,-100.7420378994575,-117.05955825634283,1.4780319999990752,1.7854739999979756,0.0,0.0,-23.411912999998776
holdout256,4,33,8586874e453d9054ab3303ddb21c13b864b8058014ecb3ab7f86e40e9e82a6d7,nccp,segment_entry,743.0435703333334,743.1635938666666,0.12002353333321025,loss,1.8003529999987222,9.001762250962202,3.449344497904349,0.9323019999974349,0.17818199999965145,0.0,0.0,0.6898690000017496
holdout256,4,34,11e8321492888dd30ffb55d73d24cc2ed4a9228537ca835406fab31bb8853001,mec_center,nccp,805.5418085,804.2293869285714,-1.3124215714285583,win,-18.37390199999936,-91.86951108929497,-94.36950084324417,1.6274279999997816,-0.9602079999997386,-0.1672230000001491,0.0,-18.873898999999938
holdout256,4,34,11e8321492888dd30ffb55d73d24cc2ed4a9228537ca835406fab31bb8853001,mec_center,segment_entry,805.5418085,804.2990327857143,-1.242775714285699,win,-17.39885999999933,-86.99430536542786,-84.11268373830353,1.3250219999990804,-1.7341240000000653,-0.1672230000001491,0.0,-16.82253499999979
holdout256,4,34,11e8321492888dd30ffb55d73d24cc2ed4a9228537ca835406fab31bb8853001,nccp,segment_entry,804.2293869285714,804.2990327857143,0.06964585714285931,loss,0.9750420000000304,4.875205723867111,10.256817104940637,-0.30240600000070117,-0.7739160000003267,0.0,0.0,2.0513640000001487
holdout256,4,35,19591a0ab3f175ba3f02c5e216997880bbcda68fee822afe3406f7e057da03e8,mec_center,nccp,1215.3372943,1213.5608045000001,-1.7764897999998084,win,-17.764897999999448,-88.82448693453625,-89.46350020131581,0.359269000000495,-0.38409599999999955,0.15263100000015584,0.0,-17.892702000000213
holdout256,4,35,19591a0ab3f175ba3f02c5e216997880bbcda68fee822afe3406f7e057da03e8,mec_center,segment_entry,1215.3372943,1213.6824007999999,-1.654893500000071,win,-16.54893500000071,-82.74465629521,-86.5520040931849,0.35039899999901536,0.2668909999997595,0.14417800000023817,0.0,-17.310402999999326
holdout256,4,35,19591a0ab3f175ba3f02c5e216997880bbcda68fee822afe3406f7e057da03e8,nccp,segment_entry,1213.5608045000001,1213.6824007999999,0.12159629999973731,loss,1.2159629999987374,6.0798306393262465,2.9114961081309048,-0.008870000001479639,0.6509869999997591,-0.008452999999917665,0.0,0.5822990000008872
holdout256,4,36,df22565dfede72212d6a1d2a2b710e768632c84890d31e07115b0e55c41f96de,mec_center,nccp,741.1850648666666,753.8473488,12.662283933333356,loss,189.93425899999966,924.6713093659491,-190.42815690450698,-3.1527029999997467,28.54714599999943,202.62544900000012,0.0,-38.08563300000014
holdout256,4,36,df22565dfede72212d6a1d2a2b710e768632c84890d31e07115b0e55c41f96de,mec_center,segment_entry,741.1850648666666,753.9242521333333,12.739187266666704,loss,191.08780900000056,930.4390524175469,-187.31637201542026,-2.691274999999223,28.616910999998936,202.625449,0.0,-37.46327599999813
holdout256,4,36,df22565dfede72212d6a1d2a2b710e768632c84890d31e07115b0e55c41f96de,nccp,segment_entry,753.8473488,753.9242521333333,0.0769033333333482,loss,1.1535500000009051,5.76774305159779,3.111784889086721,0.46142800000052375,0.06976499999950647,-1.1368683772161603e-13,0.0,0.6223570000020118
holdout256,4,37,aea367823a1d24cd0634588a767be7e156eb6c6630a8c4ec5a31e81a7cec95ea,mec_center,nccp,1067.778785,1065.927204,-1.8515809999998964,win,-22.218971999998757,-111.09487598630949,-106.96022582795922,-0.6416629999948782,-0.36804599999868515,0.18278300000019954,0.0,-21.39204600000346
holdout256,4,37,aea367823a1d24cd0634588a767be7e156eb6c6630a8c4ec5a31e81a7cec95ea,mec_center,segment_entry,1067.778785,1065.8942289166666,-1.8845560833333366,win,-22.61467300000004,-113.07338249501481,-102.76044710797987,-0.8985329999995884,-1.3468339999985801,0.18278300000019954,0.0,-20.552089000001956
holdout256,4,37,aea367823a1d24cd0634588a767be7e156eb6c6630a8c4ec5a31e81a7cec95ea,nccp,segment_entry,1065.927204,1065.8942289166666,-0.032975083333440125,win,-0.3957010000012815,-1.9785065087053226,4.199778719979349,-0.25687000000471016,-0.978787999999895,0.0,0.0,0.8399570000015046
holdout256,4,38,a4b8daea4e693e0b439df437e5a1f7dee8ee423c94df4d8180aeb5c0d14615d1,mec_center,nccp,917.6007623076923,915.2230565384616,-2.3777057692307153,win,-30.91017499999907,-154.5508844509095,-91.12822423543412,-12.344116999996913,-0.3404139999988729,0.0,0.0,-18.22564400000158
holdout256,4,38,a4b8daea4e693e0b439df437e5a1f7dee8ee423c94df4d8180aeb5c0d14615d1,mec_center,segment_entry,917.6007623076923,916.8105730769231,-0.7901892307692151,win,-10.272460000000137,-51.36229652311886,-72.45210578871274,-7.664355999997497,11.882317999999486,0.0,0.0,-14.490421999999626
holdout256,4,38,a4b8daea4e693e0b439df437e5a1f7dee8ee423c94df4d8180aeb5c0d14615d1,nccp,segment_entry,915.2230565384616,916.8105730769231,1.5875165384615002,loss,20.637714999998934,103.18858792779065,18.676118446721375,4.6797609999994165,12.22273199999836,0.0,0.0,3.7352220000019543
holdout256,4,39,bb7c2f1d6a57e925514896315cef45a7b6b1949a61a2f2954ea8121e2abe6525,mec_center,nccp,687.6946206875,685.7114531875,-1.983167500000036,win,-31.730680000000575,-158.65340275227936,-133.54689426043478,-1.558018000001539,3.379951000000119,-6.843236000000161,0.0,-26.7093770000007
holdout256,4,39,bb7c2f1d6a57e925514896315cef45a7b6b1949a61a2f2954ea8121e2abe6525,mec_center,segment_entry,687.6946206875,685.7388524375,-1.9557682500000055,win,-31.29229200000009,-156.4614542623749,-130.5673354788405,-1.1210099999989325,2.7739869999982147,-6.8318020000001525,0.0,-26.11346700000115
holdout256,4,39,bb7c2f1d6a57e925514896315cef45a7b6b1949a61a2f2954ea8121e2abe6525,nccp,segment_entry,685.7114531875,685.7388524375,0.027399250000030406,loss,0.4383880000004865,2.191948489904462,2.979558781594278,0.4370080000026064,-0.6059640000019044,0.011434000000008382,0.0,0.5959099999995487
holdout256,4,40,fda54c2d8f3ebb231952bc382ce8d474a0a5482c29f00a84876cf6aa900e2047,mec_center,nccp,808.7512836666666,806.9645324666667,-1.7867511999999124,win,-26.801267999999254,-134.0063235286434,-138.06379075016366,0.37582999999358435,-0.29658199999994395,0.7322460000000319,0.0,-27.612761999994063
holdout256,4,40,fda54c2d8f3ebb231952bc382ce8d474a0a5482c29f00a84876cf6aa900e2047,mec_center,segment_entry,808.7512836666666,807.2409194666667,-1.5103641999999127,win,-22.655462999999145,-138.2772994708139,-33.85525192508794,0.8481789999987086,-17.144730000000436,0.41214100000001963,0.0,-6.771052999998915
holdout256,4,40,fda54c2d8f3ebb231952bc382ce8d474a0a5482c29f00a84876cf6aa900e2047,nccp,segment_entry,806.9645324666667,807.2409194666667,0.2763869999999997,loss,4.145805000000109,-4.27097594217048,104.20853882507572,0.47234900000512425,-16.848148000000492,-0.3201050000000123,0.0,20.84170899999515
holdout256,4,41,0c4c409a025a36abb8e0b5a2f1883653f110bfea94bfd44d0000461becaf4091,mec_center,nccp,871.9353246153846,870.3302889230769,-1.6050356923077516,win,-20.86546400000043,-104.32734292847454,-94.58128386212934,-1.5100080000011076,-0.43920199999911347,1.8189894035458565e-12,0.0,-18.916254000001175
holdout256,4,41,0c4c409a025a36abb8e0b5a2f1883653f110bfea94bfd44d0000461becaf4091,mec_center,segment_entry,871.9353246153846,870.5719986153847,-1.3633259999999154,win,-17.723237999998673,-88.61619074304326,-88.62192672490096,0.04314400000112073,-0.04199700000026496,0.0,0.0,-17.724384999998165
holdout256,4,41,0c4c409a025a36abb8e0b5a2f1883653f110bfea94bfd44d0000461becaf4091,nccp,segment_entry,870.3302889230769,870.5719986153847,0.24170969230783612,loss,3.142226000001756,15.711152185431274,5.9593571372283805,1.5531520000022283,0.3972049999988485,-1.8189894035458565e-12,0.0,1.1918690000030097
holdout256,4,42,c2a7935c6f9463762099e067844f5d19de4550d306d7c3b3865f291773389e14,mec_center,nccp,782.3773899333333,780.5692316000001,-1.8081583333332674,win,-27.12237499999901,-135.611865538056,-95.0453596035868,-2.888712999996642,-4.248264000002337,-0.9763240000011137,0.0,-19.009073999996303
holdout256,4,42,c2a7935c6f9463762099e067844f5d19de4550d306d7c3b3865f291773389e14,mec_center,segment_entry,782.3773899333333,780.7191026,-1.6582873333333055,win,-24.87430999999924,-124.37154250241292,-93.88187233811823,-1.323949999999968,-3.8278750000001764,-0.9461110000011104,0.0,-18.776373999997418
holdout256,4,42,c2a7935c6f9463762099e067844f5d19de4550d306d7c3b3865f291773389e14,nccp,segment_entry,780.5692316000001,780.7191026,0.1498709999999619,loss,2.2480649999997695,11.240323035643087,1.163487265468575,1.564762999996674,0.4203890000021602,0.030213000000003376,0.0,0.2326999999988857
holdout256,4,43,ae69e029a15b82cb26bf7d2cf44cd86f4643c9e049d1067bdd6e8052fc75ee08,mec_center,nccp,961.7425554166666,958.7750865833333,-2.967468833333328,win,-35.60962599999948,-178.04812917938398,-119.00885175502071,-6.302145999998174,-5.5057110000007015,0.0,0.0,-23.80176899999907
holdout256,4,43,ae69e029a15b82cb26bf7d2cf44cd86f4643c9e049d1067bdd6e8052fc75ee08,mec_center,segment_entry,961.7425554166666,958.9056463333333,-2.836909083333353,win,-34.04290899999978,-170.21455856998364,-116.43903037595737,-5.384985000000597,-5.370119999999815,0.0,0.0,-23.287803999999426
holdout256,4,43,ae69e029a15b82cb26bf7d2cf44cd86f4643c9e049d1067bdd6e8052fc75ee08,nccp,segment_entry,958.7750865833333,958.9056463333333,0.13055974999997488,loss,1.5667169999996986,7.83357060940034,2.5698213790633417,0.9171609999975772,0.1355910000008862,0.0,0.0,0.5139649999996436
holdout256,4,44,0194eb45ecf9b2e3ede7a867befe27c5a902438e0ae756eafae6cbe6bd212ea8,mec_center,nccp,1076.949554,1075.0812091818182,-1.8683448181818676,win,-20.551793000000544,-102.75896001454385,-78.33343714424745,-7.394292000002679,2.509186000002046,0.0,0.0,-15.666686999999342
holdout256,4,44,0194eb45ecf9b2e3ede7a867befe27c5a902438e0ae756eafae6cbe6bd212ea8,mec_center,segment_entry,1076.949554,1075.3867804545455,-1.5627735454545473,win,-17.19050900000002,-85.95256014914776,-73.01190787840233,-5.070828999998412,2.4827000000000226,0.0,0.0,-14.602379999999584
holdout256,4,44,0194eb45ecf9b2e3ede7a867befe27c5a902438e0ae756eafae6cbe6bd212ea8,nccp,segment_entry,1075.0812091818182,1075.3867804545455,0.3055712727273203,loss,3.3612840000005235,16.806399865396088,5.321529265845129,2.323463000004267,-0.026486000002023502,0.0,0.0,1.0643069999997579
holdout256,4,45,ef0a07cd1ff5da8e38c21b89a5aa8d70c61a0c8e2861a0e78f292f9fcc554fae,mec_center,nccp,737.6599653125,742.4160525,4.756087187499929,loss,76.09739499999887,405.486957811474,145.4197502112761,-3.3277799999996205,-2.4997000000021217,52.840924000000086,0.0,29.08395100000041
holdout256,4,45,ef0a07cd1ff5da8e38c21b89a5aa8d70c61a0c8e2861a0e78f292f9fcc554fae,mec_center,segment_entry,737.6599653125,737.659484625,-0.00048068750004404137,win,-0.007691000000704662,24.961546699014434,91.82017924318052,-2.897388999997929,-1.150108000002092,-14.3242309999996,0.0,18.36403700000085
holdout256,4,45,ef0a07cd1ff5da8e38c21b89a5aa8d70c61a0c8e2861a0e78f292f9fcc554fae,nccp,segment_entry,742.4160525,737.659484625,-4.756567874999973,win,-76.10508599999957,-380.52541111245955,-53.59957096809558,0.4303910000016913,1.3495920000000297,-67.16515499999969,0.0,-10.719913999999562
holdout256,4,46,c5d383636404f77496d487c21f7df5a2ee50f591cd6dd84b2de3e74869248afd,mec_center,nccp,800.1874212857143,798.3212271428572,-1.8661941428571254,win,-26.126717999999528,-130.63359076806228,-126.62204357639894,0.7118850000006205,-1.5141940000000886,0.0,0.0,-25.324408999999378
holdout256,4,46,c5d383636404f77496d487c21f7df5a2ee50f591cd6dd84b2de3e74869248afd,mec_center,segment_entry,800.1874212857143,798.5361410714286,-1.6512802142857481,win,-23.11792299999979,-115.58961424047448,-118.65263382087642,1.3948159999963536,-0.7822120000009818,0.0,0.0,-23.730526999996982
holdout256,4,46,c5d383636404f77496d487c21f7df5a2ee50f591cd6dd84b2de3e74869248afd,nccp,segment_entry,798.3212271428572,798.5361410714286,0.21491392857137726,loss,3.0087949999997363,15.043976527587802,7.96940975552252,0.6829309999957331,0.7319819999991068,0.0,0.0,1.5938820000023952
holdout256,4,47,3da8bc48a2d0f980ca404aeadb2582aa149e95bf0c60315a71e369657b94f1c3,mec_center,nccp,1156.3844345,1155.0569094,-1.3275251000000026,win,-13.275250999999116,-66.37626444893249,-67.5644907888452,0.7329809999991994,-0.4953339999979107,0.0,0.0,-13.512898000002394
holdout256,4,47,3da8bc48a2d0f980ca404aeadb2582aa149e95bf0c60315a71e369657b94f1c3,mec_center,segment_entry,1156.3844345,1155.0327577,-1.3516767999999502,win,-13.516767999999502,-67.58385316257045,-63.62847655733094,-0.29562800000167044,-0.4954449999993358,0.0,0.0,-12.725695000000258
holdout256,4,47,3da8bc48a2d0f980ca404aeadb2582aa149e95bf0c60315a71e369657b94f1c3,nccp,segment_entry,1155.0569094,1155.0327577,-0.024151699999947596,win,-0.24151700000038545,-1.2075887136379606,3.936014231514264,-1.0286090000008699,-0.0001110000014250545,0.0,0.0,0.7872030000021368
holdout256,4,48,8e5d4087d461339d560b3691846a4b22dc9a1228b9b044e0ff2956fcce6fb248,mec_center,nccp,729.8805881875,726.4387201875,-3.4418679999999995,win,-55.06988799999999,-275.3494365348888,-131.4960703915799,-8.15585899999678,2.5082039999992958,-23.12301899999875,0.0,-26.299214000003758
holdout256,4,48,8e5d4087d461339d560b3691846a4b22dc9a1228b9b044e0ff2956fcce6fb248,mec_center,segment_entry,729.8805881875,726.4868878125,-3.393700375000094,win,-54.299206000001504,-271.496020855564,-130.97132548549553,-7.712816999999632,2.458406999997351,-22.8505299999988,0.0,-26.194266000001562
holdout256,4,48,8e5d4087d461339d560b3691846a4b22dc9a1228b9b044e0ff2956fcce6fb248,nccp,segment_entry,726.4387201875,726.4868878125,0.048167624999905456,loss,0.7706819999984873,3.8534156793248258,0.5247449060843792,0.4430419999971491,-0.04979700000194498,0.27248899999995047,0.0,0.10494800000219584
holdout256,4,49,5683c3d88b6105ff2eac65dbf31432f4d73c9dde01cc628b9fb7320aaf28fd73,mec_center,nccp,682.6809225625,681.02432325,-1.6565993125000205,win,-26.505589000000327,-132.52792178659,-129.72864531026607,-3.442410999999993,2.8825540000007095,0.0,0.0,-25.94573200000218
holdout256,4,49,5683c3d88b6105ff2eac65dbf31432f4d73c9dde01cc628b9fb7320aaf28fd73,mec_center,segment_entry,682.6809225625,680.8238981875,-1.8570243749999236,win,-29.712389999998777,-148.56193782564515,-130.8846549620157,-4.075665999998819,0.5402089999986401,0.0,0.0,-26.176932999999963
holdout256,4,49,5683c3d88b6105ff2eac65dbf31432f4d73c9dde01cc628b9fb7320aaf28fd73,nccp,segment_entry,681.02432325,680.8238981875,-0.2004250624999031,win,-3.2068009999984497,-16.034016039055132,-1.1560096517496277,-0.633254999998826,-2.3423450000020694,0.0,0.0,-0.23120099999778176
holdout256,4,50,3dd9f4f52e21c055f76fcf409f881e5b14ed30ec2ba86efd2e99d8c1db2d515b,mec_center,nccp,764.290850375,762.112054125,-2.178796250000005,win,-34.86074000000008,-174.3037040013878,-157.0638220875819,-2.657854999999472,-0.7217149999989942,-0.06840500000021166,0.0,-31.412765000000377
holdout256,4,50,3dd9f4f52e21c055f76fcf409f881e5b14ed30ec2ba86efd2e99d8c1db2d515b,mec_center,segment_entry,764.290850375,762.3708010625,-1.9200493124999412,win,-30.72078899999906,-153.6039613824396,-153.48167645618855,-0.31755599999996775,0.3659670000022288,-0.07286600000020371,0.0,-30.696333999999467
holdout256,4,50,3dd9f4f52e21c055f76fcf409f881e5b14ed30ec2ba86efd2e99d8c1db2d515b,nccp,segment_entry,762.112054125,762.3708010625,0.2587469375000637,loss,4.13995100000102,20.69974261894822,3.5821456313933595,2.3402989999995043,1.087682000001223,-0.004460999999992055,0.0,0.7164310000009095
holdout256,4,51,6f110fb8aa65f5235647216be2ae3311b213c36c58b922931e99a1eefb09a878,mec_center,nccp,913.7513746923076,912.4440885384615,-1.3072861538461211,win,-16.994720000000598,-84.97359601860808,-98.88407302517544,0.5807779999977356,2.201318000000583,0.0,0.0,-19.776816000000167
holdout256,4,51,6f110fb8aa65f5235647216be2ae3311b213c36c58b922931e99a1eefb09a878,mec_center,segment_entry,913.7513746923076,912.4413176153846,-1.3100570769230444,win,-17.030742000000828,-85.15372413204022,-96.02119414776234,0.024985000000015134,2.1485129999944093,0.0,0.0,-19.204239999996616
holdout256,4,51,6f110fb8aa65f5235647216be2ae3311b213c36c58b922931e99a1eefb09a878,nccp,segment_entry,912.4440885384615,912.4413176153846,-0.0027709230769232818,win,-0.03602200000023004,-0.18012811343214707,2.8628788774130953,-0.5557929999977205,-0.05280500000617394,0.0,0.0,0.5725760000035507
holdout256,4,52,aabd20d1c4f8173c71c17b3a178cae92ef81e9f63f5ef9f47b1a1c51db93b377,mec_center,nccp,838.6851457142857,837.0584446428572,-1.6267010714284424,win,-22.77381499999865,-113.8690532927576,-133.67084434683375,4.521331999998438,-0.5609769999985019,0.0,0.0,-26.734169999998187
holdout256,4,52,aabd20d1c4f8173c71c17b3a178cae92ef81e9f63f5ef9f47b1a1c51db93b377,mec_center,segment_entry,838.6851457142857,837.0246824285714,-1.660463285714286,win,-23.246486000000004,-116.23243739123427,-132.38020606053624,3.901974999998856,-0.6724209999993036,0.0,0.0,-26.476039999999955
holdout256,4,52,aabd20d1c4f8173c71c17b3a178cae92ef81e9f63f5ef9f47b1a1c51db93b377,nccp,segment_entry,837.0584446428572,837.0246824285714,-0.033762214285843584,win,-0.4726710000013554,-2.363384098476672,1.2906382862975079,-0.6193569999995816,-0.11144400000080168,0.0,0.0,0.25812999999823205
holdout256,4,53,fe8bf4c0745752a9559b0df952d7fa7c5c265390b0622b10cb764eee67a7304f,mec_center,nccp,1154.0171786,1152.2127463000002,-1.8044322999999167,win,-18.044323000000077,-90.22161999104719,-85.45111860197585,-0.849502000000939,-0.10459699999955774,0.0,0.0,-17.09022399999992
holdout256,4,53,fe8bf4c0745752a9559b0df952d7fa7c5c265390b0622b10cb764eee67a7304f,mec_center,segment_entry,1154.0171786,1152.2122408999999,-1.8049377000002096,win,-18.049377000001186,-90.24688591188897,-84.19269717992711,-1.1874700000025769,-0.02336599999932787,0.0,0.0,-16.838540999999736
holdout256,4,53,fe8bf4c0745752a9559b0df952d7fa7c5c265390b0622b10cb764eee67a7304f,nccp,segment_entry,1152.2127463000002,1152.2122408999999,-0.000505400000292866,win,-0.005054000001109671,-0.02526592084177537,1.258421422048741,-0.33796800000163785,0.08123100000022987,0.0,0.0,0.2516830000001846
holdout256,4,54,71b7fd7506d13e46bec236ed61325be184dd39a0d75cbcbb5944b7309002aaaa,mec_center,nccp,736.6395636,734.9044358666666,-1.7351277333333428,win,-26.02691600000071,-130.13457917609048,-123.55297477454906,-3.8146099999976286,2.4982899999998835,0.0,0.0,-24.710596000001487
holdout256,4,54,71b7fd7506d13e46bec236ed61325be184dd39a0d75cbcbb5944b7309002aaaa,mec_center,segment_entry,736.6395636,734.9228431333333,-1.7167204666666294,win,-25.75080700000035,-128.75402950367425,-111.64271646297584,-5.140626999998858,1.7183649999999489,0.0,0.0,-22.328545000002805
holdout256,4,54,71b7fd7506d13e46bec236ed61325be184dd39a0d75cbcbb5944b7309002aaaa,nccp,segment_entry,734.9044358666666,734.9228431333333,0.01840726666671344,loss,0.27610900000036054,1.3805496724162367,11.910258311573216,-1.3260170000012295,-0.7799249999999347,0.0,0.0,2.3820509999986825
holdout256,4,55,d95428db7d4000494bba5d0ae189e7941c4d40a862c31edfd732c661557b74e1,mec_center,nccp,771.2325378666667,769.4820464666667,-1.7504913999999872,win,-26.257370999999694,-131.28682281488727,-116.96632411122891,-6.616533999995227,3.3866529999979775,0.36577699999998003,0.0,-23.3932670000014
holdout256,4,55,d95428db7d4000494bba5d0ae189e7941c4d40a862c31edfd732c661557b74e1,mec_center,segment_entry,771.2325378666667,769.6387819333333,-1.593755933333341,win,-23.906339000001026,-119.53167386188579,-111.75166005740721,-5.377691999996387,3.487189999998236,0.3344950000000608,0.0,-22.350332000001572
holdout256,4,55,d95428db7d4000494bba5d0ae189e7941c4d40a862c31edfd732c661557b74e1,nccp,segment_entry,769.4820464666667,769.6387819333333,0.15673546666664606,loss,2.3510319999986677,11.75514895300148,5.214664053821707,1.23884199999884,0.10053700000025856,-0.03128199999991921,0.0,1.0429349999998294
holdout256,4,56,1649bc4024c7e2916e97474eef0cd633c4063c7a2194fc37bf138f974ebf97b6,mec_center,nccp,951.8367589999999,945.1254885,-6.711270499999955,win,-80.53524599999946,-402.67621046161366,-147.1478809962166,-5.463446999998268,-0.5328150000000278,-45.10940699999992,0.0,-29.429577000000734
holdout256,4,56,1649bc4024c7e2916e97474eef0cd633c4063c7a2194fc37bf138f974ebf97b6,mec_center,segment_entry,951.8367589999999,945.1719458333333,-6.66481316666659,win,-79.97775799999908,-399.888781666712,-145.19548738791423,-5.511588999997912,-0.29514100000005783,-45.131930999999895,0.0,-29.039097000000652
holdout256,4,56,1649bc4024c7e2916e97474eef0cd633c4063c7a2194fc37bf138f974ebf97b6,nccp,segment_entry,945.1254885,945.1719458333333,0.04645733333336466,loss,0.5574880000003759,2.7874287949016434,1.9523936083023727,-0.0481419999996433,0.23767399999996996,-0.022523999999975786,0.0,0.3904800000000819
holdout256,4,57,876424ea0bea48a1a8a329763ddb29a9a1c80ac2eedef551f21aedf670443c04,mec_center,nccp,986.9950911538461,985.1085889230769,-1.8865022307692243,win,-24.524529000000257,-122.6226222399855,-105.34604813217538,-6.488796999996339,3.194807000003948,-0.16132800000104908,0.0,-21.069211000006078
holdout256,4,57,876424ea0bea48a1a8a329763ddb29a9a1c80ac2eedef551f21aedf670443c04,mec_center,segment_entry,986.9950911538461,985.0748353076923,-1.9202558461538501,win,-24.96332600000096,-124.81661497267487,-100.1378279304115,-5.917934999999488,1.0145820000038839,-0.03240700000151264,0.0,-20.027566000002935
holdout256,4,57,876424ea0bea48a1a8a329763ddb29a9a1c80ac2eedef551f21aedf670443c04,nccp,segment_entry,985.1085889230769,985.0748353076923,-0.033753615384625846,win,-0.43879700000070443,-2.1939927326893667,5.208220201763879,0.5708619999968505,-2.180225000000064,0.12892099999953643,0.0,1.0416450000031432
holdout256,4,58,90ae9246924ed443cf14320bc20da01b653738d0034879149b03fab855e803d1,mec_center,nccp,813.3714240714286,810.9082359285715,-2.4631881428571205,win,-34.48463399999855,-172.42317286127945,-134.942350782449,-4.679343999998309,-2.81681999999887,1.1368683772161603e-12,0.0,-26.98847000000228
holdout256,4,58,90ae9246924ed443cf14320bc20da01b653738d0034879149b03fab855e803d1,mec_center,segment_entry,813.3714240714286,810.8575665714286,-2.513857499999972,win,-35.19400499999938,-175.97001767357142,-131.12227927914319,-4.715444999997999,-4.254104000000098,2.2737367544323206e-13,0.0,-26.224456000002192
holdout256,4,58,90ae9246924ed443cf14320bc20da01b653738d0034879149b03fab855e803d1,nccp,segment_entry,810.9082359285715,810.8575665714286,-0.05066935714285137,win,-0.7093710000008286,-3.5468448122919654,3.820071503305826,-0.03610099999968952,-1.4372840000012275,-9.094947017729282e-13,0.0,0.7640140000000883
holdout256,4,59,4a32f461d57ee9533cff9e8798865faec7c3f80982374d3411167486d49461ab,mec_center,nccp,871.9164166923076,870.5295160769231,-1.3869006153845476,win,-18.029708000000028,-90.14854832343553,-91.02176298316886,0.5122080000001006,-0.3375659999983327,0.0,0.0,-18.20435000000316
holdout256,4,59,4a32f461d57ee9533cff9e8798865faec7c3f80982374d3411167486d49461ab,mec_center,segment_entry,871.9164166923076,870.5655164615384,-1.3509002307691844,win,-17.561702999999397,-87.8085265538466,-90.08554604836877,0.7754300000015064,-0.3200269999997545,0.0,0.0,-18.017106000001263
holdout256,4,59,4a32f461d57ee9533cff9e8798865faec7c3f80982374d3411167486d49461ab,nccp,segment_entry,870.5295160769231,870.5655164615384,0.036000384615363146,loss,0.4680050000006304,2.3400217695889296,0.9362169348000862,0.26322200000140583,0.01753899999857822,0.0,0.0,0.1872440000018969
holdout256,4,60,38d5a2c9b4c8aa19617caf2266076b724d5e337c330e14fd95b2280870206e64,mec_center,nccp,904.29884125,902.6719354166667,-1.6269058333333533,win,-19.522870000000694,-97.61435207315662,-110.94999386311497,0.646059000000605,2.0210700000016004,0.0,0.0,-22.18999900000307
holdout256,4,60,38d5a2c9b4c8aa19617caf2266076b724d5e337c330e14fd95b2280870206e64,mec_center,segment_entry,904.29884125,902.6480435,-1.650797750000038,win,-19.809573000000455,-99.04785822654958,-108.45282984594701,-0.10759200000029523,1.9885850000017626,0.0,0.0,-21.69056600000306
holdout256,4,60,38d5a2c9b4c8aa19617caf2266076b724d5e337c330e14fd95b2280870206e64,nccp,segment_entry,902.6719354166667,902.6480435,-0.023891916666684665,win,-0.28670299999976123,-1.4335061533929547,2.497164017167961,-0.7536510000009002,-0.03248499999983778,0.0,0.0,0.49943300000001045
holdout256,4,61,801e49c6df8158cf3c90394bc4ec7a36a94840ac532dfcf03b80d07329568258,mec_center,nccp,689.615325,689.49364225,-0.12168274999999085,win,-1.9469239999998535,-9.734616679685132,-11.809930416136467,-3.3779649999960384,-0.27048300000205927,4.063508000000638,0.0,-2.3619840000009162
holdout256,4,61,801e49c6df8158cf3c90394bc4ec7a36a94840ac532dfcf03b80d07329568258,mec_center,segment_entry,689.615325,687.5753928125,-2.0399321874999714,win,-32.63891499999954,-163.19456345992512,-115.8578929411683,-4.344884999994974,-0.46990500000174507,-4.65254799999957,0.0,-23.17157700000098
holdout256,4,61,801e49c6df8158cf3c90394bc4ec7a36a94840ac532dfcf03b80d07329568258,nccp,segment_entry,689.49364225,687.5753928125,-1.9182494374999806,win,-30.69199099999969,-153.45994678024,-104.04796252503183,-0.966919999998936,-0.1994219999996858,-8.716056000000208,0.0,-20.809593000000064
holdout256,4,62,fce56c8711c32875794eb3a0ac1b2ec267c8f1eb230446d55739481a47ef13a4,mec_center,nccp,746.1542015333333,743.3718798000001,-2.7823217333332195,win,-41.734825999999885,-208.67413606353512,-154.19996129140236,-6.908121999997093,-3.9867109999997865,0.0,0.0,-30.83999300000147
holdout256,4,62,fce56c8711c32875794eb3a0ac1b2ec267c8f1eb230446d55739481a47ef13a4,mec_center,segment_entry,746.1542015333333,743.4808367333334,-2.673364799999945,win,-40.10047200000008,-200.5023613029116,-148.67589765841558,-6.852922999998555,-3.512369000001854,0.0,0.0,-29.735179999999673
holdout256,4,62,fce56c8711c32875794eb3a0ac1b2ec267c8f1eb230446d55739481a47ef13a4,nccp,segment_entry,743.3718798000001,743.4808367333334,0.10895693333327472,loss,1.634353999999803,8.17177476062352,5.524063632986781,0.055198999998538056,0.47434199999793236,0.0,0.0,1.1048130000017977
holdout256,4,63,3a31f1953dceb3a72b477d5aa5be390885eb321c688ee5385a68582784eb815f,mec_center,nccp,858.0127124285715,856.1209641428571,-1.8917482857143568,win,-26.48447599999963,-132.42236655334273,-118.07127867140207,-2.143123999998352,-0.7270949999974619,0.0,0.0,-23.614257000002453
holdout256,4,63,3a31f1953dceb3a72b477d5aa5be390885eb321c688ee5385a68582784eb815f,mec_center,segment_entry,858.0127124285715,856.1456786428571,-1.8670337857143977,win,-26.138473000000886,-130.6923610977392,-116.03232327652267,-1.822504999998273,-1.1095029999958115,0.0,0.0,-23.206465000006006
holdout256,4,63,3a31f1953dceb3a72b477d5aa5be390885eb321c688ee5385a68582784eb815f,nccp,segment_entry,856.1209641428571,856.1456786428571,0.024714499999959116,loss,0.3460029999987455,1.730005455603532,2.0389553948793946,0.3206190000000788,-0.3824079999983496,0.0,0.0,0.4077919999964479
holdout256,4,64,f7d08309e984c22d78baa0d8e48596a1c2dd9d2f1dcd77a009d4f0410f6ac4c9,mec_center,nccp,693.7393794375,689.5457585,-4.193620937499986,win,-67.09793499999978,-285.48966954511707,-151.84829098822001,-11.913979000000836,-25.696458000000348,0.8821619999998802,0.0,-30.3696599999995
holdout256,4,64,f7d08309e984c22d78baa0d8e48596a1c2dd9d2f1dcd77a009d4f0410f6ac4c9,mec_center,segment_entry,693.7393794375,689.6901855,-4.049193937500036,win,-64.78710300000057,-273.93551193355233,-147.3329791303704,-10.453717999997025,-25.86752000000024,1.0007319999986066,0.0,-29.466597000000434
holdout256,4,64,f7d08309e984c22d78baa0d8e48596a1c2dd9d2f1dcd77a009d4f0410f6ac4c9,nccp,segment_entry,689.5457585,689.6901855,0.14442699999995057,loss,2.310831999999209,11.554157611564733,4.5153118578496105,1.4602610000038112,-0.17106199999989258,0.11856999999872642,0.0,0.9030629999990651
holdout256,4,65,2aaa826a095f64cf516d37cf255d29cf0186f1894d486df60954dd7cbcede465,mec_center,nccp,820.1595479285714,818.4699570714286,-1.689590857142889,win,-23.654271999999764,-118.2713831142828,-124.00667893678724,-3.349138999999923,4.496202000000039,0.0,0.0,-24.801335000001075
holdout256,4,65,2aaa826a095f64cf516d37cf255d29cf0186f1894d486df60954dd7cbcede465,mec_center,segment_entry,820.1595479285714,818.4756621428571,-1.683885785714324,win,-23.574400999999853,-117.87199809360754,-121.20067580635828,-3.137287000001379,3.803022000000965,0.0,0.0,-24.24013599999978
holdout256,4,65,2aaa826a095f64cf516d37cf255d29cf0186f1894d486df60954dd7cbcede465,nccp,segment_entry,818.4699570714286,818.4756621428571,0.005705071428565134,loss,0.07987099999991187,0.39938502067525405,2.8060031304289623,0.21185199999854376,-0.6931799999990744,0.0,0.0,0.5611990000012952
holdout256,4,66,057762c84e9cb8da806edd3b572b2036a333ab7f282ecf8c19c718c51e7be724,mec_center,nccp,1033.6468292727272,1031.4888773636364,-2.157951909090798,win,-23.73747099999855,-118.68734907513863,-95.45656719507451,-2.1174099999989267,-2.528747000000294,0.0,0.0,-19.09131399999967
holdout256,4,66,057762c84e9cb8da806edd3b572b2036a333ab7f282ecf8c19c718c51e7be724,mec_center,segment_entry,1033.6468292727272,1031.444012909091,-2.2028163636362024,win,-24.230979999998453,-121.15489265609358,-92.6502136436909,-3.1075649999984307,-2.5933709999985695,0.0,0.0,-18.53004400000168
holdout256,4,66,057762c84e9cb8da806edd3b572b2036a333ab7f282ecf8c19c718c51e7be724,nccp,segment_entry,1031.4888773636364,1031.444012909091,-0.04486445454540444,win,-0.4935089999999036,-2.4675435809549526,2.8063535513836086,-0.9901549999995041,-0.0646239999982754,0.0,0.0,0.5612699999979895
holdout256,4,67,4579310f1e16c18d9c5eecb4e0e3b5c74ab11b1ccf358a3c31437d582878b125,mec_center,nccp,1176.2585217,1174.3176257999999,-1.9408959000002142,win,-19.408959000000323,-97.04479741535033,-95.33318204880425,-0.3523329999989073,0.010009999999283536,0.0,0.0,-19.066635999998766
holdout256,4,67,4579310f1e16c18d9c5eecb4e0e3b5c74ab11b1ccf358a3c31437d582878b125,mec_center,segment_entry,1176.2585217,1174.3010829999998,-1.957438700000239,win,-19.57438700000057,-97.87193383883277,-95.24434712512135,-0.5567210000008345,0.03120299999955023,-2.2737367544323206e-13,0.0,-19.048868999998945
holdout256,4,67,4579310f1e16c18d9c5eecb4e0e3b5c74ab11b1ccf358a3c31437d582878b125,nccp,segment_entry,1174.3176257999999,1174.3010829999998,-0.016542800000024727,win,-0.16542800000024727,-0.8271364234824432,0.0888349236828958,-0.20438800000192714,0.021193000000266693,-2.2737367544323206e-13,0.0,0.017766999999821564
holdout256,4,68,f5ad1a5f542bc30b54610cb4859c47c326cbcf9ddb21d29f29da6851cd53f8c7,mec_center,nccp,883.7204163076923,881.4080742307692,-2.3123420769230734,win,-30.06044699999984,-150.30226114217658,-144.31742912220034,-6.080360000001747,5.4100150000031135,-0.5266200000005483,0.0,-28.863482000000886
holdout256,4,68,f5ad1a5f542bc30b54610cb4859c47c326cbcf9ddb21d29f29da6851cd53f8c7,mec_center,segment_entry,883.7204163076923,881.4764116923077,-2.244004615384597,win,-29.172059999998964,-145.86030295002274,-142.78579899294982,-5.571496000002298,5.499408000002404,-0.5428130000000237,0.0,-28.55715899999825
holdout256,4,68,f5ad1a5f542bc30b54610cb4859c47c326cbcf9ddb21d29f29da6851cd53f8c7,nccp,segment_entry,881.4080742307692,881.4764116923077,0.06833746153847642,loss,0.8883870000008756,4.441958192153834,1.531630129250516,0.5088639999994484,0.08939299999929062,-0.016192999999475433,0.0,0.3063230000026351
holdout256,4,69,7f140e3d6ff5a52c8cf8f767052ec906bec560ba07b1c13f42d1a3d22e9edcf0,mec_center,nccp,775.1334652857142,772.3584455,-2.775019785714221,win,-38.85027699999955,-169.25137672955316,-81.79960811683804,-2.2783810000000813,-20.211972999999716,0.0,0.0,-16.359922999998844
holdout256,4,69,7f140e3d6ff5a52c8cf8f767052ec906bec560ba07b1c13f42d1a3d22e9edcf0,mec_center,segment_entry,775.1334652857142,774.0035721428573,-1.1298931428569858,win,-15.818503999998939,-79.09252340698004,-92.49853607718023,-1.815404999999373,4.496608000001288,0.0,0.0,-18.4997070000004
holdout256,4,69,7f140e3d6ff5a52c8cf8f767052ec906bec560ba07b1c13f42d1a3d22e9edcf0,nccp,segment_entry,772.3584455,774.0035721428573,1.6451266428572353,loss,23.031773000000612,90.15885332257312,-10.69892796034219,0.46297600000070815,24.708581000001004,0.0,0.0,-2.139784000001555
holdout256,4,70,a3a20b33e745b47c71683c73e93d8a565b6d35877d5d5d7a95cd0436cc78bb6f,mec_center,nccp,872.9237483846154,871.9091377692307,-1.0146106153846404,win,-13.189937999999529,-65.94968329740368,-89.47553341985031,2.883568999999625,0.0,1.8216010000001006,0.0,-17.895107999998913
holdout256,4,70,a3a20b33e745b47c71683c73e93d8a565b6d35877d5d5d7a95cd0436cc78bb6f,mec_center,segment_entry,872.9237483846154,877.1051783846154,4.181430000000091,loss,54.35859000000164,271.79293882386264,-188.35066531590383,3.2591120000015508,0.0,88.76961100000017,0.0,-37.670132999998714
holdout256,4,70,a3a20b33e745b47c71683c73e93d8a565b6d35877d5d5d7a95cd0436cc78bb6f,nccp,segment_entry,871.9091377692307,877.1051783846154,5.196040615384732,loss,67.54852800000117,337.7426221212663,-98.87513189605352,0.375543000001926,0.0,86.94801000000007,0.0,-19.7750249999998
holdout256,4,71,2cf082a61467741102ecfe2e1c98ce71f6a72d45dc06ac4c478fb06c2efa3555,mec_center,nccp,1158.289385,1156.3223829,-1.9670020999999451,win,-19.670020999999906,-98.35010722524748,-90.07168015995467,0.23207000000002154,-1.8877559999982623,0.0,0.0,-18.01433500000155
holdout256,4,71,2cf082a61467741102ecfe2e1c98ce71f6a72d45dc06ac4c478fb06c2efa3555,mec_center,segment_entry,1158.289385,1156.5352794,-1.7541056000000026,win,-17.541056000000026,-87.7052833413909,-86.19920099323167,0.22234199999911652,-0.5235589999988406,0.0,0.0,-17.239838999999392
holdout256,4,71,2cf082a61467741102ecfe2e1c98ce71f6a72d45dc06ac4c478fb06c2efa3555,nccp,segment_entry,1156.3223829,1156.5352794,0.21289649999994253,loss,2.12896499999988,10.644823883856589,3.8724791667229965,-0.009728000000905013,1.3641969999994217,0.0,0.0,0.7744960000021592
holdout256,4,72,6e0a61453f3c9bcc8fd51e2da89b12b7eb7d946c568d0d173c440441feb2607d,mec_center,nccp,1106.8255445999998,1104.714496,-2.1110485999997763,win,-21.110485999999582,-105.55243087134295,-88.61940546990104,-3.1646679999976186,-0.22193800000013653,0.0,0.0,-17.723879999999724
holdout256,4,72,6e0a61453f3c9bcc8fd51e2da89b12b7eb7d946c568d0d173c440441feb2607d,mec_center,segment_entry,1106.8255445999998,1104.7654051,-2.0601394999998774,win,-20.601394999999684,-103.00698925901816,-87.10329438681151,-2.5417619999989256,-0.6389760000008664,0.0,0.0,-17.420656999999323
holdout256,4,72,6e0a61453f3c9bcc8fd51e2da89b12b7eb7d946c568d0d173c440441feb2607d,nccp,segment_entry,1104.714496,1104.7654051,0.0509090999998989,loss,0.5090909999998985,2.545441612324794,1.5161110830895268,0.622905999998693,-0.4170380000007299,0.0,0.0,0.3032230000004006
holdout256,4,73,992eb6038dffa7fbfc3d8083d601f2193871e46c0066fe89013f0df7930ea9e8,mec_center,nccp,874.4527790769231,877.1255157692308,2.6727366923076943,loss,34.745576999999685,953.7279135386561,-88.53973713122559,58.058710000002975,-5.605184000000463,0.0,0.0,-17.70794900000186
holdout256,4,73,992eb6038dffa7fbfc3d8083d601f2193871e46c0066fe89013f0df7930ea9e8,mec_center,segment_entry,874.4527790769231,877.0737680000001,2.620988923076993,loss,34.072856000000684,950.3642898711187,-86.10866064294987,57.583489000000554,-6.288900999999441,0.0,0.0,-17.221732000001282
holdout256,4,73,992eb6038dffa7fbfc3d8083d601f2193871e46c0066fe89013f0df7930ea9e8,nccp,segment_entry,877.1255157692308,877.0737680000001,-0.051747769230701124,win,-0.6727209999990009,-3.3636236675374676,2.431076488275721,-0.4752210000024206,-0.6837169999989783,0.0,0.0,0.486217000000579
holdout256,4,74,a35a00012c397e93e88b4df2e00b964afca41815e859a4fe6541816a5d213c88,mec_center,nccp,771.8174624285714,769.6325835,-2.184878928571379,win,-30.58830499999931,-152.94152450452384,-132.52965435473538,-6.6545420000020385,2.5721690000004855,0.0,0.0,-26.505931999998893
holdout256,4,74,a35a00012c397e93e88b4df2e00b964afca41815e859a4fe6541816a5d213c88,mec_center,segment_entry,771.8174624285714,769.5562216428572,-2.2612407857142216,win,-31.65737099999933,-158.28686405492044,-133.0318661162098,-6.812734000001001,1.7617369999998118,0.0,0.0,-26.606373999998482
holdout256,4,74,a35a00012c397e93e88b4df2e00b964afca41815e859a4fe6541816a5d213c88,nccp,segment_entry,769.6325835,769.5562216428572,-0.07636185714284238,win,-1.0690660000000207,-5.345339550396602,-0.5022117614744275,-0.15819199999896227,-0.8104320000006737,0.0,0.0,-0.10044199999958892
holdout256,4,75,fdb36405e3dc49320e513c6bbed07b514921209270936d146e20aebbad5929c3,mec_center,nccp,821.2782768571429,820.680376,-0.5979008571429176,win,-8.37061200000062,-41.853077444997325,-45.36308661160729,-1.318345000003319,-3.4537579999974923,5.474107000000004,0.0,-9.072615999999357
holdout256,4,75,fdb36405e3dc49320e513c6bbed07b514921209270936d146e20aebbad5929c3,mec_center,segment_entry,821.2782768571429,821.1164066428572,-0.16187021428572734,win,-2.266182999999728,-11.330920854597935,-27.666321526876345,-0.20906700000159617,-2.1475499999979775,5.623698000000331,0.0,-5.533264000000145
holdout256,4,75,fdb36405e3dc49320e513c6bbed07b514921209270936d146e20aebbad5929c3,nccp,segment_entry,820.680376,821.1164066428572,0.4360306428571903,loss,6.104429000000891,30.52215659039939,17.69676508473094,1.1092780000017228,1.3062079999995149,0.14959100000032777,0.0,3.5393519999992122
holdout256,4,76,c1af15f21637f403af53b80e0368eb1842b62d4127a56fb131dbda8926a87a2b,mec_center,nccp,982.4046725833333,979.8457481666666,-2.5589244166667413,win,-30.707093000000896,-153.53548101558408,-104.80528499413958,-9.18578499999603,-0.5602520000011282,0.0,0.0,-20.961056000003055
holdout256,4,76,c1af15f21637f403af53b80e0368eb1842b62d4127a56fb131dbda8926a87a2b,mec_center,segment_entry,982.4046725833333,979.9322496666667,-2.4724229166665737,win,-29.669074999999793,-148.34539720044995,-102.96756512327966,-8.670538999997007,-0.4050239999985479,0.0,0.0,-20.593512000002193
holdout256,4,76,c1af15f21637f403af53b80e0368eb1842b62d4127a56fb131dbda8926a87a2b,nccp,segment_entry,979.8457481666666,979.9322496666667,0.08650150000016765,loss,1.0380180000011023,5.19008381513413,1.837719870859928,0.5152459999990242,0.1552280000025803,0.0,0.0,0.36754400000086207
holdout256,4,77,fe99833dd181b6678f78ade75bb68aecb1b0f2819babce2f6955b41e4822e7f2,mec_center,nccp,1146.911658,1144.7052631000001,-2.20639489999985,win,-22.06394899999941,-110.31974923840608,-94.39774701148121,-4.7183399999994435,1.5339390000013964,0.0,0.0,-18.879548000002046
holdout256,4,77,fe99833dd181b6678f78ade75bb68aecb1b0f2819babce2f6955b41e4822e7f2,mec_center,segment_entry,1146.911658,1144.8837365,-2.0279215000000477,win,-20.279215000000477,-101.39607425285794,-92.32128576122341,-3.3189880000027188,1.504029999999375,0.0,0.0,-18.464256999998724
holdout256,4,77,fe99833dd181b6678f78ade75bb68aecb1b0f2819babce2f6955b41e4822e7f2,nccp,segment_entry,1144.7052631000001,1144.8837365,0.1784733999998025,loss,1.7847339999989345,8.923674985548132,2.0764612502578075,1.3993519999967248,-0.029909000002021457,0.0,0.0,0.41529100000332164
holdout256,4,78,10edde161693f4a97e9a0fe7440803ff0b79b06d3982dd876dabc4309a40a034,mec_center,nccp,777.1550172142857,774.4538587857143,-2.701158428571489,win,-37.816217999999935,-189.08107855373964,-127.22575845429856,-13.63371200000256,1.2626480000012634,0.0,0.0,-25.44515399999875
holdout256,4,78,10edde161693f4a97e9a0fe7440803ff0b79b06d3982dd876dabc4309a40a034,mec_center,segment_entry,777.1550172142857,774.5438623571429,-2.6111548571428784,win,-36.55616799999916,-182.78084130898787,-123.49176926335349,-12.950206999999864,1.0923930000003566,1.0231815394945443e-12,0.0,-24.69835400000079
holdout256,4,78,10edde161693f4a97e9a0fe7440803ff0b79b06d3982dd876dabc4309a40a034,nccp,segment_entry,774.4538587857143,774.5438623571429,0.09000357142861048,loss,1.2600500000007742,6.30023724475177,3.733989190945067,0.6835050000026968,-0.17025500000090688,1.0231815394945443e-12,0.0,0.7467999999979611
holdout256,4,79,c40329926ca69c3ceaad25eaaaee8a3650a885cf98f56c9edc175558ed18612b,mec_center,nccp,719.617705625,715.7261798125,-3.8915258124999355,win,-62.26441299999897,-311.3220702074468,-169.00730304662807,-6.114328999999998,-1.0994909999992615,-21.249133999999685,0.0,-33.80145900000173
holdout256,4,79,c40329926ca69c3ceaad25eaaaee8a3650a885cf98f56c9edc175558ed18612b,mec_center,segment_entry,719.617705625,715.791233125,-3.8264725000000226,win,-61.22356000000036,-306.1177978052874,-168.041978624198,-5.402688999998645,-0.9468670000026123,-21.265606999999363,0.0,-33.60839699999991
holdout256,4,79,c40329926ca69c3ceaad25eaaaee8a3650a885cf98f56c9edc175558ed18612b,nccp,segment_entry,715.7261798125,715.791233125,0.06505331249991286,loss,1.0408529999986058,5.204272402159404,0.9653244224300579,0.7116400000013527,0.15262399999664922,-0.016472999999677995,0.0,0.1930620000018166
holdout256,4,80,d631c8f20ef0adbdf0474fb1800aab47ec3d3e2d4ba40d00825f3716c1333a67,mec_center,nccp,1100.1918216363638,1098.5997141818182,-1.5921074545456122,win,-17.513182000000597,-87.5659027526126,-90.25788519838034,0.6232999999992899,2.2229430000006687,-2.3078469999991285,0.0,-18.05157800000177
holdout256,4,80,d631c8f20ef0adbdf0474fb1800aab47ec3d3e2d4ba40d00825f3716c1333a67,mec_center,segment_entry,1100.1918216363638,1098.4505359090908,-1.7412857272729525,win,-19.154143000001568,-95.77069811016554,-92.68620613128496,0.4083969999974215,1.3084770000023127,-2.333773999999721,0.0,-18.537243000002945
holdout256,4,80,d631c8f20ef0adbdf0474fb1800aab47ec3d3e2d4ba40d00825f3716c1333a67,nccp,segment_entry,1098.5997141818182,1098.4505359090908,-0.1491782727273403,win,-1.6409610000009707,-8.204795357552939,-2.428320932904626,-0.21490300000186835,-0.914465999998356,-0.02592700000059267,0.0,-0.48566500000117685
holdout256,4,81,9fb72247d0050ed570c53c37dfd7d7fabb4a2e3e66067f01e6edf0bf6f6d206c,mec_center,nccp,779.6235064,780.0719898000001,0.4484834000001001,loss,6.727251000000251,33.63626059134549,-21.747629108830097,3.6363729999975476,7.625902000000451,-0.18549800000005234,0.0,-4.349525999997468
holdout256,4,81,9fb72247d0050ed570c53c37dfd7d7fabb4a2e3e66067f01e6edf0bf6f6d206c,mec_center,segment_entry,779.6235064,780.0828096,0.4593032000000221,loss,6.889547999999195,34.44774058132316,-21.163218588321342,3.9683309999963967,7.337021000000732,-0.1831600000000435,0.0,-4.232643999998913
holdout256,4,81,9fb72247d0050ed570c53c37dfd7d7fabb4a2e3e66067f01e6edf0bf6f6d206c,nccp,segment_entry,780.0719898000001,780.0828096,0.010819799999921997,loss,0.16229699999894365,0.8114799899776699,0.5844105205087544,0.3319579999988491,-0.2888809999997193,0.002338000000008833,0.0,0.11688199999855442
holdout256,4,82,233c608b82afb0ea5569fb5162c78cbd84a0366a571dd265a631cc9e042a0cb9,mec_center,nccp,1062.4273405454546,1059.6829236363637,-2.744416909090887,win,-30.188586000000214,-150.94293029032997,-106.72189929290016,-5.04317600000104,-3.8010299999978088,-1.8189894035458565e-12,0.0,-21.34438000000091
holdout256,4,82,233c608b82afb0ea5569fb5162c78cbd84a0366a571dd265a631cc9e042a0cb9,mec_center,segment_entry,1062.4273405454546,1059.7558968181818,-2.6714437272728446,win,-29.385881000000154,-146.92941167597746,-103.35832594229919,-5.523401000000376,-3.190814999997201,0.0,0.0,-20.67166500000178
holdout256,4,82,233c608b82afb0ea5569fb5162c78cbd84a0366a571dd265a631cc9e042a0cb9,nccp,segment_entry,1059.6829236363637,1059.7558968181818,0.07297318181804258,loss,0.80270500000006,4.013518614352506,3.363573350600973,-0.48022499999933643,0.6102150000006077,1.8189894035458565e-12,0.0,0.6727149999991298
holdout256,4,83,7da16da42f4ec541bcfeb1505b2ba4d9a349a79823adfa76bf674f2a9d21e6ec,mec_center,nccp,911.018137,909.1699493333334,-1.848187666666604,win,-22.178251999999702,-110.8912662549701,-98.26227725757008,-3.4626570000018546,0.9368610000014996,1.8189894035458565e-12,0.0,-19.652456000000484
holdout256,4,83,7da16da42f4ec541bcfeb1505b2ba4d9a349a79823adfa76bf674f2a9d21e6ec,mec_center,segment_entry,911.018137,909.3101449166667,-1.7079920833333517,win,-20.495904999999766,-102.47952895575872,-97.9473434757092,-2.2770430000018678,1.3706050000005234,1.8189894035458565e-12,0.0,-19.58946700000058
holdout256,4,83,7da16da42f4ec541bcfeb1505b2ba4d9a349a79823adfa76bf674f2a9d21e6ec,nccp,segment_entry,909.1699493333334,909.3101449166667,0.14019558333325222,loss,1.682346999999936,8.411737299211381,0.31493378186087284,1.1856139999999868,0.4337439999990238,0.0,0.0,0.06298899999990226
holdout256,4,84,5e34a9ceed3463600bb07f13e3b012dd45c83a40494c7c4f53230bab4b7c2a30,mec_center,nccp,696.99413775,695.1349789375,-1.8591588125000271,win,-29.746541000000434,-148.73271717400348,-142.3515825147233,2.3280519999989338,-3.604276999999911,0.0,0.0,-28.470315999999002
holdout256,4,84,5e34a9ceed3463600bb07f13e3b012dd45c83a40494c7c4f53230bab4b7c2a30,mec_center,segment_entry,696.99413775,695.140122875,-1.8540148750000753,win,-29.664238000001205,-148.32119348319247,-141.28696082990814,2.3025179999985994,-3.7093640000007326,0.0,0.0,-28.257391999998845
holdout256,4,84,5e34a9ceed3463600bb07f13e3b012dd45c83a40494c7c4f53230bab4b7c2a30,nccp,segment_entry,695.1349789375,695.140122875,0.0051439374999517895,loss,0.08230299999922863,0.41152369081100915,1.0646216848151653,-0.025534000000334345,-0.10508700000082172,0.0,0.0,0.21292400000015732
holdout256,4,85,9de63496816cd6324cf7605678ee4c57ae5c5bf9427165d3955bc1473751b390,mec_center,nccp,1170.5412805,1168.7354686,-1.8058118999999806,win,-18.05811899999935,-90.29060202342953,-69.86842813205044,-4.725311999998667,0.6408780000006118,1.8189894035458565e-12,0.0,-13.973685000000842
holdout256,4,85,9de63496816cd6324cf7605678ee4c57ae5c5bf9427165d3955bc1473751b390,mec_center,segment_entry,1170.5412805,1168.8291615,-1.7121190000000297,win,-17.121189999999842,-85.60595488186664,-67.21787392885085,-4.307914000000892,0.6302980000004936,0.0,0.0,-13.443573999999046
holdout256,4,85,9de63496816cd6324cf7605678ee4c57ae5c5bf9427165d3955bc1473751b390,nccp,segment_entry,1168.7354686,1168.8291615,0.0936928999999509,loss,0.936928999999509,4.684647141562891,2.65055420319959,0.4173979999977746,-0.010580000000118162,-1.8189894035458565e-12,0.0,0.5301110000017957
holdout256,4,86,c275364eda477b5522f81f30841d8ea13363acd435865e1a6d076cb725861737,mec_center,nccp,827.7326942857143,825.6533916428572,-2.079302642857101,win,-29.11023699999896,-145.5511886121967,-114.96083610004894,-3.8346920000003593,-2.283377999999402,-9.094947017729282e-13,0.0,-22.99216699999829
holdout256,4,86,c275364eda477b5522f81f30841d8ea13363acd435865e1a6d076cb725861737,mec_center,segment_entry,827.7326942857143,825.8429277857142,-1.8897665000000643,win,-26.456731000000218,-132.28364438709104,-111.99783511841338,-2.9143399999975372,-1.142823000001954,0.0,0.0,-22.399567999999363
holdout256,4,86,c275364eda477b5522f81f30841d8ea13363acd435865e1a6d076cb725861737,nccp,segment_entry,825.6533916428572,825.8429277857142,0.1895361428570368,loss,2.6535059999987425,13.267544225105667,2.9630009816355596,0.920352000002822,1.1405549999974482,9.094947017729282e-13,0.0,0.592598999998927
holdout256,4,87,9ab582d7d5893ad2c7ec247f6769faa33aa6249ba76c5c9cebe38df613425038,mec_center,nccp,850.2892909999999,847.8924610769232,-2.39682992307678,win,-31.15878899999916,-155.79393718324718,-117.71042739171298,-6.150438000000577,-1.466265999999223,0.0,0.0,-23.54208500000061
holdout256,4,87,9ab582d7d5893ad2c7ec247f6769faa33aa6249ba76c5c9cebe38df613425038,mec_center,segment_entry,850.2892909999999,847.9433067692308,-2.3459842307690906,win,-30.497794999999314,-152.4889841166878,-115.72959756334376,-5.956689999999071,-1.3951890000005278,0.0,0.0,-23.145915999999374
holdout256,4,87,9ab582d7d5893ad2c7ec247f6769faa33aa6249ba76c5c9cebe38df613425038,nccp,segment_entry,847.8924610769232,847.9433067692308,0.050845692307689205,loss,0.660993999999846,3.304953066559392,1.9808298283692238,0.19374800000150572,0.0710769999986951,0.0,0.0,0.3961690000012368
holdout256,4,88,abe8339294bc4ae82a680dd77f10b3f523d9129d82c67e59c718255f54a5db6d,mec_center,nccp,753.948197,752.5312428125,-1.416954187500096,win,-22.671267000001535,-113.35633485364087,-115.64968855136476,1.4696589999985008,-1.0109880000006797,0.0,0.0,-23.129938000000607
holdout256,4,88,abe8339294bc4ae82a680dd77f10b3f523d9129d82c67e59c718255f54a5db6d,mec_center,segment_entry,753.948197,752.52692025,-1.421276750000061,win,-22.740428000000975,-113.7021395303309,-108.83153944961214,-0.13051999999879627,-0.8435980000012933,-1.8189894035458565e-12,0.0,-21.76630999999952
holdout256,4,88,abe8339294bc4ae82a680dd77f10b3f523d9129d82c67e59c718255f54a5db6d,nccp,segment_entry,752.5312428125,752.52692025,-0.004322562499964988,win,-0.06916099999943981,-0.34580467669002246,6.818149101752624,-1.600178999997297,0.16738999999938642,-1.8189894035458565e-12,0.0,1.3636280000010856
holdout256,4,89,7395006f7d82677be5b7f5c27491cb8863753258fe2ae76ce3f6b4bd2284e91b,mec_center,nccp,687.8423469375,686.2210356875,-1.6213112499999625,win,-25.9409799999994,-129.70489904015994,-129.5423144927954,-1.4979099999982282,1.4653920000025664,0.0,0.0,-25.908462000004988
holdout256,4,89,7395006f7d82677be5b7f5c27491cb8863753258fe2ae76ce3f6b4bd2284e91b,mec_center,segment_entry,687.8423469375,686.1863849375,-1.655962000000045,win,-26.49539200000072,-132.47697201582923,-123.39614440802916,-3.1908860000003187,1.3747210000005907,0.0,0.0,-24.679227000002697
holdout256,4,89,7395006f7d82677be5b7f5c27491cb8863753258fe2ae76ce3f6b4bd2284e91b,nccp,segment_entry,686.2210356875,686.1863849375,-0.03465075000008255,win,-0.5544120000013208,-2.772072975669289,6.146170084766254,-1.6929760000020906,-0.0906710000019757,0.0,0.0,1.2292350000022907
holdout256,4,90,7550d5f8695e8696534d432cab6b853edaff9fd3b87cd6a0357ea6822fc11eb3,mec_center,nccp,1084.570606727273,1084.0088773636364,-0.5617293636364593,win,-6.179023000000598,-30.89510611332662,-66.18269096913582,4.692797000001519,0.5890489999999318,1.775669999999991,0.0,-13.236539000001699
holdout256,4,90,7550d5f8695e8696534d432cab6b853edaff9fd3b87cd6a0357ea6822fc11eb3,mec_center,segment_entry,1084.570606727273,1084.0562725454545,-0.5143341818184126,win,-5.65767600000072,-28.288380446712836,-65.32897312738032,5.000779000001785,0.5775019999998676,1.8298380000003363,0.0,-13.065795000001572
holdout256,4,90,7550d5f8695e8696534d432cab6b853edaff9fd3b87cd6a0357ea6822fc11eb3,nccp,segment_entry,1084.0088773636364,1084.0562725454545,0.047395181818046694,loss,0.5213469999998779,2.6067256666137837,0.8537178417554969,0.30798200000026554,-0.011547000000064145,0.05416800000034527,0.0,0.17074400000012702
holdout256,4,91,558bd19405a8b93de51fd42bf50cb2d3d99bc38542b8ce3cc70ae3775103d0f1,mec_center,nccp,782.4808409333333,780.1732489333333,-2.3075919999999996,win,-34.61388000000079,-173.0694040385497,-147.97578609540187,-4.990620000004128,-0.8185029999999642,0.7904019999996308,0.0,-29.595158999997466
holdout256,4,91,558bd19405a8b93de51fd42bf50cb2d3d99bc38542b8ce3cc70ae3775103d0f1,mec_center,segment_entry,782.4808409333333,780.3834038,-2.097437133333301,win,-31.46155700000054,-157.30779274951783,-139.6212401108919,-3.099818000002415,-0.6618249999989985,0.22433600000022125,0.0,-27.924249999999574
holdout256,4,91,558bd19405a8b93de51fd42bf50cb2d3d99bc38542b8ce3cc70ae3775103d0f1,nccp,segment_entry,780.1732489333333,780.3834038,0.21015486666669858,loss,3.1523230000002513,15.761611289031862,8.354545984509969,1.8908020000017132,0.15667800000096577,-0.5660659999994095,0.0,1.6709089999978914
holdout256,4,92,a228354cacde955f63f453e7a45fa70176ad00f6f0062bfc63da827b73b3477c,mec_center,nccp,1196.1822747,1194.0095284000001,-2.1727462999999716,win,-21.72746299999926,-108.63731239256595,-75.90995834728619,-3.550502999998571,-2.235058000001345,-0.7599109999991924,0.0,-15.181990999998675
holdout256,4,92,a228354cacde955f63f453e7a45fa70176ad00f6f0062bfc63da827b73b3477c,mec_center,segment_entry,1196.1822747,1194.1079786,-2.0742961000000832,win,-20.742960999999923,-103.71481048558053,-72.57730493183021,-3.306979000002684,-2.216495999999779,-0.70402600000034,0.0,-14.515459999998143
holdout256,4,92,a228354cacde955f63f453e7a45fa70176ad00f6f0062bfc63da827b73b3477c,nccp,segment_entry,1194.0095284000001,1194.1079786,0.09845019999988835,loss,0.9845019999993383,4.922501906985417,3.3326534154559795,0.2435239999958867,0.018562000001566048,0.055884999998852436,0.0,0.666531000000532
holdout256,4,93,24b8f0901f89502318021e2f7521cb8b08b75ac713ca0a998f4ed65f5e01cde4,mec_center,nccp,693.143231625,700.7172133125,7.573981687500009,loss,121.18370700000014,630.9185315467912,-134.0546987122052,243.77286200000162,-96.79559299999823,1.017377000000124,0.0,-26.810939000002577
holdout256,4,93,24b8f0901f89502318021e2f7521cb8b08b75ac713ca0a998f4ed65f5e01cde4,mec_center,segment_entry,693.143231625,700.691250125,7.548018500000012,loss,120.76829600000019,628.8414947285273,-128.92660316069214,243.1232080000027,-96.77663699999812,0.2070480000002135,0.0,-25.78532300000427
holdout256,4,93,24b8f0901f89502318021e2f7521cb8b08b75ac713ca0a998f4ed65f5e01cde4,nccp,segment_entry,700.7172133125,700.691250125,-0.02596318749999682,win,-0.4154109999999491,-2.0770368182638776,5.12809555151307,-0.6496539999989182,0.018956000000116546,-0.8103289999999106,0.0,1.0256159999983083
holdout256,4,94,60a2b8ebfd41f7a2d0055ae4eec7213a9d447d5d6e982fd99b8f460e0ee3106c,mec_center,nccp,1025.3822244545454,1023.2600311818182,-2.122193272727145,win,-23.34412599999996,-116.72063923117821,-104.42554039109473,1.2026390000009997,-3.6616590000000997,0.0,0.0,-20.88510600000052
holdout256,4,94,60a2b8ebfd41f7a2d0055ae4eec7213a9d447d5d6e982fd99b8f460e0ee3106c,mec_center,segment_entry,1025.3822244545454,1023.394482,-1.987742454545355,win,-21.86516699999993,-109.32582324394025,-101.78684175042167,2.168883000002097,-3.676682000001165,0.0,0.0,-20.35736800000018
holdout256,4,94,60a2b8ebfd41f7a2d0055ae4eec7213a9d447d5d6e982fd99b8f460e0ee3106c,nccp,segment_entry,1023.2600311818182,1023.394482,0.13445081818179005,loss,1.4789590000000317,7.394815987237962,2.6386986406730557,0.9662440000010974,-0.015023000001065157,0.0,0.0,0.5277380000003404
holdout256,4,95,70e7bca1b08b1a843ce5f34d9ae99029404526f51c206ccd303263e47559c306,mec_center,nccp,734.3122802666666,732.3742700666667,-1.9380101999998942,win,-29.070152999998754,-145.35074900722975,-143.09613691977074,-2.0240629999989324,1.5731389999998555,1.8189894035458565e-12,0.0,-28.619229000002292
holdout256,4,95,70e7bca1b08b1a843ce5f34d9ae99029404526f51c206ccd303263e47559c306,mec_center,segment_entry,734.3122802666666,732.4749958666667,-1.8372843999998167,win,-27.559265999998388,-137.79631720489851,-140.7874130342393,-1.5455939999974362,2.1438129999994544,1.3642420526593924e-12,0.0,-28.15748500000177
holdout256,4,95,70e7bca1b08b1a843ce5f34d9ae99029404526f51c206ccd303263e47559c306,nccp,segment_entry,732.3742700666667,732.4749958666667,0.10072580000007747,loss,1.5108870000003662,7.554431802331237,2.3087238855314354,0.47846900000149617,0.5706739999995989,-4.547473508864641e-13,0.0,0.46174400000052174
holdout256,4,96,b957ddf2c0ee3b67c87b506645bb063b275937df6ae2cc0b60b30c0d98b59cdb,mec_center,nccp,965.4797709166668,963.1822350833332,-2.2975358333335407,win,-27.57043000000158,-112.85216945540742,182.06427495666867,0.8389989999977843,-64.82228799999962,0.0,0.0,36.41285900000082
holdout256,4,96,b957ddf2c0ee3b67c87b506645bb063b275937df6ae2cc0b60b30c0d98b59cdb,mec_center,segment_entry,965.4797709166668,963.3297012500001,-2.1500696666666954,win,-25.800836000000345,-104.0041889398708,185.13632633248085,0.9849939999967319,-63.8130979999994,0.0,0.0,37.027268000002266
holdout256,4,96,b957ddf2c0ee3b67c87b506645bb063b275937df6ae2cc0b60b30c0d98b59cdb,nccp,segment_entry,963.1822350833332,963.3297012500001,0.1474661666668453,loss,1.7695940000012342,8.84798051553662,3.0720513758121797,0.1459949999989476,1.009190000000217,0.0,0.0,0.6144090000014444
holdout256,4,97,64acf9c7f2fc679c4edb309a33f207f03c621c46679875176ce21d9c28233caf,mec_center,nccp,842.9065243076923,840.5996829999999,-2.306841307692366,win,-29.988937000000078,-149.94469843378465,-120.900413300134,-2.963382999996611,-2.8454730000012205,0.0,0.0,-24.18008100000111
holdout256,4,97,64acf9c7f2fc679c4edb309a33f207f03c621c46679875176ce21d9c28233caf,mec_center,segment_entry,842.9065243076923,840.5818989230769,-2.3246253846153877,win,-30.2201299999997,-151.10065654385835,-119.10133150656884,-3.0283649999983027,-3.371501000001217,0.0,0.0,-23.820264000000407
holdout256,4,97,64acf9c7f2fc679c4edb309a33f207f03c621c46679875176ce21d9c28233caf,nccp,segment_entry,840.5996829999999,840.5818989230769,-0.01778407692302153,win,-0.23119299999962095,-1.1559581100736978,1.7990817935651648,-0.06498200000169163,-0.5260279999999966,0.0,0.0,0.35981700000070305
holdout256,4,98,503dd1b72315ec0b6c026d223c9777a3c704f5d4450442b21afe0fe28eafbe95,mec_center,nccp,994.1997627272726,992.283369,-1.9163937272726344,win,-21.080330999999205,-105.40164867741987,-123.61439984067147,3.6474010000001726,-0.00485299999900235,0.0,0.0,-24.722879000001626
holdout256,4,98,503dd1b72315ec0b6c026d223c9777a3c704f5d4450442b21afe0fe28eafbe95,mec_center,segment_entry,994.1997627272726,992.2929260000001,-1.9068367272725482,win,-20.975203999998485,-104.87602244297887,-119.66506804464416,4.105382000001555,-1.1475739999998495,0.0,0.0,-23.933012000000645
holdout256,4,98,503dd1b72315ec0b6c026d223c9777a3c704f5d4450442b21afe0fe28eafbe95,nccp,segment_entry,992.283369,992.2929260000001,0.009557000000086191,loss,0.10512700000072073,0.5256262344410061,3.949331796027309,0.4579810000013822,-1.1427210000008472,0.0,0.0,0.7898670000009815
holdout256,4,99,3fa26aef7c37318e52a8f97ca30897900ad8ceda061fe065eba35b789d54ce43,mec_center,nccp,1069.3066957272729,1067.3503604545456,-1.9563352727273013,win,-21.519688000000315,-107.5984409359371,-95.58551549640833,-5.975941000000603,3.57335600000215,0.0,0.0,-19.11710300000209
holdout256,4,99,3fa26aef7c37318e52a8f97ca30897900ad8ceda061fe065eba35b789d54ce43,mec_center,segment_entry,1069.3066957272729,1067.4122315454545,-1.894464181818421,win,-20.839106000001266,-104.19551589257026,-90.45036599521382,-5.6139340000027005,2.864902999999458,0.0,0.0,-18.090074999998933
holdout256,4,99,3fa26aef7c37318e52a8f97ca30897900ad8ceda061fe065eba35b789d54ce43,nccp,segment_entry,1067.3503604545456,1067.4122315454545,0.06187109090888043,loss,0.680581999999049,3.4029250433668494,5.135149501194519,0.3620069999979023,-0.7084530000026916,0.0,0.0,1.0270280000031562
holdout256,4,100,4b7530281342c984cf2f2870c6085ca61ccb525f31bdd1978e8c97b3d794fadc,mec_center,nccp,660.580111125,658.5184161875,-2.0616949375000786,win,-32.98711900000126,-164.9355832930305,-154.3595688854648,0.5171799999980067,-2.6323829999998907,0.0,0.0,-30.871915999999374
holdout256,4,100,4b7530281342c984cf2f2870c6085ca61ccb525f31bdd1978e8c97b3d794fadc,mec_center,segment_entry,660.580111125,658.6972664375,-1.8828446874999827,win,-30.125514999999723,-150.62759008285502,-149.75345755343233,2.5284969999993336,-2.7033230000004096,0.0,0.0,-29.95068899999876
holdout256,4,100,4b7530281342c984cf2f2870c6085ca61ccb525f31bdd1978e8c97b3d794fadc,nccp,segment_entry,658.5184161875,658.6972664375,0.1788502500000959,loss,2.8616040000015346,14.307993210175482,4.606111332032469,2.011317000001327,-0.07094000000051892,0.0,0.0,0.9212270000006129
holdout256,4,101,e4ee5dd85ac684dce3892cd5fc995514b4b70dc40b40f204ce0757e3ddc82bdd,mec_center,nccp,1068.753692818182,1066.5242361818182,-2.229456636363693,win,-24.524022999999943,-122.62011581190745,-118.2771854669013,0.024805000000924338,-0.8933919999999489,0.0,0.0,-23.65543600000035
holdout256,4,101,e4ee5dd85ac684dce3892cd5fc995514b4b70dc40b40f204ce0757e3ddc82bdd,mec_center,segment_entry,1068.753692818182,1066.5859438181817,-2.1677490000001853,win,-23.84523900000022,-119.2262041427457,-115.35692765031138,0.10716099999808648,-0.8810160000004998,0.0,0.0,-23.071383999998204
holdout256,4,101,e4ee5dd85ac684dce3892cd5fc995514b4b70dc40b40f204ce0757e3ddc82bdd,nccp,segment_entry,1066.5242361818182,1066.5859438181817,0.061707636363507845,loss,0.6787839999997232,3.393911669161753,2.920257816589924,0.08235599999716214,0.01237599999944905,0.0,0.0,0.5840520000021456
holdout256,4,102,c1e4f6d102afb1c0d5837af210daec003b35fd7792e0cebc8440fd7ab71bf8db,mec_center,nccp,694.9494074375,693.5404164375,-1.4089910000000145,win,-22.543856000000233,-112.71929905357683,-205.4171219376508,-1.195025999999416,19.73233800000048,0.002253999999993539,0.0,-41.08342200000129
holdout256,4,102,c1e4f6d102afb1c0d5837af210daec003b35fd7792e0cebc8440fd7ab71bf8db,mec_center,segment_entry,694.9494074375,693.6759880625,-1.2734193750000031,win,-20.37471000000005,-101.87353811124922,-199.72201729582275,0.656539999996312,18.910858000000644,0.002295999999887499,0.0,-39.9444039999986
holdout256,4,102,c1e4f6d102afb1c0d5837af210daec003b35fd7792e0cebc8440fd7ab71bf8db,nccp,segment_entry,693.5404164375,693.6759880625,0.1355716250000114,loss,2.1691460000001825,10.845760942327615,5.695104641828038,1.851565999995728,-0.8214799999998377,4.1999999893960194e-05,0.0,1.139018000002693
holdout256,4,103,c9659305a2874ab01d672e4b86a3d1f306aaaf71520af3b5087c91814048f8e0,mec_center,nccp,745.3333966428571,747.1191997857143,1.7858031428571621,loss,25.001244000000952,180.0062401404648,-593.8667597527601,109.23883799999749,34.53576100000191,0.0,0.0,-118.77335500000117
holdout256,4,103,c9659305a2874ab01d672e4b86a3d1f306aaaf71520af3b5087c91814048f8e0,mec_center,segment_entry,745.3333966428571,744.1421278571428,-1.1912687857143283,win,-16.677762999999686,-83.38880452886951,-82.54383850538625,-2.0275390000024345,1.8585450000010724,0.0,0.0,-16.508768999999575
holdout256,4,103,c9659305a2874ab01d672e4b86a3d1f306aaaf71520af3b5087c91814048f8e0,nccp,segment_entry,747.1191997857143,744.1421278571428,-2.9770719285714904,win,-41.67900700000064,-263.3950446693343,511.32292124737387,-111.26637699999992,-32.67721600000084,0.0,0.0,102.2645860000016
holdout256,4,104,837176148adf115f69182990604d87b899fbf3fd94568c3ffbe032b357bb5d33,mec_center,nccp,1210.2723521,1208.9756501,-1.2967020000000957,win,-12.967020000000048,-64.8350925846753,-83.59044618537382,3.75310399999762,-0.7855259999982991,0.7834910000010495,0.0,-16.718089000001328
holdout256,4,104,837176148adf115f69182990604d87b899fbf3fd94568c3ffbe032b357bb5d33,mec_center,segment_entry,1210.2723521,1208.828267,-1.4440850999999384,win,-14.440850999999384,-72.20424928580906,-81.57034050084349,2.7620669999978418,-0.7720100000015009,-0.11683999999968364,0.0,-16.31406799999695
holdout256,4,104,837176148adf115f69182990604d87b899fbf3fd94568c3ffbe032b357bb5d33,nccp,segment_entry,1208.9756501,1208.828267,-0.14738309999984267,win,-1.4738309999993362,-7.369156701133761,2.0201056845303356,-0.9910369999997783,0.0135159999967982,-0.9003310000007332,0.0,0.40402100000437713
holdout256,4,105,84f810af3a51535c11599be056009d3c616b9035efc940991d9f2c226bfb726f,mec_center,nccp,846.3544255714286,845.1574674285714,-1.19695814285717,win,-16.7574139999997,-83.78706232779223,-119.7426965213674,4.055467999998655,2.781981000001906,0.35367800000130956,0.0,-23.948541000001967
holdout256,4,105,84f810af3a51535c11599be056009d3c616b9035efc940991d9f2c226bfb726f,mec_center,segment_entry,846.3544255714286,845.2399306428571,-1.114494928571503,win,-15.602929000000586,-78.0146498668255,-117.70058662834549,4.789394999997967,2.8926200000014433,0.25517299999955867,0.0,-23.54011699999944
holdout256,4,105,84f810af3a51535c11599be056009d3c616b9035efc940991d9f2c226bfb726f,nccp,segment_entry,845.1574674285714,845.2399306428571,0.08246321428566716,loss,1.154484999999113,5.772412460966734,2.042109893021916,0.7339269999993121,0.11063899999953719,-0.09850500000175089,0.0,0.4084240000025261
holdout256,4,106,e14de40b382c3075127e2f64fc80abd5c138eab081f61f4bfe5c5077c7715181,mec_center,nccp,680.1234164375,678.692660125,-1.4307563125000797,win,-22.892101000001276,-114.46052479177888,-97.19643759243081,-2.3852500000011787,-1.0675650000007408,0.0,0.0,-19.439285999998674
holdout256,4,106,e14de40b382c3075127e2f64fc80abd5c138eab081f61f4bfe5c5077c7715181,mec_center,segment_entry,680.1234164375,678.5803630625,-1.5430533749999995,win,-24.688853999999992,-123.4442969905067,-97.0209258907239,-3.1659029999991617,-2.1187680000000455,0.0,0.0,-19.40418299999976
holdout256,4,106,e14de40b382c3075127e2f64fc80abd5c138eab081f61f4bfe5c5077c7715181,nccp,segment_entry,678.692660125,678.5803630625,-0.11229706249991978,win,-1.7967529999987164,-8.98377219872782,0.17551170170690966,-0.780652999997983,-1.0512029999993047,0.0,0.0,0.03510299999891231
holdout256,4,107,0294f34809c062cdb4daf2518dc588e2d15e42cc433fb93169c462849f23d7c1,mec_center,nccp,903.4579016666667,901.10197175,-2.355929916666696,win,-28.271158999999898,-141.3557968762252,-128.7230995162638,-0.9552789999979723,-1.5712620000008428,0.0,0.0,-25.744617999998525
holdout256,4,107,0294f34809c062cdb4daf2518dc588e2d15e42cc433fb93169c462849f23d7c1,mec_center,segment_entry,903.4579016666667,901.1144106666667,-2.343490999999972,win,-28.121891999999207,-140.60945630641072,-126.57845540246285,-1.2938709999980347,-1.5123310000003585,0.0,0.0,-25.315689999999847
holdout256,4,107,0294f34809c062cdb4daf2518dc588e2d15e42cc433fb93169c462849f23d7c1,nccp,segment_entry,901.10197175,901.1144106666667,0.012438916666724253,loss,0.14926700000069104,0.7463405698144925,2.1446441138009504,-0.3385920000000624,0.058931000000484346,0.0,0.0,0.4289279999986775
holdout256,4,108,f1ab6f1d1e393cfe9af2e94a77b6a8923aec0fe9fa04645f61959e3db07360eb,mec_center,nccp,907.6472576153847,905.3655480769231,-2.2817095384615413,win,-29.662223999999696,-148.31112246726116,-112.335988209388,-3.0788309999988996,-4.116196000001764,0.0,0.0,-22.46719699999869
holdout256,4,108,f1ab6f1d1e393cfe9af2e94a77b6a8923aec0fe9fa04645f61959e3db07360eb,mec_center,segment_entry,907.6472576153847,905.3727412307692,-2.274516384615481,win,-29.56871300000057,-147.84357199957594,-109.14781246266921,-4.583684000001085,-3.1554700000008324,0.0,0.0,-21.829558999997175
holdout256,4,108,f1ab6f1d1e393cfe9af2e94a77b6a8923aec0fe9fa04645f61959e3db07360eb,nccp,segment_entry,905.3655480769231,905.3727412307692,0.007193153846060341,loss,0.09351099999912549,0.46755046768521424,3.188175746718798,-1.5048530000021856,0.9607260000009319,0.0,0.0,0.637638000001516
holdout256,4,109,bfd0b3d392eccc9f1087dfe47833ddf46f6000c60f0f46161f2ae59cf7bca08c,mec_center,nccp,1035.5914531818182,1034.2352026363637,-1.3562505454544862,win,-14.91875599999912,-74.59377569820208,-100.87844459124767,4.719124999999622,0.5378059999998186,0.0,0.0,-20.175686999999357
holdout256,4,109,bfd0b3d392eccc9f1087dfe47833ddf46f6000c60f0f46161f2ae59cf7bca08c,mec_center,segment_entry,1035.5914531818182,1034.3231495454545,-1.2683036363637257,win,-13.951339999999618,-69.75669453659793,-92.94422075638568,4.762816999998904,-0.12531299999977819,0.0,0.0,-18.588843999999654
holdout256,4,109,bfd0b3d392eccc9f1087dfe47833ddf46f6000c60f0f46161f2ae59cf7bca08c,nccp,segment_entry,1034.2352026363637,1034.3231495454545,0.08794690909076053,loss,0.9674159999995027,4.8370811616041465,7.934223834861996,0.043691999999282416,-0.6631189999995968,0.0,0.0,1.5868429999997034
holdout256,4,110,d9cef4f9abda84fce0159f0e01b47ff3a56d526a5c2877aaba4168e50bf955e1,mec_center,nccp,1169.3143605,1164.7191668,-4.595193699999982,win,-45.951936999999816,-224.75968044458568,-160.86168138271773,-2.068531000002622,-4.827234999999746,-125.23681699999963,123.3529840000001,-37.17233799999917
holdout256,4,110,d9cef4f9abda84fce0159f0e01b47ff3a56d526a5c2877aaba4168e50bf955e1,mec_center,segment_entry,1169.3143605,1164.8766074,-4.437753100000009,win,-44.37753100000009,-216.88764955103397,-160.42320957771403,-2.5985470000014175,-2.8105079999991176,-125.23681699999952,123.3529840000001,-37.084643000000824
holdout256,4,110,d9cef4f9abda84fce0159f0e01b47ff3a56d526a5c2877aaba4168e50bf955e1,nccp,segment_entry,1164.7191668,1164.8766074,0.15744059999997262,loss,1.5744059999997262,7.87203089355171,0.43847180500370087,-0.5300159999987955,2.0167270000006283,1.1368683772161603e-13,0.0,0.08769499999834807
holdout256,4,111,ed00039e9d4429c36435e7f35e35346686f0de05a1126d3bfaedd42beef18633,mec_center,nccp,692.0489891875,689.9429144375,-2.106074749999948,win,-33.69719599999917,-168.48596360025113,-132.36117350031782,-1.3065200000000914,-5.918439999998782,0.0,0.0,-26.472236000000862
holdout256,4,111,ed00039e9d4429c36435e7f35e35346686f0de05a1126d3bfaedd42beef18633,mec_center,segment_entry,692.0489891875,689.942165875,-2.106823312499955,win,-33.70917299999928,-168.54583770019235,-127.52378183267365,-1.3570749999980762,-6.847340000000486,0.0,0.0,-25.504758000000038
holdout256,4,111,ed00039e9d4429c36435e7f35e35346686f0de05a1126d3bfaedd42beef18633,nccp,segment_entry,689.9429144375,689.942165875,-0.0007485625000072105,win,-0.011977000000115368,-0.05987409994122572,4.8373916676441695,-0.05055499999798485,-0.928900000001704,0.0,0.0,0.9674780000008241
holdout256,4,112,c741e8a8a62b39dbe28ef08f068cca846d708b5900c24d6f16883e5272adf7f9,mec_center,nccp,861.0549299285714,858.8927677142857,-2.1621622142856722,win,-30.27027099999941,-151.3513366424886,-118.4960405281804,-4.221025999999256,-3.3382679999983793,0.988231999999698,0.0,-23.699209000001588
holdout256,4,112,c741e8a8a62b39dbe28ef08f068cca846d708b5900c24d6f16883e5272adf7f9,mec_center,segment_entry,861.0549299285714,859.1883003571429,-1.8666295714284615,win,-26.13281399999869,-130.66406832345092,-111.89013029959142,-1.4035750000002736,-3.18208100000129,0.8308669999987615,0.0,-22.378024999997137
holdout256,4,112,c741e8a8a62b39dbe28ef08f068cca846d708b5900c24d6f16883e5272adf7f9,nccp,segment_entry,858.8927677142857,859.1883003571429,0.2955326428572107,loss,4.1374570000007225,20.687268319037685,6.605910228588982,2.8174509999989823,0.15618699999708952,-0.15736500000093656,0.0,1.3211840000044504
holdout256,4,113,45a219bff7685af1147507b386ec1b751cdce7cec3d605cb7dd365fd8d1c1a87,mec_center,nccp,1186.3772614,1184.0941966,-2.28306479999992,win,-22.8306479999992,-114.15323114376952,-79.13154742787401,-3.9714289999974426,-3.0329089999986536,0.0,0.0,-15.826310000001968
holdout256,4,113,45a219bff7685af1147507b386ec1b751cdce7cec3d605cb7dd365fd8d1c1a87,mec_center,segment_entry,1186.3772614,1184.310755,-2.06650639999998,win,-20.665063999998893,-103.32532140024705,-73.70129386165127,-3.600498999996489,-2.324307000000772,0.0,0.0,-14.740258000000154
holdout256,4,113,45a219bff7685af1147507b386ec1b751cdce7cec3d605cb7dd365fd8d1c1a87,nccp,segment_entry,1184.0941966,1184.310755,0.21655839999993987,loss,2.165584000000308,10.827909743522468,5.430253566222746,0.37093000000095344,0.7086019999978816,0.0,0.0,1.0860520000018141
holdout256,4,114,673b97ca91f0e2d33d188eae886fe8c13487609a796212b559b647ad08472d02,mec_center,nccp,776.3652096000001,774.5663557333334,-1.7988538666667182,win,-26.98280800000066,-134.9140485566386,-131.517462854315,-6.904486000003089,5.112568999999212,1.1126029999995808,0.0,-26.30349399999818
holdout256,4,114,673b97ca91f0e2d33d188eae886fe8c13487609a796212b559b647ad08472d02,mec_center,segment_entry,776.3652096000001,774.8874371999999,-1.4777724000001626,win,-22.16658600000119,-110.83291972736333,-125.41924971430535,-4.150954000000638,6.021855000000414,1.0463659999986703,0.0,-25.08385299999975
holdout256,4,114,673b97ca91f0e2d33d188eae886fe8c13487609a796212b559b647ad08472d02,nccp,segment_entry,774.5663557333334,774.8874371999999,0.32108146666655557,loss,4.81622199999947,24.081128829275258,6.098213140009648,2.7535320000024512,0.9092860000012024,-0.06623700000091048,0.0,1.2196409999984326
holdout256,4,115,df86cc1d84ad0f292ec4e61708ec446aea02b0a563139f922f971b6a640de9a1,mec_center,nccp,890.49807475,888.2500293333333,-2.2480454166667414,win,-26.97654500000135,-134.8827343048033,-100.95389550009213,-5.500662000002194,-1.285103999999933,0.0,0.0,-20.190778999999907
holdout256,4,115,df86cc1d84ad0f292ec4e61708ec446aea02b0a563139f922f971b6a640de9a1,mec_center,segment_entry,890.49807475,888.4990269166666,-1.9990478333334067,win,-23.98857400000088,-119.94287095264008,-94.61241491189185,-3.1679390000026615,-1.8981509999989044,0.0,0.0,-18.922483999999145
holdout256,4,115,df86cc1d84ad0f292ec4e61708ec446aea02b0a563139f922f971b6a640de9a1,nccp,segment_entry,888.2500293333333,888.4990269166666,0.24899758333333466,loss,2.9879710000004707,14.93986335216323,6.341480588200284,2.3327229999995325,-0.6130469999989714,0.0,0.0,1.2682950000007622
holdout256,4,116,b4f30f38049f18db7f5a586ff6cf21dac8375359621197b78bf7d96fb80cfba3,mec_center,nccp,760.1206028,758.0698423333334,-2.0507604666665884,win,-30.761406999999963,-153.80703067457944,-117.33846891827898,-5.837803000002168,-1.4559120000001258,9.094947017729282e-13,0.0,-23.467691999997896
holdout256,4,116,b4f30f38049f18db7f5a586ff6cf21dac8375359621197b78bf7d96fb80cfba3,mec_center,segment_entry,760.1206028,758.1852898666667,-1.9353129333333072,win,-29.029694000000745,-145.14846237251913,-111.6008665978361,-5.558865000002697,-1.1506549999987783,0.0,0.0,-22.320173999999497
holdout256,4,116,b4f30f38049f18db7f5a586ff6cf21dac8375359621197b78bf7d96fb80cfba3,nccp,segment_entry,758.0698423333334,758.1852898666667,0.11544753333328117,loss,1.7317129999992176,8.658568302060303,5.737602320442875,0.2789379999994708,0.3052570000013475,-9.094947017729282e-13,0.0,1.1475179999983993
holdout256,4,117,a4ebff74eb3c21fcd08c60d239017748dc6b0082f00fee84e2aa8d70204a3b83,mec_center,nccp,867.2289044615385,865.7969986153846,-1.4319058461538816,win,-18.614776000000347,-93.07387833153189,-108.92027003056,3.9821539999993547,-0.8128760000004149,0.0,0.0,-21.784054000000538
holdout256,4,117,a4ebff74eb3c21fcd08c60d239017748dc6b0082f00fee84e2aa8d70204a3b83,mec_center,segment_entry,867.2289044615385,865.7921554615385,-1.4367489999999634,win,-18.67773699999998,-93.38868313653074,-101.56151153003975,2.946406000000934,-1.3118400000000747,9.094947017729282e-13,0.0,-20.31230300000186
holdout256,4,117,a4ebff74eb3c21fcd08c60d239017748dc6b0082f00fee84e2aa8d70204a3b83,nccp,segment_entry,865.7969986153846,865.7921554615385,-0.004843153846081805,win,-0.0629609999996319,-0.31480480499885743,7.358758500520253,-1.0357479999984207,-0.4989639999996598,9.094947017729282e-13,0.0,1.471750999998676
holdout256,4,118,1d0667a7bb3241fecedb1c987ff6c72fa4efd859378aac16fdfe3e9540b8821f,mec_center,nccp,1214.7982469,1216.7769328,1.9786858999998458,loss,19.786858999999822,123.93430455031921,102.51994267327632,0.6628129999990051,9.094947017729282e-13,-1.3799439999997958,0.0,20.50398999999902
holdout256,4,118,1d0667a7bb3241fecedb1c987ff6c72fa4efd859378aac16fdfe3e9540b8821f,mec_center,segment_entry,1214.7982469,1217.4976643,2.699417399999902,loss,26.994173999999475,159.9708693632274,102.99201565338922,-1.8544350000029226,1.8189894035458565e-12,8.25020399999903,0.0,20.59840500000041
holdout256,4,118,1d0667a7bb3241fecedb1c987ff6c72fa4efd859378aac16fdfe3e9540b8821f,nccp,segment_entry,1216.7769328,1217.4976643,0.7207315000000563,loss,7.207314999999653,36.03656481290818,0.4720729801128982,-2.5172480000019277,9.094947017729282e-13,9.630147999998826,0.0,0.09441500000139058
holdout256,4,119,6becd0d257920d554fe09dca81e30e204a21aa2d5ab338142a9043067e6d23ae,mec_center,nccp,1110.1924337,1107.4536885,-2.7387452000000394,win,-27.38745200000085,-136.93726686624723,-95.65250158192907,-6.316802000001189,-1.9401499999983116,0.0,0.0,-19.13050000000112
holdout256,4,119,6becd0d257920d554fe09dca81e30e204a21aa2d5ab338142a9043067e6d23ae,mec_center,segment_entry,1110.1924337,1107.4602346,-2.7321991000001162,win,-27.321991000000708,-136.60995695016754,-95.04210004059246,-6.364100999999209,-1.9494689999987713,0.0,0.0,-19.008421000002045
holdout256,4,119,6becd0d257920d554fe09dca81e30e204a21aa2d5ab338142a9043067e6d23ae,nccp,segment_entry,1107.4536885,1107.4602346,0.006546099999923172,loss,0.06546100000014121,0.3273099160796846,0.6104015413366142,-0.04729899999802001,-0.00931900000045971,0.0,0.0,0.12207899999907568
holdout256,4,120,4211c685e99ff39d13a8f0fdc4f4f7aa62e7a41c01cdeae65b7498a91bde99d7,mec_center,nccp,720.8240631875,716.865017375,-3.959045812499994,win,-63.344732999999906,-341.7236614757785,-106.17544952993876,-2.6357499999994616,-39.82286400000294,0.34897300000011455,0.0,-21.23509199999944
holdout256,4,120,4211c685e99ff39d13a8f0fdc4f4f7aa62e7a41c01cdeae65b7498a91bde99d7,mec_center,segment_entry,720.8240631875,717.0104936875,-3.8135694999999714,win,-61.01711199999954,-330.08555494197935,-97.7552032809117,-1.2036219999990863,-40.56294200000207,0.30049400000007154,0.0,-19.55104199999846
holdout256,4,120,4211c685e99ff39d13a8f0fdc4f4f7aa62e7a41c01cdeae65b7498a91bde99d7,nccp,segment_entry,716.865017375,717.0104936875,0.1454763125000227,loss,2.327621000000363,11.638106533799146,8.420246249027059,1.4321280000003753,-0.74007799999913,-0.048479000000043015,0.0,1.6840500000009797
holdout256,4,121,636a395b917c877d579605489a2eca06f662ec0fd0c1132580a49a227244db22,mec_center,nccp,1077.5042002,1076.7792673,-0.7249329000001126,win,-7.249329000000216,-36.24664443502843,-47.10038410874972,1.5584530000014638,0.6122940000002473,0.0,0.0,-9.420075999999767
holdout256,4,121,636a395b917c877d579605489a2eca06f662ec0fd0c1132580a49a227244db22,mec_center,segment_entry,1077.5042002,1076.8425627000001,-0.6616374999998698,win,-6.616374999999607,-33.081878761571716,-45.76948974737502,2.5058270000008633,0.031694999999899665,0.0,0.0,-9.153897000000256
holdout256,4,121,636a395b917c877d579605489a2eca06f662ec0fd0c1132580a49a227244db22,nccp,segment_entry,1076.7792673,1076.8425627000001,0.06329540000024281,loss,0.6329540000006091,3.1647656734567136,1.3308943613747033,0.9473739999993995,-0.5805990000003476,0.0,0.0,0.2661789999995108
holdout256,4,122,e7ad67d707f5ef92653fddeddb22c42b1cd0136f6a027d11c376af00ee5c312d,mec_center,nccp,934.0162746666666,931.2911079166666,-2.725166749999971,win,-32.702000999999655,-163.51000859605847,-131.1314925647266,-4.110574000002089,-2.365127999999004,0.0,0.0,-26.22629900000095
holdout256,4,122,e7ad67d707f5ef92653fddeddb22c42b1cd0136f6a027d11c376af00ee5c312d,mec_center,segment_entry,934.0162746666666,931.3571681666667,-2.6591064999998935,win,-31.909277999999176,-159.54639256934024,-129.11356295354267,-3.7266100000015285,-2.359954000000016,0.0,0.0,-25.822714000000417
holdout256,4,122,e7ad67d707f5ef92653fddeddb22c42b1cd0136f6a027d11c376af00ee5c312d,nccp,segment_entry,931.2911079166666,931.3571681666667,0.06606025000007776,loss,0.7927230000004784,3.9636160267182277,2.017929611183945,0.3839640000005602,0.005173999998987711,0.0,0.0,0.40358500000053255
holdout256,4,123,83cf164e6d6edb7e9e37c94e94541eb0850370f310c4da7007dd082eabd48ec9,mec_center,nccp,1089.7907474545455,1090.0502379090908,0.25949045454535735,loss,2.854394999998476,14.271965134670609,30.00266536515528,-4.744259000000966,0.13544600000000173,1.4626730000018142,0.0,6.000534999996489
holdout256,4,123,83cf164e6d6edb7e9e37c94e94541eb0850370f310c4da7007dd082eabd48ec9,mec_center,segment_entry,1089.7907474545455,1090.4942624545454,0.7035149999999248,loss,7.738664999998946,38.69331179453002,39.714803222772844,-1.8404890000037994,0.18989400000168644,1.446299000000181,0.0,7.9429610000003095
holdout256,4,123,83cf164e6d6edb7e9e37c94e94541eb0850370f310c4da7007dd082eabd48ec9,nccp,segment_entry,1090.0502379090908,1090.4942624545454,0.4440245454545675,loss,4.88427000000047,24.42134665985941,9.712137857617563,2.9037699999971665,0.054448000001684704,-0.01637400000163325,0.0,1.9424260000038203
holdout256,4,124,015b9fd02fa38aa30c214648713c1d2696efa51639943ca80558d4ad8b6cacd3,mec_center,nccp,684.5682733125,681.8342218125,-2.734051499999964,win,-43.744823999999426,-218.72410279387987,-156.50977253650717,-2.376262999998289,-10.066604999998845,0.0,0.0,-31.301956000001837
holdout256,4,124,015b9fd02fa38aa30c214648713c1d2696efa51639943ca80558d4ad8b6cacd3,mec_center,segment_entry,684.5682733125,682.122049125,-2.446224187499979,win,-39.139586999999665,-195.69791010714107,-143.54862254380714,-2.5127119999997376,-7.917148999999199,0.0,0.0,-28.70972600000175
holdout256,4,124,015b9fd02fa38aa30c214648713c1d2696efa51639943ca80558d4ad8b6cacd3,nccp,segment_entry,681.8342218125,682.122049125,0.28782731249998506,loss,4.605236999999761,23.026192686738796,12.96114999270003,-0.13644900000144844,2.1494559999996454,0.0,0.0,2.592230000000086
holdout256,4,125,63c4782e3510e3a5f10e02aa372a03132cce19db8086f648a4ef48503f2e2bd8,mec_center,nccp,865.8588582307692,863.5478265384615,-2.3110316923076653,win,-30.04341199999908,-150.21706126534264,-123.0955515021983,-2.0453859999979613,-3.3789150000018253,0.0,0.0,-24.619110999997474
holdout256,4,125,63c4782e3510e3a5f10e02aa372a03132cce19db8086f648a4ef48503f2e2bd8,mec_center,segment_entry,865.8588582307692,863.8598310769231,-1.9990271538461002,win,-25.98735299999862,-129.93676671906724,-114.48924391930632,-2.5015929999972286,-0.5879120000008697,0.0,0.0,-22.897848000000522
holdout256,4,125,63c4782e3510e3a5f10e02aa372a03132cce19db8086f648a4ef48503f2e2bd8,nccp,segment_entry,863.5478265384615,863.8598310769231,0.31200453846156506,loss,4.0560590000004595,20.2802945462754,8.606307582891986,-0.4562069999992673,2.7910030000009556,0.0,0.0,1.7212629999969522
holdout256,4,126,c39de5c8206e6123ab2b54e0a1ebacedc0dda4ed418acc4f6374f0c44ae4d78a,mec_center,nccp,745.2158928666666,732.1579325333333,-13.057960333333313,win,-195.86940499999946,-1019.3470263526542,-137.6348904976444,-194.18682900000022,25.84440100000006,0.0,0.0,-27.526976999999135
holdout256,4,126,c39de5c8206e6123ab2b54e0a1ebacedc0dda4ed418acc4f6374f0c44ae4d78a,mec_center,segment_entry,745.2158928666666,732.0919216,-13.123971266666672,win,-196.8595690000002,-1024.2978523848724,-134.5974229200947,-194.3540809999995,24.413994999999204,0.0,0.0,-26.919483000000128
holdout256,4,126,c39de5c8206e6123ab2b54e0a1ebacedc0dda4ed418acc4f6374f0c44ae4d78a,nccp,segment_entry,732.1579325333333,732.0919216,-0.06601093333335939,win,-0.9901640000007319,-4.950826032218174,3.0374675775497053,-0.1672519999992801,-1.4304060000008576,0.0,0.0,0.6074939999990079
holdout256,4,127,3d7c4a95f7a53308988e9f44acb734cc25f633e75c8a0d8d07e305aa934cb201,mec_center,nccp,1034.8412945454545,1033.3804641818183,-1.4608303636362052,win,-16.069133999999394,-80.34564228991076,-88.79232219154892,3.0911449999985052,-1.401811999998472,0.0,0.0,-17.758466999999882
holdout256,4,127,3d7c4a95f7a53308988e9f44acb734cc25f633e75c8a0d8d07e305aa934cb201,mec_center,segment_entry,1034.8412945454545,1033.5674684545454,-1.2738260909090968,win,-14.012087000000975,-70.0604250452161,-84.0178294223756,2.467782999996416,0.3236960000006093,0.0,0.0,-16.80356599999959
holdout256,4,127,3d7c4a95f7a53308988e9f44acb734cc25f633e75c8a0d8d07e305aa934cb201,nccp,segment_entry,1033.3804641818183,1033.5674684545454,0.1870042727271084,loss,2.05704699999842,10.28521724469465,4.774492769173321,-0.6233620000020892,1.7255079999990812,0.0,0.0,0.9549010000002909
holdout256,4,128,0584595b2277d5f06ad07c6a7a65cfa2a12fcccaa2b7b69e13df63f9fc8d7a3e,mec_center,nccp,931.3910703333332,929.3224895,-2.0685808333332716,win,-24.82296999999926,-124.1148492637949,-106.93793303202074,-2.0910800000001473,-1.344302999999968,0.0,0.0,-21.387586999998348
holdout256,4,128,0584595b2277d5f06ad07c6a7a65cfa2a12fcccaa2b7b69e13df63f9fc8d7a3e,mec_center,segment_entry,931.3910703333332,929.5948818333333,-1.796188499999971,win,-21.554261999999653,-107.77130971730367,-100.75383390132583,-0.7275949999984732,-0.6758990000010954,0.0,0.0,-20.150767999997356
holdout256,4,128,0584595b2277d5f06ad07c6a7a65cfa2a12fcccaa2b7b69e13df63f9fc8d7a3e,nccp,segment_entry,929.3224895,929.5948818333333,0.2723923333333005,loss,3.268707999999606,16.34353954649123,6.184099130694904,1.363485000001674,0.6684039999988727,0.0,0.0,1.2368190000009918
holdout256,4,129,636ff499a335a3df7d75a95ab23847d180d49eefddb823f9c32c67637a135209,mec_center,nccp,854.066912,851.5953784615384,-2.4715335384615855,win,-32.12993599999936,-160.64967247940513,-125.17943195590374,-10.870821000000433,3.776773999999932,0.0,0.0,-25.03588899999903
holdout256,4,129,636ff499a335a3df7d75a95ab23847d180d49eefddb823f9c32c67637a135209,mec_center,segment_entry,854.066912,851.6892227692308,-2.3776892307691924,win,-30.909959999999046,-154.54979951615678,-122.98083594779268,-10.132863000000725,3.8190720000000056,0.0,0.0,-24.596168999999406
holdout256,4,129,636ff499a335a3df7d75a95ab23847d180d49eefddb823f9c32c67637a135209,nccp,segment_entry,851.5953784615384,851.6892227692308,0.09384430769239316,loss,1.2199760000003153,6.099872963248345,2.1985960081110534,0.7379579999997077,0.042298000000073444,0.0,0.0,0.43971999999962463
holdout256,4,130,518f542e3cdcc8088285a7bd05126d565d1c3433fe6262fa0cc4e1d389e86280,mec_center,nccp,1261.4067713,1258.0533147,-3.353456599999845,win,-33.53456600000027,-167.6728330914557,-96.60094896578039,-3.952326999999059,-1.042679000001499,-9.21937099999991,0.0,-19.32018900000037
holdout256,4,130,518f542e3cdcc8088285a7bd05126d565d1c3433fe6262fa0cc4e1d389e86280,mec_center,segment_entry,1261.4067713,1258.166898,-3.2398732999999993,win,-32.39873299999999,-161.99366113822907,-94.82125278007322,-4.114531999999599,0.0919369999992341,-9.411887000000434,0.0,-18.96425100000033
holdout256,4,130,518f542e3cdcc8088285a7bd05126d565d1c3433fe6262fa0cc4e1d389e86280,nccp,segment_entry,1258.0533147,1258.166898,0.11358329999984562,loss,1.1358330000002752,5.679171953226614,1.7796961857071665,-0.16220500000054017,1.134616000000733,-0.1925160000005235,0.0,0.3559380000000374
holdout256,4,131,dd9757a4249a4bd6696b93582a67334cd638dc89c41fa569af145058bd80c917,mec_center,nccp,1141.9111624,1139.8616635,-2.0494988999998895,win,-20.494988999998895,-102.47495893052837,-68.61706664266785,-5.062342999999601,-1.709235000000831,-1.1368683772161603e-13,-1.1368683772161603e-13,-13.72341099999852
holdout256,4,131,dd9757a4249a4bd6696b93582a67334cd638dc89c41fa569af145058bd80c917,mec_center,segment_entry,1141.9111624,1139.9668096,-1.9443527999999333,win,-19.443527999999787,-97.21765226183925,-65.6272398459671,-4.768240999999762,-1.5498389999993378,0.0,-1.1368683772161603e-13,-13.125447999999665
holdout256,4,131,dd9757a4249a4bd6696b93582a67334cd638dc89c41fa569af145058bd80c917,nccp,segment_entry,1139.8616635,1139.9668096,0.10514609999995628,loss,1.051460999999108,5.257306668689125,2.989826796700754,0.2941019999998389,0.15939600000149312,1.1368683772161603e-13,0.0,0.597962999998856
holdout256,4,132,dec3415eea568852ad970a6fcd771dc919de2562d1a85a7583cf2c1582524672,mec_center,nccp,1211.3410755999998,1193.5263596,-17.814715999999862,win,-178.14715999999862,-935.7357869159678,-127.68394346173773,-72.36425800000143,-82.95496399999843,2.7088520000002063,0.0,-25.536789999999883
holdout256,4,132,dec3415eea568852ad970a6fcd771dc919de2562d1a85a7583cf2c1582524672,mec_center,segment_entry,1211.3410755999998,1193.5291422,-17.811933399999816,win,-178.11933399999907,-935.5966591867909,-127.36844163388196,-72.4089870000007,-82.98228299999982,2.7456269999997858,0.0,-25.473690999999405
holdout256,4,132,dec3415eea568852ad970a6fcd771dc919de2562d1a85a7583cf2c1582524672,nccp,segment_entry,1193.5263596,1193.5291422,0.0027826000000459317,loss,0.027825999999549822,0.1391277291768347,0.3155018278557691,-0.04472899999927904,-0.027319000001398308,0.03677499999957945,0.0,0.06309900000047719
holdout256,4,133,7e215d1ddf13bdd878dcb0ca30fd2b9c1c77b9cb29e54f210383b71d21699dc2,mec_center,nccp,982.7201285,980.83968375,-1.8804447500000379,win,-22.565337,-112.82669800027361,-111.33097033746708,-0.09219399999710731,-0.6675360000002684,0.46058499999980995,0.0,-22.26619200000141
holdout256,4,133,7e215d1ddf13bdd878dcb0ca30fd2b9c1c77b9cb29e54f210383b71d21699dc2,mec_center,segment_entry,982.7201285,980.8530768333334,-1.8670516666666117,win,-22.40461999999934,-112.02311309949437,-110.16484358955586,-0.09616199999618402,-0.6979150000015579,0.42242400000009184,0.0,-22.03296700000101
holdout256,4,133,7e215d1ddf13bdd878dcb0ca30fd2b9c1c77b9cb29e54f210383b71d21699dc2,nccp,segment_entry,980.83968375,980.8530768333334,0.013393083333426148,loss,0.16071700000065903,0.8035849007792422,1.1661267479112212,-0.00396799999907671,-0.03037900000128957,-0.038160999999718115,0.0,0.23322500000040236
holdout256,4,134,a2fa55cdad9b3c70c4f99976dc80f8f22e278b4e54594d80b709253ed7031a8a,mec_center,nccp,711.1859518,725.6811574000001,14.495205600000077,loss,217.42808400000104,-757.8595562103219,-402.6737267318722,272.0039390000038,-574.8049120000017,600.7638040000002,0.0,-80.53474700000004
holdout256,4,134,a2fa55cdad9b3c70c4f99976dc80f8f22e278b4e54594d80b709253ed7031a8a,mec_center,segment_entry,711.1859518,724.6087082666667,13.42275646666667,loss,201.3413469999996,-838.2932478516013,-398.9088277135056,271.69425000000047,-573.6771090000029,583.1059740000001,0.0,-79.78176799999767
holdout256,4,134,a2fa55cdad9b3c70c4f99976dc80f8f22e278b4e54594d80b709253ed7031a8a,nccp,segment_entry,725.6811574000001,724.6087082666667,-1.0724491333334072,win,-16.08673700000145,-80.43369164127944,3.7648990183665774,-0.3096890000033454,1.1278029999987211,-17.657830000000104,0.0,0.7529790000023695
holdout256,4,135,847a238406b7ffe93ba949e37b9a2afe8ddb5915fc13738054bf48cb086ddd1e,mec_center,nccp,1202.614567,1201.1093731,-1.5051938999999948,win,-15.051938999999038,-75.25969598804659,-77.1722911130064,-1.444336000000476,1.8268560000012712,0.0,0.0,-15.434458999999322
holdout256,4,135,847a238406b7ffe93ba949e37b9a2afe8ddb5915fc13738054bf48cb086ddd1e,mec_center,segment_entry,1202.614567,1201.3609087,-1.2536583000000974,win,-12.536582999999155,-62.68291677039815,-68.72167453195743,1.1634720000020025,0.044279999999389474,0.0,0.0,-13.744334999999126
holdout256,4,135,847a238406b7ffe93ba949e37b9a2afe8ddb5915fc13738054bf48cb086ddd1e,nccp,segment_entry,1201.1093731,1201.3609087,0.2515355999998974,loss,2.5153559999998834,12.576779217648436,8.450616581048962,2.6078080000024784,-1.7825760000018818,0.0,0.0,1.6901240000001962
holdout256,4,136,36f81e229108c6523a9c420c4012161980bb396b786c4418bc122caea253a72c,mec_center,nccp,881.9705826923077,880.525922923077,-1.444659769230725,win,-18.78057699999954,-93.90288597358449,-118.22341579854128,-1.2560319999993226,6.1201359999995475,0.0,0.0,-23.644680999999537
holdout256,4,136,36f81e229108c6523a9c420c4012161980bb396b786c4418bc122caea253a72c,mec_center,segment_entry,881.9705826923077,880.5459156923077,-1.4246669999999995,win,-18.52067100000022,-92.60337052440445,-118.3623493372254,-1.1473089999999502,6.29910499999778,0.0,0.0,-23.672466999997482
holdout256,4,136,36f81e229108c6523a9c420c4012161980bb396b786c4418bc122caea253a72c,nccp,segment_entry,880.525922923077,880.5459156923077,0.01999276923072557,loss,0.25990599999931874,1.299515449180035,-0.13893353868411396,0.1087229999993724,0.1789689999982329,0.0,0.0,-0.02778599999794551
holdout256,4,137,4e6212891dd5165b296207ce198d14f39a0448422722409e80cb5e55c7f591be,mec_center,nccp,1032.623039909091,1031.0760793636364,-1.5469605454545672,win,-17.01656600000024,-85.08284228113916,-104.24894476041891,-1.2272590000011405,5.060481000000436,0.0,0.0,-20.84978799999982
holdout256,4,137,4e6212891dd5165b296207ce198d14f39a0448422722409e80cb5e55c7f591be,mec_center,segment_entry,1032.623039909091,1031.035785181818,-1.5872547272729207,win,-17.45980200000122,-87.29903308075882,-101.27423712272798,-0.9422490000033577,3.737292000000707,0.0,0.0,-20.254845000000444
holdout256,4,137,4e6212891dd5165b296207ce198d14f39a0448422722409e80cb5e55c7f591be,nccp,segment_entry,1031.0760793636364,1031.035785181818,-0.040294181818353536,win,-0.4432360000009794,-2.2161907996196533,2.9747076376909263,0.28500999999778287,-1.3231889999997293,0.0,0.0,0.5949429999993754
holdout256,4,138,3079df50aab15f5046465de11fcb20f3b1ec9a0c0c3767da2bba521249c3150a,mec_center,nccp,742.13874425,739.792863,-2.345881249999934,win,-37.53409999999894,-187.67050006605132,-159.85391835062364,-3.4427149999937683,-0.28242900000009286,-1.8381729999998697,0.0,-31.970783000003166
holdout256,4,138,3079df50aab15f5046465de11fcb20f3b1ec9a0c0c3767da2bba521249c3150a,mec_center,segment_entry,742.13874425,739.9963416875,-2.1424025624999103,win,-34.278440999998566,-171.39219277432858,-153.5040507028839,-1.8873749999966094,0.1599190000008548,-1.8501739999994697,0.0,-30.70081100000243
holdout256,4,138,3079df50aab15f5046465de11fcb20f3b1ec9a0c0c3767da2bba521249c3150a,nccp,segment_entry,739.792863,739.9963416875,0.20347868750002363,loss,3.255659000000378,16.27830729172274,6.349867647739757,1.5553399999971589,0.44234800000094765,-0.012000999999600026,0.0,1.2699720000007346
holdout256,4,139,9115f878ab66ea25438f666f5f6aa5e424f02a857bb4e4428501ae9b2cf4be83,mec_center,nccp,731.8478558125,729.73150725,-2.1163485624999794,win,-33.86157699999967,-169.30787303161196,-132.28247274119985,-9.47351599999638,2.068435999998769,0.0,0.0,-26.456496999998762
holdout256,4,139,9115f878ab66ea25438f666f5f6aa5e424f02a857bb4e4428501ae9b2cf4be83,mec_center,segment_entry,731.8478558125,729.8210678125,-2.0267880000000105,win,-32.42860800000017,-162.1430478216207,-124.245930466358,-10.182805999997072,2.603384999996365,0.0,0.0,-24.84918699999662
holdout256,4,139,9115f878ab66ea25438f666f5f6aa5e424f02a857bb4e4428501ae9b2cf4be83,nccp,segment_entry,729.73150725,729.8210678125,0.08956056249996891,loss,1.4329689999995026,7.16482520999125,8.03654227484185,-0.7092900000006921,0.5349489999975958,0.0,0.0,1.607310000002144
holdout256,4,140,dae98c359a4493f36891141a8cc5c2225c0744fe7bd3aed522ed644035938a34,mec_center,nccp,926.9567636923076,924.6394243846154,-2.3173393076922366,win,-30.125410999999076,-150.62704796247272,-117.29144750691307,-6.187471999995978,-0.4796509999976024,-1.8189894035458565e-12,0.0,-23.458288000002767
holdout256,4,140,dae98c359a4493f36891141a8cc5c2225c0744fe7bd3aed522ed644035938a34,mec_center,segment_entry,926.9567636923076,924.8778030769231,-2.078960615384517,win,-27.026487999999517,-135.1324340277788,-112.6689406437713,-4.338649999999689,-0.154049999997369,-1.8189894035458565e-12,0.0,-22.533788000000186
holdout256,4,140,dae98c359a4493f36891141a8cc5c2225c0744fe7bd3aed522ed644035938a34,nccp,segment_entry,924.6394243846154,924.8778030769231,0.23837869230771958,loss,3.0989229999995587,15.494613934693916,4.62250686314178,1.8488219999962894,0.3256010000002334,0.0,0.0,0.9245000000025811
holdout256,4,141,768c1fb4c07ca82bd43144222ae157cd4f42f822680bbe72262557deb64b486d,mec_center,nccp,843.1246670769231,841.4028166923077,-1.7218503846153226,win,-22.384054999998625,-136.92027182888705,-168.97867039082757,-2.5705459999971936,13.982224999997243,0.0,0.0,-33.795733999998276
holdout256,4,141,768c1fb4c07ca82bd43144222ae157cd4f42f822680bbe72262557deb64b486d,mec_center,segment_entry,843.1246670769231,841.5534161538461,-1.5712509230769456,win,-20.426261999999042,-127.13131144351064,-165.41338634402518,-1.9284199999983684,14.584835999996585,0.0,0.0,-33.082677999997884
holdout256,4,141,768c1fb4c07ca82bd43144222ae157cd4f42f822680bbe72262557deb64b486d,nccp,segment_entry,841.4028166923077,841.5534161538461,0.150599461538377,loss,1.9577929999995831,9.788960385376413,3.5652840468023896,0.6421259999988251,0.6026109999993423,0.0,0.0,0.7130560000003925
holdout256,4,142,716a1a019de6c6a1b543475d05673ea0b80831dfc7c6f6a96952276797bcb0e4,mec_center,nccp,743.3108244285714,742.9951240714287,-0.31570035714275946,win,-4.419804999999542,-22.09903570014285,-106.90254993000963,15.476206000001184,1.5264580000000478,-0.04196100000012848,0.0,-21.38050799999985
holdout256,4,142,716a1a019de6c6a1b543475d05673ea0b80831dfc7c6f6a96952276797bcb0e4,mec_center,segment_entry,743.3108244285714,743.1259180714286,-0.184906357142836,win,-2.5886890000001586,-12.943455718064797,-98.9863605746541,16.072143999999753,1.2943269999994982,-0.15788999999995212,0.0,-19.797269999999685
holdout256,4,142,716a1a019de6c6a1b543475d05673ea0b80831dfc7c6f6a96952276797bcb0e4,nccp,segment_entry,742.9951240714287,743.1259180714286,0.13079399999992347,loss,1.8311159999993833,9.155579982078052,7.916189355355527,0.5959379999985686,-0.23213100000054965,-0.11592899999982365,0.0,1.583238000000165
holdout256,4,143,229167c34bb303a6370e82bacd91eda26151b29af26e8f9fc5c93b70f6dbd2b7,mec_center,nccp,956.924427,954.9433710833333,-1.981055916666719,win,-23.772671000000628,-118.86337089208973,-74.45620315214228,-3.681056000001263,-5.38319500000091,0.9341169999994463,-0.7512980000005882,-14.89123899999754
holdout256,4,143,229167c34bb303a6370e82bacd91eda26151b29af26e8f9fc5c93b70f6dbd2b7,mec_center,segment_entry,956.924427,954.9887066666666,-1.9357203333333928,win,-23.228644000000713,-116.14323495604185,-72.51749640668686,-3.2575770000003104,-5.258335999999986,0.5588229999992791,-0.7680570000002263,-14.503496999999925
holdout256,4,143,229167c34bb303a6370e82bacd91eda26151b29af26e8f9fc5c93b70f6dbd2b7,nccp,segment_entry,954.9433710833333,954.9887066666666,0.04533558333332621,loss,0.5440269999999146,2.720135936047882,1.9387067454554199,0.4234790000009525,0.12485900000092442,-0.3752940000001672,-0.016758999999638036,0.3877419999976155
holdout256,4,144,d39507533ea4650c4fe6d2d9abac93d50a9269f64c0cdab6a62fb9cc70961cb8,mec_center,nccp,1066.4527105454545,1065.1016422727273,-1.3510682727271615,win,-14.861750999998549,-74.30876991653349,-54.69251612382527,-2.6121970000003785,-1.3110519999993357,0.0,0.0,-10.938502000000767
holdout256,4,144,d39507533ea4650c4fe6d2d9abac93d50a9269f64c0cdab6a62fb9cc70961cb8,mec_center,segment_entry,1066.4527105454545,1065.186538909091,-1.2661716363634241,win,-13.927887999998347,-69.63944710011856,-52.01991683751271,-2.8685649999988527,-0.6553389999987758,0.0,0.0,-10.403984000002083
holdout256,4,144,d39507533ea4650c4fe6d2d9abac93d50a9269f64c0cdab6a62fb9cc70961cb8,nccp,segment_entry,1065.1016422727273,1065.186538909091,0.08489663636373734,loss,0.9338630000002013,4.669322816414933,2.672599286312561,-0.25636799999847426,0.65571300000056,0.0,0.0,0.534517999998684
holdout256,4,145,d85ef2260e78e35d9b5e56a0390dcd7835b37206be91a4e847121501d37f2a3c,mec_center,nccp,946.9228274166667,945.0163495,-1.9064779166666312,win,-22.87773500000003,-114.38870395490085,-95.08355998057732,-1.1856059999990975,-2.6754200000013952,-9.094947017729282e-13,0.0,-19.016708999999082
holdout256,4,145,d85ef2260e78e35d9b5e56a0390dcd7835b37206be91a4e847121501d37f2a3c,mec_center,segment_entry,946.9228274166667,945.0715820833334,-1.8512453333332815,win,-22.214943999999377,-111.07472940131993,-92.18495955259414,-1.0500630000005913,-2.72788899999955,-9.094947017729282e-13,0.0,-18.436991999999464
holdout256,4,145,d85ef2260e78e35d9b5e56a0390dcd7835b37206be91a4e847121501d37f2a3c,nccp,segment_entry,945.0163495,945.0715820833334,0.055232583333349794,loss,0.6627910000006523,3.3139745535809197,2.898600427983183,0.13554299999850628,-0.052468999998154686,0.0,0.0,0.5797169999996186
holdout256,4,146,7da51f756ab4264f6f86ddfeaa7ed5cb706e16b221befd762452bd3821e559f5,mec_center,nccp,1122.791972,1120.8106050000001,-1.9813669999998638,win,-19.813669999999547,-99.06833484837261,-90.72463410873752,-1.9270809999979974,0.2583390000000918,0.0,0.0,-18.14492800000096
holdout256,4,146,7da51f756ab4264f6f86ddfeaa7ed5cb706e16b221befd762452bd3821e559f5,mec_center,segment_entry,1122.791972,1121.0188056000002,-1.773166399999809,win,-17.731663999999,-88.65830577983434,-82.88854734938695,-1.1827379999995173,0.028784000000996457,0.0,0.0,-16.577710000000593
holdout256,4,146,7da51f756ab4264f6f86ddfeaa7ed5cb706e16b221befd762452bd3821e559f5,nccp,segment_entry,1120.8106050000001,1121.0188056000002,0.2082006000000547,loss,2.082006000000547,10.410029068538279,7.8360867593505645,0.7443429999984801,-0.22955499999909534,0.0,0.0,1.5672180000003664
holdout256,4,147,f9a5ffe104619fd2d6128c3231ebb78a0a39d6be0b268f922548e6c779c0cbda,mec_center,nccp,953.4706229166667,980.3922724166667,26.921649500000058,loss,323.0597940000007,3310.2989619759537,618.95420244142,-173.442242000001,383.05903500000113,-10.347839000000022,0.0,123.79084
holdout256,4,147,f9a5ffe104619fd2d6128c3231ebb78a0a39d6be0b268f922548e6c779c0cbda,mec_center,segment_entry,953.4706229166667,980.9557009166666,27.48507799999993,loss,329.8209360000001,3344.104676474868,629.1575359368867,-169.16371300000174,383.5009800000025,-10.347839000000022,0.0,125.83150800000044
holdout256,4,147,f9a5ffe104619fd2d6128c3231ebb78a0a39d6be0b268f922548e6c779c0cbda,nccp,segment_entry,980.3922724166667,980.9557009166666,0.5634284999998727,loss,6.761141999999381,33.80571449891431,10.203333495466723,4.278528999999253,0.4419450000013967,0.0,0.0,2.040668000000437
holdout256,4,148,b2a3b8677d0da0fe80b04ccbab4979a489db01603455deb78749e9ed08288c09,mec_center,nccp,835.4966021428571,841.2717876428571,5.7751855000000205,loss,80.85259700000097,404.262986860871,16.50726266927677,-10.143224999997983,-0.6070220000005975,88.3013919999994,0.0,3.3014520000006087
holdout256,4,148,b2a3b8677d0da0fe80b04ccbab4979a489db01603455deb78749e9ed08288c09,mec_center,segment_entry,835.4966021428571,841.3738246428571,5.877222500000016,loss,82.28111499999977,411.4055732702109,24.37562118080905,-11.065090000000055,0.03204899999514055,88.43903200000022,0.0,4.875124000004689
holdout256,4,148,b2a3b8677d0da0fe80b04ccbab4979a489db01603455deb78749e9ed08288c09,nccp,segment_entry,841.2717876428571,841.3738246428571,0.10203699999999571,loss,1.4285179999988031,7.142586409339856,7.8683585115322785,-0.9218650000020716,0.639070999995738,0.13764000000082888,0.0,1.5736720000040805
holdout256,4,149,2af337c1cb01e4a7e733dfc2dbdf9f18896b05d0c7b82a628ed8dad0d00a4c23,mec_center,nccp,744.8930971333334,735.5071894666667,-9.385907666666753,win,-140.7886150000013,-953.9430651328585,-198.15013525288168,-122.18037900000127,21.021791999999778,0.0,0.0,-39.63002800000049
holdout256,4,149,2af337c1cb01e4a7e733dfc2dbdf9f18896b05d0c7b82a628ed8dad0d00a4c23,mec_center,segment_entry,744.8930971333334,735.6171098666667,-9.275987266666675,win,-139.13980900000024,-945.6990456190542,-196.7265492831557,-120.77592899999945,20.981429000000162,0.0,0.0,-39.34530900000277
holdout256,4,149,2af337c1cb01e4a7e733dfc2dbdf9f18896b05d0c7b82a628ed8dad0d00a4c23,nccp,segment_entry,735.5071894666667,735.6171098666667,0.10992040000007819,loss,1.6488060000010591,8.244019513804233,1.4235859697259912,1.404450000001816,-0.04036299999961557,0.0,0.0,0.28471899999772177
holdout256,4,150,c64a64ed5ba3884a9aa67f7aad07030e9be054cbe78c672f8304f4a0805d1ba8,mec_center,nccp,892.7532809230769,890.9830096153845,-1.7702713076923828,win,-23.013527000000977,-115.067635311083,-105.40993983615408,-2.2865529999999126,0.35501399999975547,0.0,0.0,-21.081987999999683
holdout256,4,150,c64a64ed5ba3884a9aa67f7aad07030e9be054cbe78c672f8304f4a0805d1ba8,mec_center,segment_entry,892.7532809230769,890.9369509230769,-1.8163299999999936,win,-23.61229000000094,-118.06144903464883,-106.37075919559732,-2.5985380000020086,0.2603989999956866,0.0,0.0,-21.274150999994845
holdout256,4,150,c64a64ed5ba3884a9aa67f7aad07030e9be054cbe78c672f8304f4a0805d1ba8,nccp,segment_entry,890.9830096153845,890.9369509230769,-0.04605869230761073,win,-0.5987629999999626,-2.993813723565836,-0.960819359443235,-0.31198500000209606,-0.09461500000406886,0.0,0.0,-0.19216299999516195
holdout256,4,151,05578322ce4deec4a9eaf0531eb1b5cf0efe1b1276e41d16ffe1567bf40c8544,mec_center,nccp,886.9457925,883.8107841666666,-3.135008333333417,win,-37.62010000000009,-188.10050341454917,-144.46743938304348,-5.491565000000264,-3.235046999999895,0.0,0.0,-28.893488000000048
holdout256,4,151,05578322ce4deec4a9eaf0531eb1b5cf0efe1b1276e41d16ffe1567bf40c8544,mec_center,segment_entry,886.9457925,883.8782630000001,-3.067529499999978,win,-36.81035399999928,-184.0517792702667,-140.27230813612005,-4.805969999999434,-3.949922999999444,0.0,0.0,-28.054461000000288
holdout256,4,151,05578322ce4deec4a9eaf0531eb1b5cf0efe1b1276e41d16ffe1567bf40c8544,nccp,segment_entry,883.8107841666666,883.8782630000001,0.06747883333343907,loss,0.8097460000008141,4.04872414428246,4.195131246923438,0.6855950000008306,-0.7148759999995491,0.0,0.0,0.8390269999997599
holdout256,4,152,e6adcecec4401b280f042f7a098fda8e584ff6ac858b4b63c64226cf4d46b9f4,mec_center,nccp,782.6058561428572,780.2780178571429,-2.3278382857142788,win,-32.5897359999999,-162.9486866445077,-119.86594843588432,-5.0603529999989405,-3.5561960000004547,0.0,0.0,-23.973187000000223
holdout256,4,152,e6adcecec4401b280f042f7a098fda8e584ff6ac858b4b63c64226cf4d46b9f4,mec_center,segment_entry,782.6058561428572,780.2144678571428,-2.3913882857143562,win,-33.47943600000144,-167.39717282920174,-117.91497762068548,-5.194359000000986,-4.702082000000473,0.0,0.0,-23.582995000000153
holdout256,4,152,e6adcecec4401b280f042f7a098fda8e584ff6ac858b4b63c64226cf4d46b9f4,nccp,segment_entry,780.2780178571429,780.2144678571428,-0.06355000000007749,win,-0.8897000000015396,-4.4484861846940476,1.9509708151988434,-0.13400600000204577,-1.1458860000000186,0.0,0.0,0.39019200000007004
holdout256,4,153,79edd2b541519df2c4b83f4ebebc290cd59b537464e6f815116b4ae80b67fd8a,mec_center,nccp,682.9384353125,681.3930510625,-1.5453842499999837,win,-24.72614799999974,-123.63076841088332,-130.3171433190173,0.5944529999987935,0.742824000001292,0.0,0.0,-26.063424999999597
holdout256,4,153,79edd2b541519df2c4b83f4ebebc290cd59b537464e6f815116b4ae80b67fd8a,mec_center,segment_entry,682.9384353125,681.493503375,-1.4449319374999732,win,-23.11891099999957,-115.59458872482355,-126.45375301607373,0.9599789999983841,1.2118570000002364,0.0,0.0,-25.290746999997623
holdout256,4,153,79edd2b541519df2c4b83f4ebebc290cd59b537464e6f815116b4ae80b67fd8a,nccp,segment_entry,681.3930510625,681.493503375,0.10045231250001052,loss,1.6072370000001683,8.036179686059768,3.8633903029435714,0.36552599999959057,0.46903299999894443,0.0,0.0,0.7726780000019744
holdout256,4,154,0988cbd563e3fedbc135b76336247aa716bb31a209ac3806ddf6172a4c95dc44,mec_center,nccp,1151.3739325000001,1150.2407692000002,-1.1331632999999783,win,-11.331632999999783,-56.658167328299896,-83.69877810615367,6.2065569999977015,-0.7984349999987899,0.0,0.0,-16.739755000000514
holdout256,4,154,0988cbd563e3fedbc135b76336247aa716bb31a209ac3806ddf6172a4c95dc44,mec_center,segment_entry,1151.3739325000001,1150.3440274,-1.0299051000001782,win,-10.299050999999963,-51.49526453777071,-80.23289973212718,5.816419999999198,-0.06889200000023266,0.0,0.0,-16.046578999999497
holdout256,4,154,0988cbd563e3fedbc135b76336247aa716bb31a209ac3806ddf6172a4c95dc44,nccp,segment_entry,1150.2407692000002,1150.3440274,0.10325819999980013,loss,1.0325819999998203,5.162902790529188,3.465878374026488,-0.3901369999985036,0.7295429999985572,0.0,0.0,0.6931760000010172
holdout256,4,155,a4d89b435cfd37a1d34c9d6a84edc4ff7ea9a69b975fe77493d35b0c4d4bd95d,mec_center,nccp,731.78184575,729.799444375,-1.982401374999995,win,-31.71842199999992,-158.59211780851183,-146.8468574063586,-2.822435999998561,0.4733850000000075,0.0,0.0,-29.36937100000216
holdout256,4,155,a4d89b435cfd37a1d34c9d6a84edc4ff7ea9a69b975fe77493d35b0c4d4bd95d,mec_center,segment_entry,731.78184575,729.8841889375,-1.8976568125000313,win,-30.3625090000005,-151.81255252101982,-145.20193092201316,-2.6441219999978784,1.3219979999985298,0.0,0.0,-29.040384999999787
holdout256,4,155,a4d89b435cfd37a1d34c9d6a84edc4ff7ea9a69b975fe77493d35b0c4d4bd95d,nccp,segment_entry,729.799444375,729.8841889375,0.08474456249996365,loss,1.3559129999994184,6.779565287492005,1.644926484345433,0.17831400000068243,0.8486129999985224,0.0,0.0,0.32898600000237366
holdout256,4,156,5ae718e9b91023e8d785ef7a85517fb8d24a5226d6915516c332ac043735756c,mec_center,nccp,1204.3043008,1202.0060702,-2.298230599999897,win,-22.98230599999988,-114.91153302441671,-78.39850075405957,-8.118953999997757,0.8163470000008601,0.0,0.0,-15.679699000002529
holdout256,4,156,5ae718e9b91023e8d785ef7a85517fb8d24a5226d6915516c332ac043735756c,mec_center,segment_entry,1204.3043008,1202.3446609,-1.9596398999999565,win,-19.59639900000002,-97.98201169665845,-73.59354579366618,-5.211375000000771,0.33368400000017573,0.0,0.0,-14.718707999999651
holdout256,4,156,5ae718e9b91023e8d785ef7a85517fb8d24a5226d6915516c332ac043735756c,nccp,segment_entry,1202.0060702,1202.3446609,0.3385906999999406,loss,3.385906999999861,16.929521327758266,4.804954960393388,2.9075789999969857,-0.4826630000006844,0.0,0.0,0.9609910000028776
holdout256,4,157,ae9c93973c35275d57fe0f6c453cb066a4cddb15be3a2f0f513ce1ce1efbcae9,mec_center,nccp,836.0660655,834.7266171875,-1.3394483125000534,win,-21.431173000000854,-107.15587906608562,-117.08418144472716,1.17830199999662,-1.5770379999994475,2.3843990000000304,-9.094947017729282e-13,-23.416835999997147
holdout256,4,157,ae9c93973c35275d57fe0f6c453cb066a4cddb15be3a2f0f513ce1ce1efbcae9,mec_center,segment_entry,836.0660655,834.8124185625,-1.2536469374999797,win,-20.058350999999675,-100.29174329258967,-112.2387802216108,0.8578599999964354,-1.0372260000003735,2.5687729999999647,-9.094947017729282e-13,-22.447757999997066
holdout256,4,157,ae9c93973c35275d57fe0f6c453cb066a4cddb15be3a2f0f513ce1ce1efbcae9,nccp,segment_entry,834.7266171875,834.8124185625,0.08580137500007368,loss,1.3728220000011788,6.864135773495946,4.845401223116369,-0.32044200000018463,0.539811999999074,0.1843739999999343,0.0,0.9690780000000814
holdout256,4,158,f3381feca8d5d018f9541eeb6bed9725506224312e75c3453a2d0d0f2dce31ef,mec_center,nccp,689.347573875,687.62035675,-1.7272171249999246,win,-27.635473999998794,-138.17733518583555,-125.00628889901418,-4.22990099999879,1.5956889999972645,0.0,0.0,-25.001261999998064
holdout256,4,158,f3381feca8d5d018f9541eeb6bed9725506224312e75c3453a2d0d0f2dce31ef,mec_center,segment_entry,689.347573875,687.8901339375,-1.4574399374999985,win,-23.319038999999975,-116.59520140246605,-119.67823144519798,-1.1048289999998815,1.721435999997766,0.0,0.0,-23.935645999998428
holdout256,4,158,f3381feca8d5d018f9541eeb6bed9725506224312e75c3453a2d0d0f2dce31ef,nccp,segment_entry,687.62035675,687.8901339375,0.2697771874999262,loss,4.316434999998819,21.5821337833695,5.3280574538162,3.1250719999989087,0.12574700000050143,0.0,0.0,1.0656159999996362
holdout256,4,159,bda47656a8cf260727dde6590c002808eb52a3e7c76965bda6d96a344c92df73,mec_center,nccp,893.7907963076923,892.2646036923077,-1.5261926153846161,win,-19.840503999999783,-99.20251185727102,-95.04874841197625,-2.6625090000015916,0.19720299999903546,1.6345520000004399,0.0,-19.009749999997666
holdout256,4,159,bda47656a8cf260727dde6590c002808eb52a3e7c76965bda6d96a344c92df73,mec_center,segment_entry,893.7907963076923,892.482044923077,-1.3087513846153342,win,-17.01376799999889,-85.06885068996053,-90.79224692263506,-1.525884999999107,1.0360130000003664,1.6345519999995304,0.0,-18.158447999999794
holdout256,4,159,bda47656a8cf260727dde6590c002808eb52a3e7c76965bda6d96a344c92df73,nccp,segment_entry,892.2646036923077,892.482044923077,0.2174412307692819,loss,2.826736000000892,14.133661167310493,4.25650148934119,1.1366240000024845,0.838810000001331,-9.094947017729282e-13,0.0,0.8513019999978724
holdout256,4,160,46f5a907864f7c99d3b2ef6fb550f3f9cf1cd90b400f633efb71a911230e009a,mec_center,nccp,1082.4880082727273,1080.810588909091,-1.677419363636318,win,-18.45161300000109,-92.25805293793383,-76.76561455680576,-2.9405320000005304,0.9019519999997101,-1.0599080000019967,0.0,-15.353124999997817
holdout256,4,160,46f5a907864f7c99d3b2ef6fb550f3f9cf1cd90b400f633efb71a911230e009a,mec_center,segment_entry,1082.4880082727273,1080.8414501818181,-1.6465580909091386,win,-18.112139000000752,-90.56069916433626,-76.54653848905798,-2.951505000000907,0.9298539999991817,-0.7811810000011974,0.0,-15.309306999997716
holdout256,4,160,46f5a907864f7c99d3b2ef6fb550f3f9cf1cd90b400f633efb71a911230e009a,nccp,segment_entry,1080.810588909091,1080.8414501818181,0.030861272727179312,loss,0.3394740000003367,1.6973537735975697,0.21907606774777832,-0.010973000000376487,0.027901999999471627,0.2787270000007993,0.0,0.043818000000101165
holdout256,4,161,96f3951af25a4dbdfd715da90dff6e327537de851385f68045a7ee8fd72b270f,mec_center,nccp,663.962466125,661.6857683125,-2.276697812499947,win,-36.42716499999915,-182.13582659783424,-142.67010748820485,-6.939661000000342,-0.9534810000013749,0.0,0.0,-28.534022999996864
holdout256,4,161,96f3951af25a4dbdfd715da90dff6e327537de851385f68045a7ee8fd72b270f,mec_center,segment_entry,663.962466125,661.683286625,-2.279179499999941,win,-36.46687199999906,-182.33434971694805,-139.90511790203527,-6.225163000002794,-2.2606839999991735,0.0,0.0,-27.981024999997317
holdout256,4,161,96f3951af25a4dbdfd715da90dff6e327537de851385f68045a7ee8fd72b270f,nccp,segment_entry,661.6857683125,661.683286625,-0.002481687499994223,win,-0.039706999999907566,-0.19852311911381548,2.764989586169577,0.7144979999975476,-1.3072029999977985,0.0,0.0,0.5529979999995476
holdout256,4,162,dbd57f76a9b7f5356ab84461adf80b44d9e3089337027dd7f17c3aa7e4e406dc,mec_center,nccp,898.4290433076924,896.8657012307692,-1.5633420769231634,win,-20.32344700000067,-101.61721429838508,-104.06832946895338,2.6453400000009424,-2.155118000001039,0.0,0.0,-20.813669000000687
holdout256,4,162,dbd57f76a9b7f5356ab84461adf80b44d9e3089337027dd7f17c3aa7e4e406dc,mec_center,segment_entry,898.4290433076924,896.9324536153847,-1.4965896923076798,win,-19.455665999999837,-97.2783278622519,-102.53438092781607,2.6230589999995573,-1.571846999999707,0.0,0.0,-20.50687800000003
holdout256,4,162,dbd57f76a9b7f5356ab84461adf80b44d9e3089337027dd7f17c3aa7e4e406dc,nccp,segment_entry,896.8657012307692,896.9324536153847,0.0667523846154836,loss,0.8677810000008321,4.33888643613318,1.5339485411373062,-0.02228100000138511,0.5832710000013321,0.0,0.0,0.30679100000065773
holdout256,4,163,0f484714e74876eb2826833c74ad67311537dd39fb148c1c30974207c276c77c,mec_center,nccp,1149.9450394,1147.6812476,-2.2637918000000354,win,-22.637918000000354,-113.1895938320813,-93.33266145345101,2.0552719999996043,0.501873999999134,-6.52853499999992,0.0,-18.666528999999286
holdout256,4,163,0f484714e74876eb2826833c74ad67311537dd39fb148c1c30974207c276c77c,mec_center,segment_entry,1149.9450394,1147.6516512,-2.2933881999999812,win,-22.933881999999358,-114.6694082597387,-90.43069839053351,1.63108099999954,0.3811280000006718,-6.859954000000016,0.0,-18.086136999999894
holdout256,4,163,0f484714e74876eb2826833c74ad67311537dd39fb148c1c30974207c276c77c,nccp,segment_entry,1147.6812476,1147.6516512,-0.02959639999994579,win,-0.29596399999900314,-1.4798144276574021,2.9019630629175026,-0.4241910000000644,-0.12074599999846214,-0.3314190000000963,0.0,0.5803919999993923
holdout256,4,164,bb0cfcb7c3025ad5ea10616ad86713baa04a254a0c6cd03a56ebdd73fcb42279,mec_center,nccp,837.0035201538461,835.6804927692308,-1.3230273846153295,win,-17.19935599999917,-85.99676710866333,-89.50116952851658,-3.1864929999974265,3.8873700000003737,0.0,0.0,-17.900232999999844
holdout256,4,164,bb0cfcb7c3025ad5ea10616ad86713baa04a254a0c6cd03a56ebdd73fcb42279,mec_center,segment_entry,837.0035201538461,835.7144892307692,-1.2890309230768935,win,-16.757401999999274,-83.7869876807381,-86.43498534076343,-3.545037999996566,4.074632999998585,0.0,0.0,-17.286996999999587
holdout256,4,164,bb0cfcb7c3025ad5ea10616ad86713baa04a254a0c6cd03a56ebdd73fcb42279,nccp,segment_entry,835.6804927692308,835.7144892307692,0.03399646153843605,loss,0.44195399999989604,2.209779427925241,3.0661841877531515,-0.3585449999991397,0.18726299999821094,0.0,0.0,0.6132360000002564
holdout256,4,165,8e478b75e90513017d319bb60bfbb790e1d5a46f5edeeef61d3c456db9eb0686,mec_center,nccp,1115.2734501,1112.8782845,-2.3951655999999275,win,-23.951656000001094,-119.75827969165402,-93.73125212076025,-4.886260000002949,-0.3191449999985707,0.0,0.0,-18.746250999999006
holdout256,4,165,8e478b75e90513017d319bb60bfbb790e1d5a46f5edeeef61d3c456db9eb0686,mec_center,segment_entry,1115.2734501,1112.8855523,-2.387897800000019,win,-23.878978000000643,-119.39488757632353,-93.38275282891277,-5.110360000002402,-0.092066999999588,0.0,0.0,-18.676550999999222
holdout256,4,165,8e478b75e90513017d319bb60bfbb790e1d5a46f5edeeef61d3c456db9eb0686,nccp,segment_entry,1112.8782845,1112.8855523,0.007267799999908675,loss,0.07267800000045099,0.3633921153304982,0.3484992918474745,-0.22409999999945285,0.2270779999989827,0.0,0.0,0.06969999999978427
holdout256,4,166,c70c12d5fdd308171d762607809793a612722ed9c35b9d0b858a51bc9cfc6c5d,mec_center,nccp,918.4185500833333,917.15526275,-1.2632873333333237,win,-15.159448000000339,-75.79724716959026,-86.8136492159424,-0.4733510000005481,2.676631999999472,0.0,0.0,-17.362728999999604
holdout256,4,166,c70c12d5fdd308171d762607809793a612722ed9c35b9d0b858a51bc9cfc6c5d,mec_center,segment_entry,918.4185500833333,917.13676125,-1.281788833333394,win,-15.381466000000728,-76.90734753800643,-81.35033420550326,-0.8334560000002966,1.7220559999984744,0.0,0.0,-16.270065999999588
holdout256,4,166,c70c12d5fdd308171d762607809793a612722ed9c35b9d0b858a51bc9cfc6c5d,nccp,segment_entry,917.15526275,917.13676125,-0.018501500000070337,win,-0.2220180000003893,-1.1101003684161697,5.463315010439146,-0.36010499999974854,-0.9545760000009977,0.0,0.0,1.092663000000016
holdout256,4,167,084fd8a700d1e1bfd389894e1f71a6f52c9c8c9efd54112d663010d0784572c8,mec_center,nccp,987.1175276666667,985.7959192500001,-1.3216084166665496,win,-15.859300999998595,-79.29649400389462,-88.4004558125298,-3.9237099999991187,4.916603999998642,0.8278949999998986,0.0,-17.680089999998415
holdout256,4,167,084fd8a700d1e1bfd389894e1f71a6f52c9c8c9efd54112d663010d0784572c8,mec_center,segment_entry,987.1175276666667,985.8465581666666,-1.270969500000092,win,-15.251634000000195,-76.25815814604721,-84.86199753643928,-3.536620999997467,4.451093999997283,0.8062920000002123,0.0,-16.97239899999994
holdout256,4,167,084fd8a700d1e1bfd389894e1f71a6f52c9c8c9efd54112d663010d0784572c8,nccp,segment_entry,985.7959192500001,985.8465581666666,0.05063891666645759,loss,0.6076669999984006,3.0383358578474144,3.538458276090523,0.3870890000016516,-0.465510000001359,-0.02160299999968629,0.0,0.7076909999984764
holdout256,4,168,0d92cc6605616aad73b0222fefb33f67f5195875ba98d4af3b14157227d3d994,mec_center,nccp,1086.9572755454546,1084.3780364545455,-2.579239090909141,win,-28.37162999999964,-141.8581498395506,-108.22936722938971,-6.4675050000005285,-0.2582519999989472,0.0,0.0,-21.645873000000506
holdout256,4,168,0d92cc6605616aad73b0222fefb33f67f5195875ba98d4af3b14157227d3d994,mec_center,segment_entry,1086.9572755454546,1084.4712575454544,-2.4860180000002856,win,-27.346198000001095,-136.73099822099903,-105.64773484517787,-6.51191000000108,0.2952580000001035,0.0,0.0,-21.129545999999777
holdout256,4,168,0d92cc6605616aad73b0222fefb33f67f5195875ba98d4af3b14157227d3d994,nccp,segment_entry,1084.3780364545455,1084.4712575454544,0.09322109090885533,loss,1.0254319999985455,5.127151618551579,2.5816323842118436,-0.04440500000055181,0.5535099999990507,0.0,0.0,0.5163270000007287
holdout256,4,169,52b049240aed27a465807d3915ec10e5524677896b680ca59e3891eaa8b082c0,mec_center,nccp,1180.4712063000002,1179.0357882,-1.4354181000001063,win,-14.354181000000608,-71.77088765939698,-96.66024325464355,3.860140999999203,1.117729000000054,9.094947017729282e-13,0.0,-19.332051000000888
holdout256,4,169,52b049240aed27a465807d3915ec10e5524677896b680ca59e3891eaa8b082c0,mec_center,segment_entry,1180.4712063000002,1179.0989185,-1.3722878000000946,win,-13.722878000000492,-68.61438578618981,-95.68616985073345,3.739975999998933,1.6743799999990188,0.0,0.0,-19.137233999998443
holdout256,4,169,52b049240aed27a465807d3915ec10e5524677896b680ca59e3891eaa8b082c0,nccp,segment_entry,1179.0357882,1179.0989185,0.06313030000001163,loss,0.6313030000001163,3.156501873207162,0.9740734039100971,-0.12016500000027008,0.5566509999989648,-9.094947017729282e-13,0.0,0.19481700000244473
holdout256,4,170,6211a1ab8ae4ab5ecb1c04ceb8c3079fe7d2e236dab239c5bcfc76783167928e,mec_center,nccp,834.8883057692308,832.8359603846154,-2.0523453846153643,win,-26.680489999998827,-133.40245275163034,-122.67365604981364,-3.0379480000010517,0.892188000000715,0.0,0.0,-24.534729999999627
holdout256,4,170,6211a1ab8ae4ab5ecb1c04ceb8c3079fe7d2e236dab239c5bcfc76783167928e,mec_center,segment_entry,834.8883057692308,832.7178753846154,-2.170430384615429,win,-28.215594999999666,-141.07798054268642,-118.55881721439005,-3.6493010000012873,-0.8545310000006339,0.0,0.0,-23.711762999997973
holdout256,4,170,6211a1ab8ae4ab5ecb1c04ceb8c3079fe7d2e236dab239c5bcfc76783167928e,nccp,segment_entry,832.8359603846154,832.7178753846154,-0.11808500000006461,win,-1.53510500000084,-7.6755277910560835,4.114838835423598,-0.6113530000002356,-1.7467190000013488,0.0,0.0,0.822967000001654
holdout256,4,171,ebf2309e76dc228c399e10758d11ffb6cd226522ec0456ba69515f6a837a9c12,mec_center,nccp,714.1544044666666,712.0111421333334,-2.1432623333332685,win,-32.148934999999256,-160.74466491369822,-130.2095472788369,-4.816374999998516,-1.290647999999237,0.0,0.0,-26.041911999999343
holdout256,4,171,ebf2309e76dc228c399e10758d11ffb6cd226522ec0456ba69515f6a837a9c12,mec_center,segment_entry,714.1544044666666,712.0770987333333,-2.0773057333333327,win,-31.159585999999763,-155.79790814596345,-127.10811318260221,-4.172806999999011,-1.5651539999983015,0.0,0.0,-25.421625000000518
holdout256,4,171,ebf2309e76dc228c399e10758d11ffb6cd226522ec0456ba69515f6a837a9c12,nccp,segment_entry,712.0111421333334,712.0770987333333,0.06595659999993586,loss,0.9893489999994927,4.946756767734769,3.101434096234698,0.6435679999995045,-0.27450599999906444,0.0,0.0,0.6202869999988252
holdout256,4,172,0385e67ad1fdf130ae596f235b02d45c4a21e022f06685758dc4555be007ae3f,mec_center,nccp,1128.5065526,1127.0448557,-1.4616969000001063,win,-14.616969000000609,-73.08484352107916,-99.62025332422877,7.303816999998162,-1.9967359999991459,0.0,0.0,-19.924050000001102
holdout256,4,172,0385e67ad1fdf130ae596f235b02d45c4a21e022f06685758dc4555be007ae3f,mec_center,segment_entry,1128.5065526,1127.0732373,-1.4333153000000038,win,-14.333152999999584,-71.66575771481439,-99.29094704653033,7.495532000000821,-1.9704940000003717,0.0,0.0,-19.85819100000026
holdout256,4,172,0385e67ad1fdf130ae596f235b02d45c4a21e022f06685758dc4555be007ae3f,nccp,segment_entry,1127.0448557,1127.0732373,0.02838160000010248,loss,0.2838160000010248,1.4190858062647749,0.3293062776984357,0.1917150000026595,0.02624199999877419,0.0,0.0,0.06585900000084166
holdout256,4,173,ed62ce9d5ab77aab21e4e98c3fedf8be1b4d3bea7d3b79c5fecc0155b15ae6aa,mec_center,nccp,848.4746229285714,845.8746330714285,-2.599989857142873,win,-36.39985800000068,-181.9992904348037,-116.85874881672726,-11.444247000001269,-1.583862000003819,0.0,0.0,-23.371748999996157
holdout256,4,173,ed62ce9d5ab77aab21e4e98c3fedf8be1b4d3bea7d3b79c5fecc0155b15ae6aa,mec_center,segment_entry,848.4746229285714,846.1438662142857,-2.3307567142857124,win,-32.6305940000002,-163.15297453228413,-108.72827612644278,-10.634150999998383,-0.25078900000085014,0.0,0.0,-21.745654000002332
holdout256,4,173,ed62ce9d5ab77aab21e4e98c3fedf8be1b4d3bea7d3b79c5fecc0155b15ae6aa,nccp,segment_entry,845.8746330714285,846.1438662142857,0.2692331428571606,loss,3.769264000000476,18.846315902519564,8.130472690284478,0.8100960000028863,1.333073000002969,0.0,0.0,1.6260949999938248
holdout256,4,174,35f0903b4a73fe87b109fc8c7a5f69aa2035cf5bbd58643e8fad0323f95e290e,mec_center,nccp,971.1411064166667,969.3816679166666,-1.7594385000001012,win,-21.11326200000076,-105.5663227723926,-118.069208079688,0.6229510000011942,1.8776279999996177,0.0,0.0,-23.61384099999941
holdout256,4,174,35f0903b4a73fe87b109fc8c7a5f69aa2035cf5bbd58643e8fad0323f95e290e,mec_center,segment_entry,971.1411064166667,969.36012725,-1.7809791666667252,win,-21.371750000000247,-106.85874923091615,-115.77782995598955,2.0794430000005377,-0.2956249999984948,0.0,0.0,-23.155568000000017
holdout256,4,174,35f0903b4a73fe87b109fc8c7a5f69aa2035cf5bbd58643e8fad0323f95e290e,nccp,segment_entry,969.3816679166666,969.36012725,-0.02154066666662402,win,-0.25848799999948824,-1.2924264585235505,2.2913781236984505,1.4564919999993435,-2.1732529999981125,0.0,0.0,0.4582729999993944
holdout256,4,175,8d824e58981c50c03f31d5c87b5c94e97ff707ed66dc39eb1358a88afb4e95da,mec_center,nccp,945.7736370833333,942.2720310833333,-3.5016059999999243,win,-42.019271999999546,-185.0963795281059,-94.21452440704934,-3.096403999998074,-20.079964999997856,0.0,0.0,-18.842903000004185
holdout256,4,175,8d824e58981c50c03f31d5c87b5c94e97ff707ed66dc39eb1358a88afb4e95da,mec_center,segment_entry,945.7736370833333,942.4693109166666,-3.3043261666666695,win,-39.65191400000003,-173.25957645750168,-88.42510907260566,-2.7055339999988064,-19.261358999998947,0.0,0.0,-17.685021000003644
holdout256,4,175,8d824e58981c50c03f31d5c87b5c94e97ff707ed66dc39eb1358a88afb4e95da,nccp,segment_entry,942.2720310833333,942.4693109166666,0.19727983333325483,loss,2.3673579999995127,11.836803070604219,5.7894153344436745,0.39086999999926775,0.8186059999989084,0.0,0.0,1.1578820000005408
holdout256,4,176,46288d0d836e014f3ca56c251b8b79b90124b0c9df0be3f0acfc6976a7fcee8b,mec_center,nccp,900.6270405384615,898.7695303846153,-1.8575101538461922,win,-24.147632000000158,-120.73815525761893,-110.67548205650746,-4.094818999999916,3.5543900000002395,-1.4721070000005056,0.0,-22.135095999999407
holdout256,4,176,46288d0d836e014f3ca56c251b8b79b90124b0c9df0be3f0acfc6976a7fcee8b,mec_center,segment_entry,900.6270405384615,898.7430850769231,-1.8839554615384486,win,-24.491421000000628,-122.45709898947098,-107.19853311137717,-4.1823590000021795,2.366736000000401,-1.2360920000005535,0.0,-21.43970599999875
holdout256,4,176,46288d0d836e014f3ca56c251b8b79b90124b0c9df0be3f0acfc6976a7fcee8b,nccp,segment_entry,898.7695303846153,898.7430850769231,-0.026445307692256392,win,-0.34378900000046997,-1.7189437318520504,3.476948945130289,-0.0875400000022637,-1.1876539999998386,0.23601499999995212,0.0,0.695390000000657
holdout256,4,177,e7acdf6d8ecea8195870455de8fa324ed32a5eee4d8b407ad7a543887c606c3a,mec_center,nccp,709.0353464666666,707.7959907333334,-1.239355733333241,win,-18.590335999999297,-92.95168151364487,-105.7300768391483,6.527329000000464,-3.971651000000975,0.0,0.0,-21.146014000000946
holdout256,4,177,e7acdf6d8ecea8195870455de8fa324ed32a5eee4d8b407ad7a543887c606c3a,mec_center,segment_entry,709.0353464666666,707.8010185999999,-1.2343278666667175,win,-18.514918000000762,-92.57458909863635,-106.28668642324192,6.445178999998461,-3.7027619999983017,0.0,0.0,-21.25733500000092
holdout256,4,177,e7acdf6d8ecea8195870455de8fa324ed32a5eee4d8b407ad7a543887c606c3a,nccp,segment_entry,707.7959907333334,707.8010185999999,0.0050278666665235505,loss,0.07541799999853538,0.3770924150085193,-0.5566095840936214,-0.08215000000200234,0.26888900000267313,0.0,0.0,-0.11132099999997536
holdout256,4,178,dac35684cccafc55b4726dc908d21b94746a82fe926bfcf356106004b74c209e,mec_center,nccp,676.905019875,675.48025825,-1.4247616249999737,win,-22.79618599999958,-113.98091934137483,-120.06660361303057,0.5913930000024266,-1.082382999999595,1.7081250000001091,0.0,-24.013321000001156
holdout256,4,178,dac35684cccafc55b4726dc908d21b94746a82fe926bfcf356106004b74c209e,mec_center,segment_entry,676.905019875,675.562463625,-1.3425562500000296,win,-21.480900000000474,-107.40450135284482,-115.74246129569838,1.4111730000004172,-1.099275000000489,1.3556949999997414,0.0,-23.148492999999235
holdout256,4,178,dac35684cccafc55b4726dc908d21b94746a82fe926bfcf356106004b74c209e,nccp,segment_entry,675.48025825,675.562463625,0.08220537499994407,loss,1.3152859999991051,6.576417988530011,4.324142317332189,0.8197799999979907,-0.01689200000089386,-0.3524300000003677,0.0,0.8648280000019213
holdout256,4,179,3f08aa913e7062d6d2c74753b7c2fe9681af5705e32ae02e55c4b559567cf503,mec_center,nccp,1016.5977227272728,1015.1705914545455,-1.4271312727272516,win,-15.698443999999654,-78.49223571897892,-101.13458297605462,1.0152209999996558,3.5132520000004206,0.0,0.0,-20.22691700000115
holdout256,4,179,3f08aa913e7062d6d2c74753b7c2fe9681af5705e32ae02e55c4b559567cf503,mec_center,segment_entry,1016.5977227272728,1015.1220721818182,-1.4756505454545277,win,-16.232156000000032,-81.16079567978159,-99.72953335521788,0.8537759999999253,2.859974999999622,2.2737367544323206e-13,0.0,-19.945907000000716
holdout256,4,179,3f08aa913e7062d6d2c74753b7c2fe9681af5705e32ae02e55c4b559567cf503,nccp,segment_entry,1015.1705914545455,1015.1220721818182,-0.048519272727276075,win,-0.5337120000003779,-2.6685599608026678,1.405049620836735,-0.1614449999997305,-0.6532770000007986,2.2737367544323206e-13,0.0,0.2810100000004354
holdout256,4,180,203279898df000f38801216a3cce5cc35b02ea73ed162f2736300da0c6d09a61,mec_center,nccp,1160.4023329,1158.690493,-1.711839899999859,win,-17.118398999999044,-85.5919846479519,-92.69364050198419,2.465936000000511,-1.0456060000005891,0.0,0.0,-18.538728999999535
holdout256,4,180,203279898df000f38801216a3cce5cc35b02ea73ed162f2736300da0c6d09a61,mec_center,segment_entry,1160.4023329,1158.7598145,-1.6425183999999717,win,-16.425183999999717,-82.12592120717454,-88.650046358287,2.2715379999990546,-0.966714000001275,2.2737367544323206e-13,0.0,-17.730007999998975
holdout256,4,180,203279898df000f38801216a3cce5cc35b02ea73ed162f2736300da0c6d09a61,nccp,segment_entry,1158.690493,1158.7598145,0.06932149999988724,loss,0.6932149999993271,3.4660634407773614,4.043594143697192,-0.19439800000145624,0.07889199999931407,2.2737367544323206e-13,0.0,0.8087210000005598
holdout256,4,181,54300d9ae345fb7b9db60e26b9648a75f50c835535b504db6b60c855aedd5a65,mec_center,nccp,949.1604341666666,946.8061588333334,-2.3542753333332485,win,-28.251303999999436,-141.25652636190352,-122.35779063364294,-1.9429299999974319,-2.385426999999936,0.5486110000001645,0.0,-24.471558000002005
holdout256,4,181,54300d9ae345fb7b9db60e26b9648a75f50c835535b504db6b60c855aedd5a65,mec_center,segment_entry,949.1604341666666,961.8720172500001,12.711583083333494,loss,152.53899700000147,787.6949809118742,413.3873422227241,-2.7647259999957896,-0.8558979999997973,73.48215100000016,0.0,82.67746999999827
holdout256,4,181,54300d9ae345fb7b9db60e26b9648a75f50c835535b504db6b60c855aedd5a65,nccp,segment_entry,946.8061588333334,961.8720172500001,15.065858416666742,loss,180.7903010000009,928.9515072737777,535.745132856367,-0.8217959999983577,1.5295290000001387,72.93354,0.0,107.14902800000027
holdout256,4,182,f5ce1ea713e939e9c19e9c22ec48fca339551d955412a3aec70692806e4eafbd,mec_center,nccp,789.1950320714286,788.3181286428571,-0.8769034285714952,win,-12.276648000000932,-61.383233215390646,-128.10286388273812,-3.084900000001653,16.428824000000304,0.0,0.0,-25.620572000000436
holdout256,4,182,f5ce1ea713e939e9c19e9c22ec48fca339551d955412a3aec70692806e4eafbd,mec_center,segment_entry,789.1950320714286,788.3577877857143,-0.8372442857142914,win,-11.721419999999853,-58.60708996823814,-128.19974906142147,-2.6549100000011094,16.57343999999921,0.0,0.0,-25.63994999999818
holdout256,4,182,f5ce1ea713e939e9c19e9c22ec48fca339551d955412a3aec70692806e4eafbd,nccp,segment_entry,788.3181286428571,788.3577877857143,0.03965914285720373,loss,0.5552280000010796,2.776143247152504,-0.09688517868335111,0.42999000000054366,0.14461599999890495,0.0,0.0,-0.0193779999977437
holdout256,4,183,ec7e8ba62a19d6bf8629aa3a615fe3fd8f92243c0a8abe7bb6e5c048fe028dd5,mec_center,nccp,850.2210058461538,848.2290186923076,-1.991987153846253,win,-25.895833000000493,-129.47915677694982,156.79668437526016,-6.8876020000006974,-50.36756699999955,0.0,0.0,31.359335999999416
holdout256,4,183,ec7e8ba62a19d6bf8629aa3a615fe3fd8f92243c0a8abe7bb6e5c048fe028dd5,mec_center,segment_entry,850.2210058461538,848.2476118461539,-1.9733939999999848,win,-25.654121999999916,-128.270609318708,162.11509432413231,-8.113970000000336,-49.96317000000022,0.0,0.0,32.42301799999984
holdout256,4,183,ec7e8ba62a19d6bf8629aa3a615fe3fd8f92243c0a8abe7bb6e5c048fe028dd5,nccp,segment_entry,848.2290186923076,848.2476118461539,0.01859315384626825,loss,0.24171100000057777,1.20854745824181,5.318409948872159,-1.2263679999996384,0.4043969999993351,0.0,0.0,1.0636820000004263
holdout256,4,184,2a8424d4a5c4076b9a9617d079eb67006a15715a1fc8c818a13091bfe0f8336d,mec_center,nccp,837.2170626153846,834.8967795384615,-2.320283076923147,win,-30.163680000001477,-150.8183932802931,-118.36305060905488,-1.662826000003406,-4.828243000001066,0.0,0.0,-23.672610999998938
holdout256,4,184,2a8424d4a5c4076b9a9617d079eb67006a15715a1fc8c818a13091bfe0f8336d,mec_center,segment_entry,837.2170626153846,834.884973923077,-2.332088692307593,win,-30.317152999999962,-151.58577540401893,-119.88759940781279,-1.92790800000148,-4.411725999997998,0.0,0.0,-23.97751900000037
holdout256,4,184,2a8424d4a5c4076b9a9617d079eb67006a15715a1fc8c818a13091bfe0f8336d,nccp,segment_entry,834.8967795384615,834.884973923077,-0.011805615384446355,win,-0.15347299999848474,-0.767382123725838,-1.5245487987579054,-0.265081999998074,0.41651700000306846,0.0,0.0,-0.3049080000014328
holdout256,4,185,b376bb0afff5848d38f39c606f9bfbb6a82ae670a56b622e72f4ab21546c98f2,mec_center,nccp,1075.2592172727273,1073.173585818182,-2.0856314545453642,win,-22.941945999999007,-114.70972776757117,-78.88799906579106,-5.117374999996173,-2.2856200000007902,0.2386480000004667,0.0,-15.777599000001487
holdout256,4,185,b376bb0afff5848d38f39c606f9bfbb6a82ae670a56b622e72f4ab21546c98f2,mec_center,segment_entry,1075.2592172727273,1073.305982090909,-1.9532351818181724,win,-21.485586999999214,-107.42793694858119,-74.88672318873068,-5.656654999997045,-0.9151420000002872,0.06355400000029476,0.0,-14.977344000002631
holdout256,4,185,b376bb0afff5848d38f39c606f9bfbb6a82ae670a56b622e72f4ab21546c98f2,nccp,segment_entry,1073.173585818182,1073.305982090909,0.1323962727271919,loss,1.456358999999793,7.281790818989975,4.00127587706038,-0.539280000000872,1.370478000000503,-0.17509400000017195,0.0,0.800254999998856
holdout256,4,186,502f509aec4124ca0e9dc161426e31cb7bfea33958234243ecd9b4043d20a23f,mec_center,nccp,789.7967862857142,787.8841568571428,-1.9126294285714494,win,-26.776812000000064,-133.8840581541226,-123.43988808841186,-2.498974999998609,0.41014099999915743,0.0,0.0,-24.687978000000157
holdout256,4,186,502f509aec4124ca0e9dc161426e31cb7bfea33958234243ecd9b4043d20a23f,mec_center,segment_entry,789.7967862857142,788.0345712142856,-1.7622150714286136,win,-24.671011000000362,-123.35505866146559,-118.95834977240474,-1.55241500000011,0.6730739999986781,0.0,0.0,-23.79166999999984
holdout256,4,186,502f509aec4124ca0e9dc161426e31cb7bfea33958234243ecd9b4043d20a23f,nccp,segment_entry,787.8841568571428,788.0345712142856,0.1504143571428358,loss,2.105800999999701,10.528999492657022,4.481538316007118,0.9465599999984988,0.2629329999995207,0.0,0.0,0.8963080000003174
holdout256,4,187,282902a2657ff029caaf25fc6caac4b5fa91d675b2243e7a8fd88728c94139bc,mec_center,nccp,784.3362454666666,783.1999898666667,-1.136255599999913,win,-17.04383400000006,-85.21916607556341,-99.8331258805656,4.438963999997213,-1.506939999996348,-0.009233999999651132,0.0,-19.96662400000298
holdout256,4,187,282902a2657ff029caaf25fc6caac4b5fa91d675b2243e7a8fd88728c94139bc,mec_center,segment_entry,784.3362454666666,783.3061612666667,-1.0300841999999193,win,-15.451262999999017,-77.25631724444975,-94.4925227531794,4.346021999997902,-0.8839669999990747,-0.01481499999965763,0.0,-18.8985030000008
holdout256,4,187,282902a2657ff029caaf25fc6caac4b5fa91d675b2243e7a8fd88728c94139bc,nccp,segment_entry,783.1999898666667,783.3061612666667,0.10617139999999381,loss,1.592571000001044,7.962848831113661,5.340603127386203,-0.09294199999931152,0.6229729999972733,-0.005581000000006497,0.0,1.0681210000021792
holdout256,4,188,40f484ce591255490b383c2880df61426061eff29ef09d4377262a9e351c4631,mec_center,nccp,1219.1416629999999,1218.3213004,-0.8203625999999531,win,-8.20362600000044,-41.01813586965727,-67.4119538967609,0.7882579999986774,1.1916809999972884,3.29882500000258,0.0,-13.48239000000001
holdout256,4,188,40f484ce591255490b383c2880df61426061eff29ef09d4377262a9e351c4631,mec_center,segment_entry,1219.1416629999999,1218.2651468,-0.8765161999999691,win,-8.765161999999691,-43.82580155236792,-63.9917294506713,0.7682129999993776,0.1372599999990598,3.1277100000006612,0.0,-12.798345000000381
holdout256,4,188,40f484ce591255490b383c2880df61426061eff29ef09d4377262a9e351c4631,nccp,segment_entry,1218.3213004,1218.2651468,-0.05615360000001601,win,-0.5615359999992506,-2.807665682710649,3.4202244460896054,-0.020044999999299762,-1.0544209999982286,-0.17111500000191882,0.0,0.6840449999996281
holdout256,4,189,f72c05bd3d734de85968e100517214ac95958a41f9b1e1212b4a95ef95563c21,mec_center,nccp,945.6028041666667,942.9756143333334,-2.6271898333333183,win,-31.526277999999365,-132.63139897942165,-221.88085443939622,-9.492975999997725,22.342867000000297,0.0,0.0,-44.37616900000228
holdout256,4,189,f72c05bd3d734de85968e100517214ac95958a41f9b1e1212b4a95ef95563c21,mec_center,segment_entry,945.6028041666667,943.2340751666667,-2.3687290000000303,win,-28.424747999999454,-142.12375046966918,-123.63037816036945,-6.930379999997967,3.231707000000597,0.0,0.0,-24.726075000002822
holdout256,4,189,f72c05bd3d734de85968e100517214ac95958a41f9b1e1212b4a95ef95563c21,nccp,segment_entry,942.9756143333334,943.2340751666667,0.25846083333328806,loss,3.1015299999999115,-9.492351490247529,98.25047627902677,2.5625959999997576,-19.1111599999997,0.0,0.0,19.650093999999456
holdout256,4,190,6114696a5516385f9dbaf055856f4f790c1749a4af7595b03502fd278b55c030,mec_center,nccp,721.2150280000001,719.8281437333334,-1.3868842666666978,win,-20.803264000000127,-104.01630257524812,-92.30623356087017,-2.475775999999314,1.5002779999997529,-1.3665179999998145,0.0,-18.461248000000865
holdout256,4,190,6114696a5516385f9dbaf055856f4f790c1749a4af7595b03502fd278b55c030,mec_center,segment_entry,721.2150280000001,719.9521389333333,-1.2628890666667303,win,-18.943336000000272,-94.7166685258635,-92.17922337896107,0.0882660000006581,0.6462969999984125,-1.242052999999487,0.0,-18.435846000000993
holdout256,4,190,6114696a5516385f9dbaf055856f4f790c1749a4af7595b03502fd278b55c030,nccp,segment_entry,719.8281437333334,719.9521389333333,0.12399519999996755,loss,1.8599279999998544,9.299634049384622,0.12701018190909963,2.564041999999972,-0.8539810000013404,0.12446500000032756,0.0,0.025401999999871805
holdout256,4,191,fb9a4f6d442652687484c57971eee7bb25d939bdc15cf5ba3674831bf304519c,mec_center,nccp,761.5113895,759.892699375,-1.6186901249999437,win,-25.8990419999991,-129.49519661389058,-141.81878164446016,1.8353129999995872,0.62940299999741,0.0,0.0,-28.363757999995187
holdout256,4,191,fb9a4f6d442652687484c57971eee7bb25d939bdc15cf5ba3674831bf304519c,mec_center,segment_entry,761.5113895,759.8070233125,-1.7043661874999998,win,-27.269858999999997,-136.3492881320708,-141.38607569652595,0.7361629999995785,0.27119600000014543,-1.8189894035458565e-12,0.0,-28.27721799999813
holdout256,4,191,fb9a4f6d442652687484c57971eee7bb25d939bdc15cf5ba3674831bf304519c,nccp,segment_entry,759.892699375,759.8070233125,-0.0856760625000561,win,-1.3708170000008977,-6.854091518180212,0.4327059479342097,-1.0991500000000087,-0.3582069999972646,-1.8189894035458565e-12,0.0,0.08653999999705775
holdout256,4,192,7b8c50a5950bd17f9f684d58cdf0a9480c19c4a3a07a9f0458bb1fba9aeb8d36,mec_center,nccp,1124.2390106,1122.7236973,-1.5153133000001162,win,-15.153133000001617,-75.76564912940376,-84.51414341202963,0.7137479999983043,1.035947000000533,0.0,0.0,-16.902828
holdout256,4,192,7b8c50a5950bd17f9f684d58cdf0a9480c19c4a3a07a9f0458bb1fba9aeb8d36,mec_center,segment_entry,1124.2390106,1122.8506979,-1.3883127000001423,win,-13.883127000000968,-69.41563166464039,-76.96378392930228,0.07536900000013702,1.43425899999977,0.0,0.0,-15.392754999999738
holdout256,4,192,7b8c50a5950bd17f9f684d58cdf0a9480c19c4a3a07a9f0458bb1fba9aeb8d36,nccp,segment_entry,1122.7236973,1122.8506979,0.12700059999997393,loss,1.2700060000006488,6.3500174647633685,7.550359482727345,-0.6383789999981673,0.39831199999923683,0.0,0.0,1.5100730000002613
holdout256,4,193,399e5763950e599ae7a0c2c5a269e1103b9fea009c8980e56b75dfe668034343,mec_center,nccp,1062.9868312727272,1061.4680217272728,-1.51880954545436,win,-16.706904999999097,-83.53452679885231,-90.2253535698153,-3.427505999998175,6.665606999999454,-1.8999359999997978,0.0,-18.045070000000123
holdout256,4,193,399e5763950e599ae7a0c2c5a269e1103b9fea009c8980e56b75dfe668034343,mec_center,segment_entry,1062.9868312727272,1061.293956,-1.6928752727271785,win,-18.621627999998964,-93.1081402412965,-93.75221669173902,-3.4823209999976825,5.511072999998078,-1.8999359999997978,0.0,-18.750444000000357
holdout256,4,193,399e5763950e599ae7a0c2c5a269e1103b9fea009c8980e56b75dfe668034343,nccp,segment_entry,1061.4680217272728,1061.293956,-0.17406572727281855,win,-1.9147229999998672,-9.573613442444184,-3.526863121923725,-0.05481499999950756,-1.1545340000013766,0.0,0.0,-0.7053740000002335
holdout256,4,194,3bca1c4ebefe4747c82a4affcbb8b9e9780d95f088944a2ab32b9bcd66280e97,mec_center,nccp,890.6128392857144,885.7939020714285,-4.818937214285825,win,-67.46512100000109,-352.3255876341791,72.25845234894132,-4.026586000001771,1.3938859999980195,-86.40615999999932,7.122049000000061,14.45169000000135
holdout256,4,194,3bca1c4ebefe4747c82a4affcbb8b9e9780d95f088944a2ab32b9bcd66280e97,mec_center,segment_entry,890.6128392857144,889.3613739285714,-1.2514653571429335,win,-17.52051500000016,-102.6025735307121,-113.94483223724342,-2.0077320000000327,1.4736370000000534,-1.3630719999985104,7.165616999999656,-22.78896500000201
holdout256,4,194,3bca1c4ebefe4747c82a4affcbb8b9e9780d95f088944a2ab32b9bcd66280e97,nccp,segment_entry,885.7939020714285,889.3613739285714,3.567471857142891,loss,49.94460600000093,249.723014103467,-186.20328458618474,2.0188540000017383,0.07975100000203383,85.04308800000081,0.043567999999595486,-37.24065500000336
holdout256,4,195,3216a36df36834c087a24e1a1beff9fbd7f7c22ce4274d432bae7324689accc6,mec_center,nccp,1074.9769213,1073.1675101,-1.8094111999998859,win,-18.09411199999886,-90.47056218603393,-69.47903311738855,-6.316350000000966,2.118046000000504,0.0,0.0,-13.895807999999136
holdout256,4,195,3216a36df36834c087a24e1a1beff9fbd7f7c22ce4274d432bae7324689accc6,mec_center,segment_entry,1074.9769213,1073.3732126,-1.6037086999999701,win,-16.03708699999879,-80.18544754266622,-67.67895366230618,-4.4309249999969325,1.929627999999866,0.0,0.0,-13.535790000000645
holdout256,4,195,3216a36df36834c087a24e1a1beff9fbd7f7c22ce4274d432bae7324689accc6,nccp,segment_entry,1073.1675101,1073.3732126,0.20570249999991574,loss,2.057025000000067,10.285114643367706,1.8000794550823684,1.8854250000040338,-0.18841800000063813,0.0,0.0,0.36001799999849027
holdout256,4,196,79e44b282ed690b7ed13ffc3c7bcb8042a7902e4bd2d14be71dc56794dafd5f6,mec_center,nccp,867.0060885714286,865.1181030714285,-1.8879855000000134,win,-26.431797000001097,-107.15898335421662,441.15522164688673,-2.9559429999953863,-111.70689600000128,0.0,0.0,88.23104199999773
holdout256,4,196,79e44b282ed690b7ed13ffc3c7bcb8042a7902e4bd2d14be71dc56794dafd5f6,mec_center,segment_entry,867.0060885714286,865.2845872142858,-1.7215013571427562,win,-24.101018999999724,-95.50508226650709,451.00552411859417,-2.502556999996159,-111.79956399999924,0.0,0.0,90.20110199999613
holdout256,4,196,79e44b282ed690b7ed13ffc3c7bcb8042a7902e4bd2d14be71dc56794dafd5f6,nccp,segment_entry,865.1181030714285,865.2845872142858,0.1664841428572572,loss,2.3307780000013736,11.653901087709528,9.850302471707437,0.45338599999922735,-0.09266799999795694,0.0,0.0,1.9700599999983979
holdout256,4,197,28fba7855bd7b22de5a45235f7772ecdb40506e790b7821f608f71e96b210195,mec_center,nccp,808.9686522666667,802.8121332,-6.15651906666676,win,-92.34778600000027,-436.73893045000295,-220.39499797203098,-5.7687390000046435,-59.82557999999699,17.32553300000177,2.2737367544323206e-13,-44.07900000000109
holdout256,4,197,28fba7855bd7b22de5a45235f7772ecdb40506e790b7821f608f71e96b210195,mec_center,segment_entry,808.9686522666667,802.8878276666667,-6.080824600000028,win,-91.21236900000076,-431.0618441727638,143.50761547300954,-2.5973060000033,-59.5079629999974,-57.80862199999956,0.0,28.701521999999613
holdout256,4,197,28fba7855bd7b22de5a45235f7772ecdb40506e790b7821f608f71e96b210195,nccp,segment_entry,802.8121332,802.8878276666667,0.0756944666667323,loss,1.1354169999995065,5.677086277239141,363.9026134450405,3.1714330000013433,0.31761699999958637,-75.13415500000133,-2.2737367544323206e-13,72.7805220000007
holdout256,4,198,d3b9bfacc4ab2f4c844db429c6a95ea6c361c9d83162f642609b29e38c7d8c2a,mec_center,nccp,1139.2035074545454,1137.8657716363637,-1.3377358181817272,win,-14.715093999999226,-73.57548046095326,-73.40060516447647,-1.4391469999991386,0.49347599999737213,1.0794179999993503,-0.168721000000005,-14.680119999997487
holdout256,4,198,d3b9bfacc4ab2f4c844db429c6a95ea6c361c9d83162f642609b29e38c7d8c2a,mec_center,segment_entry,1139.2035074545454,1137.8459802727273,-1.3575271818181136,win,-14.93279900000016,-74.6639878310234,-70.39436051572648,-1.787941000000501,0.21082399999659174,0.8919129999999313,-0.168721000000005,-14.07887399999538
holdout256,4,198,d3b9bfacc4ab2f4c844db429c6a95ea6c361c9d83162f642609b29e38c7d8c2a,nccp,segment_entry,1137.8657716363637,1137.8459802727273,-0.01979136363638645,win,-0.21770500000093307,-1.0885073700701469,3.0062446487499983,-0.3487940000013623,-0.2826520000007804,-0.18750499999941894,0.0,0.6012460000021065
holdout256,4,199,de1fb035e8b95251df560a08660479779538a3b9d324e43d0429f31b28088d91,mec_center,nccp,764.0743605333333,762.5635968666667,-1.5107636666666622,win,-22.661454999999478,-113.30724161094986,-131.2722213135737,0.5450270000019373,2.261721999997917,0.786244999999326,0.0,-26.254448999999795
holdout256,4,199,de1fb035e8b95251df560a08660479779538a3b9d324e43d0429f31b28088d91,mec_center,segment_entry,764.0743605333333,762.6497509333333,-1.4246096000000534,win,-21.369144000000233,-106.84568373330694,-128.70154264733742,0.5625709999985702,3.1191939999991973,0.6894029999994018,0.0,-25.740311999999335
holdout256,4,199,de1fb035e8b95251df560a08660479779538a3b9d324e43d0429f31b28088d91,nccp,segment_entry,762.5635968666667,762.6497509333333,0.08615406666660874,loss,1.2923109999992448,6.4615578776429174,2.57067866623629,0.01754399999663292,0.8574720000012803,-0.09684199999992416,0.0,0.5141370000004599
holdout256,4,200,f5c2ed6084f60e65f29eca714b87b773c963a460ce2e039a80481c1ffa94840e,mec_center,nccp,872.1697133846154,870.5059348461539,-1.6637785384615427,win,-21.62912099999994,-108.14560445671668,-92.92500703826136,-5.870089000000007,2.825968999999077,0.0,0.0,-18.58500099999958
holdout256,4,200,f5c2ed6084f60e65f29eca714b87b773c963a460ce2e039a80481c1ffa94840e,mec_center,segment_entry,872.1697133846154,870.486944,-1.6827693846154261,win,-21.87600200000088,-109.38000272237696,-91.58830552608174,-5.932435000002442,2.3740949999994427,0.0,0.0,-18.317661999998847
holdout256,4,200,f5c2ed6084f60e65f29eca714b87b773c963a460ce2e039a80481c1ffa94840e,nccp,segment_entry,870.5059348461539,870.486944,-0.018990846153883467,win,-0.24688100000093982,-1.2343982656602748,1.3367015121796157,-0.062346000002435176,-0.4518739999996342,0.0,0.0,0.26733900000073163
holdout256,4,201,df0d76b93935e52c01562b2cc28970c42b317ec92e6991e467d725df7318e513,mec_center,nccp,1109.8317615,1108.7954538,-1.0363077000001795,win,-10.363076999999976,-51.815396653153584,-56.95710802350504,-0.5039119999983086,1.5322559999997338,0.0,0.0,-11.391421000002424
holdout256,4,201,df0d76b93935e52c01562b2cc28970c42b317ec92e6991e467d725df7318e513,mec_center,segment_entry,1109.8317615,1109.2013166000002,-0.6304448999999295,win,-6.304448999999295,-31.5222415006574,-49.961906289242506,0.8433620000032533,2.844570999999519,0.0,0.0,-9.992382000001783
holdout256,4,201,df0d76b93935e52c01562b2cc28970c42b317ec92e6991e467d725df7318e513,nccp,segment_entry,1108.7954538,1109.2013166000002,0.40586280000025,loss,4.058628000000681,20.293155152496183,6.995201734262537,1.347274000001562,1.312314999999785,0.0,0.0,1.3990390000006414
holdout256,4,202,9fbb5b6f49bba36505b849f1cd83295b7bc2353d2cc835add6987fb3045d08ac,mec_center,nccp,1191.5318398,1189.4178303,-2.1140094999998382,win,-21.140094999998837,-105.70047350112873,-87.39413048679603,-3.7322669999994105,0.07099900000059733,0.0,0.0,-17.478826999998887
holdout256,4,202,9fbb5b6f49bba36505b849f1cd83295b7bc2353d2cc835add6987fb3045d08ac,mec_center,segment_entry,1191.5318398,1189.4659347000002,-2.0659050999997817,win,-20.659050999998726,-103.2952443307222,-82.54513314643373,-3.2452530000009574,-0.9047689999986233,0.0,0.0,-16.50902899999994
holdout256,4,202,9fbb5b6f49bba36505b849f1cd83295b7bc2353d2cc835add6987fb3045d08ac,nccp,segment_entry,1189.4178303,1189.4659347000002,0.04810440000005656,loss,0.4810440000001108,2.4052291704065283,4.848997340362303,0.4870139999984531,-0.9757679999992206,0.0,0.0,0.9697979999989457
holdout256,4,203,dcc0633ae0d65d0146caedb240729dd608cd4db3e64accfcb8e2a5798e471ded,mec_center,nccp,744.4249909333333,743.0491845333333,-1.3758063999999877,win,-20.637095999998564,-103.18551691090397,-101.5160207543413,0.6084899999987101,-0.9423840000017663,0.0,0.0,-20.303201999996418
holdout256,4,203,dcc0633ae0d65d0146caedb240729dd608cd4db3e64accfcb8e2a5798e471ded,mec_center,segment_entry,744.4249909333333,743.0814736666667,-1.3435172666665949,win,-20.152758999998696,-100.76380241764855,-96.86412449665795,1.0747389999996813,-1.8546740000001591,0.0,0.0,-19.372823999998673
holdout256,4,203,dcc0633ae0d65d0146caedb240729dd608cd4db3e64accfcb8e2a5798e471ded,nccp,segment_entry,743.0491845333333,743.0814736666667,0.03228913333339278,loss,0.48433699999986857,2.421714493255422,4.651896257683347,0.46624900000097114,-0.9122899999983929,0.0,0.0,0.9303779999977451
holdout256,4,204,3c3a42a6a5a5653922892653b463b85a94cdf8d8a3672e1f68be8f50430e89f7,mec_center,nccp,911.6903753076923,910.3918717692306,-1.2985035384616594,win,-16.880546000000322,-84.40273354720557,-128.69789941408408,11.349695000000793,-2.490662000001066,0.0,0.0,-25.739579000000163
holdout256,4,204,3c3a42a6a5a5653922892653b463b85a94cdf8d8a3672e1f68be8f50430e89f7,mec_center,segment_entry,911.6903753076923,910.6640796923076,-1.0262956153846972,win,-13.341843000000154,-66.70921398507926,-119.02637255670061,10.637879999996585,-0.17444799999816496,0.0,0.0,-23.80527500000096
holdout256,4,204,3c3a42a6a5a5653922892653b463b85a94cdf8d8a3672e1f68be8f50430e89f7,nccp,segment_entry,910.3918717692306,910.6640796923076,0.2722079230769623,loss,3.5387030000001687,17.693519562126312,9.67152685738347,-0.7118150000042078,2.3162140000029012,0.0,0.0,1.9343039999992016
holdout256,4,205,c3993e925c59e8dd2fc07a0579c392aea3643e1e64290eaf405358752fee3d35,mec_center,nccp,1174.6269022000001,1178.9932202,4.366317999999865,loss,43.66317999999956,218.3158977899002,30.421289476190168,-6.213113999998313,-10.209642999999232,54.00167899999997,0.0,6.084257999999295
holdout256,4,205,c3993e925c59e8dd2fc07a0579c392aea3643e1e64290eaf405358752fee3d35,mec_center,segment_entry,1174.6269022000001,1179.2453779,4.618475699999863,loss,46.18475699999908,230.92377632080752,34.32143093113177,-4.328441000001476,-10.35251900000003,54.001428999999916,0.0,6.864288000000215
holdout256,4,205,c3993e925c59e8dd2fc07a0579c392aea3643e1e64290eaf405358752fee3d35,nccp,segment_entry,1178.9932202,1179.2453779,0.25215769999999793,loss,2.5215769999995246,12.607878530907328,3.900141454941604,1.8846729999968375,-0.14287600000079692,-0.0002500000000509317,0.0,0.7800300000009202
holdout256,4,206,af19a0a4962f465edc25de6b286f99faf508d5c48e48ed02c4d471b2e061d035,mec_center,nccp,691.8708735333333,689.9333909333333,-1.9374826000000667,win,-29.062239000000773,-145.31120139285485,-139.10862802337078,-7.698648000001413,6.4581349999998565,0.0,0.0,-27.82172599999808
holdout256,4,206,af19a0a4962f465edc25de6b286f99faf508d5c48e48ed02c4d471b2e061d035,mec_center,segment_entry,691.8708735333333,690.0006720666667,-1.8702014666666855,win,-28.053022000000055,-140.26512756961165,-138.0327878511598,-7.237760000001799,6.7912949999990815,0.0,0.0,-27.60655699999745
holdout256,4,206,af19a0a4962f465edc25de6b286f99faf508d5c48e48ed02c4d471b2e061d035,nccp,segment_entry,689.9333909333333,690.0006720666667,0.06728113333338115,loss,1.0092170000007172,5.046073823243205,1.0758401722109738,0.4608879999996134,0.33315999999922496,0.0,0.0,0.21516900000062833
holdout256,4,207,1f13306f2493c8b726668f23ef4aa9acee7c3513a10f223009436b1a2ba3130c,mec_center,nccp,680.0337499333333,678.9990487333333,-1.0347011999999722,win,-15.520517999999356,-77.60259208705247,-108.26817616685594,0.6202710000015941,5.5128459999971255,0.0,0.0,-21.653634999997962
holdout256,4,207,1f13306f2493c8b726668f23ef4aa9acee7c3513a10f223009436b1a2ba3130c,mec_center,segment_entry,680.0337499333333,678.9973282,-1.0364217333333272,win,-15.54632599999968,-77.73162224153202,-102.47995038715726,0.3154209999993327,4.634244999997236,0.0,0.0,-20.49599199999591
holdout256,4,207,1f13306f2493c8b726668f23ef4aa9acee7c3513a10f223009436b1a2ba3130c,nccp,segment_entry,678.9990487333333,678.9973282,-0.0017205333333549788,win,-0.025808000000324682,-0.12903015447955113,5.788225779698678,-0.30485000000226137,-0.8786009999998896,0.0,0.0,1.1576430000020537
holdout256,4,208,956a9cb159ec4a7bd924f4508a8c890c63243b702edb3971c3b7033d0269179b,mec_center,nccp,915.1317826666667,913.4954654166667,-1.6363172500000474,win,-19.635807000000568,-98.17903973577631,-97.32707012614276,-0.2705440000008821,0.2699480000019321,-0.16979700000001685,0.0,-19.465414000001374
holdout256,4,208,956a9cb159ec4a7bd924f4508a8c890c63243b702edb3971c3b7033d0269179b,mec_center,segment_entry,915.1317826666667,913.5735825833334,-1.558200083333304,win,-18.69840099999965,-93.49200655932509,-96.19177830275419,0.04086800000004587,0.38743800000384,0.11164899999994304,0.0,-19.238356000002227
holdout256,4,208,956a9cb159ec4a7bd924f4508a8c890c63243b702edb3971c3b7033d0269179b,nccp,segment_entry,913.4954654166667,913.5735825833334,0.07811716666674329,loss,0.9374060000009194,4.687033176451223,1.1352918233885703,0.31141200000092795,0.1174900000019079,0.2814459999999599,0.0,0.2270579999991469
holdout256,4,209,5a2a5d8da95c91d4deab4adb6ee0a7610563a8f187ef6de90420f8cdd4c4a00d,mec_center,nccp,1192.8724907,1190.4857680999999,-2.386722600000212,win,-23.8672260000003,-119.3361300574179,-85.95168342726754,-4.997479000003295,4.547473508864641e-13,-1.6794110000005276,0.0,-17.190335999998297
holdout256,4,209,5a2a5d8da95c91d4deab4adb6ee0a7610563a8f187ef6de90420f8cdd4c4a00d,mec_center,segment_entry,1192.8724907,1190.569783,-2.3027077000001555,win,-23.027077000000645,-115.13538355991477,-85.46167389566165,-4.201047000002291,-2.2737367544323206e-13,-1.7336960000016006,0.0,-17.092333999996754
holdout256,4,209,5a2a5d8da95c91d4deab4adb6ee0a7610563a8f187ef6de90420f8cdd4c4a00d,nccp,segment_entry,1190.4857680999999,1190.569783,0.08401490000005651,loss,0.8401489999996556,4.200746497503133,0.49000953160589233,0.7964320000010048,-6.821210263296962e-13,-0.05428500000107306,0.0,0.09800200000154291
holdout256,4,210,aff5b849d88dc8d881bc3f7a567053d1cb86db8578ba0521a2be8a9d515dec1d,mec_center,nccp,914.4660431666666,972.73860775,58.272564583333406,loss,699.2707750000009,4996.353881479226,-748.0393823372085,-7.019849999995131,855.8985019999984,0.0,0.0,-149.60787700000054
holdout256,4,210,aff5b849d88dc8d881bc3f7a567053d1cb86db8578ba0521a2be8a9d515dec1d,mec_center,segment_entry,914.4660431666666,972.8965685833333,58.43052541666668,loss,701.1663050000006,5005.831521321132,-745.5996137280808,-5.726061999999729,856.0122900000008,0.0,0.0,-149.11992299999895
holdout256,4,210,aff5b849d88dc8d881bc3f7a567053d1cb86db8578ba0521a2be8a9d515dec1d,nccp,segment_entry,972.73860775,972.8965685833333,0.15796083333327715,loss,1.8955299999997806,9.47763984190533,2.4397686091276682,1.293787999995402,0.11378800000238698,0.0,0.0,0.4879540000015936
holdout256,4,211,fd25a825781ef73bd2d67b43d06097d97b39489c38dacb22733dc6819d1624cb,mec_center,nccp,1003.3659638181817,1001.186170909091,-2.179792909090793,win,-23.97772199999963,-119.88860429645865,-79.22476121638874,-7.865196999999171,-0.26757099999917955,0.0,0.0,-15.84495400000094
holdout256,4,211,fd25a825781ef73bd2d67b43d06097d97b39489c38dacb22733dc6819d1624cb,mec_center,segment_entry,1003.3659638181817,1001.3854837272727,-1.9804800909090545,win,-21.785281000000396,-108.92640571162337,-72.40534408760186,-6.636814999999842,-0.6673959999978933,0.0,0.0,-14.481070000000898
holdout256,4,211,fd25a825781ef73bd2d67b43d06097d97b39489c38dacb22733dc6819d1624cb,nccp,segment_entry,1001.186170909091,1001.3854837272727,0.1993128181817383,loss,2.192440999999235,10.962198584835278,6.819417128786881,1.2283819999993284,-0.3998249999987138,0.0,0.0,1.3638840000000414
holdout256,4,212,7e98fa2c75dd762e35b7a568d2d1f787ea63fa57715da4cfe3f044176a346740,mec_center,nccp,828.3955107857144,826.7405003571429,-1.6550104285714724,win,-23.170146000000386,-115.85075133328792,-136.24395965952704,6.238460999993549,-2.1598169999963375,0.0,0.0,-27.248789999997143
holdout256,4,212,7e98fa2c75dd762e35b7a568d2d1f787ea63fa57715da4cfe3f044176a346740,mec_center,segment_entry,828.3955107857144,826.8271811428571,-1.568329642857293,win,-21.956615000000966,-109.78308155431296,-132.59515849948207,6.098175999995874,-1.5357589999985066,0.0,0.0,-26.51903199999947
holdout256,4,212,7e98fa2c75dd762e35b7a568d2d1f787ea63fa57715da4cfe3f044176a346740,nccp,segment_entry,826.7405003571429,826.8271811428571,0.08668078571417936,loss,1.2135309999994206,6.06766977897496,3.648801160044968,-0.14028499999767519,0.6240579999978308,0.0,0.0,0.7297579999976733
holdout256,4,213,4c0e038a01e4e2f7416eccf443015cf5e1317158f5da48912d841a6d4f3a5812,mec_center,nccp,1074.263177909091,1072.2936113636363,-1.9695665454546543,win,-21.665232000001197,-108.3261499526925,-99.42996374837026,-0.34598600000208535,-1.4332519999998112,0.0,0.0,-19.8859939999993
holdout256,4,213,4c0e038a01e4e2f7416eccf443015cf5e1317158f5da48912d841a6d4f3a5812,mec_center,segment_entry,1074.263177909091,1072.313742818182,-1.9494350909089917,win,-21.443785999999818,-107.21892048005247,-95.68007076229992,-0.08322300000145333,-2.2245460000012827,0.0,0.0,-19.13601699999913
holdout256,4,213,4c0e038a01e4e2f7416eccf443015cf5e1317158f5da48912d841a6d4f3a5812,nccp,segment_entry,1072.2936113636363,1072.313742818182,0.020131454545662564,loss,0.2214460000013787,1.1072294726400287,3.7498929860703356,0.262763000000632,-0.7912940000014714,0.0,0.0,0.7499770000001718
holdout256,4,214,df44721cad328ad77469597506ae70962547ccd30b759acc8357cff1400f527f,mec_center,nccp,1046.717155,1044.3889231818182,-2.328231818181848,win,-25.61054999999942,-128.0527472799513,-86.1133123455063,-7.3200400000005175,-1.0678469999975277,0.0,0.0,-17.22266300000166
holdout256,4,214,df44721cad328ad77469597506ae70962547ccd30b759acc8357cff1400f527f,mec_center,segment_entry,1046.717155,1044.511870909091,-2.2052840909091174,win,-24.25812500000029,-121.2906029904625,-85.15359361275796,-5.953922000000603,-1.2734819999977844,0.0,0.0,-17.030721000000995
holdout256,4,214,df44721cad328ad77469597506ae70962547ccd30b759acc8357cff1400f527f,nccp,segment_entry,1044.3889231818182,1044.511870909091,0.12294772727273084,loss,1.3524249999991298,6.762144289488788,0.9597187327483425,1.366117999999915,-0.2056350000002567,0.0,0.0,0.1919420000006653
holdout256,4,215,a05b7e5b30e24aa966ca2ce2f317e81ba2f26600a5a5aaaea8baf79ef3459a1d,mec_center,nccp,780.5314388571429,778.5660075714286,-1.9654312857143168,win,-27.516037999999753,-137.58020821195532,-120.31084523692289,-4.675380999997287,1.2215100000000803,0.0,0.0,-24.06216699999993
holdout256,4,215,a05b7e5b30e24aa966ca2ce2f317e81ba2f26600a5a5aaaea8baf79ef3459a1d,mec_center,segment_entry,780.5314388571429,778.6116939285714,-1.9197449285715038,win,-26.876428999999916,-134.38215045005927,-116.47618796991264,-4.72293499999796,1.1417449999999008,1.1368683772161603e-13,0.0,-23.29523900000038
holdout256,4,215,a05b7e5b30e24aa966ca2ce2f317e81ba2f26600a5a5aaaea8baf79ef3459a1d,nccp,segment_entry,778.5660075714286,778.6116939285714,0.045686357142812994,loss,0.6396089999998367,3.1980577618960524,3.8346572670102432,-0.04755400000067311,-0.0797650000001795,1.1368683772161603e-13,0.0,0.7669279999995524
holdout256,4,216,99111a3a050ff1150a28eb2ae88e16a0e17489d404807a58acb16ed5be7431c9,mec_center,nccp,989.8613220833332,981.1174425833333,-8.743879499999935,win,-104.92655399999967,-524.6327782291628,-120.93841093366336,-0.0357399999993504,-31.77401499999928,-48.9291189999999,0.0,-24.187680000001706
holdout256,4,216,99111a3a050ff1150a28eb2ae88e16a0e17489d404807a58acb16ed5be7431c9,mec_center,segment_entry,989.8613220833332,981.3065195,-8.554802583333185,win,-102.65763099999822,-513.2881700915677,-115.10295830349787,0.3684430000030261,-31.07636599999796,-48.9291189999999,0.0,-23.02058900000361
holdout256,4,216,99111a3a050ff1150a28eb2ae88e16a0e17489d404807a58acb16ed5be7431c9,nccp,segment_entry,981.1174425833333,981.3065195,0.18907691666674964,loss,2.2689230000014504,11.34460813759506,5.835452630165491,0.4041830000023765,0.69764900000132,0.0,0.0,1.167090999998095
holdout256,4,217,e8ddb3a994d5ba2d8ea8790b4d0b87964d732eedb4a74c952ce56bf59aa4b0cd,mec_center,nccp,1002.0947064545454,999.699852909091,-2.3948535454544526,win,-26.34338899999966,-131.71694445225876,-85.13700848623557,-9.173139000000447,-0.1428489999999556,0.0,0.0,-17.027401000000168
holdout256,4,217,e8ddb3a994d5ba2d8ea8790b4d0b87964d732eedb4a74c952ce56bf59aa4b0cd,mec_center,segment_entry,1002.0947064545454,999.8758264545454,-2.218880000000013,win,-24.407680000000255,-122.03839284575952,-79.58358248362947,-8.681196000001364,0.19023199999867302,0.0,0.0,-15.916715999998814
holdout256,4,217,e8ddb3a994d5ba2d8ea8790b4d0b87964d732eedb4a74c952ce56bf59aa4b0cd,nccp,segment_entry,999.699852909091,999.8758264545454,0.17597354545443977,loss,1.935708999999406,9.67855160649924,5.553426002606102,0.49194299999908253,0.3330809999986286,0.0,0.0,1.1106850000013537
holdout256,4,218,9c6812342625d333b769a0151ce3cb53a2ad6dfe520084a4fed8ce2348a2a594,mec_center,nccp,879.9460894285714,878.3150767857143,-1.631012642857172,win,-22.834177000000636,-114.17088198069541,-111.62334282245024,-0.4193749999994907,-0.786934999998266,0.6968029999989085,0.0,-22.32467000000355
holdout256,4,218,9c6812342625d333b769a0151ce3cb53a2ad6dfe520084a4fed8ce2348a2a594,mec_center,segment_entry,879.9460894285714,878.3711137142857,-1.5749757142857561,win,-22.049660000000586,-110.24828745397826,-109.66177856241757,-0.2862020000011398,-0.05723199999829376,0.226132000000689,0.0,-21.932358000003433
holdout256,4,218,9c6812342625d333b769a0151ce3cb53a2ad6dfe520084a4fed8ce2348a2a594,nccp,segment_entry,878.3150767857143,878.3711137142857,0.056036928571415956,loss,0.7845170000000508,3.9225945267171483,1.9615642600326737,0.13317299999835086,0.7297029999999722,-0.4706709999982195,0.0,0.3923120000001177
holdout256,4,219,f7eb3d02e6d5132eae9dc79d69d375086b21d8171090df524904518634c8a549,mec_center,nccp,1244.4726832000001,1242.2934234,-2.1792598000001817,win,-21.792597999999998,-108.96297632174537,-91.0894066476103,-1.0429619999977149,-0.25241799999912473,-2.279335999999603,0.0,-18.217882000002533
holdout256,4,219,f7eb3d02e6d5132eae9dc79d69d375086b21d8171090df524904518634c8a549,mec_center,segment_entry,1244.4726832000001,1242.248324,-2.224359200000208,win,-22.243592000000717,-111.21794987475732,-90.53741240452791,-1.585743999999977,-0.2701289999999972,-2.2802359999996042,0.0,-18.107483000000798
holdout256,4,219,f7eb3d02e6d5132eae9dc79d69d375086b21d8171090df524904518634c8a549,nccp,segment_entry,1242.2934234,1242.248324,-0.045099400000026435,win,-0.4509940000007191,-2.2549735530119506,0.5519942430823903,-0.5427820000022621,-0.017711000000872446,-0.0009000000000014552,0.0,0.11039900000173475
holdout256,4,220,ec0491b184066b7045b4263aabf4fcb1aa9424daf97d46264758aa7a83535aa9,mec_center,nccp,1200.4997741,1197.5214646,-2.978309500000023,win,-29.783094999998866,-148.91548754852556,-93.45195110982672,-11.062479999996867,-0.030227000001559645,0.0,0.0,-18.69038799999862
holdout256,4,220,ec0491b184066b7045b4263aabf4fcb1aa9424daf97d46264758aa7a83535aa9,mec_center,segment_entry,1200.4997741,1197.708539,-2.7912350999999944,win,-27.912350999999035,-139.56178007126437,-89.33772373769239,-9.796274999996967,-0.24853400000006332,0.0,0.0,-17.867542000000526
holdout256,4,220,ec0491b184066b7045b4263aabf4fcb1aa9424daf97d46264758aa7a83535aa9,nccp,segment_entry,1197.5214646,1197.708539,0.18707440000002862,loss,1.8707439999998314,9.353707477261196,4.114227372134337,1.2662049999998999,-0.21830699999850367,0.0,0.0,0.8228459999980942
holdout256,4,221,22fe2781724b26c3e0e31d27c7c03879330db0d1c3e7d50e9274753be2aad087,mec_center,nccp,967.4538825,967.58429375,0.1304112500000656,loss,1.5649350000003324,7.824675664473034,-116.44967980019953,-2.399198000000979,3.045608000001039,24.208460000000514,0.0,-23.28993500000081
holdout256,4,221,22fe2781724b26c3e0e31d27c7c03879330db0d1c3e7d50e9274753be2aad087,mec_center,segment_entry,967.4538825,966.5049395,-0.9489429999999857,win,-11.387316000000283,-81.93657841527602,-47.80939022589496,-2.5256250000002183,2.250195000001213,-1.550007000000278,0.0,-9.561879000000772
holdout256,4,221,22fe2781724b26c3e0e31d27c7c03879330db0d1c3e7d50e9274753be2aad087,nccp,segment_entry,967.58429375,966.5049395,-1.0793542500000513,win,-12.952251000000615,-89.76125407974905,68.64028957430457,-0.12642699999923934,-0.7954129999998258,-25.758467000000792,0.0,13.728056000000038
holdout256,4,222,620e39c3e9576858b92e84ff41fcf09d33d6170bb3e0bdaa5452600c1a347b75,mec_center,nccp,857.321149,856.1250090769231,-1.1961399230768848,win,-15.549818999999843,-77.74909821837355,-103.58585451333511,-0.35818299999846204,5.5255349999986265,0.0,0.0,-20.71717099999944
holdout256,4,222,620e39c3e9576858b92e84ff41fcf09d33d6170bb3e0bdaa5452600c1a347b75,mec_center,segment_entry,857.321149,856.1521737692308,-1.168975230769206,win,-15.196678000000247,-75.98338810870337,-97.62690845891393,-0.23401499999999942,4.562717999999677,0.0,0.0,-19.525380999999925
holdout256,4,222,620e39c3e9576858b92e84ff41fcf09d33d6170bb3e0bdaa5452600c1a347b75,nccp,segment_entry,856.1250090769231,856.1521737692308,0.027164692307678706,loss,0.3531409999995958,1.7657101096701808,5.958946054421176,0.12416799999846262,-0.9628169999989495,0.0,0.0,1.1917899999995143
holdout256,4,223,20d9a398137906610a8e7ab65b5ee9eb7461e09609e59f30b47c62d01a8ea85f,mec_center,nccp,817.0484989285715,814.9080927142858,-2.14040621428569,win,-29.96568699999989,-149.82844304241007,-101.21286650739694,-0.21587800000088464,-8.579604000000245,-0.9276310000004742,0.0,-20.24257399999931
holdout256,4,223,20d9a398137906610a8e7ab65b5ee9eb7461e09609e59f30b47c62d01a8ea85f,mec_center,segment_entry,817.0484989285715,814.878341,-2.1701579285714843,win,-30.382211000000098,-151.911058543963,-96.01243137100164,0.3355649999975867,-10.69909000000007,-0.8162010000005466,0.0,-19.202484999998887
holdout256,4,223,20d9a398137906610a8e7ab65b5ee9eb7461e09609e59f30b47c62d01a8ea85f,nccp,segment_entry,814.9080927142858,814.878341,-0.02975171428579415,win,-0.4165240000002086,-2.0826155015529366,5.200435136395299,0.5514429999984714,-2.1194859999998243,0.11142999999992753,0.0,1.040089000000421
holdout256,4,224,1b0a858513eff33786c5601fc6d23c1f8b007f603caf6425f437fdf25c40aa0e,mec_center,nccp,892.452084,889.8647225384616,-2.5873614615384213,win,-33.635699000000386,-218.17849694199685,-84.86464897651535,-13.906550000001516,-2.756217999999535,0.0,0.0,-16.972931000000244
holdout256,4,224,1b0a858513eff33786c5601fc6d23c1f8b007f603caf6425f437fdf25c40aa0e,mec_center,segment_entry,892.452084,889.9119356923077,-2.540148307692334,win,-33.021928000000116,-215.1096395964778,-84.57327762777936,-13.392036999999618,-2.7152349999989838,0.0,0.0,-16.914656000002537
holdout256,4,224,1b0a858513eff33786c5601fc6d23c1f8b007f603caf6425f437fdf25c40aa0e,nccp,segment_entry,889.8647225384616,889.9119356923077,0.04721315384608715,loss,0.6137710000002699,3.0688573455190635,0.2913713487359928,0.514513000001898,0.04098300000055133,0.0,0.0,0.0582749999977068
holdout256,4,225,c996b502635dd759f620037b1b32098210a637329f7fcfbfa7b0fa70c894928c,mec_center,nccp,1093.5712634545455,1092.1707560909092,-1.4005073636362795,win,-15.405580999999074,-77.0279125364541,-79.08505375828668,-0.15366700000231504,0.555469000003086,0.009626999999909458,0.0,-15.81701000000021
holdout256,4,225,c996b502635dd759f620037b1b32098210a637329f7fcfbfa7b0fa70c894928c,mec_center,segment_entry,1093.5712634545455,1092.1821405454546,-1.3891229090909292,win,-15.280351999999766,-76.40175751069182,-78.75144121029916,-0.10698899999988498,0.5683849999986705,0.008540000000039072,0.0,-15.750288000000182
holdout256,4,225,c996b502635dd759f620037b1b32098210a637329f7fcfbfa7b0fa70c894928c,nccp,segment_entry,1092.1707560909092,1092.1821405454546,0.011384454545350309,loss,0.12522899999930814,0.626155025762273,0.3336125479875136,0.04667800000243005,0.01291599999558457,-0.001086999999870386,0.0,0.06672200000002704
holdout256,4,226,893819f4d4822be8376d9b261ca916b3f1f1cedb6c768e010cd9a2fc19ac0b0c,mec_center,nccp,962.0189758461539,965.8760867692308,3.8571109230769025,loss,50.1424420000003,145.71221940345276,-204.04908839144173,-3.7251459999970393,2.8176089999996066,16.97167599999966,79.88811899999973,-45.809816000000296
holdout256,4,226,893819f4d4822be8376d9b261ca916b3f1f1cedb6c768e010cd9a2fc19ac0b0c,mec_center,segment_entry,962.0189758461539,958.2844001538461,-3.7345756923077715,win,-48.54948400000103,-217.7474194758979,-92.34051844586725,-3.8947490000009566,2.8845389999999043,-29.071171999999933,0.0,-18.468101999999703
holdout256,4,226,893819f4d4822be8376d9b261ca916b3f1f1cedb6c768e010cd9a2fc19ac0b0c,nccp,segment_entry,965.8760867692308,958.2844001538461,-7.591686615384674,win,-98.69192600000133,-363.4596388793507,111.70856994557448,-0.16960300000391726,0.0669300000002977,-46.042847999999594,-79.88811899999973,27.341714000000593
holdout256,4,227,ff38d10ffe6077a6d78fb828d01c8c4a7df40c5b0cd77ecf922c66ee9f35f211,mec_center,nccp,895.0780241666666,893.4284108333333,-1.6496133333333773,win,-19.795360000000073,-98.97680321416556,-68.55854679670756,-6.193095999999059,0.10944299999812301,0.0,0.0,-13.711706999998796
holdout256,4,227,ff38d10ffe6077a6d78fb828d01c8c4a7df40c5b0cd77ecf922c66ee9f35f211,mec_center,segment_entry,895.0780241666666,893.6828637499999,-1.3951604166667266,win,-16.741925000000265,-83.70962411592336,-64.42460299430968,-3.988952000001518,0.13194599999883394,0.0,0.0,-12.88491899999758
holdout256,4,227,ff38d10ffe6077a6d78fb828d01c8c4a7df40c5b0cd77ecf922c66ee9f35f211,nccp,segment_entry,893.4284108333333,893.6828637499999,0.2544529166666507,loss,3.0534349999998085,15.267179098242195,4.13394380239788,2.204143999997541,0.022503000000710927,0.0,0.0,0.8267880000012156
holdout256,4,228,bec99b5b6a5a9b11c87f52d823e6e411f6d32f26f227a475e03783cbad980531,mec_center,nccp,963.2860430000001,961.5269745833333,-1.7590684166667643,win,-21.108821000001626,-105.54409213402687,-96.22410037947157,-0.35869500000262633,-2.4181299999982,0.9128260000006776,0.0,-19.244822000003182
holdout256,4,228,bec99b5b6a5a9b11c87f52d823e6e411f6d32f26f227a475e03783cbad980531,mec_center,segment_entry,963.2860430000001,961.7419024166667,-1.5441405833333874,win,-18.529687000000195,-92.64843312819721,-91.46713057930037,-0.5910260000000562,-1.985823000001119,2.34058800000048,0.0,-18.29342600000018
holdout256,4,228,bec99b5b6a5a9b11c87f52d823e6e411f6d32f26f227a475e03783cbad980531,nccp,segment_entry,961.5269745833333,961.7419024166667,0.21492783333337684,loss,2.5791340000014316,12.895659005829657,4.756969800171191,-0.2323309999974299,0.4323069999970812,1.4277619999998024,0.0,0.9513960000030011
holdout256,4,229,d0ba365bc43139f4b885e5de550abab88d1dac7fae11062b5a79fdaa52b1a32c,mec_center,nccp,701.713612,699.6345124,-2.079099600000063,win,-31.186494000001403,-155.93249825481325,-159.18361281743046,0.6607719999992696,3.5986239999988356,-3.609168999998701,0.0,-31.83672100000092
holdout256,4,229,d0ba365bc43139f4b885e5de550abab88d1dac7fae11062b5a79fdaa52b1a32c,mec_center,segment_entry,701.713612,699.6103352666667,-2.1032767333333595,win,-31.549151000001075,-157.7457766210282,-157.893148226824,0.6417280000005121,3.606284999998934,-4.218534999999065,0.0,-31.57862900000032
holdout256,4,229,d0ba365bc43139f4b885e5de550abab88d1dac7fae11062b5a79fdaa52b1a32c,nccp,segment_entry,699.6345124,699.6103352666667,-0.024177133333296297,win,-0.3626569999996718,-1.813278366214945,1.2904645906064616,-0.0190439999987575,0.007661000000098284,-0.6093660000003638,0.0,0.25809200000060173
holdout256,4,230,1745cb4ba35121fbbc84b179cc5f08628ad7b87eab823dd560dce65eede47939,mec_center,nccp,900.8470942307692,899.2367533846154,-1.6103408461538038,win,-20.934430999999677,-104.67216234551597,-105.34272636579772,-2.740131000002293,2.874246000002813,0.0,0.0,-21.068546000000993
holdout256,4,230,1745cb4ba35121fbbc84b179cc5f08628ad7b87eab823dd560dce65eede47939,mec_center,segment_entry,900.8470942307692,899.3388219230769,-1.508272307692323,win,-19.60754000000088,-98.0377057939404,-103.38759571264563,-2.1005930000064836,3.170572000003631,0.0,0.0,-20.67751900000019
holdout256,4,230,1745cb4ba35121fbbc84b179cc5f08628ad7b87eab823dd560dce65eede47939,nccp,segment_entry,899.2367533846154,899.3388219230769,0.10206853846148078,loss,1.3268909999987955,6.634456551575568,1.9551306531520822,0.6395379999958095,0.29632600000081766,0.0,0.0,0.39102700000080404
holdout256,4,231,595f5f9c1bed01a9db95842f472f725af749d1eda56db2922348ff534cb29d07,mec_center,nccp,712.290942375,710.8613445,-1.4295978750000131,win,-22.87356600000021,775.6321518786644,-1290.384363476027,-76.75268999999935,311.9559970000005,0.0,0.0,-258.0768730000008
holdout256,4,231,595f5f9c1bed01a9db95842f472f725af749d1eda56db2922348ff534cb29d07,mec_center,segment_entry,712.290942375,710.870858875,-1.4200835000000325,win,-22.72133600000052,776.3933074624074,-1286.3916504974723,-75.51317299999937,310.07016799999815,0.0,0.0,-257.27833099999964
holdout256,4,231,595f5f9c1bed01a9db95842f472f725af749d1eda56db2922348ff534cb29d07,nccp,segment_entry,710.8613445,710.870858875,0.009514374999980646,loss,0.15222999999969034,0.7611555837429478,3.992712978554664,1.239516999999978,-1.8858290000023317,0.0,0.0,0.7985420000011345
holdout256,4,232,e81f448f070129a8abc8c82d95ac53dde801fccdaac91eede55072d228712b1b,mec_center,nccp,643.304638625,641.7409905625,-1.5636480625000786,win,-25.018369000001258,-125.09182554730796,-128.3873689154875,0.2841969999963112,0.3749109999994289,0.0,0.0,-25.67747699999768
holdout256,4,232,e81f448f070129a8abc8c82d95ac53dde801fccdaac91eede55072d228712b1b,mec_center,segment_entry,643.304638625,641.8232659375,-1.4813726875000839,win,-23.701963000001342,-118.5098154973748,-125.39139820884475,0.6746639999964827,0.7016530000000785,0.0,0.0,-25.0782799999987
holdout256,4,232,e81f448f070129a8abc8c82d95ac53dde801fccdaac91eede55072d228712b1b,nccp,segment_entry,641.7409905625,641.8232659375,0.08227537499999471,loss,1.3164059999999154,6.58201004993316,2.9959707066427654,0.39046700000017154,0.32674200000064957,0.0,0.0,0.5991969999989806
holdout256,4,233,b6f93f8f4050acca4e3490aa0085cc188f856d18ccd20d2a6b4e61178e7dc20c,mec_center,nccp,918.7756413076924,916.3599625384614,-2.415678769230908,win,-31.403824000000895,-157.0191159501046,-109.42621998219965,-6.982563999999911,-2.5360149999974055,0.0,0.0,-21.885245000002215
holdout256,4,233,b6f93f8f4050acca4e3490aa0085cc188f856d18ccd20d2a6b4e61178e7dc20c,mec_center,segment_entry,918.7756413076924,916.6537723076924,-2.121868999999947,win,-27.584296999999424,-137.9214826103198,-104.33261004871929,-5.999577999999019,-0.7181969999953708,0.0,0.0,-20.86652200000367
holdout256,4,233,b6f93f8f4050acca4e3490aa0085cc188f856d18ccd20d2a6b4e61178e7dc20c,nccp,segment_entry,916.3599625384614,916.6537723076924,0.29380976923096114,loss,3.8195270000014716,19.097633339784807,5.093609933480366,0.9829860000008921,1.8178180000020348,0.0,0.0,1.0187229999985448
holdout256,4,234,9684171a04c61c9ad701a507de411f4a04c444aa0a697e298123d584aca5ad36,mec_center,nccp,872.9531695384615,871.1980376153847,-1.7551319230767604,win,-22.81671499999902,-114.0835800999048,-114.35591614165537,-1.73935899999924,1.7938269999992826,0.0,0.0,-22.87118299999844
holdout256,4,234,9684171a04c61c9ad701a507de411f4a04c444aa0a697e298123d584aca5ad36,mec_center,segment_entry,872.9531695384615,871.3109694615384,-1.642200076923018,win,-21.34860099999969,-106.74301080885198,-111.64370559063536,-0.7251490000016929,1.7052900000012414,0.0,0.0,-22.32874199999827
holdout256,4,234,9684171a04c61c9ad701a507de411f4a04c444aa0a697e298123d584aca5ad36,nccp,segment_entry,871.1980376153847,871.3109694615384,0.1129318461537423,loss,1.468113999999332,7.340569291052816,2.712210551020007,1.0142099999975471,-0.08853699999804121,0.0,0.0,0.5424410000001672
holdout256,4,235,ccd6f210c77c7d8bf0230e2d89476d49866e88d45f93af4029390ed7cc42a2ce,mec_center,nccp,1076.3509617272728,1074.0539224545455,-2.297039272727261,win,-25.267432000000554,-126.33716829384502,-88.39396104003299,-5.470255000003817,-2.109773999998197,-0.008612999999968451,0.0,-17.67879000000005
holdout256,4,235,ccd6f210c77c7d8bf0230e2d89476d49866e88d45f93af4029390ed7cc42a2ce,mec_center,segment_entry,1076.3509617272728,1074.134035909091,-2.216925818181835,win,-24.386184000000867,-121.93093069986935,-86.37290680080673,-4.75415100000464,-2.334788999999091,-0.022663999999849693,0.0,-17.274579999999105
holdout256,4,235,ccd6f210c77c7d8bf0230e2d89476d49866e88d45f93af4029390ed7cc42a2ce,nccp,segment_entry,1074.0539224545455,1074.134035909091,0.08011345454542607,loss,0.8812479999996867,4.406237593975675,2.0210542392262596,0.7161039999991772,-0.22501500000089436,-0.014050999999881242,0.0,0.4042100000009441
holdout256,4,236,9f15903aaa7c71f607db027d4ae9eb2dc33186caa070cfb44aaa613edf3dbf1c,mec_center,nccp,729.0694603125,727.0520535625,-2.0174067500000774,win,-32.27850800000124,-161.3925300157789,-133.55548089375952,-5.405640000004496,-0.16177099999890743,0.0,0.0,-26.71109699999647
holdout256,4,236,9f15903aaa7c71f607db027d4ae9eb2dc33186caa070cfb44aaa613edf3dbf1c,mec_center,segment_entry,729.0694603125,727.176276,-1.8931843125000114,win,-30.290949000000182,-151.4547324278683,-127.69485254277879,-4.990331000000879,0.23835499999950116,0.0,0.0,-25.538972999997895
holdout256,4,236,9f15903aaa7c71f607db027d4ae9eb2dc33186caa070cfb44aaa613edf3dbf1c,nccp,segment_entry,727.0520535625,727.176276,0.12422243750006601,loss,1.9875590000010561,9.937797587910609,5.860628350980733,0.41530900000361726,0.4001259999984086,0.0,0.0,1.1721239999985755
holdout256,4,237,d94b6cf6309aec7f7bf8fd51b8171d7b8cf4c5642d320a1e73a797b1b703dba6,mec_center,nccp,823.0014668571429,823.1509644285715,0.1494975714285829,loss,2.0929660000001604,35.4648259184396,-109.0474031751803,0.10120400000232621,23.42726399999924,0.3739780000000792,0.0,-21.809480000002054
holdout256,4,237,d94b6cf6309aec7f7bf8fd51b8171d7b8cf4c5642d320a1e73a797b1b703dba6,mec_center,segment_entry,823.0014668571429,823.1285649285713,0.1270980714284633,loss,1.7793729999993957,33.89684663012304,-108.60640726962333,-0.11680899999737449,23.289496999999074,0.32796699999994416,0.0,-21.721282000002248
holdout256,4,237,d94b6cf6309aec7f7bf8fd51b8171d7b8cf4c5642d320a1e73a797b1b703dba6,nccp,segment_entry,823.1509644285715,823.1285649285713,-0.022399500000119588,win,-0.31359300000076473,-1.5679792883165646,0.4409959055569743,-0.2180129999997007,-0.13776700000016717,-0.04601100000013503,0.0,0.0881979999998066
holdout256,4,238,46b003d9f09d6957dffc382ec1f4689bad34fbbccaed6cdd14eca0339b007978,mec_center,nccp,1169.7408734,1167.8495122,-1.8913612000001194,win,-18.913612000000285,-94.56805121218349,-99.21154879963274,-0.7415649999984453,1.6702640000009978,0.0,0.0,-19.842311000001246
holdout256,4,238,46b003d9f09d6957dffc382ec1f4689bad34fbbccaed6cdd14eca0339b007978,mec_center,segment_entry,1169.7408734,1167.7708941,-1.9699792999999772,win,-19.699792999999772,-98.49895195965655,-98.42601275368838,-1.6703539999980421,1.6557660000000851,0.0,0.0,-19.685204999999883
holdout256,4,238,46b003d9f09d6957dffc382ec1f4689bad34fbbccaed6cdd14eca0339b007978,nccp,segment_entry,1167.8495122,1167.7708941,-0.0786180999998578,win,-0.7861809999994875,-3.9309007474730606,0.7855360459443546,-0.9287889999995969,-0.014498000000912725,0.0,0.0,0.1571060000013631
holdout256,4,239,bd7339a0a174ddf3f6cd983e0986f4a199289cf94a940f7c1c0636c98720e447,mec_center,nccp,1154.0016938,1152.4047868,-1.596907000000101,win,-15.969070000001011,-79.84535516572214,-63.25986744942384,-1.5500639999991108,-1.7670329999996284,0.0,0.0,-12.65197300000193
holdout256,4,239,bd7339a0a174ddf3f6cd983e0986f4a199289cf94a940f7c1c0636c98720e447,mec_center,segment_entry,1154.0016938,1152.5514902999998,-1.4502035000002707,win,-14.502035000001342,-72.5101703294713,-61.65417630158822,-1.5563709999987623,-0.6148270000012417,0.0,0.0,-12.330837000000656
holdout256,4,239,bd7339a0a174ddf3f6cd983e0986f4a199289cf94a940f7c1c0636c98720e447,nccp,segment_entry,1152.4047868,1152.5514902999998,0.14670349999983046,loss,1.4670349999996688,7.335184836250846,1.6056911478356142,-0.0063069999996514525,1.1522059999983867,0.0,0.0,0.3211360000012746
holdout256,4,240,fabfd40e2be4ce6cd75db235891a675ff5b5fc8694b825746a327cc63e3efd68,mec_center,nccp,921.7405174166666,920.2967960833333,-1.4437213333333148,win,-17.324656000000687,-86.62327585367166,-286.7240636500819,0.7314279999991413,39.28872899999976,0.0,0.0,-57.3448130000005
holdout256,4,240,fabfd40e2be4ce6cd75db235891a675ff5b5fc8694b825746a327cc63e3efd68,mec_center,segment_entry,921.7405174166666,920.3153914999999,-1.4251259166667296,win,-17.101511000000755,-85.50755862130609,-283.37557058180323,-0.05491800000163494,39.62851999999941,0.0,0.0,-56.67511299999842
holdout256,4,240,fabfd40e2be4ce6cd75db235891a675ff5b5fc8694b825746a327cc63e3efd68,nccp,segment_entry,920.2967960833333,920.3153914999999,0.01859541666658515,loss,0.22314499999993131,1.1157172323655686,3.3484930682786853,-0.7863460000007763,0.33979099999965,0.0,0.0,0.6697000000020807
holdout256,4,241,8a1a5bde2933e630aa4d9de10d81d6a7088febcf3ade18dd400c2ebab917f6e0,mec_center,nccp,1019.5965394545455,1017.7196996363637,-1.876839818181793,win,-20.645237999999154,-103.22618880287337,-107.58295770666086,-0.716100000001461,1.5874530000003233,0.0,0.0,-21.516590999999096
holdout256,4,241,8a1a5bde2933e630aa4d9de10d81d6a7088febcf3ade18dd400c2ebab917f6e0,mec_center,segment_entry,1019.5965394545455,1017.5880968181817,-2.008442636363725,win,-22.092869000000064,-110.46435356412985,-107.08099461094787,-1.6386440000023867,0.9619740000011916,0.0,0.0,-21.416199000000006
holdout256,4,241,8a1a5bde2933e630aa4d9de10d81d6a7088febcf3ade18dd400c2ebab917f6e0,nccp,segment_entry,1017.7196996363637,1017.5880968181817,-0.13160281818193198,win,-1.4476310000009107,-7.238164761256485,0.5019630957129948,-0.9225440000009257,-0.6254789999991317,0.0,0.0,0.10039199999908988
holdout256,4,242,0d2f148fd140e0cd316de73e6562375d21494c68bdc416b770236a6f5bec0611,mec_center,nccp,785.8471557857143,783.8144899285714,-2.032665857142888,win,-28.457322000000204,-142.28659980812517,-131.35972404462018,2.153272999999899,-4.3386490000002595,0.0,0.0,-26.2719459999999
holdout256,4,242,0d2f148fd140e0cd316de73e6562375d21494c68bdc416b770236a6f5bec0611,mec_center,segment_entry,785.8471557857143,783.7703619285714,-2.0767938571428886,win,-29.075113999999303,-145.37555491843523,-130.30346611682762,2.109026999998605,-5.123447000000851,2.2737367544323206e-13,0.0,-26.060693999998932
holdout256,4,242,0d2f148fd140e0cd316de73e6562375d21494c68bdc416b770236a6f5bec0611,nccp,segment_entry,783.8144899285714,783.7703619285714,-0.04412800000000061,win,-0.6177919999990991,-3.088955110310053,1.056257927792558,-0.044246000001294306,-0.7847980000005919,2.2737367544323206e-13,0.0,0.2112520000009681
holdout256,4,243,5bb279465fa5e69cd1d58933296ef1a2ca49e0c88969eda61174e255c0a0bb59,mec_center,nccp,709.0534853125,708.1371665625,-0.9163187499999594,win,-14.661099999999351,-98.30549136542686,-612.2454246754223,-5.769750999999815,113.55773600000066,0.0,0.0,-122.44908500000133
holdout256,4,243,5bb279465fa5e69cd1d58933296ef1a2ca49e0c88969eda61174e255c0a0bb59,mec_center,segment_entry,709.0534853125,708.1813875,-0.8720978124999874,win,-13.953564999999799,-94.76782055509102,-612.3331803498068,-4.330727000000479,112.84379700000113,0.0,0.0,-122.46663500000068
holdout256,4,243,5bb279465fa5e69cd1d58933296ef1a2ca49e0c88969eda61174e255c0a0bb59,nccp,segment_entry,708.1371665625,708.1813875,0.044220937499972024,loss,0.7075349999995524,3.5376708103358396,-0.08775567438442522,1.4390239999993355,-0.7139389999995274,0.0,0.0,-0.017549999999346255
holdout256,4,244,96f0e0799aacf621f5cd0cb634f3c2b32593299612c99dc78784d239d309040b,mec_center,nccp,884.3780591538463,882.9544996923076,-1.4235594615386162,win,-18.506273000000874,-92.53136646935309,-86.3754073876512,-1.466327000001911,0.23513500000080967,0.0,0.0,-17.275080999999318
holdout256,4,244,96f0e0799aacf621f5cd0cb634f3c2b32593299612c99dc78784d239d309040b,mec_center,segment_entry,884.3780591538463,882.9203797692309,-1.4576793846154033,win,-18.949832000000242,-94.74915466528182,-82.02674412062106,-2.4373840000007476,-0.10710000000017317,0.0,0.0,-16.405347999998526
holdout256,4,244,96f0e0799aacf621f5cd0cb634f3c2b32593299612c99dc78784d239d309040b,nccp,segment_entry,882.9544996923076,882.9203797692309,-0.03411992307678702,win,-0.4435589999993681,-2.2177881959287333,4.348663267030133,-0.9710569999988365,-0.34223500000098284,0.0,0.0,0.8697330000007923
holdout256,4,245,10cfb0b8e60c42fe0d1f6bcd71792df926c46acb35d724d21810c5ef6f9a6639,mec_center,nccp,1106.0582066000002,1104.2969206,-1.7612860000001547,win,-17.612860000001092,-88.06429465828842,-92.98784981504332,-0.3212770000027376,1.305988000000525,0.0,0.0,-18.597571000000357
holdout256,4,245,10cfb0b8e60c42fe0d1f6bcd71792df926c46acb35d724d21810c5ef6f9a6639,mec_center,segment_entry,1106.0582066000002,1104.4428932,-1.6153134000001046,win,-16.153134000000136,-80.76567542834528,-91.97297806464303,0.4727489999986574,1.7687120000014147,0.0,0.0,-18.394595000000038
holdout256,4,245,10cfb0b8e60c42fe0d1f6bcd71792df926c46acb35d724d21810c5ef6f9a6639,nccp,segment_entry,1104.2969206,1104.4428932,0.14597260000005008,loss,1.4597260000009555,7.298619229943142,1.0148717504002889,0.794026000001395,0.46272400000088965,0.0,0.0,0.20297600000031935
holdout256,4,246,4fc8227914d1ae0efee345221bac71a6f34937cf1cbda3ca5f49db102b42dfa9,mec_center,nccp,910.9173731666666,909.1033738333334,-1.8139993333331859,win,-21.76799199999914,-108.83996037864563,-84.11801545318485,-4.227360999995653,-0.7170300000020688,0.0,0.0,-16.823600999999996
holdout256,4,246,4fc8227914d1ae0efee345221bac71a6f34937cf1cbda3ca5f49db102b42dfa9,mec_center,segment_entry,910.9173731666666,909.0807274166667,-1.8366457499998887,win,-22.039748999999574,-110.19874510572117,-82.51067656315331,-3.86227400000098,-1.675340000000915,0.0,0.0,-16.502134999998873
holdout256,4,246,4fc8227914d1ae0efee345221bac71a6f34937cf1cbda3ca5f49db102b42dfa9,nccp,segment_entry,909.1033738333334,909.0807274166667,-0.022646416666702862,win,-0.27175700000043435,-1.3587847270755447,1.6073388900315422,0.36508699999467353,-0.9583099999988463,0.0,0.0,0.3214660000011236
holdout256,4,247,dd0d28706d8bd2d6b7152da4975409be26f916cdaabf9a04a4a57012e01e43ee,mec_center,nccp,1213.9724048,1211.2757907999999,-2.6966140000001815,win,-26.96614000000045,-134.8307084057742,-88.9159036996499,-6.555417999998099,-2.631976999998642,0.00443600000016886,0.0,-17.78318100000388
holdout256,4,247,dd0d28706d8bd2d6b7152da4975409be26f916cdaabf9a04a4a57012e01e43ee,mec_center,segment_entry,1213.9724048,1211.2686327,-2.703772100000151,win,-27.0377210000006,-135.18861863019993,-88.12969120340574,-6.795424999996612,-2.6207939999985683,0.004435999999259366,0.0,-17.625938000004567
holdout256,4,247,dd0d28706d8bd2d6b7152da4975409be26f916cdaabf9a04a4a57012e01e43ee,nccp,segment_entry,1211.2757907999999,1211.2686327,-0.007158099999969636,win,-0.07158100000015111,-0.35791022442572284,0.7862124962441612,-0.2400069999985135,0.011183000000073662,-9.094947017729282e-13,0.0,0.1572429999993119
holdout256,4,248,d3bbf5a6965b1aa3363893de96f75129e361b9229622791699efb8d1a960f180,mec_center,nccp,693.5859090666667,692.0934901333333,-1.492418933333397,win,-22.38628400000016,-111.93141743359593,-140.180207051244,-0.2456560000009631,5.895412999999849,0.0,0.0,-28.03604100000007
holdout256,4,248,d3bbf5a6965b1aa3363893de96f75129e361b9229622791699efb8d1a960f180,mec_center,segment_entry,693.5859090666667,692.0815766666667,-1.504332399999953,win,-22.564985999999408,-112.82491890648816,-135.31338410080798,-1.324202999998306,5.821894999998904,0.0,0.0,-27.062678000000687
holdout256,4,248,d3bbf5a6965b1aa3363893de96f75129e361b9229622791699efb8d1a960f180,nccp,segment_entry,692.0934901333333,692.0815766666667,-0.011913466666555905,win,-0.17870199999924807,-0.8935014728922397,4.866822950436017,-1.078546999997343,-0.073518000000945,0.0,0.0,0.9733629999993809
holdout256,4,249,422ee261c87e0e1b36c2de58a168fdc11eb855de2123105ec8ae1e9bd9c3c9db,mec_center,nccp,700.664557125,698.836324375,-1.8282327499999838,win,-29.25172399999974,-146.25861534293654,-123.30304707647656,-4.767013000000588,1.0222770000013952,-0.8463769999998476,0.0,-24.66061100000104
holdout256,4,249,422ee261c87e0e1b36c2de58a168fdc11eb855de2123105ec8ae1e9bd9c3c9db,mec_center,segment_entry,700.664557125,698.912634375,-1.7519227499999488,win,-28.03076399999918,-140.15382302027137,-118.75660649965903,-3.5417529999995168,0.0835779999999886,-0.8212670000002618,0.0,-23.751322000000982
holdout256,4,249,422ee261c87e0e1b36c2de58a168fdc11eb855de2123105ec8ae1e9bd9c3c9db,nccp,segment_entry,698.836324375,698.912634375,0.07631000000003496,loss,1.2209600000005594,6.104792322665162,4.546440576817531,1.2252600000010716,-0.9386990000014066,0.025109999999585852,0.0,0.909289000000058
holdout256,4,250,d56713ea783e7bb98257edd0123e6c459653e1f0072b94bf0e32a4c08f5a80c1,mec_center,nccp,781.3850728666667,779.5005834666666,-1.8844894000001204,win,-28.26734100000067,-141.33671042244532,-122.1585067892347,-4.551508000000467,0.7158680000013646,0.0,0.0,-24.431701000003272
holdout256,4,250,d56713ea783e7bb98257edd0123e6c459653e1f0072b94bf0e32a4c08f5a80c1,mec_center,segment_entry,781.3850728666667,779.5694644666667,-1.8156084000000874,win,-27.234126000001197,-136.17064501765708,-119.93678317791773,-3.9405710000010004,0.6938009999971655,0.0,0.0,-23.98735599999759
holdout256,4,250,d56713ea783e7bb98257edd0123e6c459653e1f0072b94bf0e32a4c08f5a80c1,nccp,segment_entry,779.5005834666666,779.5694644666667,0.06888100000003305,loss,1.0332149999994726,5.166065404788242,2.2217236113169747,0.6109369999994669,-0.022067000004199144,0.0,0.0,0.4443450000056828
holdout256,4,251,8551dc20a0c5fd7c17a1a8f766b5eff5a1f38b4fe44cece6bb5e36b71d6e896f,mec_center,nccp,839.2150678461538,837.2064186153846,-2.008649230769265,win,-26.112440000000788,-130.56219049204083,-115.6480137528265,-2.2776669999984733,-0.7051699999983612,0.0,0.0,-23.129603000004863
holdout256,4,251,8551dc20a0c5fd7c17a1a8f766b5eff5a1f38b4fe44cece6bb5e36b71d6e896f,mec_center,segment_entry,839.2150678461538,837.2732423846154,-1.9418254615384285,win,-25.24373100000048,-126.21864550032478,-111.55245227615069,-2.2661969999990106,-0.6670409999987896,0.0,0.0,-22.310493000002452
holdout256,4,251,8551dc20a0c5fd7c17a1a8f766b5eff5a1f38b4fe44cece6bb5e36b71d6e896f,nccp,segment_entry,837.2064186153846,837.2732423846154,0.06682376923083666,loss,0.8687090000003082,4.343544991716044,4.095561476675812,0.011469999999462743,0.03812899999957153,0.0,0.0,0.8191100000024107
holdout256,4,252,493fa8f208029ef56243231afbd6585a1bfea5fb1f62d8024629c3254404d80c,mec_center,nccp,1027.7392222727274,1026.0592484545455,-1.6799738181819066,win,-18.47971200000029,-92.39855803915998,-95.52691369141166,-1.4627000000036787,2.0883709999999382,0.0,0.0,-19.10538299999814
holdout256,4,252,493fa8f208029ef56243231afbd6585a1bfea5fb1f62d8024629c3254404d80c,mec_center,segment_entry,1027.7392222727274,1026.3386998181818,-1.4005224545455803,win,-15.405747000000702,-77.02873332197487,-79.7624598822772,-1.508257000003141,2.0550029999998287,0.0,0.0,-15.952492999997617
holdout256,4,252,493fa8f208029ef56243231afbd6585a1bfea5fb1f62d8024629c3254404d80c,nccp,segment_entry,1026.0592484545455,1026.3386998181818,0.2794513636363263,loss,3.073964999999589,15.36982471718511,15.764453809134466,-0.04555699999946228,-0.03336800000010953,0.0,0.0,3.152890000000525
holdout256,4,253,bcd3cb55099bf98e1dc1801f48059dac30060dfbe441df3b72ebddeef08c4205,mec_center,nccp,975.2400551666666,973.7372072500001,-1.5028479166664965,win,-18.034174999998868,-90.17086412107165,-83.35945089401685,0.8286580000003596,-1.8466590000002725,-0.3442830000003596,0.0,-16.671890999999277
holdout256,4,253,bcd3cb55099bf98e1dc1801f48059dac30060dfbe441df3b72ebddeef08c4205,mec_center,segment_entry,975.2400551666666,974.1035114166666,-1.136543749999987,win,-13.6385250000003,-68.19261799734522,-76.0094012560462,1.6384739999957674,-0.3901359999986198,0.3150169999994432,0.0,-15.2018799999978
holdout256,4,253,bcd3cb55099bf98e1dc1801f48059dac30060dfbe441df3b72ebddeef08c4205,nccp,segment_entry,973.7372072500001,974.1035114166666,0.36630416666650945,loss,4.395649999998568,21.97824612372642,7.350049637970642,0.8098159999954078,1.4565230000016527,0.6592999999998028,0.0,1.4700110000014774
holdout256,4,254,1365925415e404d785a5a47c1a1285784f7e132f55e1c645191b1e2bd2cd56d8,mec_center,nccp,643.9413961875,640.6484303125,-3.29296587500005,win,-52.6874540000008,-213.43728298693895,-95.25637355142317,-2.745058000001336,-30.89112,0.0,0.0,-19.05127600000003
holdout256,4,254,1365925415e404d785a5a47c1a1285784f7e132f55e1c645191b1e2bd2cd56d8,mec_center,segment_entry,643.9413961875,640.5759729375,-3.365423250000049,win,-53.84677200000078,-219.233870810589,-96.96748250370729,-3.03986900000109,-31.413406000001714,0.0,0.0,-19.393496999998888
holdout256,4,254,1365925415e404d785a5a47c1a1285784f7e132f55e1c645191b1e2bd2cd56d8,nccp,segment_entry,640.6484303125,640.5759729375,-0.07245737499999905,win,-1.1593179999999847,-5.796587823650043,-1.7111089522841212,-0.29481099999975413,-0.5222860000017135,0.0,0.0,-0.34222099999885813
holdout256,4,255,c796513939af78b336e4e15a59911ff0c76621aea5287e3f0843b08d5f33783f,mec_center,nccp,784.7694664285715,782.966988,-1.8024784285714759,win,-25.234698000000208,-126.17350315591466,-119.95949631689518,-4.181146999999328,2.9383469999993395,9.094947017729282e-13,0.0,-23.99189799999897
holdout256,4,255,c796513939af78b336e4e15a59911ff0c76621aea5287e3f0843b08d5f33783f,mec_center,segment_entry,784.7694664285715,783.0044305,-1.7650359285714785,win,-24.710503000000244,-123.55251543663326,-118.84905640151169,-4.199847000001682,3.2591539999993984,9.094947017729282e-13,0.0,-23.76980999999779
holdout256,4,255,c796513939af78b336e4e15a59911ff0c76621aea5287e3f0843b08d5f33783f,nccp,segment_entry,782.966988,783.0044305,0.03744249999999738,loss,0.5241949999999633,2.620987719281402,1.1104399153834947,-0.0187000000023545,0.3208070000000589,0.0,0.0,0.2220880000011789
holdout256,3,0,e306777033f94b60e4357c0a33145e581f0a7c3f4f31a43467864fce515a52b4,mec_center,nccp,239.50541946666667,238.4072722,-1.0981472666666718,win,-16.47220900000002,-82.36104843189969,-95.84858312984898,7.262208999998393,-4.5647019999998975,0.0,0.0,-19.16971599999863
holdout256,3,0,e306777033f94b60e4357c0a33145e581f0a7c3f4f31a43467864fce515a52b4,mec_center,segment_entry,239.50541946666667,238.35832706666667,-1.1470923999999911,win,-17.20638599999984,-86.03193642074984,-91.84248156602462,5.549569999998539,-4.387461000000258,0.0,0.0,-18.368494999998347
holdout256,3,0,e306777033f94b60e4357c0a33145e581f0a7c3f4f31a43467864fce515a52b4,nccp,segment_entry,238.4072722,238.35832706666667,-0.04894513333331929,win,-0.7341769999998178,-3.670887988850154,4.006101563824359,-1.7126389999998537,0.17724099999963983,0.0,0.0,0.8012210000002824
holdout256,3,1,57ced3ef57d8cc9b96753b65e4cc8e9349d19668ee4ece9a2cb22e481a63d6f2,mec_center,nccp,343.7267229090909,342.588231,-1.1384919090908738,win,-12.523410999999669,-62.61706027958098,-77.70752224401622,0.3618060000001151,2.656287000000475,0.0,0.0,-15.541503999999918
holdout256,3,1,57ced3ef57d8cc9b96753b65e4cc8e9349d19668ee4ece9a2cb22e481a63d6f2,mec_center,segment_entry,343.7267229090909,342.57031763636365,-1.156405272727227,win,-12.72045799999978,-63.60229087877633,-77.12018213576812,-0.17979399999967427,2.8833730000008018,0.0,0.0,-15.424037000000567
holdout256,3,1,57ced3ef57d8cc9b96753b65e4cc8e9349d19668ee4ece9a2cb22e481a63d6f2,nccp,segment_entry,342.588231,342.57031763636365,-0.017913363636353097,win,-0.19704700000011144,-0.9852305991953472,0.5873401082480996,-0.5415999999997894,0.22708600000032675,0.0,0.0,0.11746699999935117
holdout256,3,2,f91fe22e202d1696329649f9a46d4a44bc45612b01cbbdf10323eb9d558ae026,mec_center,nccp,320.3518413076923,318.20100661538464,-2.150834692307683,win,-27.96085099999982,-139.80425876164736,-138.90248154071264,-1.0883370000001378,0.9079819999992651,0.0,0.0,-27.780495999998664
holdout256,3,2,f91fe22e202d1696329649f9a46d4a44bc45612b01cbbdf10323eb9d558ae026,mec_center,segment_entry,320.3518413076923,318.1833393846154,-2.168501923076917,win,-28.19052499999998,-140.9526249872688,-139.64730991963302,-0.3535650000003443,0.09250200000019504,0.0,0.0,-27.929461999999603
holdout256,3,2,f91fe22e202d1696329649f9a46d4a44bc45612b01cbbdf10323eb9d558ae026,nccp,segment_entry,318.20100661538464,318.1833393846154,-0.017667230769234266,win,-0.22967400000015914,-1.1483662256214302,-0.7448283789203742,0.7347719999997935,-0.8154799999990701,0.0,0.0,-0.1489660000009394
holdout256,3,3,fcab284cbf274f31d8b078e7462e73aaa719f9c12e33e4503e6de4fa03b9489c,mec_center,nccp,303.2031525333333,301.1430650666667,-2.06008746666663,win,-30.90131199999996,-154.50655241084678,-142.5437613472127,-3.3941599999996015,1.0016000000009626,0.0,0.0,-28.508752000001323
holdout256,3,3,fcab284cbf274f31d8b078e7462e73aaa719f9c12e33e4503e6de4fa03b9489c,mec_center,segment_entry,303.2031525333333,301.2567542,-1.9463983333333204,win,-29.195974999999635,-145.97987637581537,-132.73156281833235,-3.718154000000368,1.0684909999999945,0.0,0.0,-26.546311999999148
holdout256,3,3,fcab284cbf274f31d8b078e7462e73aaa719f9c12e33e4503e6de4fa03b9489c,nccp,segment_entry,301.1430650666667,301.2567542,0.11368913333330966,loss,1.705337000000327,8.526676035031414,9.812198528880344,-0.3239940000007664,0.06689099999903192,0.0,0.0,1.9624400000021751
holdout256,3,4,4d1b79586fecf6a9cf429a3c8926b3b02899453274def67c1cc1e7f7f3222deb,mec_center,nccp,329.8917151538462,328.3586496923077,-1.533065461538456,win,-19.92985099999987,-99.64926067227498,-156.68702047485453,2.176572000000533,9.230979000000389,0.0,0.0,-31.337402000000566
holdout256,3,4,4d1b79586fecf6a9cf429a3c8926b3b02899453274def67c1cc1e7f7f3222deb,mec_center,segment_entry,329.8917151538462,328.3782268461539,-1.5134883076922847,win,-19.675347999999758,-98.37674599908132,-155.85301363314807,2.6167430000009517,8.878509999998641,0.0,0.0,-31.170600999999408
holdout256,3,4,4d1b79586fecf6a9cf429a3c8926b3b02899453274def67c1cc1e7f7f3222deb,nccp,segment_entry,328.3586496923077,328.3782268461539,0.019577153846171313,loss,0.2545030000001134,1.2725146731936547,0.8340068417064685,0.44017100000041864,-0.3524690000017472,0.0,0.0,0.16680100000115772
holdout256,3,5,14da32a6d2790f4ca3a5e6030e3bdc722ffd4fe0719543069743f6c31f0e68d3,mec_center,nccp,303.6664313333333,302.1909409333333,-1.4754904000000124,win,-22.132356000000073,-110.66177185490596,-129.2477908688943,-0.6601949999999306,4.377397000000201,0.0,0.0,-25.849558000000513
holdout256,3,5,14da32a6d2790f4ca3a5e6030e3bdc722ffd4fe0719543069743f6c31f0e68d3,mec_center,segment_entry,303.6664313333333,302.0783141333333,-1.5881171999999992,win,-23.821758000000045,-119.10879088328147,-127.41273679656524,-1.8007230000002892,3.461513000001105,0.0,0.0,-25.482548000000804
holdout256,3,5,14da32a6d2790f4ca3a5e6030e3bdc722ffd4fe0719543069743f6c31f0e68d3,nccp,segment_entry,302.1909409333333,302.0783141333333,-0.11262679999998682,win,-1.6894019999999728,-8.447019028375507,1.8350540723290578,-1.1405280000003586,-0.915883999999096,0.0,0.0,0.3670099999997092
holdout256,3,6,47c6f0aa1874e70c2aead5afe5e76b7246a2cd26687318ad8724c5f931ae7ac1,mec_center,nccp,285.61611407692305,284.16088092307695,-1.455233153846109,win,-18.9180309999997,-94.59015757030284,-107.18540845250163,1.6807909999995445,0.8382569999996576,0.0,0.0,-21.43707899999879
holdout256,3,6,47c6f0aa1874e70c2aead5afe5e76b7246a2cd26687318ad8724c5f931ae7ac1,mec_center,segment_entry,285.61611407692305,284.3077571538461,-1.3083569230769285,win,-17.008640000000014,-85.04321506135602,-103.41281705541587,2.0268329999996695,1.6470869999998285,0.0,0.0,-20.6825599999994
holdout256,3,6,47c6f0aa1874e70c2aead5afe5e76b7246a2cd26687318ad8724c5f931ae7ac1,nccp,segment_entry,284.16088092307695,284.3077571538461,0.14687623076918044,loss,1.9093909999996868,9.546942508946813,3.772591397085762,0.34604200000012497,0.8088300000001709,0.0,0.0,0.7545189999993909
holdout256,3,7,f5a50496064f69b293a1644e8c2d132eb0e557786c0c3452edbe08f5e9291244,mec_center,nccp,329.1938291818182,631.8900800909091,302.6962509090909,loss,3329.65876,14978.293852288327,543.7256416665614,63.45854399999985,-301.64271300000064,0.0,3464.097803,103.74512600000048
holdout256,3,7,f5a50496064f69b293a1644e8c2d132eb0e557786c0c3452edbe08f5e9291244,mec_center,segment_entry,329.1938291818182,809.1417768181818,479.9479476363636,loss,5279.4274239999995,24727.13714679559,551.580811058745,62.493429999999535,-301.30797199999984,0.0,5412.925805,105.31616100000053
holdout256,3,7,f5a50496064f69b293a1644e8c2d132eb0e557786c0c3452edbe08f5e9291244,nccp,segment_entry,631.8900800909091,809.1417768181818,177.2516967272727,loss,1949.7686640000002,9748.843294507264,7.855169392183598,-0.9651140000003124,0.334741000000804,0.0,1948.8280019999997,1.5710350000000517
holdout256,3,8,10bc0e33f8912ff148932407af4db6f66fcc94352c55fdc37f374bc40a4e5aac,mec_center,nccp,361.44725389999996,352.6452292,-8.802024699999947,win,-88.02024699999993,-440.10123018205013,-77.07835983537757,2.340396000000055,-74.94496999999978,0.0,0.0,-15.415673000000083
holdout256,3,8,10bc0e33f8912ff148932407af4db6f66fcc94352c55fdc37f374bc40a4e5aac,mec_center,segment_entry,361.44725389999996,352.5879416,-8.859312299999942,win,-88.59312299999965,-442.9655993092165,-71.80224321615992,1.6423630000003868,-75.87503500000025,0.0,0.0,-14.360450999999841
holdout256,3,8,10bc0e33f8912ff148932407af4db6f66fcc94352c55fdc37f374bc40a4e5aac,nccp,segment_entry,352.6452292,352.5879416,-0.05728759999999511,win,-0.5728759999997237,-2.8643691271663556,5.276116619217646,-0.6980329999996684,-0.930065000000468,0.0,0.0,1.0552220000002421
holdout256,3,9,2a50e368a3e00139f65710acd007dd501f4e0e827fb42ac70d7b9b43009c104d,mec_center,nccp,536.7172941,533.8543659,-2.8629282000000558,win,-28.629281999999876,-143.14640628061898,-68.11952470621827,-4.880319999999983,0.5564940000003844,0.0,-10.681550999999672,-13.623905000000377
holdout256,3,9,2a50e368a3e00139f65710acd007dd501f4e0e827fb42ac70d7b9b43009c104d,mec_center,segment_entry,536.7172941,534.1239921,-2.5933019999999942,win,-25.933019999999487,-129.6650955584737,-65.04556538932297,-3.446558999999752,1.1607099999991988,0.0,-10.638056999999662,-13.009113999999215
holdout256,3,9,2a50e368a3e00139f65710acd007dd501f4e0e827fb42ac70d7b9b43009c104d,nccp,segment_entry,533.8543659,534.1239921,0.26962620000006154,loss,2.696262000000388,13.481310722145281,3.073959316895298,1.4337610000002314,0.6042159999988144,0.0,0.04349400000000969,0.614791000001162
holdout256,3,10,9247fca90f8fbebd15323ca00ba4f0964bc7fc95532faa1f9932f3df9f656c1e,mec_center,nccp,329.7805835454546,328.4423862727273,-1.3381972727273137,win,-14.720170000000053,-73.60083911304173,-112.28305856374163,5.607028000000128,2.1294170000007853,0.0,0.0,-22.456615000001136
holdout256,3,10,9247fca90f8fbebd15323ca00ba4f0964bc7fc95532faa1f9932f3df9f656c1e,mec_center,segment_entry,329.7805835454546,328.45138909090906,-1.3291944545455294,win,-14.621139000000312,-73.10568594867436,-110.69242475288752,4.755513000000292,2.761833999999226,0.0,0.0,-22.138485999999943
holdout256,3,10,9247fca90f8fbebd15323ca00ba4f0964bc7fc95532faa1f9932f3df9f656c1e,nccp,segment_entry,328.4423862727273,328.45138909090906,0.009002818181784278,loss,0.09903099999974074,0.4951531643673661,1.590633810854115,-0.8515149999998357,0.6324169999984406,0.0,0.0,0.3181290000011927
holdout256,3,11,ec9c843f6552aa8341e42ffbeac58e55a80fc58b4b26dc5cfb42ea2334d3a042,mec_center,nccp,350.553525,349.00206192307695,-1.551463076923028,win,-20.169019999999364,-100.84509694313238,-115.02351930433679,-0.8168660000001182,3.6525529999989885,0.0,0.0,-23.00470699999778
holdout256,3,11,ec9c843f6552aa8341e42ffbeac58e55a80fc58b4b26dc5cfb42ea2334d3a042,mec_center,segment_entry,350.553525,349.02606569230767,-1.527459307692311,win,-19.856971000000158,-99.28486508930655,-114.84925288392265,-0.5658110000006218,3.67869200000041,0.0,0.0,-22.969851999999776
holdout256,3,11,ec9c843f6552aa8341e42ffbeac58e55a80fc58b4b26dc5cfb42ea2334d3a042,nccp,segment_entry,349.00206192307695,349.02606569230767,0.024003769230716898,loss,0.312048999999206,1.560231853825826,0.17426642041414198,0.25105499999949643,0.026139000001421664,0.0,0.0,0.03485499999800368
holdout256,3,12,b9a493761cc5829af2364f77f78498bb077d25d2944c02d45e47ed243748f00c,mec_center,nccp,346.3213884375,345.297304875,-1.0240835624999818,win,-16.38533699999971,-81.92665539419977,-160.06114201218907,3.0518259999996644,9.023388000000523,0.0,3.551680000000488,-32.01223100000044
holdout256,3,12,b9a493761cc5829af2364f77f78498bb077d25d2944c02d45e47ed243748f00c,mec_center,segment_entry,346.3213884375,345.3116278125,-1.0097606250000126,win,-16.156170000000202,-80.78081980140269,-153.98739339923236,2.062516999998934,9.047493999999915,0.0,3.5313020000003235,-30.797482999999716
holdout256,3,12,b9a493761cc5829af2364f77f78498bb077d25d2944c02d45e47ed243748f00c,nccp,segment_entry,345.297304875,345.3116278125,0.014322937499969157,loss,0.22916699999950652,1.1458355927970842,6.073748612956706,-0.9893090000007305,0.024105999999392225,0.0,-0.02037800000016432,1.214748000000725
holdout256,3,13,8c7c28bc91527d14b0f1c26f323ae509036076968fc93d48ec496ae01ec8a0ef,mec_center,nccp,382.7627895,380.6004498,-2.162339700000018,win,-21.623397000000296,-108.11697493370957,-118.66186930060212,0.38483499999983906,1.724142000000711,0.0,0.0,-23.73237400000079
holdout256,3,13,8c7c28bc91527d14b0f1c26f323ae509036076968fc93d48ec496ae01ec8a0ef,mec_center,segment_entry,382.7627895,380.6552825,-2.1075069999999982,win,-21.07506999999987,-105.37535950370511,-117.31390556511224,0.3292350000001534,2.0584750000002714,0.0,0.0,-23.462780000000464
holdout256,3,13,8c7c28bc91527d14b0f1c26f323ae509036076968fc93d48ec496ae01ec8a0ef,nccp,segment_entry,380.6004498,380.6552825,0.05483270000001994,loss,0.5483270000004268,2.741615430004458,1.3479637354898841,-0.05559999999968568,0.33433299999956034,0.0,0.0,0.26959400000032474
holdout256,3,14,722c5171373d63cd132a990d846fe6ddeb68bc79b64ea2d2388f3a0d2dd086c1,mec_center,nccp,385.19906019999996,383.7325416,-1.4665185999999721,win,-14.665185999999721,-73.3259349127984,-100.4130140826419,4.294327999999723,1.1230889999992542,0.0,0.0,-20.082602999998755
holdout256,3,14,722c5171373d63cd132a990d846fe6ddeb68bc79b64ea2d2388f3a0d2dd086c1,mec_center,segment_entry,385.19906019999996,383.7666274,-1.4324327999999582,win,-14.324327999999696,-71.62164344941266,-98.27916524622083,4.17627499999935,1.1552310000001853,0.0,0.0,-19.655833999999118
holdout256,3,14,722c5171373d63cd132a990d846fe6ddeb68bc79b64ea2d2388f3a0d2dd086c1,nccp,segment_entry,383.7325416,383.7666274,0.03408580000001393,loss,0.34085800000002564,1.7042914633857436,2.133848836421066,-0.11805300000037278,0.03214200000093115,0.0,0.0,0.4267689999996378
holdout256,3,15,8762ef1433fae22d99fe62fd66cb0aeb7a85dcbabf996570bddd0296b2f2f353,mec_center,nccp,315.6166272,314.63762979999996,-0.9789974000000257,win,-14.68496099999993,-73.42479899111277,-124.084799973813,1.5812170000001515,4.8656510000005255,0.0,3.685131999999612,-24.816960999999992
holdout256,3,15,8762ef1433fae22d99fe62fd66cb0aeb7a85dcbabf996570bddd0296b2f2f353,mec_center,segment_entry,315.6166272,314.598574,-1.018053199999997,win,-15.270797999999559,-76.35400341796776,-120.91370286858046,0.25939199999993434,4.97809000000052,0.0,3.674459000000752,-24.18273900000088
holdout256,3,15,8762ef1433fae22d99fe62fd66cb0aeb7a85dcbabf996570bddd0296b2f2f353,nccp,segment_entry,314.63762979999996,314.598574,-0.03905579999997144,win,-0.5858369999996285,-2.9292044268549944,3.1710971052325476,-1.3218250000002172,0.11243899999999485,0.0,-0.010672999998860178,0.634221999999113
holdout256,3,16,c8b7a036d7531012567ebfc8eecccb5fd70029aaedf4be230740dbf72ffbf754,mec_center,nccp,276.1305555384615,274.7032847692308,-1.427270769230745,win,-18.554519999999684,-92.77259861190578,-97.20204181276904,-2.412498999999798,3.2983880000003865,0.0,0.0,-19.440409000000386
holdout256,3,16,c8b7a036d7531012567ebfc8eecccb5fd70029aaedf4be230740dbf72ffbf754,mec_center,segment_entry,276.1305555384615,274.73146023076924,-1.3990953076922779,win,-18.188238999999612,-90.94118572480329,-95.35778292929626,-2.020040999999992,2.9033599999988837,0.0,0.0,-19.07155799999839
holdout256,3,16,c8b7a036d7531012567ebfc8eecccb5fd70029aaedf4be230740dbf72ffbf754,nccp,segment_entry,274.7032847692308,274.73146023076924,0.02817546153846706,loss,0.3662810000000718,1.8314128871024877,1.8442588834727758,0.3924579999998059,-0.39502800000150273,0.0,0.0,0.368851000001996
holdout256,3,17,a5e27d02a0695b12df58c9ea22b6b7858545b3e771e1904dfd2d1fb9a266ad1f,mec_center,nccp,297.2259542142857,295.41006685714285,-1.8158873571428558,win,-25.42242299999998,-127.11211293188171,-144.29619449678194,-2.2965519999997923,5.7333690000004935,0.0,0.0,-28.859240000000568
holdout256,3,17,a5e27d02a0695b12df58c9ea22b6b7858545b3e771e1904dfd2d1fb9a266ad1f,mec_center,segment_entry,297.2259542142857,295.4286959285714,-1.7972582857142925,win,-25.161616000000322,-125.80808828505178,-143.10518062716483,-2.294217000000799,5.753635999998551,0.0,0.0,-28.621034999998017
holdout256,3,17,a5e27d02a0695b12df58c9ea22b6b7858545b3e771e1904dfd2d1fb9a266ad1f,nccp,segment_entry,295.41006685714285,295.4286959285714,0.018629071428563293,loss,0.26080699999965873,1.3040246468299301,1.1910138696171089,0.0023349999989932257,0.020266999998057145,0.0,0.0,0.23820500000255151
holdout256,3,18,f5b21402c7f3b0d5cfe4bee177600bdcc03ef7890d4d89214c5dd2d214e3900b,mec_center,nccp,314.5922673571428,313.16034042857143,-1.4319269285713858,win,-20.04697699999997,-100.2348830793635,-77.99050509632252,-1.029497999999876,-3.419376000000284,0.0,0.0,-15.598102999999583
holdout256,3,18,f5b21402c7f3b0d5cfe4bee177600bdcc03ef7890d4d89214c5dd2d214e3900b,mec_center,segment_entry,314.5922673571428,313.1082502857143,-1.484017071428525,win,-20.776238999999805,-103.88118770664732,-82.50134521201244,-0.5952979999997297,-3.6806690000009894,0.0,4.547473508864641e-13,-16.500271999999427
holdout256,3,18,f5b21402c7f3b0d5cfe4bee177600bdcc03ef7890d4d89214c5dd2d214e3900b,nccp,segment_entry,313.16034042857143,313.1082502857143,-0.0520901428571392,win,-0.7292619999998351,-3.6463046272838255,-4.510840115689916,0.43420000000014625,-0.26129300000070543,0.0,4.547473508864641e-13,-0.9021689999998443
holdout256,3,19,921d68e4e289ac9990b89e96cb5855ca851d9b00b73e53498b87610de9ae038c,mec_center,nccp,329.81714427272726,327.7340407272727,-2.0831035454545486,win,-22.914138999999977,-114.57069815284922,-111.79679868537323,0.17735399999992296,-0.7321319999989555,0.0,0.0,-22.359361000000945
holdout256,3,19,921d68e4e289ac9990b89e96cb5855ca851d9b00b73e53498b87610de9ae038c,mec_center,segment_entry,329.81714427272726,328.072234,-1.7449102727272816,win,-19.194012999999813,-95.97007116194254,-101.72448136575031,0.5925689999996848,0.5583140000001094,0.0,0.0,-20.34489599999972
holdout256,3,19,921d68e4e289ac9990b89e96cb5855ca851d9b00b73e53498b87610de9ae038c,nccp,segment_entry,327.7340407272727,328.072234,0.33819327272726696,loss,3.720126000000164,18.600626990906676,10.072317319622925,0.41521499999976186,1.290445999999065,0.0,0.0,2.0144650000012234
holdout256,3,20,a7f560f6f5928e95f7aa7b1c9b1210c6770c6fc0237ba3640efaf5b908f81d24,mec_center,nccp,423.8898621,421.99439490000003,-1.8954671999999846,win,-18.954671999999846,-94.77336375340747,-99.14713909730858,-2.5633760000002894,3.4381300000002284,0.0,0.0,-19.8294259999999
holdout256,3,20,a7f560f6f5928e95f7aa7b1c9b1210c6770c6fc0237ba3640efaf5b908f81d24,mec_center,segment_entry,423.8898621,422.0412496,-1.8486125000000015,win,-18.486125000000357,-92.43062092698892,-98.08659838998824,-2.0872000000001663,3.218393999999307,0.0,0.0,-19.617318999999497
holdout256,3,20,a7f560f6f5928e95f7aa7b1c9b1210c6770c6fc0237ba3640efaf5b908f81d24,nccp,segment_entry,421.99439490000003,422.0412496,0.04685469999998304,loss,0.46854699999948934,2.3427428264185437,1.0605407073203423,0.47617600000012317,-0.2197360000009212,0.0,0.0,0.21210700000040106
holdout256,3,21,85e1600310a647a22e703a52f96724d2d31bec5b888ffcd23ae3a80767adf336,mec_center,nccp,260.67945960000003,258.9438063333333,-1.7356532666667022,win,-26.03479900000002,-130.17397485942274,-108.25393329175768,-0.6193519999994805,-3.764659000000165,0.0,0.0,-21.650788000000375
holdout256,3,21,85e1600310a647a22e703a52f96724d2d31bec5b888ffcd23ae3a80767adf336,mec_center,segment_entry,260.67945960000003,258.94325713333336,-1.7362024666666684,win,-26.043036999999913,-130.21515969417123,-108.17839539845727,-0.5633679999996275,-3.843987000000425,0.0,0.0,-21.635681999999747
holdout256,3,21,85e1600310a647a22e703a52f96724d2d31bec5b888ffcd23ae3a80767adf336,nccp,segment_entry,258.9438063333333,258.94325713333336,-0.0005491999999662767,win,-0.008237999999892054,-0.041184834748491994,0.07553789330040672,0.05598399999985304,-0.07932800000025964,0.0,0.0,0.015106000000628228
holdout256,3,22,eed7592995b40b9a462c13c5922c10d606c3a03d4a694de4f7c5c06e0a49b5f4,mec_center,nccp,292.3165954285714,289.98526164285715,-2.331333785714264,win,-32.638672999999926,-163.1933783100758,-233.2704769241452,-2.418946999999889,16.434366000000182,0.0,0.0,-46.65409200000016
holdout256,3,22,eed7592995b40b9a462c13c5922c10d606c3a03d4a694de4f7c5c06e0a49b5f4,mec_center,segment_entry,292.3165954285714,290.0284687142857,-2.288126714285738,win,-32.033773999999994,-160.16888779105648,-232.2406766950594,-2.161279000000377,16.575636000000486,0.0,0.0,-46.44813100000016
holdout256,3,22,eed7592995b40b9a462c13c5922c10d606c3a03d4a694de4f7c5c06e0a49b5f4,nccp,segment_entry,289.98526164285715,290.0284687142857,0.04320707142852598,loss,0.6048989999999321,3.0244905190193094,1.0298002290858221,0.2576679999995122,0.1412700000003042,0.0,0.0,0.20596100000000206
holdout256,3,23,1b42215ea67b26e1a17821d18ec81f95ce2d81d870fc52f4b8b606c337587c2e,mec_center,nccp,347.7353065,345.77155941666666,-1.9637470833333168,win,-23.564964999999575,-117.82483136182782,-127.96192953375794,0.35748099999977967,1.6699390000003405,0.0,0.0,-25.592384999999922
holdout256,3,23,1b42215ea67b26e1a17821d18ec81f95ce2d81d870fc52f4b8b606c337587c2e,mec_center,segment_entry,347.7353065,345.786237,-1.9490694999999505,win,-23.388833999999406,-116.94417627278744,-124.54227819539119,0.29829799999993156,1.221323000000666,0.0,0.0,-24.908455000000117
holdout256,3,23,1b42215ea67b26e1a17821d18ec81f95ce2d81d870fc52f4b8b606c337587c2e,nccp,segment_entry,345.77155941666666,345.786237,0.014677583333366329,loss,0.17613100000016857,0.8806550890403742,3.419651338366748,-0.05918299999984811,-0.4486159999996744,0.0,0.0,0.6839299999998047
holdout256,3,24,46fa8d7a5b46d878030fcaaac0d6282d380c5b09a173ce109496199f73d21ab1,mec_center,nccp,302.9569119166667,301.341722,-1.6151899166666794,win,-19.382278999999926,-96.91141276704184,-95.33794089921639,0.3282099999998991,-0.6429009999988011,0.0,0.0,-19.067588000001138
holdout256,3,24,46fa8d7a5b46d878030fcaaac0d6282d380c5b09a173ce109496199f73d21ab1,mec_center,segment_entry,302.9569119166667,301.3699179166667,-1.5869940000000042,win,-19.04392800000005,-95.21964292127268,-91.23875410156552,0.1692379999997229,-0.9654149999996662,0.0,0.0,-18.247751000000335
holdout256,3,24,46fa8d7a5b46d878030fcaaac0d6282d380c5b09a173ce109496199f73d21ab1,nccp,segment_entry,301.341722,301.3699179166667,0.028195916666675203,loss,0.33835099999987506,1.6917698457691586,4.099186797650873,-0.1589720000001762,-0.32251400000086505,0.0,0.0,0.8198370000008026
holdout256,3,25,4ee4c9e92e40cd4b23a09ea0f359e2a4d2490873bc9cfcd0ecf795f85195ee52,mec_center,nccp,271.335277,269.55625925,-1.7790177500000368,win,-28.46428400000059,-142.32141479134225,-134.56722584216232,-6.4962680000003274,4.945428000000902,0.0,0.0,-26.913444000001505
holdout256,3,25,4ee4c9e92e40cd4b23a09ea0f359e2a4d2490873bc9cfcd0ecf795f85195ee52,mec_center,segment_entry,271.335277,269.5971926875,-1.738084312500007,win,-27.80934900000011,-139.04676127386847,-128.50662728613452,-5.552182999999786,3.444155999999566,0.0,0.0,-25.701322000000232
holdout256,3,25,4ee4c9e92e40cd4b23a09ea0f359e2a4d2490873bc9cfcd0ecf795f85195ee52,nccp,segment_entry,269.55625925,269.5971926875,0.04093343750002987,loss,0.6549350000004779,3.27465351747378,6.060598556027799,0.9440850000005412,-1.501272000001336,0.0,0.0,1.2121220000012727
holdout256,3,26,7cf7eb8a5764762c41d6e2e7bd231f86b1dad01a5a71f21f380b2e9de7cc43dd,mec_center,nccp,296.8788535714286,294.9865791428571,-1.8922744285714543,win,-26.49184200000036,-132.45919731171307,-135.71843524740098,-3.7844460000007984,4.4362919999991846,0.0,0.0,-27.143687999998747
holdout256,3,26,7cf7eb8a5764762c41d6e2e7bd231f86b1dad01a5a71f21f380b2e9de7cc43dd,mec_center,segment_entry,296.8788535714286,295.0460577857143,-1.8327957857142678,win,-25.65914100000009,-128.2957095027341,-133.50267995574222,-2.699896000000308,3.741290999999819,0.0,0.0,-26.7005359999996
holdout256,3,26,7cf7eb8a5764762c41d6e2e7bd231f86b1dad01a5a71f21f380b2e9de7cc43dd,nccp,segment_entry,294.9865791428571,295.0460577857143,0.059478642857186514,loss,0.8327010000002701,4.163487808978971,2.215755291658752,1.0845500000004904,-0.6950009999993654,0.0,0.0,0.4431519999991451
holdout256,3,27,8616a2d919ca2627b8e6b20cc10fa580e6b77e7ad4679bff705ddf8fd2d45496,mec_center,nccp,354.1718471666666,352.4856910833333,-1.6861560833333442,win,-20.23387300000013,-101.1693616966586,-110.02470970936929,0.8176030000004175,0.9534660000003896,0.0,0.0,-22.00494200000054
holdout256,3,27,8616a2d919ca2627b8e6b20cc10fa580e6b77e7ad4679bff705ddf8fd2d45496,mec_center,segment_entry,354.1718471666666,352.80092183333335,-1.3709253333332754,win,-16.45110399999976,-82.25552173677352,-105.25400977307982,2.5575890000009167,2.042110999999977,0.0,0.0,-21.050804000000085
holdout256,3,27,8616a2d919ca2627b8e6b20cc10fa580e6b77e7ad4679bff705ddf8fd2d45496,nccp,segment_entry,352.4856910833333,352.80092183333335,0.31523075000006884,loss,3.7827690000003713,18.91383995988508,4.770699936289475,1.7399860000004992,1.0886449999995875,0.0,0.0,0.9541380000004551
holdout256,3,28,bf4eb3d6246d218c63bda965668b97b3622f70a0d6e77cbcd7e0cda6a2e505c2,mec_center,nccp,398.417462,396.0352008,-2.3822612000000163,win,-23.822611999999936,-119.11305834314226,-104.41744072986921,-6.552160999999842,3.6130369999987124,0.0,0.0,-20.883487999998636
holdout256,3,28,bf4eb3d6246d218c63bda965668b97b3622f70a0d6e77cbcd7e0cda6a2e505c2,mec_center,segment_entry,398.417462,396.0382812,-2.3791808000000287,win,-23.791807999999946,-118.95904275434441,-102.47069906187266,-6.481039999999439,3.1833719999995083,0.0,0.0,-20.49413999999973
holdout256,3,28,bf4eb3d6246d218c63bda965668b97b3622f70a0d6e77cbcd7e0cda6a2e505c2,nccp,segment_entry,396.0352008,396.0382812,0.0030803999999875487,loss,0.030803999999989173,0.15401558879784716,1.9467416679965481,0.071121000000403,-0.42966499999920416,0.0,0.0,0.389347999998904
holdout256,3,29,8552dc0b07f24fc3d83b5e97fea6272e4940eb1fef611db30a26203d99fad011,mec_center,nccp,290.03864566666664,288.6461257333333,-1.3925199333333467,win,-20.887799000000086,-104.43899041424447,-123.9118766205545,-0.8113109999994776,4.705888999999615,0.0,0.0,-24.782377000000224
holdout256,3,29,8552dc0b07f24fc3d83b5e97fea6272e4940eb1fef611db30a26203d99fad011,mec_center,segment_entry,290.03864566666664,288.70651706666666,-1.332128599999976,win,-19.98192899999958,-99.909638395824,-121.5089264424414,-0.1608069999995223,4.480663000000277,0.0,0.0,-24.301785000000507
holdout256,3,29,8552dc0b07f24fc3d83b5e97fea6272e4940eb1fef611db30a26203d99fad011,nccp,segment_entry,288.6461257333333,288.70651706666666,0.06039133333337077,loss,0.9058700000005047,4.529352018420468,2.4029501781130875,0.6505039999999553,-0.22522599999933846,0.0,0.0,0.48059199999971725
holdout256,3,30,31a558c70470d9ae83ae75aae1b6e8f005e5f0354031cf22dc4bf1c7c9c53ec5,mec_center,nccp,373.9302673,366.8820815,-7.048185799999999,win,-70.4818580000001,-352.40930106539963,-112.00385530638619,-3.6200650000009773,-44.461023000000296,0.0,0.0,-22.400769999998886
holdout256,3,30,31a558c70470d9ae83ae75aae1b6e8f005e5f0354031cf22dc4bf1c7c9c53ec5,mec_center,segment_entry,373.9302673,366.9258194,-7.004447900000002,win,-70.04447900000014,-350.22241274163207,-110.79643987607847,-3.218231000000742,-44.66696200000092,0.0,0.0,-22.159285999998588
holdout256,3,30,31a558c70470d9ae83ae75aae1b6e8f005e5f0354031cf22dc4bf1c7c9c53ec5,nccp,segment_entry,366.8820815,366.9258194,0.043737899999996444,loss,0.43737899999996444,2.186888323767562,1.2074154303077194,0.4018340000002354,-0.20593900000062604,0.0,0.0,0.24148400000029824
holdout256,3,31,d7625801c8d018e021ae20390febed5f59254aa2a265fc9aafb74bdb3cf2463e,mec_center,nccp,358.64826054545455,357.49806054545456,-1.150199999999984,win,-12.652199999999993,-63.26100015391239,-100.8917630917349,1.504022999999961,6.022128000000066,0.0,0.0,-20.178351000000134
holdout256,3,31,d7625801c8d018e021ae20390febed5f59254aa2a265fc9aafb74bdb3cf2463e,mec_center,segment_entry,358.64826054545455,357.4044943636364,-1.2437661818181596,win,-13.681427999999869,-68.40712786042059,-97.87567023491124,1.1600009999999656,4.733706000000211,0.0,0.0,-19.575135000000216
holdout256,3,31,d7625801c8d018e021ae20390febed5f59254aa2a265fc9aafb74bdb3cf2463e,nccp,segment_entry,357.49806054545456,357.4044943636364,-0.09356618181817566,win,-1.0292279999998755,-5.146127706508196,3.0160928568236614,-0.3440219999999954,-1.288421999999855,0.0,0.0,0.603215999999918
holdout256,3,32,ff3789e81ca7a352f1cea24d927775128fcbacad4599e25640209162a6ddb2f9,mec_center,nccp,348.0753742727273,346.5101039090909,-1.5652703636363867,win,-17.21797400000014,-86.08987650699964,-73.14481491854826,-3.19638200000054,0.6073700000006284,0.0,0.0,-14.628962000000229
holdout256,3,32,ff3789e81ca7a352f1cea24d927775128fcbacad4599e25640209162a6ddb2f9,mec_center,segment_entry,348.0753742727273,346.62198254545456,-1.4533917272727308,win,-15.987309000000096,-79.93654304190022,-70.23828250629117,-3.04730999999947,1.1076570000000174,0.0,0.0,-14.04765600000087
holdout256,3,32,ff3789e81ca7a352f1cea24d927775128fcbacad4599e25640209162a6ddb2f9,nccp,segment_entry,346.5101039090909,346.62198254545456,0.11187863636365591,loss,1.2306650000000445,6.153333465099422,2.906532412257093,0.14907200000106968,0.5002869999993891,0.0,0.0,0.5813059999993584
holdout256,3,33,8586874e453d9054ab3303ddb21c13b864b8058014ecb3ab7f86e40e9e82a6d7,mec_center,nccp,266.50962880000003,264.50942713333336,-2.000201666666669,win,-30.00302499999998,-150.01513324190455,-154.1571292051833,4.838456999999607,-4.010055999999622,0.0,0.0,-30.831425999999624
holdout256,3,33,8586874e453d9054ab3303ddb21c13b864b8058014ecb3ab7f86e40e9e82a6d7,mec_center,segment_entry,266.50962880000003,264.41247146666666,-2.097157333333371,win,-31.45735999999988,-157.28681247388522,-151.48610946549502,4.3176719999994475,-5.477810999999065,0.0,0.0,-30.29722099999981
holdout256,3,33,8586874e453d9054ab3303ddb21c13b864b8058014ecb3ab7f86e40e9e82a6d7,nccp,segment_entry,264.50942713333336,264.41247146666666,-0.09695566666670175,win,-1.454334999999901,-7.27167923198067,2.6710197396882904,-0.5207850000001599,-1.4677549999994426,0.0,0.0,0.5342049999998153
holdout256,3,34,11e8321492888dd30ffb55d73d24cc2ed4a9228537ca835406fab31bb8853001,mec_center,nccp,258.66045528571425,257.80073578571427,-0.8597194999999829,win,-12.03607299999976,-60.18039752749246,-94.9892831270804,3.557412999999997,3.4043689999998605,0.0,0.0,-18.997854999999618
holdout256,3,34,11e8321492888dd30ffb55d73d24cc2ed4a9228537ca835406fab31bb8853001,mec_center,segment_entry,258.66045528571425,257.6989126428571,-0.9615426428571254,win,-13.461596999999983,-67.30800887596706,-98.06900986069377,2.7705780000007962,3.3816250000013497,0.0,0.0,-19.613800000002016
holdout256,3,34,11e8321492888dd30ffb55d73d24cc2ed4a9228537ca835406fab31bb8853001,nccp,segment_entry,257.80073578571427,257.6989126428571,-0.10182314285714256,win,-1.4255240000002232,-7.127611348474602,-3.07972673361337,-0.7868349999992006,-0.022743999998510844,0.0,0.0,-0.615945000002398
holdout256,3,35,19591a0ab3f175ba3f02c5e216997880bbcda68fee822afe3406f7e057da03e8,mec_center,nccp,399.5031332,397.5276561,-1.9754770999999778,win,-19.75477099999989,-98.77386406500955,-107.21083163213541,0.7231919999999263,0.964200999999548,0.0,0.0,-21.442163999999423
holdout256,3,35,19591a0ab3f175ba3f02c5e216997880bbcda68fee822afe3406f7e057da03e8,mec_center,segment_entry,399.5031332,397.5660969,-1.9370362999999884,win,-19.370362999999998,-96.8518190140112,-106.1713863900552,0.8651519999998527,0.9987609999998313,0.0,0.0,-21.234275999999795
holdout256,3,35,19591a0ab3f175ba3f02c5e216997880bbcda68fee822afe3406f7e057da03e8,nccp,segment_entry,397.5276561,397.5660969,0.038440799999989395,loss,0.38440799999989395,1.9220450509983493,1.0394452420802054,0.14195999999992637,0.03456000000028325,0.0,0.0,0.20788799999962748
holdout256,3,36,df22565dfede72212d6a1d2a2b710e768632c84890d31e07115b0e55c41f96de,mec_center,nccp,298.9852482,297.1664854666667,-1.8187627333333012,win,-27.281441000000086,-136.40721611320987,-152.9165014042219,-1.03449999999998,4.336356999999225,0.0,0.0,-30.583297999999104
holdout256,3,36,df22565dfede72212d6a1d2a2b710e768632c84890d31e07115b0e55c41f96de,mec_center,segment_entry,298.9852482,297.16793633333333,-1.817311866666671,win,-27.25967800000035,-136.29839760064715,-149.1810388812587,-1.7773540000011963,4.353881000000001,0.0,0.0,-29.836204999998927
holdout256,3,36,df22565dfede72212d6a1d2a2b710e768632c84890d31e07115b0e55c41f96de,nccp,segment_entry,297.1664854666667,297.16793633333333,0.0014508666666301906,loss,0.021762999999737076,0.10881851256272057,3.7354625229631893,-0.7428540000012163,0.01752400000077614,0.0,0.0,0.7470930000001772
holdout256,3,37,aea367823a1d24cd0634588a767be7e156eb6c6630a8c4ec5a31e81a7cec95ea,mec_center,nccp,297.8575573333333,296.6835183333333,-1.1740389999999934,win,-14.08846799999992,-70.44235185279467,-87.25691825521244,3.657807999999932,-0.2948939999994309,0.0,0.0,-17.451382000000137
holdout256,3,37,aea367823a1d24cd0634588a767be7e156eb6c6630a8c4ec5a31e81a7cec95ea,mec_center,segment_entry,297.8575573333333,296.88722808333335,-0.9703292499999634,win,-11.643951000000015,-58.21976693219767,-83.50471968328657,4.798324999999977,0.2586660000010852,0.0,0.0,-16.700942000000907
holdout256,3,37,aea367823a1d24cd0634588a767be7e156eb6c6630a8c4ec5a31e81a7cec95ea,nccp,segment_entry,296.6835183333333,296.88722808333335,0.20370975000003,loss,2.4445169999999052,12.222584920597,3.7521985719258737,1.1405170000000453,0.5535600000005161,0.0,0.0,0.7504399999992302
holdout256,3,38,a4b8daea4e693e0b439df437e5a1f7dee8ee423c94df4d8180aeb5c0d14615d1,mec_center,nccp,318.7363153076923,315.8821460769231,-2.8541692307691733,win,-37.104199999999764,-185.52100124540084,-147.0229659169579,-7.461829999999509,-0.2377769999998236,0.0,0.0,-29.404593000000432
holdout256,3,38,a4b8daea4e693e0b439df437e5a1f7dee8ee423c94df4d8180aeb5c0d14615d1,mec_center,segment_entry,318.7363153076923,316.0106833846154,-2.7256319230768895,win,-35.43321500000002,-177.1660583086814,-143.3792949312292,-7.059582999999748,0.3022280000000137,0.0,0.0,-28.675860000000114
holdout256,3,38,a4b8daea4e693e0b439df437e5a1f7dee8ee423c94df4d8180aeb5c0d14615d1,nccp,segment_entry,315.8821460769231,316.0106833846154,0.12853730769228378,loss,1.670984999999746,8.354942936719453,3.643670985728704,0.4022469999997611,0.5400049999998373,0.0,0.0,0.728733000000318
holdout256,3,39,bb7c2f1d6a57e925514896315cef45a7b6b1949a61a2f2954ea8121e2abe6525,mec_center,nccp,263.3225841875,262.0397674375,-1.282816749999995,win,-20.52506799999992,-102.62532596265737,-110.39479925813839,1.4991860000004635,0.05470800000011877,0.0,0.0,-22.0789620000005
holdout256,3,39,bb7c2f1d6a57e925514896315cef45a7b6b1949a61a2f2954ea8121e2abe6525,mec_center,segment_entry,263.3225841875,261.95081425,-1.3717699375000052,win,-21.948319000000083,-109.74160010753258,-101.37825731932071,-0.17228299999965202,-1.5003840000008495,0.0,0.0,-20.27565199999958
holdout256,3,39,bb7c2f1d6a57e925514896315cef45a7b6b1949a61a2f2954ea8121e2abe6525,nccp,segment_entry,262.0397674375,261.95081425,-0.08895318750001024,win,-1.423251000000164,-7.116274144875206,9.016541938817682,-1.6714690000001156,-1.5550920000009683,0.0,0.0,1.80331000000092
holdout256,3,40,fda54c2d8f3ebb231952bc382ce8d474a0a5482c29f00a84876cf6aa900e2047,mec_center,nccp,277.87032086666665,276.75128920000003,-1.119031666666615,win,-16.78547499999968,-83.9273579487417,-135.743780355142,7.671216000000186,2.6920659999991585,0.0,0.0,-27.148756999999364
holdout256,3,40,fda54c2d8f3ebb231952bc382ce8d474a0a5482c29f00a84876cf6aa900e2047,mec_center,segment_entry,277.87032086666665,276.6522137333333,-1.2181071333333193,win,-18.271606999999676,-91.35800588280108,-135.06286323281347,7.611901000000671,1.129067999999279,0.0,0.0,-27.012575999999626
holdout256,3,40,fda54c2d8f3ebb231952bc382ce8d474a0a5482c29f00a84876cf6aa900e2047,nccp,segment_entry,276.75128920000003,276.6522137333333,-0.09907546666670441,win,-1.4861319999999978,-7.43064793405938,0.6809171223285375,-0.05931499999951484,-1.5629979999998795,0.0,0.0,0.13618099999973765
holdout256,3,41,0c4c409a025a36abb8e0b5a2f1883653f110bfea94bfd44d0000461becaf4091,mec_center,nccp,308.551225,307.13297253846156,-1.4182524615384295,win,-18.43728199999987,-92.18638754467247,-129.55421572327487,4.848812999999382,2.624751000000515,0.0,0.0,-25.91084599999982
holdout256,3,41,0c4c409a025a36abb8e0b5a2f1883653f110bfea94bfd44d0000461becaf4091,mec_center,segment_entry,308.551225,307.09533307692305,-1.4558919230769334,win,-18.926594999999907,-94.63296480872305,-121.87265804369167,4.981264999999439,0.4666719999997895,0.0,0.0,-24.374531999999306
holdout256,3,41,0c4c409a025a36abb8e0b5a2f1883653f110bfea94bfd44d0000461becaf4091,nccp,segment_entry,307.13297253846156,307.09533307692305,-0.03763946153850384,win,-0.4893130000000383,-2.4465772640505747,7.681557679583193,0.13245200000005752,-2.1580790000007255,0.0,0.0,1.536314000000516
holdout256,3,42,c2a7935c6f9463762099e067844f5d19de4550d306d7c3b3865f291773389e14,mec_center,nccp,290.48095639999997,288.5837098,-1.89724659999996,win,-28.458698999999797,-142.29351394511468,-137.43519170785976,3.0632600000001275,-4.034922000000279,0.0,0.0,-27.48703699999959
holdout256,3,42,c2a7935c6f9463762099e067844f5d19de4550d306d7c3b3865f291773389e14,mec_center,segment_entry,290.48095639999997,288.58232419999996,-1.8986322000000087,win,-28.479483000000073,-142.3974214118498,-133.1295693741249,1.7481379999999263,-3.6017090000004828,0.0,0.0,-26.625911999999175
holdout256,3,42,c2a7935c6f9463762099e067844f5d19de4550d306d7c3b3865f291773389e14,nccp,segment_entry,288.5837098,288.58232419999996,-0.0013856000000487256,win,-0.020784000000276137,-0.10390746673510876,4.305622333734846,-1.3151220000002013,0.433212999999796,0.0,0.0,0.8611250000004134
holdout256,3,43,ae69e029a15b82cb26bf7d2cf44cd86f4643c9e049d1067bdd6e8052fc75ee08,mec_center,nccp,301.18335241666665,300.56628366666666,-0.6170687499999872,win,-7.4048250000000735,-37.024136153539075,-93.25448712595812,1.5951979999999821,9.650872999999365,0.0,0.0,-18.650895999999477
holdout256,3,43,ae69e029a15b82cb26bf7d2cf44cd86f4643c9e049d1067bdd6e8052fc75ee08,mec_center,segment_entry,301.18335241666665,300.61620450000004,-0.5671479166666131,win,-6.805774999999812,-34.02887760879821,-91.54098497023074,1.678809000000001,9.823610999998891,0.0,0.0,-18.308194999998705
holdout256,3,43,ae69e029a15b82cb26bf7d2cf44cd86f4643c9e049d1067bdd6e8052fc75ee08,nccp,segment_entry,300.56628366666666,300.61620450000004,0.04992083333337405,loss,0.5990500000002612,2.9952585447408637,1.713502155727383,0.08361100000001898,0.17273799999952644,0.0,0.0,0.34270100000077264
holdout256,3,44,0194eb45ecf9b2e3ede7a867befe27c5a902438e0ae756eafae6cbe6bd212ea8,mec_center,nccp,362.1398613636363,360.05980427272726,-2.080057090909065,win,-22.880627999999888,-114.40313610108205,-93.24070910901446,-3.365220000000818,-0.8672649999994064,0.0,0.0,-18.648142999999664
holdout256,3,44,0194eb45ecf9b2e3ede7a867befe27c5a902438e0ae756eafae6cbe6bd212ea8,mec_center,segment_entry,362.1398613636363,360.1341098181818,-2.0057515454545296,win,-22.063266999999996,-110.31634347018735,-91.14729337596646,-3.358433000000332,-0.4753750000004402,0.0,0.0,-18.229458999999224
holdout256,3,44,0194eb45ecf9b2e3ede7a867befe27c5a902438e0ae756eafae6cbe6bd212ea8,nccp,segment_entry,360.05980427272726,360.1341098181818,0.0743055454545356,loss,0.8173609999998916,4.086792630894706,2.0934157330480048,0.006787000000485932,0.39188999999896623,0.0,0.0,0.4186840000004395
holdout256,3,45,ef0a07cd1ff5da8e38c21b89a5aa8d70c61a0c8e2861a0e78f292f9fcc554fae,mec_center,nccp,263.7060838125,261.849392125,-1.8566916875000175,win,-29.70706700000028,-148.5353219454919,49.74858384186791,2.0493480000002364,-42.64118499999927,0.0,0.9350539999995817,9.949715999999057
holdout256,3,45,ef0a07cd1ff5da8e38c21b89a5aa8d70c61a0c8e2861a0e78f292f9fcc554fae,mec_center,segment_entry,263.7060838125,261.8986486875,-1.8074351250000404,win,-28.918962000000647,-144.59480146355418,54.829484571320336,1.6141670000001795,-42.477474999999686,0.0,0.9784499999991567,10.965895999999589
holdout256,3,45,ef0a07cd1ff5da8e38c21b89a5aa8d70c61a0c8e2861a0e78f292f9fcc554fae,nccp,segment_entry,261.849392125,261.8986486875,0.04925656249997701,loss,0.7881049999996321,3.9405204819377104,5.0809007294524235,-0.4351810000000569,0.16370999999958258,0.0,0.043395999999575,1.0161800000005314
holdout256,3,46,c5d383636404f77496d487c21f7df5a2ee50f591cd6dd84b2de3e74869248afd,mec_center,nccp,319.3248336428572,317.4697855,-1.8550481428571857,win,-25.970674000000145,-129.85337090317262,-131.51085354974043,1.6568330000002334,-1.3253370000006726,0.0,0.0,-26.302169999999478
holdout256,3,46,c5d383636404f77496d487c21f7df5a2ee50f591cd6dd84b2de3e74869248afd,mec_center,segment_entry,319.3248336428572,317.38336385714285,-1.9414697857143324,win,-27.180577000000085,-135.9028801788263,-129.58927975708775,0.185015000000476,-1.4477370000013252,0.0,0.0,-25.91785499999878
holdout256,3,46,c5d383636404f77496d487c21f7df5a2ee50f591cd6dd84b2de3e74869248afd,nccp,segment_entry,317.4697855,317.38336385714285,-0.08642164285714671,win,-1.2099029999999402,-6.049509275653691,1.92157379265268,-1.4718179999997574,-0.12240000000065265,0.0,0.0,0.3843150000006972
holdout256,3,47,3da8bc48a2d0f980ca404aeadb2582aa149e95bf0c60315a71e369657b94f1c3,mec_center,nccp,370.76211079999996,369.32289679999997,-1.4392139999999927,win,-14.392139999999927,-71.96069624131087,-101.94630772532787,3.329390999999532,2.6677290000000085,0.0,0.0,-20.389259999999524
holdout256,3,47,3da8bc48a2d0f980ca404aeadb2582aa149e95bf0c60315a71e369657b94f1c3,mec_center,segment_entry,370.76211079999996,369.29685,-1.4652607999999532,win,-14.652607999999873,-73.26304266859552,-100.84135471632749,2.83850199999938,2.677159000000529,0.0,0.0,-20.168268999999782
holdout256,3,47,3da8bc48a2d0f980ca404aeadb2582aa149e95bf0c60315a71e369657b94f1c3,nccp,segment_entry,369.32289679999997,369.29685,-0.026046799999960513,win,-0.2604679999999462,-1.3023464272846468,1.1049530090003827,-0.490889000000152,0.009430000000520522,0.0,0.0,0.22099099999974214
holdout256,3,48,8e5d4087d461339d560b3691846a4b22dc9a1228b9b044e0ff2956fcce6fb248,mec_center,nccp,209.5551980625,208.520560125,-1.0346379375000083,win,-16.554207000000133,-82.77104389665328,-133.69775815615003,0.5054769999997006,9.679868000000624,0.0,4.547473508864641e-13,-26.7395520000008
holdout256,3,48,8e5d4087d461339d560b3691846a4b22dc9a1228b9b044e0ff2956fcce6fb248,mec_center,segment_entry,209.5551980625,208.4876663125,-1.0675317500000006,win,-17.08050800000001,-85.40253238087098,-132.09966460254873,0.39355799999975716,8.945870000000468,0.0,4.547473508864641e-13,-26.41993600000069
holdout256,3,48,8e5d4087d461339d560b3691846a4b22dc9a1228b9b044e0ff2956fcce6fb248,nccp,segment_entry,208.520560125,208.4876663125,-0.03289381249999224,win,-0.5263009999998758,-2.631488484217698,1.5980935536013021,-0.11191899999994348,-0.733998000000156,0.0,0.0,0.31961600000011003
holdout256,3,49,5683c3d88b6105ff2eac65dbf31432f4d73c9dde01cc628b9fb7320aaf28fd73,mec_center,nccp,259.528785625,257.7016535,-1.8271321249999914,win,-29.234113999999863,-146.17058769056166,-147.22898556607015,2.3461470000006557,-2.13446799999997,0.0,0.0,-29.44579300000055
holdout256,3,49,5683c3d88b6105ff2eac65dbf31432f4d73c9dde01cc628b9fb7320aaf28fd73,mec_center,segment_entry,259.528785625,257.7427924375,-1.7859931875000257,win,-28.57589100000041,-142.87945530764046,-142.05201073205626,2.9526639999999134,-3.1181540000002315,0.0,0.0,-28.410401000000206
holdout256,3,49,5683c3d88b6105ff2eac65dbf31432f4d73c9dde01cc628b9fb7320aaf28fd73,nccp,segment_entry,257.7016535,257.7427924375,0.04113893749996578,loss,0.6582229999994524,3.291132382921205,5.17697483401389,0.6065169999992577,-0.9836860000002616,0.0,0.0,1.0353920000003427
holdout256,3,50,3dd9f4f52e21c055f76fcf409f881e5b14ed30ec2ba86efd2e99d8c1db2d515b,mec_center,nccp,265.6226679375,264.336267,-1.286400937499991,win,-20.582414999999855,-102.91209120722488,-132.42030715045712,2.6975039999997534,3.204137999999375,0.0,0.0,-26.484056999998984
holdout256,3,50,3dd9f4f52e21c055f76fcf409f881e5b14ed30ec2ba86efd2e99d8c1db2d515b,mec_center,segment_entry,265.6226679375,264.1956119375,-1.4270559999999932,win,-22.83289599999989,-114.16449129609828,-128.56509026023787,1.8041900000000624,1.075930000000426,0.0,0.0,-25.71301600000038
holdout256,3,50,3dd9f4f52e21c055f76fcf409f881e5b14ed30ec2ba86efd2e99d8c1db2d515b,nccp,segment_entry,264.336267,264.1956119375,-0.14065506250000226,win,-2.250481000000036,-11.2524000888734,3.8552168902192534,-0.8933139999996911,-2.128207999998949,0.0,0.0,0.7710409999986041
holdout256,3,51,6f110fb8aa65f5235647216be2ae3311b213c36c58b922931e99a1eefb09a878,mec_center,nccp,362.4491416153846,360.5794430769231,-1.8696985384614777,win,-24.306080999999722,-121.53039995856307,-138.46501192109758,0.6529869999994844,2.733936000000085,0.0,0.0,-27.693003999999632
holdout256,3,51,6f110fb8aa65f5235647216be2ae3311b213c36c58b922931e99a1eefb09a878,mec_center,segment_entry,362.4491416153846,360.5431167692308,-1.906024846153798,win,-24.778322999999546,-123.89161247533411,-138.21367892183207,0.6279300000005605,2.2364829999992253,0.0,0.0,-27.642735999999218
holdout256,3,51,6f110fb8aa65f5235647216be2ae3311b213c36c58b922931e99a1eefb09a878,nccp,segment_entry,360.5794430769231,360.5431167692308,-0.03632630769232037,win,-0.47224199999982375,-2.3612125167710474,0.25133299926551445,-0.025056999998923857,-0.4974530000008599,0.0,0.0,0.05026800000041476
holdout256,3,52,aabd20d1c4f8173c71c17b3a178cae92ef81e9f63f5ef9f47b1a1c51db93b377,mec_center,nccp,304.18796342857144,302.17279128571425,-2.015172142857182,win,-28.21241000000009,-141.06204707501092,-159.75720472438547,-0.3480500000000575,4.087080999998534,0.0,0.0,-31.951440999998397
holdout256,3,52,aabd20d1c4f8173c71c17b3a178cae92ef81e9f63f5ef9f47b1a1c51db93b377,mec_center,segment_entry,304.18796342857144,302.1856521428571,-2.0023112857143133,win,-28.032358000000386,-140.16179891468346,-156.47085403160918,0.23832400000014786,3.0234879999979967,0.0,0.0,-31.29416999999836
holdout256,3,52,aabd20d1c4f8173c71c17b3a178cae92ef81e9f63f5ef9f47b1a1c51db93b377,nccp,segment_entry,302.17279128571425,302.1856521428571,0.012860857142868554,loss,0.180051999999705,0.9002481603274646,3.2863506927762955,0.5863740000002053,-1.0635930000005374,0.0,0.0,0.657271000000037
holdout256,3,53,fe8bf4c0745752a9559b0df952d7fa7c5c265390b0622b10cb764eee67a7304f,mec_center,nccp,381.5094586,405.0909154,23.581456799999955,loss,235.81456799999978,1214.072833808852,-100.68225719714383,249.22830100000033,6.722719000000552,0.0,0.0,-20.13645200000093
holdout256,3,53,fe8bf4c0745752a9559b0df952d7fa7c5c265390b0622b10cb764eee67a7304f,mec_center,segment_entry,381.5094586,405.23380940000004,23.724350800000025,loss,237.24350800000002,1221.2175264810212,-98.82622334271923,249.986404,7.022348000000875,0.0,0.0,-19.765244000000905
holdout256,3,53,fe8bf4c0745752a9559b0df952d7fa7c5c265390b0622b10cb764eee67a7304f,nccp,segment_entry,405.0909154,405.23380940000004,0.14289400000006935,loss,1.4289400000002388,7.144692672169185,1.8560338544245951,0.7581029999996645,0.2996290000003228,0.0,0.0,0.3712080000000242
holdout256,3,54,71b7fd7506d13e46bec236ed61325be184dd39a0d75cbcbb5944b7309002aaaa,mec_center,nccp,279.24927053333334,274.4003409333333,-4.8489296000000195,win,-72.73394400000052,-363.6697308423245,-227.79630261266493,-23.156159999999772,-4.018522999999959,0.0,0.0,-45.55926100000062
holdout256,3,54,71b7fd7506d13e46bec236ed61325be184dd39a0d75cbcbb5944b7309002aaaa,mec_center,segment_entry,279.24927053333334,274.34084520000005,-4.908425333333298,win,-73.6263799999997,-368.1319193639938,-226.48867480805984,-23.960004999999455,-4.368642000000136,0.0,0.0,-45.29773299999994
holdout256,3,54,71b7fd7506d13e46bec236ed61325be184dd39a0d75cbcbb5944b7309002aaaa,nccp,segment_entry,274.4003409333333,274.34084520000005,-0.05949573333327862,win,-0.8924359999991793,-4.4621885216693045,1.3076278046050902,-0.8038449999996828,-0.35011900000017704,0.0,0.0,0.26152800000068055
holdout256,3,55,d95428db7d4000494bba5d0ae189e7941c4d40a862c31edfd732c661557b74e1,mec_center,nccp,292.87295286666665,290.4844638,-2.3884890666666365,win,-35.82733600000029,-179.13668922136276,-170.75978975780026,-0.824687000000722,-0.8506910000000971,0.0,0.0,-34.151957999999354
holdout256,3,55,d95428db7d4000494bba5d0ae189e7941c4d40a862c31edfd732c661557b74e1,mec_center,segment_entry,292.87295286666665,290.56144473333336,-2.311508133333291,win,-34.67262200000005,-173.36310975446395,-170.10402522031313,-0.8281360000005407,0.17632199999934528,0.0,0.0,-34.0208079999984
holdout256,3,55,d95428db7d4000494bba5d0ae189e7941c4d40a862c31edfd732c661557b74e1,nccp,segment_entry,290.4844638,290.56144473333336,0.07698093333334555,loss,1.15471400000024,5.773579466898809,0.6557645374871299,-0.003448999999818625,1.0270129999994424,0.0,0.0,0.13115000000095733
holdout256,3,56,1649bc4024c7e2916e97474eef0cd633c4063c7a2194fc37bf138f974ebf97b6,mec_center,nccp,297.67121591666665,296.46900991666666,-1.2022059999999897,win,-14.426472000000103,-72.1323785324621,-92.14585238878294,1.4669959999996536,2.535699000000477,0.0,0.0,-18.42916700000029
holdout256,3,56,1649bc4024c7e2916e97474eef0cd633c4063c7a2194fc37bf138f974ebf97b6,mec_center,segment_entry,297.67121591666665,296.5534968333333,-1.117719083333327,win,-13.412628999999924,-67.0631510006533,-87.13070513457637,1.2937290000002122,2.7197809999997844,0.0,0.0,-17.42613899999975
holdout256,3,56,1649bc4024c7e2916e97474eef0cd633c4063c7a2194fc37bf138f974ebf97b6,nccp,segment_entry,296.46900991666666,296.5534968333333,0.08448691666666264,loss,1.013843000000179,5.069227531808792,5.015147254206568,-0.1732669999994414,0.1840819999993073,0.0,0.0,1.0030280000005405
holdout256,3,57,876424ea0bea48a1a8a329763ddb29a9a1c80ac2eedef551f21aedf670443c04,mec_center,nccp,335.6631433846154,333.672346,-1.990797384615405,win,-25.880366000000322,-129.401830627834,-137.90035579626579,-2.0846440000000257,3.7843499999989945,0.0,0.0,-27.58007199999946
holdout256,3,57,876424ea0bea48a1a8a329763ddb29a9a1c80ac2eedef551f21aedf670443c04,mec_center,segment_entry,335.6631433846154,333.6155704615385,-2.0475729230769275,win,-26.61844800000017,-133.0922361338744,-135.4670868800588,-3.023922000000084,3.4988939999998365,0.0,0.0,-27.093419999999696
holdout256,3,57,876424ea0bea48a1a8a329763ddb29a9a1c80ac2eedef551f21aedf670443c04,nccp,segment_entry,333.672346,333.6155704615385,-0.0567755384615225,win,-0.7380819999998494,-3.690405506040406,2.4332689162069983,-0.9392780000000585,-0.28545599999915794,0.0,0.0,0.48665199999976494
holdout256,3,58,90ae9246924ed443cf14320bc20da01b653738d0034879149b03fab855e803d1,mec_center,nccp,267.4200957142857,265.3904407142857,-2.029654999999991,win,-28.415169999999762,-142.07586434338555,-261.24933520487934,-0.8178779999998369,24.652573999999277,0.0,0.0,-52.24986599999926
holdout256,3,58,90ae9246924ed443cf14320bc20da01b653738d0034879149b03fab855e803d1,mec_center,segment_entry,267.4200957142857,265.4536307142857,-1.9664650000000279,win,-27.53051000000005,-137.65256046125432,-260.6507122300087,-0.5073319999992236,25.106963999999607,0.0,0.0,-52.130142000000546
holdout256,3,58,90ae9246924ed443cf14320bc20da01b653738d0034879149b03fab855e803d1,nccp,segment_entry,265.3904407142857,265.4536307142857,0.06318999999996322,loss,0.8846599999997125,4.423303882131222,0.5986229748706364,0.3105460000006133,0.4543900000003305,0.0,0.0,0.11972399999871186
holdout256,3,59,4a32f461d57ee9533cff9e8798865faec7c3f80982374d3411167486d49461ab,mec_center,nccp,336.0227236923077,334.55031015384617,-1.4724135384615238,win,-19.141375999999582,-95.70686241545263,-105.11835592119701,3.1875810000001366,-1.3052840000009382,0.0,0.0,-21.023672999999178
holdout256,3,59,4a32f461d57ee9533cff9e8798865faec7c3f80982374d3411167486d49461ab,mec_center,segment_entry,336.0227236923077,334.5277459230769,-1.4949777692307862,win,-19.43471099999988,-97.17354751546009,-102.6634161682623,3.548048999999537,-2.450075000000652,0.0,0.0,-20.532684999999503
holdout256,3,59,4a32f461d57ee9533cff9e8798865faec7c3f80982374d3411167486d49461ab,nccp,segment_entry,334.55031015384617,334.5277459230769,-0.022564230769262394,win,-0.29333500000029744,-1.466685100007453,2.454939752934706,0.3604679999994005,-1.1447909999997137,0.0,0.0,0.4909879999996747
holdout256,3,60,38d5a2c9b4c8aa19617caf2266076b724d5e337c330e14fd95b2280870206e64,mec_center,nccp,275.17167758333335,273.52738216666665,-1.6442954166666937,win,-19.731545000000096,-98.65771972213588,-82.84057539764672,2.176908999999796,-5.340338999999176,0.0,0.0,-16.56811500000032
holdout256,3,60,38d5a2c9b4c8aa19617caf2266076b724d5e337c330e14fd95b2280870206e64,mec_center,segment_entry,275.17167758333335,273.643622,-1.5280555833333551,win,-18.336667000000034,-91.68333933975191,-79.36631644705426,3.189053000000058,-5.652457999999115,0.0,0.0,-15.87326200000075
holdout256,3,60,38d5a2c9b4c8aa19617caf2266076b724d5e337c330e14fd95b2280870206e64,nccp,segment_entry,273.52738216666665,273.643622,0.11623983333333854,loss,1.3948780000000625,6.97438038238397,3.474258950592457,1.0121440000002622,-0.31211899999993875,0.0,0.0,0.6948529999995685
holdout256,3,61,801e49c6df8158cf3c90394bc4ec7a36a94840ac532dfcf03b80d07329568258,mec_center,nccp,291.9110233125,289.4838546875,-2.427168624999979,win,-38.83469799999966,-194.17350641473604,-164.62178548829024,-3.377921000000697,-2.5324209999998857,0.0,0.0,-32.92435599999908
holdout256,3,61,801e49c6df8158cf3c90394bc4ec7a36a94840ac532dfcf03b80d07329568258,mec_center,segment_entry,291.9110233125,289.544194,-2.3668293124999877,win,-37.869268999999804,-189.34636262990898,-163.04289295091667,-3.2385680000006687,-2.022124000000076,0.0,0.0,-32.608576999999286
holdout256,3,61,801e49c6df8158cf3c90394bc4ec7a36a94840ac532dfcf03b80d07329568258,nccp,segment_entry,289.4838546875,289.544194,0.06033931249999114,loss,0.9654289999998582,4.827143784827058,1.5788925373735765,0.13935300000002826,0.5102969999998095,0.0,0.0,0.3157789999997931
holdout256,3,62,fce56c8711c32875794eb3a0ac1b2ec267c8f1eb230446d55739481a47ef13a4,mec_center,nccp,301.81614879999995,300.7512441333334,-1.064904666666564,win,-15.9735699999992,-79.86784319470462,-135.13960180094864,5.2082140000020445,5.846137999998973,0.0,0.0,-27.027922000000785
holdout256,3,62,fce56c8711c32875794eb3a0ac1b2ec267c8f1eb230446d55739481a47ef13a4,mec_center,segment_entry,301.81614879999995,300.75292393333336,-1.0632248666665873,win,-15.948372999999265,-79.74186919386557,-128.24310347148412,3.8836570000016764,5.816589999999906,0.0,0.0,-25.6486200000013
holdout256,3,62,fce56c8711c32875794eb3a0ac1b2ec267c8f1eb230446d55739481a47ef13a4,nccp,segment_entry,300.7512441333334,300.75292393333336,0.0016797999999766944,loss,0.025196999999934633,0.12597400083905086,6.896498329464521,-1.3245570000003681,-0.029547999999067542,0.0,0.0,1.379301999999484
holdout256,3,63,3a31f1953dceb3a72b477d5aa5be390885eb321c688ee5385a68582784eb815f,mec_center,nccp,300.1366905,298.1833077142857,-1.9533827857142683,win,-27.347358999999415,-136.7367880170168,-139.0938213135928,-3.138516999999638,3.6099209999993036,0.0,0.0,-27.818762999999137
holdout256,3,63,3a31f1953dceb3a72b477d5aa5be390885eb321c688ee5385a68582784eb815f,mec_center,segment_entry,300.1366905,298.14429035714284,-1.99240014285715,win,-27.8936020000001,-139.46800759203325,-135.6417086470492,-3.9495610000001307,3.184299999999439,0.0,0.0,-27.128340999999523
holdout256,3,63,3a31f1953dceb3a72b477d5aa5be390885eb321c688ee5385a68582784eb815f,nccp,segment_entry,298.1833077142857,298.14429035714284,-0.03901735714288179,win,-0.5462430000006862,-2.731219575016439,3.4521126665435986,-0.8110440000004928,-0.4256209999998646,0.0,0.0,0.6904219999996144
holdout256,3,64,f7d08309e984c22d78baa0d8e48596a1c2dd9d2f1dcd77a009d4f0410f6ac4c9,mec_center,nccp,275.4546090625,273.950378375,-1.5042306875000122,win,-24.067691000000195,-120.33844817589852,-119.37496192006802,-3.269505000000663,3.0768080000002556,0.0,-4.547473508864641e-13,-23.874993999999447
holdout256,3,64,f7d08309e984c22d78baa0d8e48596a1c2dd9d2f1dcd77a009d4f0410f6ac4c9,mec_center,segment_entry,275.4546090625,273.919890375,-1.5347186875000034,win,-24.555499000000054,-122.77747559961426,-116.635638916272,-2.836882000000969,1.6085119999997914,0.0,-4.547473508864641e-13,-23.327128999998877
holdout256,3,64,f7d08309e984c22d78baa0d8e48596a1c2dd9d2f1dcd77a009d4f0410f6ac4c9,nccp,segment_entry,273.950378375,273.919890375,-0.03048799999999119,win,-0.487807999999859,-2.4390274237157428,2.7393230037960166,0.432622999999694,-1.4682960000004641,0.0,0.0,0.54786500000057
holdout256,3,65,2aaa826a095f64cf516d37cf255d29cf0186f1894d486df60954dd7cbcede465,mec_center,nccp,275.4385149285714,273.41100614285716,-2.0275087857142466,win,-28.38512300000002,-141.92560157259322,-137.28846441226415,0.5149040000003424,-1.4423350000006394,0.0,0.0,-27.457691999999952
holdout256,3,65,2aaa826a095f64cf516d37cf255d29cf0186f1894d486df60954dd7cbcede465,mec_center,segment_entry,275.4385149285714,273.6264,-1.8121149285714182,win,-25.369608999999855,-126.84805663728912,-130.92866253083275,1.61792800000012,-0.8018080000013015,0.0,0.0,-26.1857289999989
holdout256,3,65,2aaa826a095f64cf516d37cf255d29cf0186f1894d486df60954dd7cbcede465,nccp,segment_entry,273.41100614285716,273.6264,0.21539385714282844,loss,3.0155140000001666,15.077544935304104,6.359801881431395,1.1030239999997775,0.6405269999993379,0.0,0.0,1.2719630000010511
holdout256,3,66,057762c84e9cb8da806edd3b572b2036a333ab7f282ecf8c19c718c51e7be724,mec_center,nccp,399.1930548181818,396.78462418181823,-2.408430636363562,win,-26.49273699999958,-132.46368640867877,-132.77820723493244,-2.909827000000405,2.9727309999998397,0.0,0.0,-26.555640999999525
holdout256,3,66,057762c84e9cb8da806edd3b572b2036a333ab7f282ecf8c19c718c51e7be724,mec_center,segment_entry,399.1930548181818,396.7110918181818,-2.4819630000000075,win,-27.30159300000014,-136.50798308288722,-131.3353959982387,-3.3817589999998745,2.3472439999995913,0.0,0.0,-26.26707799999997
holdout256,3,66,057762c84e9cb8da806edd3b572b2036a333ab7f282ecf8c19c718c51e7be724,nccp,segment_entry,396.78462418181823,396.7110918181818,-0.07353236363644555,win,-0.80885600000056,-4.044296674208454,1.4428112366937285,-0.47193199999946955,-0.6254870000002484,0.0,0.0,0.2885629999995558
holdout256,3,67,4579310f1e16c18d9c5eecb4e0e3b5c74ab11b1ccf358a3c31437d582878b125,mec_center,nccp,371.9283726,369.6490056,-2.2793669999999793,win,-22.79367000000002,-113.96834791452238,-93.03802509041225,-3.625565999999708,-0.560498999999254,0.0,0.0,-18.607605000000774
holdout256,3,67,4579310f1e16c18d9c5eecb4e0e3b5c74ab11b1ccf358a3c31437d582878b125,mec_center,segment_entry,371.9283726,369.6380027,-2.2903698999999733,win,-22.90369899999996,-114.51850814513455,-92.35845093348098,-3.760887999999568,-0.6711219999999685,0.0,0.0,-18.471689000000254
holdout256,3,67,4579310f1e16c18d9c5eecb4e0e3b5c74ab11b1ccf358a3c31437d582878b125,nccp,segment_entry,369.6490056,369.6380027,-0.011002899999994042,win,-0.11002899999994042,-0.550160230612164,0.6795741569312668,-0.13532199999986005,-0.11062300000071446,0.0,0.0,0.1359160000005204
holdout256,3,68,f5ad1a5f542bc30b54610cb4859c47c326cbcf9ddb21d29f29da6851cd53f8c7,mec_center,nccp,275.8582007692308,273.0710717692308,-2.787128999999993,win,-36.23267699999997,-156.16338530335088,146.65609127397647,-1.3730350000000726,-64.19085999999947,0.0,0.0,29.331217999999353
holdout256,3,68,f5ad1a5f542bc30b54610cb4859c47c326cbcf9ddb21d29f29da6851cd53f8c7,mec_center,segment_entry,275.8582007692308,273.11821446153846,-2.739986307692334,win,-35.61982200000011,-153.0991139068974,151.7250271542821,-1.3130900000005568,-64.65173699999855,0.0,0.0,30.34500499999899
holdout256,3,68,f5ad1a5f542bc30b54610cb4859c47c326cbcf9ddb21d29f29da6851cd53f8c7,nccp,segment_entry,273.0710717692308,273.11821446153846,0.04714269230765922,loss,0.612854999999854,3.064271396453478,5.068935880305617,0.05994499999951586,-0.4608769999990727,0.0,0.0,1.0137869999996383
holdout256,3,69,7f140e3d6ff5a52c8cf8f767052ec906bec560ba07b1c13f42d1a3d22e9edcf0,mec_center,nccp,332.61870285714286,330.666976,-1.9517268571428872,win,-27.32417600000008,-136.620881494684,-159.53715482238817,-2.2039319999994404,6.787186000000929,0.0,0.0,-31.90743000000157
holdout256,3,69,7f140e3d6ff5a52c8cf8f767052ec906bec560ba07b1c13f42d1a3d22e9edcf0,mec_center,segment_entry,332.61870285714286,330.65772657142855,-1.9609762857143096,win,-27.453668000000107,-137.26832923337133,-159.61470774505483,-2.23787199999947,6.70714500000031,0.0,0.0,-31.92294100000106
holdout256,3,69,7f140e3d6ff5a52c8cf8f767052ec906bec560ba07b1c13f42d1a3d22e9edcf0,nccp,segment_entry,330.666976,330.65772657142855,-0.009249428571422413,win,-0.12949200000002747,-0.6474477386873332,-0.07755292266665492,-0.03394000000002961,-0.08004100000061953,0.0,0.0,-0.015510999999492014
holdout256,3,70,a3a20b33e745b47c71683c73e93d8a565b6d35877d5d5d7a95cd0436cc78bb6f,mec_center,nccp,323.9160356923077,322.1256013846154,-1.7904343076922942,win,-23.27564600000005,-116.37823823701183,-126.02812366942385,-1.85611900000049,3.7860980000009476,0.0,0.0,-25.205625000000396
holdout256,3,70,a3a20b33e745b47c71683c73e93d8a565b6d35877d5d5d7a95cd0436cc78bb6f,mec_center,segment_entry,323.9160356923077,322.0794863076923,-1.8365493846153527,win,-23.87514199999987,-119.37572135538358,-123.98173731332417,-2.703538999999637,3.6247440000006463,0.0,0.0,-24.796347000000935
holdout256,3,70,a3a20b33e745b47c71683c73e93d8a565b6d35877d5d5d7a95cd0436cc78bb6f,nccp,segment_entry,322.1256013846154,322.0794863076923,-0.046115076923058496,win,-0.5994959999998173,-2.997483118371747,2.0463863560996742,-0.847419999999147,-0.1613540000003013,0.0,0.0,0.40927799999946046
holdout256,3,71,2cf082a61467741102ecfe2e1c98ce71f6a72d45dc06ac4c478fb06c2efa3555,mec_center,nccp,383.432172,380.5745185,-2.8576534999999694,win,-28.576534999999694,-142.8826704261628,-101.54378401089411,-4.760869999999159,-3.5069100000005164,0.0,0.0,-20.308755000000076
holdout256,3,71,2cf082a61467741102ecfe2e1c98ce71f6a72d45dc06ac4c478fb06c2efa3555,mec_center,segment_entry,383.432172,380.78091989999996,-2.651252100000022,win,-26.512521000000106,-132.56260588530313,-100.03857724278055,-2.9925229999989824,-3.5122840000010456,0.0,0.0,-20.007714000000078
holdout256,3,71,2cf082a61467741102ecfe2e1c98ce71f6a72d45dc06ac4c478fb06c2efa3555,nccp,segment_entry,380.5745185,380.78091989999996,0.20640139999994744,loss,2.064013999999588,10.320064540859676,1.5052067681135668,1.7683470000001762,-0.005374000000529122,0.0,0.0,0.3010409999999979
holdout256,3,72,6e0a61453f3c9bcc8fd51e2da89b12b7eb7d946c568d0d173c440441feb2607d,mec_center,nccp,380.3047441,378.3672564,-1.9374877000000197,win,-19.374877000000197,-96.8743979343144,-241.89539303371203,-3.6698169999999664,32.67401500000028,0.0,0.0,-48.37907500000051
holdout256,3,72,6e0a61453f3c9bcc8fd51e2da89b12b7eb7d946c568d0d173c440441feb2607d,mec_center,segment_entry,380.3047441,378.5446449,-1.7600992000000133,win,-17.600992000000133,-88.00496275680962,-237.12192212839045,-2.4942879999998695,32.317679,0.0,0.0,-47.42438300000043
holdout256,3,72,6e0a61453f3c9bcc8fd51e2da89b12b7eb7d946c568d0d173c440441feb2607d,nccp,segment_entry,378.3672564,378.5446449,0.1773885000000064,loss,1.7738850000000639,8.869435177504783,4.773470905321574,1.1755290000000969,-0.3563360000002831,0.0,0.0,0.9546920000000796
holdout256,3,73,992eb6038dffa7fbfc3d8083d601f2193871e46c0066fe89013f0df7930ea9e8,mec_center,nccp,315.3395743076923,314.2187465384616,-1.1208277692307433,win,-14.570760999999948,-72.85381457341282,-116.88073781605294,6.578045999999631,2.227339000000029,0.0,0.0,-23.376145999999608
holdout256,3,73,992eb6038dffa7fbfc3d8083d601f2193871e46c0066fe89013f0df7930ea9e8,mec_center,segment_entry,315.3395743076923,314.19644800000003,-1.1431263076922846,win,-14.860642000000098,-74.30321462795109,-114.97479637848437,6.052584999999226,2.0817310000004454,0.0,0.0,-22.994957999999826
holdout256,3,73,992eb6038dffa7fbfc3d8083d601f2193871e46c0066fe89013f0df7930ea9e8,nccp,segment_entry,314.2187465384616,314.19644800000003,-0.022298538461541284,win,-0.2898810000001504,-1.4494000545382733,1.905941437568572,-0.525461000000405,-0.14560799999958363,0.0,0.0,0.38118799999978137
holdout256,3,74,a35a00012c397e93e88b4df2e00b964afca41815e859a4fe6541816a5d213c88,mec_center,nccp,282.2509375,280.4493315,-1.8016059999999925,win,-25.222483999999895,-126.11241488764608,-132.3856098406195,-0.1042799999993349,1.358919999998534,0.0,0.0,-26.477123999998867
holdout256,3,74,a35a00012c397e93e88b4df2e00b964afca41815e859a4fe6541816a5d213c88,mec_center,segment_entry,282.2509375,280.4795585,-1.7713790000000245,win,-24.799305999999888,-123.99653712571308,-130.85936096614978,-0.24430999999958658,1.6168769999992492,0.0,0.0,-26.17187299999938
holdout256,3,74,a35a00012c397e93e88b4df2e00b964afca41815e859a4fe6541816a5d213c88,nccp,segment_entry,280.4493315,280.4795585,0.03022699999996803,loss,0.42317800000000716,2.1158777619330067,1.5262488744697293,-0.14003000000025168,0.2579570000007152,0.0,0.0,0.3052509999994868
holdout256,3,75,fdb36405e3dc49320e513c6bbed07b514921209270936d146e20aebbad5929c3,mec_center,nccp,415.1610201428571,412.9721035714286,-2.1889165714285355,win,-30.64483199999995,-153.2241664982066,-154.13658421946957,4.319883000000573,-2.7149680000009084,0.0,-1.422429000000193,-30.827317999999536
holdout256,3,75,fdb36405e3dc49320e513c6bbed07b514921209270936d146e20aebbad5929c3,mec_center,segment_entry,415.1610201428571,412.95694907142854,-2.2040710714285865,win,-30.856995000000097,-154.28498009456962,-148.58171576934956,3.545632000000296,-4.5301570000005995,0.0,-0.15612700000019686,-29.716342999999824
holdout256,3,75,fdb36405e3dc49320e513c6bbed07b514921209270936d146e20aebbad5929c3,nccp,segment_entry,412.9721035714286,412.95694907142854,-0.01515450000005103,win,-0.21216300000014598,-1.0608135963630048,5.554868450120011,-0.7742510000002767,-1.815188999999691,0.0,1.266301999999996,1.110974999999712
holdout256,3,76,c1af15f21637f403af53b80e0368eb1842b62d4127a56fb131dbda8926a87a2b,mec_center,nccp,330.97235325,328.6308470833333,-2.3415061666667043,win,-28.098073999999997,-140.49036924515894,-127.93582514791092,-7.577365999999529,5.0664569999994455,0.0,0.0,-25.58716500000014
holdout256,3,76,c1af15f21637f403af53b80e0368eb1842b62d4127a56fb131dbda8926a87a2b,mec_center,segment_entry,330.97235325,328.63142708333334,-2.3409261666666907,win,-28.09111400000029,-140.45557066664878,-125.37518744393901,-7.985515999999961,4.969438999999966,0.0,0.0,-25.075037000000464
holdout256,3,76,c1af15f21637f403af53b80e0368eb1842b62d4127a56fb131dbda8926a87a2b,nccp,segment_entry,328.6308470833333,328.63142708333334,0.0005800000000135697,loss,0.006959999999708089,0.03479857851016277,2.5606377039719064,-0.40815000000043256,-0.0970179999994798,0.0,0.0,0.5121279999996773
holdout256,3,77,fe99833dd181b6678f78ade75bb68aecb1b0f2819babce2f6955b41e4822e7f2,mec_center,nccp,328.3156553,326.3637453,-1.951909999999998,win,-19.51909999999998,-97.59550045541437,-84.6620969259252,-2.557313000000022,-0.029367999999294625,0.0,0.0,-16.93241900000055
holdout256,3,77,fe99833dd181b6678f78ade75bb68aecb1b0f2819babce2f6955b41e4822e7f2,mec_center,segment_entry,328.3156553,326.5988574,-1.7167979000000173,win,-17.167978999999832,-85.83990225765046,-82.85502277094884,-1.3377550000004703,0.7407800000009956,0.0,0.0,-16.57100400000047
holdout256,3,77,fe99833dd181b6678f78ade75bb68aecb1b0f2819babce2f6955b41e4822e7f2,nccp,segment_entry,326.3637453,326.5988574,0.23511209999998073,loss,2.3511210000001483,11.755598197763902,1.8070741549763625,1.2195579999995516,0.7701480000002903,0.0,0.0,0.3614150000000791
holdout256,3,78,10edde161693f4a97e9a0fe7440803ff0b79b06d3982dd876dabc4309a40a034,mec_center,nccp,300.29202571428567,302.03661414285716,1.7445884285714897,loss,24.424238000000514,222.12117685854537,-274.5546819874744,136.179184000001,-56.84401000000048,0.0,0.0,-54.91093599999999
holdout256,3,78,10edde161693f4a97e9a0fe7440803ff0b79b06d3982dd876dabc4309a40a034,mec_center,segment_entry,300.29202571428567,299.17918099999997,-1.1128447142856999,win,-15.57982600000014,-77.89913544922092,-113.50608629412136,7.329352000000199,-0.2079610000005232,0.0,0.0,-22.70121699999993
holdout256,3,78,10edde161693f4a97e9a0fe7440803ff0b79b06d3982dd876dabc4309a40a034,nccp,segment_entry,302.03661414285716,299.17918099999997,-2.8574331428571895,win,-40.00406400000065,-300.0203123077663,161.04859569335304,-128.8498320000008,56.63604899999996,0.0,0.0,32.209719000000064
holdout256,3,79,c40329926ca69c3ceaad25eaaaee8a3650a885cf98f56c9edc175558ed18612b,mec_center,nccp,288.03839625,286.6702446875,-1.3681515625000316,win,-21.890425000000505,-84.45212042167987,168.88570615322806,1.8334569999997257,-57.50102200000174,0.0,0.0,33.77714000000162
holdout256,3,79,c40329926ca69c3ceaad25eaaaee8a3650a885cf98f56c9edc175558ed18612b,mec_center,segment_entry,288.03839625,286.760129125,-1.2782671250000135,win,-20.452274000000216,-77.26136136967034,171.62475574448945,2.6584789999997156,-57.435701999999765,0.0,0.0,34.32494899999995
holdout256,3,79,c40329926ca69c3ceaad25eaaaee8a3650a885cf98f56c9edc175558ed18612b,nccp,segment_entry,286.6702446875,286.760129125,0.08988443750001807,loss,1.438151000000289,7.1907590520095255,2.7390495912613915,0.8250219999999899,0.06532000000197513,0.0,0.0,0.547808999998324
holdout256,3,80,d631c8f20ef0adbdf0474fb1800aab47ec3d3e2d4ba40d00825f3716c1333a67,mec_center,nccp,323.42750590909094,322.61640563636365,-0.8111002727272876,win,-8.922102999999879,-44.61051727748418,-72.63504881149788,1.4563359999997374,4.1485700000007455,0.0,0.0,-14.527009000000646
holdout256,3,80,d631c8f20ef0adbdf0474fb1800aab47ec3d3e2d4ba40d00825f3716c1333a67,mec_center,segment_entry,323.42750590909094,322.70606318181814,-0.7214427272728017,win,-7.93587000000025,-39.67935166762618,-66.60619991441718,1.2265339999994467,4.158835000000636,0.0,0.0,-13.321239000000503
holdout256,3,80,d631c8f20ef0adbdf0474fb1800aab47ec3d3e2d4ba40d00825f3716c1333a67,nccp,segment_entry,322.61640563636365,322.70606318181814,0.0896575454544859,loss,0.9862329999996291,4.931165609857999,6.028848897080707,-0.22980200000029072,0.010264999999890279,0.0,0.0,1.2057700000001432
holdout256,3,81,9fb72247d0050ed570c53c37dfd7d7fabb4a2e3e66067f01e6edf0bf6f6d206c,mec_center,nccp,275.0272673333333,273.14699406666665,-1.880273266666677,win,-28.204099000000497,-141.02048209746135,-108.02456382963373,-5.161369000000832,-1.4378179999998792,0.0,0.0,-21.604911999999842
holdout256,3,81,9fb72247d0050ed570c53c37dfd7d7fabb4a2e3e66067f01e6edf0bf6f6d206c,mec_center,segment_entry,275.0272673333333,273.2360468,-1.7912205333333304,win,-26.86830800000007,-134.3415383393367,-104.4252171084213,-4.674815000000308,-1.3084490000007918,0.0,0.0,-20.88504399999897
holdout256,3,81,9fb72247d0050ed570c53c37dfd7d7fabb4a2e3e66067f01e6edf0bf6f6d206c,nccp,segment_entry,273.14699406666665,273.2360468,0.08905273333334662,loss,1.3357910000004267,6.67894375812466,3.5993467212124415,0.48655400000052396,0.12936899999908746,0.0,0.0,0.7198680000008721
holdout256,3,82,233c608b82afb0ea5569fb5162c78cbd84a0366a571dd265a631cc9e042a0cb9,mec_center,nccp,394.77098500000005,393.2172689090909,-1.5537160909091767,win,-17.090877000000546,-85.45438913773978,-102.73136142063095,5.611936000001606,-2.1565410000007432,0.0,-9.094947017729282e-13,-20.5462720000005
holdout256,3,82,233c608b82afb0ea5569fb5162c78cbd84a0366a571dd265a631cc9e042a0cb9,mec_center,segment_entry,394.77098500000005,393.2611018181818,-1.5098831818182248,win,-16.608715000000302,-83.04357385168987,-101.503914129426,5.53750100000093,-1.8454330000001846,0.0,-4.547473508864641e-13,-20.30078300000065
holdout256,3,82,233c608b82afb0ea5569fb5162c78cbd84a0366a571dd265a631cc9e042a0cb9,nccp,segment_entry,393.2172689090909,393.2611018181818,0.043832909090951944,loss,0.482162000000244,2.4108152860499104,1.2274472912049532,-0.07443500000067615,0.3111080000005586,0.0,4.547473508864641e-13,0.24548899999984997
holdout256,3,83,7da16da42f4ec541bcfeb1505b2ba4d9a349a79823adfa76bf674f2a9d21e6ec,mec_center,nccp,343.86845450000004,342.53794975,-1.3305047500000455,win,-15.966057000000546,-79.83029187678767,-141.80986212727305,3.34372200000098,9.05219199999783,0.0,0.0,-28.3619709999993
holdout256,3,83,7da16da42f4ec541bcfeb1505b2ba4d9a349a79823adfa76bf674f2a9d21e6ec,mec_center,segment_entry,343.86845450000004,342.5057645,-1.3626900000000433,win,-16.352280000000064,-81.76140053908603,-140.6400393227873,3.413877000000639,8.36185100000057,0.0,0.0,-28.128008000000932
holdout256,3,83,7da16da42f4ec541bcfeb1505b2ba4d9a349a79823adfa76bf674f2a9d21e6ec,nccp,segment_entry,342.53794975,342.5057645,-0.03218524999999772,win,-0.3862229999995179,-1.9311086622983566,1.1698228044857615,0.07015499999965868,-0.690340999997261,0.0,0.0,0.23396299999836856
holdout256,3,84,5e34a9ceed3463600bb07f13e3b012dd45c83a40494c7c4f53230bab4b7c2a30,mec_center,nccp,209.6643015,208.013292875,-1.651008625000003,win,-26.416138000000046,-132.08067180979924,-118.55756906000761,-1.1323439999998755,-1.572278999999753,0.0,0.0,-23.711515000000247
holdout256,3,84,5e34a9ceed3463600bb07f13e3b012dd45c83a40494c7c4f53230bab4b7c2a30,mec_center,segment_entry,209.6643015,208.057885125,-1.6064163749999807,win,-25.70266199999969,-128.51329058692136,-115.19002381209657,-1.073900999999296,-1.5907550000006268,0.0,0.0,-23.03800599999994
holdout256,3,84,5e34a9ceed3463600bb07f13e3b012dd45c83a40494c7c4f53230bab4b7c2a30,nccp,segment_entry,208.013292875,208.057885125,0.044592250000022204,loss,0.7134760000003553,3.5673812228778843,3.367545247911039,0.05844300000057956,-0.018476000000873682,0.0,0.0,0.6735090000003083
holdout256,3,85,9de63496816cd6324cf7605678ee4c57ae5c5bf9427165d3955bc1473751b390,mec_center,nccp,398.2494354,396.404491,-1.8449443999999744,win,-18.449443999999858,-92.24722016408668,-93.33696808212653,-0.6690540000004148,0.8870040000003883,0.0,0.0,-18.667393999999888
holdout256,3,85,9de63496816cd6324cf7605678ee4c57ae5c5bf9427165d3955bc1473751b390,mec_center,segment_entry,398.2494354,396.68238940000003,-1.567045999999948,win,-15.67045999999982,-78.35229603679909,-87.26168960951463,-0.27209499999980835,2.053973999999016,0.0,0.0,-17.452338999999427
holdout256,3,85,9de63496816cd6324cf7605678ee4c57ae5c5bf9427165d3955bc1473751b390,nccp,segment_entry,396.404491,396.68238940000003,0.2778984000000264,loss,2.7789840000000368,13.894924127287595,6.075278472611899,0.39695900000060647,1.1669699999986278,0.0,0.0,1.2150550000004614
holdout256,3,86,c275364eda477b5522f81f30841d8ea13363acd435865e1a6d076cb725861737,mec_center,nccp,278.06976885714283,277.79252,-0.27724885714280845,win,-3.8814840000000004,-19.407404355215476,-129.67437739045317,-0.6278129999998328,22.681209000000308,0.0,0.0,-25.934880000000476
holdout256,3,86,c275364eda477b5522f81f30841d8ea13363acd435865e1a6d076cb725861737,mec_center,segment_entry,278.06976885714283,277.8267334285714,-0.24303542857143157,win,-3.4024960000001556,-17.01246724522025,-127.2358371645721,-0.1297439999996186,22.174417000001085,0.0,0.0,-25.447169000001566
holdout256,3,86,c275364eda477b5522f81f30841d8ea13363acd435865e1a6d076cb725861737,nccp,segment_entry,277.79252,277.8267334285714,0.03421342857137688,loss,0.47898799999984476,2.394937109995226,2.43854022588107,0.49806900000021415,-0.5067919999992228,0.0,0.0,0.4877109999989102
holdout256,3,87,9ab582d7d5893ad2c7ec247f6769faa33aa6249ba76c5c9cebe38df613425038,mec_center,nccp,316.8688411538461,318.5959953076923,1.727154153846186,loss,22.453003999999964,87.26501485325934,-99.52158452670892,1.294528999999784,41.06278999999995,0.0,0.0,-19.90431499999977
holdout256,3,87,9ab582d7d5893ad2c7ec247f6769faa33aa6249ba76c5c9cebe38df613425038,mec_center,segment_entry,316.8688411538461,318.3670921538461,1.498250999999982,loss,19.477262999999766,72.38630536740311,-92.72662318193989,-0.8414300000001731,38.86401599999954,0.0,0.0,-18.54532299999937
holdout256,3,87,9ab582d7d5893ad2c7ec247f6769faa33aa6249ba76c5c9cebe38df613425038,nccp,segment_entry,318.5959953076923,318.3670921538461,-0.22890315384620408,win,-2.9757410000001983,-14.878709485856234,6.794961344769035,-2.135958999999957,-2.1987740000004123,0.0,0.0,1.3589920000003985
holdout256,3,88,abe8339294bc4ae82a680dd77f10b3f523d9129d82c67e59c718255f54a5db6d,mec_center,nccp,267.131193875,266.3353650625,-0.7958288125000195,win,-12.733261000000311,-63.66630798956248,-110.16960650338842,4.5373389999999745,4.763322000001381,0.0,0.0,-22.03392200000144
holdout256,3,88,abe8339294bc4ae82a680dd77f10b3f523d9129d82c67e59c718255f54a5db6d,mec_center,segment_entry,267.131193875,266.140398125,-0.990795750000018,win,-15.852732000000287,-79.26365363988225,-116.53947177057307,4.531642999999804,2.9235210000008465,0.0,0.0,-23.30789600000071
holdout256,3,88,abe8339294bc4ae82a680dd77f10b3f523d9129d82c67e59c718255f54a5db6d,nccp,segment_entry,266.3353650625,266.140398125,-0.1949669374999985,win,-3.119470999999976,-15.597345650319767,-6.36986526718465,-0.005696000000170898,-1.8398010000005343,0.0,0.0,-1.2739739999992707
holdout256,3,89,7395006f7d82677be5b7f5c27491cb8863753258fe2ae76ce3f6b4bd2284e91b,mec_center,nccp,274.1245290625,273.1249745625,-0.9995545000000448,win,-15.992872000000716,-79.96435832385396,-153.9679095752781,5.55047599999989,9.250232000000551,0.0,0.0,-30.793580000001157
holdout256,3,89,7395006f7d82677be5b7f5c27491cb8863753258fe2ae76ce3f6b4bd2284e91b,mec_center,segment_entry,274.1245290625,272.9767855,-1.1477435625000112,win,-18.36389700000018,-91.8194959715438,-149.03647808570986,3.4892660000000433,7.954130000000305,0.0,0.0,-29.80729300000064
holdout256,3,89,7395006f7d82677be5b7f5c27491cb8863753258fe2ae76ce3f6b4bd2284e91b,nccp,segment_entry,273.1249745625,272.9767855,-0.14818906249996644,win,-2.371024999999463,-11.855137647689844,4.93143148956824,-2.0612099999998463,-1.2961020000002463,0.0,0.0,0.986287000000516
holdout256,3,90,7550d5f8695e8696534d432cab6b853edaff9fd3b87cd6a0357ea6822fc11eb3,mec_center,nccp,364.62835545454544,362.0917124545454,-2.5366430000000264,win,-27.90307299999995,-139.51536923825734,-99.1054537861819,-4.731442000000243,-3.3505409999997937,0.0,0.0,-19.821089999999515
holdout256,3,90,7550d5f8695e8696534d432cab6b853edaff9fd3b87cd6a0357ea6822fc11eb3,mec_center,segment_entry,364.62835545454544,362.2264256363637,-2.4019298181817703,win,-26.4212279999997,-132.10615091731052,-96.87252024169925,-4.178293999999369,-2.8684299999999894,0.0,0.0,-19.374504
holdout256,3,90,7550d5f8695e8696534d432cab6b853edaff9fd3b87cd6a0357ea6822fc11eb3,nccp,segment_entry,362.0917124545454,362.2264256363637,0.1347131818182561,loss,1.4818450000002485,7.40921832094682,2.2329335444826484,0.5531480000008742,0.48211099999980433,0.0,0.0,0.4465859999995132
holdout256,3,91,558bd19405a8b93de51fd42bf50cb2d3d99bc38542b8ce3cc70ae3775103d0f1,mec_center,nccp,270.4303493333333,259.52317166666666,-10.907177666666655,win,-163.607665,-818.0383410006452,-540.1807604710702,48.9429389999998,-104.51445300000137,0.0,0.0,-108.03615099999865
holdout256,3,91,558bd19405a8b93de51fd42bf50cb2d3d99bc38542b8ce3cc70ae3775103d0f1,mec_center,segment_entry,270.4303493333333,259.638569,-10.791780333333293,win,-161.87670499999967,-809.3835433273434,-535.1159901354381,50.5068940000001,-105.36040300000082,0.0,0.0,-107.02319599999885
holdout256,3,91,558bd19405a8b93de51fd42bf50cb2d3d99bc38542b8ce3cc70ae3775103d0f1,nccp,segment_entry,259.52317166666666,259.638569,0.11539733333336244,loss,1.730960000000323,8.6547976733018,5.064770335632147,1.5639550000003055,-0.8459499999994478,0.0,0.0,1.0129549999998062
holdout256,3,92,a228354cacde955f63f453e7a45fa70176ad00f6f0062bfc63da827b73b3477c,mec_center,nccp,389.0701388,387.4730021,-1.5971367000000214,win,-15.9713670000001,-79.85682869700395,-86.8957902259524,-2.7794930000009117,4.187284000000545,0.0,0.0,-17.37915799999962
holdout256,3,92,a228354cacde955f63f453e7a45fa70176ad00f6f0062bfc63da827b73b3477c,mec_center,segment_entry,389.0701388,387.508371,-1.5617677999999842,win,-15.617678000000069,-78.0883876262069,-85.55041904549807,-2.2673270000004777,3.759732000000213,0.0,0.0,-17.110082999999634
holdout256,3,92,a228354cacde955f63f453e7a45fa70176ad00f6f0062bfc63da827b73b3477c,nccp,segment_entry,387.4730021,387.508371,0.03536890000003723,loss,0.35368900000003123,1.7684410707970528,1.3453711804543218,0.512166000000434,-0.42755200000033255,0.0,0.0,0.26907499999998663
holdout256,3,93,24b8f0901f89502318021e2f7521cb8b08b75ac713ca0a998f4ed65f5e01cde4,mec_center,nccp,275.56962175,273.5412074375,-2.02841431249999,win,-32.45462899999984,-162.273139705645,-133.7564451343187,-2.772886999999173,-2.9304530000013074,0.0,0.0,-26.75128899999936
holdout256,3,93,24b8f0901f89502318021e2f7521cb8b08b75ac713ca0a998f4ed65f5e01cde4,mec_center,segment_entry,275.56962175,273.6656860625,-1.9039356874999953,win,-30.462970999999925,-152.314850811199,-131.5184254763044,-2.704495999998926,-1.454791000001478,0.0,0.0,-26.303683999999976
holdout256,3,93,24b8f0901f89502318021e2f7521cb8b08b75ac713ca0a998f4ed65f5e01cde4,nccp,segment_entry,273.5412074375,273.6656860625,0.12447862499999474,loss,1.9916579999999158,9.958288894446014,2.2380196580143092,0.068391000000247,1.4756619999998293,0.0,0.0,0.44760499999938475
holdout256,3,94,60a2b8ebfd41f7a2d0055ae4eec7213a9d447d5d6e982fd99b8f460e0ee3106c,mec_center,nccp,317.5609789090909,315.85890463636366,-1.702074272727259,win,-18.72281699999985,-93.6140858083545,-98.0803120365963,3.764756000000716,-2.8715109999998276,0.0,0.0,-19.61606200000068
holdout256,3,94,60a2b8ebfd41f7a2d0055ae4eec7213a9d447d5d6e982fd99b8f460e0ee3106c,mec_center,segment_entry,317.5609789090909,315.87061627272726,-1.690362636363659,win,-18.593988999999965,-92.96994532020653,-94.78359075886101,2.586828000000196,-2.2240979999999126,0.0,0.0,-18.956719000000135
holdout256,3,94,60a2b8ebfd41f7a2d0055ae4eec7213a9d447d5d6e982fd99b8f460e0ee3106c,nccp,segment_entry,315.85890463636366,315.87061627272726,0.011711636363600064,loss,0.12882799999988492,0.6441404881479684,3.296721277735287,-1.1779280000005201,0.647412999999915,0.0,0.0,0.6593430000005469
holdout256,3,95,70e7bca1b08b1a843ce5f34d9ae99029404526f51c206ccd303263e47559c306,mec_center,nccp,272.5022075333333,270.5971392,-1.905068333333304,win,-28.576024999999845,-142.8801167116253,-185.69096566201824,0.7565350000002127,7.8056339999996,0.0,0.0,-37.13819399999943
holdout256,3,95,70e7bca1b08b1a843ce5f34d9ae99029404526f51c206ccd303263e47559c306,mec_center,segment_entry,272.5022075333333,270.56130526666664,-1.9409022666666829,win,-29.113534000000072,-145.5676641872633,-179.6691828509347,-0.13811299999952098,6.95841699999869,0.0,0.0,-35.933837999999355
holdout256,3,95,70e7bca1b08b1a843ce5f34d9ae99029404526f51c206ccd303263e47559c306,nccp,segment_entry,270.5971392,270.56130526666664,-0.03583393333337881,win,-0.5375090000002274,-2.6875474756379845,6.02178281108354,-0.8946479999997337,-0.84721700000091,0.0,0.0,1.2043560000000753
holdout256,3,96,b957ddf2c0ee3b67c87b506645bb063b275937df6ae2cc0b60b30c0d98b59cdb,mec_center,nccp,362.64185258333333,360.73269575,-1.909156833333327,win,-22.909881999999925,-114.54939716521403,-133.23708955539587,4.969090000000051,-1.2315540000001874,0.0,0.0,-26.647417999999448
holdout256,3,96,b957ddf2c0ee3b67c87b506645bb063b275937df6ae2cc0b60b30c0d98b59cdb,mec_center,segment_entry,362.64185258333333,360.597513,-2.0443395833333398,win,-24.532075000000077,-122.66038125799969,-131.30096617570712,3.3642610000006243,-1.636144000000968,0.0,0.0,-26.260191999999677
holdout256,3,96,b957ddf2c0ee3b67c87b506645bb063b275937df6ae2cc0b60b30c0d98b59cdb,nccp,segment_entry,360.73269575,360.597513,-0.13518275000001267,win,-1.622193000000152,-8.110984092785657,1.9361233796887518,-1.6048289999994267,-0.4045900000007805,0.0,0.0,0.3872259999997709
holdout256,3,97,64acf9c7f2fc679c4edb309a33f207f03c621c46679875176ce21d9c28233caf,mec_center,nccp,304.99753546153846,303.22992523076925,-1.7676102307692076,win,-22.97893299999987,-114.89466632266522,-160.14179033577386,4.206589000000122,4.842834000000039,0.0,0.0,-32.02835600000003
holdout256,3,97,64acf9c7f2fc679c4edb309a33f207f03c621c46679875176ce21d9c28233caf,mec_center,segment_entry,304.99753546153846,303.1682389230769,-1.8292965384615627,win,-23.780854999999974,-118.90426853496137,-160.25703111195173,3.63230700000031,4.6382439999990766,0.0,0.0,-32.05140599999936
holdout256,3,97,64acf9c7f2fc679c4edb309a33f207f03c621c46679875176ce21d9c28233caf,nccp,segment_entry,303.22992523076925,303.1682389230769,-0.06168630769235506,win,-0.8019220000001042,-4.0096022122961585,-0.11524077617787043,-0.5742819999998119,-0.2045900000009624,0.0,0.0,-0.023049999999329884
holdout256,3,98,503dd1b72315ec0b6c026d223c9777a3c704f5d4450442b21afe0fe28eafbe95,mec_center,nccp,356.97142754545456,355.2693060909091,-1.7021214545454768,win,-18.723336000000018,-93.6166737798485,-117.85221034828567,-2.876898999999412,7.7240059999999175,0.0,0.0,-23.570443000000807
holdout256,3,98,503dd1b72315ec0b6c026d223c9777a3c704f5d4450442b21afe0fe28eafbe95,mec_center,segment_entry,356.97142754545456,355.29748363636367,-1.6739439090908945,win,-18.413383000000067,-92.06691974672867,-116.8522410670314,-2.3855139999996027,7.342579999998634,0.0,0.0,-23.37044899999927
holdout256,3,98,503dd1b72315ec0b6c026d223c9777a3c704f5d4450442b21afe0fe28eafbe95,nccp,segment_entry,355.2693060909091,355.29748363636367,0.028177545454582287,loss,0.3099529999999504,1.5497540331198252,0.9999692812542662,0.4913849999998092,-0.3814260000012837,0.0,0.0,0.19999400000153855
holdout256,3,99,3fa26aef7c37318e52a8f97ca30897900ad8ceda061fe065eba35b789d54ce43,mec_center,nccp,308.6183337272727,306.74982590909093,-1.8685078181817971,win,-20.553585999999996,-102.76791843304818,-97.30329943856714,1.038888999999699,-2.1318150000004152,0.0,0.0,-19.460659999999507
holdout256,3,99,3fa26aef7c37318e52a8f97ca30897900ad8ceda061fe065eba35b789d54ce43,mec_center,segment_entry,308.6183337272727,306.7722590909091,-1.846074636363653,win,-20.306821000000127,-101.53409749241473,-93.94530926905327,1.2230569999996987,-2.7408160000002226,0.0,0.0,-18.78906199999983
holdout256,3,99,3fa26aef7c37318e52a8f97ca30897900ad8ceda061fe065eba35b789d54ce43,nccp,segment_entry,306.74982590909093,306.7722590909091,0.02243318181814402,loss,0.24676499999986845,1.23382094063345,3.3579901695138688,0.18416799999999967,-0.6090009999998074,0.0,0.0,0.6715979999996762
holdout256,3,100,4b7530281342c984cf2f2870c6085ca61ccb525f31bdd1978e8c97b3d794fadc,mec_center,nccp,266.0809655625,264.4150201875,-1.6659453750000353,win,-26.655126000000564,-133.27564157585584,-151.31439399304736,3.5231559999992896,0.08459300000140502,0.0,0.0,-30.26287500000103
holdout256,3,100,4b7530281342c984cf2f2870c6085ca61ccb525f31bdd1978e8c97b3d794fadc,mec_center,segment_entry,266.0809655625,264.499812375,-1.5811531875000355,win,-25.29845100000057,-126.49226502039892,-149.3508912527093,3.5501109999988785,1.0216140000011364,0.0,0.0,-29.870176000000185
holdout256,3,100,4b7530281342c984cf2f2870c6085ca61ccb525f31bdd1978e8c97b3d794fadc,nccp,segment_entry,264.4150201875,264.499812375,0.08479218749999973,loss,1.3566749999999956,6.783376555456925,1.9635027403380718,0.026954999999588836,0.9370209999997314,0.0,0.0,0.3926990000008459
holdout256,3,101,e4ee5dd85ac684dce3892cd5fc995514b4b70dc40b40f204ce0757e3ddc82bdd,mec_center,nccp,374.5630192727273,372.8229156363637,-1.7401036363635853,win,-19.141139999999723,-95.70570494795174,-100.63824635584024,0.06134900000051857,0.9251609999987522,0.0,0.0,-20.127649999999107
holdout256,3,101,e4ee5dd85ac684dce3892cd5fc995514b4b70dc40b40f204ce0757e3ddc82bdd,mec_center,segment_entry,374.5630192727273,372.8666418181818,-1.696377454545484,win,-18.66015200000038,-93.3007632746594,-98.6285444680982,0.396687999999358,0.6688690000000861,0.0,0.0,-19.725708999999654
holdout256,3,101,e4ee5dd85ac684dce3892cd5fc995514b4b70dc40b40f204ce0757e3ddc82bdd,nccp,segment_entry,372.8229156363637,372.8666418181818,0.043726181818101395,loss,0.4809879999993427,2.404941673292342,2.0097018877420396,0.3353389999988394,-0.25629199999866614,0.0,0.0,0.40194099999945365
holdout256,3,102,c1e4f6d102afb1c0d5837af210daec003b35fd7792e0cebc8440fd7ab71bf8db,mec_center,nccp,248.489627,247.4178334375,-1.0717935625000052,win,-17.148697000000084,-85.74347450343339,-118.56345631905378,-3.43304900000021,9.997044000000415,0.0,0.0,-23.71269200000006
holdout256,3,102,c1e4f6d102afb1c0d5837af210daec003b35fd7792e0cebc8440fd7ab71bf8db,mec_center,segment_entry,248.489627,247.617428625,-0.8721983750000106,win,-13.95517400000017,-69.77586208772118,-114.81692935606634,-2.4893690000003517,11.497581000000764,0.0,0.0,-22.96338600000047
holdout256,3,102,c1e4f6d102afb1c0d5837af210daec003b35fd7792e0cebc8440fd7ab71bf8db,nccp,segment_entry,247.4178334375,247.617428625,0.1995951874999946,loss,3.1935229999999137,15.96761241571221,3.7465269629874456,0.9436799999998584,1.5005370000003495,0.0,0.0,0.7493059999995921
holdout256,3,103,c9659305a2874ab01d672e4b86a3d1f306aaaf71520af3b5087c91814048f8e0,mec_center,nccp,311.6810607142857,310.45514007142856,-1.2259206428571474,win,-17.162889000000177,-85.81445110679124,-154.36906308805396,4.473046999999951,9.23787700000048,0.0,0.0,-30.873813000000496
holdout256,3,103,c9659305a2874ab01d672e4b86a3d1f306aaaf71520af3b5087c91814048f8e0,mec_center,segment_entry,311.6810607142857,310.4299467142857,-1.2511140000000296,win,-17.515596000000187,-87.577975887707,-152.70208406054417,4.469020000000228,8.555801999999858,0.0,0.0,-30.540418000000216
holdout256,3,103,c9659305a2874ab01d672e4b86a3d1f306aaaf71520af3b5087c91814048f8e0,nccp,segment_entry,310.45514007142856,310.4299467142857,-0.025193357142882178,win,-0.35270700000000943,-1.763524780915759,1.6669790275097967,-0.004026999999723557,-0.6820750000006228,0.0,0.0,0.3333950000002801
holdout256,3,104,837176148adf115f69182990604d87b899fbf3fd94568c3ffbe032b357bb5d33,mec_center,nccp,340.60082969999996,339.09521129999996,-1.505618400000003,win,-15.05618400000003,-75.28091583396599,-69.91861859260439,1.827527000000373,-2.899987000000692,0.0,0.0,-13.983723999999597
holdout256,3,104,837176148adf115f69182990604d87b899fbf3fd94568c3ffbe032b357bb5d33,mec_center,segment_entry,340.60082969999996,339.18733269999996,-1.4134970000000067,win,-14.134970000000067,-70.67484562467871,-67.24709489941188,1.771885000000566,-2.457436000001053,0.0,0.0,-13.44941899999958
holdout256,3,104,837176148adf115f69182990604d87b899fbf3fd94568c3ffbe032b357bb5d33,nccp,segment_entry,339.09521129999996,339.18733269999996,0.09212139999999636,loss,0.9212139999999636,4.606070209287282,2.671523693192512,-0.05564199999980701,0.4425509999996393,0.0,0.0,0.5343050000000176
holdout256,3,105,84f810af3a51535c11599be056009d3c616b9035efc940991d9f2c226bfb726f,mec_center,nccp,334.2801353571429,338.7040038571428,4.423868499999912,loss,61.934158999999454,294.67078503606535,19.446992016948116,414.53186899999946,-356.48710800000094,0.0,0.0,3.8893980000011084
holdout256,3,105,84f810af3a51535c11599be056009d3c616b9035efc940991d9f2c226bfb726f,mec_center,segment_entry,334.2801353571429,338.699365,4.41922964285709,loss,61.86921499999971,294.3460675848364,22.269980628764642,414.37865299999976,-356.96343400000046,0.0,0.0,4.453996000000473
holdout256,3,105,84f810af3a51535c11599be056009d3c616b9035efc940991d9f2c226bfb726f,nccp,segment_entry,338.7040038571428,338.699365,-0.004638857142822417,win,-0.06494399999974121,-0.3247174512289348,2.822988611816527,-0.15321599999970203,-0.4763259999995171,0.0,0.0,0.5645979999993642
holdout256,3,106,e14de40b382c3075127e2f64fc80abd5c138eab081f61f4bfe5c5077c7715181,mec_center,nccp,331.1930785,287.0730545,-44.120024,win,-705.920384,-3619.6019031645483,-1586.792542863807,-235.02532000000156,-153.53655499999877,0.0,0.0,-317.3585089999993
holdout256,3,106,e14de40b382c3075127e2f64fc80abd5c138eab081f61f4bfe5c5077c7715181,mec_center,segment_entry,331.1930785,287.0821048125,-44.11097368750001,win,-705.7755790000001,-3618.8778885706597,-1585.03306939149,-234.81746400000134,-153.9515019999999,0.0,0.0,-317.00661299999825
holdout256,3,106,e14de40b382c3075127e2f64fc80abd5c138eab081f61f4bfe5c5077c7715181,nccp,segment_entry,287.0730545,287.0821048125,0.009050312499994106,loss,0.1448049999999057,0.7240145938885689,1.7594734723170404,0.20785600000021986,-0.4149470000011206,0.0,0.0,0.3518960000010338
holdout256,3,107,0294f34809c062cdb4daf2518dc588e2d15e42cc433fb93169c462849f23d7c1,mec_center,nccp,312.99174675,311.4941331666667,-1.4976135833333046,win,-17.971362999999656,-89.85680834200502,-113.8331409927489,2.406998000000158,2.3882659999999305,0.0,0.0,-22.766626999999744
holdout256,3,107,0294f34809c062cdb4daf2518dc588e2d15e42cc433fb93169c462849f23d7c1,mec_center,segment_entry,312.99174675,311.3869770833333,-1.604769666666698,win,-19.25723599999992,-96.28618488720349,-108.09461336046343,1.6152229999997871,0.7464640000002873,0.0,0.0,-21.618922999999995
holdout256,3,107,0294f34809c062cdb4daf2518dc588e2d15e42cc433fb93169c462849f23d7c1,nccp,segment_entry,311.4941331666667,311.3869770833333,-0.10715608333339333,win,-1.2858730000002652,-6.4293765451984655,5.738527632285468,-0.7917750000003707,-1.6418019999996432,0.0,0.0,1.1477039999997487
holdout256,3,108,f1ab6f1d1e393cfe9af2e94a77b6a8923aec0fe9fa04645f61959e3db07360eb,mec_center,nccp,359.79579192307693,357.60317276923075,-2.192619153846181,win,-28.504049000000123,-142.52024500366315,-147.53245128137542,3.5376770000007127,-2.500111000000288,0.0,-0.03512200000022858,-29.506493000000262
holdout256,3,108,f1ab6f1d1e393cfe9af2e94a77b6a8923aec0fe9fa04645f61959e3db07360eb,mec_center,segment_entry,359.79579192307693,357.6938140769231,-2.1019778461538294,win,-27.32571199999984,-136.62857534914656,-143.52129893025312,3.7334760000005645,-2.346292000000858,0.0,-0.00863500000014028,-28.70426099999952
holdout256,3,108,f1ab6f1d1e393cfe9af2e94a77b6a8923aec0fe9fa04645f61959e3db07360eb,nccp,segment_entry,357.60317276923075,357.6938140769231,0.09064130769235135,loss,1.1783370000002833,5.8916696545165905,4.011152351122291,0.19579899999985173,0.15381899999943016,0.0,0.0264870000000883,0.8022320000007426
holdout256,3,109,bfd0b3d392eccc9f1087dfe47833ddf46f6000c60f0f46161f2ae59cf7bca08c,mec_center,nccp,364.8863079090909,363.9486739090909,-0.9376339999999459,win,-10.31397399999969,-51.56985406998865,-88.84778731933125,4.290593999999601,3.1649900000004436,0.0,0.0,-17.769557999999734
holdout256,3,109,bfd0b3d392eccc9f1087dfe47833ddf46f6000c60f0f46161f2ae59cf7bca08c,mec_center,segment_entry,364.8863079090909,363.9068812727273,-0.9794266363635984,win,-10.77369299999964,-53.86845022564012,-87.60628675072962,3.3933289999995395,3.3542359999996734,0.0,0.0,-17.521257999999023
holdout256,3,109,bfd0b3d392eccc9f1087dfe47833ddf46f6000c60f0f46161f2ae59cf7bca08c,nccp,segment_entry,363.9486739090909,363.9068812727273,-0.04179263636365249,win,-0.45971899999995003,-2.2985961556514667,1.241500568601623,-0.8972650000000613,0.18924599999922975,0.0,0.0,0.24830000000071095
holdout256,3,110,d9cef4f9abda84fce0159f0e01b47ff3a56d526a5c2877aaba4168e50bf955e1,mec_center,nccp,370.930693,368.8165581,-2.1141349000000105,win,-21.14134899999999,-105.7067509122171,-111.97300522097203,0.10727799999972376,1.1459739999993417,0.0,0.0,-22.39460099999917
holdout256,3,110,d9cef4f9abda84fce0159f0e01b47ff3a56d526a5c2877aaba4168e50bf955e1,mec_center,segment_entry,370.930693,368.8147849,-2.115908100000013,win,-21.159081000000242,-105.79540882130095,-110.20079219361924,-0.49401900000066234,1.375096999999414,0.0,0.0,-22.040158999999107
holdout256,3,110,d9cef4f9abda84fce0159f0e01b47ff3a56d526a5c2877aaba4168e50bf955e1,nccp,segment_entry,368.8165581,368.8147849,-0.0017732000000023618,win,-0.01773200000025099,-0.08865790908384952,1.772213027352791,-0.6012970000003861,0.22912300000007235,0.0,0.0,0.35444200000006276
holdout256,3,111,ed00039e9d4429c36435e7f35e35346686f0de05a1126d3bfaedd42beef18633,mec_center,nccp,269.2131968125,267.5016271875,-1.7115696249999814,win,-27.385113999999703,-136.92557783275333,-163.20340641245411,2.6769880000006196,2.5785790000004454,0.0,0.0,-32.640681000000654
holdout256,3,111,ed00039e9d4429c36435e7f35e35346686f0de05a1126d3bfaedd42beef18633,mec_center,segment_entry,269.2131968125,267.570411375,-1.642785437499981,win,-26.284566999999697,-131.42283647065778,-161.82017190597753,3.421179000001075,2.658288000001221,0.0,0.0,-32.36403400000188
holdout256,3,111,ed00039e9d4429c36435e7f35e35346686f0de05a1126d3bfaedd42beef18633,nccp,segment_entry,267.5016271875,267.570411375,0.06878418750000037,loss,1.100547000000006,5.5027413620955485,1.3832345064765832,0.7441910000004555,0.07970900000077563,0.0,0.0,0.27664699999877485
holdout256,3,112,c741e8a8a62b39dbe28ef08f068cca846d708b5900c24d6f16883e5272adf7f9,mec_center,nccp,325.38687157142857,323.39510149999995,-1.9917700714286184,win,-27.884781000000658,-139.42389985666887,-134.97252083876583,0.39670099999875674,-1.2869789999990644,0.0,0.0,-26.99450300000086
holdout256,3,112,c741e8a8a62b39dbe28ef08f068cca846d708b5900c24d6f16883e5272adf7f9,mec_center,segment_entry,325.38687157142857,323.4198347142857,-1.9670368571428867,win,-27.538516000000527,-137.69257958598246,-133.0332915511724,-0.12065500000085194,-0.8112040000005436,0.0,0.0,-26.60665699999936
holdout256,3,112,c741e8a8a62b39dbe28ef08f068cca846d708b5900c24d6f16883e5272adf7f9,nccp,segment_entry,323.39510149999995,323.4198347142857,0.02473321428573172,loss,0.3462650000001304,1.7313202706864104,1.9392292875934345,-0.5173559999996087,0.4757749999985208,0.0,0.0,0.3878460000015025
holdout256,3,113,45a219bff7685af1147507b386ec1b751cdce7cec3d605cb7dd365fd8d1c1a87,mec_center,nccp,340.4484083,341.212676,0.7642677000000049,loss,7.642677000000276,163.21337736080204,-403.7117828945984,17.460755000000745,70.92427700000019,0.0,0.0,-80.74235500000077
holdout256,3,113,45a219bff7685af1147507b386ec1b751cdce7cec3d605cb7dd365fd8d1c1a87,mec_center,segment_entry,340.4484083,339.0498436,-1.3985647000000085,win,-13.985646999999972,-69.92824355031371,-53.52698851564219,-2.3627829999993537,-0.9174679999997579,0.0,0.0,-10.70539600000086
holdout256,3,113,45a219bff7685af1147507b386ec1b751cdce7cec3d605cb7dd365fd8d1c1a87,nccp,segment_entry,341.212676,339.0498436,-2.1628324000000134,win,-21.628324000000248,-233.14162091111575,350.1847943789562,-19.8235380000001,-71.84174499999995,0.0,0.0,70.03695899999991
holdout256,3,114,673b97ca91f0e2d33d188eae886fe8c13487609a796212b559b647ad08472d02,mec_center,nccp,272.21783553333336,270.7193891333333,-1.4984464000000344,win,-22.476696000000175,-112.38347797304232,-77.29281956902832,-3.326989000000367,-3.6911440000003495,0.0,0.0,-15.458562999999458
holdout256,3,114,673b97ca91f0e2d33d188eae886fe8c13487609a796212b559b647ad08472d02,mec_center,segment_entry,272.21783553333336,270.74148793333336,-1.4763475999999969,win,-22.145214000000124,-110.72606866753631,-75.96771837376218,-2.7072359999999662,-4.244434000000638,0.0,0.0,-15.193543999999974
holdout256,3,114,673b97ca91f0e2d33d188eae886fe8c13487609a796212b559b647ad08472d02,nccp,segment_entry,270.7193891333333,270.74148793333336,0.0220988000000375,loss,0.3314820000000509,1.6574093055060075,1.325101195266143,0.6197530000004008,-0.5532900000002883,0.0,0.0,0.26501899999948364
holdout256,3,115,df86cc1d84ad0f292ec4e61708ec446aea02b0a563139f922f971b6a640de9a1,mec_center,nccp,286.1934303333333,282.7731185833333,-3.420311749999996,win,-41.043740999999955,-180.21870318743822,124.11320557891622,-4.166180000000168,-61.70019999999954,0.0,0.0,24.822638999999867
holdout256,3,115,df86cc1d84ad0f292ec4e61708ec446aea02b0a563139f922f971b6a640de9a1,mec_center,segment_entry,286.1934303333333,282.8291633333333,-3.364266999999984,win,-40.371204000000034,-176.85601933491307,127.43965008168516,-4.161526999999751,-61.69760599999927,0.0,0.0,25.487928999998985
holdout256,3,115,df86cc1d84ad0f292ec4e61708ec446aea02b0a563139f922f971b6a640de9a1,nccp,segment_entry,282.7731185833333,282.8291633333333,0.0560447500000123,loss,0.6725369999999202,3.3626838525251515,3.326444502768936,0.004653000000416796,0.00259400000027199,0.0,0.0,0.6652899999991178
holdout256,3,116,b4f30f38049f18db7f5a586ff6cf21dac8375359621197b78bf7d96fb80cfba3,mec_center,nccp,286.3552638666667,281.8242354,-4.531028466666669,win,-67.96542700000009,-339.8271196672249,160.02264283435238,0.8274239999991551,-100.79737799999975,0.0,0.0,32.00452700000022
holdout256,3,116,b4f30f38049f18db7f5a586ff6cf21dac8375359621197b78bf7d96fb80cfba3,mec_center,segment_entry,286.3552638666667,281.8483018,-4.506962066666688,win,-67.60443099999975,-338.02214318828555,161.78427131419107,0.4558139999996911,-100.41709899999933,0.0,0.0,32.35685399999977
holdout256,3,116,b4f30f38049f18db7f5a586ff6cf21dac8375359621197b78bf7d96fb80cfba3,nccp,segment_entry,281.8242354,281.8483018,0.02406639999998106,loss,0.36099600000034116,1.804976478939352,1.7616284798386914,-0.371609999999464,0.3802790000004279,0.0,0.0,0.35232699999954775
holdout256,3,117,a4ebff74eb3c21fcd08c60d239017748dc6b0082f00fee84e2aa8d70204a3b83,mec_center,nccp,556.6218498461539,542.142706,-14.479143846153875,win,-188.22886999999992,-896.144350717419,-113.16912507599727,-3.3389019999983702,2.1588090000018383,0.0,-164.41495200000054,-22.63382500000239
holdout256,3,117,a4ebff74eb3c21fcd08c60d239017748dc6b0082f00fee84e2aa8d70204a3b83,mec_center,segment_entry,556.6218498461539,542.1124337692307,-14.509416076923117,win,-188.6224089999996,-898.1120374860948,-111.92924673758762,-4.435046999998576,2.616560000001755,0.0,-164.4180690000003,-22.385853000002157
holdout256,3,117,a4ebff74eb3c21fcd08c60d239017748dc6b0082f00fee84e2aa8d70204a3b83,nccp,segment_entry,542.142706,542.1124337692307,-0.030272230769242015,win,-0.39353899999969144,-1.967686768675776,1.2398783384096532,-1.096145000000206,0.45775099999991653,0.0,-0.0031169999997473496,0.24797200000023167
holdout256,3,118,1d0667a7bb3241fecedb1c987ff6c72fa4efd859378aac16fdfe3e9540b8821f,mec_center,nccp,363.5753833,361.35152589999996,-2.2238574000000426,win,-22.238574000000426,-111.19288175369729,-102.71370497498913,-3.960757000000058,2.2649240000005193,0.0,0.0,-20.542741000000944
holdout256,3,118,1d0667a7bb3241fecedb1c987ff6c72fa4efd859378aac16fdfe3e9540b8821f,mec_center,segment_entry,363.5753833,361.4379695,-2.1374137999999903,win,-21.37413800000013,-106.87068788531542,-102.64411162677845,-3.9445749999995314,3.09925899999962,0.0,0.0,-20.52882200000039
holdout256,3,118,1d0667a7bb3241fecedb1c987ff6c72fa4efd859378aac16fdfe3e9540b8821f,nccp,segment_entry,361.35152589999996,361.4379695,0.08644360000005236,loss,0.8644360000002962,4.3221938683818735,0.06959334821067387,0.016182000000526386,0.8343349999991005,0.0,0.0,0.01391900000055557
holdout256,3,119,6becd0d257920d554fe09dca81e30e204a21aa2d5ab338142a9043067e6d23ae,mec_center,nccp,346.6049015,344.47007560000003,-2.134825899999953,win,-21.34825899999987,-106.74129341644039,-99.76207080623794,-3.1136630000000878,1.7178180000000793,0.0,0.0,-19.952413999999806
holdout256,3,119,6becd0d257920d554fe09dca81e30e204a21aa2d5ab338142a9043067e6d23ae,mec_center,segment_entry,346.6049015,344.6212422,-1.9836592999999993,win,-19.836592999999993,-99.18296340550296,-98.19194100208847,-2.493579999999838,2.2953760000002603,0.0,0.0,-19.638389000000302
holdout256,3,119,6becd0d257920d554fe09dca81e30e204a21aa2d5ab338142a9043067e6d23ae,nccp,segment_entry,344.47007560000003,344.6212422,0.15116659999995363,loss,1.5116659999998774,7.558330010937425,1.5701298041494738,0.6200830000002497,0.577558000000181,0.0,0.0,0.3140249999995035
holdout256,3,120,4211c685e99ff39d13a8f0fdc4f4f7aa62e7a41c01cdeae65b7498a91bde99d7,mec_center,nccp,262.06093575,260.7521560625,-1.3087796875000208,win,-20.940475000000333,-104.70238310657805,-112.3355227856623,4.15846399999964,-1.4224380000000565,0.0,-1.209396000000197,-22.46710499999972
holdout256,3,120,4211c685e99ff39d13a8f0fdc4f4f7aa62e7a41c01cdeae65b7498a91bde99d7,mec_center,segment_entry,262.06093575,260.680552,-1.3803837500000213,win,-22.08614000000034,-110.43072398046206,-108.22190017482853,3.6164969999995265,-2.4426649999988967,0.0,-1.6155940000003284,-21.64437800000053
holdout256,3,120,4211c685e99ff39d13a8f0fdc4f4f7aa62e7a41c01cdeae65b7498a91bde99d7,nccp,segment_entry,260.7521560625,260.680552,-0.07160406250000051,win,-1.1456650000000081,-5.728340873884008,4.113622610833772,-0.5419670000001133,-1.0202269999988403,0.0,-0.4061980000001313,0.8227269999991904
holdout256,3,121,636a395b917c877d579605489a2eca06f662ec0fd0c1132580a49a227244db22,mec_center,nccp,339.22299830000003,336.9816927,-2.2413056000000324,win,-22.413056000000324,-112.06527946336428,-120.25151260006942,3.3279519999998683,-1.6907060000003185,0.0,0.0,-24.050301999999647
holdout256,3,121,636a395b917c877d579605489a2eca06f662ec0fd0c1132580a49a227244db22,mec_center,segment_entry,339.22299830000003,337.0196563,-2.2033420000000206,win,-22.033420000000206,-110.16708994436158,-119.2346248983024,3.378953999999794,-1.5654479999996056,0.0,0.0,-23.846926000000167
holdout256,3,121,636a395b917c877d579605489a2eca06f662ec0fd0c1132580a49a227244db22,nccp,segment_entry,336.9816927,337.0196563,0.037963600000011866,loss,0.37963600000011866,1.898189519002699,1.0168877017670184,0.05100199999992583,0.12525800000071285,0.0,0.0,0.20337599999947997
holdout256,3,122,e7ad67d707f5ef92653fddeddb22c42b1cd0136f6a027d11c376af00ee5c312d,mec_center,nccp,355.77021766666667,354.61631933333337,-1.1538983333333022,win,-13.846779999999853,-69.2338958743967,-124.90029571778291,1.0955809999995836,10.037698999999975,0.0,0.0,-24.980059999999753
holdout256,3,122,e7ad67d707f5ef92653fddeddb22c42b1cd0136f6a027d11c376af00ee5c312d,mec_center,segment_entry,355.77021766666667,354.73484491666665,-1.0353727500000218,win,-12.424473000000035,-62.12234974021703,-122.00905982614518,1.8680749999994077,10.109264000000167,0.0,0.0,-24.40181199999995
holdout256,3,122,e7ad67d707f5ef92653fddeddb22c42b1cd0136f6a027d11c376af00ee5c312d,nccp,segment_entry,354.61631933333337,354.73484491666665,0.11852558333328034,loss,1.4223069999998188,7.111546134179662,2.8912358916377343,0.7724939999998242,0.0715650000001915,0.0,0.0,0.5782479999998031
holdout256,3,123,83cf164e6d6edb7e9e37c94e94541eb0850370f310c4da7007dd082eabd48ec9,mec_center,nccp,345.0824849090909,342.8339952727273,-2.2484896363636153,win,-24.733385999999882,-123.66692051032624,-89.25428699813574,-4.844310999999152,-2.0382160000001477,0.0,0.0,-17.850859000000526
holdout256,3,123,83cf164e6d6edb7e9e37c94e94541eb0850370f310c4da7007dd082eabd48ec9,mec_center,segment_entry,345.0824849090909,342.8568468181818,-2.225638090909115,win,-24.482019000000037,-122.41009611016307,-87.09813560963107,-4.464463999999452,-2.5979290000002493,0.0,0.0,-17.41962600000045
holdout256,3,123,83cf164e6d6edb7e9e37c94e94541eb0850370f310c4da7007dd082eabd48ec9,nccp,segment_entry,342.8339952727273,342.8568468181818,0.02285154545450041,loss,0.2513669999998456,1.2568244001631683,2.156151388504668,0.3798469999996996,-0.5597130000001016,0.0,0.0,0.431233000000077
holdout256,3,124,015b9fd02fa38aa30c214648713c1d2696efa51639943ca80558d4ad8b6cacd3,mec_center,nccp,283.005786625,275.71239175,-7.29339487499999,win,-116.69431799999984,-583.4715712238358,293.32931805575936,-3.396795999999995,-171.96338399999968,0.0,0.0,58.66586199999949
holdout256,3,124,015b9fd02fa38aa30c214648713c1d2696efa51639943ca80558d4ad8b6cacd3,mec_center,segment_entry,283.005786625,275.8368124375,-7.168974187499998,win,-114.70358699999997,-573.5179339051319,299.6275622863627,-2.825487000000521,-171.80361099999936,0.0,0.0,59.92551099999946
holdout256,3,124,015b9fd02fa38aa30c214648713c1d2696efa51639943ca80558d4ad8b6cacd3,nccp,segment_entry,275.71239175,275.8368124375,0.1244206874999918,loss,1.9907309999998688,9.95363731870384,6.298244230603359,0.5713089999994736,0.15977300000031391,0.0,0.0,1.2596489999999676
holdout256,3,125,63c4782e3510e3a5f10e02aa372a03132cce19db8086f648a4ef48503f2e2bd8,mec_center,nccp,317.16998607692307,316.27561592307694,-0.8943701538461255,win,-11.626811999999518,-58.13406366666459,-103.48868896810882,2.4277369999995244,6.643188000001146,0.0,0.0,-20.69773699999996
holdout256,3,125,63c4782e3510e3a5f10e02aa372a03132cce19db8086f648a4ef48503f2e2bd8,mec_center,segment_entry,317.16998607692307,316.1396538461538,-1.030332230769261,win,-13.394318999999996,-66.97157818904452,-99.25059252109986,0.9217089999986001,5.5340920000012375,0.0,0.0,-19.85011999999972
holdout256,3,125,63c4782e3510e3a5f10e02aa372a03132cce19db8086f648a4ef48503f2e2bd8,nccp,segment_entry,316.27561592307694,316.1396538461538,-0.13596207692313556,win,-1.767507000000478,-8.837514522379934,4.238096447008957,-1.5060280000009243,-1.1090959999999086,0.0,0.0,0.8476170000002412
holdout256,3,126,c39de5c8206e6123ab2b54e0a1ebacedc0dda4ed418acc4f6374f0c44ae4d78a,mec_center,nccp,285.41748759999996,284.01819,-1.3992975999999544,win,-20.989463999999316,-104.94732379825291,-96.1942657482009,-3.103400999999394,1.3527889999991203,0.0,0.0,-19.238851999999156
holdout256,3,126,c39de5c8206e6123ab2b54e0a1ebacedc0dda4ed418acc4f6374f0c44ae4d78a,mec_center,segment_entry,285.41748759999996,284.0353728,-1.382114799999954,win,-20.731721999999536,-103.65860758324561,-93.84892502359298,-2.908402000000933,0.9464629999997669,0.0,0.0,-18.769782999998483
holdout256,3,126,c39de5c8206e6123ab2b54e0a1ebacedc0dda4ed418acc4f6374f0c44ae4d78a,nccp,segment_entry,284.01819,284.0353728,0.017182800000000498,loss,0.2577419999997801,1.2887162150072982,2.3453407246079223,0.19499899999846093,-0.40632599999935337,0.0,0.0,0.46906900000067253
holdout256,3,127,3d7c4a95f7a53308988e9f44acb734cc25f633e75c8a0d8d07e305aa934cb201,mec_center,nccp,352.83241681818185,351.253362,-1.5790548181818735,win,-17.369603000000097,-86.84801641419472,-110.13625499414275,1.597030999999788,3.060617000000093,0.0,0.0,-22.02725099999975
holdout256,3,127,3d7c4a95f7a53308988e9f44acb734cc25f633e75c8a0d8d07e305aa934cb201,mec_center,segment_entry,352.83241681818185,351.2826227272727,-1.5497940909091312,win,-17.047735000000102,-85.23866672983968,-108.63260065922714,2.52857999999992,2.1502049999999144,0.0,0.0,-21.72651999999988
holdout256,3,127,3d7c4a95f7a53308988e9f44acb734cc25f633e75c8a0d8d07e305aa934cb201,nccp,segment_entry,351.253362,351.2826227272727,0.029260727272742315,loss,0.32186799999999494,1.6093496843550383,1.503654334915609,0.9315490000001319,-0.9104120000001785,0.0,0.0,0.3007309999998711
holdout256,3,128,0584595b2277d5f06ad07c6a7a65cfa2a12fcccaa2b7b69e13df63f9fc8d7a3e,mec_center,nccp,304.2419875,301.2695761666667,-2.972411333333298,win,-35.66893600000003,-153.34467704952112,-130.53250582066948,-8.896122999999534,-0.6663109999994958,0.0,0.0,-26.106502000000944
holdout256,3,128,0584595b2277d5f06ad07c6a7a65cfa2a12fcccaa2b7b69e13df63f9fc8d7a3e,mec_center,segment_entry,304.2419875,302.14564775,-2.09633974999997,win,-25.156077000000096,-125.78037758820756,-110.88246087800599,-6.69141800000034,3.7118339999999534,0.0,0.0,-22.176492999999653
holdout256,3,128,0584595b2277d5f06ad07c6a7a65cfa2a12fcccaa2b7b69e13df63f9fc8d7a3e,nccp,segment_entry,301.2695761666667,302.14564775,0.8760715833333279,loss,10.512858999999935,27.564299461313567,19.6500449426635,2.204704999999194,4.378144999999449,0.0,0.0,3.9300090000012915
holdout256,3,129,636ff499a335a3df7d75a95ab23847d180d49eefddb823f9c32c67637a135209,mec_center,nccp,334.71616384615385,334.77462215384617,0.05845830769231952,loss,0.7599580000005517,3.799788165553764,-94.54541396364448,3.7429610000008324,15.926081000000295,0.0,0.0,-18.909084000000348
holdout256,3,129,636ff499a335a3df7d75a95ab23847d180d49eefddb823f9c32c67637a135209,mec_center,segment_entry,334.71616384615385,334.79297561538465,0.07681176923080102,loss,0.9985530000003564,4.992762806887185,-88.14518805210128,3.1865920000009282,15.44099899999992,0.0,0.0,-17.629038000000264
holdout256,3,129,636ff499a335a3df7d75a95ab23847d180d49eefddb823f9c32c67637a135209,nccp,segment_entry,334.77462215384617,334.79297561538465,0.018353461538481497,loss,0.2385949999998047,1.1929746413334215,6.4002259115432025,-0.5563689999999042,-0.48508200000037505,0.0,0.0,1.280046000000084
holdout256,3,130,518f542e3cdcc8088285a7bd05126d565d1c3433fe6262fa0cc4e1d389e86280,mec_center,nccp,340.38399519999996,339.653503,-0.7304921999999578,win,-7.304921999999806,-36.52462171739717,-60.49051642965878,2.4226549999998497,2.370526000000609,0.0,0.0,-12.098103000000151
holdout256,3,130,518f542e3cdcc8088285a7bd05126d565d1c3433fe6262fa0cc4e1d389e86280,mec_center,segment_entry,340.38399519999996,339.68068589999996,-0.7033093000000008,win,-7.033093000000008,-35.16546497207855,-54.40725797501818,3.050842999999759,0.7975150000002031,0.0,0.0,-10.881450999999856
holdout256,3,130,518f542e3cdcc8088285a7bd05126d565d1c3433fe6262fa0cc4e1d389e86280,nccp,segment_entry,339.653503,339.68068589999996,0.027182899999957044,loss,0.2718289999997978,1.3591567453186144,6.0832584546406,0.6281879999999092,-1.573011000000406,0.0,0.0,1.2166520000002947
holdout256,3,131,dd9757a4249a4bd6696b93582a67334cd638dc89c41fa569af145058bd80c917,mec_center,nccp,309.19725189999997,307.7819467,-1.4153051999999775,win,-14.153052000000116,-70.76526997040673,-82.43517778786509,2.362337999999909,-0.028354999999919528,0.0,0.0,-16.487035000000105
holdout256,3,131,dd9757a4249a4bd6696b93582a67334cd638dc89c41fa569af145058bd80c917,mec_center,segment_entry,309.19725189999997,307.77591229999996,-1.4213396000000103,win,-14.213396000000103,-71.06699661754465,-78.04537892723351,1.2650979999998526,0.1305819999988671,0.0,0.0,-15.609075999998822
holdout256,3,131,dd9757a4249a4bd6696b93582a67334cd638dc89c41fa569af145058bd80c917,nccp,segment_entry,307.7819467,307.77591229999996,-0.006034400000032747,win,-0.06034399999998641,-0.30172664713791164,4.389798860631572,-1.0972400000000562,0.15893699999878663,0.0,0.0,0.8779590000012831
holdout256,3,132,dec3415eea568852ad970a6fcd771dc919de2562d1a85a7583cf2c1582524672,mec_center,nccp,463.96698690000005,463.3943722,-0.572614700000031,win,-5.72614700000031,-28.630729996661103,-66.69619112025407,4.669843000000583,1.6676149999997278,0.0,1.2756339999996271,-13.339239000000362
holdout256,3,132,dec3415eea568852ad970a6fcd771dc919de2562d1a85a7583cf2c1582524672,mec_center,segment_entry,463.96698690000005,463.29809429999995,-0.6688926000001061,win,-6.68892600000072,-33.44462485126496,-65.19664705909645,3.763512000000219,1.2775939999997945,0.0,1.3092979999992167,-13.03932999999995
holdout256,3,132,dec3415eea568852ad970a6fcd771dc919de2562d1a85a7583cf2c1582524672,nccp,segment_entry,463.3943722,463.29809429999995,-0.09627790000007508,win,-0.9627790000004097,-4.813894854603859,1.4995440611576214,-0.9063310000003639,-0.39002099999993334,0.0,0.03366399999958958,0.29990900000041165
holdout256,3,133,7e215d1ddf13bdd878dcb0ca30fd2b9c1c77b9cb29e54f210383b71d21699dc2,mec_center,nccp,341.2800445,340.40856491666665,-0.8714795833333255,win,-10.457754999999906,-52.28878206230729,-98.4696642003837,4.046184000000267,5.189993000000413,0.0,0.0,-19.69393200000087
holdout256,3,133,7e215d1ddf13bdd878dcb0ca30fd2b9c1c77b9cb29e54f210383b71d21699dc2,mec_center,segment_entry,341.2800445,340.3000173333333,-0.9800271666666731,win,-11.760326000000077,-58.80163188547522,-93.2005549606838,2.332577000000583,4.547207000000299,0.0,0.0,-18.64011000000079
holdout256,3,133,7e215d1ddf13bdd878dcb0ca30fd2b9c1c77b9cb29e54f210383b71d21699dc2,nccp,segment_entry,340.40856491666665,340.3000173333333,-0.10854758333334757,win,-1.302571000000171,-6.512849823167926,5.269109239699901,-1.7136069999996835,-0.6427860000001147,0.0,0.0,1.053822000000082
holdout256,3,134,a2fa55cdad9b3c70c4f99976dc80f8f22e278b4e54594d80b709253ed7031a8a,mec_center,nccp,245.03585686666665,242.80500006666668,-2.2308567999999696,win,-33.46285199999966,-167.31426360923615,-143.825999912493,-5.92289599999981,1.2252449999996315,0.0,0.0,-28.76520099999925
holdout256,3,134,a2fa55cdad9b3c70c4f99976dc80f8f22e278b4e54594d80b709253ed7031a8a,mec_center,segment_entry,245.03585686666665,243.21297719999998,-1.8228796666666653,win,-27.343194999999923,-136.7159873921064,-129.09473318060736,-5.666528000000881,4.142278000000033,0.0,0.0,-25.818944999999076
holdout256,3,134,a2fa55cdad9b3c70c4f99976dc80f8f22e278b4e54594d80b709253ed7031a8a,nccp,segment_entry,242.80500006666668,243.21297719999998,0.4079771333333042,loss,6.119656999999734,30.59827621712975,14.731266731885626,0.256367999998929,2.9170330000004014,0.0,0.0,2.946256000000176
holdout256,3,135,847a238406b7ffe93ba949e37b9a2afe8ddb5915fc13738054bf48cb086ddd1e,mec_center,nccp,398.21333599999997,397.0184168,-1.1949191999999584,win,-11.949191999999584,-84.7459655276125,-398.9843277275654,1.1854690000000119,66.66220500000009,0.0,0.0,-79.7968659999998
holdout256,3,135,847a238406b7ffe93ba949e37b9a2afe8ddb5915fc13738054bf48cb086ddd1e,mec_center,segment_entry,398.21333599999997,397.1926244,-1.02071159999997,win,-10.207115999999587,-76.03558444117334,-391.9256866392275,0.9512380000001031,67.22678300000007,0.0,0.0,-78.38513699999965
holdout256,3,135,847a238406b7ffe93ba949e37b9a2afe8ddb5915fc13738054bf48cb086ddd1e,nccp,segment_entry,397.0184168,397.1926244,0.17420759999998836,loss,1.7420759999999973,8.710381086439156,7.058641088337936,-0.23423099999990882,0.5645779999999831,0.0,0.0,1.4117290000001503
holdout256,3,136,36f81e229108c6523a9c420c4012161980bb396b786c4418bc122caea253a72c,mec_center,nccp,341.7580834615385,339.4563370769231,-2.3017463846153987,win,-29.922703000000183,-149.61351181938517,-87.41661931779049,-3.9305380000007517,-8.472882000000936,0.0,-0.03595900000027541,-17.483323999998333
holdout256,3,136,36f81e229108c6523a9c420c4012161980bb396b786c4418bc122caea253a72c,mec_center,segment_entry,341.7580834615385,339.55064084615384,-2.2074426153846503,win,-28.69675400000051,-143.48376973221093,-84.7539768277395,-3.8631300000004103,-7.853937000000769,0.0,-0.02889300000060757,-16.950793999998723
holdout256,3,136,36f81e229108c6523a9c420c4012161980bb396b786c4418bc122caea253a72c,nccp,segment_entry,339.4563370769231,339.55064084615384,0.09430376923074846,loss,1.225948999999673,6.129742087174236,2.6626424900509846,0.06740800000034142,0.6189450000001671,0.0,0.007065999999667838,0.5325299999996105
holdout256,3,137,4e6212891dd5165b296207ce198d14f39a0448422722409e80cb5e55c7f591be,mec_center,nccp,309.8791819090909,308.13243590909093,-1.7467459999999733,win,-19.214206000000104,-96.07102544816917,-100.99627429286147,2.3213649999995596,-1.3363149999993311,0.0,0.0,-20.199256000000275
holdout256,3,137,4e6212891dd5165b296207ce198d14f39a0448422722409e80cb5e55c7f591be,mec_center,segment_entry,309.8791819090909,308.02010481818184,-1.859077090909068,win,-20.449848000000202,-102.24923433601543,-96.34910328313617,0.7471299999999701,-1.927156999999852,0.0,0.0,-19.26982100000049
holdout256,3,137,4e6212891dd5165b296207ce198d14f39a0448422722409e80cb5e55c7f591be,nccp,segment_entry,308.13243590909093,308.02010481818184,-0.11233109090909466,win,-1.235642000000098,-6.178208887846267,4.647171009725298,-1.5742349999995895,-0.5908420000005208,0.0,0.0,0.9294349999997848
holdout256,3,138,3079df50aab15f5046465de11fcb20f3b1ec9a0c0c3767da2bba521249c3150a,mec_center,nccp,256.043889375,253.7132745625,-2.330614812499988,win,-37.28983699999981,-186.4491886422693,-143.23108205012795,-9.499152000000322,0.8555319999998119,0.0,0.0,-28.646216999999297
holdout256,3,138,3079df50aab15f5046465de11fcb20f3b1ec9a0c0c3767da2bba521249c3150a,mec_center,segment_entry,256.043889375,253.7637914375,-2.2800979374999883,win,-36.481566999999814,-182.40784171329506,-137.80572766276418,-8.63618100000076,-0.284240999999156,0.0,0.0,-27.561144999999897
holdout256,3,138,3079df50aab15f5046465de11fcb20f3b1ec9a0c0c3767da2bba521249c3150a,nccp,segment_entry,253.7132745625,253.7637914375,0.05051687499999957,loss,0.8082699999999932,4.041346928974235,5.425354387363768,0.8629709999995612,-1.1397729999989679,0.0,0.0,1.0850719999993998
holdout256,3,139,9115f878ab66ea25438f666f5f6aa5e424f02a857bb4e4428501ae9b2cf4be83,mec_center,nccp,305.257781,304.5052738125,-0.7525071875000435,win,-12.040115000000696,-60.200581504323054,-114.14033006393811,6.193336999998564,4.594612000001234,0.0,0.0,-22.828063999999927
holdout256,3,139,9115f878ab66ea25438f666f5f6aa5e424f02a857bb4e4428501ae9b2cf4be83,mec_center,segment_entry,305.257781,304.4464714375,-0.8113095625000142,win,-12.980953000000227,-64.90477320285936,-112.84160625034565,5.789078999998765,3.7982870000014373,0.0,0.0,-22.568319000000088
holdout256,3,139,9115f878ab66ea25438f666f5f6aa5e424f02a857bb4e4428501ae9b2cf4be83,nccp,segment_entry,304.5052738125,304.4464714375,-0.05880237499997065,win,-0.9408379999995304,-4.704191698536306,1.29872381359246,-0.4042579999997997,-0.796324999999797,0.0,0.0,0.2597449999998389
holdout256,3,140,dae98c359a4493f36891141a8cc5c2225c0744fe7bd3aed522ed644035938a34,mec_center,nccp,356.20376153846155,355.08758353846156,-1.1161779999999908,win,-14.510314000000108,-72.55155983020813,-83.61239028028922,1.892064000000346,0.32010199999922406,0.0,0.0,-16.722479999999507
holdout256,3,140,dae98c359a4493f36891141a8cc5c2225c0744fe7bd3aed522ed644035938a34,mec_center,segment_entry,356.20376153846155,355.09334184615386,-1.110419692307687,win,-14.435456000000158,-72.17727535562881,-82.09216608886436,0.6510729999999967,1.3319059999996625,0.0,0.0,-16.418434999999874
holdout256,3,140,dae98c359a4493f36891141a8cc5c2225c0744fe7bd3aed522ed644035938a34,nccp,segment_entry,355.08758353846156,355.09334184615386,0.005758307692303788,loss,0.07485799999994924,0.37428447457932634,1.5202241914248589,-1.2409910000003492,1.0118040000004385,0.0,0.0,0.30404499999963264
holdout256,3,141,768c1fb4c07ca82bd43144222ae157cd4f42f822680bbe72262557deb64b486d,mec_center,nccp,330.0570208461538,328.65138269230766,-1.405638153846155,win,-18.2732960000003,-91.36648570934994,-118.08471696092602,0.7977369999996426,4.545908999998574,0.0,0.0,-23.616941999998573
holdout256,3,141,768c1fb4c07ca82bd43144222ae157cd4f42f822680bbe72262557deb64b486d,mec_center,segment_entry,330.0570208461538,328.6859111538461,-1.371109692307698,win,-17.82442600000013,-89.12212546587398,-117.06063157311792,0.42234199999961675,5.165355999999747,0.0,0.0,-23.41212399999955
holdout256,3,141,768c1fb4c07ca82bd43144222ae157cd4f42f822680bbe72262557deb64b486d,nccp,segment_entry,328.65138269230766,328.6859111538461,0.03452846153845712,loss,0.44887000000016997,2.244360243475967,1.0240853878080998,-0.3753950000000259,0.6194470000011734,0.0,0.0,0.2048179999990225
holdout256,3,142,716a1a019de6c6a1b543475d05673ea0b80831dfc7c6f6a96952276797bcb0e4,mec_center,nccp,289.25038685714287,286.40003814285717,-2.850348714285701,win,-39.904881999999816,-199.5244037633347,-166.72800703130451,-0.21465399999988222,-6.344626999999946,0.0,0.0,-33.34560099999976
holdout256,3,142,716a1a019de6c6a1b543475d05673ea0b80831dfc7c6f6a96952276797bcb0e4,mec_center,segment_entry,289.25038685714287,286.4951145714286,-2.755272285714284,win,-38.57381200000009,-192.86906244335842,-165.77069669880507,0.5265639999997802,-5.946235999998862,0.0,0.0,-33.15414000000055
holdout256,3,142,716a1a019de6c6a1b543475d05673ea0b80831dfc7c6f6a96952276797bcb0e4,nccp,segment_entry,286.40003814285717,286.4951145714286,0.09507642857141718,loss,1.3310699999997269,6.655341319976287,0.9573103324994463,0.7412179999996624,0.39839100000108374,0.0,0.0,0.19146099999920807
holdout256,3,143,229167c34bb303a6370e82bacd91eda26151b29af26e8f9fc5c93b70f6dbd2b7,mec_center,nccp,361.37259175,358.9227250833333,-2.4498666666667077,win,-29.398400000000038,-146.99199647291243,-113.87009740894746,-6.15837799999872,-0.4660020000010263,0.0,0.0,-22.774020000000405
holdout256,3,143,229167c34bb303a6370e82bacd91eda26151b29af26e8f9fc5c93b70f6dbd2b7,mec_center,segment_entry,361.37259175,358.89330275,-2.479289000000051,win,-29.751468000000386,-148.75734340580675,-106.58224012044093,-6.616067999998677,-1.818953000000647,0.0,0.0,-21.316447000001062
holdout256,3,143,229167c34bb303a6370e82bacd91eda26151b29af26e8f9fc5c93b70f6dbd2b7,nccp,segment_entry,358.9227250833333,358.89330275,-0.02942233333334343,win,-0.35306800000034855,-1.7653469328943174,7.28785728850653,-0.45768999999995685,-1.3529509999996208,0.0,0.0,1.4575729999993428
holdout256,3,144,d39507533ea4650c4fe6d2d9abac93d50a9269f64c0cdab6a62fb9cc70961cb8,mec_center,nccp,371.2316868181818,370.02269190909095,-1.2089949090908476,win,-13.298943999999665,-66.49469693493302,-116.23220522181157,3.6396710000003623,6.30782900000122,0.0,0.0,-23.246444000001304
holdout256,3,144,d39507533ea4650c4fe6d2d9abac93d50a9269f64c0cdab6a62fb9cc70961cb8,mec_center,segment_entry,371.2316868181818,369.93526336363635,-1.2964234545454474,win,-14.260657999999694,-71.30327842539191,-113.70450639094724,3.0912120000007235,5.3890330000010636,0.0,0.0,-22.74090300000148
holdout256,3,144,d39507533ea4650c4fe6d2d9abac93d50a9269f64c0cdab6a62fb9cc70961cb8,nccp,segment_entry,370.02269190909095,369.93526336363635,-0.08742854545459977,win,-0.961714000000029,-4.8085814904588915,2.527698830864324,-0.5484589999996388,-0.9187960000001567,0.0,0.0,0.5055409999998233
holdout256,3,145,d85ef2260e78e35d9b5e56a0390dcd7835b37206be91a4e847121501d37f2a3c,mec_center,nccp,342.57639191666664,340.58730291666666,-1.9890889999999786,win,-23.86906799999997,-119.34535840908575,-137.97655844831615,-3.2006790000000365,6.926920000000337,0.0,0.0,-27.59530900000061
holdout256,3,145,d85ef2260e78e35d9b5e56a0390dcd7835b37206be91a4e847121501d37f2a3c,mec_center,segment_entry,342.57639191666664,340.5986045,-1.9777874166666152,win,-23.733448999999837,-118.66725023354593,-137.8401219847815,-3.1579420000007303,6.992519000000357,0.0,0.0,-27.568025999999747
holdout256,3,145,d85ef2260e78e35d9b5e56a0390dcd7835b37206be91a4e847121501d37f2a3c,nccp,segment_entry,340.58730291666666,340.5986045,0.011301583333363396,loss,0.13561900000013338,0.6781081755398191,0.13643646353466465,0.042736999999306136,0.06559900000002017,0.0,0.0,0.027283000000863922
holdout256,3,146,7da51f756ab4264f6f86ddfeaa7ed5cb706e16b221befd762452bd3821e559f5,mec_center,nccp,421.96255010000004,419.57871480000006,-2.383835299999987,win,-23.838353000000097,-119.1917660657491,-110.77539929899126,1.3613679999998567,-3.044639999999845,0.0,0.0,-22.15508099999994
holdout256,3,146,7da51f756ab4264f6f86ddfeaa7ed5cb706e16b221befd762452bd3821e559f5,mec_center,segment_entry,421.96255010000004,419.62332779999997,-2.339222300000074,win,-23.39222300000074,-116.96111182666209,-110.4939070976327,1.3757179999997788,-2.669157999999925,0.0,0.0,-22.098783000000367
holdout256,3,146,7da51f756ab4264f6f86ddfeaa7ed5cb706e16b221befd762452bd3821e559f5,nccp,segment_entry,419.57871480000006,419.62332779999997,0.04461299999991297,loss,0.4461299999993571,2.2306542390870163,0.2814922013585601,0.014349999999922147,0.37548199999991994,0.0,0.0,0.05629799999957186
holdout256,3,147,f9a5ffe104619fd2d6128c3231ebb78a0a39d6be0b268f922548e6c779c0cbda,mec_center,nccp,343.7467481666667,341.164868,-2.5818801666666786,win,-30.982562000000144,-154.91280528261996,-126.14676861421412,-3.5558269999994536,-2.197382999999718,0.0,0.0,-25.22935200000086
holdout256,3,147,f9a5ffe104619fd2d6128c3231ebb78a0a39d6be0b268f922548e6c779c0cbda,mec_center,segment_entry,343.7467481666667,341.1754683333333,-2.571279833333392,win,-30.85535800000025,-154.27677459087136,-125.13398390881707,-3.4021950000001198,-2.4263640000001487,0.0,0.0,-25.026799000000096
holdout256,3,147,f9a5ffe104619fd2d6128c3231ebb78a0a39d6be0b268f922548e6c779c0cbda,nccp,segment_entry,341.164868,341.1754683333333,0.010600333333286471,loss,0.1272039999998924,0.6360306917486014,1.0127847053970527,0.15363199999933386,-0.22898100000043087,0.0,0.0,0.20255300000076204
holdout256,3,148,b2a3b8677d0da0fe80b04ccbab4979a489db01603455deb78749e9ed08288c09,mec_center,nccp,330.9843546428571,328.9946833571429,-1.9896712857142234,win,-27.855397999999695,-139.27697614053614,-143.04793496031948,3.5224840000000768,-2.7682959999992818,0.0,0.0,-28.609586000000547
holdout256,3,148,b2a3b8677d0da0fe80b04ccbab4979a489db01603455deb78749e9ed08288c09,mec_center,segment_entry,330.9843546428571,329.07710092857144,-1.9072537142856731,win,-26.701551999999538,-133.5077549167836,-141.58319110257025,3.526785999999447,-1.9117019999994227,0.0,0.0,-28.316635999999903
holdout256,3,148,b2a3b8677d0da0fe80b04ccbab4979a489db01603455deb78749e9ed08288c09,nccp,segment_entry,328.9946833571429,329.07710092857144,0.08241757142855022,loss,1.1538460000001578,5.769221223752538,1.4647438577492267,0.0043019999993703095,0.8565939999998591,0.0,0.0,0.2929500000006442
holdout256,3,149,2af337c1cb01e4a7e733dfc2dbdf9f18896b05d0c7b82a628ed8dad0d00a4c23,mec_center,nccp,267.729461,266.6011883333333,-1.1282726666667031,win,-16.92408999999998,-84.62045131409468,-141.42310069114092,5.644189999999526,5.716341000000057,0.0,4.547473508864641e-13,-28.284620999999902
holdout256,3,149,2af337c1cb01e4a7e733dfc2dbdf9f18896b05d0c7b82a628ed8dad0d00a4c23,mec_center,segment_entry,267.729461,266.5874565333333,-1.1420044666667195,win,-17.130067000000054,-85.65031802951489,-137.87490626639214,4.7721919999999045,5.672726000000921,0.0,0.0,-27.574985000000765
holdout256,3,149,2af337c1cb01e4a7e733dfc2dbdf9f18896b05d0c7b82a628ed8dad0d00a4c23,nccp,segment_entry,266.6011883333333,266.5874565333333,-0.013731800000016392,win,-0.20597700000007535,-1.0298667154202121,3.548194424748772,-0.8719979999996212,-0.04361499999913576,0.0,-4.547473508864641e-13,0.7096359999991364
holdout256,3,150,c64a64ed5ba3884a9aa67f7aad07030e9be054cbe78c672f8304f4a0805d1ba8,mec_center,nccp,303.4592608461538,304.6106646923077,1.151403846153869,loss,14.968250000000353,74.84126021530938,-136.89326062509076,-5.5519500000000335,47.89885200000117,0.0,0.0,-27.378652000000045
holdout256,3,150,c64a64ed5ba3884a9aa67f7aad07030e9be054cbe78c672f8304f4a0805d1ba8,mec_center,segment_entry,303.4592608461538,304.533249,1.0739881538461873,loss,13.96184600000015,69.80923975561927,-135.60304946271663,-5.1394880000000285,46.2219440000008,0.0,0.0,-27.120610000000624
holdout256,3,150,c64a64ed5ba3884a9aa67f7aad07030e9be054cbe78c672f8304f4a0805d1ba8,nccp,segment_entry,304.6106646923077,304.533249,-0.07741569230768164,win,-1.0064040000002024,-5.032020459690102,1.2902111623741348,0.412462000000005,-1.6769080000003669,0.0,0.0,0.25804199999942057
holdout256,3,151,05578322ce4deec4a9eaf0531eb1b5cf0efe1b1276e41d16ffe1567bf40c8544,mec_center,nccp,258.82446550000003,256.9744195833333,-1.8500459166667156,win,-22.20055100000036,-111.00273661478059,-113.48043214747804,-2.645766999999978,3.141305000000102,0.0,0.0,-22.696089000000597
holdout256,3,151,05578322ce4deec4a9eaf0531eb1b5cf0efe1b1276e41d16ffe1567bf40c8544,mec_center,segment_entry,258.82446550000003,257.09102533333333,-1.7334401666666963,win,-20.801282000000356,-104.00639264506935,-110.7684032387815,-2.5524560000003476,3.9048580000005586,0.0,0.0,-22.153684000000794
holdout256,3,151,05578322ce4deec4a9eaf0531eb1b5cf0efe1b1276e41d16ffe1567bf40c8544,nccp,segment_entry,256.9744195833333,257.09102533333333,0.11660575000001927,loss,1.3992690000000039,6.9963439697112335,2.7120289086965386,0.09331099999963044,0.7635530000004564,0.0,0.0,0.5424049999998033
holdout256,3,152,e6adcecec4401b280f042f7a098fda8e584ff6ac858b4b63c64226cf4d46b9f4,mec_center,nccp,320.65515471428574,318.8961186428572,-1.759036071428568,win,-24.62650500000018,-123.13251508506437,-164.26471997590602,-5.751453000000993,13.977895000001809,0.0,0.0,-32.852947000000995
holdout256,3,152,e6adcecec4401b280f042f7a098fda8e584ff6ac858b4b63c64226cf4d46b9f4,mec_center,segment_entry,320.65515471428574,318.79965992857143,-1.8554947857143134,win,-25.976927000000614,-129.88462950193207,-161.58847249537303,-6.309708000000683,12.650477000001047,0.0,0.0,-32.31769600000115
holdout256,3,152,e6adcecec4401b280f042f7a098fda8e584ff6ac858b4b63c64226cf4d46b9f4,nccp,segment_entry,318.8961186428572,318.79965992857143,-0.09645871428574537,win,-1.3504220000004352,-6.752114416867698,2.676247480532993,-0.55825499999969,-1.3274180000007618,0.0,0.0,0.535250999999846
holdout256,3,153,79edd2b541519df2c4b83f4ebebc290cd59b537464e6f815116b4ae80b67fd8a,mec_center,nccp,266.3849241875,265.2195538125,-1.165370375000009,win,-18.645926000000145,-93.22961124120411,-114.83366764666926,2.006878999999799,2.3139290000005985,0.0,0.0,-22.966734000000656
holdout256,3,153,79edd2b541519df2c4b83f4ebebc290cd59b537464e6f815116b4ae80b67fd8a,mec_center,segment_entry,266.3849241875,265.2085768125,-1.1763473750000344,win,-18.82155800000055,-94.10778503909387,-114.05749443074501,2.2982249999995474,1.6917169999996986,0.0,0.0,-22.811500000000137
holdout256,3,153,79edd2b541519df2c4b83f4ebebc290cd59b537464e6f815116b4ae80b67fd8a,nccp,segment_entry,265.2195538125,265.2085768125,-0.010977000000025328,win,-0.17563200000040524,-0.8781737978897581,0.7761732159242456,0.29134599999974853,-0.6222120000008999,0.0,0.0,0.1552340000005188
holdout256,3,154,0988cbd563e3fedbc135b76336247aa716bb31a209ac3806ddf6172a4c95dc44,mec_center,nccp,392.376709,389.7500008,-2.626708199999996,win,-26.267081999999846,-131.33539982932962,-106.4363031294522,-5.064921999999569,0.08510099999989507,0.0,0.0,-21.28726100000017
holdout256,3,154,0988cbd563e3fedbc135b76336247aa716bb31a209ac3806ddf6172a4c95dc44,mec_center,segment_entry,392.376709,389.8879773,-2.4887317000000166,win,-24.88731699999971,-124.43658852289263,-104.60344792920796,-4.312461999999414,0.34583499999939704,0.0,0.0,-20.92068999999981
holdout256,3,154,0988cbd563e3fedbc135b76336247aa716bb31a209ac3806ddf6172a4c95dc44,nccp,segment_entry,389.7500008,389.8879773,0.1379764999999793,loss,1.379765000000134,6.898811306436983,1.8328552002442393,0.7524600000001556,0.260733999999502,0.0,0.0,0.3665710000003628
holdout256,3,155,a4d89b435cfd37a1d34c9d6a84edc4ff7ea9a69b975fe77493d35b0c4d4bd95d,mec_center,nccp,251.9303845625,250.2455850625,-1.684799499999997,win,-26.95679199999995,-134.78396247663113,-156.0544140022066,2.338301999999203,1.915790000000925,0.0,0.0,-31.210884000000306
holdout256,3,155,a4d89b435cfd37a1d34c9d6a84edc4ff7ea9a69b975fe77493d35b0c4d4bd95d,mec_center,segment_entry,251.9303845625,250.2217728125,-1.7086117499999887,win,-27.33778799999982,-136.68894144944352,-153.0361077132775,1.5804469999998219,1.6889870000009068,0.0,0.0,-30.607222000000206
holdout256,3,155,a4d89b435cfd37a1d34c9d6a84edc4ff7ea9a69b975fe77493d35b0c4d4bd95d,nccp,segment_entry,250.2455850625,250.2217728125,-0.023812249999991764,win,-0.3809959999998682,-1.904978972812387,3.018306288929125,-0.7578549999993811,-0.22680300000001807,0.0,0.0,0.6036620000000994
holdout256,3,156,5ae718e9b91023e8d785ef7a85517fb8d24a5226d6915516c332ac043735756c,mec_center,nccp,361.84067300000004,359.7547995,-2.085873500000048,win,-20.85873500000025,-104.29367181704765,-109.23798530756994,1.183771000000661,-0.19490900000027978,0.0,0.0,-21.84759700000052
holdout256,3,156,5ae718e9b91023e8d785ef7a85517fb8d24a5226d6915516c332ac043735756c,mec_center,segment_entry,361.84067300000004,359.6504134,-2.190259600000047,win,-21.902596000000358,-109.51297726709163,-107.1024080184302,0.6553820000003725,-1.1374960000000556,0.0,0.0,-21.42048200000039
holdout256,3,156,5ae718e9b91023e8d785ef7a85517fb8d24a5226d6915516c332ac043735756c,nccp,segment_entry,359.7547995,359.6504134,-0.10438609999999926,win,-1.0438610000001063,-5.219305450043976,2.1355772891397464,-0.5283890000002884,-0.9425869999997758,0.0,0.0,0.4271150000001285
holdout256,3,157,ae9c93973c35275d57fe0f6c453cb066a4cddb15be3a2f0f513ce1ce1efbcae9,mec_center,nccp,281.701333375,279.657503375,-2.043830000000014,win,-32.701280000000224,-163.50640435317837,-117.11135496674615,-6.519452000000001,-2.7595569999996314,0.0,0.0,-23.42227100000082
holdout256,3,157,ae9c93973c35275d57fe0f6c453cb066a4cddb15be3a2f0f513ce1ce1efbcae9,mec_center,segment_entry,281.701333375,279.6061603125,-2.0951730625000096,win,-33.52276900000015,-167.6138565201909,-117.61007789611313,-6.447038000000248,-3.553717000000006,0.0,0.0,-23.5220139999999
holdout256,3,157,ae9c93973c35275d57fe0f6c453cb066a4cddb15be3a2f0f513ce1ce1efbcae9,nccp,segment_entry,279.657503375,279.6061603125,-0.05134306249999554,win,-0.8214889999999286,-4.107452167012525,-0.49872292936697704,0.07241399999975329,-0.7941600000003746,0.0,0.0,-0.09974299999907998
holdout256,3,158,f3381feca8d5d018f9541eeb6bed9725506224312e75c3453a2d0d0f2dce31ef,mec_center,nccp,307.53619275,306.025134,-1.5110587500000179,win,-24.176940000000286,-120.88470248161684,-176.18668946134426,5.2186579999997775,5.841738999998597,0.0,0.0,-35.23733699999843
holdout256,3,158,f3381feca8d5d018f9541eeb6bed9725506224312e75c3453a2d0d0f2dce31ef,mec_center,segment_entry,307.53619275,305.68457175,-1.8516210000000228,win,-29.625936000000365,-148.1296899529225,-173.9969179131774,-0.14630700000020624,5.319752999997036,0.0,0.0,-34.799381999997024
holdout256,3,158,f3381feca8d5d018f9541eeb6bed9725506224312e75c3453a2d0d0f2dce31ef,nccp,segment_entry,306.025134,305.68457175,-0.34056225000000495,win,-5.448996000000079,-27.24498747130565,2.1897715481668456,-5.364964999999984,-0.5219860000015615,0.0,0.0,0.4379550000014092
holdout256,3,159,bda47656a8cf260727dde6590c002808eb52a3e7c76965bda6d96a344c92df73,mec_center,nccp,330.52718853846153,327.6133816923077,-2.9138068461538182,win,-37.87948899999992,-189.3974272845262,-144.14886241931845,-2.2734319999995023,-6.776282000000947,0.0,0.0,-28.829774999999586
holdout256,3,159,bda47656a8cf260727dde6590c002808eb52a3e7c76965bda6d96a344c92df73,mec_center,segment_entry,330.52718853846153,327.651818,-2.8753705384615387,win,-37.379817,-186.89907207638316,-142.75733728965338,-2.033242999999402,-6.795104000000038,0.0,0.0,-28.551470000000677
holdout256,3,159,bda47656a8cf260727dde6590c002808eb52a3e7c76965bda6d96a344c92df73,nccp,segment_entry,327.6133816923077,327.651818,0.03843630769227957,loss,0.4996719999999186,2.498355208143039,1.3915251296650695,0.24018900000010035,-0.01882199999909062,0.0,0.0,0.2783049999989089
holdout256,3,160,46f5a907864f7c99d3b2ef6fb550f3f9cf1cd90b400f633efb71a911230e009a,mec_center,nccp,341.94328245454545,340.81255500000003,-1.130727454545422,win,-12.43800199999987,-62.19002385677777,-93.2422677090558,1.1101240000000416,5.100327000000107,0.0,0.0,-18.64845300000013
holdout256,3,160,46f5a907864f7c99d3b2ef6fb550f3f9cf1cd90b400f633efb71a911230e009a,mec_center,segment_entry,341.94328245454545,340.7776804545455,-1.1656019999999785,win,-12.821621999999934,-64.10811866152835,-91.16196118166886,1.003980999999385,4.4067890000003445,0.0,0.0,-18.23239199999989
holdout256,3,160,46f5a907864f7c99d3b2ef6fb550f3f9cf1cd90b400f633efb71a911230e009a,nccp,segment_entry,340.81255500000003,340.7776804545455,-0.03487454545455648,win,-0.38362000000006446,-1.9180948047505808,2.080306527386938,-0.10614300000065668,-0.6935379999997622,0.0,0.0,0.4160610000002407
holdout256,3,161,96f3951af25a4dbdfd715da90dff6e327537de851385f68045a7ee8fd72b270f,mec_center,nccp,289.9142443125,283.3147706875,-6.599473624999973,win,-105.59157799999957,-502.9578752601665,188.41495513212976,-2.094201000000112,-141.18036699999902,0.0,0.0,37.68298999999979
holdout256,3,161,96f3951af25a4dbdfd715da90dff6e327537de851385f68045a7ee8fd72b270f,mec_center,segment_entry,289.9142443125,283.23950775,-6.674736562500016,win,-106.79578500000025,-508.9789276809897,189.68714944859175,-3.1222840000004908,-141.61093199999868,0.0,0.0,37.937430999998924
holdout256,3,161,96f3951af25a4dbdfd715da90dff6e327537de851385f68045a7ee8fd72b270f,nccp,segment_entry,283.3147706875,283.23950775,-0.07526293750004243,win,-1.2042070000006788,-6.021052420823253,1.2721943164619915,-1.0280830000003789,-0.43056499999966036,0.0,0.0,0.25444099999913306
holdout256,3,162,dbd57f76a9b7f5356ab84461adf80b44d9e3089337027dd7f17c3aa7e4e406dc,mec_center,nccp,272.0596043076923,270.21059684615386,-1.8490074615384628,win,-24.037096999999903,-120.1854843171077,-108.99645036227457,-0.48320500000045286,-1.754602999999861,0.0,0.0,-21.799288999999362
holdout256,3,162,dbd57f76a9b7f5356ab84461adf80b44d9e3089337027dd7f17c3aa7e4e406dc,mec_center,segment_entry,272.0596043076923,270.3064119230769,-1.7531923846154314,win,-22.791501000000153,-113.9574933536096,-104.83609035499876,-0.3883540000006178,-1.4359299999994164,0.0,0.0,-20.96721700000012
holdout256,3,162,dbd57f76a9b7f5356ab84461adf80b44d9e3089337027dd7f17c3aa7e4e406dc,nccp,segment_entry,270.21059684615386,270.3064119230769,0.09581507692303148,loss,1.2455959999997503,6.227990963498087,4.160360007275813,0.09485099999983504,0.3186730000004445,0.0,0.0,0.8320719999992434
holdout256,3,163,0f484714e74876eb2826833c74ad67311537dd39fb148c1c30974207c276c77c,mec_center,nccp,338.6311694,337.6310415,-1.0001278999999954,win,-10.001279000000068,-50.00639296436384,-52.80851921407384,-2.5000880000002326,3.060513999999216,0.0,0.0,-10.561704999999051
holdout256,3,163,0f484714e74876eb2826833c74ad67311537dd39fb148c1c30974207c276c77c,mec_center,segment_entry,338.6311694,337.45450719999997,-1.1766622000000098,win,-11.766622000000098,-58.83310244774293,-46.78277105893494,-2.5520670000003065,0.14200100000005023,0.0,0.0,-9.356555999999841
holdout256,3,163,0f484714e74876eb2826833c74ad67311537dd39fb148c1c30974207c276c77c,nccp,segment_entry,337.6310415,337.45450719999997,-0.17653430000001435,win,-1.7653430000000299,-8.82670948337909,6.025748155138899,-0.05197900000007394,-2.918512999999166,0.0,0.0,1.20514899999921
holdout256,3,164,bb0cfcb7c3025ad5ea10616ad86713baa04a254a0c6cd03a56ebdd73fcb42279,mec_center,nccp,332.12022730769235,330.66273684615385,-1.457490461538498,win,-18.947376000000077,-94.73688233817666,-138.6013226445557,2.808239999999614,5.9646480000005795,0.0,0.0,-27.72026400000044
holdout256,3,164,bb0cfcb7c3025ad5ea10616ad86713baa04a254a0c6cd03a56ebdd73fcb42279,mec_center,segment_entry,332.12022730769235,330.5975863846154,-1.522640923076949,win,-19.794332000000395,-98.9716695335228,-136.49208584743883,2.4447020000004613,5.05938100000003,0.0,0.0,-27.298415000001114
holdout256,3,164,bb0cfcb7c3025ad5ea10616ad86713baa04a254a0c6cd03a56ebdd73fcb42279,nccp,segment_entry,330.66273684615385,330.5975863846154,-0.06515046153845105,win,-0.8469560000003185,-4.234787195346144,2.109236797116864,-0.3635379999991528,-0.9052670000005492,0.0,0.0,0.4218489999993267
holdout256,3,165,8e478b75e90513017d319bb60bfbb790e1d5a46f5edeeef61d3c456db9eb0686,mec_center,nccp,394.8268527,392.4302579,-2.3965948000000026,win,-23.965948000000026,-119.82973774051243,-110.30600035504472,2.3197779999991326,-4.224525999999514,0.0,0.0,-22.0611999999997
holdout256,3,165,8e478b75e90513017d319bb60bfbb790e1d5a46f5edeeef61d3c456db9eb0686,mec_center,segment_entry,394.8268527,392.5054267,-2.321426000000031,win,-23.214260000000195,-116.07130609567503,-106.7907061281926,2.627351999999064,-4.483471999999892,0.0,0.0,-21.358139999999366
holdout256,3,165,8e478b75e90513017d319bb60bfbb790e1d5a46f5edeeef61d3c456db9eb0686,nccp,segment_entry,392.4302579,392.5054267,0.07516879999997172,loss,0.7516879999998309,3.758431644837401,3.51529422685212,0.3075739999999314,-0.25894600000037826,0.0,0.0,0.7030600000003346
holdout256,3,166,c70c12d5fdd308171d762607809793a612722ed9c35b9d0b858a51bc9cfc6c5d,mec_center,nccp,368.92723374999997,368.41595349999994,-0.5112802500000271,win,-6.135363000000325,-55.67681770950003,-49.762346008611075,-1.5573390000001837,5.374447000000146,0.0,-4.547473508864641e-13,-9.952470999999719
holdout256,3,166,c70c12d5fdd308171d762607809793a612722ed9c35b9d0b858a51bc9cfc6c5d,mec_center,segment_entry,368.92723374999997,368.50375549999995,-0.4234782500000165,win,-5.081739000000198,-50.408690149302856,-43.18590293604757,-1.7968989999999394,5.35234199999968,0.0,-4.547473508864641e-13,-8.637181999999711
holdout256,3,166,c70c12d5fdd308171d762607809793a612722ed9c35b9d0b858a51bc9cfc6c5d,nccp,segment_entry,368.41595349999994,368.50375549999995,0.0878020000000106,loss,1.0536240000001271,5.268127560197172,6.576443072563507,-0.23955999999975575,-0.022105000000465225,0.0,0.0,1.315289000000007
holdout256,3,167,084fd8a700d1e1bfd389894e1f71a6f52c9c8c9efd54112d663010d0784572c8,mec_center,nccp,319.09558008333335,317.7845315,-1.3110485833333314,win,-15.732582999999977,-78.6629110029844,-124.80977077731131,3.444488999999976,5.784881000000269,0.0,0.0,-24.961953000000392
holdout256,3,167,084fd8a700d1e1bfd389894e1f71a6f52c9c8c9efd54112d663010d0784572c8,mec_center,segment_entry,319.09558008333335,317.82017866666666,-1.275401416666682,win,-15.30481699999973,-76.52407829123513,-123.98872114252117,3.701919000000771,5.791008999999349,0.0,0.0,-24.79774500000002
holdout256,3,167,084fd8a700d1e1bfd389894e1f71a6f52c9c8c9efd54112d663010d0784572c8,nccp,segment_entry,317.7845315,317.82017866666666,0.035647166666649355,loss,0.427766000000247,2.1388327117492736,0.8210496347901426,0.2574300000007952,0.0061279999990802025,0.0,0.0,0.1642080000003716
holdout256,3,168,0d92cc6605616aad73b0222fefb33f67f5195875ba98d4af3b14157227d3d994,mec_center,nccp,358.9819869090909,356.60577800000004,-2.376208909090849,win,-26.13829799999985,-130.69149064943485,-123.79384542058733,1.3912399999999252,-2.4655890000003637,0.0,-0.30518099999972037,-24.75876799999986
holdout256,3,168,0d92cc6605616aad73b0222fefb33f67f5195875ba98d4af3b14157227d3d994,mec_center,segment_entry,358.9819869090909,356.6935168181818,-2.2884700909090725,win,-25.17317099999991,-125.86586794905452,-123.28071177809727,1.363758000000189,-1.978079000000207,0.0,0.09728899999981877,-24.656138999999826
holdout256,3,168,0d92cc6605616aad73b0222fefb33f67f5195875ba98d4af3b14157227d3d994,nccp,segment_entry,356.60577800000004,356.6935168181818,0.08773881818177642,loss,0.9651269999999386,4.825622700380336,0.513133642490061,-0.027481999999736217,0.48751000000015665,0.0,0.40246999999953914,0.10262900000003583
holdout256,3,169,52b049240aed27a465807d3915ec10e5524677896b680ca59e3891eaa8b082c0,mec_center,nccp,352.1265803,350.8495709,-1.2770093999999972,win,-12.770093999999972,-63.850470577735905,-64.32693545739039,1.3268840000000637,-1.2315900000000966,0.0,0.0,-12.865387999999939
holdout256,3,169,52b049240aed27a465807d3915ec10e5524677896b680ca59e3891eaa8b082c0,mec_center,segment_entry,352.1265803,351.0096835,-1.1168968000000064,win,-11.16896799999995,-55.844840139157895,-58.82222179633936,0.8427079999996749,-0.24723199999993994,0.0,0.0,-11.764443999999685
holdout256,3,169,52b049240aed27a465807d3915ec10e5524677896b680ca59e3891eaa8b082c0,nccp,segment_entry,350.8495709,351.0096835,0.16011259999999083,loss,1.601126000000022,8.00563043857801,5.504713661051028,-0.48417600000038874,0.9843580000001566,0.0,0.0,1.1009440000002542
holdout256,3,170,6211a1ab8ae4ab5ecb1c04ceb8c3079fe7d2e236dab239c5bcfc76783167928e,mec_center,nccp,342.65417907692307,340.7273584615384,-1.9268206153846563,win,-25.04866800000036,-125.24336229231994,-129.0524533272278,0.1696369999997387,0.5921819999994113,0.0,0.0,-25.81048699999991
holdout256,3,170,6211a1ab8ae4ab5ecb1c04ceb8c3079fe7d2e236dab239c5bcfc76783167928e,mec_center,segment_entry,342.65417907692307,340.72395453846156,-1.9302245384615162,win,-25.09291899999971,-125.46461023461961,-127.76575020070231,-0.2136030000001483,0.6738320000004023,0.0,0.0,-25.55314800000042
holdout256,3,170,6211a1ab8ae4ab5ecb1c04ceb8c3079fe7d2e236dab239c5bcfc76783167928e,nccp,segment_entry,340.7273584615384,340.72395453846156,-0.0034039230768598827,win,-0.044250999999349006,-0.22124794229966938,1.286703126525481,-0.383239999999887,0.08165000000099099,0.0,0.0,0.25733899999949017
holdout256,3,171,ebf2309e76dc228c399e10758d11ffb6cd226522ec0456ba69515f6a837a9c12,mec_center,nccp,310.43891346666663,308.4145902,-2.024323266666613,win,-30.364848999999595,-151.82425182244697,-156.78239461784642,1.5040430000003653,-0.5124120000000403,0.0,0.0,-31.356480000000545
holdout256,3,171,ebf2309e76dc228c399e10758d11ffb6cd226522ec0456ba69515f6a837a9c12,mec_center,segment_entry,310.43891346666663,308.3890940666667,-2.049819399999933,win,-30.747290999999677,-153.73646184340032,-152.93206753044365,0.9365510000011454,-1.097426999999243,0.0,0.0,-30.58641500000192
holdout256,3,171,ebf2309e76dc228c399e10758d11ffb6cd226522ec0456ba69515f6a837a9c12,nccp,segment_entry,308.4145902,308.3890940666667,-0.025496133333319904,win,-0.38244200000008277,-1.9122100209533528,3.850327087402775,-0.5674919999992198,-0.5850149999992027,0.0,0.0,0.770064999998624
holdout256,3,172,0385e67ad1fdf130ae596f235b02d45c4a21e022f06685758dc4555be007ae3f,mec_center,nccp,362.2711127,360.4855269,-1.7855857999999785,win,-17.8558579999999,-89.27929160369968,-77.91954356853807,-0.867406000000301,-1.4045450000012352,0.0,0.0,-15.583906999998476
holdout256,3,172,0385e67ad1fdf130ae596f235b02d45c4a21e022f06685758dc4555be007ae3f,mec_center,segment_entry,362.2711127,360.6816687,-1.5894440000000145,win,-15.894440000000031,-79.47219838639649,-76.19531765610282,0.7125539999997272,-1.3679320000001098,0.0,0.0,-15.239061999999592
holdout256,3,172,0385e67ad1fdf130ae596f235b02d45c4a21e022f06685758dc4555be007ae3f,nccp,segment_entry,360.4855269,360.6816687,0.19614179999996395,loss,1.9614179999998669,9.80709321730319,1.7242259124352586,1.5799600000000282,0.03661300000112533,0.0,0.0,0.34484499999888385
holdout256,3,173,ed62ce9d5ab77aab21e4e98c3fedf8be1b4d3bea7d3b79c5fecc0155b15ae6aa,mec_center,nccp,346.12336492857145,341.34201557142853,-4.781349357142915,win,-66.9388910000007,-334.69444796945754,-158.40411345697748,-2.8750569999999698,-32.38301100000035,0.0,0.0,-31.680822999999975
holdout256,3,173,ed62ce9d5ab77aab21e4e98c3fedf8be1b4d3bea7d3b79c5fecc0155b15ae6aa,mec_center,segment_entry,346.12336492857145,341.375184,-4.748180928571458,win,-66.47453300000052,-332.3726753103947,-156.89206036575456,-2.282977000000301,-32.813147000000754,0.0,0.0,-31.37840899999901
holdout256,3,173,ed62ce9d5ab77aab21e4e98c3fedf8be1b4d3bea7d3b79c5fecc0155b15ae6aa,nccp,segment_entry,341.34201557142853,341.375184,0.0331684285714573,loss,0.4643580000001748,2.3217726590628445,1.5120530912229242,0.5920799999996689,-0.4301360000004024,0.0,0.0,0.3024140000009652
holdout256,3,174,35f0903b4a73fe87b109fc8c7a5f69aa2035cf5bbd58643e8fad0323f95e290e,mec_center,nccp,275.17899825,274.06358041666664,-1.1154178333333675,win,-13.385013999999956,-66.92506147538552,-83.5642645225821,3.034496999999419,0.2933440000006158,0.0,0.0,-16.712855000000104
holdout256,3,174,35f0903b4a73fe87b109fc8c7a5f69aa2035cf5bbd58643e8fad0323f95e290e,mec_center,segment_entry,275.17899825,274.03817733333335,-1.1408209166666552,win,-13.689850999999635,-68.44925934197818,-83.25820206095113,2.99588000000017,-0.0340899999996509,0.0,0.0,-16.651641000000268
holdout256,3,174,35f0903b4a73fe87b109fc8c7a5f69aa2035cf5bbd58643e8fad0323f95e290e,nccp,segment_entry,274.06358041666664,274.03817733333335,-0.025403083333287668,win,-0.3048369999996794,-1.524197866592658,0.3060624616309724,-0.03861699999924895,-0.3274340000002667,0.0,0.0,0.06121399999983623
holdout256,3,175,8d824e58981c50c03f31d5c87b5c94e97ff707ed66dc39eb1358a88afb4e95da,mec_center,nccp,315.8879405833333,314.89192183333336,-0.996018749999962,win,-11.952224999999999,-59.76111321388271,-100.04678872383897,3.8971749999998337,4.159958999999617,0.0,0.0,-20.009358999999563
holdout256,3,175,8d824e58981c50c03f31d5c87b5c94e97ff707ed66dc39eb1358a88afb4e95da,mec_center,segment_entry,315.8879405833333,314.8767623333333,-1.0111782500000004,win,-12.134139000000232,-60.67068970224682,-98.36913450296265,3.647004999999581,3.8926839999994627,0.0,0.0,-19.673827999999332
holdout256,3,175,8d824e58981c50c03f31d5c87b5c94e97ff707ed66dc39eb1358a88afb4e95da,nccp,segment_entry,314.89192183333336,314.8767623333333,-0.015159500000038406,win,-0.1819140000002335,-0.9095764883641095,1.6776542208763203,-0.2501700000002529,-0.26727500000015425,0.0,0.0,0.3355310000002305
holdout256,3,176,46288d0d836e014f3ca56c251b8b79b90124b0c9df0be3f0acfc6976a7fcee8b,mec_center,nccp,306.3596753076923,300.0624203846154,-6.297254923076935,win,-81.86431399999992,-409.3215607451548,-124.43092991935555,-127.4202679999994,70.44214099999999,0.0,0.0,-24.886187000000405
holdout256,3,176,46288d0d836e014f3ca56c251b8b79b90124b0c9df0be3f0acfc6976a7fcee8b,mec_center,segment_entry,306.3596753076923,300.03373023076927,-6.3259450769230625,win,-82.23728600000004,-411.1864229240473,-123.70999726945718,-127.41590999999994,69.92062499999929,0.0,0.0,-24.742000999999334
holdout256,3,176,46288d0d836e014f3ca56c251b8b79b90124b0c9df0be3f0acfc6976a7fcee8b,nccp,segment_entry,300.0624203846154,300.03373023076927,-0.02869015384612794,win,-0.372972000000118,-1.8648621788925084,0.7209326498983728,0.004357999999456297,-0.5215160000007018,0.0,0.0,0.14418600000107062
holdout256,3,177,e7acdf6d8ecea8195870455de8fa324ed32a5eee4d8b407ad7a543887c606c3a,mec_center,nccp,286.2701773333334,284.60099640000004,-1.6691809333333367,win,-25.03771400000005,-125.18855054657615,-123.1086676661007,1.0850000000000364,-1.5009799999991174,0.0,0.0,-24.62173400000097
holdout256,3,177,e7acdf6d8ecea8195870455de8fa324ed32a5eee4d8b407ad7a543887c606c3a,mec_center,segment_entry,286.2701773333334,284.6374381333333,-1.63273920000006,win,-24.491088000000673,-122.45543913564325,-120.5235972021319,1.009725999999091,-1.3960969999984627,0.0,0.0,-24.1047170000013
holdout256,3,177,e7acdf6d8ecea8195870455de8fa324ed32a5eee4d8b407ad7a543887c606c3a,nccp,segment_entry,284.60099640000004,284.6374381333333,0.036441733333276716,loss,0.5466259999993781,2.7331114109329064,2.5850704639688047,-0.07527400000094531,0.10488300000065465,0.0,0.0,0.5170169999996688
holdout256,3,178,dac35684cccafc55b4726dc908d21b94746a82fe926bfcf356106004b74c209e,mec_center,nccp,291.775364625,290.1725558125,-1.6028088125000295,win,-25.644941000000472,-128.22469176624145,-126.33821357884472,4.557972000000291,-4.935271000000739,0.0,0.0,-25.26764199999991
holdout256,3,178,dac35684cccafc55b4726dc908d21b94746a82fe926bfcf356106004b74c209e,mec_center,segment_entry,291.775364625,290.1577521875,-1.6176124374999858,win,-25.881798999999774,-129.40897149211742,-121.07932795705347,2.9838679999995747,-4.649800999998206,0.0,0.0,-24.215866000001142
holdout256,3,178,dac35684cccafc55b4726dc908d21b94746a82fe926bfcf356106004b74c209e,nccp,segment_entry,290.1725558125,290.1577521875,-0.014803624999956355,win,-0.23685799999930168,-1.1842797258759674,5.258885621791251,-1.574104000000716,0.2854700000025332,0.0,0.0,1.0517759999987675
holdout256,3,179,3f08aa913e7062d6d2c74753b7c2fe9681af5705e32ae02e55c4b559567cf503,mec_center,nccp,338.31365327272727,336.82730063636365,-1.4863526363636197,win,-16.349878999999873,-81.74940885205433,-72.99695437440323,0.77044600000022,-2.5209359999998924,0.0,0.0,-14.599389000000201
holdout256,3,179,3f08aa913e7062d6d2c74753b7c2fe9681af5705e32ae02e55c4b559567cf503,mec_center,segment_entry,338.31365327272727,336.7668883636363,-1.546764909090939,win,-17.014414000000215,-85.07208668433486,-70.53512070219176,0.3953149999993002,-3.3027079999992566,0.0,0.0,-14.107021000000316
holdout256,3,179,3f08aa913e7062d6d2c74753b7c2fe9681af5705e32ae02e55c4b559567cf503,nccp,segment_entry,336.82730063636365,336.7668883636363,-0.060412272727319305,win,-0.6645350000003418,-3.322677832280533,2.461833672211469,-0.3751310000009198,-0.7817719999993642,0.0,0.0,0.49236799999988534
holdout256,3,180,203279898df000f38801216a3cce5cc35b02ea73ed162f2736300da0c6d09a61,mec_center,nccp,353.3191014,352.0706501,-1.2484512999999993,win,-12.484512999999879,-62.42256187557359,-103.84871592115542,5.033093000000008,3.2521370000001752,0.0,0.0,-20.769742999999835
holdout256,3,180,203279898df000f38801216a3cce5cc35b02ea73ed162f2736300da0c6d09a61,mec_center,segment_entry,353.3191014,352.0442058,-1.2748956000000362,win,-12.748955999999907,-63.74479019012688,-102.24964795729329,4.532512999999881,3.168458000000328,0.0,0.0,-20.449927000000116
holdout256,3,180,203279898df000f38801216a3cce5cc35b02ea73ed162f2736300da0c6d09a61,nccp,segment_entry,352.0706501,352.0442058,-0.026444300000036947,win,-0.2644430000000284,-1.3222283145532856,1.599067963862126,-0.5005800000001273,-0.08367899999984729,0.0,0.0,0.31981599999971877
holdout256,3,181,54300d9ae345fb7b9db60e26b9648a75f50c835535b504db6b60c855aedd5a65,mec_center,nccp,358.83077166666664,356.24124441666663,-2.5895272500000033,win,-31.074327000000267,-155.37165802417076,-132.3421116622236,-0.4048560000001089,-4.201051000000689,0.0,0.0,-26.468419999999753
holdout256,3,181,54300d9ae345fb7b9db60e26b9648a75f50c835535b504db6b60c855aedd5a65,mec_center,segment_entry,358.83077166666664,356.3403265833333,-2.490445083333327,win,-29.885341000000153,-149.42671486817562,-129.67997004959352,-0.46445900000117035,-3.4848890000012034,0.0,0.0,-25.93599299999795
holdout256,3,181,54300d9ae345fb7b9db60e26b9648a75f50c835535b504db6b60c855aedd5a65,nccp,segment_entry,356.24124441666663,356.3403265833333,0.09908216666667613,loss,1.1889860000001136,5.944943155995134,2.66214161263008,-0.059603000001061446,0.7161619999994855,0.0,0.0,0.5324270000018032
holdout256,3,182,f5ce1ea713e939e9c19e9c22ec48fca339551d955412a3aec70692806e4eafbd,mec_center,nccp,279.227752,276.6921752857143,-2.535576714285696,win,-35.49807400000009,-177.49037631656392,-147.82199416146545,-3.481273999999985,-2.4524019999996653,0.0,0.0,-29.564398000000608
holdout256,3,182,f5ce1ea713e939e9c19e9c22ec48fca339551d955412a3aec70692806e4eafbd,mec_center,segment_entry,279.227752,276.72450164285715,-2.5032503571428606,win,-35.04550500000005,-175.22753423484573,-141.42118218905603,-4.524630000000116,-2.236640000000989,0.0,0.0,-28.28423499999917
holdout256,3,182,f5ce1ea713e939e9c19e9c22ec48fca339551d955412a3aec70692806e4eafbd,nccp,segment_entry,276.6921752857143,276.72450164285715,0.032326357142835604,loss,0.4525690000000395,2.2628420817181905,6.400811972409429,-1.0433560000001307,0.2157619999986764,0.0,0.0,1.280163000001437
holdout256,3,183,ec7e8ba62a19d6bf8629aa3a615fe3fd8f92243c0a8abe7bb6e5c048fe028dd5,mec_center,nccp,269.37596276923074,268.0464523846154,-1.3295103846153324,win,-17.283634999999776,-111.41818208233781,-609.4530841874057,-0.11713899999904243,104.72412099999906,0.0,0.0,-121.89061699999968
holdout256,3,183,ec7e8ba62a19d6bf8629aa3a615fe3fd8f92243c0a8abe7bb6e5c048fe028dd5,mec_center,segment_entry,269.37596276923074,268.0338029230769,-1.3421598461538338,win,-17.448077999999896,-112.24039259370693,-611.5228234030361,0.1371900000003734,104.71929699999873,0.0,0.0,-122.30456499999912
holdout256,3,183,ec7e8ba62a19d6bf8629aa3a615fe3fd8f92243c0a8abe7bb6e5c048fe028dd5,nccp,segment_entry,268.0464523846154,268.0338029230769,-0.012649461538501328,win,-0.16444300000011935,-0.8222105113691214,-2.0697392156304204,0.25432899999941583,-0.004824000000326123,0.0,0.0,-0.41394799999943643
holdout256,3,184,2a8424d4a5c4076b9a9617d079eb67006a15715a1fc8c818a13091bfe0f8336d,mec_center,nccp,284.75363792307695,290.71568146153845,5.962043538461501,loss,77.50656600000002,362.53282409320855,-410.0328171837259,-3.232156999999688,162.62171100000023,0.0,0.12357500000007349,-82.00656300000048
holdout256,3,184,2a8424d4a5c4076b9a9617d079eb67006a15715a1fc8c818a13091bfe0f8336d,mec_center,segment_entry,284.75363792307695,290.7073606153846,5.953722692307622,loss,77.39839499999971,361.99197592249766,-408.9604559165,-3.4394990000002963,162.60984800000074,0.0,0.02013699999952223,-81.79209100000014
holdout256,3,184,2a8424d4a5c4076b9a9617d079eb67006a15715a1fc8c818a13091bfe0f8336d,nccp,segment_entry,290.71568146153845,290.7073606153846,-0.008320846153878847,win,-0.10817100000031132,-0.5408481707108876,1.072361267225915,-0.2073420000006081,-0.011862999999493695,0.0,-0.10343800000055126,0.21447200000034172
holdout256,3,185,b376bb0afff5848d38f39c606f9bfbb6a82ae670a56b622e72f4ab21546c98f2,mec_center,nccp,319.1325898181818,317.36032827272726,-1.772261545454569,win,-19.494877000000088,-97.47438184534803,-96.55203341236665,1.4924150000006193,-1.6768859999999677,0.0,0.0,-19.310406000000626
holdout256,3,185,b376bb0afff5848d38f39c606f9bfbb6a82ae670a56b622e72f4ab21546c98f2,mec_center,segment_entry,319.1325898181818,317.3706505454545,-1.761939272727318,win,-19.381332000000384,-96.9066591810315,-94.60555252943368,2.476026999999931,-2.9362489999991794,0.0,0.0,-18.92111000000085
holdout256,3,185,b376bb0afff5848d38f39c606f9bfbb6a82ae670a56b622e72f4ab21546c98f2,nccp,segment_entry,317.36032827272726,317.3706505454545,0.010322272727250947,loss,0.11354499999970358,0.5677226643165341,1.946480882932974,0.9836119999993116,-1.2593629999992118,0.0,0.0,0.38929599999977427
holdout256,3,186,502f509aec4124ca0e9dc161426e31cb7bfea33958234243ecd9b4043d20a23f,mec_center,nccp,302.25387921428575,300.0913868571429,-2.1624923571428667,win,-30.274892999999793,-151.37446314441695,-127.60162957533385,-0.41110900000012407,-4.343457000000399,0.0,0.0,-25.520326999999384
holdout256,3,186,502f509aec4124ca0e9dc161426e31cb7bfea33958234243ecd9b4043d20a23f,mec_center,segment_entry,302.25387921428575,300.1140687142857,-2.139810500000067,win,-29.957347000000482,-149.78673615972366,-122.54645524954094,-1.1111290000008012,-4.336925999999494,0.0,0.0,-24.5092920000003
holdout256,3,186,502f509aec4124ca0e9dc161426e31cb7bfea33958234243ecd9b4043d20a23f,nccp,segment_entry,300.0913868571429,300.1140687142857,0.0226818571427998,loss,0.3175459999993109,1.5877269846932904,5.055174325792905,-0.7000200000006771,0.006531000000904896,0.0,0.0,1.011034999999083
holdout256,3,187,282902a2657ff029caaf25fc6caac4b5fa91d675b2243e7a8fd88728c94139bc,mec_center,nccp,295.1650176,294.2301046,-0.9349129999999946,win,-14.023694999999861,-70.11846111936393,-157.56092623988593,9.844221000000289,7.644270000000233,0.0,0.0,-31.512186000000327
holdout256,3,187,282902a2657ff029caaf25fc6caac4b5fa91d675b2243e7a8fd88728c94139bc,mec_center,segment_entry,295.1650176,294.179839,-0.9851785999999834,win,-14.777678999999807,-73.8883784787904,-156.5046401306488,8.84794000000079,7.675312000000304,0.0,0.0,-31.30093100000056
holdout256,3,187,282902a2657ff029caaf25fc6caac4b5fa91d675b2243e7a8fd88728c94139bc,nccp,segment_entry,294.2301046,294.179839,-0.05026559999998881,win,-0.7539839999999458,-3.769917359426472,1.056286109237135,-0.9962809999994988,0.031042000000070402,0.0,0.0,0.21125499999976682
holdout256,3,188,40f484ce591255490b383c2880df61426061eff29ef09d4377262a9e351c4631,mec_center,nccp,368.02700530000004,366.802348,-1.2246573000000467,win,-12.246573000000353,-61.23286571472636,-115.55829947068969,4.229258999999502,6.635827999999492,0.0,0.0,-23.111659999999404
holdout256,3,188,40f484ce591255490b383c2880df61426061eff29ef09d4377262a9e351c4631,mec_center,segment_entry,368.02700530000004,366.7174243,-1.309581000000037,win,-13.095810000000256,-65.4790628590581,-111.55220279703963,2.4720769999998993,6.742553000000498,0.0,0.0,-22.310440000000597
holdout256,3,188,40f484ce591255490b383c2880df61426061eff29ef09d4377262a9e351c4631,nccp,segment_entry,366.802348,366.7174243,-0.08492369999999028,win,-0.8492369999999028,-4.246197144331745,4.006096673650063,-1.7571819999996023,0.10672500000100626,0.0,0.0,0.801219999998807
holdout256,3,189,f72c05bd3d734de85968e100517214ac95958a41f9b1e1212b4a95ef95563c21,mec_center,nccp,342.94117824999995,341.6364285833333,-1.3047496666666234,win,-15.656995999999708,-78.28497110521857,-213.84947159210014,1.2062920000005306,25.90660700000035,0.0,0.0,-42.769895000000815
holdout256,3,189,f72c05bd3d734de85968e100517214ac95958a41f9b1e1212b4a95ef95563c21,mec_center,segment_entry,342.94117824999995,341.5313205,-1.4098577499999578,win,-16.91829299999972,-84.59147845130792,-209.93064275435495,-0.34839099999999235,25.416225000000168,0.0,0.0,-41.98612700000007
holdout256,3,189,f72c05bd3d734de85968e100517214ac95958a41f9b1e1212b4a95ef95563c21,nccp,segment_entry,341.6364285833333,341.5313205,-0.10510808333333443,win,-1.2612970000000132,-6.306507346089347,3.9188288377451954,-1.554683000000523,-0.4903820000001815,0.0,0.0,0.7837680000007481
holdout256,3,190,6114696a5516385f9dbaf055856f4f790c1749a4af7595b03502fd278b55c030,mec_center,nccp,313.5049724,312.4964940666667,-1.0084783333333007,win,-15.127174999999625,-75.63587613679192,-142.83552710336994,5.27039900000068,8.1695320000008,0.0,0.0,-28.56710600000065
holdout256,3,190,6114696a5516385f9dbaf055856f4f790c1749a4af7595b03502fd278b55c030,mec_center,segment_entry,313.5049724,312.37115693333334,-1.133815466666647,win,-17.00723199999993,-85.03615155339867,-139.8165983099259,5.6803240000003825,5.275763999999981,0.0,0.0,-27.963319999999726
holdout256,3,190,6114696a5516385f9dbaf055856f4f790c1749a4af7595b03502fd278b55c030,nccp,segment_entry,312.4964940666667,312.37115693333334,-0.12533713333334617,win,-1.8800570000003063,-9.400275416606746,3.018928793444047,0.4099249999997028,-2.8937680000008186,0.0,0.0,0.6037860000009232
holdout256,3,191,fb9a4f6d442652687484c57971eee7bb25d939bdc15cf5ba3674831bf304519c,mec_center,nccp,246.2808788125,244.8194728125,-1.4614059999999824,win,-23.38249599999972,-116.91248803129565,-162.7591096432526,2.243679999999813,6.276308999999401,0.0,0.6493350000000646,-32.55181999999894
holdout256,3,191,fb9a4f6d442652687484c57971eee7bb25d939bdc15cf5ba3674831bf304519c,mec_center,segment_entry,246.2808788125,244.7353404375,-1.5455383749999783,win,-24.728613999999652,-123.64307261388967,-160.9382669349328,1.9012739999998303,4.955005999999003,0.0,0.6027600000002167,-32.18765399999887
holdout256,3,191,fb9a4f6d442652687484c57971eee7bb25d939bdc15cf5ba3674831bf304519c,nccp,segment_entry,244.8194728125,244.7353404375,-0.08413237499999582,win,-1.346117999999933,-6.73058458259402,1.8208427083197876,-0.34240599999998267,-1.3213030000003982,0.0,-0.04657499999984793,0.3641660000000684
holdout256,3,192,7b8c50a5950bd17f9f684d58cdf0a9480c19c4a3a07a9f0458bb1fba9aeb8d36,mec_center,nccp,396.4903259,394.25892480000005,-2.231401099999971,win,-22.314010999999937,-111.57003713100676,-99.3474927652984,0.7005310000004101,-3.1450419999989663,0.0,0.0,-19.86950000000138
holdout256,3,192,7b8c50a5950bd17f9f684d58cdf0a9480c19c4a3a07a9f0458bb1fba9aeb8d36,mec_center,segment_entry,396.4903259,394.2549947,-2.2353312000000187,win,-22.353312000000187,-111.76655157920504,-98.47625320261182,0.39039999999999964,-3.0484609999994063,0.0,0.0,-19.69525100000078
holdout256,3,192,7b8c50a5950bd17f9f684d58cdf0a9480c19c4a3a07a9f0458bb1fba9aeb8d36,nccp,segment_entry,394.25892480000005,394.2549947,-0.003930100000047787,win,-0.0393010000002505,-0.19651444819828612,0.8712395626865828,-0.3101310000004105,0.09658099999955994,0.0,0.0,0.17424900000060006
holdout256,3,193,399e5763950e599ae7a0c2c5a269e1103b9fea009c8980e56b75dfe668034343,mec_center,nccp,352.2137982727273,350.49336627272726,-1.7204320000000166,win,-18.9247519999999,-94.62375035329933,-110.7407227683002,1.3639740000000984,1.85942,0.0,0.0,-22.148145999999883
holdout256,3,193,399e5763950e599ae7a0c2c5a269e1103b9fea009c8980e56b75dfe668034343,mec_center,segment_entry,352.2137982727273,350.3421604545455,-1.8716378181817959,win,-20.588015999999698,-102.9400708102421,-108.62465754133473,1.2815749999997479,-0.1446570000009615,0.0,0.0,-21.724933999998484
holdout256,3,193,399e5763950e599ae7a0c2c5a269e1103b9fea009c8980e56b75dfe668034343,nccp,segment_entry,350.49336627272726,350.3421604545455,-0.15120581818177925,win,-1.6632639999997991,-8.316320456942776,2.1160652269654747,-0.0823990000003505,-2.0040770000009616,0.0,0.0,0.42321200000139925
holdout256,3,194,3bca1c4ebefe4747c82a4affcbb8b9e9780d95f088944a2ab32b9bcd66280e97,mec_center,nccp,309.82183200000003,308.519727,-1.30210500000004,win,-18.22947000000022,-91.14738011487862,-123.84914142691878,-1.2322020000005978,7.772556000001259,0.0,0.0,-24.769824000001336
holdout256,3,194,3bca1c4ebefe4747c82a4affcbb8b9e9780d95f088944a2ab32b9bcd66280e97,mec_center,segment_entry,309.82183200000003,308.50753249999997,-1.314299500000061,win,-18.4001930000004,-92.00097483375066,-117.72261716429693,-1.163776000000098,6.308105000001433,0.0,0.0,-23.54452200000196
holdout256,3,194,3bca1c4ebefe4747c82a4affcbb8b9e9780d95f088944a2ab32b9bcd66280e97,nccp,segment_entry,308.519727,308.50753249999997,-0.01219450000002098,win,-0.17072300000018004,-0.8535947188720456,6.126524262621842,0.0684260000004997,-1.4644509999998263,0.0,0.0,1.225301999999374
holdout256,3,195,3216a36df36834c087a24e1a1beff9fbd7f7c22ce4274d432bae7324689accc6,mec_center,nccp,295.81488060000004,292.7897261,-3.025154500000042,win,-30.25154500000008,-151.25771793121385,-105.57368634638976,-4.417964000000438,-4.718842000001132,0.0,0.0,-21.114738999998337
holdout256,3,195,3216a36df36834c087a24e1a1beff9fbd7f7c22ce4274d432bae7324689accc6,mec_center,segment_entry,295.81488060000004,292.8398063,-2.975074300000017,win,-29.750743000000057,-148.75370101492445,-104.77282052379155,-4.707906999999523,-4.088270000000193,0.0,0.0,-20.954566000000284
holdout256,3,195,3216a36df36834c087a24e1a1beff9fbd7f7c22ce4274d432bae7324689accc6,nccp,segment_entry,292.7897261,292.8398063,0.05008020000002489,loss,0.5008020000000215,2.5040169162894017,0.8008658225982117,-0.28994299999908435,0.6305720000009387,0.0,0.0,0.16017299999805346
holdout256,3,196,79e44b282ed690b7ed13ffc3c7bcb8042a7902e4bd2d14be71dc56794dafd5f6,mec_center,nccp,286.3052032142857,285.62111335714286,-0.6840898571428511,win,-9.577257999999802,-47.886294055493636,-111.29825697032993,3.9217969999999696,8.76059699999928,0.0,0.0,-22.25965199999905
holdout256,3,196,79e44b282ed690b7ed13ffc3c7bcb8042a7902e4bd2d14be71dc56794dafd5f6,mec_center,segment_entry,286.3052032142857,285.7026013571429,-0.6026018571428153,win,-8.436425999999756,-42.18211762010833,-107.35534298321272,3.649112999999943,9.385530000000244,0.0,0.0,-21.471068999999943
holdout256,3,196,79e44b282ed690b7ed13ffc3c7bcb8042a7902e4bd2d14be71dc56794dafd5f6,nccp,segment_entry,285.62111335714286,285.7026013571429,0.08148800000003575,loss,1.1408320000000458,5.704176435385307,3.9429139871172083,-0.27268400000002657,0.624933000000965,0.0,0.0,0.7885829999991074
holdout256,3,197,28fba7855bd7b22de5a45235f7772ecdb40506e790b7821f608f71e96b210195,mec_center,nccp,284.86852073333336,283.530414,-1.3381067333333476,win,-20.071600999999646,-100.35800057089727,-114.94128238688018,2.9797989999995025,-0.06314500000030421,0.0,0.0,-22.98825499999907
holdout256,3,197,28fba7855bd7b22de5a45235f7772ecdb40506e790b7821f608f71e96b210195,mec_center,segment_entry,284.86852073333336,283.40089226666663,-1.4676284666667243,win,-22.01442700000007,-110.07214007849689,-110.1746167195488,1.1170549999997093,-1.0965609999998378,0.0,0.0,-22.034921000000168
holdout256,3,197,28fba7855bd7b22de5a45235f7772ecdb40506e790b7821f608f71e96b210195,nccp,segment_entry,283.530414,283.40089226666663,-0.1295217333333767,win,-1.942826000000423,-9.714139507599612,4.766665667331381,-1.8627439999997932,-1.0334159999995336,0.0,0.0,0.9533339999989039
holdout256,3,198,d3b9bfacc4ab2f4c844db429c6a95ea6c361c9d83162f642609b29e38c7d8c2a,mec_center,nccp,346.5227608181818,345.46822536363635,-1.0545354545454302,win,-11.59988999999996,-57.99943623922445,-108.07545998926844,7.461495000000923,2.5537079999994603,0.0,0.0,-21.615093
holdout256,3,198,d3b9bfacc4ab2f4c844db429c6a95ea6c361c9d83162f642609b29e38c7d8c2a,mec_center,segment_entry,346.5227608181818,345.4129200909091,-1.1098407272726831,win,-12.208247999999912,-61.04123032251664,-109.25776346607518,7.659851000000344,1.9834550000002764,0.0,0.0,-21.851554000000476
holdout256,3,198,d3b9bfacc4ab2f4c844db429c6a95ea6c361c9d83162f642609b29e38c7d8c2a,nccp,segment_entry,345.46822536363635,345.4129200909091,-0.05530527272725294,win,-0.6083579999999529,-3.0417940832921886,-1.1823034768067373,0.19835599999942133,-0.5702529999991839,0.0,0.0,-0.23646100000047454
holdout256,3,199,de1fb035e8b95251df560a08660479779538a3b9d324e43d0429f31b28088d91,mec_center,nccp,324.6345621333333,303.8174792,-20.817082933333324,win,-312.25624400000015,-1626.2812106739766,647.9301610635916,-276.1865469999998,-165.6557270000012,0.0,0.0,129.58603000000062
holdout256,3,199,de1fb035e8b95251df560a08660479779538a3b9d324e43d0429f31b28088d91,mec_center,segment_entry,324.6345621333333,303.9424526666666,-20.692109466666693,win,-310.3816420000003,-1616.908192576324,648.8373453319114,-275.47222399999964,-164.67688499999963,0.0,0.0,129.76746699999876
holdout256,3,199,de1fb035e8b95251df560a08660479779538a3b9d324e43d0429f31b28088d91,nccp,segment_entry,303.8174792,303.9424526666666,0.12497346666663134,loss,1.874601999999868,9.373018097652675,0.9071842683197247,0.7143230000001495,0.9788420000015776,0.0,0.0,0.1814369999981409
holdout256,3,200,f5c2ed6084f60e65f29eca714b87b773c963a460ce2e039a80481c1ffa94840e,mec_center,nccp,309.4413645384615,308.2595506923077,-1.1818138461538297,win,-15.363580000000184,-76.81789321224278,-95.62456012689881,-4.183845999999676,7.945180000000391,0.0,0.0,-19.124914000001013
holdout256,3,200,f5c2ed6084f60e65f29eca714b87b773c963a460ce2e039a80481c1ffa94840e,mec_center,segment_entry,309.4413645384615,308.1232570769231,-1.3181074615384318,win,-17.13539700000001,-85.67698516316523,-89.89044511396014,-4.973753999999644,5.816447000001062,0.0,0.0,-17.97809000000143
holdout256,3,200,f5c2ed6084f60e65f29eca714b87b773c963a460ce2e039a80481c1ffa94840e,nccp,segment_entry,308.2595506923077,308.1232570769231,-0.13629361538460216,win,-1.7718169999998281,-8.859091950922448,5.734115012938673,-0.7899079999999685,-2.128732999999329,0.0,0.0,1.146823999999583
holdout256,3,201,df0d76b93935e52c01562b2cc28970c42b317ec92e6991e467d725df7318e513,mec_center,nccp,334.8716463,381.18241290000003,46.31076660000002,loss,463.1076659999999,2710.538345428022,-54.74566575153631,446.35419200000024,27.70260899999971,0.0,0.0,-10.94913500000007
holdout256,3,201,df0d76b93935e52c01562b2cc28970c42b317ec92e6991e467d725df7318e513,mec_center,segment_entry,334.8716463,381.27287160000003,46.40122530000002,loss,464.0122529999999,2715.0612756487117,-48.58861333353616,446.83634600000005,26.89363199999957,0.0,0.0,-9.717724999999973
holdout256,3,201,df0d76b93935e52c01562b2cc28970c42b317ec92e6991e467d725df7318e513,nccp,segment_entry,381.18241290000003,381.27287160000003,0.09045869999999923,loss,0.9045869999999923,4.5229302206898865,6.1570524180001485,0.48215399999980946,-0.8089770000001408,0.0,0.0,1.2314100000000963
holdout256,3,202,9fbb5b6f49bba36505b849f1cd83295b7bc2353d2cc835add6987fb3045d08ac,mec_center,nccp,346.4599837,343.81013229999996,-2.6498514000000455,win,-26.49851400000034,-132.49257513911652,-121.0846935807619,-1.378083999999717,-0.9034930000004806,0.0,0.0,-24.216937000000144
holdout256,3,202,9fbb5b6f49bba36505b849f1cd83295b7bc2353d2cc835add6987fb3045d08ac,mec_center,segment_entry,346.4599837,343.8542536,-2.6057301000000166,win,-26.05730100000028,-130.28650934216785,-120.82587303130651,-1.3955760000003465,-0.49655200000006516,0.0,0.0,-24.165172999999754
holdout256,3,202,9fbb5b6f49bba36505b849f1cd83295b7bc2353d2cc835add6987fb3045d08ac,nccp,segment_entry,343.81013229999996,343.8542536,0.044121300000028896,loss,0.4412130000000616,2.2060657969486783,0.258820549455379,-0.01749200000062956,0.40694100000041544,0.0,0.0,0.05176400000038939
holdout256,3,203,dcc0633ae0d65d0146caedb240729dd608cd4db3e64accfcb8e2a5798e471ded,mec_center,nccp,294.7987589333333,292.88124853333335,-1.9175103999999692,win,-28.76265599999988,-143.81329454801744,-159.33277957898326,2.6698669999993854,0.4340299999994386,0.0,0.0,-31.866552999998646
holdout256,3,203,dcc0633ae0d65d0146caedb240729dd608cd4db3e64accfcb8e2a5798e471ded,mec_center,segment_entry,294.7987589333333,292.9253970666667,-1.8733618666666416,win,-28.100427999999738,-140.50213037684807,-155.63491985976407,1.9931799999994837,1.0333769999997457,0.0,0.0,-31.126984999998967
holdout256,3,203,dcc0633ae0d65d0146caedb240729dd608cd4db3e64accfcb8e2a5798e471ded,nccp,segment_entry,292.88124853333335,292.9253970666667,0.04414853333332758,loss,0.662228000000141,3.3111641711693665,3.6978597192191955,-0.6766869999999017,0.5993470000003072,0.0,0.0,0.7395679999996787
holdout256,3,204,3c3a42a6a5a5653922892653b463b85a94cdf8d8a3672e1f68be8f50430e89f7,mec_center,nccp,269.7583114615385,267.8151517692308,-1.9431596923076881,win,-25.261075999999775,-126.30537752928103,-120.78056260368339,-4.317050999999992,3.2120869999996557,0.0,0.0,-24.156111999999325
holdout256,3,204,3c3a42a6a5a5653922892653b463b85a94cdf8d8a3672e1f68be8f50430e89f7,mec_center,segment_entry,269.7583114615385,267.82584884615386,-1.9324626153846225,win,-25.122014000000036,-125.61006070629446,-122.12492910237688,-3.8033150000001115,3.106286999999611,0.0,0.0,-24.424985999999308
holdout256,3,204,3c3a42a6a5a5653922892653b463b85a94cdf8d8a3672e1f68be8f50430e89f7,nccp,segment_entry,267.8151517692308,267.82584884615386,0.010697076923065651,loss,0.13906199999973978,0.6953168229865696,-1.3443664986934891,0.5137359999998807,-0.10580000000004475,0.0,0.0,-0.2688739999999825
holdout256,3,205,c3993e925c59e8dd2fc07a0579c392aea3643e1e64290eaf405358752fee3d35,mec_center,nccp,387.62735630000003,385.7494999,-1.8778564000000415,win,-18.778564000000188,-93.8928134555972,-115.64024455335777,-0.2220190000000457,4.571504000000687,0.0,0.0,-23.12804900000083
holdout256,3,205,c3993e925c59e8dd2fc07a0579c392aea3643e1e64290eaf405358752fee3d35,mec_center,segment_entry,387.62735630000003,385.649632,-1.977724300000034,win,-19.777243,-98.88621116248214,-114.69862498095517,-1.267399999999725,4.429882000000362,0.0,0.0,-22.939725000000465
holdout256,3,205,c3993e925c59e8dd2fc07a0579c392aea3643e1e64290eaf405358752fee3d35,nccp,segment_entry,385.7494999,385.649632,-0.09986789999999246,win,-0.9986789999998109,-4.9933977068849345,0.9416195724026011,-1.0453809999996793,-0.141622000000325,0.0,0.0,0.18832400000036387
holdout256,3,206,af19a0a4962f465edc25de6b286f99faf508d5c48e48ed02c4d471b2e061d035,mec_center,nccp,287.83213700000005,282.45564740000003,-5.3764896000000135,win,-80.64734399999998,-403.23670840025443,-162.31288157655717,0.3717400000005,-48.556505999999445,0.0,0.0,-32.462578000000974
holdout256,3,206,af19a0a4962f465edc25de6b286f99faf508d5c48e48ed02c4d471b2e061d035,mec_center,segment_entry,287.83213700000005,282.4472504,-5.384886600000073,win,-80.7732990000004,-403.8665010245568,-158.9009955061647,-0.3930310000000645,-48.60006999999996,0.0,0.0,-31.780198000000155
holdout256,3,206,af19a0a4962f465edc25de6b286f99faf508d5c48e48ed02c4d471b2e061d035,nccp,segment_entry,282.45564740000003,282.4472504,-0.008397000000059052,win,-0.12595500000043103,-0.6297926243023539,3.411886070392484,-0.7647710000005645,-0.04356400000051508,0.0,0.0,0.6823800000008191
holdout256,3,207,1f13306f2493c8b726668f23ef4aa9acee7c3513a10f223009436b1a2ba3130c,mec_center,nccp,284.4376160666667,282.9718200666667,-1.4657960000000116,win,-21.986939999999777,-109.93469570453453,-120.00283891589925,-0.9462499999995089,2.9598779999996623,0.0,0.0,-24.00056799999993
holdout256,3,207,1f13306f2493c8b726668f23ef4aa9acee7c3513a10f223009436b1a2ba3130c,mec_center,segment_entry,284.4376160666667,283.0073402,-1.4302758666667046,win,-21.454138000000057,-107.27068787702592,-112.83629828926087,-1.9066819999998188,3.019805000000133,0.0,0.0,-22.567261000000144
holdout256,3,207,1f13306f2493c8b726668f23ef4aa9acee7c3513a10f223009436b1a2ba3130c,nccp,segment_entry,282.9718200666667,283.0073402,0.03552013333330706,loss,0.5328019999997196,2.6640078275086125,7.16654062663838,-0.9604320000003099,0.0599270000004708,0.0,0.0,1.433306999999786
holdout256,3,208,956a9cb159ec4a7bd924f4508a8c890c63243b702edb3971c3b7033d0269179b,mec_center,nccp,321.7498395833333,319.5410151666667,-2.20882441666663,win,-26.505893000000015,-132.52945795070082,-116.8912488424703,-1.28210200000035,-1.8455399999998008,0.0,0.0,-23.378250999999693
holdout256,3,208,956a9cb159ec4a7bd924f4508a8c890c63243b702edb3971c3b7033d0269179b,mec_center,segment_entry,321.7498395833333,319.56316491666666,-2.1866746666666472,win,-26.240095999999994,-131.20046950661163,-117.2547414787241,-0.92986199999973,-1.8592839999998887,0.0,0.0,-23.45095000000032
holdout256,3,208,956a9cb159ec4a7bd924f4508a8c890c63243b702edb3971c3b7033d0269179b,nccp,segment_entry,319.5410151666667,319.56316491666666,0.02214974999998276,loss,0.2657970000000205,1.328988444089191,-0.36349263625379535,0.35224000000062006,-0.013744000000087908,0.0,0.0,-0.07269900000062535
holdout256,3,209,5a2a5d8da95c91d4deab4adb6ee0a7610563a8f187ef6de90420f8cdd4c4a00d,mec_center,nccp,368.1120844,365.5421641,-2.5699203000000352,win,-25.699203000000125,-128.49600104262026,-106.07895589066766,-3.932409000000007,-0.551002000000608,0.0,0.0,-21.215791999999738
holdout256,3,209,5a2a5d8da95c91d4deab4adb6ee0a7610563a8f187ef6de90420f8cdd4c4a00d,mec_center,segment_entry,368.1120844,365.6243672,-2.48771720000002,win,-24.877171999999973,-124.38586284714438,-103.0873018015327,-3.800425000000132,-0.45928800000046976,0.0,0.0,-20.6174589999996
holdout256,3,209,5a2a5d8da95c91d4deab4adb6ee0a7610563a8f187ef6de90420f8cdd4c4a00d,nccp,segment_entry,365.5421641,365.6243672,0.08220310000001518,loss,0.8220310000001518,4.1101381954758835,2.991654089134954,0.13198399999987487,0.09171400000013818,0.0,0.0,0.5983330000001388
holdout256,3,210,aff5b849d88dc8d881bc3f7a567053d1cb86db8578ba0521a2be8a9d515dec1d,mec_center,nccp,333.2796251666667,331.7663278333333,-1.5132973333333553,win,-18.159568000000036,-90.79784053299772,-124.13789121366494,7.643981000001077,-0.9759709999996176,0.0,0.0,-24.827578000001324
holdout256,3,210,aff5b849d88dc8d881bc3f7a567053d1cb86db8578ba0521a2be8a9d515dec1d,mec_center,segment_entry,333.2796251666667,331.746268,-1.5333571666666899,win,-18.40028600000005,-92.00143065218435,-123.09126815497143,7.324064999999791,-1.1060959999992974,0.0,0.0,-24.61825500000083
holdout256,3,210,aff5b849d88dc8d881bc3f7a567053d1cb86db8578ba0521a2be8a9d515dec1d,nccp,segment_entry,331.7663278333333,331.746268,-0.02005983333333461,win,-0.2407180000000153,-1.2035901191866287,1.0466230586935126,-0.3199160000012853,-0.13012499999967986,0.0,0.0,0.20932300000049509
holdout256,3,211,fd25a825781ef73bd2d67b43d06097d97b39489c38dacb22733dc6819d1624cb,mec_center,nccp,413.9451928181818,411.07034736363636,-2.8748454545454365,win,-31.6233000000002,-158.1164972525621,-132.63575088046923,-3.085543000001053,-2.0106070000006184,0.0,0.0,-26.527149999998528
holdout256,3,211,fd25a825781ef73bd2d67b43d06097d97b39489c38dacb22733dc6819d1624cb,mec_center,segment_entry,413.9451928181818,411.1466124545455,-2.7985803636362903,win,-30.78438399999959,-153.92192862058437,-131.1327013569212,-2.795373000000609,-1.7624730000002273,0.0,0.0,-26.226537999998527
holdout256,3,211,fd25a825781ef73bd2d67b43d06097d97b39489c38dacb22733dc6819d1624cb,nccp,segment_entry,411.07034736363636,411.1466124545455,0.07626509090914624,loss,0.8389160000006086,4.194568631977745,1.503049523548043,0.2901700000004439,0.2481340000003911,0.0,0.0,0.300612000000001
holdout256,3,212,7e98fa2c75dd762e35b7a568d2d1f787ea63fa57715da4cfe3f044176a346740,mec_center,nccp,317.53756628571426,316.5306223571429,-1.0069439285713884,win,-14.097214999999778,-70.4860682282997,-113.60503322813702,4.361936000000242,4.2618560000005346,0.0,0.0,-22.72100700000078
holdout256,3,212,7e98fa2c75dd762e35b7a568d2d1f787ea63fa57715da4cfe3f044176a346740,mec_center,segment_entry,317.53756628571426,316.5028765714286,-1.034689714285662,win,-14.485655999999835,-72.42826612993304,-110.23754926163838,4.229816000000483,3.332038000000921,0.0,0.0,-22.04751000000124
holdout256,3,212,7e98fa2c75dd762e35b7a568d2d1f787ea63fa57715da4cfe3f044176a346740,nccp,segment_entry,316.5306223571429,316.5028765714286,-0.027745785714273552,win,-0.3884410000000571,-1.9421979016333353,3.3674839664986393,-0.13211999999975887,-0.9298179999996137,0.0,0.0,0.6734969999995428
holdout256,3,213,4c0e038a01e4e2f7416eccf443015cf5e1317158f5da48912d841a6d4f3a5812,mec_center,nccp,349.9457610909091,348.13798263636363,-1.8077784545454847,win,-19.885563000000275,-99.42783077088279,-109.09576648465395,-1.100697000000764,3.034286999999722,0.0,0.0,-21.81915299999929
holdout256,3,213,4c0e038a01e4e2f7416eccf443015cf5e1317158f5da48912d841a6d4f3a5812,mec_center,segment_entry,349.9457610909091,348.1225592727273,-1.8232018181818148,win,-20.05522000000019,-100.27611328983039,-106.39146102551513,-0.3091060000010657,1.5321770000005017,0.0,0.0,-21.278290999999683
holdout256,3,213,4c0e038a01e4e2f7416eccf443015cf5e1317158f5da48912d841a6d4f3a5812,nccp,segment_entry,348.13798263636363,348.1225592727273,-0.015423363636330123,win,-0.16965699999991557,-0.8482825189475989,2.7043054591388227,0.7915909999996984,-1.5021099999992202,0.0,0.0,0.5408619999996063
holdout256,3,214,df44721cad328ad77469597506ae70962547ccd30b759acc8357cff1400f527f,mec_center,nccp,349.17796163636365,347.9058120909091,-1.2721495454545675,win,-13.993645000000015,-69.96822244851319,-76.96839973288206,-2.3372790000000805,3.737313000000313,0.0,0.0,-15.39367900000019
holdout256,3,214,df44721cad328ad77469597506ae70962547ccd30b759acc8357cff1400f527f,mec_center,segment_entry,349.17796163636365,347.843558,-1.3344036363636747,win,-14.678440000000137,-73.39219430675803,-73.82981412909749,-2.098897999999508,2.1864210000001094,0.0,0.0,-14.765963000000568
holdout256,3,214,df44721cad328ad77469597506ae70962547ccd30b759acc8357cff1400f527f,nccp,segment_entry,347.9058120909091,347.843558,-0.06225409090910716,win,-0.684795000000122,-3.4239718582448404,3.138585603784577,0.23838100000057239,-1.5508920000002036,0.0,0.0,0.6277159999996229
holdout256,3,215,a05b7e5b30e24aa966ca2ce2f317e81ba2f26600a5a5aaaea8baf79ef3459a1d,mec_center,nccp,285.02252492857144,283.6360672857143,-1.386457642857124,win,-19.41040699999985,-97.05203286915457,-121.64710720718085,1.810334000000239,2.5555699999997614,0.0,0.5531110000001718,-24.329422000000022
holdout256,3,215,a05b7e5b30e24aa966ca2ce2f317e81ba2f26600a5a5aaaea8baf79ef3459a1d,mec_center,segment_entry,285.02252492857144,283.4904582142857,-1.5320667142857474,win,-21.44893400000001,-107.24467608711711,-115.51717998232743,-0.11886399999934838,1.0110119999997096,0.0,0.7623549999998431,-23.103437000000213
holdout256,3,215,a05b7e5b30e24aa966ca2ce2f317e81ba2f26600a5a5aaaea8baf79ef3459a1d,nccp,segment_entry,283.6360672857143,283.4904582142857,-0.14560907142862334,win,-2.0385270000001583,-10.19264321796254,6.129927224853418,-1.9291979999995874,-1.5445580000000518,0.0,0.20924399999967136,1.2259849999998096
holdout256,3,216,99111a3a050ff1150a28eb2ae88e16a0e17489d404807a58acb16ed5be7431c9,mec_center,nccp,332.08393083333334,329.72428125,-2.3596495833333506,win,-28.31579499999998,-141.57896254315892,-130.93745003695972,-2.8087259999999787,0.6804199999987759,0.0,0.0,-26.187488999998948
holdout256,3,216,99111a3a050ff1150a28eb2ae88e16a0e17489d404807a58acb16ed5be7431c9,mec_center,segment_entry,332.08393083333334,329.6786651666667,-2.4052656666666508,win,-28.86318799999981,-144.3159368980523,-128.48884831048986,-2.7469350000003487,-0.4184850000010556,0.0,0.0,-25.697767999998405
holdout256,3,216,99111a3a050ff1150a28eb2ae88e16a0e17489d404807a58acb16ed5be7431c9,nccp,segment_entry,329.72428125,329.6786651666667,-0.04561608333330014,win,-0.547392999999829,-2.736974354893391,2.4486017264698603,0.06179099999963,-1.0989049999998315,0.0,0.0,0.48972100000054297
holdout256,3,217,e8ddb3a994d5ba2d8ea8790b4d0b87964d732eedb4a74c952ce56bf59aa4b0cd,mec_center,nccp,350.4005749090909,349.2457882727273,-1.1547866363636103,win,-12.702652999999827,-63.513259363175166,-117.61058217934988,5.279603999999381,5.539861000000201,0.0,0.0,-23.522117999999637
holdout256,3,217,e8ddb3a994d5ba2d8ea8790b4d0b87964d732eedb4a74c952ce56bf59aa4b0cd,mec_center,segment_entry,350.4005749090909,349.20155354545454,-1.1990213636363478,win,-13.189234999999826,-65.94615358285955,-116.35866019644322,4.628596999999672,5.453903999999966,0.0,0.0,-23.271735999999635
holdout256,3,217,e8ddb3a994d5ba2d8ea8790b4d0b87964d732eedb4a74c952ce56bf59aa4b0cd,nccp,segment_entry,349.2457882727273,349.20155354545454,-0.04423472727273747,win,-0.4865819999999985,-2.4328942196843855,1.2519219829066515,-0.6510069999997086,-0.08595700000023498,0.0,0.0,0.2503820000000019
holdout256,3,218,9c6812342625d333b769a0151ce3cb53a2ad6dfe520084a4fed8ce2348a2a594,mec_center,nccp,267.4740611428571,266.9078949285714,-0.5661662142857153,win,-7.9263270000001285,-39.63163229055317,-238.64328331236584,1.4906089999992673,38.31172099999958,0.0,0.0,-47.72865699999903
holdout256,3,218,9c6812342625d333b769a0151ce3cb53a2ad6dfe520084a4fed8ce2348a2a594,mec_center,segment_entry,267.4740611428571,266.9297294285714,-0.544331714285704,win,-7.620644000000084,-38.10322430398264,-238.00240192352283,1.7864640000011605,38.19337199999836,0.0,0.0,-47.60047999999966
holdout256,3,218,9c6812342625d333b769a0151ce3cb53a2ad6dfe520084a4fed8ce2348a2a594,nccp,segment_entry,266.9078949285714,266.9297294285714,0.021834500000011303,loss,0.30568300000004456,1.528407986570528,0.6408813888430132,0.29585500000189313,-0.11834900000121706,0.0,0.0,0.1281769999993685
holdout256,3,219,f7eb3d02e6d5132eae9dc79d69d375086b21d8171090df524904518634c8a549,mec_center,nccp,402.72606310000003,411.8454745,9.11941139999999,loss,91.1941139999999,455.97056886205974,-329.00300262117753,-3.243974000000435,160.2386890000014,0.0,0.0,-65.80060100000128
holdout256,3,219,f7eb3d02e6d5132eae9dc79d69d375086b21d8171090df524904518634c8a549,mec_center,segment_entry,402.72606310000003,412.03506369999997,9.309000599999933,loss,93.09000599999945,465.45003621716023,-326.8336511804771,-2.1312250000005406,160.5879620000003,0.0,0.0,-65.36673100000058
holdout256,3,219,f7eb3d02e6d5132eae9dc79d69d375086b21d8171090df524904518634c8a549,nccp,segment_entry,411.8454745,412.03506369999997,0.1895891999999435,loss,1.8958919999995487,9.479467355100496,2.1693514407004386,1.1127489999998943,0.3492729999989024,0.0,0.0,0.4338700000006952
holdout256,3,220,ec0491b184066b7045b4263aabf4fcb1aa9424daf97d46264758aa7a83535aa9,mec_center,nccp,397.06482850000003,393.85392740000003,-3.210901100000001,win,-32.10901100000001,-160.54506282139664,-120.26763899050218,-4.484293000000207,-3.5711909999997715,0.0,0.0,-24.053526999999974
holdout256,3,220,ec0491b184066b7045b4263aabf4fcb1aa9424daf97d46264758aa7a83535aa9,mec_center,segment_entry,397.06482850000003,393.8158932,-3.248935300000028,win,-32.48935300000039,-162.44677442254942,-118.94247189641021,-4.640826000000061,-4.0600330000004305,0.0,0.0,-23.78849400000007
holdout256,3,220,ec0491b184066b7045b4263aabf4fcb1aa9424daf97d46264758aa7a83535aa9,nccp,segment_entry,393.85392740000003,393.8158932,-0.038034200000026885,win,-0.38034200000038254,-1.9017116011527833,1.3251670940919666,-0.15653299999985393,-0.488842000000659,0.0,0.0,0.26503299999990304
holdout256,3,221,22fe2781724b26c3e0e31d27c7c03879330db0d1c3e7d50e9274753be2aad087,mec_center,nccp,479.4587935,489.13087733333333,9.672083833333318,loss,116.06500599999981,580.3250655616321,-124.24149632191404,0.031100000000606087,2.2394249999990734,0.0,138.6427819999999,-24.848300999999594
holdout256,3,221,22fe2781724b26c3e0e31d27c7c03879330db0d1c3e7d50e9274753be2aad087,mec_center,segment_entry,479.4587935,489.15845183333334,9.699658333333332,loss,116.39589999999953,581.9795306637061,-123.21525845629901,0.33057400000075177,2.081381999998939,0.0,138.62699699999985,-24.643052999999668
holdout256,3,221,22fe2781724b26c3e0e31d27c7c03879330db0d1c3e7d50e9274753be2aad087,nccp,segment_entry,489.13087733333333,489.15845183333334,0.027574500000014268,loss,0.33089399999971647,1.6544651020740275,1.0262378656150304,0.2994740000001457,-0.15804300000013427,0.0,-0.015785000000050786,0.20524799999992638
holdout256,3,222,620e39c3e9576858b92e84ff41fcf09d33d6170bb3e0bdaa5452600c1a347b75,mec_center,nccp,320.69631699999996,319.2247856923077,-1.4715313076922598,win,-19.129906999999548,-95.64953720771518,-103.53373101716397,-0.5668940000000475,2.1437329999996564,0.0,0.0,-20.70674599999927
holdout256,3,222,620e39c3e9576858b92e84ff41fcf09d33d6170bb3e0bdaa5452600c1a347b75,mec_center,segment_entry,320.69631699999996,319.3692540769231,-1.3270629230768805,win,-17.25181799999973,-86.25908444823654,-99.41857900951436,-0.04477999999971871,2.676677999998674,0.0,0.0,-19.883715999999026
holdout256,3,222,620e39c3e9576858b92e84ff41fcf09d33d6170bb3e0bdaa5452600c1a347b75,nccp,segment_entry,319.2247856923077,319.3692540769231,0.14446838461537936,loss,1.878088999999818,9.390452759478649,4.115152007649613,0.5221140000003288,0.5329449999990175,0.0,0.0,0.8230300000002444
holdout256,3,223,20d9a398137906610a8e7ab65b5ee9eb7461e09609e59f30b47c62d01a8ea85f,mec_center,nccp,310.43240414285714,308.895527,-1.5368771428571222,win,-21.516279999999824,-107.58140121777978,-126.12582595621188,-0.5251569999991261,4.234042999999247,0.0,0.0,-25.225165999999945
holdout256,3,223,20d9a398137906610a8e7ab65b5ee9eb7461e09609e59f30b47c62d01a8ea85f,mec_center,segment_entry,310.43240414285714,308.9013992857143,-1.5310048571428183,win,-21.43406799999957,-107.170359257987,-122.7681698468059,-0.4353019999994103,3.5548669999996036,0.0,0.0,-24.55363299999965
holdout256,3,223,20d9a398137906610a8e7ab65b5ee9eb7461e09609e59f30b47c62d01a8ea85f,nccp,segment_entry,308.895527,308.9013992857143,0.005872285714303871,loss,0.08221200000025419,0.411041959792783,3.35765610940598,0.0898549999997158,-0.679175999999643,0.0,0.0,0.671533000000295
holdout256,3,224,1b0a858513eff33786c5601fc6d23c1f8b007f603caf6425f437fdf25c40aa0e,mec_center,nccp,263.8709733846154,261.6062348461538,-2.264738538461586,win,-29.44160099999999,-122.20801829684751,242.479322739925,1.9434819999994488,-79.88094799999999,0.0,0.0,48.495865000000265
holdout256,3,224,1b0a858513eff33786c5601fc6d23c1f8b007f603caf6425f437fdf25c40aa0e,mec_center,segment_entry,263.8709733846154,261.53718000000003,-2.333793384615376,win,-30.33931399999983,-126.69658367828742,244.74764227052697,0.557540999999901,-79.84638399999972,0.0,0.0,48.94952899999976
holdout256,3,224,1b0a858513eff33786c5601fc6d23c1f8b007f603caf6425f437fdf25c40aa0e,nccp,segment_entry,261.6062348461538,261.53718000000003,-0.0690548461537901,win,-0.8977129999998397,-4.488565381439912,2.268319530601957,-1.3859409999995478,0.034564000000273154,0.0,0.0,0.4536639999994918
holdout256,3,225,c996b502635dd759f620037b1b32098210a637329f7fcfbfa7b0fa70c894928c,mec_center,nccp,317.37359927272723,316.26470181818183,-1.1088974545453993,win,-12.197871999999734,-60.989354201969036,-85.96296639028742,3.0652039999999943,1.929517999999689,0.0,0.0,-17.192593999999303
holdout256,3,225,c996b502635dd759f620037b1b32098210a637329f7fcfbfa7b0fa70c894928c,mec_center,segment_entry,317.37359927272723,316.18285709090907,-1.190742181818166,win,-13.098163999999997,-65.49081047265281,-82.83216180573163,1.219536000000062,2.24873299999922,0.0,0.0,-16.566432999999392
holdout256,3,225,c996b502635dd759f620037b1b32098210a637329f7fcfbfa7b0fa70c894928c,nccp,segment_entry,316.26470181818183,316.18285709090907,-0.0818447272727667,win,-0.9002920000002632,-4.501456270683775,3.13080458455579,-1.8456679999999324,0.31921499999953085,0.0,0.0,0.6261609999999109
holdout256,3,226,893819f4d4822be8376d9b261ca916b3f1f1cedb6c768e010cd9a2fc19ac0b0c,mec_center,nccp,380.88355384615386,382.06389,1.1803361538461559,loss,15.344369999999799,76.72184838194153,-76.06049405876774,-1.7791019999999662,32.335569999998825,0.0,0.0,-15.21209799999906
holdout256,3,226,893819f4d4822be8376d9b261ca916b3f1f1cedb6c768e010cd9a2fc19ac0b0c,mec_center,segment_entry,380.88355384615386,382.0740253076923,1.1904714615384364,loss,15.476128999999673,77.38064880014645,-70.9390618897819,-2.4974580000007336,32.161399999999276,0.0,0.0,-14.187812999998812
holdout256,3,226,893819f4d4822be8376d9b261ca916b3f1f1cedb6c768e010cd9a2fc19ac0b0c,nccp,segment_entry,382.06389,382.0740253076923,0.010135307692280549,loss,0.1317589999998745,0.658800418204919,5.121432168985848,-0.7183560000007674,-0.17416999999954896,0.0,0.0,1.0242850000002477
holdout256,3,227,ff38d10ffe6077a6d78fb828d01c8c4a7df40c5b0cd77ecf922c66ee9f35f211,mec_center,nccp,274.38939883333336,273.27729600000004,-1.1121028333333243,win,-13.345233999999891,-66.7261704733919,-113.66433594619252,1.945306000000528,7.442327999999179,0.0,0.0,-22.73286799999994
holdout256,3,227,ff38d10ffe6077a6d78fb828d01c8c4a7df40c5b0cd77ecf922c66ee9f35f211,mec_center,segment_entry,274.38939883333336,273.3725260833333,-1.0168727500000614,win,-12.202473000000282,-61.01236796452213,-109.28102698837483,1.8755299999995714,7.778202999999394,0.0,0.0,-21.85620599999936
holdout256,3,227,ff38d10ffe6077a6d78fb828d01c8c4a7df40c5b0cd77ecf922c66ee9f35f211,nccp,segment_entry,273.27729600000004,273.3725260833333,0.09523008333326288,loss,1.1427609999996093,5.713802508869776,4.38330895781769,-0.06977600000095663,0.33587500000021464,0.0,0.0,0.8766620000005787
holdout256,3,228,bec99b5b6a5a9b11c87f52d823e6e411f6d32f26f227a475e03783cbad980531,mec_center,nccp,319.60648983333334,317.7408669166667,-1.8656229166666662,win,-22.387474999999995,-111.93737211568077,-132.61515331313535,-3.1961879999989833,7.331740999999283,0.0,0.0,-26.523028000000465
holdout256,3,228,bec99b5b6a5a9b11c87f52d823e6e411f6d32f26f227a475e03783cbad980531,mec_center,segment_entry,319.60648983333334,317.7101134166667,-1.8963764166666692,win,-22.756516999999803,-113.78258908576572,-130.7384137679246,-3.8224999999997635,7.213665000000674,0.0,0.0,-26.147682000000714
holdout256,3,228,bec99b5b6a5a9b11c87f52d823e6e411f6d32f26f227a475e03783cbad980531,nccp,segment_entry,317.7408669166667,317.7101134166667,-0.030753500000002987,win,-0.36904199999980847,-1.8452169700849481,1.8767395452107394,-0.6263120000007802,-0.1180759999986094,0.0,0.0,0.3753459999997517
holdout256,3,229,d0ba365bc43139f4b885e5de550abab88d1dac7fae11062b5a79fdaa52b1a32c,mec_center,nccp,279.3130848,277.7176722666666,-1.5954125333333877,win,-23.931188000000475,-119.65594953450272,-149.55719728967915,0.11012199999981931,5.870128000000932,0.0,0.0,-29.911438000001
holdout256,3,229,d0ba365bc43139f4b885e5de550abab88d1dac7fae11062b5a79fdaa52b1a32c,mec_center,segment_entry,279.3130848,277.6505138666667,-1.6625709333333134,win,-24.938564000000042,-124.69281785477142,-147.48248660200738,-0.284139000000323,4.842071000000487,0.0,0.0,-29.496496000000093
holdout256,3,229,d0ba365bc43139f4b885e5de550abab88d1dac7fae11062b5a79fdaa52b1a32c,nccp,segment_entry,277.7176722666666,277.6505138666667,-0.06715839999992568,win,-1.0073759999995673,-5.036868320268695,2.074710687671768,-0.3942610000001423,-1.0280570000004445,0.0,0.0,0.41494200000090586
holdout256,3,230,1745cb4ba35121fbbc84b179cc5f08628ad7b87eab823dd560dce65eede47939,mec_center,nccp,321.4937733846154,319.9182363846154,-1.575536999999997,win,-20.481980999999905,-102.40989758627256,-147.97061273119243,7.792241000000558,1.3198999999988246,0.0,0.0,-29.59412199999906
holdout256,3,230,1745cb4ba35121fbbc84b179cc5f08628ad7b87eab823dd560dce65eede47939,mec_center,segment_entry,321.4937733846154,319.88397,-1.609803384615418,win,-20.927443999999923,-104.6372216237105,-141.13390970653768,5.629967999999735,1.6693699999989349,0.0,0.0,-28.226781999998934
holdout256,3,230,1745cb4ba35121fbbc84b179cc5f08628ad7b87eab823dd560dce65eede47939,nccp,segment_entry,319.9182363846154,319.88397,-0.034266384615420975,win,-0.44546300000001793,-2.2273240374379384,6.836703024654753,-2.1622730000008232,0.3494700000001103,0.0,0.0,1.3673400000001266
holdout256,3,231,595f5f9c1bed01a9db95842f472f725af749d1eda56db2922348ff534cb29d07,mec_center,nccp,306.262032875,304.0962785625,-2.1657543124999847,win,-34.652068999999756,-173.2603433006916,-131.10498788327322,-0.8640120000000024,-6.7639790000009725,0.0,-0.8030789999993431,-26.220998999999438
holdout256,3,231,595f5f9c1bed01a9db95842f472f725af749d1eda56db2922348ff534cb29d07,mec_center,segment_entry,306.262032875,304.2745998125,-1.9874330624999743,win,-31.79892899999959,-158.99464067233203,-127.53000930881763,-0.9458010000003014,-5.268686000001026,0.0,-0.07843799999955081,-25.50600399999894
holdout256,3,231,595f5f9c1bed01a9db95842f472f725af749d1eda56db2922348ff534cb29d07,nccp,segment_entry,304.0962785625,304.2745998125,0.17832125000001042,loss,2.8531400000001668,14.265702628359577,3.5749785744555993,-0.08178900000029898,1.495292999999947,0.0,0.7246409999997923,0.7149950000004992
holdout256,3,232,e81f448f070129a8abc8c82d95ac53dde801fccdaac91eede55072d228712b1b,mec_center,nccp,290.9724649375,289.25561,-1.7168549374999884,win,-27.469678999999815,-137.34840708475167,-173.30293527989375,3.459292000000005,3.7316149999996924,0.0,0.0,-34.66058599999991
holdout256,3,232,e81f448f070129a8abc8c82d95ac53dde801fccdaac91eede55072d228712b1b,mec_center,segment_entry,290.9724649375,289.2231665625,-1.7492983749999667,win,-27.988773999999466,-139.94386808564013,-170.13880170768493,3.0537980000012794,2.985188999998627,0.0,0.0,-34.02776099999943
holdout256,3,232,e81f448f070129a8abc8c82d95ac53dde801fccdaac91eede55072d228712b1b,nccp,segment_entry,289.25561,289.2231665625,-0.032443437499978245,win,-0.5190949999996519,-2.595461000888463,3.1641335722088115,-0.4054939999987255,-0.7464260000010654,0.0,0.0,0.63282500000048
holdout256,3,233,b6f93f8f4050acca4e3490aa0085cc188f856d18ccd20d2a6b4e61178e7dc20c,mec_center,nccp,337.7536128461539,334.87900384615386,-2.874609000000021,win,-37.36991699999999,-186.84958709924467,-166.66958828714166,-4.224407999999585,0.1884090000003198,0.0,0.0,-33.33391800000038
holdout256,3,233,b6f93f8f4050acca4e3490aa0085cc188f856d18ccd20d2a6b4e61178e7dc20c,mec_center,segment_entry,337.7536128461539,334.9219179230769,-2.831694923077009,win,-36.812034000000494,-184.06018927645346,-165.9910315686235,-3.8930810000001657,0.2792509999999311,0.0,0.0,-33.1982040000002
holdout256,3,233,b6f93f8f4050acca4e3490aa0085cc188f856d18ccd20d2a6b4e61178e7dc20c,nccp,segment_entry,334.87900384615386,334.9219179230769,0.042914076923011635,loss,0.5578829999994923,2.7893978227912157,0.6785567185181662,0.33132699999941906,0.09084199999961129,0.0,0.0,0.13571400000017775
holdout256,3,234,9684171a04c61c9ad701a507de411f4a04c444aa0a697e298123d584aca5ad36,mec_center,nccp,297.3101773846154,295.7237853846154,-1.5863919999999894,win,-20.62309600000026,-103.11547059048644,-123.62415917399221,1.825409999999465,2.276327000000947,0.0,0.0,-24.7248330000005
holdout256,3,234,9684171a04c61c9ad701a507de411f4a04c444aa0a697e298123d584aca5ad36,mec_center,segment_entry,297.3101773846154,295.63688838461536,-1.6732890000000111,win,-21.7527570000002,-108.76378445105911,-123.27084145140543,1.486173000000008,1.4152390000003834,0.0,0.0,-24.654169000000536
holdout256,3,234,9684171a04c61c9ad701a507de411f4a04c444aa0a697e298123d584aca5ad36,nccp,segment_entry,295.7237853846154,295.63688838461536,-0.08689700000002176,win,-1.1296609999999419,-5.648313860572671,0.3533177225867803,-0.3392369999994571,-0.8610880000005636,0.0,0.0,0.0706639999999652
holdout256,3,235,ccd6f210c77c7d8bf0230e2d89476d49866e88d45f93af4029390ed7cc42a2ce,mec_center,nccp,364.60922999999997,362.7720704545455,-1.8371595454544831,win,-20.208754999999655,-101.04376892667096,-98.94122664553606,2.2298800000005485,-2.6503880000004756,0.0,0.0,-19.788246999999558
holdout256,3,235,ccd6f210c77c7d8bf0230e2d89476d49866e88d45f93af4029390ed7cc42a2ce,mec_center,segment_entry,364.60922999999997,362.89757572727274,-1.7116542727272304,win,-18.828196999999818,-94.14097716099604,-96.57036243863172,2.621541999999863,-2.13566499999979,0.0,0.0,-19.314073999999778
holdout256,3,235,ccd6f210c77c7d8bf0230e2d89476d49866e88d45f93af4029390ed7cc42a2ce,nccp,segment_entry,362.7720704545455,362.89757572727274,0.12550527272725276,loss,1.3805579999998372,6.90279176567492,2.3708642069043435,0.3916619999993145,0.5147230000006857,0.0,0.0,0.47417299999978013
holdout256,3,236,9f15903aaa7c71f607db027d4ae9eb2dc33186caa070cfb44aaa613edf3dbf1c,mec_center,nccp,302.194180375,300.476009875,-1.7181704999999852,win,-27.490727999999763,-137.45364729747234,-132.7466287035736,-1.745825999999397,0.8044239999999263,0.0,0.0,-26.54932600000052
holdout256,3,236,9f15903aaa7c71f607db027d4ae9eb2dc33186caa070cfb44aaa613edf3dbf1c,mec_center,segment_entry,302.194180375,300.492436125,-1.7017442499999902,win,-27.227907999999843,-136.13953788121944,-128.99456246638283,-2.041055999999571,0.6120610000007218,0.0,0.0,-25.79891300000122
holdout256,3,236,9f15903aaa7c71f607db027d4ae9eb2dc33186caa070cfb44aaa613edf3dbf1c,nccp,segment_entry,300.476009875,300.492436125,0.01642624999999498,loss,0.2628199999999197,1.3141094162529043,3.7520662371907747,-0.2952300000001742,-0.19236299999920448,0.0,0.0,0.7504129999992983
holdout256,3,237,d94b6cf6309aec7f7bf8fd51b8171d7b8cf4c5642d320a1e73a797b1b703dba6,mec_center,nccp,298.77531985714285,297.27193928571427,-1.503380571428579,win,-21.04732800000056,-105.23662220933693,-129.31948752315066,5.569882999999891,-0.7533139999991363,0.0,0.0,-25.863897000001316
holdout256,3,237,d94b6cf6309aec7f7bf8fd51b8171d7b8cf4c5642d320a1e73a797b1b703dba6,mec_center,segment_entry,298.77531985714285,297.3929226428572,-1.3823972142856746,win,-19.3535609999999,-96.76779768039705,-122.422688958864,5.210226000000148,-0.07924900000057278,0.0,0.0,-24.48453799999959
holdout256,3,237,d94b6cf6309aec7f7bf8fd51b8171d7b8cf4c5642d320a1e73a797b1b703dba6,nccp,segment_entry,297.27193928571427,297.3929226428572,0.12098335714290442,loss,1.693767000000662,8.468824528939876,6.896798564286655,-0.35965699999974277,0.6740649999985635,0.0,0.0,1.3793590000017275
holdout256,3,238,46b003d9f09d6957dffc382ec1f4689bad34fbbccaed6cdd14eca0339b007978,mec_center,nccp,401.2999108,400.2697547,-1.0301560999999992,win,-10.301560999999765,-51.50781227036168,-95.18676908049508,5.024531000000707,3.7112609999994675,0.0,0.0,-19.03735299999994
holdout256,3,238,46b003d9f09d6957dffc382ec1f4689bad34fbbccaed6cdd14eca0339b007978,mec_center,segment_entry,401.2999108,400.3587437,-0.9411671000000297,win,-9.411670999999842,-47.058348510445285,-93.79937803920086,5.655687000000626,3.6925180000005184,0.0,0.0,-18.759876000000986
holdout256,3,238,46b003d9f09d6957dffc382ec1f4689bad34fbbccaed6cdd14eca0339b007978,nccp,segment_entry,400.2697547,400.3587437,0.08898899999996956,loss,0.889889999999923,4.449463759916398,1.3873910412942223,0.631155999999919,-0.018742999998949017,0.0,0.0,0.27747699999895303
holdout256,3,239,bd7339a0a174ddf3f6cd983e0986f4a199289cf94a940f7c1c0636c98720e447,mec_center,nccp,1051.420814,1006.7569817,-44.66383230000008,win,-446.63832300000104,-2203.191635226278,-102.30641499722356,-3.19820499999787,1.9722099999942202,0.0,-424.95104600000013,-20.46128199999646
holdout256,3,239,bd7339a0a174ddf3f6cd983e0986f4a199289cf94a940f7c1c0636c98720e447,mec_center,segment_entry,1051.420814,997.4503718,-53.97044220000009,win,-539.7044220000007,-2698.5221329979395,-99.91401254794891,-3.0033879999989495,2.007123999996338,0.0,-518.725359,-19.98279899999818
holdout256,3,239,bd7339a0a174ddf3f6cd983e0986f4a199289cf94a940f7c1c0636c98720e447,nccp,segment_entry,1006.7569817,997.4503718,-9.306609900000012,win,-93.06609899999967,-495.3304977716616,2.392402449274641,0.19481699999892044,0.03491400000211797,0.0,-93.77431299999989,0.4784829999982776
holdout256,3,240,fabfd40e2be4ce6cd75db235891a675ff5b5fc8694b825746a327cc63e3efd68,mec_center,nccp,329.3977713333333,327.24557425,-2.1521970833333057,win,-25.826364999999896,-129.13183033471978,-118.30222323747807,-4.436294000000544,2.2703730000009728,0.0,0.0,-23.66044400000044
holdout256,3,240,fabfd40e2be4ce6cd75db235891a675ff5b5fc8694b825746a327cc63e3efd68,mec_center,segment_entry,329.3977713333333,327.2398078333333,-2.157963499999994,win,-25.895562000000155,-129.4778101671327,-116.52702605445643,-4.145667999999887,1.555511999999453,0.0,0.0,-23.305405999999948
holdout256,3,240,fabfd40e2be4ce6cd75db235891a675ff5b5fc8694b825746a327cc63e3efd68,nccp,segment_entry,327.24557425,327.2398078333333,-0.005766416666688201,win,-0.06919700000025841,-0.3459798324129224,1.7751971830216462,0.29062600000065686,-0.7148610000015196,0.0,0.0,0.3550380000004907
holdout256,3,241,8a1a5bde2933e630aa4d9de10d81d6a7088febcf3ade18dd400c2ebab917f6e0,mec_center,nccp,297.39565781818186,295.62539336363636,-1.7702644545454973,win,-19.472909000000072,-97.36457183676066,-105.19151155299642,2.966667999999345,-1.4012760000003937,0.0,0.0,-21.038300999999137
holdout256,3,241,8a1a5bde2933e630aa4d9de10d81d6a7088febcf3ade18dd400c2ebab917f6e0,mec_center,segment_entry,297.39565781818186,294.8855111818182,-2.510146636363686,win,-27.611613000000034,-138.0580704162512,-100.66079554157477,-2.9899570000009135,-4.489496999999687,0.0,0.0,-20.132158999999547
holdout256,3,241,8a1a5bde2933e630aa4d9de10d81d6a7088febcf3ade18dd400c2ebab917f6e0,nccp,segment_entry,295.62539336363636,294.8855111818182,-0.7398821818181887,win,-8.138703999999962,-40.69349857949055,4.530716011421646,-5.956625000000258,-3.088220999999294,0.0,0.0,0.9061419999995906
holdout256,3,242,0d2f148fd140e0cd316de73e6562375d21494c68bdc416b770236a6f5bec0611,mec_center,nccp,311.6274345714286,310.250194,-1.3772405714285583,win,-19.28136799999993,-96.40686382844797,-156.15121465725974,3.1709759999994276,8.777898000001414,0.0,0.0,-31.23024200000117
holdout256,3,242,0d2f148fd140e0cd316de73e6562375d21494c68bdc416b770236a6f5bec0611,mec_center,segment_entry,311.6274345714286,310.1798145714286,-1.4476199999999722,win,-20.266679999999724,-101.33342772219476,-152.53385973589116,2.4442010000002483,7.795889000000216,0.0,0.0,-30.506770000000074
holdout256,3,242,0d2f148fd140e0cd316de73e6562375d21494c68bdc416b770236a6f5bec0611,nccp,segment_entry,310.250194,310.1798145714286,-0.07037942857141388,win,-0.9853119999997944,-4.926563893746788,3.6173549213685874,-0.7267749999991793,-0.9820090000011987,0.0,0.0,0.7234720000010952
holdout256,3,243,5bb279465fa5e69cd1d58933296ef1a2ca49e0c88969eda61174e255c0a0bb59,mec_center,nccp,261.645800375,259.24580375,-2.3999966250000284,win,-38.399946000000455,-191.99973942132056,-145.56226479644147,0.5969740000007278,-9.884467999999288,0.0,0.0,-29.11245200000178
holdout256,3,243,5bb279465fa5e69cd1d58933296ef1a2ca49e0c88969eda61174e255c0a0bb59,mec_center,segment_entry,261.645800375,259.3756525,-2.2701478750000206,win,-36.32236600000033,-181.61183996660475,-141.31861153881346,1.5453190000002905,-9.603963999999905,0.0,0.0,-28.263721000000942
holdout256,3,243,5bb279465fa5e69cd1d58933296ef1a2ca49e0c88969eda61174e255c0a0bb59,nccp,segment_entry,259.24580375,259.3756525,0.12984875000000784,loss,2.0775800000001254,10.387899454715807,4.2436532576280115,0.9483449999995628,0.28050399999938236,0.0,0.0,0.8487310000008392
holdout256,3,244,96f0e0799aacf621f5cd0cb634f3c2b32593299612c99dc78784d239d309040b,mec_center,nccp,326.1793216153846,323.9071972307692,-2.272124384615381,win,-29.537616999999955,-147.68808344821082,-118.39175956909548,-4.420980999999301,-1.4382830000004105,0.0,0.0,-23.678353000000243
holdout256,3,244,96f0e0799aacf621f5cd0cb634f3c2b32593299612c99dc78784d239d309040b,mec_center,segment_entry,326.1793216153846,324.2039756923077,-1.9753459230768726,win,-25.679496999999174,-128.39747691072262,-110.08349570786186,-3.8530289999998786,0.19023399999969115,0.0,0.0,-22.016701999998872
holdout256,3,244,96f0e0799aacf621f5cd0cb634f3c2b32593299612c99dc78784d239d309040b,nccp,segment_entry,323.9071972307692,324.2039756923077,0.2967784615385085,loss,3.858120000000781,19.290606537488202,8.308263861233627,0.5679519999994227,1.6285170000001017,0.0,0.0,1.6616510000013704
holdout256,3,245,10cfb0b8e60c42fe0d1f6bcd71792df926c46acb35d724d21810c5ef6f9a6639,mec_center,nccp,391.6789862,389.85448710000003,-1.8244990999999686,win,-18.244991000000027,-91.224962051896,-111.646207985415,2.924968999999919,1.1592810000006466,0.0,0.0,-22.32924100000065
holdout256,3,245,10cfb0b8e60c42fe0d1f6bcd71792df926c46acb35d724d21810c5ef6f9a6639,mec_center,segment_entry,391.6789862,389.8636808,-1.8153053999999997,win,-18.153053999999884,-90.76525339261389,-109.6148774282724,2.4054880000003322,1.364435000000185,0.0,0.0,-21.9229770000004
holdout256,3,245,10cfb0b8e60c42fe0d1f6bcd71792df926c46acb35d724d21810c5ef6f9a6639,nccp,segment_entry,389.85448710000003,389.8636808,0.009193699999968885,loss,0.0919370000001436,0.45970865928211424,2.03133055714261,-0.5194809999995869,0.20515399999953843,0.0,0.0,0.40626400000024887
holdout256,3,246,4fc8227914d1ae0efee345221bac71a6f34937cf1cbda3ca5f49db102b42dfa9,mec_center,nccp,305.84074941666665,305.06373775000003,-0.777011666666624,win,-9.324139999999716,-46.62070146702172,-72.69350069988059,4.646785999999793,0.5677730000004431,0.0,0.0,-14.538699000000065
holdout256,3,246,4fc8227914d1ae0efee345221bac71a6f34937cf1cbda3ca5f49db102b42dfa9,mec_center,segment_entry,305.84074941666665,305.14918341666663,-0.691566000000023,win,-8.298792000000049,-41.49396832342427,-69.4026955262193,4.2893069999990985,1.2924400000006244,0.0,0.0,-13.880538999999885
holdout256,3,246,4fc8227914d1ae0efee345221bac71a6f34937cf1cbda3ca5f49db102b42dfa9,nccp,segment_entry,305.06373775000003,305.14918341666663,0.08544566666660103,loss,1.025347999999667,5.126733143597448,3.2908051736612833,-0.3574790000006942,0.7246670000001814,0.0,0.0,0.6581600000001799
holdout256,3,247,dd0d28706d8bd2d6b7152da4975409be26f916cdaabf9a04a4a57012e01e43ee,mec_center,nccp,408.7048823,407.33060009999997,-1.3742822000000388,win,-13.74282200000016,-68.71411819901914,-83.39588648693461,-1.3658100000000104,4.302165000000059,0.0,0.0,-16.679177000000152
holdout256,3,247,dd0d28706d8bd2d6b7152da4975409be26f916cdaabf9a04a4a57012e01e43ee,mec_center,segment_entry,408.7048823,407.5531589,-1.1517233999999803,win,-11.517233999999917,-57.586173852450884,-79.28659588059395,-1.432254999999941,5.772340999999869,0.0,0.0,-15.857319999999788
holdout256,3,247,dd0d28706d8bd2d6b7152da4975409be26f916cdaabf9a04a4a57012e01e43ee,nccp,segment_entry,407.33060009999997,407.5531589,0.22255880000005845,loss,2.2255880000002435,11.127944346568256,4.1092906063406645,-0.06644499999993059,1.4701759999998103,0.0,0.0,0.8218570000003638
holdout256,3,248,d3bbf5a6965b1aa3363893de96f75129e361b9229622791699efb8d1a960f180,mec_center,nccp,288.8985022,287.3659440666667,-1.532558133333282,win,-22.9883719999998,-114.94186014334991,-116.91225917581369,0.5951040000006742,-0.2010260000006383,0.0,0.0,-23.38244999999995
holdout256,3,248,d3bbf5a6965b1aa3363893de96f75129e361b9229622791699efb8d1a960f180,mec_center,segment_entry,288.8985022,287.3839422,-1.5145600000000172,win,-22.718400000000656,-113.59201695685624,-113.53174486055786,1.4143309999994926,-1.4263840000014625,0.0,0.0,-22.7063469999988
holdout256,3,248,d3bbf5a6965b1aa3363893de96f75129e361b9229622791699efb8d1a960f180,nccp,segment_entry,287.3659440666667,287.3839422,0.017998133333264832,loss,0.269971999999143,1.349843186493672,3.380514315255823,0.8192269999988184,-1.2253580000008242,0.0,0.0,0.6761030000011488
holdout256,3,249,422ee261c87e0e1b36c2de58a168fdc11eb855de2123105ec8ae1e9bd9c3c9db,mec_center,nccp,236.81183375,234.870038375,-1.941795374999998,win,-31.06872599999997,-155.343626165959,-161.97088096950165,3.2724639999999,-1.9470120000009956,0.0,0.0,-32.394177999998874
holdout256,3,249,422ee261c87e0e1b36c2de58a168fdc11eb855de2123105ec8ae1e9bd9c3c9db,mec_center,segment_entry,236.81183375,234.9137709375,-1.898062812500001,win,-30.369005000000016,-151.84501614219334,-159.3317491635662,3.4887039999998706,-1.9913580000002185,0.0,0.0,-31.86635099999978
holdout256,3,249,422ee261c87e0e1b36c2de58a168fdc11eb855de2123105ec8ae1e9bd9c3c9db,nccp,segment_entry,234.870038375,234.9137709375,0.04373256249999713,loss,0.6997209999999541,3.49861002376565,2.639131805935449,0.21623999999997068,-0.04434599999922284,0.0,0.0,0.5278269999990925
holdout256,3,250,d56713ea783e7bb98257edd0123e6c459653e1f0072b94bf0e32a4c08f5a80c1,mec_center,nccp,280.20255893333336,278.8076294666667,-1.3949294666666674,win,-20.923942000000352,-104.61971231652205,-97.49190609990956,1.256615999999667,-2.6821769999999105,0.0,0.0,-19.498381000000222
holdout256,3,250,d56713ea783e7bb98257edd0123e6c459653e1f0072b94bf0e32a4c08f5a80c1,mec_center,segment_entry,280.20255893333336,279.0613092666666,-1.141249666666738,win,-17.118745000000672,-85.59372966917363,-91.52052898926286,1.6176729999997406,-0.43231299999911244,0.0,0.0,-18.3041050000013
holdout256,3,250,d56713ea783e7bb98257edd0123e6c459653e1f0072b94bf0e32a4c08f5a80c1,nccp,segment_entry,278.8076294666667,279.0613092666666,0.2536797999999294,loss,3.80519699999968,19.025982647348428,5.971377110646699,0.36105700000007346,2.249864000000798,0.0,0.0,1.194275999998922
holdout256,3,251,8551dc20a0c5fd7c17a1a8f766b5eff5a1f38b4fe44cece6bb5e36b71d6e896f,mec_center,nccp,362.17547507692314,360.3304584615385,-1.8450166153846226,win,-23.985216000000037,-119.92608662765633,-136.19723295018662,0.18165500000077373,3.0725739999993493,0.0,0.0,-27.239445000000387
holdout256,3,251,8551dc20a0c5fd7c17a1a8f766b5eff5a1f38b4fe44cece6bb5e36b71d6e896f,mec_center,segment_entry,362.17547507692314,360.2445206923077,-1.930954384615461,win,-25.102407000000312,-125.51203569933205,-133.3797916288231,-0.022121999998944375,1.5956719999994675,0.0,0.0,-26.675957000000835
holdout256,3,251,8551dc20a0c5fd7c17a1a8f766b5eff5a1f38b4fe44cece6bb5e36b71d6e896f,nccp,segment_entry,360.3304584615385,360.2445206923077,-0.08593776923083851,win,-1.1171910000002754,-5.585949071675714,2.8174413213635034,-0.2037769999997181,-1.4769019999998818,0.0,0.0,0.5634879999995519
holdout256,3,252,493fa8f208029ef56243231afbd6585a1bfea5fb1f62d8024629c3254404d80c,mec_center,nccp,430.28212063636363,428.5896189090909,-1.6925017272727132,win,-18.617518999999447,-93.08760290474675,-73.9697909784918,-4.3717510000003585,0.2634389999998348,0.0,0.2847510000001421,-14.793957999999066
holdout256,3,252,493fa8f208029ef56243231afbd6585a1bfea5fb1f62d8024629c3254404d80c,mec_center,segment_entry,430.28212063636363,428.8883877272727,-1.393732909090943,win,-15.331062000000202,-76.65529410335512,-69.50742091940424,-3.7784590000005664,1.7110129999996389,0.0,0.6378709999994499,-13.901486999998895
holdout256,3,252,493fa8f208029ef56243231afbd6585a1bfea5fb1f62d8024629c3254404d80c,nccp,segment_entry,428.5896189090909,428.8883877272727,0.29876881818177026,loss,3.2864569999992455,16.432308801391628,4.4623700590875615,0.5932919999997921,1.447573999999804,0.0,0.35311999999930777,0.892471000000171
holdout256,3,253,bcd3cb55099bf98e1dc1801f48059dac30060dfbe441df3b72ebddeef08c4205,mec_center,nccp,298.90564283333333,296.04060675,-2.8650360833333366,win,-34.38043299999981,-171.9021642796124,-138.72500980599125,-4.1659489999995,-2.4694809999996323,0.0,0.0,-27.745003000000736
holdout256,3,253,bcd3cb55099bf98e1dc1801f48059dac30060dfbe441df3b72ebddeef08c4205,mec_center,segment_entry,298.90564283333333,296.154884,-2.75075883333335,win,-33.009105999999974,-165.0455264088214,-135.59629834203588,-3.5079390000000785,-2.3819069999992735,0.0,0.0,-27.119260000000452
holdout256,3,253,bcd3cb55099bf98e1dc1801f48059dac30060dfbe441df3b72ebddeef08c4205,nccp,segment_entry,296.04060675,296.154884,0.11427724999998645,loss,1.3713269999998374,6.856637870791019,3.1287114639553693,0.6580099999994218,0.08757400000035886,0.0,0.0,0.6257430000002842
holdout256,3,254,1365925415e404d785a5a47c1a1285784f7e132f55e1c645191b1e2bd2cd56d8,mec_center,nccp,281.259646,279.54422875,-1.7154172499999731,win,-27.44667599999957,-137.2333988372884,-192.69767312276008,1.0275780000004033,10.065278999997645,0.0,0.0,-38.53953299999739
holdout256,3,254,1365925415e404d785a5a47c1a1285784f7e132f55e1c645191b1e2bd2cd56d8,mec_center,segment_entry,281.259646,279.5407983125,-1.7188476874999878,win,-27.501562999999805,-137.5078092404292,-192.41855261577888,0.9629410000004555,10.01920699999846,0.0,0.0,-38.483710999998266
holdout256,3,254,1365925415e404d785a5a47c1a1285784f7e132f55e1c645191b1e2bd2cd56d8,nccp,segment_entry,279.54422875,279.5407983125,-0.0034304375000147047,win,-0.054887000000235275,-0.27441040314079146,0.27912050698120083,-0.06463699999994788,-0.04607199999918521,0.0,0.0,0.05582199999912518
holdout256,3,255,c796513939af78b336e4e15a59911ff0c76621aea5287e3f0843b08d5f33783f,mec_center,nccp,298.10279099999997,296.6912872142857,-1.4115037857142738,win,-19.761053000000175,-98.8052649408346,-107.71287173213159,1.0416940000002342,0.739828999999645,0.0,0.0,-21.54257599999994
holdout256,3,255,c796513939af78b336e4e15a59911ff0c76621aea5287e3f0843b08d5f33783f,mec_center,segment_entry,298.10279099999997,296.57699092857143,-1.5258000714285345,win,-21.36120099999971,-106.8060095236433,-105.12392018035143,-0.3197430000004715,-0.01667300000008254,0.0,0.0,-21.024784999999156
holdout256,3,255,c796513939af78b336e4e15a59911ff0c76621aea5287e3f0843b08d5f33783f,nccp,segment_entry,296.6912872142857,296.57699092857143,-0.11429628571426065,win,-1.6001479999995354,-8.000744582808693,2.5889515517801556,-1.3614370000007057,-0.7565019999997276,0.0,0.0,0.5177910000007842
