seed,seed_hex,stress,problem,variant,run_status,engine_end_reason,total,cleared,clear_rate,error,mean_time_per_source,virtual_time_s,distance,runtime,device,fallback_count,grid_points,clear_attempts,optical_clear_attempts,diagnostic_count,detect_count,switch_count,config_hash,scene_hash,source_hash,directional_count,evidence,grid_version,stage_discovery_s,stage_active_localization_s,stage_diagnostic_s,stage_optical_fallback_s,stage_certified_clear_s,stage_sum_error_s
0,0000000000000000000000000000000000000000000000000000000000000000,byte_pattern,3,P3_current_grid_v1,FULL_CLEAR,user_exit,15,15,1.0,,260.2759700666667,3904.139551,15990.697747888986,0.5124402999990707,cpu,0,0,15,0,0,106,101,f646560a9ee6ee2255038d24f08d28bed39916b903e10ada4d73d4781204966c,67d5b8e9c1bd64b99f561877a6bcf68d460522292c9ffa243333ab00f1b8e97b,582606f08e9038b9bbbadc596bb4fa861f331ee6bfdb70a5c71433bbcb022860,0,recovered_practice_engine_local,grid_v1,1875.99834,1505.6515259999994,0.0,0.0,522.4896850000007,0.0
1,ffffffffffffffffffffffffffffffffffffffffffffffffffffffffffffffff,byte_pattern,3,P3_current_grid_v1,FULL_CLEAR,user_exit,14,14,1.0,,357.7748098571428,5008.847338,21499.236700852474,0.5541002999998454,cpu,0,0,14,0,0,108,99,f646560a9ee6ee2255038d24f08d28bed39916b903e10ada4d73d4781204966c,6504988f67731f6f53a8892dc59f16815ae82c90fd460836d49f0075213c7b41,582606f08e9038b9bbbadc596bb4fa861f331ee6bfdb70a5c71433bbcb022860,0,recovered_practice_engine_local,grid_v1,1945.821974,2663.8689010000003,0.0,0.0,399.15646299999946,0.0
2,000102030405060708090a0b0c0d0e0f101112131415161718191a1b1c1d1e1f,byte_pattern,3,P3_current_grid_v1,FULL_CLEAR,user_exit,13,13,1.0,,313.39484015384613,4074.132922,16765.664614929265,0.5338431000000128,cpu,0,0,13,0,0,111,101,f646560a9ee6ee2255038d24f08d28bed39916b903e10ada4d73d4781204966c,fa0d6996b45fb0cb89765d4a8804c4f81649adc707dcd57d318ed0c253fc39b2,582606f08e9038b9bbbadc596bb4fa861f331ee6bfdb70a5c71433bbcb022860,0,recovered_practice_engine_local,grid_v1,1609.7828290000007,2060.009825,0.0,0.0,404.3402679999993,4.547473508864641e-13
3,1f1e1d1c1b1a191817161514131211100f0e0d0c0b0a09080706050403020100,byte_pattern,3,P3_current_grid_v1,FULL_CLEAR,user_exit,12,12,1.0,,332.53949341666663,3990.473921,16502.369594499127,0.5607488000005105,cpu,0,0,12,0,0,107,95,f646560a9ee6ee2255038d24f08d28bed39916b903e10ada4d73d4781204966c,27625219ae30d42518a0d3d19a21a238b9bee74c23228226a439fa791d411c13,582606f08e9038b9bbbadc596bb4fa861f331ee6bfdb70a5c71433bbcb022860,0,recovered_practice_engine_local,grid_v1,1582.313284,2131.4736460000004,0.0,0.0,276.68699099999964,0.0
4,aaaaaaaaaaaaaaaaaaaaaaaaaaaaaaaaaaaaaaaaaaaaaaaaaaaaaaaaaaaaaaaa,byte_pattern,3,P3_current_grid_v1,FULL_CLEAR,user_exit,11,11,1.0,,375.244212,4127.686332,16863.43166042197,0.4604156999994302,cpu,0,0,11,0,0,118,110,f646560a9ee6ee2255038d24f08d28bed39916b903e10ada4d73d4781204966c,922dfbf24fd3fb84805fab8054f5806bd6632eacd9f8c56a2c71fc421f468d0b,582606f08e9038b9bbbadc596bb4fa861f331ee6bfdb70a5c71433bbcb022860,0,recovered_practice_engine_local,grid_v1,2127.334321,1637.496728999999,0.0,0.0,362.8552820000013,0.0
5,5555555555555555555555555555555555555555555555555555555555555555,byte_pattern,3,P3_current_grid_v1,FULL_CLEAR,user_exit,13,13,1.0,,304.61398584615387,3959.981816,16169.909065681184,0.4263544000004913,cpu,0,0,13,0,0,111,106,f646560a9ee6ee2255038d24f08d28bed39916b903e10ada4d73d4781204966c,272c78947f468818b77a9dceeba71bfb434b723fc7e4bd538672a0dac9a63188,582606f08e9038b9bbbadc596bb4fa861f331ee6bfdb70a5c71433bbcb022860,0,recovered_practice_engine_local,grid_v1,1632.6547620000001,2048.9080859999995,0.0,0.0,278.4189680000003,0.0
6,0000000000000000000000000000000000000000000000000000000000000001,one_bit,3,P3_current_grid_v1,FULL_CLEAR,user_exit,11,11,1.0,,381.8998779090909,4200.898657,17419.49328895423,0.5285715999998502,cpu,0,0,11,0,0,112,102,f646560a9ee6ee2255038d24f08d28bed39916b903e10ada4d73d4781204966c,dd5b673e0658725ae31d48c8f8005cb08756242f86ec8d90a0c778aa5f964965,582606f08e9038b9bbbadc596bb4fa861f331ee6bfdb70a5c71433bbcb022860,0,recovered_practice_engine_local,grid_v1,1690.1846959999998,2238.0419840000004,0.0,0.0,272.67197699999963,0.0
7,0000000000000000000000000000000000000000000000000000000000000002,one_bit,3,P3_current_grid_v1,FULL_CLEAR,user_exit,10,10,1.0,,342.6904363,3426.904363,13194.521819223331,0.34811640000043553,cpu,0,0,10,0,0,124,118,f646560a9ee6ee2255038d24f08d28bed39916b903e10ada4d73d4781204966c,0f15777b9f8ce3559d8ef6e661c5a994b025270e5723338bdfd56edcac892414,582606f08e9038b9bbbadc596bb4fa861f331ee6bfdb70a5c71433bbcb022860,0,recovered_practice_engine_local,grid_v1,1464.2439380000003,1518.9738230000005,0.0,0.0,443.6866019999993,0.0
8,0000000000000000000000000000000000000000000000000000000000000004,one_bit,3,P3_current_grid_v1,FULL_CLEAR,user_exit,16,16,1.0,,306.160853,4898.573648,21177.868250070398,0.6029374000008829,cpu,0,0,16,0,0,99,88,f646560a9ee6ee2255038d24f08d28bed39916b903e10ada4d73d4781204966c,bf2ea284830da4f97724848567a7669746a87e60e18056842fd6315379f1ab0f,582606f08e9038b9bbbadc596bb4fa861f331ee6bfdb70a5c71433bbcb022860,0,recovered_practice_engine_local,grid_v1,1958.4699609999996,2262.648384,0.0,0.0,677.4553029999997,0.0
9,0000000000000000000000000000000000000000000000000000000000000008,one_bit,3,P3_current_grid_v1,FULL_CLEAR,user_exit,16,16,1.0,,255.880137125,4094.082194,16910.410971234774,0.6293389999991632,cpu,0,0,16,0,0,107,97,f646560a9ee6ee2255038d24f08d28bed39916b903e10ada4d73d4781204966c,0d7fbbbc5f8736c471ca265e7378208c7ee7a6e7eeedd13caa4a7f08821f164e,582606f08e9038b9bbbadc596bb4fa861f331ee6bfdb70a5c71433bbcb022860,0,recovered_practice_engine_local,grid_v1,1307.5528959999997,2275.500751,0.0,0.0,511.0285470000003,0.0
10,0000000000000000000000000000000000000000000000000000000000000010,one_bit,3,P3_current_grid_v1,FULL_CLEAR,user_exit,14,14,1.0,,293.5201657142857,4109.28232,16956.411602031174,0.5168155000010302,cpu,0,0,14,0,0,109,103,f646560a9ee6ee2255038d24f08d28bed39916b903e10ada4d73d4781204966c,43803986c4166eaf36122fda30d62a2ba05419407f184a811353c90b5b905d1c,582606f08e9038b9bbbadc596bb4fa861f331ee6bfdb70a5c71433bbcb022860,0,recovered_practice_engine_local,grid_v1,1703.8023550000005,1892.8455280000003,0.0,0.0,512.6344369999994,0.0
11,0000000000000000000000000000000000000000000000000000000000000020,one_bit,3,P3_current_grid_v1,FULL_CLEAR,user_exit,16,16,1.0,,254.198330375,4067.173286,16220.866421171399,0.5900865999992675,cpu,0,0,16,0,0,125,118,f646560a9ee6ee2255038d24f08d28bed39916b903e10ada4d73d4781204966c,f7e2c948af666fd9cbb5ab258274accc7d8299e78bd7f950a5ad5e189317deeb,582606f08e9038b9bbbadc596bb4fa861f331ee6bfdb70a5c71433bbcb022860,0,recovered_practice_engine_local,grid_v1,1450.8049900000005,2242.753036999999,0.0,0.0,373.61525900000066,0.0
12,0000000000000000000000000000000000000000000000000000000000000040,one_bit,3,P3_current_grid_v1,FULL_CLEAR,user_exit,15,15,1.0,,291.22918473333334,4368.437771,18477.188862051677,0.5705710000002,cpu,0,0,15,0,0,101,93,f646560a9ee6ee2255038d24f08d28bed39916b903e10ada4d73d4781204966c,01936da6915c2cd97e502cd6b4fb3bf69aa0d60d401e10b65a76684813e0c76c,582606f08e9038b9bbbadc596bb4fa861f331ee6bfdb70a5c71433bbcb022860,0,recovered_practice_engine_local,grid_v1,1634.270976999999,2129.2572020000007,0.0,0.0,604.909592,0.0
13,0000000000000000000000000000000000000000000000000000000000000080,one_bit,3,P3_current_grid_v1,FULL_CLEAR,user_exit,10,10,1.0,,346.16909139999996,3461.690914,13728.454567640536,0.3880761000000348,cpu,0,0,10,0,0,112,106,f646560a9ee6ee2255038d24f08d28bed39916b903e10ada4d73d4781204966c,1c2f623a38145e9a369d85805d4134a4f36c2c86d75dd18d0bd86d22af28e513,582606f08e9038b9bbbadc596bb4fa861f331ee6bfdb70a5c71433bbcb022860,0,recovered_practice_engine_local,grid_v1,1688.606792,1368.6186069999999,0.0,0.0,404.4655149999996,4.547473508864641e-13
14,0000000000000000000000000000000000000000000000000000000000000100,one_bit,3,P3_current_grid_v1,FULL_CLEAR,user_exit,10,10,1.0,,389.9972903,3899.972903,15984.864502020819,0.39356950000001234,cpu,0,0,10,0,0,110,103,f646560a9ee6ee2255038d24f08d28bed39916b903e10ada4d73d4781204966c,a081280d9ffba11721e6f70139906e0b17b1a8139d9b28676eaa1bcb3bbe54c2,582606f08e9038b9bbbadc596bb4fa861f331ee6bfdb70a5c71433bbcb022860,0,recovered_practice_engine_local,grid_v1,1723.0872110000003,1787.5141350000001,0.0,0.0,389.3715569999995,0.0
15,0000000000000000000000000000000000000000000000000000000000000200,one_bit,3,P3_current_grid_v1,FULL_CLEAR,user_exit,13,13,1.0,,371.87642584615384,4834.393536,20836.96769195783,0.6078870000001189,cpu,0,0,13,0,0,102,92,f646560a9ee6ee2255038d24f08d28bed39916b903e10ada4d73d4781204966c,ac9c9a8d6e3613851dc358baa7fad9d25f5fb12a6bf6b7ecb13b52a502e4af2a,582606f08e9038b9bbbadc596bb4fa861f331ee6bfdb70a5c71433bbcb022860,0,recovered_practice_engine_local,grid_v1,2170.626561,2230.7574140000006,0.0,0.0,433.00956099999934,0.0
16,0000000000000000000000000000000000000000000000000000000000000400,one_bit,3,P3_current_grid_v1,FULL_CLEAR,user_exit,15,15,1.0,,289.8976725333333,4348.465088,18712.32543753184,0.6101514000001771,cpu,0,0,15,0,0,90,81,f646560a9ee6ee2255038d24f08d28bed39916b903e10ada4d73d4781204966c,4a984e4e26f7db09697a8b38cb58bfe33e03828c96caa75a91814970813ea853,582606f08e9038b9bbbadc596bb4fa861f331ee6bfdb70a5c71433bbcb022860,0,recovered_practice_engine_local,grid_v1,1926.8699460000003,1996.8814129999994,0.0,0.0,424.7137290000003,0.0
17,0000000000000000000000000000000000000000000000000000000000000800,one_bit,3,P3_current_grid_v1,FULL_CLEAR,user_exit,15,15,1.0,,244.52850506666667,3667.927576,14724.637888337209,0.5404602000016894,cpu,0,0,15,0,0,109,103,f646560a9ee6ee2255038d24f08d28bed39916b903e10ada4d73d4781204966c,2f4011df832b10041955a9368f54783b95682e8bb5cbb5b7b7e44c34cb16b77f,582606f08e9038b9bbbadc596bb4fa861f331ee6bfdb70a5c71433bbcb022860,0,recovered_practice_engine_local,grid_v1,1391.4162370000001,1780.295807,0.0,0.0,496.215532,0.0
18,0000000000000000000000000000000000000000000000000000000000001000,one_bit,3,P3_current_grid_v1,FULL_CLEAR,user_exit,10,10,1.0,,374.1362158,3741.362158,15251.810796361231,0.39530919999924663,cpu,0,0,10,0,0,108,101,f646560a9ee6ee2255038d24f08d28bed39916b903e10ada4d73d4781204966c,91875d626d35727adae39b4fea15e666d88381ff375515d72b97977144105366,582606f08e9038b9bbbadc596bb4fa861f331ee6bfdb70a5c71433bbcb022860,0,recovered_practice_engine_local,grid_v1,2162.381999,1201.220913,0.0,0.0,377.7592459999998,0.0
19,0000000000000000000000000000000000000000000000000000000000002000,one_bit,3,P3_current_grid_v1,FULL_CLEAR,user_exit,10,10,1.0,,379.782157,3797.82157,15549.107841393825,0.4389525999995385,cpu,0,0,10,0,0,108,98,f646560a9ee6ee2255038d24f08d28bed39916b903e10ada4d73d4781204966c,b6ec9fa87e6c959d82988ddc43369074521326a9961490fa69c26c0a58b1edb3,582606f08e9038b9bbbadc596bb4fa861f331ee6bfdb70a5c71433bbcb022860,0,recovered_practice_engine_local,grid_v1,1916.4606319999996,1547.843095,0.0,0.0,333.5178430000006,0.0
20,0000000000000000000000000000000000000000000000000000000000004000,one_bit,3,P3_current_grid_v1,FULL_CLEAR,user_exit,12,12,1.0,,544.4364730833333,6533.237677,27746.18840539013,0.42263180000009015,cpu,1,390,102,91,0,110,104,f646560a9ee6ee2255038d24f08d28bed39916b903e10ada4d73d4781204966c,b2c6b7c05bd9d691077d36fdce6eecad21a8ee90db68a197612eacf6881e6c87,582606f08e9038b9bbbadc596bb4fa861f331ee6bfdb70a5c71433bbcb022860,0,recovered_practice_engine_local,grid_v1,1698.6128250000002,1246.6140390000003,0.0,3090.6897619999995,497.3210510000001,0.0
21,0000000000000000000000000000000000000000000000000000000000008000,one_bit,3,P3_current_grid_v1,FULL_CLEAR,user_exit,12,12,1.0,,315.25702716666666,3783.084326,15245.421626347419,0.3714251000001241,cpu,0,0,12,0,0,113,109,f646560a9ee6ee2255038d24f08d28bed39916b903e10ada4d73d4781204966c,8fb78cd5e13961b5632f88bdb8cc3ccf1e99f7bf600df3eec75f555c4f966b4e,582606f08e9038b9bbbadc596bb4fa861f331ee6bfdb70a5c71433bbcb022860,0,recovered_practice_engine_local,grid_v1,1929.6421599999999,1057.2133690000007,0.0,0.0,796.2287969999996,0.0
22,0000000000000000000000000000000000000000000000000000000000010000,one_bit,3,P3_current_grid_v1,FULL_CLEAR,user_exit,13,13,1.0,,307.1222093076923,3992.588721,16237.943618447684,0.39900699999998324,cpu,3,228,22,12,0,110,103,f646560a9ee6ee2255038d24f08d28bed39916b903e10ada4d73d4781204966c,bcee0bcddd3d09134e905de427971c9c850f852395166cd068a2e9b912a4eae1,582606f08e9038b9bbbadc596bb4fa861f331ee6bfdb70a5c71433bbcb022860,0,recovered_practice_engine_local,grid_v1,1583.3827449999997,1409.4804010000003,0.0,742.0147080000002,257.7108669999999,4.547473508864641e-13
23,0000000000000000000000000000000000000000000000000000000000020000,one_bit,3,P3_current_grid_v1,FULL_CLEAR,user_exit,13,13,1.0,,348.56110753846156,4531.294398,19196.47198703477,0.5605656000007002,cpu,0,0,13,0,0,106,97,f646560a9ee6ee2255038d24f08d28bed39916b903e10ada4d73d4781204966c,2a0d596f5a5e81962f3ed09f998fc48e2ccb77d2749392cf059a240f91c1d9d6,582606f08e9038b9bbbadc596bb4fa861f331ee6bfdb70a5c71433bbcb022860,0,recovered_practice_engine_local,grid_v1,1982.1031479999995,2279.054599000001,0.0,0.0,270.1366509999995,0.0
24,0000000000000000000000000000000000000000000000000000000000040000,one_bit,3,P3_current_grid_v1,FULL_CLEAR,user_exit,16,16,1.0,,263.74804675,4219.968748,17654.843741431305,0.6336457999987033,cpu,0,0,16,0,0,103,94,f646560a9ee6ee2255038d24f08d28bed39916b903e10ada4d73d4781204966c,9caaa90a943395c684f3e8ae7961ff4b88bf6f7a5d77e9359d25fdababa5ebf6,582606f08e9038b9bbbadc596bb4fa861f331ee6bfdb70a5c71433bbcb022860,0,recovered_practice_engine_local,grid_v1,1580.1170060000002,1982.4540060000004,0.0,0.0,657.3977359999996,0.0
25,0000000000000000000000000000000000000000000000000000000000080000,one_bit,3,P3_current_grid_v1,FULL_CLEAR,user_exit,14,14,1.0,,335.4251487142857,4695.952082,19964.760411772906,0.6207441000005929,cpu,0,0,14,0,0,107,98,f646560a9ee6ee2255038d24f08d28bed39916b903e10ada4d73d4781204966c,432ef9d06aeacd2e23639ba0ac99d04234d2749f7e6cf7116d72ab22dcef39e2,582606f08e9038b9bbbadc596bb4fa861f331ee6bfdb70a5c71433bbcb022860,0,recovered_practice_engine_local,grid_v1,2017.108092,2198.644867,0.0,0.0,480.1991229999997,9.094947017729282e-13
26,0000000000000000000000000000000000000000000000000000000000100000,one_bit,3,P3_current_grid_v1,FULL_CLEAR,user_exit,11,11,1.0,,374.2422336363636,4116.66457,17253.32285687796,0.41623300000173913,cpu,0,0,11,0,0,103,96,f646560a9ee6ee2255038d24f08d28bed39916b903e10ada4d73d4781204966c,7f4fc9df535d7342d1834b522ce45de1c0ee66eb59e98f6674529df1a23652e3,582606f08e9038b9bbbadc596bb4fa861f331ee6bfdb70a5c71433bbcb022860,0,recovered_practice_engine_local,grid_v1,2218.4763410000005,1366.1126000000008,0.0,0.0,532.075628999999,9.094947017729282e-13
27,0000000000000000000000000000000000000000000000000000000000200000,one_bit,3,P3_current_grid_v1,FULL_CLEAR,user_exit,15,15,1.0,,611.0306681999999,9165.460023,37082.30021205588,0.5738557000004221,cpu,1,385,378,364,0,99,90,f646560a9ee6ee2255038d24f08d28bed39916b903e10ada4d73d4781204966c,e55d55ac3c749cec8b4824c5a14f5e322b496b51c667a2a76ca1a7bbce517522,582606f08e9038b9bbbadc596bb4fa861f331ee6bfdb70a5c71433bbcb022860,0,recovered_practice_engine_local,grid_v1,1882.2715050000004,1405.4228289999987,0.0,5103.874902999999,773.8907860000011,0.0
28,0000000000000000000000000000000000000000000000000000000000400000,one_bit,3,P3_current_grid_v1,FULL_CLEAR,user_exit,14,14,1.0,,284.5411796428572,3983.576515,16067.882567937751,0.5897808999998233,cpu,0,0,14,0,0,118,110,f646560a9ee6ee2255038d24f08d28bed39916b903e10ada4d73d4781204966c,01486768ad17dfd9baae11cf18a18e0362d0027249b350cb7e0d3c32af5ca1d1,582606f08e9038b9bbbadc596bb4fa861f331ee6bfdb70a5c71433bbcb022860,0,recovered_practice_engine_local,grid_v1,1418.067045,2078.0814740000005,0.0,0.0,487.42799599999944,4.547473508864641e-13
29,0000000000000000000000000000000000000000000000000000000000800000,one_bit,3,P3_current_grid_v1,FULL_CLEAR,user_exit,14,14,1.0,,313.0579390714286,4382.811147,18534.055731834713,0.5753272999991168,cpu,0,0,14,0,0,102,96,f646560a9ee6ee2255038d24f08d28bed39916b903e10ada4d73d4781204966c,ba32288dc425bb171ece37311f90b394b12a77010d508ef8bd367c0cb20f3dc1,582606f08e9038b9bbbadc596bb4fa861f331ee6bfdb70a5c71433bbcb022860,0,recovered_practice_engine_local,grid_v1,2000.8765619999995,1904.8407300000001,0.0,0.0,477.0938550000007,0.0
30,0000000000000000000000000000000000000000000000000000000001000000,one_bit,3,P3_current_grid_v1,FULL_CLEAR,user_exit,16,16,1.0,,266.573534375,4265.17655,17740.882753129586,0.6303792999988218,cpu,0,0,16,0,0,108,97,f646560a9ee6ee2255038d24f08d28bed39916b903e10ada4d73d4781204966c,7674b8169b841100721a560cdeb368e35e744139573b74d131aabeba6149c59a,582606f08e9038b9bbbadc596bb4fa861f331ee6bfdb70a5c71433bbcb022860,0,recovered_practice_engine_local,grid_v1,1591.6291820000001,1874.6622530000006,0.0,0.0,798.8851149999995,0.0
31,0000000000000000000000000000000000000000000000000000000002000000,one_bit,3,P3_current_grid_v1,FULL_CLEAR,user_exit,12,12,1.0,,315.74346841666664,3788.921621,15474.608101319503,0.5231714000001375,cpu,0,0,12,0,0,107,99,f646560a9ee6ee2255038d24f08d28bed39916b903e10ada4d73d4781204966c,34cfc5dee3f434bbfb71ce96b8417da724f307dfc95b447ffbdefe8ef2d43e50,582606f08e9038b9bbbadc596bb4fa861f331ee6bfdb70a5c71433bbcb022860,0,recovered_practice_engine_local,grid_v1,1413.9055229999997,1869.338986,0.0,0.0,505.6771120000003,0.0
32,0000000000000000000000000000000000000000000000000000000004000000,one_bit,3,P3_current_grid_v1,FULL_CLEAR,user_exit,15,15,1.0,,303.76321153333333,4556.448173,19482.240887805867,0.5842859000003955,cpu,0,0,15,0,0,99,90,f646560a9ee6ee2255038d24f08d28bed39916b903e10ada4d73d4781204966c,ab7fc772089604682cf8575627c551efdb7e4b7f492a9001446cbf57bb59993b,582606f08e9038b9bbbadc596bb4fa861f331ee6bfdb70a5c71433bbcb022860,0,recovered_practice_engine_local,grid_v1,1661.1056960000008,2478.5026639999996,0.0,0.0,416.8398129999993,0.0
33,0000000000000000000000000000000000000000000000000000000008000000,one_bit,3,P3_current_grid_v1,FULL_CLEAR,user_exit,11,11,1.0,,381.5898339090909,4197.488173,17572.440865690427,0.4415904999987106,cpu,0,0,11,0,0,106,98,f646560a9ee6ee2255038d24f08d28bed39916b903e10ada4d73d4781204966c,4c216e84e3b0643659333fcdeca3c28c8637343efe0873817f51b9762a95db34,582606f08e9038b9bbbadc596bb4fa861f331ee6bfdb70a5c71433bbcb022860,0,recovered_practice_engine_local,grid_v1,2206.41921,1712.0692579999998,0.0,0.0,278.9997050000002,0.0
34,0000000000000000000000000000000000000000000000000000000010000000,one_bit,3,P3_current_grid_v1,FULL_CLEAR,user_exit,15,15,1.0,,239.3117868,3589.676802,14428.38400310178,0.5513070999986667,cpu,0,0,15,0,0,106,99,f646560a9ee6ee2255038d24f08d28bed39916b903e10ada4d73d4781204966c,8d92f035eb8445e0ee4fc424477642b61a359932a0a14535e7bd0a7ebfd7fbad,582606f08e9038b9bbbadc596bb4fa861f331ee6bfdb70a5c71433bbcb022860,0,recovered_practice_engine_local,grid_v1,1598.8925759999997,1535.050870999999,0.0,0.0,455.7333550000013,0.0
35,0000000000000000000000000000000000000000000000000000000020000000,one_bit,3,P3_current_grid_v1,FULL_CLEAR,user_exit,11,11,1.0,,375.7519423636364,4133.271366,16876.356835271752,0.4310626999995293,cpu,0,0,11,0,0,118,113,f646560a9ee6ee2255038d24f08d28bed39916b903e10ada4d73d4781204966c,a92911491f017652a88715a3b596bad2662248528e65c801c8e7c19bf24c8ffa,582606f08e9038b9bbbadc596bb4fa861f331ee6bfdb70a5c71433bbcb022860,0,recovered_practice_engine_local,grid_v1,2086.487118,1421.0876420000002,0.0,0.0,625.6966059999999,0.0
36,0000000000000000000000000000000000000000000000000000000040000000,one_bit,3,P3_current_grid_v1,FULL_CLEAR,user_exit,14,14,1.0,,259.6589266428571,3635.224973,14581.124858722094,0.5180702000016026,cpu,0,0,14,0,0,109,104,f646560a9ee6ee2255038d24f08d28bed39916b903e10ada4d73d4781204966c,cf7b9b77d669322324098ee6cc66d161006828e5dcc9b4a187488dbf7f7f23fe,582606f08e9038b9bbbadc596bb4fa861f331ee6bfdb70a5c71433bbcb022860,0,recovered_practice_engine_local,grid_v1,1531.1367869999995,1722.8088410000007,0.0,0.0,381.2793449999996,0.0
37,0000000000000000000000000000000000000000000000000000000080000000,one_bit,3,P3_current_grid_v1,FULL_CLEAR,user_exit,15,15,1.0,,299.4700858,4492.051287,18850.256416194836,0.5821856000002299,cpu,0,0,15,0,0,109,102,f646560a9ee6ee2255038d24f08d28bed39916b903e10ada4d73d4781204966c,968b16268e75c243314b5ae619f2f836a42019caa73d191cefa0a5442c1f6a52,582606f08e9038b9bbbadc596bb4fa861f331ee6bfdb70a5c71433bbcb022860,0,recovered_practice_engine_local,grid_v1,1856.4865100000002,2016.8263189999996,0.0,0.0,618.7384580000005,0.0
38,0000000000000000000000000000000000000000000000000000000100000000,one_bit,3,P3_current_grid_v1,FULL_CLEAR,user_exit,16,16,1.0,,274.389360625,4390.22977,18046.14887186978,0.6117326000003231,cpu,1,36,30,15,0,111,104,f646560a9ee6ee2255038d24f08d28bed39916b903e10ada4d73d4781204966c,425f8089092268ac2d2a0d3172c62a494e2f7e61e2ee52dd8a826c4decdcf1cb,582606f08e9038b9bbbadc596bb4fa861f331ee6bfdb70a5c71433bbcb022860,0,recovered_practice_engine_local,grid_v1,1490.393081,1970.0045840000005,0.0,523.4900939999998,406.3420109999998,0.0
39,0000000000000000000000000000000000000000000000000000000200000000,one_bit,3,P3_current_grid_v1,FULL_CLEAR,user_exit,15,15,1.0,,288.61603433333335,4329.240515,18471.20255795964,0.6037047000008897,cpu,0,0,15,0,0,95,85,f646560a9ee6ee2255038d24f08d28bed39916b903e10ada4d73d4781204966c,ecdec403f2f309f01c2f578c4daf5d2f82e92873f321d88399f9a43b0f7583ad,582606f08e9038b9bbbadc596bb4fa861f331ee6bfdb70a5c71433bbcb022860,0,recovered_practice_engine_local,grid_v1,1888.9764519999994,1797.834511000001,0.0,0.0,642.4295520000001,0.0
40,0000000000000000000000000000000000000000000000000000000400000000,one_bit,3,P3_current_grid_v1,FULL_CLEAR,user_exit,15,15,1.0,,294.7725903333333,4421.588855,18407.944295026573,0.5882041000004392,cpu,0,0,15,0,0,112,105,f646560a9ee6ee2255038d24f08d28bed39916b903e10ada4d73d4781204966c,548e57cba581eeddeb2a2881119444f418e94021826e57270dee675034e5ec75,582606f08e9038b9bbbadc596bb4fa861f331ee6bfdb70a5c71433bbcb022860,0,recovered_practice_engine_local,grid_v1,1818.1519589999996,2027.779594,0.0,0.0,575.6573020000004,0.0
41,0000000000000000000000000000000000000000000000000000000800000000,one_bit,3,P3_current_grid_v1,FULL_CLEAR,user_exit,10,10,1.0,,338.4688959,3384.688959,13078.4447899234,0.4595859000000928,cpu,0,0,10,0,0,121,114,f646560a9ee6ee2255038d24f08d28bed39916b903e10ada4d73d4781204966c,55445519f7c41cea264aab655123d1c6fb03493848099b103a94fcb940edb147,582606f08e9038b9bbbadc596bb4fa861f331ee6bfdb70a5c71433bbcb022860,0,recovered_practice_engine_local,grid_v1,1549.0975960000003,1603.4964650000004,0.0,0.0,232.09489799999938,0.0
42,0000000000000000000000000000000000000000000000000000001000000000,one_bit,3,P3_current_grid_v1,FULL_CLEAR,user_exit,13,13,1.0,,336.9791564615385,4380.729034,18403.645163491085,0.5618212999997922,cpu,0,0,13,0,0,107,100,f646560a9ee6ee2255038d24f08d28bed39916b903e10ada4d73d4781204966c,1e982d80df9f8f166070f6a12b9a31cff052eca79cd81e843d8d1425ea549aa5,582606f08e9038b9bbbadc596bb4fa861f331ee6bfdb70a5c71433bbcb022860,0,recovered_practice_engine_local,grid_v1,2140.6178960000007,1865.379500999999,0.0,0.0,374.73163700000066,0.0
43,0000000000000000000000000000000000000000000000000000002000000000,one_bit,3,P3_current_grid_v1,FULL_CLEAR,user_exit,14,14,1.0,,277.3666892857143,3883.13365,15685.668245892493,0.5042754999994941,cpu,0,0,14,0,0,114,106,f646560a9ee6ee2255038d24f08d28bed39916b903e10ada4d73d4781204966c,10d17d8e6d3627fdff0f60b3af1a25b3ecd1fd0fe5bb60659218f2dd78180695,582606f08e9038b9bbbadc596bb4fa861f331ee6bfdb70a5c71433bbcb022860,0,recovered_practice_engine_local,grid_v1,1381.6655990000004,1927.3643020000004,0.0,0.0,574.1037489999997,4.547473508864641e-13
44,0000000000000000000000000000000000000000000000000000004000000000,one_bit,3,P3_current_grid_v1,FULL_CLEAR,user_exit,16,16,1.0,,260.0132769375,4160.212431,17631.062149766196,0.6542503000000579,cpu,0,0,16,0,0,94,84,f646560a9ee6ee2255038d24f08d28bed39916b903e10ada4d73d4781204966c,bbf78eb080b4179bd773ccb49737222c1de844c3aa9f04714c5c91c5a1760a23,582606f08e9038b9bbbadc596bb4fa861f331ee6bfdb70a5c71433bbcb022860,0,recovered_practice_engine_local,grid_v1,1454.1066410000003,2154.3041990000006,0.0,0.0,551.8015909999992,0.0
45,0000000000000000000000000000000000000000000000000000008000000000,one_bit,3,P3_current_grid_v1,FULL_CLEAR,user_exit,15,15,1.0,,286.1980901333333,4292.971352,17709.85676539797,0.5731465000008029,cpu,0,0,15,0,0,114,106,f646560a9ee6ee2255038d24f08d28bed39916b903e10ada4d73d4781204966c,dac4419e51949948b4f1ff43c779b0bb3f7a9df33ef9c376778dad732530babe,582606f08e9038b9bbbadc596bb4fa861f331ee6bfdb70a5c71433bbcb022860,0,recovered_practice_engine_local,grid_v1,1579.9128810000002,2197.372669,0.0,0.0,515.6858019999995,0.0
46,0000000000000000000000000000000000000000000000000000010000000000,one_bit,3,P3_current_grid_v1,FULL_CLEAR,user_exit,14,14,1.0,,330.11264942857144,4621.577092,19872.8854556275,0.6294636000002356,cpu,0,0,14,0,0,98,87,f646560a9ee6ee2255038d24f08d28bed39916b903e10ada4d73d4781204966c,5391f57740aab0e7403d9c50532e2079e96a94dc16e58894751e31946c1351be,582606f08e9038b9bbbadc596bb4fa861f331ee6bfdb70a5c71433bbcb022860,0,recovered_practice_engine_local,grid_v1,2007.0933649999997,2215.7363740000005,0.0,0.0,398.74735300000026,9.094947017729282e-13
47,0000000000000000000000000000000000000000000000000000020000000000,one_bit,3,P3_current_grid_v1,FULL_CLEAR,user_exit,11,11,1.0,,320.5201016363636,3525.721118,13963.605608885948,0.44728749999922,cpu,0,0,11,0,0,114,108,f646560a9ee6ee2255038d24f08d28bed39916b903e10ada4d73d4781204966c,77e698ea21e7ed3fe0a1a648f87f9bd22318c0be6ea73643efe1f1392ea75cfc,582606f08e9038b9bbbadc596bb4fa861f331ee6bfdb70a5c71433bbcb022860,0,recovered_practice_engine_local,grid_v1,1560.265418,1544.0727200000001,0.0,0.0,421.38297999999986,0.0
48,0000000000000000000000000000000000000000000000000000040000000000,one_bit,3,P3_current_grid_v1,FULL_CLEAR,user_exit,14,14,1.0,,311.0974622857143,4355.364472,18391.82234785918,0.7311803000011423,cpu,0,0,14,0,0,102,97,f646560a9ee6ee2255038d24f08d28bed39916b903e10ada4d73d4781204966c,dff6de4efa19c29bf8c8e45c06a19d7f9b6b525824a7ba4a5f58d4386fb445ce,582606f08e9038b9bbbadc596bb4fa861f331ee6bfdb70a5c71433bbcb022860,0,recovered_practice_engine_local,grid_v1,1888.970589,1979.887029,0.0,0.0,486.50685400000026,0.0
49,0000000000000000000000000000000000000000000000000000080000000000,one_bit,3,P3_current_grid_v1,FULL_CLEAR,user_exit,10,10,1.0,,393.0973451,3930.973451,16144.86724344991,0.6240770999993401,cpu,0,0,10,0,0,110,102,f646560a9ee6ee2255038d24f08d28bed39916b903e10ada4d73d4781204966c,b2dc880190a81ab08fb4794c9b9eb38e02a2e652d8a4c0b6dd6f78ba7ecb8f3a,582606f08e9038b9bbbadc596bb4fa861f331ee6bfdb70a5c71433bbcb022860,0,recovered_practice_engine_local,grid_v1,2302.081405,1456.8478929999999,0.0,0.0,172.04415299999988,0.0
50,0000000000000000000000000000000000000000000000000000100000000000,one_bit,3,P3_current_grid_v1,FULL_CLEAR,user_exit,16,16,1.0,,306.0573303125,4896.917285,19024.58635392221,0.7301511000005121,cpu,1,172,121,106,0,117,112,f646560a9ee6ee2255038d24f08d28bed39916b903e10ada4d73d4781204966c,81aba2388f71ce044c0ff9de862806ae5294e44ce12cc165e95ee61a1207c2d3,582606f08e9038b9bbbadc596bb4fa861f331ee6bfdb70a5c71433bbcb022860,0,recovered_practice_engine_local,grid_v1,1362.2854139999995,1654.1668750000008,0.0,1456.0906380000006,424.37435799999963,0.0
51,0000000000000000000000000000000000000000000000000000200000000000,one_bit,3,P3_current_grid_v1,FULL_CLEAR,user_exit,11,11,1.0,,378.06934654545455,4158.762812,17618.814063205507,0.587078600001405,cpu,0,0,11,0,0,98,90,f646560a9ee6ee2255038d24f08d28bed39916b903e10ada4d73d4781204966c,1b52abfe1b49411a7c69d0138cec22eb3db519f4bf8158db78d2bed6ca1e9fd9,582606f08e9038b9bbbadc596bb4fa861f331ee6bfdb70a5c71433bbcb022860,0,recovered_practice_engine_local,grid_v1,2132.2757710000005,1556.8168850000002,0.0,0.0,469.67015599999957,0.0
52,0000000000000000000000000000000000000000000000000000400000000000,one_bit,3,P3_current_grid_v1,FULL_CLEAR,user_exit,14,14,1.0,,321.98918521428567,4507.848593,19324.242980727857,0.5462219000000914,cpu,0,0,14,0,0,97,88,f646560a9ee6ee2255038d24f08d28bed39916b903e10ada4d73d4781204966c,2eb64dd348a9ba7b44f3bd2dcdda8013026dc71ca8218a440c3827102ae70b2c,582606f08e9038b9bbbadc596bb4fa861f331ee6bfdb70a5c71433bbcb022860,0,recovered_practice_engine_local,grid_v1,1944.2819410000002,2095.933609999999,0.0,0.0,467.63304200000005,0.0
53,0000000000000000000000000000000000000000000000000000800000000000,one_bit,3,P3_current_grid_v1,FULL_CLEAR,user_exit,13,13,1.0,,299.28750192307695,3890.737525,15983.687624656834,0.8078427000000374,cpu,0,0,13,0,0,106,99,f646560a9ee6ee2255038d24f08d28bed39916b903e10ada4d73d4781204966c,fd72e488ca354286694548ad2765cfc5bcd8cc5daa21736d5d1b5f9780f7c8c7,582606f08e9038b9bbbadc596bb4fa861f331ee6bfdb70a5c71433bbcb022860,0,recovered_practice_engine_local,grid_v1,1444.0145520000003,2124.806788,0.0,0.0,321.9161849999999,4.547473508864641e-13
54,0000000000000000000000000000000000000000000000000001000000000000,one_bit,3,P3_current_grid_v1,FULL_CLEAR,user_exit,11,11,1.0,,324.2062354545455,3566.26859,13881.342940748778,0.7724395999994158,cpu,0,0,11,0,0,124,115,f646560a9ee6ee2255038d24f08d28bed39916b903e10ada4d73d4781204966c,e2c3d8120272eadf08e6525ad563651c5bfb6ab4b96e3259d87cb6c40738f865,582606f08e9038b9bbbadc596bb4fa861f331ee6bfdb70a5c71433bbcb022860,0,recovered_practice_engine_local,grid_v1,1448.2512229999998,1972.133988,0.0,0.0,145.8833790000005,0.0
55,0000000000000000000000000000000000000000000000000002000000000000,one_bit,3,P3_current_grid_v1,FULL_CLEAR,user_exit,12,12,1.0,,303.40012383333334,3640.801486,14494.007432837476,0.7502500999999029,cpu,0,0,12,0,0,115,107,f646560a9ee6ee2255038d24f08d28bed39916b903e10ada4d73d4781204966c,ea88ce25046081b21806f0bc06e569d7dfcb0001008b58feec6ca52059a74ccc,582606f08e9038b9bbbadc596bb4fa861f331ee6bfdb70a5c71433bbcb022860,0,recovered_practice_engine_local,grid_v1,1891.9980870000002,1364.2357690000003,0.0,0.0,384.56762999999944,4.547473508864641e-13
56,0000000000000000000000000000000000000000000000000004000000000000,one_bit,3,P3_current_grid_v1,FULL_CLEAR,user_exit,15,15,1.0,,332.7771272,4991.656908,21503.284547270305,0.738514299999224,cpu,0,0,15,0,0,104,96,f646560a9ee6ee2255038d24f08d28bed39916b903e10ada4d73d4781204966c,ad89f749c26c52c97dfdf22919ce349792ce91c2187f17613b0e5ae04f5f00f7,582606f08e9038b9bbbadc596bb4fa861f331ee6bfdb70a5c71433bbcb022860,0,recovered_practice_engine_local,grid_v1,1811.3528729999994,2596.859770000001,0.0,0.0,583.4442649999999,9.094947017729282e-13
57,0000000000000000000000000000000000000000000000000008000000000000,one_bit,3,P3_current_grid_v1,FULL_CLEAR,user_exit,12,12,1.0,,345.2372975,4142.84757,17069.237853546638,0.6316843000004155,cpu,0,0,12,0,0,113,104,f646560a9ee6ee2255038d24f08d28bed39916b903e10ada4d73d4781204966c,8a5ebd0efef785f959d4a9d8a422335a2d4b32d7c70f681b2217570f1204bafd,582606f08e9038b9bbbadc596bb4fa861f331ee6bfdb70a5c71433bbcb022860,0,recovered_practice_engine_local,grid_v1,1642.2542360000004,2165.291759,0.0,0.0,335.3015749999992,0.0
58,0000000000000000000000000000000000000000000000000010000000000000,one_bit,3,P3_current_grid_v1,FULL_CLEAR,user_exit,10,10,1.0,,355.6232377,3556.232377,14251.161893443072,0.5390942000012728,cpu,0,0,10,0,0,111,101,f646560a9ee6ee2255038d24f08d28bed39916b903e10ada4d73d4781204966c,54b9e76eacd572893a65144eb7eadee13a4afda0f9389d99bf3546403c3e0e1b,582606f08e9038b9bbbadc596bb4fa861f331ee6bfdb70a5c71433bbcb022860,0,recovered_practice_engine_local,grid_v1,1822.926429,1572.5878339999997,0.0,0.0,160.71811399999996,0.0
59,0000000000000000000000000000000000000000000000000020000000000000,one_bit,3,P3_current_grid_v1,FULL_CLEAR,user_exit,14,14,1.0,,281.0852812142857,3935.193937,16265.969664437862,0.6718165000002045,cpu,0,0,14,0,0,103,97,f646560a9ee6ee2255038d24f08d28bed39916b903e10ada4d73d4781204966c,3f7bb2f17c39030c487cf3cceae52feb5c932cece852ac273e0bb7a5549d2106,582606f08e9038b9bbbadc596bb4fa861f331ee6bfdb70a5c71433bbcb022860,0,recovered_practice_engine_local,grid_v1,1601.8724470000002,1623.9381219999998,0.0,0.0,709.383368,0.0
60,0000000000000000000000000000000000000000000000000040000000000000,one_bit,3,P3_current_grid_v1,FULL_CLEAR,user_exit,15,15,1.0,,312.8062658,4692.093987,19900.46992243752,0.7517472999988968,cpu,0,0,15,0,0,108,97,f646560a9ee6ee2255038d24f08d28bed39916b903e10ada4d73d4781204966c,807319808002553707a394e0f43605d762b4722f8a6e22819e7a72eeb8cb5e89,582606f08e9038b9bbbadc596bb4fa861f331ee6bfdb70a5c71433bbcb022860,0,recovered_practice_engine_local,grid_v1,1627.1287059999997,2708.2190689999993,0.0,0.0,356.74621200000104,0.0
61,0000000000000000000000000000000000000000000000000080000000000000,one_bit,3,P3_current_grid_v1,FULL_CLEAR,user_exit,15,15,1.0,,295.14087440000003,4427.113116,18370.56557968932,0.6481382999991183,cpu,0,0,15,0,0,114,108,f646560a9ee6ee2255038d24f08d28bed39916b903e10ada4d73d4781204966c,c968f3f7d098833d2f09876edfc2c7a111e9b4b4c58b2f400426ab0cb26578a2,582606f08e9038b9bbbadc596bb4fa861f331ee6bfdb70a5c71433bbcb022860,0,recovered_practice_engine_local,grid_v1,1762.626664,2020.9223359999999,0.0,0.0,643.5641160000007,0.0
62,0000000000000000000000000000000000000000000000000100000000000000,one_bit,3,P3_current_grid_v1,FULL_CLEAR,user_exit,13,13,1.0,,320.190076,4162.470988,17487.354923929597,0.7275623999994423,cpu,0,0,13,0,0,102,90,f646560a9ee6ee2255038d24f08d28bed39916b903e10ada4d73d4781204966c,1fd29a8ef003992a49a2ff1f4305b5e7c4f2dd958538870f4fd6112c1da1b4f2,582606f08e9038b9bbbadc596bb4fa861f331ee6bfdb70a5c71433bbcb022860,0,recovered_practice_engine_local,grid_v1,1789.7241920000004,1974.9406469999997,0.0,0.0,397.8061490000001,0.0
63,0000000000000000000000000000000000000000000000000200000000000000,one_bit,3,P3_current_grid_v1,FULL_CLEAR,user_exit,12,12,1.0,,364.1220826666667,4369.464992,18472.32495369159,0.6077165000006062,cpu,0,0,12,0,0,104,95,f646560a9ee6ee2255038d24f08d28bed39916b903e10ada4d73d4781204966c,51e36f2bcb8f864ab85a5b3056aeeb5b7bf286080893d79917f575830e7d4771,582606f08e9038b9bbbadc596bb4fa861f331ee6bfdb70a5c71433bbcb022860,0,recovered_practice_engine_local,grid_v1,1936.955093,1920.729756,0.0,0.0,511.780143,0.0
64,0000000000000000000000000000000000000000000000000400000000000000,one_bit,3,P3_current_grid_v1,FULL_CLEAR,user_exit,11,11,1.0,,353.53265736363636,3888.859231,15604.296148237221,0.4862702000009449,cpu,0,0,11,0,0,120,113,f646560a9ee6ee2255038d24f08d28bed39916b903e10ada4d73d4781204966c,415cb1ce5ac2ff14bd30298c901e244235c8282743ae2d4894174c38df3b66ae,582606f08e9038b9bbbadc596bb4fa861f331ee6bfdb70a5c71433bbcb022860,0,recovered_practice_engine_local,grid_v1,2044.4471869999998,1455.6671570000003,0.0,0.0,388.7448869999998,0.0
65,0000000000000000000000000000000000000000000000000800000000000000,one_bit,3,P3_current_grid_v1,FULL_CLEAR,user_exit,11,11,1.0,,339.868953,3738.558483,15212.792422215083,0.445473600000696,cpu,0,0,11,0,0,108,101,f646560a9ee6ee2255038d24f08d28bed39916b903e10ada4d73d4781204966c,2888a1d2963f93279d636662acf110d61e2c456666bb0322cee9ba04f35bfad9,582606f08e9038b9bbbadc596bb4fa861f331ee6bfdb70a5c71433bbcb022860,0,recovered_practice_engine_local,grid_v1,1825.4644230000001,1374.1695830000003,0.0,0.0,538.9244769999993,0.0
66,0000000000000000000000000000000000000000000000001000000000000000,one_bit,3,P3_current_grid_v1,FULL_CLEAR,user_exit,12,12,1.0,,308.0999425,3697.19931,14970.996572384134,0.5767171999996208,cpu,0,0,12,0,0,109,98,f646560a9ee6ee2255038d24f08d28bed39916b903e10ada4d73d4781204966c,9f14b66e3dc0693022358af09f37f6123c7ca72fbccc4dfc65f3ba1ec9a05e58,582606f08e9038b9bbbadc596bb4fa861f331ee6bfdb70a5c71433bbcb022860,0,recovered_practice_engine_local,grid_v1,1768.3055540000003,1459.3068570000003,0.0,0.0,469.5868989999995,0.0
67,0000000000000000000000000000000000000000000000002000000000000000,one_bit,3,P3_current_grid_v1,FULL_CLEAR,user_exit,14,14,1.0,,312.3469075,4372.856705,18394.28352732192,0.7523185000009107,cpu,0,0,14,0,0,106,94,f646560a9ee6ee2255038d24f08d28bed39916b903e10ada4d73d4781204966c,78e2e20d81b7fed206183d2feb9acaae588e1c6ff023f8c16211a8bd09b1a7c0,582606f08e9038b9bbbadc596bb4fa861f331ee6bfdb70a5c71433bbcb022860,0,recovered_practice_engine_local,grid_v1,2036.2745410000002,2148.001456,0.0,0.0,188.58070799999985,0.0
68,0000000000000000000000000000000000000000000000004000000000000000,one_bit,3,P3_current_grid_v1,FULL_CLEAR,user_exit,10,10,1.0,,370.17704480000003,3701.770448,14908.8522397427,0.4589961999990919,cpu,0,0,10,0,0,113,105,f646560a9ee6ee2255038d24f08d28bed39916b903e10ada4d73d4781204966c,65b7c6e428c80139c16722b57141d2197f54a05104a0884cd841fb9832e4fad3,582606f08e9038b9bbbadc596bb4fa861f331ee6bfdb70a5c71433bbcb022860,0,recovered_practice_engine_local,grid_v1,1830.9484389999998,1606.2657,0.0,0.0,264.55630900000045,0.0
69,0000000000000000000000000000000000000000000000008000000000000000,one_bit,3,P3_current_grid_v1,FULL_CLEAR,user_exit,13,13,1.0,,320.4922186923077,4166.398843,17521.994215920353,0.584263099999589,cpu,0,0,13,0,0,101,92,f646560a9ee6ee2255038d24f08d28bed39916b903e10ada4d73d4781204966c,ccf622c8e6ae6fbfd20c673770c745fb306d68fd1f55c739f86d96031caf60d5,582606f08e9038b9bbbadc596bb4fa861f331ee6bfdb70a5c71433bbcb022860,0,recovered_practice_engine_local,grid_v1,2019.336085,1681.7257399999999,0.0,0.0,465.33701800000017,0.0
70,0000000000000000000000000000000000000000000000010000000000000000,one_bit,3,P3_current_grid_v1,FULL_CLEAR,user_exit,10,10,1.0,,413.6261531,4136.261531,17236.307671111615,0.5315426000015577,cpu,0,0,10,0,0,108,99,f646560a9ee6ee2255038d24f08d28bed39916b903e10ada4d73d4781204966c,aabdf3af65ccc2accacebff2ccdff36468f1fa778735511d3a46e68d0b2453dd,582606f08e9038b9bbbadc596bb4fa861f331ee6bfdb70a5c71433bbcb022860,0,recovered_practice_engine_local,grid_v1,2335.0869940000002,1587.5070140000003,0.0,0.0,213.6675229999999,0.0
71,0000000000000000000000000000000000000000000000020000000000000000,one_bit,3,P3_current_grid_v1,FULL_CLEAR,user_exit,11,11,1.0,,323.6223054545454,3559.84536,14069.22680317409,0.4180952000006073,cpu,0,0,11,0,0,116,111,f646560a9ee6ee2255038d24f08d28bed39916b903e10ada4d73d4781204966c,bb0ff4db5a2349ae01c70ed509a2e90664396484af357591cd41c820309d7218,582606f08e9038b9bbbadc596bb4fa861f331ee6bfdb70a5c71433bbcb022860,0,recovered_practice_engine_local,grid_v1,1869.591302,1249.1064399999998,0.0,0.0,441.1476179999999,0.0
72,0000000000000000000000000000000000000000000000040000000000000000,one_bit,3,P3_current_grid_v1,FULL_CLEAR,user_exit,11,11,1.0,,373.95774500000005,4113.535195,17257.675971926437,0.4438762999998289,cpu,0,0,11,0,0,102,97,f646560a9ee6ee2255038d24f08d28bed39916b903e10ada4d73d4781204966c,cd00baecb2bd656c9009b1b0a7b9af812c1184f7ab3e000ea91abd832fe7da06,582606f08e9038b9bbbadc596bb4fa861f331ee6bfdb70a5c71433bbcb022860,0,recovered_practice_engine_local,grid_v1,2164.6573130000006,1530.5123390000003,0.0,0.0,418.36554299999943,0.0
73,0000000000000000000000000000000000000000000000080000000000000000,one_bit,3,P3_current_grid_v1,FULL_CLEAR,user_exit,14,14,1.0,,342.4831567142857,4794.764194,19608.821006000464,0.5212412000000768,cpu,1,70,62,49,0,111,104,f646560a9ee6ee2255038d24f08d28bed39916b903e10ada4d73d4781204966c,86e1aef0d2f88471398f2bd0bdf52472dc3d867ae28cc8bcbd4e5d4bed4b8690,582606f08e9038b9bbbadc596bb4fa861f331ee6bfdb70a5c71433bbcb022860,0,recovered_practice_engine_local,grid_v1,1885.0025260000011,1774.506860999999,0.0,698.1322660000005,437.1225409999996,0.0
74,0000000000000000000000000000000000000000000000100000000000000000,one_bit,3,P3_current_grid_v1,FULL_CLEAR,user_exit,10,10,1.0,,390.0922043,3900.922043,15599.610215562087,0.43753189999915776,cpu,0,0,10,0,0,123,116,f646560a9ee6ee2255038d24f08d28bed39916b903e10ada4d73d4781204966c,0218e1169e09e87de0d954082fa4d7538369ea570860fde86b7e4e7736f46323,582606f08e9038b9bbbadc596bb4fa861f331ee6bfdb70a5c71433bbcb022860,0,recovered_practice_engine_local,grid_v1,1966.8904920000004,1519.3165329999997,0.0,0.0,414.7150179999999,0.0
75,0000000000000000000000000000000000000000000000200000000000000000,one_bit,3,P3_current_grid_v1,FULL_CLEAR,user_exit,16,16,1.0,,223.9596039375,3583.353663,14426.76829941054,0.7193604000003688,cpu,0,0,16,0,0,104,98,f646560a9ee6ee2255038d24f08d28bed39916b903e10ada4d73d4781204966c,02b07cd188aa1f1b9cb37b68481e98bdfc724ef20d8efeab809fa0dcaab370c5,582606f08e9038b9bbbadc596bb4fa861f331ee6bfdb70a5c71433bbcb022860,0,recovered_practice_engine_local,grid_v1,1268.9782849999997,1602.6593649999993,0.0,0.0,711.7160130000009,0.0
76,0000000000000000000000000000000000000000000000400000000000000000,one_bit,3,P3_current_grid_v1,FULL_CLEAR,user_exit,11,11,1.0,,386.64746345454546,4253.122098,17745.610482152897,0.4017177999994601,cpu,0,0,11,0,0,109,104,f646560a9ee6ee2255038d24f08d28bed39916b903e10ada4d73d4781204966c,1df98a9449948cf965c7f10531090bd725289507e05bf337bf8e6776420d053f,582606f08e9038b9bbbadc596bb4fa861f331ee6bfdb70a5c71433bbcb022860,0,recovered_practice_engine_local,grid_v1,2144.006458999999,1710.6173970000002,0.0,0.0,398.4982420000007,0.0
77,0000000000000000000000000000000000000000000000800000000000000000,one_bit,3,P3_current_grid_v1,FULL_CLEAR,user_exit,12,12,1.0,,348.40342558333333,4180.841107,17639.20553073944,0.43613270000059856,cpu,0,0,12,0,0,100,93,f646560a9ee6ee2255038d24f08d28bed39916b903e10ada4d73d4781204966c,278cb0ddd792597f517026be9da0b285038230e8ae8b086d88317cfd8f50b7df,582606f08e9038b9bbbadc596bb4fa861f331ee6bfdb70a5c71433bbcb022860,0,recovered_practice_engine_local,grid_v1,1975.8681890000003,1772.046934,0.0,0.0,432.9259839999999,0.0
78,0000000000000000000000000000000000000000000001000000000000000000,one_bit,3,P3_current_grid_v1,FULL_CLEAR,user_exit,16,16,1.0,,279.695127875,4475.122046,18985.610230895585,0.6340240999998059,cpu,0,0,16,0,0,101,93,f646560a9ee6ee2255038d24f08d28bed39916b903e10ada4d73d4781204966c,92f9626f1cf2e9ebfe5660fe2e24c35444967f297e4c5aa9a14039b2a4bfbeab,582606f08e9038b9bbbadc596bb4fa861f331ee6bfdb70a5c71433bbcb022860,0,recovered_practice_engine_local,grid_v1,1659.6811400000008,2192.3988150000005,0.0,0.0,623.0420909999993,0.0
79,0000000000000000000000000000000000000000000002000000000000000000,one_bit,3,P3_current_grid_v1,FULL_CLEAR,user_exit,14,14,1.0,,295.33533878571427,4134.694743,17158.47369964412,0.6633304000006319,cpu,0,0,14,0,0,107,98,f646560a9ee6ee2255038d24f08d28bed39916b903e10ada4d73d4781204966c,66a0da20fae3d18424aaf4fc767ab9282f677ab65a22129dccc012f917633c7a,582606f08e9038b9bbbadc596bb4fa861f331ee6bfdb70a5c71433bbcb022860,0,recovered_practice_engine_local,grid_v1,1585.8045119999995,2245.563185,0.0,0.0,303.3270460000006,0.0
80,0000000000000000000000000000000000000000000004000000000000000000,one_bit,3,P3_current_grid_v1,FULL_CLEAR,user_exit,15,15,1.0,,298.68400246666664,4480.260037,19326.300180530714,0.704323399999339,cpu,0,0,15,0,0,92,80,f646560a9ee6ee2255038d24f08d28bed39916b903e10ada4d73d4781204966c,b03b93f37a8b2cb2b93a132b9ff8d6634c12a56f028f28374a7d3dd72a532ca1,582606f08e9038b9bbbadc596bb4fa861f331ee6bfdb70a5c71433bbcb022860,0,recovered_practice_engine_local,grid_v1,1702.5616350000005,2243.8478999999998,0.0,0.0,533.8505019999996,0.0
81,0000000000000000000000000000000000000000000008000000000000000000,one_bit,3,P3_current_grid_v1,FULL_CLEAR,user_exit,14,14,1.0,,232.04693857142857,3248.65714,12493.285702468704,0.5783289999999397,cpu,0,0,14,0,0,114,110,f646560a9ee6ee2255038d24f08d28bed39916b903e10ada4d73d4781204966c,d2e9947073edb21af82ca5227fa13334d19c7cb4a5a07f2b745b714e7067d38a,582606f08e9038b9bbbadc596bb4fa861f331ee6bfdb70a5c71433bbcb022860,0,recovered_practice_engine_local,grid_v1,1401.6468340000001,1313.6135669999999,0.0,0.0,533.3967389999998,0.0
82,0000000000000000000000000000000000000000000010000000000000000000,one_bit,3,P3_current_grid_v1,FULL_CLEAR,user_exit,15,15,1.0,,315.25271,4728.79065,20433.95325952902,0.7769983999987744,cpu,0,0,15,0,0,96,87,f646560a9ee6ee2255038d24f08d28bed39916b903e10ada4d73d4781204966c,bb7c6fd0b31a11e808cfab06248900ba3b4d8d4e7b957ad1cf56a9d23e73c817,582606f08e9038b9bbbadc596bb4fa861f331ee6bfdb70a5c71433bbcb022860,0,recovered_practice_engine_local,grid_v1,1891.2253019999998,2383.335652999999,0.0,0.0,454.2296950000007,0.0
83,0000000000000000000000000000000000000000000020000000000000000000,one_bit,3,P3_current_grid_v1,FULL_CLEAR,user_exit,13,13,1.0,,316.262308,4111.410004,16877.050008001093,0.5515839999989112,cpu,0,0,13,0,0,113,106,f646560a9ee6ee2255038d24f08d28bed39916b903e10ada4d73d4781204966c,55c8f27af40985ce54b3c832eddbc5e5856dc04eb00b28745efa48032f1269ab,582606f08e9038b9bbbadc596bb4fa861f331ee6bfdb70a5c71433bbcb022860,0,recovered_practice_engine_local,grid_v1,1739.6146119999999,1770.8205970000006,0.0,0.0,600.9747949999999,0.0
84,0000000000000000000000000000000000000000000040000000000000000000,one_bit,3,P3_current_grid_v1,FULL_CLEAR,user_exit,14,14,1.0,,293.3987736428571,4107.582831,16977.91416045629,0.6026421000005939,cpu,0,0,14,0,0,108,102,f646560a9ee6ee2255038d24f08d28bed39916b903e10ada4d73d4781204966c,295c7773009cdf54b5913983d13201fef27c235866b5665a6d777ccea3c3d6df,582606f08e9038b9bbbadc596bb4fa861f331ee6bfdb70a5c71433bbcb022860,0,recovered_practice_engine_local,grid_v1,1832.286893,1640.0465760000002,0.0,0.0,635.2493619999998,0.0
85,0000000000000000000000000000000000000000000080000000000000000000,one_bit,3,P3_current_grid_v1,FULL_CLEAR,user_exit,12,12,1.0,,298.85172900000003,3586.220748,14341.10372943943,0.6160651999998663,cpu,0,0,12,0,0,111,103,f646560a9ee6ee2255038d24f08d28bed39916b903e10ada4d73d4781204966c,150fb11ec1dca16674edb95e290d985a17426b09f607abea254f29bba2c4246c,582606f08e9038b9bbbadc596bb4fa861f331ee6bfdb70a5c71433bbcb022860,0,recovered_practice_engine_local,grid_v1,1769.201262,1474.2081289999996,0.0,0.0,342.81135700000044,0.0
86,0000000000000000000000000000000000000000000100000000000000000000,one_bit,3,P3_current_grid_v1,FULL_CLEAR,user_exit,14,14,1.0,,252.11376507142856,3529.592711,13922.963550513256,0.515974299998561,cpu,0,0,14,0,0,113,110,f646560a9ee6ee2255038d24f08d28bed39916b903e10ada4d73d4781204966c,518d8548faa18916a8e154bfa93aa4ff91623bb255f643dbf265265963898b03,582606f08e9038b9bbbadc596bb4fa861f331ee6bfdb70a5c71433bbcb022860,0,recovered_practice_engine_local,grid_v1,1230.3944020000004,1534.423833,0.0,0.0,764.7744759999996,4.547473508864641e-13
87,0000000000000000000000000000000000000000000200000000000000000000,one_bit,3,P3_current_grid_v1,FULL_CLEAR,user_exit,10,10,1.0,,363.9800065,3639.800065,14629.000323402382,0.5356391000004805,cpu,0,0,10,0,0,112,104,f646560a9ee6ee2255038d24f08d28bed39916b903e10ada4d73d4781204966c,3c0c46272f08d4761ae4c3bd301a8c11c2959064d93099b2244502a383f8e604,582606f08e9038b9bbbadc596bb4fa861f331ee6bfdb70a5c71433bbcb022860,0,recovered_practice_engine_local,grid_v1,1877.0667000000003,1403.7610680000003,0.0,0.0,358.97229699999946,0.0
88,0000000000000000000000000000000000000000000400000000000000000000,one_bit,3,P3_current_grid_v1,FULL_CLEAR,user_exit,14,14,1.0,,285.96860292857144,4003.560441,16522.802209938,0.7371545000005426,cpu,0,0,14,0,0,106,99,f646560a9ee6ee2255038d24f08d28bed39916b903e10ada4d73d4781204966c,1ea034ba215671d62cd7773f9d55e2e62b62946f78b969da3ac45dd70c43b061,582606f08e9038b9bbbadc596bb4fa861f331ee6bfdb70a5c71433bbcb022860,0,recovered_practice_engine_local,grid_v1,1734.3402469999999,1879.106093000001,0.0,0.0,390.1141009999993,0.0
89,0000000000000000000000000000000000000000000800000000000000000000,one_bit,3,P3_current_grid_v1,FULL_CLEAR,user_exit,14,14,1.0,,296.3279722857143,4148.591612,17137.958050297264,0.7267501000005723,cpu,0,0,14,0,0,110,101,f646560a9ee6ee2255038d24f08d28bed39916b903e10ada4d73d4781204966c,a0310f8525e46cd38a59da16a90647c6de7fe4625ea11ed7b3aed985e3f915b5,582606f08e9038b9bbbadc596bb4fa861f331ee6bfdb70a5c71433bbcb022860,0,recovered_practice_engine_local,grid_v1,1201.2040939999997,2325.4906680000004,0.0,0.0,621.89685,0.0
90,0000000000000000000000000000000000000000001000000000000000000000,one_bit,3,P3_current_grid_v1,FULL_CLEAR,user_exit,10,10,1.0,,369.8622874,3698.622874,14553.114381028781,0.5438591000001907,cpu,0,0,10,0,0,124,118,f646560a9ee6ee2255038d24f08d28bed39916b903e10ada4d73d4781204966c,372f563ab9533a750e42b6f566375a56c5a1a60470b79d43f1f3d17da9a85c5f,582606f08e9038b9bbbadc596bb4fa861f331ee6bfdb70a5c71433bbcb022860,0,recovered_practice_engine_local,grid_v1,1535.5992170000006,1681.039726999999,0.0,0.0,481.9839300000005,4.547473508864641e-13
91,0000000000000000000000000000000000000000002000000000000000000000,one_bit,3,P3_current_grid_v1,FULL_CLEAR,user_exit,10,10,1.0,,325.6033576,3256.033576,12730.167853561965,0.45485310000003665,cpu,0,0,10,0,0,111,105,f646560a9ee6ee2255038d24f08d28bed39916b903e10ada4d73d4781204966c,6e83e5a3aeda333d754d01248717792c58b44fca338510bb8649ae3c685271ad,582606f08e9038b9bbbadc596bb4fa861f331ee6bfdb70a5c71433bbcb022860,0,recovered_practice_engine_local,grid_v1,1660.0920249999997,1146.7617450000002,0.0,0.0,449.179806,0.0
92,0000000000000000000000000000000000000000004000000000000000000000,one_bit,3,P3_current_grid_v1,FULL_CLEAR,user_exit,10,10,1.0,,355.50899450000003,3555.089945,14000.449727449406,0.3773925000004965,cpu,1,200,10,1,0,118,115,f646560a9ee6ee2255038d24f08d28bed39916b903e10ada4d73d4781204966c,c973c07ae8d318709be90df12d6753aaca849f32026da061bed900370eaba3f1,582606f08e9038b9bbbadc596bb4fa861f331ee6bfdb70a5c71433bbcb022860,0,recovered_practice_engine_local,grid_v1,1666.2755189999998,1169.9360729999996,0.0,394.4459530000004,324.43240000000037,4.547473508864641e-13
93,0000000000000000000000000000000000000000008000000000000000000000,one_bit,3,P3_current_grid_v1,FULL_CLEAR,user_exit,13,13,1.0,,317.81774199999995,4131.630646,17368.153229730106,0.582805100000769,cpu,0,0,13,0,0,100,93,f646560a9ee6ee2255038d24f08d28bed39916b903e10ada4d73d4781204966c,59efec684f060dd7b785622fd7d870dec26ea201140f9ee026da52645a5ab10e,582606f08e9038b9bbbadc596bb4fa861f331ee6bfdb70a5c71433bbcb022860,0,recovered_practice_engine_local,grid_v1,1763.1912389999998,2028.2796560000004,0.0,0.0,340.1597509999994,0.0
94,0000000000000000000000000000000000000000010000000000000000000000,one_bit,3,P3_current_grid_v1,FULL_CLEAR,user_exit,13,13,1.0,,342.4803054615385,4452.243971,18941.219853420123,0.53704739999921,cpu,0,0,13,0,0,101,94,f646560a9ee6ee2255038d24f08d28bed39916b903e10ada4d73d4781204966c,5ab08976a0ed0429026b97fc866d838edcc8f5a65d7d29bc1fba2ac0c559eb4c,582606f08e9038b9bbbadc596bb4fa861f331ee6bfdb70a5c71433bbcb022860,0,recovered_practice_engine_local,grid_v1,2151.534992,1623.2539509999997,0.0,0.0,677.4550280000003,0.0
95,0000000000000000000000000000000000000000020000000000000000000000,one_bit,3,P3_current_grid_v1,FULL_CLEAR,user_exit,13,13,1.0,,298.0981365384615,3875.275775,16071.378855145977,0.5940558000002056,cpu,0,0,13,0,0,101,91,f646560a9ee6ee2255038d24f08d28bed39916b903e10ada4d73d4781204966c,8502e267bbc3de79cae0ad1ed3efe3c952a9e93a31fe8f3afb99b72edd0d6d40,582606f08e9038b9bbbadc596bb4fa861f331ee6bfdb70a5c71433bbcb022860,0,recovered_practice_engine_local,grid_v1,1503.2803810000005,1804.52511,0.0,0.0,567.4702839999995,0.0
96,0000000000000000000000000000000000000000040000000000000000000000,one_bit,3,P3_current_grid_v1,FULL_CLEAR,user_exit,16,16,1.0,,231.3794093125,3702.070549,15300.352740302398,0.723329599999488,cpu,0,0,16,0,0,95,87,f646560a9ee6ee2255038d24f08d28bed39916b903e10ada4d73d4781204966c,b84b7faf9ce31d5f55e4bb11f732b795603ee311ff2cc87f95b8f3b74d2b13b3,582606f08e9038b9bbbadc596bb4fa861f331ee6bfdb70a5c71433bbcb022860,0,recovered_practice_engine_local,grid_v1,1215.8484250000001,1797.2262670000005,0.0,0.0,688.9958569999997,0.0
97,0000000000000000000000000000000000000000080000000000000000000000,one_bit,3,P3_current_grid_v1,FULL_CLEAR,user_exit,13,13,1.0,,273.0621539230769,3549.808001,13959.03999408913,0.5999515000003157,cpu,0,0,13,0,0,117,108,f646560a9ee6ee2255038d24f08d28bed39916b903e10ada4d73d4781204966c,f40744f8df5d203f7bfab31a69ec8eb0cf6fc3080a29dc0a0b8b9fd3370c934d,582606f08e9038b9bbbadc596bb4fa861f331ee6bfdb70a5c71433bbcb022860,0,recovered_practice_engine_local,grid_v1,1546.200131,1422.298083,0.0,0.0,581.3097869999998,0.0
98,0000000000000000000000000000000000000000100000000000000000000000,one_bit,3,P3_current_grid_v1,FULL_CLEAR,user_exit,15,15,1.0,,315.55577253333337,4733.336588,20176.6829369336,0.6213891000006697,cpu,2,40,31,18,0,97,90,f646560a9ee6ee2255038d24f08d28bed39916b903e10ada4d73d4781204966c,97593f195c04a06033a37d4b26d989d9b22a226a5da139d25fd1468cd5a97957,582606f08e9038b9bbbadc596bb4fa861f331ee6bfdb70a5c71433bbcb022860,0,recovered_practice_engine_local,grid_v1,1896.1749200000008,1649.7503089999993,0.0,863.0229420000001,324.3884169999999,0.0
99,0000000000000000000000000000000000000000200000000000000000000000,one_bit,3,P3_current_grid_v1,FULL_CLEAR,user_exit,12,12,1.0,,340.14201483333335,4081.704178,16898.520896205693,0.7197147000006225,cpu,0,0,12,0,0,109,97,f646560a9ee6ee2255038d24f08d28bed39916b903e10ada4d73d4781204966c,abe2bf3a8286edc84d67499f6bf38895e04fe27cc27e703118686a87876f74e0,582606f08e9038b9bbbadc596bb4fa861f331ee6bfdb70a5c71433bbcb022860,0,recovered_practice_engine_local,grid_v1,1688.740612,2154.8413990000004,0.0,0.0,238.1221669999996,0.0
100,0000000000000000000000000000000000000000400000000000000000000000,one_bit,3,P3_current_grid_v1,FULL_CLEAR,user_exit,13,13,1.0,,272.40440884615384,3541.257315,13966.286582296578,0.7007740999997623,cpu,0,0,13,0,0,115,108,f646560a9ee6ee2255038d24f08d28bed39916b903e10ada4d73d4781204966c,4a7d6b5829d8951d0ab723ac072da66a65f62ee023d691e6e463cb2d6fc23b01,582606f08e9038b9bbbadc596bb4fa861f331ee6bfdb70a5c71433bbcb022860,0,recovered_practice_engine_local,grid_v1,1444.2414259999998,1753.1849290000002,0.0,0.0,343.83095999999983,0.0
101,0000000000000000000000000000000000000000800000000000000000000000,one_bit,3,P3_current_grid_v1,FULL_CLEAR,user_exit,13,13,1.0,,295.4230783846154,3840.500019,15312.50007884495,0.6476686999994854,cpu,0,0,13,0,0,120,113,f646560a9ee6ee2255038d24f08d28bed39916b903e10ada4d73d4781204966c,7e579705fc046dfceb025f47d9817e95572c1701d9ea79fbbc7d071e22f18089,582606f08e9038b9bbbadc596bb4fa861f331ee6bfdb70a5c71433bbcb022860,0,recovered_practice_engine_local,grid_v1,1577.011254,1621.753472,0.0,0.0,641.7352930000002,4.547473508864641e-13
102,0000000000000000000000000000000000000001000000000000000000000000,one_bit,3,P3_current_grid_v1,FULL_CLEAR,user_exit,11,11,1.0,,281.0418925454546,3091.460818,11467.304084956913,0.5561323000001721,cpu,0,0,11,0,0,125,118,f646560a9ee6ee2255038d24f08d28bed39916b903e10ada4d73d4781204966c,fe599adf567c052fa4bd2c55b040bd4b79fcd39462c4e098fa484d8cda8da143,582606f08e9038b9bbbadc596bb4fa861f331ee6bfdb70a5c71433bbcb022860,0,recovered_practice_engine_local,grid_v1,1209.0025110000001,1314.1008970000007,0.0,0.0,568.3574099999992,0.0
103,0000000000000000000000000000000000000002000000000000000000000000,one_bit,3,P3_current_grid_v1,FULL_CLEAR,user_exit,16,16,1.0,,263.3613571875,4213.781715,17953.908586130372,0.7705741999998281,cpu,0,0,16,0,0,92,83,f646560a9ee6ee2255038d24f08d28bed39916b903e10ada4d73d4781204966c,7c639178a2f188081146f54589cfd810013d6d016b90860dc564ed26ff2850ae,582606f08e9038b9bbbadc596bb4fa861f331ee6bfdb70a5c71433bbcb022860,0,recovered_practice_engine_local,grid_v1,1473.017886,1948.7026359999995,0.0,0.0,792.0611930000003,0.0
104,0000000000000000000000000000000000000004000000000000000000000000,one_bit,3,P3_current_grid_v1,FULL_CLEAR,user_exit,13,13,1.0,,314.76544292307693,4091.950758,17124.75378716874,0.6515669000000344,cpu,0,0,13,0,0,102,92,f646560a9ee6ee2255038d24f08d28bed39916b903e10ada4d73d4781204966c,0c8bd6d68a8a8be2af29dd3f53b0bae508660a3b609bcba2794fff2a6f067d08,582606f08e9038b9bbbadc596bb4fa861f331ee6bfdb70a5c71433bbcb022860,0,recovered_practice_engine_local,grid_v1,1944.0777599999992,1656.9296960000006,0.0,0.0,490.9433020000002,0.0
105,0000000000000000000000000000000000000008000000000000000000000000,one_bit,3,P3_current_grid_v1,FULL_CLEAR,user_exit,13,13,1.0,,291.91677553846154,3794.918082,15469.590416542434,0.6253938999998354,cpu,0,0,13,0,0,107,101,f646560a9ee6ee2255038d24f08d28bed39916b903e10ada4d73d4781204966c,d432fb90f030c0aa09acd24d3cc5c5288805abbb068b1f3fa3b9d65be5c0dd99,582606f08e9038b9bbbadc596bb4fa861f331ee6bfdb70a5c71433bbcb022860,0,recovered_practice_engine_local,grid_v1,1814.7716780000003,1445.3185349999997,0.0,0.0,534.8278690000001,0.0
106,0000000000000000000000000000000000000010000000000000000000000000,one_bit,3,P3_current_grid_v1,FULL_CLEAR,user_exit,12,12,1.0,,352.12045458333336,4225.445455,17717.227274883815,0.6163386000007449,cpu,0,0,12,0,0,105,97,f646560a9ee6ee2255038d24f08d28bed39916b903e10ada4d73d4781204966c,f013c3564b2f2f7d692c968d6ae796127154b144b33d2eb0b6f4d2915b7ff8a5,582606f08e9038b9bbbadc596bb4fa861f331ee6bfdb70a5c71433bbcb022860,0,recovered_practice_engine_local,grid_v1,2013.3897470000006,2002.744037,0.0,0.0,209.31167099999942,0.0
107,0000000000000000000000000000000000000020000000000000000000000000,one_bit,3,P3_current_grid_v1,FULL_CLEAR,user_exit,13,13,1.0,,292.1718103076923,3798.233534,15066.167677938405,0.7473921000000701,cpu,0,0,13,0,0,121,115,f646560a9ee6ee2255038d24f08d28bed39916b903e10ada4d73d4781204966c,8b60c60ff12c9c122d5045cdce5856856a9b9f96c86ceeea3538c7775401273d,582606f08e9038b9bbbadc596bb4fa861f331ee6bfdb70a5c71433bbcb022860,0,recovered_practice_engine_local,grid_v1,1241.1643679999997,1843.04619,0.0,0.0,714.0229760000004,0.0
108,0000000000000000000000000000000000000040000000000000000000000000,one_bit,3,P3_current_grid_v1,FULL_CLEAR,user_exit,11,11,1.0,,327.59144572727274,3603.505903,14497.529517533516,0.5261494000005769,cpu,0,0,11,0,0,109,104,f646560a9ee6ee2255038d24f08d28bed39916b903e10ada4d73d4781204966c,7973ee768dd1c4a3c4772990f645327abe43ad7c98a0046ecdd5f5f15b24cfc2,582606f08e9038b9bbbadc596bb4fa861f331ee6bfdb70a5c71433bbcb022860,0,recovered_practice_engine_local,grid_v1,1322.6391800000006,1893.3927019999999,0.0,0.0,387.4740209999999,0.0
109,0000000000000000000000000000000000000080000000000000000000000000,one_bit,3,P3_current_grid_v1,FULL_CLEAR,user_exit,13,13,1.0,,347.3102833846154,4515.033684,19365.16842193628,0.6896135999995749,cpu,0,0,13,0,0,98,87,f646560a9ee6ee2255038d24f08d28bed39916b903e10ada4d73d4781204966c,bcd4a65908e32d9ea8535fd91cf9fcab2030dd0f15b77ba616bfe3ea517bad39,582606f08e9038b9bbbadc596bb4fa861f331ee6bfdb70a5c71433bbcb022860,0,recovered_practice_engine_local,grid_v1,1891.391556999999,2021.060003,0.0,0.0,602.5821240000007,0.0
110,0000000000000000000000000000000000000100000000000000000000000000,one_bit,3,P3_current_grid_v1,FULL_CLEAR,user_exit,16,16,1.0,,270.7468054375,4331.948887,18564.744431798248,0.7199371999995492,cpu,0,0,16,0,0,91,84,f646560a9ee6ee2255038d24f08d28bed39916b903e10ada4d73d4781204966c,551418c92e3a81b19d5dfdc912794ed7932764486d56b420b8482949e9e71805,582606f08e9038b9bbbadc596bb4fa861f331ee6bfdb70a5c71433bbcb022860,0,recovered_practice_engine_local,grid_v1,1419.9226859999997,2109.628282000001,0.0,0.0,802.3979189999989,0.0
111,0000000000000000000000000000000000000200000000000000000000000000,one_bit,3,P3_current_grid_v1,FULL_CLEAR,user_exit,12,12,1.0,,346.27082825,4155.249939,17226.249688259482,0.6694244999998773,cpu,0,0,12,0,0,110,100,f646560a9ee6ee2255038d24f08d28bed39916b903e10ada4d73d4781204966c,38379162914a77cb99a6bf368dd5eb4afcbaacafc67f423cac5936061df5ad1d,582606f08e9038b9bbbadc596bb4fa861f331ee6bfdb70a5c71433bbcb022860,0,recovered_practice_engine_local,grid_v1,1471.4032890000003,2384.162928,0.0,0.0,299.6837219999996,0.0
112,0000000000000000000000000000000000000400000000000000000000000000,one_bit,3,P3_current_grid_v1,FULL_CLEAR,user_exit,14,14,1.0,,339.9522466428571,4759.331453,20641.657256630566,0.690317500000674,cpu,0,0,14,0,0,95,86,f646560a9ee6ee2255038d24f08d28bed39916b903e10ada4d73d4781204966c,d95bab192d3154bec7b68f56dd79892a039d31aef459afeff13421b7d89a7a1d,582606f08e9038b9bbbadc596bb4fa861f331ee6bfdb70a5c71433bbcb022860,0,recovered_practice_engine_local,grid_v1,2122.4895429999997,2108.290829999999,0.0,0.0,528.5510800000011,0.0
113,0000000000000000000000000000000000000800000000000000000000000000,one_bit,3,P3_current_grid_v1,FULL_CLEAR,user_exit,15,15,1.0,,283.87261366666667,4258.089205,17995.446033118224,0.7429628999998386,cpu,0,0,15,0,0,99,89,f646560a9ee6ee2255038d24f08d28bed39916b903e10ada4d73d4781204966c,9f64c203cd17a5330de1a5262145df4b9b94dc5053e15ed53f4fcf31d73a4d93,582606f08e9038b9bbbadc596bb4fa861f331ee6bfdb70a5c71433bbcb022860,0,recovered_practice_engine_local,grid_v1,2051.5394130000004,1578.8640970000006,0.0,0.0,627.6856949999996,0.0
114,0000000000000000000000000000000000001000000000000000000000000000,one_bit,3,P3_current_grid_v1,FULL_CLEAR,user_exit,13,13,1.0,,327.2631529230769,4254.420988,17712.104946571457,0.6131738000003679,cpu,0,0,13,0,0,109,102,f646560a9ee6ee2255038d24f08d28bed39916b903e10ada4d73d4781204966c,66362868f2e7b16d7dcc4fcef616a065b2161d12afc5f84782b332a6b3e03e3c,582606f08e9038b9bbbadc596bb4fa861f331ee6bfdb70a5c71433bbcb022860,0,recovered_practice_engine_local,grid_v1,2047.5374869999991,1812.3538040000008,0.0,0.0,394.5296969999998,0.0
115,0000000000000000000000000000000000002000000000000000000000000000,one_bit,3,P3_current_grid_v1,FULL_CLEAR,user_exit,10,10,1.0,,380.1883257,3801.883257,15064.416270821233,0.5286212999999407,cpu,0,0,10,0,0,124,119,f646560a9ee6ee2255038d24f08d28bed39916b903e10ada4d73d4781204966c,f12d7cf299f66929c90274d38f7e1fd989b0266402068045921784f33d9f9808,582606f08e9038b9bbbadc596bb4fa861f331ee6bfdb70a5c71433bbcb022860,0,recovered_practice_engine_local,grid_v1,2041.4033570000001,1510.9526510000005,0.0,0.0,249.52724899999947,0.0
116,0000000000000000000000000000000000004000000000000000000000000000,one_bit,3,P3_current_grid_v1,FULL_CLEAR,user_exit,12,12,1.0,,381.0691801666667,4572.830162,19364.150810673294,0.5796097000002192,cpu,0,0,12,0,0,108,100,f646560a9ee6ee2255038d24f08d28bed39916b903e10ada4d73d4781204966c,bb33e95e70e00135d1c2be57e3fb02c8787359ec455c2c7ea144e903ffe9dd4c,582606f08e9038b9bbbadc596bb4fa861f331ee6bfdb70a5c71433bbcb022860,0,recovered_practice_engine_local,grid_v1,2057.6383299999998,2071.3791499999998,0.0,0.0,443.81268200000096,0.0
117,0000000000000000000000000000000000008000000000000000000000000000,one_bit,3,P3_current_grid_v1,FULL_CLEAR,user_exit,11,11,1.0,,321.64350181818185,3538.07852,14015.392590125768,0.5195824999991601,cpu,0,0,11,0,0,114,110,f646560a9ee6ee2255038d24f08d28bed39916b903e10ada4d73d4781204966c,f05d3b8f94c60e4e6acfbf9e51cb621f9a6e2043c49f72f97fa82f791f5b718d,582606f08e9038b9bbbadc596bb4fa861f331ee6bfdb70a5c71433bbcb022860,0,recovered_practice_engine_local,grid_v1,1688.6459910000003,1430.452049,0.0,0.0,418.9804799999998,0.0
118,0000000000000000000000000000000000010000000000000000000000000000,one_bit,3,P3_current_grid_v1,FULL_CLEAR,user_exit,11,11,1.0,,365.04263272727275,4015.46896,16682.344800734612,0.5835908000008203,cpu,0,0,11,0,0,105,99,f646560a9ee6ee2255038d24f08d28bed39916b903e10ada4d73d4781204966c,73d7086d574f4fcd8d376afc883a57dfb37b1323b0611d5d9a3b2a62ebb0da4a,582606f08e9038b9bbbadc596bb4fa861f331ee6bfdb70a5c71433bbcb022860,0,recovered_practice_engine_local,grid_v1,1741.5207720000008,1970.2181489999998,0.0,0.0,303.7300389999996,0.0
119,0000000000000000000000000000000000020000000000000000000000000000,one_bit,3,P3_current_grid_v1,FULL_CLEAR,user_exit,14,14,1.0,,314.76092657142857,4406.652972,18528.264860519455,0.6035876000005373,cpu,0,0,14,0,0,106,101,f646560a9ee6ee2255038d24f08d28bed39916b903e10ada4d73d4781204966c,146b4f7ecc0f1ab217e852767d834115ac375946965790e22a84c5ee8c859b49,582606f08e9038b9bbbadc596bb4fa861f331ee6bfdb70a5c71433bbcb022860,0,recovered_practice_engine_local,grid_v1,1924.359325,1961.8803009999992,0.0,0.0,520.4133460000007,0.0
120,0000000000000000000000000000000000040000000000000000000000000000,one_bit,3,P3_current_grid_v1,FULL_CLEAR,user_exit,12,12,1.0,,335.2708835,4023.250602,16821.253011549565,0.5853895999989618,cpu,0,0,12,0,0,101,94,f646560a9ee6ee2255038d24f08d28bed39916b903e10ada4d73d4781204966c,6f967a0ee20c0617a10ad53fc82899174ab2f755c3542ba883689e5d33e3d9bd,582606f08e9038b9bbbadc596bb4fa861f331ee6bfdb70a5c71433bbcb022860,0,recovered_practice_engine_local,grid_v1,1883.7490570000002,1677.8922979999995,0.0,0.0,461.6092470000003,0.0
121,0000000000000000000000000000000000080000000000000000000000000000,one_bit,3,P3_current_grid_v1,FULL_CLEAR,user_exit,15,15,1.0,,252.61618959999998,3789.242844,15356.214210580012,0.6227474000006623,cpu,1,15,17,3,0,107,102,f646560a9ee6ee2255038d24f08d28bed39916b903e10ada4d73d4781204966c,f59ee0fdca5c11e0ddd68581ab266b1ba0d1a7056fef3ff58a291e825d02e112,582606f08e9038b9bbbadc596bb4fa861f331ee6bfdb70a5c71433bbcb022860,0,recovered_practice_engine_local,grid_v1,1223.755733,1588.3573900000004,0.0,363.515308,613.6144129999997,0.0
122,0000000000000000000000000000000000100000000000000000000000000000,one_bit,3,P3_current_grid_v1,FULL_CLEAR,user_exit,16,16,1.0,,431.7110178125,6907.376285,30101.8814208665,0.8036362000002555,cpu,1,144,114,99,0,87,78,f646560a9ee6ee2255038d24f08d28bed39916b903e10ada4d73d4781204966c,8d722c9df49fb1246bf5032c38d82ed2856e5f4a86722df1b308b95f6fa62e69,582606f08e9038b9bbbadc596bb4fa861f331ee6bfdb70a5c71433bbcb022860,0,recovered_practice_engine_local,grid_v1,1444.2503629999997,1295.6102999999998,0.0,3674.7474100000004,492.76821200000023,9.094947017729282e-13
123,0000000000000000000000000000000000200000000000000000000000000000,one_bit,3,P3_current_grid_v1,FULL_CLEAR,user_exit,12,12,1.0,,485.1152725,5821.38327,22906.916296355434,0.4361847000000125,cpu,2,222,170,160,0,118,116,f646560a9ee6ee2255038d24f08d28bed39916b903e10ada4d73d4781204966c,a6109ddd8ae5692665d2e8e93737bb3a50c79f9a31aa14ae338fe58e4e55d61d,582606f08e9038b9bbbadc596bb4fa861f331ee6bfdb70a5c71433bbcb022860,0,recovered_practice_engine_local,grid_v1,1799.8323620000006,1020.7973839999997,0.0,2700.2296600000004,300.52386399999955,9.094947017729282e-13
124,0000000000000000000000000000000000400000000000000000000000000000,one_bit,3,P3_current_grid_v1,FULL_CLEAR,user_exit,15,15,1.0,,284.84422206666665,4272.663331,17793.316666161427,0.8254613000008248,cpu,0,0,15,0,0,108,99,f646560a9ee6ee2255038d24f08d28bed39916b903e10ada4d73d4781204966c,059fbd07f92442d71f9ad344b80b8af81c321236f07933082cd78dca99adde65,582606f08e9038b9bbbadc596bb4fa861f331ee6bfdb70a5c71433bbcb022860,0,recovered_practice_engine_local,grid_v1,1589.5321860000001,2220.170665999999,0.0,0.0,462.9604790000005,0.0
125,0000000000000000000000000000000000800000000000000000000000000000,one_bit,3,P3_current_grid_v1,FULL_CLEAR,user_exit,13,13,1.0,,297.3589203076923,3865.665964,15548.329815759664,0.5828070000006846,cpu,0,0,13,0,0,116,111,f646560a9ee6ee2255038d24f08d28bed39916b903e10ada4d73d4781204966c,654cc81d3fe5d9a4c165ab17736002ad465738d9a46c96f7e4adbdc89ab1fc27,582606f08e9038b9bbbadc596bb4fa861f331ee6bfdb70a5c71433bbcb022860,0,recovered_practice_engine_local,grid_v1,1696.8476949999995,1665.4988979999994,0.0,0.0,503.31937100000096,0.0
126,0000000000000000000000000000000001000000000000000000000000000000,one_bit,3,P3_current_grid_v1,FULL_CLEAR,user_exit,13,13,1.0,,296.02153423076925,3848.279945,15531.399725964095,0.7178334000000177,cpu,0,0,13,0,0,114,107,f646560a9ee6ee2255038d24f08d28bed39916b903e10ada4d73d4781204966c,9e805453680454c6d7569a06494176075fb4f5878027c4df697684d722420746,582606f08e9038b9bbbadc596bb4fa861f331ee6bfdb70a5c71433bbcb022860,0,recovered_practice_engine_local,grid_v1,1651.1608640000004,1703.7349279999994,0.0,0.0,493.3841530000005,0.0
127,0000000000000000000000000000000002000000000000000000000000000000,one_bit,3,P3_current_grid_v1,FULL_CLEAR,user_exit,15,15,1.0,,298.5969159333333,4478.953739,18824.76870566912,0.7911485999993602,cpu,0,0,15,0,0,108,99,f646560a9ee6ee2255038d24f08d28bed39916b903e10ada4d73d4781204966c,712109eb700c262b4f833a66fa1c74e414da7930b5dd50135a2254e534c273c6,582606f08e9038b9bbbadc596bb4fa861f331ee6bfdb70a5c71433bbcb022860,0,recovered_practice_engine_local,grid_v1,1566.7313399999994,2516.7566880000018,0.0,0.0,395.4657109999984,0.0
128,0000000000000000000000000000000004000000000000000000000000000000,one_bit,3,P3_current_grid_v1,FULL_CLEAR,user_exit,15,15,1.0,,308.1545961333333,4622.318942,19181.594712135953,0.8873488000008365,cpu,0,0,15,0,0,120,111,f646560a9ee6ee2255038d24f08d28bed39916b903e10ada4d73d4781204966c,07cf4482c08ace47cf4993480644d22ea2c38987682c60b58bd991dd5b70c454,582606f08e9038b9bbbadc596bb4fa861f331ee6bfdb70a5c71433bbcb022860,0,recovered_practice_engine_local,grid_v1,1852.8699899999997,2127.033306,0.0,0.0,642.4156460000006,0.0
129,0000000000000000000000000000000008000000000000000000000000000000,one_bit,3,P3_current_grid_v1,FULL_CLEAR,user_exit,10,10,1.0,,381.6664669,3816.664669,15808.32334583206,0.4893618999994942,cpu,0,0,10,0,0,102,95,f646560a9ee6ee2255038d24f08d28bed39916b903e10ada4d73d4781204966c,6bd509df4fbf77ab1e50cc68e570220222ae20bdda22249119c6a4e95bbdc6dc,582606f08e9038b9bbbadc596bb4fa861f331ee6bfdb70a5c71433bbcb022860,0,recovered_practice_engine_local,grid_v1,1960.7682009999996,1423.4058100000002,0.0,0.0,432.490658,4.547473508864641e-13
130,0000000000000000000000000000000010000000000000000000000000000000,one_bit,3,P3_current_grid_v1,FULL_CLEAR,user_exit,11,11,1.0,,360.2600832727273,3962.860916,16264.30457635288,0.49062709999998333,cpu,0,0,11,0,0,110,105,f646560a9ee6ee2255038d24f08d28bed39916b903e10ada4d73d4781204966c,50338199927481606b72e559caf6c3fdff152af3c462b3eb82e70579cfde05a2,582606f08e9038b9bbbadc596bb4fa861f331ee6bfdb70a5c71433bbcb022860,0,recovered_practice_engine_local,grid_v1,2078.2026409999994,1335.5521660000002,0.0,0.0,549.1061090000005,4.547473508864641e-13
131,0000000000000000000000000000000020000000000000000000000000000000,one_bit,3,P3_current_grid_v1,FULL_CLEAR,user_exit,11,11,1.0,,343.9319791818182,3783.251771,15106.258850278304,0.5517013999997289,cpu,0,0,11,0,0,119,112,f646560a9ee6ee2255038d24f08d28bed39916b903e10ada4d73d4781204966c,967b19496dfc38228d13efbf1e161dc066f4c4d70ff84e6d4aaed2143596bb3d,582606f08e9038b9bbbadc596bb4fa861f331ee6bfdb70a5c71433bbcb022860,0,recovered_practice_engine_local,grid_v1,1647.871129,1696.3485310000005,0.0,0.0,439.0321109999997,0.0
132,0000000000000000000000000000000040000000000000000000000000000000,one_bit,3,P3_current_grid_v1,FULL_CLEAR,user_exit,11,11,1.0,,338.3426720909091,3721.769393,15068.846980687269,0.7298743999999715,cpu,0,0,11,0,0,111,98,f646560a9ee6ee2255038d24f08d28bed39916b903e10ada4d73d4781204966c,3f48a784198988ac554216f6136421bc818b39730dbd9fdc52ab8584cae947ab,582606f08e9038b9bbbadc596bb4fa861f331ee6bfdb70a5c71433bbcb022860,0,recovered_practice_engine_local,grid_v1,1643.958654,1923.7794920000001,0.0,0.0,154.0312469999999,0.0
133,0000000000000000000000000000000080000000000000000000000000000000,one_bit,3,P3_current_grid_v1,FULL_CLEAR,user_exit,11,11,1.0,,366.796744,4034.764184,16658.820917181965,0.5016540000015084,cpu,0,0,11,0,0,109,103,f646560a9ee6ee2255038d24f08d28bed39916b903e10ada4d73d4781204966c,048f59e9debbffd17a76c2a790e475f8f191a0789bbbe6c20401c9e81077ee30,582606f08e9038b9bbbadc596bb4fa861f331ee6bfdb70a5c71433bbcb022860,0,recovered_practice_engine_local,grid_v1,1897.262216,1804.4415890000005,0.0,0.0,333.06037899999944,0.0
134,0000000000000000000000000000000100000000000000000000000000000000,one_bit,3,P3_current_grid_v1,FULL_CLEAR,user_exit,14,14,1.0,,341.4423712142857,4780.193197,19310.9659520872,0.5732509000008577,cpu,1,129,80,67,0,109,105,f646560a9ee6ee2255038d24f08d28bed39916b903e10ada4d73d4781204966c,b70a129f329b72c2211534dceed4d2ecc96403c43c6f7ceaf08e1506c48fb399,582606f08e9038b9bbbadc596bb4fa861f331ee6bfdb70a5c71433bbcb022860,0,recovered_practice_engine_local,grid_v1,1759.4420220000002,1322.3775869999997,0.0,1217.0690189999996,481.304569,0.0
135,0000000000000000000000000000000200000000000000000000000000000000,one_bit,3,P3_current_grid_v1,FULL_CLEAR,user_exit,11,11,1.0,,389.49377518181814,4284.431527,17892.15762832395,0.5950426999988849,cpu,0,0,11,0,0,110,101,f646560a9ee6ee2255038d24f08d28bed39916b903e10ada4d73d4781204966c,297d5d3dcac128ed5b7fae6675f681cfeb25defbe6668ec9d0c0454d0d1b161e,582606f08e9038b9bbbadc596bb4fa861f331ee6bfdb70a5c71433bbcb022860,0,recovered_practice_engine_local,grid_v1,2178.987749,1869.7644120000004,0.0,0.0,235.67936599999916,0.0
136,0000000000000000000000000000000400000000000000000000000000000000,one_bit,3,P3_current_grid_v1,FULL_CLEAR,user_exit,14,14,1.0,,285.5320667142857,3997.448934,16067.244675975373,0.5830769999993208,cpu,2,36,26,14,0,114,108,f646560a9ee6ee2255038d24f08d28bed39916b903e10ada4d73d4781204966c,1421859597ae6326457372beb8ad28708c0a50c137c8d9e84b5f8931ec3e79d4,582606f08e9038b9bbbadc596bb4fa861f331ee6bfdb70a5c71433bbcb022860,0,recovered_practice_engine_local,grid_v1,1658.3494190000001,1266.2372609999998,0.0,571.62743,501.23482400000023,0.0
137,0000000000000000000000000000000800000000000000000000000000000000,one_bit,3,P3_current_grid_v1,FULL_CLEAR,user_exit,13,13,1.0,,276.0123156923077,3588.160104,14260.800532143903,0.6937383000004047,cpu,0,0,13,0,0,113,106,f646560a9ee6ee2255038d24f08d28bed39916b903e10ada4d73d4781204966c,2edc420431e54afd5d67807e28bd1c26ab616f1e11964eab6210815fe302e8fb,582606f08e9038b9bbbadc596bb4fa861f331ee6bfdb70a5c71433bbcb022860,0,recovered_practice_engine_local,grid_v1,1349.611287,1743.1184800000003,0.0,0.0,495.4303369999998,0.0
138,0000000000000000000000000000001000000000000000000000000000000000,one_bit,3,P3_current_grid_v1,FULL_CLEAR,user_exit,14,14,1.0,,299.00917592857144,4186.128463,16940.642304239715,0.7147791000006691,cpu,1,12,17,4,0,121,114,f646560a9ee6ee2255038d24f08d28bed39916b903e10ada4d73d4781204966c,062acc68a8e45abfe6cc7ca1b01dc3c8c5f3820a6669683456200f55a99bf6fa,582606f08e9038b9bbbadc596bb4fa861f331ee6bfdb70a5c71433bbcb022860,0,recovered_practice_engine_local,grid_v1,1222.9005110000003,1886.9903920000002,0.0,364.2692000000002,711.9683599999996,0.0
139,0000000000000000000000000000002000000000000000000000000000000000,one_bit,3,P3_current_grid_v1,FULL_CLEAR,user_exit,15,15,1.0,,267.24845973333333,4008.726896,16453.634464212842,0.6778116000004957,cpu,0,0,15,0,0,108,103,f646560a9ee6ee2255038d24f08d28bed39916b903e10ada4d73d4781204966c,94ff58eb3a36d25f442876e074aa83f3111944d3ed7e49ddd6669e9cd61af38a,582606f08e9038b9bbbadc596bb4fa861f331ee6bfdb70a5c71433bbcb022860,0,recovered_practice_engine_local,grid_v1,1765.6225060000002,1541.5211169999998,0.0,0.0,701.5832730000004,0.0
140,0000000000000000000000000000004000000000000000000000000000000000,one_bit,3,P3_current_grid_v1,FULL_CLEAR,user_exit,14,14,1.0,,273.9270532142857,3834.978745,16044.893739217154,0.6804494000007253,cpu,0,0,14,0,0,94,86,f646560a9ee6ee2255038d24f08d28bed39916b903e10ada4d73d4781204966c,1dcc95020d63e45eaee6302fb3e57b42d0db12c7b2bbbec994af7ce5847aceb3,582606f08e9038b9bbbadc596bb4fa861f331ee6bfdb70a5c71433bbcb022860,0,recovered_practice_engine_local,grid_v1,1560.153473,1821.599759,0.0,0.0,453.2255129999999,0.0
141,0000000000000000000000000000008000000000000000000000000000000000,one_bit,3,P3_current_grid_v1,FULL_CLEAR,user_exit,14,14,1.0,,277.8702887142857,3890.184042,16000.92022047286,0.6479728000012983,cpu,0,0,14,0,0,104,100,f646560a9ee6ee2255038d24f08d28bed39916b903e10ada4d73d4781204966c,3e40d7e60dcec66a91d1a2c52af040b6626e08cbc7bebd170d02ef943149476e,582606f08e9038b9bbbadc596bb4fa861f331ee6bfdb70a5c71433bbcb022860,0,recovered_practice_engine_local,grid_v1,1720.8954340000005,1452.7714879999994,0.0,0.0,716.5171199999997,0.0
142,0000000000000000000000000000010000000000000000000000000000000000,one_bit,3,P3_current_grid_v1,FULL_CLEAR,user_exit,16,16,1.0,,271.6923018125,4347.076829,18715.38416524624,0.7684022000012192,cpu,0,0,16,0,0,89,79,f646560a9ee6ee2255038d24f08d28bed39916b903e10ada4d73d4781204966c,0627306b35cdd4f452c9511f9c30d42c85902ec1454027c8b68d0775a7c4fab7,582606f08e9038b9bbbadc596bb4fa861f331ee6bfdb70a5c71433bbcb022860,0,recovered_practice_engine_local,grid_v1,1567.8238559999998,2212.660242000001,0.0,0.0,566.5927309999993,0.0
143,0000000000000000000000000000020000000000000000000000000000000000,one_bit,3,P3_current_grid_v1,FULL_CLEAR,user_exit,12,12,1.0,,377.17175991666664,4526.061119,19345.305595562975,0.6977437999994436,cpu,0,0,12,0,0,101,92,f646560a9ee6ee2255038d24f08d28bed39916b903e10ada4d73d4781204966c,2a731fc7e0ab76c87363110a5f56294bff8b92abf532f8bd1cddcca5375c9c92,582606f08e9038b9bbbadc596bb4fa861f331ee6bfdb70a5c71433bbcb022860,0,recovered_practice_engine_local,grid_v1,2061.297238,1985.5036899999998,0.0,0.0,479.26019100000013,0.0
144,0000000000000000000000000000040000000000000000000000000000000000,one_bit,3,P3_current_grid_v1,FULL_CLEAR,user_exit,14,14,1.0,,312.6564291428571,4377.190008,18765.950028115494,0.6876164000004792,cpu,0,0,14,0,0,94,84,f646560a9ee6ee2255038d24f08d28bed39916b903e10ada4d73d4781204966c,84a4545a73712ff57229592bfc1ad4db607d8735c6d68f1ac6fe57e96c64886e,582606f08e9038b9bbbadc596bb4fa861f331ee6bfdb70a5c71433bbcb022860,0,recovered_practice_engine_local,grid_v1,1518.6182689999998,2264.175518,0.0,0.0,594.3962209999995,0.0
145,0000000000000000000000000000080000000000000000000000000000000000,one_bit,3,P3_current_grid_v1,FULL_CLEAR,user_exit,13,13,1.0,,298.6443053076923,3882.375969,15651.879842352928,0.6243362000004709,cpu,0,0,13,0,0,116,107,f646560a9ee6ee2255038d24f08d28bed39916b903e10ada4d73d4781204966c,1c35f6cae33e51f8e97fe26b79aabb80d8ff907c8e120abab1ec1beb6aa47b63,582606f08e9038b9bbbadc596bb4fa861f331ee6bfdb70a5c71433bbcb022860,0,recovered_practice_engine_local,grid_v1,1903.6028159999994,1577.9446060000002,0.0,0.0,400.8285470000005,0.0
146,0000000000000000000000000000100000000000000000000000000000000000,one_bit,3,P3_current_grid_v1,FULL_CLEAR,user_exit,13,13,1.0,,399.33625930769233,5191.371371,21346.85681215236,0.46828390000155196,cpu,1,108,94,82,0,103,99,f646560a9ee6ee2255038d24f08d28bed39916b903e10ada4d73d4781204966c,ac03eb9d7c9096ae50acba1bdd23c8fb83a047b11b30365be5813dd8683c44db,582606f08e9038b9bbbadc596bb4fa861f331ee6bfdb70a5c71433bbcb022860,0,recovered_practice_engine_local,grid_v1,2104.3234260000004,997.3003999999994,0.0,1501.4826820000003,588.2648630000001,9.094947017729282e-13
147,0000000000000000000000000000200000000000000000000000000000000000,one_bit,3,P3_current_grid_v1,FULL_CLEAR,user_exit,12,12,1.0,,319.51932816666664,3834.231938,15701.15967278046,0.5352373999994597,cpu,0,0,12,0,0,107,99,f646560a9ee6ee2255038d24f08d28bed39916b903e10ada4d73d4781204966c,3889c4883ac9bd674917373f56321de10fbadbdae3de678b35ed786f5357b745,582606f08e9038b9bbbadc596bb4fa861f331ee6bfdb70a5c71433bbcb022860,0,recovered_practice_engine_local,grid_v1,1917.119455,1334.286115,0.0,0.0,582.8263679999998,0.0
148,0000000000000000000000000000400000000000000000000000000000000000,one_bit,3,P3_current_grid_v1,FULL_CLEAR,user_exit,15,15,1.0,,299.9203490666667,4498.805236,18934.026177997974,0.726367699999173,cpu,0,0,15,0,0,107,102,f646560a9ee6ee2255038d24f08d28bed39916b903e10ada4d73d4781204966c,55a4f8714bee7b9687ddbe2fe0d7d4dfa230da4fdeae5a2dc27a1cdba657a4c6,582606f08e9038b9bbbadc596bb4fa861f331ee6bfdb70a5c71433bbcb022860,0,recovered_practice_engine_local,grid_v1,2048.9942690000003,2006.1167499999997,0.0,0.0,443.6942170000001,0.0
149,0000000000000000000000000000800000000000000000000000000000000000,one_bit,3,P3_current_grid_v1,FULL_CLEAR,user_exit,13,13,1.0,,310.88518176923077,4041.507363,16732.536814082465,0.46710990000065067,cpu,0,0,13,0,0,106,100,f646560a9ee6ee2255038d24f08d28bed39916b903e10ada4d73d4781204966c,97143308d753dbd00c96e15fa2cffaa7181c78934bf6226f15670b3c7ee1aefa,582606f08e9038b9bbbadc596bb4fa861f331ee6bfdb70a5c71433bbcb022860,0,recovered_practice_engine_local,grid_v1,1917.9694010000005,1624.6915199999994,0.0,0.0,498.84644200000025,4.547473508864641e-13
150,0000000000000000000000000001000000000000000000000000000000000000,one_bit,3,P3_current_grid_v1,FULL_CLEAR,user_exit,15,15,1.0,,489.81517840000004,7347.227676,28991.13833550704,0.7062488999999914,cpu,1,308,295,281,0,107,99,f646560a9ee6ee2255038d24f08d28bed39916b903e10ada4d73d4781204966c,45c0a3f24d29ce1e93255ad68232acb202f30a77b695c55657063cb538a12bcc,582606f08e9038b9bbbadc596bb4fa861f331ee6bfdb70a5c71433bbcb022860,0,recovered_practice_engine_local,grid_v1,1616.1529309999999,1688.0499249999993,0.0,3480.978026,562.046794000001,9.094947017729282e-13
151,0000000000000000000000000002000000000000000000000000000000000000,one_bit,3,P3_current_grid_v1,FULL_CLEAR,user_exit,10,10,1.0,,396.3641846,3963.641846,16163.209232959662,0.5732969999990019,cpu,0,0,10,0,0,115,106,f646560a9ee6ee2255038d24f08d28bed39916b903e10ada4d73d4781204966c,abe3c9017e3e35d0623a97684f060a3722417c63f0d5eee3b32a83229eebd287,582606f08e9038b9bbbadc596bb4fa861f331ee6bfdb70a5c71433bbcb022860,0,recovered_practice_engine_local,grid_v1,1817.485641,1820.7917699999996,0.0,0.0,325.3644350000004,0.0
152,0000000000000000000000000004000000000000000000000000000000000000,one_bit,3,P3_current_grid_v1,FULL_CLEAR,user_exit,13,13,1.0,,281.9046005384615,3664.759807,14418.799032595232,0.630735700000514,cpu,0,0,13,0,0,120,116,f646560a9ee6ee2255038d24f08d28bed39916b903e10ada4d73d4781204966c,3199b94af883b4f65ffb7e758ab64f34cc782c8ea0309929ba9b7f6d472db7d1,582606f08e9038b9bbbadc596bb4fa861f331ee6bfdb70a5c71433bbcb022860,0,recovered_practice_engine_local,grid_v1,1435.4639949999998,1520.088342,0.0,0.0,709.2074700000003,4.547473508864641e-13
153,0000000000000000000000000008000000000000000000000000000000000000,one_bit,3,P3_current_grid_v1,FULL_CLEAR,user_exit,11,11,1.0,,309.0242152727273,3399.266368,13261.331838730017,0.5703192000000854,cpu,0,0,11,0,0,116,112,f646560a9ee6ee2255038d24f08d28bed39916b903e10ada4d73d4781204966c,21bedd81b4cf591f2eecaed27c3737ff8879931119e110975e6c5f23a8b41d63,582606f08e9038b9bbbadc596bb4fa861f331ee6bfdb70a5c71433bbcb022860,0,recovered_practice_engine_local,grid_v1,1595.339316,1360.6902139999995,0.0,0.0,443.2368380000005,4.547473508864641e-13
154,0000000000000000000000000010000000000000000000000000000000000000,one_bit,3,P3_current_grid_v1,FULL_CLEAR,user_exit,13,13,1.0,,330.6235403076923,4298.106024,18130.53012331202,0.7238173999994615,cpu,0,0,13,0,0,103,92,f646560a9ee6ee2255038d24f08d28bed39916b903e10ada4d73d4781204966c,70041f064a188a294bc9b88e3861529f1f5c369cbb7e4210b2729619941e4372,582606f08e9038b9bbbadc596bb4fa861f331ee6bfdb70a5c71433bbcb022860,0,recovered_practice_engine_local,grid_v1,1932.0424540000004,1933.2812700000004,0.0,0.0,432.7822999999989,0.0
155,0000000000000000000000000020000000000000000000000000000000000000,one_bit,3,P3_current_grid_v1,FULL_CLEAR,user_exit,16,16,1.0,,279.148263375,4466.372214,18986.86108413831,0.674106299999039,cpu,1,20,22,7,0,96,91,f646560a9ee6ee2255038d24f08d28bed39916b903e10ada4d73d4781204966c,49fa5eafb71ede4cbee94de983174afbddf1af57a39c2cd292b50cc18f3db3a4,582606f08e9038b9bbbadc596bb4fa861f331ee6bfdb70a5c71433bbcb022860,0,recovered_practice_engine_local,grid_v1,1621.8297479999997,1856.3032559999997,0.0,423.32284900000013,564.9163610000005,0.0
156,0000000000000000000000000040000000000000000000000000000000000000,one_bit,3,P3_current_grid_v1,FULL_CLEAR,user_exit,14,14,1.0,,327.9853194285714,4591.794472,19318.972358505478,1.0922822000011365,cpu,0,0,14,0,0,112,98,f646560a9ee6ee2255038d24f08d28bed39916b903e10ada4d73d4781204966c,1b3f514687ab41b9cd64006f8abf7a985b3279cc4fa6d5c4e95cb01be311c2bb,582606f08e9038b9bbbadc596bb4fa861f331ee6bfdb70a5c71433bbcb022860,0,recovered_practice_engine_local,grid_v1,1710.937395,2638.693615999999,0.0,0.0,242.1634610000006,9.094947017729282e-13
157,0000000000000000000000000080000000000000000000000000000000000000,one_bit,3,P3_current_grid_v1,FULL_CLEAR,user_exit,12,12,1.0,,340.19044791666664,4082.285375,17191.426878382033,0.6503907999995135,cpu,0,0,12,0,0,99,89,f646560a9ee6ee2255038d24f08d28bed39916b903e10ada4d73d4781204966c,5dda1b34f2a748463c901a084c41bf166cf83bcd30a3ee4a96c3665b72c12230,582606f08e9038b9bbbadc596bb4fa861f331ee6bfdb70a5c71433bbcb022860,0,recovered_practice_engine_local,grid_v1,2128.480072,1491.6839660000003,0.0,0.0,462.12133699999987,0.0
158,0000000000000000000000000100000000000000000000000000000000000000,one_bit,3,P3_current_grid_v1,FULL_CLEAR,user_exit,13,13,1.0,,312.26821638461536,4059.486813,16722.434074987334,0.7307435000002442,cpu,0,0,13,0,0,110,100,f646560a9ee6ee2255038d24f08d28bed39916b903e10ada4d73d4781204966c,4b9a77152d31c22accf4b4266a732d48cdf6c29ebcbcda4d49f602c2b6c0dc5b,582606f08e9038b9bbbadc596bb4fa861f331ee6bfdb70a5c71433bbcb022860,0,recovered_practice_engine_local,grid_v1,1706.1094569999998,2079.5775889999995,0.0,0.0,273.79976700000066,4.547473508864641e-13
159,0000000000000000000000000200000000000000000000000000000000000000,one_bit,3,P3_current_grid_v1,FULL_CLEAR,user_exit,15,15,1.0,,288.19260546666663,4322.889082,18199.44541173584,0.7670319999997446,cpu,1,20,24,10,0,98,91,f646560a9ee6ee2255038d24f08d28bed39916b903e10ada4d73d4781204966c,9e5981ab9c3424855f3e96cce84ffd3aa93f4cde990a5bd4366fc0ff854dbda5,582606f08e9038b9bbbadc596bb4fa861f331ee6bfdb70a5c71433bbcb022860,0,recovered_practice_engine_local,grid_v1,1436.3168299999993,2162.4580130000004,0.0,405.9426569999996,318.17158200000046,0.0
160,0000000000000000000000000400000000000000000000000000000000000000,one_bit,3,P3_current_grid_v1,FULL_CLEAR,user_exit,11,11,1.0,,340.2909931818182,3743.200925,15416.004628258357,0.4818233000005421,cpu,0,0,11,0,0,102,95,f646560a9ee6ee2255038d24f08d28bed39916b903e10ada4d73d4781204966c,d2097c9baa430b29bbe86dffbc79698fe2c085016ea574d7b909b0a8b3f79f1e,582606f08e9038b9bbbadc596bb4fa861f331ee6bfdb70a5c71433bbcb022860,0,recovered_practice_engine_local,grid_v1,1911.808131,1441.4997699999997,0.0,0.0,389.8930240000003,0.0
161,0000000000000000000000000800000000000000000000000000000000000000,one_bit,3,P3_current_grid_v1,FULL_CLEAR,user_exit,16,16,1.0,,290.742417125,4651.878674,20004.393379936675,0.9673424000011437,cpu,0,0,16,0,0,97,86,f646560a9ee6ee2255038d24f08d28bed39916b903e10ada4d73d4781204966c,6dc8f1564ce6b66cb93412e8f6b5f6fa3abb62002a5a2fb6bbe1bc650b016fa2,582606f08e9038b9bbbadc596bb4fa861f331ee6bfdb70a5c71433bbcb022860,0,recovered_practice_engine_local,grid_v1,1902.3682820000006,2273.045267999999,0.0,0.0,476.46512400000006,0.0
162,0000000000000000000000001000000000000000000000000000000000000000,one_bit,3,P3_current_grid_v1,FULL_CLEAR,user_exit,11,11,1.0,,407.01245827272726,4477.137041,18975.685195009988,0.6283189000005223,cpu,0,0,11,0,0,106,97,f646560a9ee6ee2255038d24f08d28bed39916b903e10ada4d73d4781204966c,fc3212c003519221419dc1360d44055c4b1a1ab5a8e579c5a2f46c35d2cb4a11,582606f08e9038b9bbbadc596bb4fa861f331ee6bfdb70a5c71433bbcb022860,0,recovered_practice_engine_local,grid_v1,2341.9090399999995,1702.868983000001,0.0,0.0,432.3590179999991,0.0
163,0000000000000000000000002000000000000000000000000000000000000000,one_bit,3,P3_current_grid_v1,FULL_CLEAR,user_exit,11,11,1.0,,346.91548690909093,3816.070356,15365.351780745792,0.5788520000005519,cpu,0,0,11,0,0,116,108,f646560a9ee6ee2255038d24f08d28bed39916b903e10ada4d73d4781204966c,3876b99d54d667cc8532c1399f59ac09ea0c085fb2ddb10d41b5661908ba0b43,582606f08e9038b9bbbadc596bb4fa861f331ee6bfdb70a5c71433bbcb022860,0,recovered_practice_engine_local,grid_v1,1456.8599869999998,1889.289006,0.0,0.0,469.92136300000016,0.0
164,0000000000000000000000004000000000000000000000000000000000000000,one_bit,3,P3_current_grid_v1,FULL_CLEAR,user_exit,11,11,1.0,,368.2681711818182,4050.949883,16359.749415055412,0.6511991999996098,cpu,0,0,11,0,0,122,114,f646560a9ee6ee2255038d24f08d28bed39916b903e10ada4d73d4781204966c,b5aea53bdd7db334525f015f82821e7be5ad2721901c1c996b4e04ad7899ad44,582606f08e9038b9bbbadc596bb4fa861f331ee6bfdb70a5c71433bbcb022860,0,recovered_practice_engine_local,grid_v1,1853.5020640000002,1826.7511130000007,0.0,0.0,370.6967059999993,0.0
165,0000000000000000000000008000000000000000000000000000000000000000,one_bit,3,P3_current_grid_v1,FULL_CLEAR,user_exit,15,15,1.0,,271.8607982666667,4077.911974,16659.559866442934,0.6824190999996063,cpu,1,16,24,10,0,108,104,f646560a9ee6ee2255038d24f08d28bed39916b903e10ada4d73d4781204966c,81a2fdac9a10439f0dfb7048d3c972db76b572569ee574b674a9828b1737f158,582606f08e9038b9bbbadc596bb4fa861f331ee6bfdb70a5c71433bbcb022860,0,recovered_practice_engine_local,grid_v1,1209.2382229999998,1940.8351539999999,0.0,393.144996,534.6936010000002,4.547473508864641e-13
166,0000000000000000000000010000000000000000000000000000000000000000,one_bit,3,P3_current_grid_v1,FULL_CLEAR,user_exit,10,10,1.0,,386.7824233,3867.824233,15569.12116144872,0.3911080000016227,cpu,0,0,10,0,0,118,114,f646560a9ee6ee2255038d24f08d28bed39916b903e10ada4d73d4781204966c,f9ca36c0e13558151008682eafb2ff2603ff844ebb3aa3ae7ad8da1868a919a0,582606f08e9038b9bbbadc596bb4fa861f331ee6bfdb70a5c71433bbcb022860,0,recovered_practice_engine_local,grid_v1,1990.7699059999998,1600.248082,0.0,0.0,276.8062450000001,0.0
167,0000000000000000000000020000000000000000000000000000000000000000,one_bit,3,P3_current_grid_v1,FULL_CLEAR,user_exit,12,12,1.0,,314.9974045,3779.968854,14984.844272308877,0.5233236999993096,cpu,0,0,12,0,0,121,118,f646560a9ee6ee2255038d24f08d28bed39916b903e10ada4d73d4781204966c,c645b95af6928b5a0c4a9fd4b5e45328882184dc5e440091d926077f80db2304,582606f08e9038b9bbbadc596bb4fa861f331ee6bfdb70a5c71433bbcb022860,0,recovered_practice_engine_local,grid_v1,1748.6725070000005,1580.6436770000005,0.0,0.0,450.65266999999926,4.547473508864641e-13
168,0000000000000000000000040000000000000000000000000000000000000000,one_bit,3,P3_current_grid_v1,FULL_CLEAR,user_exit,11,11,1.0,,354.75100636363635,3902.26107,15646.305341341445,0.67780219999986,cpu,0,0,11,0,0,121,113,f646560a9ee6ee2255038d24f08d28bed39916b903e10ada4d73d4781204966c,9a5605690546cd70d6cca7e8ac094576db07871c19d6ffb29f7cb2f471ce5a78,582606f08e9038b9bbbadc596bb4fa861f331ee6bfdb70a5c71433bbcb022860,0,recovered_practice_engine_local,grid_v1,1908.786431,1672.6841560000007,0.0,0.0,320.7904829999995,0.0
169,0000000000000000000000080000000000000000000000000000000000000000,one_bit,3,P3_current_grid_v1,FULL_CLEAR,user_exit,13,13,1.0,,283.35169515384615,3683.572037,14672.860177745102,0.5374281000003975,cpu,0,0,13,0,0,115,109,f646560a9ee6ee2255038d24f08d28bed39916b903e10ada4d73d4781204966c,376fd8a42294c6b7be517f40462e95bed3d22b280ae45061ac1b8d9bf4be5496,582606f08e9038b9bbbadc596bb4fa861f331ee6bfdb70a5c71433bbcb022860,0,recovered_practice_engine_local,grid_v1,1719.2781420000001,1420.6579299999999,0.0,0.0,543.6359649999999,0.0
170,0000000000000000000000100000000000000000000000000000000000000000,one_bit,3,P3_current_grid_v1,FULL_CLEAR,user_exit,15,15,1.0,,234.36654793333335,3515.498219,13782.491106333162,0.6737921999992977,cpu,0,0,15,0,0,115,109,f646560a9ee6ee2255038d24f08d28bed39916b903e10ada4d73d4781204966c,7d645f36f8c849a22e36c3ce3d18e9e26cabde9bc28303202f253ecaf852d844,582606f08e9038b9bbbadc596bb4fa861f331ee6bfdb70a5c71433bbcb022860,0,recovered_practice_engine_local,grid_v1,1200.8885039999996,1693.8026890000008,0.0,0.0,620.8070259999996,0.0
171,0000000000000000000000200000000000000000000000000000000000000000,one_bit,3,P3_current_grid_v1,FULL_CLEAR,user_exit,10,10,1.0,,396.980321,3969.80321,15749.016070085974,0.415194999999585,cpu,1,111,24,15,0,122,118,f646560a9ee6ee2255038d24f08d28bed39916b903e10ada4d73d4781204966c,26a3914ecd618728b6493816ee2d2a9a73925d9ffb2b612197881b62f886747c,582606f08e9038b9bbbadc596bb4fa861f331ee6bfdb70a5c71433bbcb022860,0,recovered_practice_engine_local,grid_v1,1720.091872,1342.667076,0.0,600.0141910000002,307.0300709999999,0.0
172,0000000000000000000000400000000000000000000000000000000000000000,one_bit,3,P3_current_grid_v1,FULL_CLEAR,user_exit,11,11,1.0,,346.66747927272723,3813.342272,15551.711370212206,0.6057951999991928,cpu,0,0,11,0,0,109,103,f646560a9ee6ee2255038d24f08d28bed39916b903e10ada4d73d4781204966c,5ce0fc9c6d57f610976eb198ed5de9cf1d79c2b590fa424f270698c539b7300f,582606f08e9038b9bbbadc596bb4fa861f331ee6bfdb70a5c71433bbcb022860,0,recovered_practice_engine_local,grid_v1,1865.6918020000003,1341.4888869999997,0.0,0.0,606.1615829999998,0.0
173,0000000000000000000000800000000000000000000000000000000000000000,one_bit,3,P3_current_grid_v1,FULL_CLEAR,user_exit,14,14,1.0,,306.3958505,4289.541907,17942.70953804977,0.6180420000000595,cpu,0,0,14,0,0,106,101,f646560a9ee6ee2255038d24f08d28bed39916b903e10ada4d73d4781204966c,9a00b48f536dca5089f3099dab39b75e7cffcd7b0e6546abe7625f26690d6287,582606f08e9038b9bbbadc596bb4fa861f331ee6bfdb70a5c71433bbcb022860,0,recovered_practice_engine_local,grid_v1,1766.7231849999991,1965.4544400000011,0.0,0.0,557.3642819999997,0.0
174,0000000000000000000001000000000000000000000000000000000000000000,one_bit,3,P3_current_grid_v1,FULL_CLEAR,user_exit,15,15,1.0,,283.9517661333333,4259.276492,17996.38246005553,0.7871724000015092,cpu,0,0,15,0,0,99,90,f646560a9ee6ee2255038d24f08d28bed39916b903e10ada4d73d4781204966c,7b23686a112f5686f4b5079ede0a8a8364856e7c8d3074ca3e45eafb4cc35fa4,582606f08e9038b9bbbadc596bb4fa861f331ee6bfdb70a5c71433bbcb022860,0,recovered_practice_engine_local,grid_v1,1837.308,1872.0088730000004,0.0,0.0,549.9596189999995,0.0
175,0000000000000000000002000000000000000000000000000000000000000000,one_bit,3,P3_current_grid_v1,FULL_CLEAR,user_exit,14,14,1.0,,283.04173885714283,3962.584344,15982.92171228867,0.6452991999994993,cpu,0,0,14,0,0,117,111,f646560a9ee6ee2255038d24f08d28bed39916b903e10ada4d73d4781204966c,0377c6a2f99f2ab9d0c963ce272d2051473c23fdaa587ef46bd461fd6e05e78e,582606f08e9038b9bbbadc596bb4fa861f331ee6bfdb70a5c71433bbcb022860,0,recovered_practice_engine_local,grid_v1,1685.2622920000006,1713.0796079999993,0.0,0.0,564.242444,0.0
176,0000000000000000000004000000000000000000000000000000000000000000,one_bit,3,P3_current_grid_v1,FULL_CLEAR,user_exit,15,15,1.0,,280.0003719333333,4200.005579,17665.027895616295,0.7165007999992667,cpu,0,0,15,0,0,100,92,f646560a9ee6ee2255038d24f08d28bed39916b903e10ada4d73d4781204966c,269ee940d33b2c22b4d0e666103a74977819d2c068ef46e11b745df0ded18304,582606f08e9038b9bbbadc596bb4fa861f331ee6bfdb70a5c71433bbcb022860,0,recovered_practice_engine_local,grid_v1,1723.602471,1771.5304410000003,0.0,0.0,704.8726669999992,9.094947017729282e-13
177,0000000000000000000008000000000000000000000000000000000000000000,one_bit,3,P3_current_grid_v1,FULL_CLEAR,user_exit,10,10,1.0,,336.2418164,3362.418164,13447.090813472405,0.4564778000003571,cpu,0,0,10,0,0,105,98,f646560a9ee6ee2255038d24f08d28bed39916b903e10ada4d73d4781204966c,9a13bc75002a665db8641176f24bde9fd20c23f3748f4f24f6395e8a974794dd,582606f08e9038b9bbbadc596bb4fa861f331ee6bfdb70a5c71433bbcb022860,0,recovered_practice_engine_local,grid_v1,1889.0483559999998,1165.4843310000006,0.0,0.0,307.88547699999987,0.0
178,0000000000000000000010000000000000000000000000000000000000000000,one_bit,3,P3_current_grid_v1,FULL_CLEAR,user_exit,11,11,1.0,,390.14256145454544,4291.568176,17952.84087076578,0.655056900001,cpu,0,0,11,0,0,109,101,f646560a9ee6ee2255038d24f08d28bed39916b903e10ada4d73d4781204966c,92004f1c3cccc3fcbe77a870f307272827fa0d751617e5588c4e177f7eafe3b9,582606f08e9038b9bbbadc596bb4fa861f331ee6bfdb70a5c71433bbcb022860,0,recovered_practice_engine_local,grid_v1,1755.5461360000002,2177.29575,0.0,0.0,358.72628999999966,0.0
179,0000000000000000000020000000000000000000000000000000000000000000,one_bit,3,P3_current_grid_v1,FULL_CLEAR,user_exit,10,10,1.0,,352.5454628,3525.454628,14012.273151399138,0.6739794999994047,cpu,0,0,10,0,0,114,103,f646560a9ee6ee2255038d24f08d28bed39916b903e10ada4d73d4781204966c,9e5e0537b81ae4ad74a737f5534c67448c3a3eded7b86602d98f1dcff175f880,582606f08e9038b9bbbadc596bb4fa861f331ee6bfdb70a5c71433bbcb022860,0,recovered_practice_engine_local,grid_v1,1584.611774,1666.952283,0.0,0.0,273.89057099999997,0.0
180,0000000000000000000040000000000000000000000000000000000000000000,one_bit,3,P3_current_grid_v1,FULL_CLEAR,user_exit,10,10,1.0,,379.30505750000003,3793.050575,15575.252881361988,0.5650528000005579,cpu,0,0,10,0,0,106,98,f646560a9ee6ee2255038d24f08d28bed39916b903e10ada4d73d4781204966c,710587e3944fa75b059d55218a4bb6e0c51427f0ea9edf203196c42bcc4956a9,582606f08e9038b9bbbadc596bb4fa861f331ee6bfdb70a5c71433bbcb022860,0,recovered_practice_engine_local,grid_v1,2028.2731250000006,1426.3984710000002,0.0,0.0,338.3789789999993,0.0
181,0000000000000000000080000000000000000000000000000000000000000000,one_bit,3,P3_current_grid_v1,FULL_CLEAR,user_exit,13,13,1.0,,315.81820053846155,4105.636607,17198.18301787918,0.7493288000005123,cpu,0,0,13,0,0,102,91,f646560a9ee6ee2255038d24f08d28bed39916b903e10ada4d73d4781204966c,ab2aa8ce22a35dfdbcf77b4799809e7150c3a9afae04cb10c6be5e9046e6f688,582606f08e9038b9bbbadc596bb4fa861f331ee6bfdb70a5c71433bbcb022860,0,recovered_practice_engine_local,grid_v1,1959.1925400000002,1830.9927510000005,0.0,0.0,315.4513159999996,0.0
182,0000000000000000000100000000000000000000000000000000000000000000,one_bit,3,P3_current_grid_v1,FULL_CLEAR,user_exit,13,13,1.0,,346.6860056153846,4506.918073,19294.590363932977,0.7585675999998784,cpu,0,0,13,0,0,99,88,f646560a9ee6ee2255038d24f08d28bed39916b903e10ada4d73d4781204966c,22831fcf7dad49b0c8748593f4697a3c7483883b170e8aa6b2190329d9224d0b,582606f08e9038b9bbbadc596bb4fa861f331ee6bfdb70a5c71433bbcb022860,0,recovered_practice_engine_local,grid_v1,1858.3226359999992,2364.2980510000007,0.0,0.0,284.29738600000036,0.0
183,0000000000000000000200000000000000000000000000000000000000000000,one_bit,3,P3_current_grid_v1,FULL_CLEAR,user_exit,13,13,1.0,,352.00664330769234,4576.086363,18320.431815016684,0.6811674000000494,cpu,1,120,74,62,0,112,104,f646560a9ee6ee2255038d24f08d28bed39916b903e10ada4d73d4781204966c,2d1be96a8a45c3ba6b0b135800ae187c7a7df0582c3d4398195da26a8d9f1b9c,582606f08e9038b9bbbadc596bb4fa861f331ee6bfdb70a5c71433bbcb022860,0,recovered_practice_engine_local,grid_v1,1877.1313370000007,1708.669918,0.0,750.6514780000002,239.6336299999994,0.0
184,0000000000000000000400000000000000000000000000000000000000000000,one_bit,3,P3_current_grid_v1,FULL_CLEAR,user_exit,10,10,1.0,,372.6530808,3726.530808,14967.654039428935,0.5881969000001845,cpu,0,0,10,0,0,115,108,f646560a9ee6ee2255038d24f08d28bed39916b903e10ada4d73d4781204966c,3f580acd6d214fa3401fdd8da1f36689295a52f3933cfde2691fb2bcfc266931,582606f08e9038b9bbbadc596bb4fa861f331ee6bfdb70a5c71433bbcb022860,0,recovered_practice_engine_local,grid_v1,1672.3676580000001,1730.6026210000002,0.0,0.0,323.5605289999996,4.547473508864641e-13
185,0000000000000000000800000000000000000000000000000000000000000000,one_bit,3,P3_current_grid_v1,FULL_CLEAR,user_exit,15,15,1.0,,424.9573644,6374.360466,26451.802293406417,0.7302626999990025,cpu,1,114,112,98,0,121,113,f646560a9ee6ee2255038d24f08d28bed39916b903e10ada4d73d4781204966c,17d08671696dd24c530c47b3ddd316e864df313eda82ba4d8ed08d12827f59d5,582606f08e9038b9bbbadc596bb4fa861f331ee6bfdb70a5c71433bbcb022860,0,recovered_practice_engine_local,grid_v1,1426.6827039999998,2254.771755999999,0.0,2387.3148680000004,305.5911380000007,0.0
186,0000000000000000001000000000000000000000000000000000000000000000,one_bit,3,P3_current_grid_v1,FULL_CLEAR,user_exit,14,14,1.0,,306.1532107142857,4286.14495,17810.724743215804,0.853129799999806,cpu,0,0,14,0,0,111,99,f646560a9ee6ee2255038d24f08d28bed39916b903e10ada4d73d4781204966c,8c3951e0994096a4f21cd01c920e554a5cd540f09cb42b05b4e7be8ec1b2cef2,582606f08e9038b9bbbadc596bb4fa861f331ee6bfdb70a5c71433bbcb022860,0,recovered_practice_engine_local,grid_v1,1546.4475810000001,2256.1763950000004,0.0,0.0,483.5209739999993,0.0
187,0000000000000000002000000000000000000000000000000000000000000000,one_bit,3,P3_current_grid_v1,FULL_CLEAR,user_exit,14,14,1.0,,305.7642538571428,4280.699554,17793.497752844058,0.7068080000008194,cpu,0,0,14,0,0,110,102,f646560a9ee6ee2255038d24f08d28bed39916b903e10ada4d73d4781204966c,8fb5387eb14a9fea1e8c2da1fd4fbab4e4d4b4e0f7c56ccf9ebb939811b6c866,582606f08e9038b9bbbadc596bb4fa861f331ee6bfdb70a5c71433bbcb022860,0,recovered_practice_engine_local,grid_v1,1731.3445619999998,1942.742352999999,0.0,0.0,606.6126390000009,0.0
188,0000000000000000004000000000000000000000000000000000000000000000,one_bit,3,P3_current_grid_v1,FULL_CLEAR,user_exit,10,10,1.0,,304.7739493,3047.739493,11238.69747265752,0.5287415000002511,cpu,0,0,10,0,0,126,120,f646560a9ee6ee2255038d24f08d28bed39916b903e10ada4d73d4781204966c,40035bc2edf21b4605fb45f15d910a21fd3177c431acd6d4532b8b49b763f008,582606f08e9038b9bbbadc596bb4fa861f331ee6bfdb70a5c71433bbcb022860,0,recovered_practice_engine_local,grid_v1,1565.2897679999992,1078.2881579999998,0.0,0.0,404.1615670000009,0.0
189,0000000000000000008000000000000000000000000000000000000000000000,one_bit,3,P3_current_grid_v1,FULL_CLEAR,user_exit,10,10,1.0,,362.34578270000003,3623.457827,14702.289135718287,0.5529661000000488,cpu,0,0,10,0,0,107,98,f646560a9ee6ee2255038d24f08d28bed39916b903e10ada4d73d4781204966c,9d2b6a2eb070be317c34fee048a845caf45917b567b293911ed5441f253b946d,582606f08e9038b9bbbadc596bb4fa861f331ee6bfdb70a5c71433bbcb022860,0,recovered_practice_engine_local,grid_v1,1940.3692380000005,1342.0418139999997,0.0,0.0,341.046775,0.0
190,0000000000000000010000000000000000000000000000000000000000000000,one_bit,3,P3_current_grid_v1,FULL_CLEAR,user_exit,12,12,1.0,,350.9415986666667,4211.299184,16921.49591936306,0.6814586999989842,cpu,0,0,12,0,0,129,122,f646560a9ee6ee2255038d24f08d28bed39916b903e10ada4d73d4781204966c,8b8e865d9fc108e481d3831fdc0d40de42e71775f5ecf24716c7739e2db69e29,582606f08e9038b9bbbadc596bb4fa861f331ee6bfdb70a5c71433bbcb022860,0,recovered_practice_engine_local,grid_v1,1700.5758589999996,2256.851338,0.0,0.0,253.8719870000008,0.0
191,0000000000000000020000000000000000000000000000000000000000000000,one_bit,3,P3_current_grid_v1,FULL_CLEAR,user_exit,16,16,1.0,,256.8646346875,4109.834155,17164.170773897447,0.7027461999987281,cpu,0,0,16,0,0,100,97,f646560a9ee6ee2255038d24f08d28bed39916b903e10ada4d73d4781204966c,f8c894bfa6aa402763adfa576421402cf44aebeeb734c17705e278c4c4eb2505,582606f08e9038b9bbbadc596bb4fa861f331ee6bfdb70a5c71433bbcb022860,0,recovered_practice_engine_local,grid_v1,1418.502297,1872.4018780000001,0.0,0.0,818.9299799999992,0.0
192,0000000000000000040000000000000000000000000000000000000000000000,one_bit,3,P3_current_grid_v1,FULL_CLEAR,user_exit,12,12,1.0,,358.5681853333333,4302.818224,17934.09112272865,0.7855887999994593,cpu,0,0,12,0,0,111,101,f646560a9ee6ee2255038d24f08d28bed39916b903e10ada4d73d4781204966c,4094a827203472f5cd8a0eefb2a6ab99c9aa01cc78a6d3ed0659299b88855c9a,582606f08e9038b9bbbadc596bb4fa861f331ee6bfdb70a5c71433bbcb022860,0,recovered_practice_engine_local,grid_v1,1602.6436449999994,2119.450243,0.0,0.0,580.7243360000003,0.0
193,0000000000000000080000000000000000000000000000000000000000000000,one_bit,3,P3_current_grid_v1,FULL_CLEAR,user_exit,14,14,1.0,,321.20123778571434,4496.817329,19089.086636187676,0.6909794000002876,cpu,0,0,14,0,0,103,94,f646560a9ee6ee2255038d24f08d28bed39916b903e10ada4d73d4781204966c,b8d9aa3c6ece39d210987dc3aff4d76207f283290028e0845decf4ef7d954a98,582606f08e9038b9bbbadc596bb4fa861f331ee6bfdb70a5c71433bbcb022860,0,recovered_practice_engine_local,grid_v1,2009.7492869999999,1971.9900209999996,0.0,0.0,515.0780210000007,9.094947017729282e-13
194,0000000000000000100000000000000000000000000000000000000000000000,one_bit,3,P3_current_grid_v1,FULL_CLEAR,user_exit,16,16,1.0,,303.843049625,4861.488794,20602.443971881083,0.9181687000000238,cpu,0,0,16,0,0,112,101,f646560a9ee6ee2255038d24f08d28bed39916b903e10ada4d73d4781204966c,3e3aa9c640eb6738eb85bc0b832cc5f3577c0865731a5ac35d2576ad5b77022b,582606f08e9038b9bbbadc596bb4fa861f331ee6bfdb70a5c71433bbcb022860,0,recovered_practice_engine_local,grid_v1,2108.3888500000003,2451.5055190000003,0.0,0.0,301.5944249999999,9.094947017729282e-13
195,0000000000000000200000000000000000000000000000000000000000000000,one_bit,3,P3_current_grid_v1,FULL_CLEAR,user_exit,15,15,1.0,,257.685188,3865.27782,15511.38907759367,0.7833080000000336,cpu,0,0,15,0,0,116,108,f646560a9ee6ee2255038d24f08d28bed39916b903e10ada4d73d4781204966c,bacf69a974122b98629e96ef2acc4662c80744dc36c3c6a30654b8752bcc0a43,582606f08e9038b9bbbadc596bb4fa861f331ee6bfdb70a5c71433bbcb022860,0,recovered_practice_engine_local,grid_v1,1399.1044729999994,1821.013163,0.0,0.0,645.1601840000003,0.0
196,0000000000000000400000000000000000000000000000000000000000000000,one_bit,3,P3_current_grid_v1,FULL_CLEAR,user_exit,15,15,1.0,,282.9891566,4244.837349,17949.18673336775,0.6697147999984736,cpu,0,0,15,0,0,98,90,f646560a9ee6ee2255038d24f08d28bed39916b903e10ada4d73d4781204966c,4fc50304c147a81daf3c746b159e3331a3b427b64e6a96824100f442542df28e,582606f08e9038b9bbbadc596bb4fa861f331ee6bfdb70a5c71433bbcb022860,0,recovered_practice_engine_local,grid_v1,1797.168482000001,1712.8345680000002,0.0,0.0,734.8342989999991,0.0
197,0000000000000000800000000000000000000000000000000000000000000000,one_bit,3,P3_current_grid_v1,FULL_CLEAR,user_exit,12,12,1.0,,382.74578191666666,4592.949383,19394.74691906243,0.772382999999536,cpu,0,0,12,0,0,111,99,f646560a9ee6ee2255038d24f08d28bed39916b903e10ada4d73d4781204966c,b43f6e33f087b3dee79b9df14c5f4d8d6c7948a45d34ca22fa44e980b82452b8,582606f08e9038b9bbbadc596bb4fa861f331ee6bfdb70a5c71433bbcb022860,0,recovered_practice_engine_local,grid_v1,1899.8007990000003,2494.9782280000004,0.0,0.0,198.17035599999957,0.0
198,0000000000000001000000000000000000000000000000000000000000000000,one_bit,3,P3_current_grid_v1,FULL_CLEAR,user_exit,11,11,1.0,,304.7330048181818,3352.063053,12855.315265122434,0.5255632000007608,cpu,0,0,11,0,0,122,116,f646560a9ee6ee2255038d24f08d28bed39916b903e10ada4d73d4781204966c,22c42b53deb8f90816c6019e54964670145deadd004ab954c23042b833d47e8a,582606f08e9038b9bbbadc596bb4fa861f331ee6bfdb70a5c71433bbcb022860,0,recovered_practice_engine_local,grid_v1,1592.5936060000004,1422.307105,0.0,0.0,337.16234199999946,0.0
199,0000000000000002000000000000000000000000000000000000000000000000,one_bit,3,P3_current_grid_v1,FULL_CLEAR,user_exit,13,13,1.0,,337.8226366153846,4391.694276,18623.471366308273,0.7049762999995437,cpu,0,0,13,0,0,102,92,f646560a9ee6ee2255038d24f08d28bed39916b903e10ada4d73d4781204966c,ad9a95a4dd275d8d8f039bfa20f5d7a1654d6cdc17e2d71a37cebdea3a54929b,582606f08e9038b9bbbadc596bb4fa861f331ee6bfdb70a5c71433bbcb022860,0,recovered_practice_engine_local,grid_v1,1697.1660329999995,2283.1577140000004,0.0,0.0,411.37052900000026,0.0
200,0000000000000004000000000000000000000000000000000000000000000000,one_bit,3,P3_current_grid_v1,FULL_CLEAR,user_exit,12,12,1.0,,298.2772568333333,3579.327082,14241.635408472852,0.4943121999986033,cpu,0,0,12,0,0,113,106,f646560a9ee6ee2255038d24f08d28bed39916b903e10ada4d73d4781204966c,64c779c8b2e6d0ad25450287f1fcecc0063d658feaba05c443da4ecec81f59c4,582606f08e9038b9bbbadc596bb4fa861f331ee6bfdb70a5c71433bbcb022860,0,recovered_practice_engine_local,grid_v1,1616.176177,1487.0242599999997,0.0,0.0,476.1266450000002,0.0
201,0000000000000008000000000000000000000000000000000000000000000000,one_bit,3,P3_current_grid_v1,FULL_CLEAR,user_exit,16,16,1.0,,259.62868275,4154.058924,17100.29462082252,0.56392120000055,cpu,0,0,16,0,0,110,104,f646560a9ee6ee2255038d24f08d28bed39916b903e10ada4d73d4781204966c,2e05e22b14c1defc62d85e5474bd891b4e8232d70584a9de3f5064933870c8e6,582606f08e9038b9bbbadc596bb4fa861f331ee6bfdb70a5c71433bbcb022860,0,recovered_practice_engine_local,grid_v1,1722.2692370000002,1632.7130669999992,0.0,0.0,799.0766200000005,0.0
202,0000000000000010000000000000000000000000000000000000000000000000,one_bit,3,P3_current_grid_v1,FULL_CLEAR,user_exit,10,10,1.0,,371.5856552,3715.856552,14924.282753029198,0.6244335999999748,cpu,0,0,10,0,0,115,106,f646560a9ee6ee2255038d24f08d28bed39916b903e10ada4d73d4781204966c,95a1f4233fcacc7d5252cee81c9a257615e16f076ef9a87de3d31029efcdcf98,582606f08e9038b9bbbadc596bb4fa861f331ee6bfdb70a5c71433bbcb022860,0,recovered_practice_engine_local,grid_v1,2039.3971800000004,1437.5770930000003,0.0,0.0,238.88227899999958,0.0
203,0000000000000020000000000000000000000000000000000000000000000000,one_bit,3,P3_current_grid_v1,FULL_CLEAR,user_exit,16,16,1.0,,313.1134400625,5009.815041,21864.075196959886,0.884297599999627,cpu,0,0,16,0,0,95,82,f646560a9ee6ee2255038d24f08d28bed39916b903e10ada4d73d4781204966c,27be58f1ce2f5f0e3e95eb83cef9027680b0b705658a0e166b8e13167ef09a76,582606f08e9038b9bbbadc596bb4fa861f331ee6bfdb70a5c71433bbcb022860,0,recovered_practice_engine_local,grid_v1,2031.8086239999993,2682.327628,0.0,0.0,295.67878900000045,0.0
204,0000000000000040000000000000000000000000000000000000000000000000,one_bit,3,P3_current_grid_v1,FULL_CLEAR,user_exit,14,14,1.0,,280.77679792857145,3930.875171,16584.375854774593,0.6177403000001505,cpu,0,0,14,0,0,92,84,f646560a9ee6ee2255038d24f08d28bed39916b903e10ada4d73d4781204966c,041d1660f92b7237a3ff3eed2f9cfa2b786cb5f42c569f926872b007039494d8,582606f08e9038b9bbbadc596bb4fa861f331ee6bfdb70a5c71433bbcb022860,0,recovered_practice_engine_local,grid_v1,1832.7055129999997,1479.4058959999998,0.0,0.0,618.7637620000007,4.547473508864641e-13
205,0000000000000080000000000000000000000000000000000000000000000000,one_bit,3,P3_current_grid_v1,FULL_CLEAR,user_exit,11,11,1.0,,306.6737503636364,3373.411254,12807.056282082047,0.4944556999998895,cpu,0,0,11,0,0,127,122,f646560a9ee6ee2255038d24f08d28bed39916b903e10ada4d73d4781204966c,d4a40fdaac7e71889503724d38ed6130de94c17a99e76fe195a1df4964de246c,582606f08e9038b9bbbadc596bb4fa861f331ee6bfdb70a5c71433bbcb022860,0,recovered_practice_engine_local,grid_v1,1426.1777889999998,1500.3294430000008,0.0,0.0,446.90402199999926,0.0
206,0000000000000100000000000000000000000000000000000000000000000000,one_bit,3,P3_current_grid_v1,FULL_CLEAR,user_exit,13,13,1.0,,301.94673061538464,3925.307498,16156.537482892893,0.6466459000002942,cpu,0,0,13,0,0,106,99,f646560a9ee6ee2255038d24f08d28bed39916b903e10ada4d73d4781204966c,769e8f6eb52426c9904fdf96befad6293ee687f2d30c0e3525d2200c3ca47bb5,582606f08e9038b9bbbadc596bb4fa861f331ee6bfdb70a5c71433bbcb022860,0,recovered_practice_engine_local,grid_v1,1969.549536,1406.5785000000003,0.0,0.0,549.1794619999996,4.547473508864641e-13
207,0000000000000200000000000000000000000000000000000000000000000000,one_bit,3,P3_current_grid_v1,FULL_CLEAR,user_exit,12,12,1.0,,332.70709958333333,3992.485195,15977.425969753816,0.4753739999996469,cpu,1,24,20,9,0,120,113,f646560a9ee6ee2255038d24f08d28bed39916b903e10ada4d73d4781204966c,0cb2407d05e696880fb8504ad2eb7f6f265cea442c906192078a6981a07bbe87,582606f08e9038b9bbbadc596bb4fa861f331ee6bfdb70a5c71433bbcb022860,0,recovered_practice_engine_local,grid_v1,1745.6970849999998,984.0893359999999,0.0,577.3227689999999,685.3760050000005,0.0
208,0000000000000400000000000000000000000000000000000000000000000000,one_bit,3,P3_current_grid_v1,FULL_CLEAR,user_exit,12,12,1.0,,309.0053311666667,3708.063974,14760.3198770945,0.6819575999998051,cpu,1,20,18,7,0,114,108,f646560a9ee6ee2255038d24f08d28bed39916b903e10ada4d73d4781204966c,2b811814059e5963416127d01986dcb5fb312e5313aee2813b9353970ea9486e,582606f08e9038b9bbbadc596bb4fa861f331ee6bfdb70a5c71433bbcb022860,0,recovered_practice_engine_local,grid_v1,1171.0592419999994,1887.8053440000008,0.0,384.1999300000002,264.99945799999983,0.0
209,0000000000000800000000000000000000000000000000000000000000000000,one_bit,3,P3_current_grid_v1,FULL_CLEAR,user_exit,14,14,1.0,,315.1985738571429,4412.780034,18043.90016351762,0.7672364999998535,cpu,1,12,15,2,0,123,116,f646560a9ee6ee2255038d24f08d28bed39916b903e10ada4d73d4781204966c,8776a5cbd718260b618afe02be4b82e48a632b2de4012c09ed7c30b419043c3f,582606f08e9038b9bbbadc596bb4fa861f331ee6bfdb70a5c71433bbcb022860,0,recovered_practice_engine_local,grid_v1,1843.6382449999999,1941.761221999999,0.0,114.7011250000005,512.679442000001,0.0
210,0000000000001000000000000000000000000000000000000000000000000000,one_bit,3,P3_current_grid_v1,FULL_CLEAR,user_exit,15,15,1.0,,283.3009533333333,4249.5143,17707.571490409187,0.7992565000004106,cpu,0,0,15,0,0,107,98,f646560a9ee6ee2255038d24f08d28bed39916b903e10ada4d73d4781204966c,e636a6832c3725dd817798d24f7aeb5b9f6fb641524ec0c903b37818156b32c5,582606f08e9038b9bbbadc596bb4fa861f331ee6bfdb70a5c71433bbcb022860,0,recovered_practice_engine_local,grid_v1,1730.487889,2028.1566380000002,0.0,0.0,490.8697729999997,0.0
211,0000000000002000000000000000000000000000000000000000000000000000,one_bit,3,P3_current_grid_v1,FULL_CLEAR,user_exit,11,11,1.0,,388.65907872727274,4275.249866,17716.249316841546,0.6404339000000618,cpu,0,0,11,0,0,114,107,f646560a9ee6ee2255038d24f08d28bed39916b903e10ada4d73d4781204966c,fe4ca18380cdc05f215a941e12fe7cd6fbc0be46998ce2d2a79440d5bc0d6b77,582606f08e9038b9bbbadc596bb4fa861f331ee6bfdb70a5c71433bbcb022860,0,recovered_practice_engine_local,grid_v1,1973.6496379999999,2015.6217339999994,0.0,0.0,285.97849400000064,0.0
212,0000000000004000000000000000000000000000000000000000000000000000,one_bit,3,P3_current_grid_v1,FULL_CLEAR,user_exit,14,14,1.0,,276.24425285714284,3867.41954,15782.097700908738,0.61061460000019,cpu,0,0,14,0,0,108,101,f646560a9ee6ee2255038d24f08d28bed39916b903e10ada4d73d4781204966c,931c09fb6e950d49c586f7bc40d749f33f39f617864e1b02e414e6efbb834d5b,582606f08e9038b9bbbadc596bb4fa861f331ee6bfdb70a5c71433bbcb022860,0,recovered_practice_engine_local,grid_v1,1889.232117,1521.2079,0.0,0.0,456.9795229999997,4.547473508864641e-13
213,0000000000008000000000000000000000000000000000000000000000000000,one_bit,3,P3_current_grid_v1,FULL_CLEAR,user_exit,10,10,1.0,,348.90672570000004,3489.067257,13975.336283903676,0.6122713999993721,cpu,0,0,10,0,0,109,99,f646560a9ee6ee2255038d24f08d28bed39916b903e10ada4d73d4781204966c,89a404c00aaf37790ef1b09f1c77410ba652fc25401d797f03e440b31d2d46cd,582606f08e9038b9bbbadc596bb4fa861f331ee6bfdb70a5c71433bbcb022860,0,recovered_practice_engine_local,grid_v1,1629.5623319999997,1531.4079159999997,0.0,0.0,328.0970090000008,4.547473508864641e-13
214,0000000000010000000000000000000000000000000000000000000000000000,one_bit,3,P3_current_grid_v1,FULL_CLEAR,user_exit,13,13,1.0,,296.23260484615383,3851.023863,15695.11932083504,0.6480217999996967,cpu,0,0,13,0,0,109,102,f646560a9ee6ee2255038d24f08d28bed39916b903e10ada4d73d4781204966c,24a03ea0d6f1096de5a2651301b5603d4ee19abaf035b7767ea5e6f03fd33fb1,582606f08e9038b9bbbadc596bb4fa861f331ee6bfdb70a5c71433bbcb022860,0,recovered_practice_engine_local,grid_v1,1822.8728900000003,1512.8241839999991,0.0,0.0,515.3267890000004,4.547473508864641e-13
215,0000000000020000000000000000000000000000000000000000000000000000,one_bit,3,P3_current_grid_v1,FULL_CLEAR,user_exit,16,16,1.0,,242.534083625,3880.545338,16157.72670708129,0.7309581999998045,cpu,0,0,16,0,0,96,89,f646560a9ee6ee2255038d24f08d28bed39916b903e10ada4d73d4781204966c,bbb6322ae9a86a34f09ea7862005953923b41c2c07c76c2a964233fe73f1c85c,582606f08e9038b9bbbadc596bb4fa861f331ee6bfdb70a5c71433bbcb022860,0,recovered_practice_engine_local,grid_v1,1224.2985390000001,1909.4858950000007,0.0,0.0,746.7609039999993,4.547473508864641e-13
216,0000000000040000000000000000000000000000000000000000000000000000,one_bit,3,P3_current_grid_v1,FULL_CLEAR,user_exit,16,16,1.0,,278.9655530625,4463.448849,18642.24425606723,0.8752414999999019,cpu,0,0,16,0,0,111,100,f646560a9ee6ee2255038d24f08d28bed39916b903e10ada4d73d4781204966c,89098b64a7938ce2e548127bcc6bf6f7c5b4804cb97154f61794ee9914b0173b,582606f08e9038b9bbbadc596bb4fa861f331ee6bfdb70a5c71433bbcb022860,0,recovered_practice_engine_local,grid_v1,1464.4167859999998,2516.7150629999996,0.0,0.0,482.3170000000008,0.0
217,0000000000080000000000000000000000000000000000000000000000000000,one_bit,3,P3_current_grid_v1,FULL_CLEAR,user_exit,16,16,1.0,,252.1770481875,4034.832771,17089.163844078877,0.6767708999996103,cpu,0,0,16,0,0,91,82,f646560a9ee6ee2255038d24f08d28bed39916b903e10ada4d73d4781204966c,db0109de1103eedd892025aedf9b6a1280e5a8925a12b7afcad5eb5e02ad5214,582606f08e9038b9bbbadc596bb4fa861f331ee6bfdb70a5c71433bbcb022860,0,recovered_practice_engine_local,grid_v1,1502.7547769999996,1991.682218,0.0,0.0,540.3957760000003,0.0
218,0000000000100000000000000000000000000000000000000000000000000000,one_bit,3,P3_current_grid_v1,FULL_CLEAR,user_exit,16,16,1.0,,255.5513129375,4088.821007,17299.105042708787,0.8377414999995381,cpu,0,0,16,0,0,93,84,f646560a9ee6ee2255038d24f08d28bed39916b903e10ada4d73d4781204966c,79d3860b60b7c33a0ccb5e8051a232aa223986758708021504ea6f133b259ded,582606f08e9038b9bbbadc596bb4fa861f331ee6bfdb70a5c71433bbcb022860,0,recovered_practice_engine_local,grid_v1,1563.6357040000005,1965.4508709999993,0.0,0.0,559.7344320000002,0.0
219,0000000000200000000000000000000000000000000000000000000000000000,one_bit,3,P3_current_grid_v1,FULL_CLEAR,user_exit,15,15,1.0,,248.22631226666667,3723.394684,14966.973418703617,0.7417389000002004,cpu,0,0,15,0,0,110,105,f646560a9ee6ee2255038d24f08d28bed39916b903e10ada4d73d4781204966c,58ed64312c054e140273662d9013fb4558c61fe76c5d478b5383f9f1dd00d8ee,582606f08e9038b9bbbadc596bb4fa861f331ee6bfdb70a5c71433bbcb022860,0,recovered_practice_engine_local,grid_v1,1289.1181490000001,1890.6530359999997,0.0,0.0,543.6234989999998,4.547473508864641e-13
220,0000000000400000000000000000000000000000000000000000000000000000,one_bit,3,P3_current_grid_v1,FULL_CLEAR,user_exit,10,10,1.0,,374.9175184,3749.175184,15020.875926906481,0.5608025000001362,cpu,0,0,10,0,0,117,110,f646560a9ee6ee2255038d24f08d28bed39916b903e10ada4d73d4781204966c,d25b883b22f88d50588d16da2f47c7022620318b151c2e3a7e92b5374aeea753,582606f08e9038b9bbbadc596bb4fa861f331ee6bfdb70a5c71433bbcb022860,0,recovered_practice_engine_local,grid_v1,1791.1105960000004,1495.5162720000003,0.0,0.0,462.5483159999992,4.547473508864641e-13
221,0000000000800000000000000000000000000000000000000000000000000000,one_bit,3,P3_current_grid_v1,FULL_CLEAR,user_exit,12,12,1.0,,328.14963016666667,3937.795562,15788.977828680665,0.6100836999994499,cpu,0,0,12,0,0,121,115,f646560a9ee6ee2255038d24f08d28bed39916b903e10ada4d73d4781204966c,d3b425078a86a2d08c2d57f196de5bd28231f12a1a6a174ffc80ca55ca972286,582606f08e9038b9bbbadc596bb4fa861f331ee6bfdb70a5c71433bbcb022860,0,recovered_practice_engine_local,grid_v1,1994.5330540000002,1523.9575760000005,0.0,0.0,419.30493199999904,0.0
222,0000000001000000000000000000000000000000000000000000000000000000,one_bit,3,P3_current_grid_v1,FULL_CLEAR,user_exit,10,10,1.0,,362.0194429,3620.194429,14530.9721520886,0.4828637999999046,cpu,0,0,10,0,0,112,104,f646560a9ee6ee2255038d24f08d28bed39916b903e10ada4d73d4781204966c,87e7b91241f7c88091f64f0b7d0568de0470cde6a9614080d49cb8aa36258903,582606f08e9038b9bbbadc596bb4fa861f331ee6bfdb70a5c71433bbcb022860,0,recovered_practice_engine_local,grid_v1,1868.8499300000005,1396.668176,0.0,0.0,354.67632299999974,0.0
223,0000000002000000000000000000000000000000000000000000000000000000,one_bit,3,P3_current_grid_v1,FULL_CLEAR,user_exit,11,11,1.0,,376.25595427272725,4138.815497,17329.077480096978,0.4776207000013528,cpu,0,0,11,0,0,104,98,f646560a9ee6ee2255038d24f08d28bed39916b903e10ada4d73d4781204966c,683d208e5acbcdcc9cf7e63e1a72f6426c8e414f6783433ba4d35cb91e7f0b2e,582606f08e9038b9bbbadc596bb4fa861f331ee6bfdb70a5c71433bbcb022860,0,recovered_practice_engine_local,grid_v1,2008.3173759999993,1629.252383,0.0,0.0,501.24573800000024,0.0
224,0000000004000000000000000000000000000000000000000000000000000000,one_bit,3,P3_current_grid_v1,FULL_CLEAR,user_exit,15,15,1.0,,288.0155175333333,4320.232763,18681.163823236137,0.5771794999982376,cpu,0,0,15,0,0,86,79,f646560a9ee6ee2255038d24f08d28bed39916b903e10ada4d73d4781204966c,3b5674b85d2ab3576ae83f699f3f9274fcf189129a47e88e8e5588696629c253,582606f08e9038b9bbbadc596bb4fa861f331ee6bfdb70a5c71433bbcb022860,0,recovered_practice_engine_local,grid_v1,1782.6157039999998,1874.5013860000004,0.0,0.0,663.115673,0.0
225,0000000008000000000000000000000000000000000000000000000000000000,one_bit,3,P3_current_grid_v1,FULL_CLEAR,user_exit,12,12,1.0,,283.5030868333333,3402.037042,13380.185217552906,0.6495315000011033,cpu,0,0,12,0,0,112,106,f646560a9ee6ee2255038d24f08d28bed39916b903e10ada4d73d4781204966c,2eb62b342c3997bbc9735711ce7ee88cff2abfb24107909932612d7b4c06369c,582606f08e9038b9bbbadc596bb4fa861f331ee6bfdb70a5c71433bbcb022860,0,recovered_practice_engine_local,grid_v1,1702.584261,1272.777258,0.0,0.0,426.6755229999997,0.0
226,0000000010000000000000000000000000000000000000000000000000000000,one_bit,3,P3_current_grid_v1,FULL_CLEAR,user_exit,12,12,1.0,,340.8553944166667,4090.264733,16826.32365311684,0.633960200000729,cpu,0,0,12,0,0,112,105,f646560a9ee6ee2255038d24f08d28bed39916b903e10ada4d73d4781204966c,55cc4314fb3c4caf1d4846067d5a493ac9f0eb6a8786771b70d2ace7da2ba9e2,582606f08e9038b9bbbadc596bb4fa861f331ee6bfdb70a5c71433bbcb022860,0,recovered_practice_engine_local,grid_v1,2204.772462,1313.6069189999994,0.0,0.0,571.8853520000007,0.0
227,0000000020000000000000000000000000000000000000000000000000000000,one_bit,3,P3_current_grid_v1,FULL_CLEAR,user_exit,10,10,1.0,,385.6286671,3856.286671,15841.43335054085,0.47794510000130686,cpu,0,0,10,0,0,108,98,f646560a9ee6ee2255038d24f08d28bed39916b903e10ada4d73d4781204966c,ed3902df2310d36e7036cefd768af310aacbd704d0dabfb510acc70c19c680eb,582606f08e9038b9bbbadc596bb4fa861f331ee6bfdb70a5c71433bbcb022860,0,recovered_practice_engine_local,grid_v1,1897.1366569999998,1565.5061869999995,0.0,0.0,393.64382700000056,0.0
228,0000000040000000000000000000000000000000000000000000000000000000,one_bit,3,P3_current_grid_v1,FULL_CLEAR,user_exit,12,12,1.0,,753.8163236666666,9045.795884,39663.97940067578,0.4679264000005787,cpu,1,152,131,120,0,117,111,f646560a9ee6ee2255038d24f08d28bed39916b903e10ada4d73d4781204966c,5cf1cf9d808b800479e8e4267736968a1d29b214d8221dd5d70e954bb2bc447a,582606f08e9038b9bbbadc596bb4fa861f331ee6bfdb70a5c71433bbcb022860,0,recovered_practice_engine_local,grid_v1,1941.4271629999998,1147.5543440000004,0.0,5263.412786999999,693.4015899999997,0.0
229,0000000080000000000000000000000000000000000000000000000000000000,one_bit,3,P3_current_grid_v1,FULL_CLEAR,user_exit,13,13,1.0,,303.2584933076923,3942.360413,16441.802067110235,0.6544541999992362,cpu,0,0,13,0,0,100,89,f646560a9ee6ee2255038d24f08d28bed39916b903e10ada4d73d4781204966c,4249e3ebe1c6b348d3a92bfe11f7efc5fe4aa343463f070157efbbb317be8dc2,582606f08e9038b9bbbadc596bb4fa861f331ee6bfdb70a5c71433bbcb022860,0,recovered_practice_engine_local,grid_v1,1720.0459519999997,1831.950004,0.0,0.0,390.36445700000013,0.0
230,0000000100000000000000000000000000000000000000000000000000000000,one_bit,3,P3_current_grid_v1,FULL_CLEAR,user_exit,13,13,1.0,,300.46632730769227,3906.062255,15905.311266425086,0.6034137000006012,cpu,0,0,13,0,0,111,105,f646560a9ee6ee2255038d24f08d28bed39916b903e10ada4d73d4781204966c,b4707e2e253ddbb34abd926f89707ced4cc53cb9557b3a11e9fb5e5cf2cd72b6,582606f08e9038b9bbbadc596bb4fa861f331ee6bfdb70a5c71433bbcb022860,0,recovered_practice_engine_local,grid_v1,1525.3006299999997,1806.8192390000002,0.0,0.0,573.942386,4.547473508864641e-13
231,0000000200000000000000000000000000000000000000000000000000000000,one_bit,3,P3_current_grid_v1,FULL_CLEAR,user_exit,10,10,1.0,,377.4264279,3774.264279,15506.321391786894,0.44938530000035826,cpu,0,0,10,0,0,105,98,f646560a9ee6ee2255038d24f08d28bed39916b903e10ada4d73d4781204966c,ad8d0a95bb17920e3bd70d62dbf06ad7f837c0b5ccc4ae1665d2db887a4982db,582606f08e9038b9bbbadc596bb4fa861f331ee6bfdb70a5c71433bbcb022860,0,recovered_practice_engine_local,grid_v1,2131.608862,1374.847073,0.0,0.0,267.8083440000002,0.0
232,0000000400000000000000000000000000000000000000000000000000000000,one_bit,3,P3_current_grid_v1,FULL_CLEAR,user_exit,13,13,1.0,,309.2018852307692,4019.624508,16213.12255933846,0.6414707000003546,cpu,0,0,13,0,0,120,112,f646560a9ee6ee2255038d24f08d28bed39916b903e10ada4d73d4781204966c,7553cbffe90eeca71731f2065cfab9b18d747d9323bef7adb5e5b8bc9e79f8f7,582606f08e9038b9bbbadc596bb4fa861f331ee6bfdb70a5c71433bbcb022860,0,recovered_practice_engine_local,grid_v1,1509.1383710000005,1898.5357120000003,0.0,0.0,611.9504249999992,0.0
233,0000000800000000000000000000000000000000000000000000000000000000,one_bit,3,P3_current_grid_v1,FULL_CLEAR,user_exit,13,13,1.0,,301.8611003076923,3924.194304,16145.971526128078,0.6980370999990555,cpu,0,0,13,0,0,107,95,f646560a9ee6ee2255038d24f08d28bed39916b903e10ada4d73d4781204966c,1b619614236a6a0ef2245e738058cd8a9cf7265c58f8a1d5d1180f34143b7ac8,582606f08e9038b9bbbadc596bb4fa861f331ee6bfdb70a5c71433bbcb022860,0,recovered_practice_engine_local,grid_v1,1642.7218820000003,2013.1373619999995,0.0,0.0,268.3350600000002,0.0
234,0000001000000000000000000000000000000000000000000000000000000000,one_bit,3,P3_current_grid_v1,FULL_CLEAR,user_exit,11,11,1.0,,307.04341354545454,3377.477549,13392.387753099983,0.4432859999997163,cpu,0,0,11,0,0,109,99,f646560a9ee6ee2255038d24f08d28bed39916b903e10ada4d73d4781204966c,776fcd4a63ec9afe083eb490e7682efe48141bf248a71e03723d2ec20be5f7c2,582606f08e9038b9bbbadc596bb4fa861f331ee6bfdb70a5c71433bbcb022860,0,recovered_practice_engine_local,grid_v1,1671.146858,1311.7029460000008,0.0,0.0,394.6277449999994,0.0
235,0000002000000000000000000000000000000000000000000000000000000000,one_bit,3,P3_current_grid_v1,FULL_CLEAR,user_exit,16,16,1.0,,281.3193670625,4501.109873,18700.549359574747,0.586470800000825,cpu,0,0,16,0,0,114,111,f646560a9ee6ee2255038d24f08d28bed39916b903e10ada4d73d4781204966c,7f86c0d55f035555845ffd3f1ff67151fe7cac9cb50df451ff1a159f244ea7a2,582606f08e9038b9bbbadc596bb4fa861f331ee6bfdb70a5c71433bbcb022860,0,recovered_practice_engine_local,grid_v1,1708.7546849999997,1636.8012959999999,0.0,0.0,1155.5538920000008,0.0
236,0000004000000000000000000000000000000000000000000000000000000000,one_bit,3,P3_current_grid_v1,FULL_CLEAR,user_exit,15,15,1.0,,275.37849166666666,4130.677375,17373.386879414928,0.6773116999993363,cpu,0,0,15,0,0,98,91,f646560a9ee6ee2255038d24f08d28bed39916b903e10ada4d73d4781204966c,db60f7bab1bfc2fa84bee89271aefc214a8810ea5227c04cbffcfc61002cd175,582606f08e9038b9bbbadc596bb4fa861f331ee6bfdb70a5c71433bbcb022860,0,recovered_practice_engine_local,grid_v1,1954.7763430000002,1721.4256939999996,0.0,0.0,454.4753380000005,0.0
237,0000008000000000000000000000000000000000000000000000000000000000,one_bit,3,P3_current_grid_v1,FULL_CLEAR,user_exit,15,15,1.0,,321.4527002666666,4821.790504,20633.952507657752,0.6440832000007504,cpu,1,16,20,6,0,102,95,f646560a9ee6ee2255038d24f08d28bed39916b903e10ada4d73d4781204966c,12db44da02c00c499cad468335877dd47678de07204c768c284db84cfeed2dda,582606f08e9038b9bbbadc596bb4fa861f331ee6bfdb70a5c71433bbcb022860,0,recovered_practice_engine_local,grid_v1,1740.1627820000003,1949.880566999999,0.0,665.5266169999995,466.22053800000054,0.0
238,0000010000000000000000000000000000000000000000000000000000000000,one_bit,3,P3_current_grid_v1,FULL_CLEAR,user_exit,16,16,1.0,,258.276105625,4132.41769,17707.088456469195,0.6312035999999352,cpu,0,0,16,0,0,86,81,f646560a9ee6ee2255038d24f08d28bed39916b903e10ada4d73d4781204966c,77e2f2e61f709fbbfda966e726e9baec37630ec2251cc509bea8e7650c7f0a9d,582606f08e9038b9bbbadc596bb4fa861f331ee6bfdb70a5c71433bbcb022860,0,recovered_practice_engine_local,grid_v1,1717.4327169999997,1919.8493650000012,0.0,0.0,495.13560799999937,0.0
239,0000020000000000000000000000000000000000000000000000000000000000,one_bit,3,P3_current_grid_v1,FULL_CLEAR,user_exit,12,12,1.0,,344.0738620833333,4128.886345,17199.431708682503,0.4946995999998762,cpu,0,0,12,0,0,106,99,f646560a9ee6ee2255038d24f08d28bed39916b903e10ada4d73d4781204966c,0ab989a82b66417e09a8813ae0501eff6cb6df6a5f2e8c969a6026c27d2039ef,582606f08e9038b9bbbadc596bb4fa861f331ee6bfdb70a5c71433bbcb022860,0,recovered_practice_engine_local,grid_v1,2151.9778669999996,1363.4535889999997,0.0,0.0,613.4548890000003,0.0
240,0000040000000000000000000000000000000000000000000000000000000000,one_bit,3,P3_current_grid_v1,FULL_CLEAR,user_exit,13,13,1.0,,310.98390561538463,4042.790773,15973.953867489374,0.4126495000000432,cpu,3,42,27,17,0,124,121,f646560a9ee6ee2255038d24f08d28bed39916b903e10ada4d73d4781204966c,3b173b3d25a5cc36a67627718ef50f679b52fcca30f695952fb02f38525974ee,582606f08e9038b9bbbadc596bb4fa861f331ee6bfdb70a5c71433bbcb022860,0,recovered_practice_engine_local,grid_v1,1839.7534059999994,1007.0324739999999,0.0,617.212931,578.7919620000009,4.547473508864641e-13
241,0000080000000000000000000000000000000000000000000000000000000000,one_bit,3,P3_current_grid_v1,FULL_CLEAR,user_exit,13,13,1.0,,308.0744119230769,4004.967355,16794.836762423947,0.5224329000011494,cpu,0,0,13,0,0,98,91,f646560a9ee6ee2255038d24f08d28bed39916b903e10ada4d73d4781204966c,0be5b30e5b38dff07e4e552b483431b739d7187c3fba20ba633d5f518a19c6d8,582606f08e9038b9bbbadc596bb4fa861f331ee6bfdb70a5c71433bbcb022860,0,recovered_practice_engine_local,grid_v1,1883.376585,1625.7396090000007,0.0,0.0,495.8511609999996,0.0
242,0000100000000000000000000000000000000000000000000000000000000000,one_bit,3,P3_current_grid_v1,FULL_CLEAR,user_exit,15,15,1.0,,249.47064166666667,3742.059625,15125.298120594462,0.6294679999991786,cpu,0,0,15,0,0,108,102,f646560a9ee6ee2255038d24f08d28bed39916b903e10ada4d73d4781204966c,99da29237ff8ee606d2a8ab6f35ca1cf0b29f14c1f8b09581d80071269768b8a,582606f08e9038b9bbbadc596bb4fa861f331ee6bfdb70a5c71433bbcb022860,0,recovered_practice_engine_local,grid_v1,1553.3692050000002,1641.013715,0.0,0.0,547.6767049999996,0.0
243,0000200000000000000000000000000000000000000000000000000000000000,one_bit,3,P3_current_grid_v1,FULL_CLEAR,user_exit,15,15,1.0,,269.23187693333335,4038.478154,16762.390776800174,0.596865000001344,cpu,0,0,15,0,0,103,96,f646560a9ee6ee2255038d24f08d28bed39916b903e10ada4d73d4781204966c,294257601023c4b37fe70f158edca7df87f66a3472a0edf2e8a230c0144fdb3b,582606f08e9038b9bbbadc596bb4fa861f331ee6bfdb70a5c71433bbcb022860,0,recovered_practice_engine_local,grid_v1,1657.6698019999997,1559.2170780000001,0.0,0.0,821.5912740000001,4.547473508864641e-13
244,0000400000000000000000000000000000000000000000000000000000000000,one_bit,3,P3_current_grid_v1,FULL_CLEAR,user_exit,11,11,1.0,,373.60226409090905,4109.624905,16893.124539098353,0.47190020000016375,cpu,0,0,11,0,0,114,106,f646560a9ee6ee2255038d24f08d28bed39916b903e10ada4d73d4781204966c,4cc0681235412d908d5a714e7a4363cad5b6a8a3cfdc05070c928164da206ab5,582606f08e9038b9bbbadc596bb4fa861f331ee6bfdb70a5c71433bbcb022860,0,recovered_practice_engine_local,grid_v1,1784.9369299999996,1723.6051820000002,0.0,0.0,601.0827929999998,0.0
245,0000800000000000000000000000000000000000000000000000000000000000,one_bit,3,P3_current_grid_v1,FULL_CLEAR,user_exit,12,12,1.0,,316.16174858333335,3793.940983,15494.70491500176,0.5207773999991332,cpu,0,0,12,0,0,107,100,f646560a9ee6ee2255038d24f08d28bed39916b903e10ada4d73d4781204966c,a7c4768dd1dd0090c8472dbfa5d5f4d576998b629bda2ac012d913d74517aa5f,582606f08e9038b9bbbadc596bb4fa861f331ee6bfdb70a5c71433bbcb022860,0,recovered_practice_engine_local,grid_v1,1725.5297659999997,1615.0519629999997,0.0,0.0,453.3592540000007,4.547473508864641e-13
246,0001000000000000000000000000000000000000000000000000000000000000,one_bit,3,P3_current_grid_v1,FULL_CLEAR,user_exit,16,16,1.0,,258.628859125,4138.061746,17330.30872669796,0.7020081999999093,cpu,0,0,16,0,0,100,92,f646560a9ee6ee2255038d24f08d28bed39916b903e10ada4d73d4781204966c,be6c54b9998972afd8a677d59a589cdf3bee132d6d2a8f56fe63758a8b3d2bf1,582606f08e9038b9bbbadc596bb4fa861f331ee6bfdb70a5c71433bbcb022860,0,recovered_practice_engine_local,grid_v1,1402.1727030000002,2265.7480410000003,0.0,0.0,470.14100199999996,0.0
247,0002000000000000000000000000000000000000000000000000000000000000,one_bit,3,P3_current_grid_v1,FULL_CLEAR,user_exit,14,14,1.0,,270.9127565714286,3792.778592,15403.89297302516,0.5927241000008507,cpu,0,0,14,0,0,108,102,f646560a9ee6ee2255038d24f08d28bed39916b903e10ada4d73d4781204966c,5c118846dfff4d3cff428c34ebd3af81c5f7d27468fc01d34092a0eefc095398,582606f08e9038b9bbbadc596bb4fa861f331ee6bfdb70a5c71433bbcb022860,0,recovered_practice_engine_local,grid_v1,1789.9343349999995,1430.799951,0.0,0.0,572.0443060000006,0.0
248,0004000000000000000000000000000000000000000000000000000000000000,one_bit,3,P3_current_grid_v1,FULL_CLEAR,user_exit,14,14,1.0,,300.6488193571428,4209.083471,17325.417345957787,0.5261809999992693,cpu,0,0,14,0,0,114,104,f646560a9ee6ee2255038d24f08d28bed39916b903e10ada4d73d4781204966c,cee65f88185f91b330310b531f05c3682f207b204e0eae5519e3c7c1ea6acbf1,582606f08e9038b9bbbadc596bb4fa861f331ee6bfdb70a5c71433bbcb022860,0,recovered_practice_engine_local,grid_v1,2117.467817,1582.690106,0.0,0.0,508.92554799999965,0.0
249,0008000000000000000000000000000000000000000000000000000000000000,one_bit,3,P3_current_grid_v1,FULL_CLEAR,user_exit,11,11,1.0,,393.91158009090907,4333.027381,18200.136897776363,0.5994800000007672,cpu,0,0,11,0,0,108,98,f646560a9ee6ee2255038d24f08d28bed39916b903e10ada4d73d4781204966c,1b3e54bb1d74ecc1329e3958b89ca0e028e675809243979240f5cdc7879d9b46,582606f08e9038b9bbbadc596bb4fa861f331ee6bfdb70a5c71433bbcb022860,0,recovered_practice_engine_local,grid_v1,1745.4055699999994,2362.511365,0.0,0.0,225.11044600000037,0.0
250,0010000000000000000000000000000000000000000000000000000000000000,one_bit,3,P3_current_grid_v1,FULL_CLEAR,user_exit,10,10,1.0,,406.4132622,4064.132622,16915.663106568914,0.4997660999997606,cpu,0,0,10,0,0,107,96,f646560a9ee6ee2255038d24f08d28bed39916b903e10ada4d73d4781204966c,a89aa8cdbb648ccefa9d99b18a8623fb17384285fa6f6795470cd02cafbbec76,582606f08e9038b9bbbadc596bb4fa861f331ee6bfdb70a5c71433bbcb022860,0,recovered_practice_engine_local,grid_v1,1991.461555,1850.968883,0.0,0.0,221.70218399999993,0.0
251,0020000000000000000000000000000000000000000000000000000000000000,one_bit,3,P3_current_grid_v1,FULL_CLEAR,user_exit,10,10,1.0,,373.32155240000003,3733.215524,15026.077631381646,0.3315241000000242,cpu,0,0,10,0,0,114,108,f646560a9ee6ee2255038d24f08d28bed39916b903e10ada4d73d4781204966c,35a32e212ee93416de9c94c33a77044a2d187f79040750b4a245c09229ad4c47,582606f08e9038b9bbbadc596bb4fa861f331ee6bfdb70a5c71433bbcb022860,0,recovered_practice_engine_local,grid_v1,2109.337598,1037.0753149999998,0.0,0.0,586.8026110000005,4.547473508864641e-13
252,0040000000000000000000000000000000000000000000000000000000000000,one_bit,3,P3_current_grid_v1,FULL_CLEAR,user_exit,10,10,1.0,,343.71764010000004,3437.176401,13275.882008948662,0.4310968999998295,cpu,0,0,10,0,0,123,117,f646560a9ee6ee2255038d24f08d28bed39916b903e10ada4d73d4781204966c,9742190c91391054335cde559bf9c46029fcc7d15a2642eea4915c675bb92d58,582606f08e9038b9bbbadc596bb4fa861f331ee6bfdb70a5c71433bbcb022860,0,recovered_practice_engine_local,grid_v1,1509.641024,1503.3424390000002,0.0,0.0,424.1929379999999,4.547473508864641e-13
253,0080000000000000000000000000000000000000000000000000000000000000,one_bit,3,P3_current_grid_v1,FULL_CLEAR,user_exit,16,16,1.0,,277.9745349375,4447.592559,18907.96280845489,0.6176357999993343,cpu,0,0,16,0,0,99,91,f646560a9ee6ee2255038d24f08d28bed39916b903e10ada4d73d4781204966c,ae5b9749db7a44a5619e0a030c45b7ec0196d319bded16372ff84d342792962d,582606f08e9038b9bbbadc596bb4fa861f331ee6bfdb70a5c71433bbcb022860,0,recovered_practice_engine_local,grid_v1,1944.5502779999997,1749.573989,0.0,0.0,753.4682920000001,0.0
254,0100000000000000000000000000000000000000000000000000000000000000,one_bit,3,P3_current_grid_v1,FULL_CLEAR,user_exit,15,15,1.0,,262.5101382666667,3937.652074,16458.260366127317,0.5342683999988367,cpu,0,0,15,0,0,96,91,f646560a9ee6ee2255038d24f08d28bed39916b903e10ada4d73d4781204966c,4bfb687f8166101a26995d55facfafa4cdab4ae6dd580a6572517b426e165932,582606f08e9038b9bbbadc596bb4fa861f331ee6bfdb70a5c71433bbcb022860,0,recovered_practice_engine_local,grid_v1,1607.814011,1677.7413330000004,0.0,0.0,652.0967299999998,0.0
255,0200000000000000000000000000000000000000000000000000000000000000,one_bit,3,P3_current_grid_v1,FULL_CLEAR,user_exit,13,13,1.0,,296.94960146153846,3860.344819,15506.72410782991,0.41786510000019916,cpu,1,16,21,9,0,112,110,f646560a9ee6ee2255038d24f08d28bed39916b903e10ada4d73d4781204966c,7a44684e502ca1a3cddd8e4cbcaf561737284ae2953cf97a034bc375ed87100b,582606f08e9038b9bbbadc596bb4fa861f331ee6bfdb70a5c71433bbcb022860,0,recovered_practice_engine_local,grid_v1,1570.0289470000002,1386.6421549999998,0.0,412.14190199999985,491.53181500000005,0.0
256,0400000000000000000000000000000000000000000000000000000000000000,one_bit,3,P3_current_grid_v1,FULL_CLEAR,user_exit,15,15,1.0,,288.51303740000003,4327.695561,18288.477821312837,0.7153646999995544,cpu,0,0,15,0,0,101,90,f646560a9ee6ee2255038d24f08d28bed39916b903e10ada4d73d4781204966c,e2452a74c04cda4916668e07cf57e1fd593ed465e2fd201194ad80b998717229,582606f08e9038b9bbbadc596bb4fa861f331ee6bfdb70a5c71433bbcb022860,0,recovered_practice_engine_local,grid_v1,1755.332607,2208.614680000001,0.0,0.0,363.74827399999975,0.0
257,0800000000000000000000000000000000000000000000000000000000000000,one_bit,3,P3_current_grid_v1,FULL_CLEAR,user_exit,16,16,1.0,,277.7168288125,4443.469261,18787.346310292913,0.7040372999999818,cpu,1,12,20,5,0,101,89,f646560a9ee6ee2255038d24f08d28bed39916b903e10ada4d73d4781204966c,f570cb0503079f5ace673b72775e5c229ec1fa5a1a9f7ba2a861f16315c85032,582606f08e9038b9bbbadc596bb4fa861f331ee6bfdb70a5c71433bbcb022860,0,recovered_practice_engine_local,grid_v1,1424.5967649999996,2335.788116,0.0,319.7825929999999,363.30178700000056,0.0
258,1000000000000000000000000000000000000000000000000000000000000000,one_bit,3,P3_current_grid_v1,FULL_CLEAR,user_exit,10,10,1.0,,343.2818929,3432.818929,13379.094641678912,0.2742647000013676,cpu,0,0,10,0,0,118,117,f646560a9ee6ee2255038d24f08d28bed39916b903e10ada4d73d4781204966c,b61e57c1b511da637a47c66a1a7e2aeac4b0808f0d316455ead8f6e213d35e37,582606f08e9038b9bbbadc596bb4fa861f331ee6bfdb70a5c71433bbcb022860,0,recovered_practice_engine_local,grid_v1,1811.3939099999998,960.8774310000008,0.0,0.0,660.5475879999995,0.0
259,2000000000000000000000000000000000000000000000000000000000000000,one_bit,3,P3_current_grid_v1,FULL_CLEAR,user_exit,16,16,1.0,,229.5850965625,3673.361545,14836.807740235678,0.5687388999995164,cpu,0,0,16,0,0,105,101,f646560a9ee6ee2255038d24f08d28bed39916b903e10ada4d73d4781204966c,9c1a04d3108d8205fb3f65bc6bcce847823deef0b7494f8936ddec7864568228,582606f08e9038b9bbbadc596bb4fa861f331ee6bfdb70a5c71433bbcb022860,0,recovered_practice_engine_local,grid_v1,1406.6675430000003,1707.676018,0.0,0.0,559.017984,4.547473508864641e-13
260,4000000000000000000000000000000000000000000000000000000000000000,one_bit,3,P3_current_grid_v1,FULL_CLEAR,user_exit,10,10,1.0,,355.8907645,3558.907645,14029.53822716761,0.40430799999921874,cpu,0,0,10,0,0,118,113,f646560a9ee6ee2255038d24f08d28bed39916b903e10ada4d73d4781204966c,0a368bef843ed35b4ca126a39c117a357997f984b2d696d65601cd4b6b82f59c,582606f08e9038b9bbbadc596bb4fa861f331ee6bfdb70a5c71433bbcb022860,0,recovered_practice_engine_local,grid_v1,1736.1491970000002,1403.614185999999,0.0,0.0,419.1442620000005,4.547473508864641e-13
261,8000000000000000000000000000000000000000000000000000000000000000,one_bit,3,P3_current_grid_v1,FULL_CLEAR,user_exit,16,16,1.0,,269.675309375,4314.80495,17979.024750467357,0.7115114999996877,cpu,0,0,16,0,0,108,99,f646560a9ee6ee2255038d24f08d28bed39916b903e10ada4d73d4781204966c,61270d09a5aaa99d26b6049a98e250ef7d389d2ad75cfa52f344dc303e69550f,582606f08e9038b9bbbadc596bb4fa861f331ee6bfdb70a5c71433bbcb022860,0,recovered_practice_engine_local,grid_v1,1554.0260050000002,2258.651841000001,0.0,0.0,502.1271039999991,0.0
262,ecd25287df042f1f9938a6737ab64d0b41bcd84f34fe7721d403782a69de8637,sha256_new_design,3,P3_current_grid_v1,FULL_CLEAR,user_exit,16,16,1.0,,302.711287625,4843.380602,21011.903017846762,0.6162968999997247,cpu,0,0,16,0,0,95,86,f646560a9ee6ee2255038d24f08d28bed39916b903e10ada4d73d4781204966c,b80361b0eb3a44e81e46b9a0053d70830e3e6e046953e63085fed227e4a8892a,582606f08e9038b9bbbadc596bb4fa861f331ee6bfdb70a5c71433bbcb022860,0,recovered_practice_engine_local,grid_v1,2077.2501589999997,1997.255605000001,0.0,0.0,768.8748379999995,0.0
263,9f0ee774655217f86181b22d3328e1be4c0638c4eb47ef77d40d4fb4b718d8d6,sha256_new_design,3,P3_current_grid_v1,FULL_CLEAR,user_exit,13,13,1.0,,325.12045484615385,4226.565913,17517.82957584206,0.46200669999961974,cpu,0,0,13,0,0,111,103,f646560a9ee6ee2255038d24f08d28bed39916b903e10ada4d73d4781204966c,4826bfd4b45f352221c9ad9b29d7453234e1fa0d0a16ec619cf4f9d5c5b1ed4e,582606f08e9038b9bbbadc596bb4fa861f331ee6bfdb70a5c71433bbcb022860,0,recovered_practice_engine_local,grid_v1,2157.5339870000003,1399.2862819999991,0.0,0.0,669.7456440000008,0.0
264,ba3d6678dd7cb0d065858640fcf0007dd3a31be73d5a5b71173279bbab46ccf3,sha256_new_design,3,P3_current_grid_v1,FULL_CLEAR,user_exit,15,15,1.0,,326.4718131333333,4897.077197,21050.386004122374,0.6883820000002743,cpu,0,0,15,0,0,104,92,f646560a9ee6ee2255038d24f08d28bed39916b903e10ada4d73d4781204966c,1f0c28edb66a54ce44f38c7ef57716fb600df5128420e35e97b2f71381d24a73,582606f08e9038b9bbbadc596bb4fa861f331ee6bfdb70a5c71433bbcb022860,0,recovered_practice_engine_local,grid_v1,2084.401951,2544.654786,0.0,0.0,268.02045999999996,0.0
265,d171fc0823da589b5555f67d9f89cd44a201e25678dae934f769663a811d3a24,sha256_new_design,3,P3_current_grid_v1,FULL_CLEAR,user_exit,15,15,1.0,,268.8180475333333,4032.270713,16676.35356132356,0.6389649000011559,cpu,0,0,15,0,0,105,97,f646560a9ee6ee2255038d24f08d28bed39916b903e10ada4d73d4781204966c,f2e51e351f6c5813c2e0ee4cb744c43d7faaa3a15645038e446852407ff74653,582606f08e9038b9bbbadc596bb4fa861f331ee6bfdb70a5c71433bbcb022860,0,recovered_practice_engine_local,grid_v1,1546.4306729999992,1979.6082460000002,0.0,0.0,506.2317940000005,0.0
266,5bdcea5ead3e77c7f4025ed51346f5fee479976c4a3af876281681b8006c6698,sha256_new_design,3,P3_current_grid_v1,FULL_CLEAR,user_exit,14,14,1.0,,301.6207032857143,4222.689846,17638.449226433557,0.6382879000011599,cpu,0,0,14,0,0,106,95,f646560a9ee6ee2255038d24f08d28bed39916b903e10ada4d73d4781204966c,bb80927f58924ca53ff351a4ef81c75f018862454f5da86ef740b0f8cb866da3,582606f08e9038b9bbbadc596bb4fa861f331ee6bfdb70a5c71433bbcb022860,0,recovered_practice_engine_local,grid_v1,1694.5682430000002,2086.79346,0.0,0.0,441.32814299999984,0.0
267,ec8e1c637bd81e624ec2bb9f37077d88775cff3aa949231aaba164b4f7ccf561,sha256_new_design,3,P3_current_grid_v1,FULL_CLEAR,user_exit,13,13,1.0,,332.1434989230769,4317.865486,17884.327432806323,0.5324368000001414,cpu,0,0,13,0,0,114,106,f646560a9ee6ee2255038d24f08d28bed39916b903e10ada4d73d4781204966c,240f831b90f7385678a5264b68c35ed4c40d24e46f1d37287c72f560c55d76f8,582606f08e9038b9bbbadc596bb4fa861f331ee6bfdb70a5c71433bbcb022860,0,recovered_practice_engine_local,grid_v1,1970.8978799999998,2055.3596680000005,0.0,0.0,291.6079379999995,0.0
268,064f11d8614be969120e31b24b3f39324c79708390f840ab37dda104001f40c5,sha256_new_design,3,P3_current_grid_v1,FULL_CLEAR,user_exit,12,12,1.0,,372.3364095833333,4468.036915,18765.184566525324,0.5175576000001456,cpu,0,0,12,0,0,111,100,f646560a9ee6ee2255038d24f08d28bed39916b903e10ada4d73d4781204966c,0a947ce1a168c52716107b8d4c43fc0d8ecd9855f3b2b4350566074e42f359a2,582606f08e9038b9bbbadc596bb4fa861f331ee6bfdb70a5c71433bbcb022860,0,recovered_practice_engine_local,grid_v1,2040.9213520000003,2080.420627999999,0.0,0.0,346.6949350000007,0.0
269,292c15454292f32b9e6f57636c1509fb1f9c169c279f415f1d9b7c7b5505eea4,sha256_new_design,3,P3_current_grid_v1,FULL_CLEAR,user_exit,12,12,1.0,,319.255877,3831.070524,15445.352624260157,0.5202922000007675,cpu,0,0,12,0,0,115,107,f646560a9ee6ee2255038d24f08d28bed39916b903e10ada4d73d4781204966c,03d2f1d037a6584501f9031a179a114d4c0ef18396c851901e90e59e1924e300,582606f08e9038b9bbbadc596bb4fa861f331ee6bfdb70a5c71433bbcb022860,0,recovered_practice_engine_local,grid_v1,1886.6448129999999,1489.9876359999994,0.0,0.0,454.43807500000105,0.0
270,2f0f7f7080cea2468e02407ae424cd306a88aa29c679e003533c57445d74160b,sha256_new_design,3,P3_current_grid_v1,FULL_CLEAR,user_exit,15,15,1.0,,297.2566878,4458.850317,19199.251582127028,0.5849696000004769,cpu,0,0,15,0,0,92,84,f646560a9ee6ee2255038d24f08d28bed39916b903e10ada4d73d4781204966c,7ef58ae25ee0a7c59834077999d399eab7e756dec67dc905a97c8283191d7a64,582606f08e9038b9bbbadc596bb4fa861f331ee6bfdb70a5c71433bbcb022860,0,recovered_practice_engine_local,grid_v1,1811.8054280000008,2155.1051449999995,0.0,0.0,491.93974399999973,9.094947017729282e-13
271,ce4c13f948c574d49458836b164fe61d5cdae6f4d60e0fdeb7ea3e7d284e1a77,sha256_new_design,3,P3_current_grid_v1,FULL_CLEAR,user_exit,10,10,1.0,,356.7954528,3567.954528,13994.772639249566,0.4667960000006133,cpu,0,0,10,0,0,121,114,f646560a9ee6ee2255038d24f08d28bed39916b903e10ada4d73d4781204966c,8b4dfa220ddbd8e339a063796bcdd0f3591fde184aa7d115847c7e21927d4393,582606f08e9038b9bbbadc596bb4fa861f331ee6bfdb70a5c71433bbcb022860,0,recovered_practice_engine_local,grid_v1,1564.083223,1682.6812710000002,0.0,0.0,321.19003399999986,4.547473508864641e-13
272,3312b4f1a287e0cef1841c3dee782d1112794667784da51f4bb2bff07b6c43a1,sha256_new_design,3,P3_current_grid_v1,FULL_CLEAR,user_exit,16,16,1.0,,330.840502,5293.448032,22877.24015721505,0.6750233999991906,cpu,0,0,16,0,0,108,98,f646560a9ee6ee2255038d24f08d28bed39916b903e10ada4d73d4781204966c,63f9041ecc467767e36d0daec628d123e1e0f8d5d94c88e43f5899349d4cceec,582606f08e9038b9bbbadc596bb4fa861f331ee6bfdb70a5c71433bbcb022860,0,recovered_practice_engine_local,grid_v1,1976.575877999999,3015.0830160000014,0.0,0.0,301.78913800000015,0.0
273,b298706b798655d02cd5390fe148ffde6898ca0ef625ac809f89073b2e59c8db,sha256_new_design,3,P3_current_grid_v1,FULL_CLEAR,user_exit,10,10,1.0,,428.6026848,4286.026848,17600.13423552707,0.551241499999378,cpu,0,0,10,0,0,121,111,f646560a9ee6ee2255038d24f08d28bed39916b903e10ada4d73d4781204966c,5284ba101ad8b37bf47ae7a38f0e82c929b869dfd1f364a2a409abec61fb8e57,582606f08e9038b9bbbadc596bb4fa861f331ee6bfdb70a5c71433bbcb022860,0,recovered_practice_engine_local,grid_v1,2355.277524,1767.730711,0.0,0.0,163.0186130000007,9.094947017729282e-13
274,473125969d4220a288cce2786e3f354df6faf5407b2725a32ff2a6d311e9ed8b,sha256_new_design,3,P3_current_grid_v1,FULL_CLEAR,user_exit,11,11,1.0,,373.3260810909091,4106.586892,17127.934457637708,0.5240446000007069,cpu,0,0,11,0,0,106,96,f646560a9ee6ee2255038d24f08d28bed39916b903e10ada4d73d4781204966c,2b3215cb41c7ed110d79979998e78e157acd3e331c4da601f031d15261c38af8,582606f08e9038b9bbbadc596bb4fa861f331ee6bfdb70a5c71433bbcb022860,0,recovered_practice_engine_local,grid_v1,1907.349134,2024.5598399999992,0.0,0.0,174.67791800000094,0.0
275,16b7c972cbeab6a432565c18c8645d13c0a98b60a16825240e507edb55562c52,sha256_new_design,3,P3_current_grid_v1,FULL_CLEAR,user_exit,12,12,1.0,,316.30801283333335,3795.696154,15668.480774237227,0.5744567999990977,cpu,0,0,12,0,0,102,92,f646560a9ee6ee2255038d24f08d28bed39916b903e10ada4d73d4781204966c,cd7daece412518d3b3aed2f76a7157a6f158b64253efcb8c1a8042143b2ac755,582606f08e9038b9bbbadc596bb4fa861f331ee6bfdb70a5c71433bbcb022860,0,recovered_practice_engine_local,grid_v1,1719.996126,1724.588957,0.0,0.0,351.11107100000027,0.0
276,97d80d4f862e21ec78a03669b6b7714d8c40b51a8a699ba5ea7c5388c456ab65,sha256_new_design,3,P3_current_grid_v1,FULL_CLEAR,user_exit,13,13,1.0,,337.7123555384615,4390.260622,18801.303107771975,0.6182427999992797,cpu,0,0,13,0,0,96,85,f646560a9ee6ee2255038d24f08d28bed39916b903e10ada4d73d4781204966c,fc52fd718cf183f64320d390ba1914a22e953135eadf31f365561d88c405f9e6,582606f08e9038b9bbbadc596bb4fa861f331ee6bfdb70a5c71433bbcb022860,0,recovered_practice_engine_local,grid_v1,1952.3566579999995,2129.3593610000003,0.0,0.0,308.5446029999999,0.0
277,c83ae3de7db37617ad950b94a25f87cc42b60db935cff9b2fe074de8513d1bd9,sha256_new_design,3,P3_current_grid_v1,FULL_CLEAR,user_exit,12,12,1.0,,355.76455708333333,4269.174685,17715.87343404203,0.6928083000002516,cpu,0,0,12,0,0,113,101,f646560a9ee6ee2255038d24f08d28bed39916b903e10ada4d73d4781204966c,60e473238b60a14b1d20bf9a49febcd10b9f1c389075febc70a46eae705a2c6a,582606f08e9038b9bbbadc596bb4fa861f331ee6bfdb70a5c71433bbcb022860,0,recovered_practice_engine_local,grid_v1,2017.485043,2122.2261080000003,0.0,0.0,129.46353400000004,9.094947017729282e-13
278,dfe1205dde27cc9dab8c3f62a025211b23cb97587ecf7c0131b85e021d24b251,sha256_new_design,3,P3_current_grid_v1,FULL_CLEAR,user_exit,13,13,1.0,,263.3356303846154,3423.363195,13356.815972924629,0.4098653999990347,cpu,2,137,26,15,0,109,103,f646560a9ee6ee2255038d24f08d28bed39916b903e10ada4d73d4781204966c,3a1e2d4483a9c98a27086ba59f6c24994345af3857c29f85def7628ea105e5b9,582606f08e9038b9bbbadc596bb4fa861f331ee6bfdb70a5c71433bbcb022860,0,recovered_practice_engine_local,grid_v1,1200.095782,1198.122085,0.0,395.546374,629.5989539999998,0.0
279,4fe35a3de7afd3a63131b81708392d873f71e3df0662118f3805869d21b8bf78,sha256_new_design,3,P3_current_grid_v1,FULL_CLEAR,user_exit,13,13,1.0,,350.8025831538462,4560.433581,19232.167894438153,0.6046651000015117,cpu,0,0,13,0,0,110,99,f646560a9ee6ee2255038d24f08d28bed39916b903e10ada4d73d4781204966c,4990e059dff753c59706643511e2f0f43603e51c3a016817af78035f23896a7a,582606f08e9038b9bbbadc596bb4fa861f331ee6bfdb70a5c71433bbcb022860,0,recovered_practice_engine_local,grid_v1,1985.9677160000008,2232.1233509999993,0.0,0.0,342.3425140000003,0.0
280,91de82b5b6845ffb22df67aecc967790ba4eb20f2e36903e0da59e1bbf5104d7,sha256_new_design,3,P3_current_grid_v1,FULL_CLEAR,user_exit,14,14,1.0,,287.80459707142853,4029.264359,16901.321790481434,0.5494570999999269,cpu,0,0,14,0,0,98,89,f646560a9ee6ee2255038d24f08d28bed39916b903e10ada4d73d4781204966c,71582023b94d8763e236aca92bf29a5cb9f9d4d8cdbf212b90e1873602afd76b,582606f08e9038b9bbbadc596bb4fa861f331ee6bfdb70a5c71433bbcb022860,0,recovered_practice_engine_local,grid_v1,1668.9803539999996,1879.244948,0.0,0.0,481.0390570000003,4.547473508864641e-13
281,a065c7dcba8be8c114430884aa77912a1afffc22efcb2c6b69557682d88447c6,sha256_new_design,3,P3_current_grid_v1,FULL_CLEAR,user_exit,15,15,1.0,,277.08380693333334,4156.257104,17696.285520830403,0.6359995999991952,cpu,0,0,15,0,0,92,82,f646560a9ee6ee2255038d24f08d28bed39916b903e10ada4d73d4781204966c,77fb6dc5545e19415d08c05ed2ba05bed06c40c1cff2e61083860f7876915f1a,582606f08e9038b9bbbadc596bb4fa861f331ee6bfdb70a5c71433bbcb022860,0,recovered_practice_engine_local,grid_v1,1653.3455629999994,1912.5890840000002,0.0,0.0,590.3224570000004,0.0
282,d770912cb60bc809ff0ade4c922fa2e48f49e08e760e10f39b6fad070001ae79,sha256_new_design,3,P3_current_grid_v1,FULL_CLEAR,user_exit,15,15,1.0,,286.8859626666666,4303.28944,17771.447191010804,0.6554075999993074,cpu,0,0,15,0,0,114,104,f646560a9ee6ee2255038d24f08d28bed39916b903e10ada4d73d4781204966c,ee218fd55a67dd3c3d0c5f107aebefc11708b933cda62b7c9e16921123f7e4df,582606f08e9038b9bbbadc596bb4fa861f331ee6bfdb70a5c71433bbcb022860,0,recovered_practice_engine_local,grid_v1,1556.295631,2386.8144180000004,0.0,0.0,360.1793909999996,0.0
283,784f17a46998e17f112cffa6f4e7c8e56588c8dabd3aa02ebb1c32e44a3ffb1e,sha256_new_design,3,P3_current_grid_v1,FULL_CLEAR,user_exit,10,10,1.0,,336.967258,3369.67258,13033.362903861222,0.3648687999993854,cpu,0,0,10,0,0,120,113,f646560a9ee6ee2255038d24f08d28bed39916b903e10ada4d73d4781204966c,b8e6a3e103b91f93f79348b72efacd291274de362e5d44891bc9aebf4cac9dee,582606f08e9038b9bbbadc596bb4fa861f331ee6bfdb70a5c71433bbcb022860,0,recovered_practice_engine_local,grid_v1,1501.6673230000006,1256.7788689999998,0.0,0.0,611.2263879999996,0.0
284,8b33120b2c095fea489b41e2990e29db28143840ba1b161329f50858f1c9fdb0,sha256_new_design,3,P3_current_grid_v1,FULL_CLEAR,user_exit,14,14,1.0,,236.40733392857143,3309.702675,13258.513374943075,0.4550604000014573,cpu,0,0,14,0,0,99,93,f646560a9ee6ee2255038d24f08d28bed39916b903e10ada4d73d4781204966c,8991145a3f6430c41679ea952464ab1d7d6fd4b635994f375c86e5ce6a4a4ebe,582606f08e9038b9bbbadc596bb4fa861f331ee6bfdb70a5c71433bbcb022860,0,recovered_practice_engine_local,grid_v1,1504.4130490000002,1301.909636,0.0,0.0,503.3799899999998,0.0
285,b3faae8281944c45ba0c1a925a3ab398e11f484c2023ded336b370229f254203,sha256_new_design,3,P3_current_grid_v1,FULL_CLEAR,user_exit,12,12,1.0,,290.26397925,3483.167751,13995.8387430077,0.39831600000070466,cpu,0,0,12,0,0,105,99,f646560a9ee6ee2255038d24f08d28bed39916b903e10ada4d73d4781204966c,b9f669827018696dbc2ed7ba90b1a79d25d9ba6c0f6288c450bdbdf011a7dd28,582606f08e9038b9bbbadc596bb4fa861f331ee6bfdb70a5c71433bbcb022860,0,recovered_practice_engine_local,grid_v1,1583.879254,1385.8657779999996,0.0,0.0,513.4227190000006,4.547473508864641e-13
286,755ceb432b2875e91e1bb0d6aad7606306b0fbc2abc78b218fff615a4aaa9177,sha256_new_design,3,P3_current_grid_v1,FULL_CLEAR,user_exit,14,14,1.0,,281.789557,3945.053798,15855.268986624911,0.4594935000004625,cpu,0,0,14,0,0,118,114,f646560a9ee6ee2255038d24f08d28bed39916b903e10ada4d73d4781204966c,028bc4be2499c33e5523ba8c8062da75bbc8496f3aa4f802c84965a51a22106e,582606f08e9038b9bbbadc596bb4fa861f331ee6bfdb70a5c71433bbcb022860,0,recovered_practice_engine_local,grid_v1,1789.668016,1280.2260580000002,0.0,0.0,875.1597239999996,0.0
287,a79a2595c4ae8558e60e4bdef786c55974bdde1744d9f7655f039e37b87322fc,sha256_new_design,3,P3_current_grid_v1,FULL_CLEAR,user_exit,16,16,1.0,,276.4802304375,4423.683687,19033.41842800741,0.6112393000003067,cpu,0,0,16,0,0,91,82,f646560a9ee6ee2255038d24f08d28bed39916b903e10ada4d73d4781204966c,84533cf751a5f2945fd76a413b7020c5fbff53486fbc1082f7e7fcedf7a03b25,582606f08e9038b9bbbadc596bb4fa861f331ee6bfdb70a5c71433bbcb022860,0,recovered_practice_engine_local,grid_v1,1613.8071719999996,2269.945815000001,0.0,0.0,539.9306999999992,0.0
288,1548da85d6c6e39eb890c305e8d66c0fd204ecd3c3c6cc267e1a045f97fe7a4a,sha256_new_design,3,P3_current_grid_v1,FULL_CLEAR,user_exit,16,16,1.0,,275.9547888125,4415.276621,18911.383107882073,0.5717342999996617,cpu,1,24,27,12,0,88,80,f646560a9ee6ee2255038d24f08d28bed39916b903e10ada4d73d4781204966c,bfcb1da4b93e5f7dc7b20f5c1fd75b6e02a0cfde063cdc0ef0385630bcb2a2bb,582606f08e9038b9bbbadc596bb4fa861f331ee6bfdb70a5c71433bbcb022860,0,recovered_practice_engine_local,grid_v1,1534.1292299999998,1924.058414,0.0,411.22732700000006,545.86165,0.0
289,642035ee7a8b3a9f6db2b0b5c02f609a31e6a048dae65fdafe2b5b04a71d5371,sha256_new_design,3,P3_current_grid_v1,FULL_CLEAR,user_exit,13,13,1.0,,344.21459015384613,4474.789672,19193.948362948275,0.5670366000013018,cpu,0,0,13,0,0,97,86,f646560a9ee6ee2255038d24f08d28bed39916b903e10ada4d73d4781204966c,c0fd68d5b98f87f096feb95b8d08d98a0cd6848919f0bcef93270520ce64c116,582606f08e9038b9bbbadc596bb4fa861f331ee6bfdb70a5c71433bbcb022860,0,recovered_practice_engine_local,grid_v1,1712.9456299999997,2330.942776,0.0,0.0,430.90126600000036,0.0
290,bd2e431257b79d19697309c4056dc56f6974924dfee9a55c162eb2cf4b8a8f9a,sha256_new_design,3,P3_current_grid_v1,FULL_CLEAR,user_exit,14,14,1.0,,305.6736753571428,4279.431455,18052.157267651473,0.481808299999102,cpu,0,0,14,0,0,101,94,f646560a9ee6ee2255038d24f08d28bed39916b903e10ada4d73d4781204966c,179d44191a7704385ceeb7c9aa759e5ad99de8932e3a26833df7946e35a237e3,582606f08e9038b9bbbadc596bb4fa861f331ee6bfdb70a5c71433bbcb022860,0,recovered_practice_engine_local,grid_v1,1798.7041629999994,1913.7421650000006,0.0,0.0,566.9851269999998,0.0
291,e16f900b8ab87d2f5d1ccb784921405c86775aa89b864a7aa2cd460a41837677,sha256_new_design,3,P3_current_grid_v1,FULL_CLEAR,user_exit,14,14,1.0,,292.5600424285714,4095.840594,17019.202961784722,0.5612799000009545,cpu,0,0,14,0,0,105,97,f646560a9ee6ee2255038d24f08d28bed39916b903e10ada4d73d4781204966c,595c648f8cbe5d46455ba114fd9f3a74c19699778224a50548b1b3d919fe1fa5,582606f08e9038b9bbbadc596bb4fa861f331ee6bfdb70a5c71433bbcb022860,0,recovered_practice_engine_local,grid_v1,1617.637444,1943.5887190000008,0.0,0.0,534.6144309999993,4.547473508864641e-13
292,ce0afeb6fc2100926c123f3fad669d82c1b2c9f2a26057514621ff3d82c23db4,sha256_new_design,3,P3_current_grid_v1,FULL_CLEAR,user_exit,14,14,1.0,,307.7661609285714,4308.726253,17983.63126504665,0.44771359999867855,cpu,0,0,14,0,0,108,102,f646560a9ee6ee2255038d24f08d28bed39916b903e10ada4d73d4781204966c,4d0b5f079b0423cf0ce4ff31d2b3afc033da4b4f319ee735c08414af7bc6e86d,582606f08e9038b9bbbadc596bb4fa861f331ee6bfdb70a5c71433bbcb022860,0,recovered_practice_engine_local,grid_v1,1745.5694979999996,1644.8721300000007,0.0,0.0,918.2846249999997,0.0
293,43dab84257a510dafc19ada1498fb007ee0c2ba1e11b242d5b8f5e94c74f67e3,sha256_new_design,3,P3_current_grid_v1,FULL_CLEAR,user_exit,15,15,1.0,,278.39688793333335,4175.953319,17564.76659001618,0.7077914000001329,cpu,0,0,15,0,0,100,88,f646560a9ee6ee2255038d24f08d28bed39916b903e10ada4d73d4781204966c,93b5e48570b64337da9052efd5a4795bb0ff2cd478bf16cace8a47e79ec5ada7,582606f08e9038b9bbbadc596bb4fa861f331ee6bfdb70a5c71433bbcb022860,0,recovered_practice_engine_local,grid_v1,1588.6240480000001,2260.1192779999997,0.0,0.0,327.20999300000045,0.0
294,3968cf2f68f506d6ea7ca59ddf7bfa1c70cb5ca081c7faf38d6551380c551f9d,sha256_new_design,3,P3_current_grid_v1,FULL_CLEAR,user_exit,14,14,1.0,,324.7895638571428,4547.053894,18370.269478133843,0.43105279999872437,cpu,1,129,53,40,0,115,111,f646560a9ee6ee2255038d24f08d28bed39916b903e10ada4d73d4781204966c,78bfbe136a58586567adefc32a92de3497c0d7353ecba91e5571931a7693b05c,582606f08e9038b9bbbadc596bb4fa861f331ee6bfdb70a5c71433bbcb022860,0,recovered_practice_engine_local,grid_v1,1842.599896,1576.7064110000001,0.0,560.1612679999998,567.5863189999999,0.0
295,c871e6435b36bc6a3401e7b471a6e5c50e9842feb39ffd4369ab6976b60bea66,sha256_new_design,3,P3_current_grid_v1,FULL_CLEAR,user_exit,10,10,1.0,,373.6410884,3736.410884,15057.054421609577,0.2955112999989069,cpu,0,0,10,0,0,113,110,f646560a9ee6ee2255038d24f08d28bed39916b903e10ada4d73d4781204966c,5ab0b4666b4e8f53b2edaa1c28e208bfd38a3736403d86ad21742e038aedda8b,582606f08e9038b9bbbadc596bb4fa861f331ee6bfdb70a5c71433bbcb022860,0,recovered_practice_engine_local,grid_v1,2141.8561349999995,1067.145844,0.0,0.0,527.4089050000005,0.0
296,61d67d75d866ae4b5b1318c7b21d2efa744543c43276d6f646e6b0102ae6730b,sha256_new_design,3,P3_current_grid_v1,FULL_CLEAR,user_exit,10,10,1.0,,364.9105576,3649.105576,14580.527870198091,0.4103524000001926,cpu,0,0,10,0,0,115,108,f646560a9ee6ee2255038d24f08d28bed39916b903e10ada4d73d4781204966c,ab21aa818153bc96039667adab2f8eee27b6fd147b4c9dcacc805865c5caa0ba,582606f08e9038b9bbbadc596bb4fa861f331ee6bfdb70a5c71433bbcb022860,0,recovered_practice_engine_local,grid_v1,1881.2399200000002,1437.7967669999994,0.0,0.0,330.0688890000004,4.547473508864641e-13
297,9f8ea105a0f8b425fc9c516960132c59165ed9f594b422194bd4d794f6067fa6,sha256_new_design,3,P3_current_grid_v1,FULL_CLEAR,user_exit,13,13,1.0,,288.1540642307692,3746.002835,15235.014162483469,0.6203363000004174,cpu,0,0,13,0,0,107,99,f646560a9ee6ee2255038d24f08d28bed39916b903e10ada4d73d4781204966c,e159aa052a2ee3f86f2d78c2642236a92634bc03ea1dc82551a8f54f1e07fd84,582606f08e9038b9bbbadc596bb4fa861f331ee6bfdb70a5c71433bbcb022860,0,recovered_practice_engine_local,grid_v1,1344.7457429999997,2027.5144219999995,0.0,0.0,373.7426700000006,0.0
298,e2d067ed3dad3d4829105cac41f2f69c94ddff7da4edd465ec79d193deb1ebe0,sha256_new_design,3,P3_current_grid_v1,FULL_CLEAR,user_exit,15,15,1.0,,279.5203748,4192.805622,17509.02811007712,0.6260130999999092,cpu,0,0,15,0,0,104,96,f646560a9ee6ee2255038d24f08d28bed39916b903e10ada4d73d4781204966c,804bce0327edf0881c75d696a6242bffb23df856ed1cba1e1e9e6c7861b3b9c3,582606f08e9038b9bbbadc596bb4fa861f331ee6bfdb70a5c71433bbcb022860,0,recovered_practice_engine_local,grid_v1,1843.1125279999992,1766.7281939999996,0.0,0.0,582.9649000000011,0.0
299,be16015db3ceb0b61de8dc71cc864467ee1bb174220f1b21b98b0f46c6c4f3d3,sha256_new_design,3,P3_current_grid_v1,FULL_CLEAR,user_exit,15,15,1.0,,280.4149814,4206.224721,17511.123611415154,0.5680196000012074,cpu,0,0,15,0,0,106,99,f646560a9ee6ee2255038d24f08d28bed39916b903e10ada4d73d4781204966c,e7599ed8e2c2b1f5cee06311fdc96010b3fbd7ef8c4c792908c3f2ea634aef45,582606f08e9038b9bbbadc596bb4fa861f331ee6bfdb70a5c71433bbcb022860,0,recovered_practice_engine_local,grid_v1,1962.3374920000003,1532.5523210000003,0.0,0.0,711.3349079999989,0.0
300,c5a6a4109c0888085001a62e9a939573dfc3a9188630cddb899dfb7c060e27dd,sha256_new_design,3,P3_current_grid_v1,FULL_CLEAR,user_exit,15,15,1.0,,291.75009193333335,4376.251379,18266.25690696711,0.6048038999997516,cpu,0,0,15,0,0,109,103,f646560a9ee6ee2255038d24f08d28bed39916b903e10ada4d73d4781204966c,40873b84d1b12c9348ef558e35bbdee5dc03a93da9ca855153e2fdc513c8f949,582606f08e9038b9bbbadc596bb4fa861f331ee6bfdb70a5c71433bbcb022860,0,recovered_practice_engine_local,grid_v1,1378.7917759999998,2400.7209089999997,0.0,0.0,596.7386940000008,0.0
301,ac0eeec652e35f8976c38110a11d99ee4f3421038247886255328140b163eed7,sha256_new_design,3,P3_current_grid_v1,FULL_CLEAR,user_exit,15,15,1.0,,293.8942908,4408.414362,18837.07181222469,0.6570047000004706,cpu,0,0,15,0,0,96,86,f646560a9ee6ee2255038d24f08d28bed39916b903e10ada4d73d4781204966c,e86a1b4b657b9fbe1aaca3353b5a9c36a38a5ae84a06783ef6478993257a9c15,582606f08e9038b9bbbadc596bb4fa861f331ee6bfdb70a5c71433bbcb022860,0,recovered_practice_engine_local,grid_v1,1764.4133260000003,2165.9107199999994,0.0,0.0,478.0903160000007,0.0
302,bd3dba88613f13028bf7bb856c98ad562d420c624c10dd1c986803dd01b1f9f1,sha256_new_design,3,P3_current_grid_v1,FULL_CLEAR,user_exit,12,12,1.0,,303.61636375,3643.396365,14136.98181278907,0.4493044999999256,cpu,0,0,12,0,0,127,121,f646560a9ee6ee2255038d24f08d28bed39916b903e10ada4d73d4781204966c,5e91c68219cb6589415dde86ce016a304a1a6789aeaf3e8926f90bb4c2e7f424,582606f08e9038b9bbbadc596bb4fa861f331ee6bfdb70a5c71433bbcb022860,0,recovered_practice_engine_local,grid_v1,1786.8293879999997,1465.152345,0.0,0.0,391.41463200000044,0.0
303,a6b5909d33fa13f41f72547065b3a24b8eb7c926bbc95d0566becbf219ac8c61,sha256_new_design,3,P3_current_grid_v1,FULL_CLEAR,user_exit,16,16,1.0,,274.0366835,4384.586936,18062.934677072455,0.6517946999993001,cpu,0,0,16,0,0,117,107,f646560a9ee6ee2255038d24f08d28bed39916b903e10ada4d73d4781204966c,25527136e99c1fa0bb3852664445f15a5216a91672c8e9fbfc62b8e670014818,582606f08e9038b9bbbadc596bb4fa861f331ee6bfdb70a5c71433bbcb022860,0,recovered_practice_engine_local,grid_v1,1545.0464479999998,2305.183552000001,0.0,0.0,534.3569359999985,9.094947017729282e-13
304,4ac06d4d6b9f18264d2a3c930c4e37160b51b48a994f7587d9638a130f8dbeff,sha256_new_design,3,P3_current_grid_v1,FULL_CLEAR,user_exit,13,13,1.0,,312.4216494615385,4061.481443,16622.407218801312,0.5213878999984445,cpu,0,0,13,0,0,113,107,f646560a9ee6ee2255038d24f08d28bed39916b903e10ada4d73d4781204966c,d8b4cba3bcc4594c215350c30f8a1b245fbcde1d2043ce43492070c9843fba00,582606f08e9038b9bbbadc596bb4fa861f331ee6bfdb70a5c71433bbcb022860,0,recovered_practice_engine_local,grid_v1,1456.9130810000001,1808.6198160000001,0.0,0.0,795.9485459999999,4.547473508864641e-13
305,43488b7d4ef8474e094401a93b7e3564d64c7f76cf6b23b9f63150b960dd2ba2,sha256_new_design,3,P3_current_grid_v1,FULL_CLEAR,user_exit,16,16,1.0,,260.1399365,4162.238984,17571.19490412043,0.5924696000001859,cpu,0,0,16,0,0,96,88,f646560a9ee6ee2255038d24f08d28bed39916b903e10ada4d73d4781204966c,18424af36cbf37de2654dbb2860f0af639d28ed371ed388c5e3c142c52344472,582606f08e9038b9bbbadc596bb4fa861f331ee6bfdb70a5c71433bbcb022860,0,recovered_practice_engine_local,grid_v1,1543.3653580000002,2006.182507,0.0,0.0,612.6911189999994,0.0
306,1c98b0acecb38f668a506387b2098fa851a68592867cb74166ab0144c4605406,sha256_new_design,3,P3_current_grid_v1,FULL_CLEAR,user_exit,10,10,1.0,,386.1546409,3861.546409,15432.732040411931,0.4005781999985629,cpu,0,0,10,0,0,122,115,f646560a9ee6ee2255038d24f08d28bed39916b903e10ada4d73d4781204966c,8de5e0a13db5c7b18788f9687f482fd1c98815021eac4684e10a2b6df0c2e0aa,582606f08e9038b9bbbadc596bb4fa861f331ee6bfdb70a5c71433bbcb022860,0,recovered_practice_engine_local,grid_v1,2016.0570920000005,1631.5906959999998,0.0,0.0,213.89862099999982,0.0
307,ea56398490efadd8f2658b259e87190fb28f093813567a1c57d10319ca7a67df,sha256_new_design,3,P3_current_grid_v1,FULL_CLEAR,user_exit,15,15,1.0,,272.5329804,4087.994706,16934.973526162325,0.45494030000008934,cpu,0,0,15,0,0,105,101,f646560a9ee6ee2255038d24f08d28bed39916b903e10ada4d73d4781204966c,6fcf0bc7c1c106d8a257aa4d0bb8d44ccf6029db1f223359168ba138795256b1,582606f08e9038b9bbbadc596bb4fa861f331ee6bfdb70a5c71433bbcb022860,0,recovered_practice_engine_local,grid_v1,1707.762726,1204.7255220000002,0.0,0.0,1175.5064579999998,0.0
308,6092609db1746032ed3e1db5d3383fb218cbb8f90daad62efc8d04851cc630b3,sha256_new_design,3,P3_current_grid_v1,FULL_CLEAR,user_exit,14,14,1.0,,291.5558637142857,4081.782092,16943.91045239631,0.5648165999991761,cpu,0,0,14,0,0,105,98,f646560a9ee6ee2255038d24f08d28bed39916b903e10ada4d73d4781204966c,21f7a3aff4de06bb87e6d5b977db6c98391f10b90ab388f7ab3d7bf033bcbc5a,582606f08e9038b9bbbadc596bb4fa861f331ee6bfdb70a5c71433bbcb022860,0,recovered_practice_engine_local,grid_v1,1777.3925480000003,1721.4808910000002,0.0,0.0,582.9086529999995,0.0
309,9a0ac3cbcdd2b092604dce804387030740fe96f3e43274c3b5538f876fc8748c,sha256_new_design,3,P3_current_grid_v1,FULL_CLEAR,user_exit,11,11,1.0,,345.3444830909091,3798.789314,15743.946567200579,0.38146169999890844,cpu,0,0,11,0,0,100,95,f646560a9ee6ee2255038d24f08d28bed39916b903e10ada4d73d4781204966c,2fbd62df36cf5824f779c5f83b5a832e05e7b6155e459f61c0f47b283fc7aab2,582606f08e9038b9bbbadc596bb4fa861f331ee6bfdb70a5c71433bbcb022860,0,recovered_practice_engine_local,grid_v1,1877.7941600000004,1410.7096880000001,0.0,0.0,510.2854659999996,4.547473508864641e-13
310,7494813765f04589189d0689db87b82d41096a9c75c5bf9080c2aa49f4e79d4e,sha256_new_design,3,P3_current_grid_v1,FULL_CLEAR,user_exit,16,16,1.0,,243.275642,3892.410272,16077.051358897552,0.4912566999992123,cpu,1,15,21,6,0,98,92,f646560a9ee6ee2255038d24f08d28bed39916b903e10ada4d73d4781204966c,0147827675da1fb51fb6c036f4b1ef90d868c3488989590ba0ccbcc2617d4ac1,582606f08e9038b9bbbadc596bb4fa861f331ee6bfdb70a5c71433bbcb022860,0,recovered_practice_engine_local,grid_v1,1311.2770590000005,1287.8630099999996,0.0,498.7070530000001,794.56315,0.0
311,f38b4946de1187b460d4ceb0f72df9ae8fd77ad9f383ccee1307a2f9b161532f,sha256_new_design,3,P3_current_grid_v1,FULL_CLEAR,user_exit,13,13,1.0,,270.4696230769231,3516.1051,13795.525494367472,0.45438060000014957,cpu,0,0,13,0,0,116,112,f646560a9ee6ee2255038d24f08d28bed39916b903e10ada4d73d4781204966c,f82b3869411c20586707dd36c03b2871632a6a0b51f2e2063f2e2e30e7da0c38,582606f08e9038b9bbbadc596bb4fa861f331ee6bfdb70a5c71433bbcb022860,0,recovered_practice_engine_local,grid_v1,1705.7040630000001,1273.620395,0.0,0.0,536.7806420000002,0.0
312,04ac3add1ca2a7a7ca96c56bf0bc4d9964d00237856b65c412634d286fd42a97,sha256_new_design,3,P3_current_grid_v1,FULL_CLEAR,user_exit,14,14,1.0,,344.88790871428574,4828.430722,20467.153616899028,0.6225537000009354,cpu,0,0,14,0,0,112,105,f646560a9ee6ee2255038d24f08d28bed39916b903e10ada4d73d4781204966c,8fe6423996a096490c1a7ef6bbce758bc8092414dfb32c5a29984788dce91ba9,582606f08e9038b9bbbadc596bb4fa861f331ee6bfdb70a5c71433bbcb022860,0,recovered_practice_engine_local,grid_v1,2280.770912,2090.1197559999996,0.0,0.0,457.54005400000074,9.094947017729282e-13
313,74a89657c031942812ee11cd1d91f5434eaf910db9c853a312efb3e03d0ed45f,sha256_new_design,3,P3_current_grid_v1,FULL_CLEAR,user_exit,14,14,1.0,,261.0588914285714,3654.82448,14679.122394430375,0.5397009999996953,cpu,0,0,14,0,0,109,104,f646560a9ee6ee2255038d24f08d28bed39916b903e10ada4d73d4781204966c,9c2f16f217fe2e77cb4a7df62f586b6d100725a52b9463bad587c007ae7de317,582606f08e9038b9bbbadc596bb4fa861f331ee6bfdb70a5c71433bbcb022860,0,recovered_practice_engine_local,grid_v1,1367.6611859999998,1781.152078,0.0,0.0,506.01121600000033,0.0
314,a4854f029457f0cf94a256a8177aa0085a41362fa792f6a505d1d7dda438e2b9,sha256_new_design,3,P3_current_grid_v1,FULL_CLEAR,user_exit,16,16,1.0,,443.960242625,7103.363882,31031.81938674712,0.5776397999998153,cpu,1,144,95,80,0,98,90,f646560a9ee6ee2255038d24f08d28bed39916b903e10ada4d73d4781204966c,e52a947efdc491baa419db2903eebdcb6aea795981333697edfa5d432c235f82,582606f08e9038b9bbbadc596bb4fa861f331ee6bfdb70a5c71433bbcb022860,0,recovered_practice_engine_local,grid_v1,1661.2318869999997,2016.286888999999,0.0,2870.2528089999996,555.5922970000013,0.0
315,a4c0d2f226d90c69205b6efef642e06601a3d8a1caaf2ed77d906017f469d32c,sha256_new_design,3,P3_current_grid_v1,FULL_CLEAR,user_exit,16,16,1.0,,270.8855504375,4334.168807,18305.844035028895,0.7735300000003917,cpu,0,0,16,0,0,101,88,f646560a9ee6ee2255038d24f08d28bed39916b903e10ada4d73d4781204966c,025cbcb7d818af189ff08aa7092b092ad2fbf68fe8b8a45da86ffe8028e102f6,582606f08e9038b9bbbadc596bb4fa861f331ee6bfdb70a5c71433bbcb022860,0,recovered_practice_engine_local,grid_v1,1582.7369720000002,2323.303570999999,0.0,0.0,428.1282640000006,0.0
316,ee79f3b1e1df32676c6306f634daa3d07537d38330d51be94bb47d50dd3b8121,sha256_new_design,3,P3_current_grid_v1,FULL_CLEAR,user_exit,12,12,1.0,,300.5610310833333,3606.732373,14428.661879582203,0.4152221999993344,cpu,1,12,16,5,0,109,104,f646560a9ee6ee2255038d24f08d28bed39916b903e10ada4d73d4781204966c,0d101d29404357474d6cbbdf3aa707ff39235089f7547fcc9cf942181f424205,582606f08e9038b9bbbadc596bb4fa861f331ee6bfdb70a5c71433bbcb022860,0,recovered_practice_engine_local,grid_v1,1665.188803,1268.6446950000004,0.0,299.17723499999965,373.7216399999995,0.0
317,978c7efdc717c4440845d7f048a6d425e43f3c58f6aef93f39a650b4cd536bfb,sha256_new_design,3,P3_current_grid_v1,FULL_CLEAR,user_exit,15,15,1.0,,276.1187634666667,4141.781452,16983.90725572832,0.6246577000001707,cpu,0,0,15,0,0,113,105,f646560a9ee6ee2255038d24f08d28bed39916b903e10ada4d73d4781204966c,d522d25dbd01af92cc385c06e6b4d5050f689d78f3d9b0fc9dc601810cd0ee25,582606f08e9038b9bbbadc596bb4fa861f331ee6bfdb70a5c71433bbcb022860,0,recovered_practice_engine_local,grid_v1,1807.2216540000004,1882.151983,0.0,0.0,452.4078149999998,0.0
318,a86cc0ddc589b07998f70774bf0f3a594106c04cc5bcc3536ceddfb336ee01b7,sha256_new_design,3,P3_current_grid_v1,FULL_CLEAR,user_exit,11,11,1.0,,317.54221,3492.96431,13844.821558024618,0.4151762999990751,cpu,0,0,11,0,0,113,104,f646560a9ee6ee2255038d24f08d28bed39916b903e10ada4d73d4781204966c,912ee74e00cbc54de990f92f67836b8743319168fb18d40e2cfefc451e7c2c76,582606f08e9038b9bbbadc596bb4fa861f331ee6bfdb70a5c71433bbcb022860,0,recovered_practice_engine_local,grid_v1,1745.0128629999995,1366.2956850000003,0.0,0.0,381.65576200000004,0.0
319,7f83bcc50d81e1dbc299e4f1c9b90c865a19cb21c5560fdda24d6183f7ddecfc,sha256_new_design,3,P3_current_grid_v1,FULL_CLEAR,user_exit,16,16,1.0,,300.481292375,4807.700678,20798.50339205516,0.767817500000092,cpu,0,0,16,0,0,97,83,f646560a9ee6ee2255038d24f08d28bed39916b903e10ada4d73d4781204966c,4ff1cde00efcffdac9884c2c45d3d295f8d4343cde7dce3d3c6d26b1930d46a4,582606f08e9038b9bbbadc596bb4fa861f331ee6bfdb70a5c71433bbcb022860,0,recovered_practice_engine_local,grid_v1,1497.033028999999,3018.905013000001,0.0,0.0,291.76263600000044,0.0
320,c254076e0c1008e60a10302f9bef7662d29b4cca6a1a61cd3bf0f1b1288057da,sha256_new_design,3,P3_current_grid_v1,FULL_CLEAR,user_exit,16,16,1.0,,221.54166325,3544.666612,14318.33305696523,0.5943781999994826,cpu,0,0,16,0,0,101,96,f646560a9ee6ee2255038d24f08d28bed39916b903e10ada4d73d4781204966c,981f455c51a5a9ed4b77893e8b75d3ad33b2067eb282e4fdd30a5039d5698f92,582606f08e9038b9bbbadc596bb4fa861f331ee6bfdb70a5c71433bbcb022860,0,recovered_practice_engine_local,grid_v1,1342.6507740000002,1668.9217999999994,0.0,0.0,533.0940380000004,0.0
321,ea8f1c51856caa9ee9f10503d83d010a5898dcc8bd170d04e72f5794e77b61e4,sha256_new_design,3,P3_current_grid_v1,FULL_CLEAR,user_exit,14,14,1.0,,271.73609271428575,3804.305298,15661.526509464933,0.5819974000005459,cpu,0,0,14,0,0,101,97,f646560a9ee6ee2255038d24f08d28bed39916b903e10ada4d73d4781204966c,01ccd73c73d6c1ba402d1396d7c72725f39a8d7fafbf8d8c1e476942b8514032,582606f08e9038b9bbbadc596bb4fa861f331ee6bfdb70a5c71433bbcb022860,0,recovered_practice_engine_local,grid_v1,1566.1950430000002,1600.5242709999995,0.0,0.0,637.5859840000006,4.547473508864641e-13
322,499ceeae0cd934b3f951c1889f7baba957a48d3bd676c42e4619a67b3022c9e7,sha256_new_design,3,P3_current_grid_v1,FULL_CLEAR,user_exit,15,15,1.0,,310.9052534,4663.578801,20287.89401288444,0.6132856000003812,cpu,0,0,15,0,0,90,81,f646560a9ee6ee2255038d24f08d28bed39916b903e10ada4d73d4781204966c,a720779a9c0a413dd23dc409d03d931b3dc5a7ccb0f3e6653fbba430ae6b552d,582606f08e9038b9bbbadc596bb4fa861f331ee6bfdb70a5c71433bbcb022860,0,recovered_practice_engine_local,grid_v1,2057.817989,2144.3746899999996,0.0,0.0,461.38612199999983,0.0
323,5cbec67448dd434e50f419b33ba61f3ad321e2de50d64180cf6a55568efbea4e,sha256_new_design,3,P3_current_grid_v1,FULL_CLEAR,user_exit,15,15,1.0,,295.3871906,4430.807859,18704.03929858631,0.709609300000011,cpu,0,0,15,0,0,104,95,f646560a9ee6ee2255038d24f08d28bed39916b903e10ada4d73d4781204966c,629f4799f8c6fc6303d57c561bcf9c4589a8c034c29b5082b2d885a11580d037,582606f08e9038b9bbbadc596bb4fa861f331ee6bfdb70a5c71433bbcb022860,0,recovered_practice_engine_local,grid_v1,1210.7414590000008,2764.309991,0.0,0.0,455.7564089999989,0.0
324,6364202139a56f22a4593bac2c2b49a74274a633454c597e722f367556ec01c1,sha256_new_design,3,P3_current_grid_v1,FULL_CLEAR,user_exit,11,11,1.0,,352.47815854545456,3877.259744,15871.298731806359,0.7015315000007831,cpu,0,0,11,0,0,109,103,f646560a9ee6ee2255038d24f08d28bed39916b903e10ada4d73d4781204966c,c0462eb008b76f9b3ae0df7efa17f8d17f75a99121c6720981b941616ec13da1,582606f08e9038b9bbbadc596bb4fa861f331ee6bfdb70a5c71433bbcb022860,0,recovered_practice_engine_local,grid_v1,1842.1483910000002,1575.2755580000005,0.0,0.0,459.83579499999917,0.0
325,134e344cbbb946d97e2424d063a1a5165bd41b5b12d1ab04ba7e48f650a0ef8c,sha256_new_design,3,P3_current_grid_v1,FULL_CLEAR,user_exit,14,14,1.0,,284.6579312142857,3985.211037,16251.05516808285,0.5666170000004058,cpu,0,0,14,0,0,112,105,f646560a9ee6ee2255038d24f08d28bed39916b903e10ada4d73d4781204966c,87e6829c9aaa1549040b4235147e1a4e8de22702426f4f590db9aefb7c658f73,582606f08e9038b9bbbadc596bb4fa861f331ee6bfdb70a5c71433bbcb022860,0,recovered_practice_engine_local,grid_v1,1690.9196490000004,1697.3011479999989,0.0,0.0,596.9902400000008,0.0
326,b5be8f47b98a42f93f256c588d27dcfd315e72c5f486848d5c8fdd17d3dab7ab,sha256_new_design,3,P3_current_grid_v1,FULL_CLEAR,user_exit,15,15,1.0,,330.920664,4963.80996,21189.049801478417,1.2157143999993423,cpu,0,0,15,0,0,110,101,f646560a9ee6ee2255038d24f08d28bed39916b903e10ada4d73d4781204966c,b3e16f2de770ff974f5604d53a7c13e78df9acbe0b5873a7fa023de59f87b5eb,582606f08e9038b9bbbadc596bb4fa861f331ee6bfdb70a5c71433bbcb022860,0,recovered_practice_engine_local,grid_v1,1860.133842,2523.617212000002,0.0,0.0,580.0589059999977,0.0
327,b403fe791db8ad4d3173e0ca9a91ce4072c0692c390d627b43222711e646f360,sha256_new_design,3,P3_current_grid_v1,FULL_CLEAR,user_exit,14,14,1.0,,275.843434,3861.808076,15899.04038404994,0.8132511000003433,cpu,0,0,14,0,0,103,97,f646560a9ee6ee2255038d24f08d28bed39916b903e10ada4d73d4781204966c,1c5172574782445d47d4285ed7683e980af733e64d492fd27ef17d3c2a1738cc,582606f08e9038b9bbbadc596bb4fa861f331ee6bfdb70a5c71433bbcb022860,0,recovered_practice_engine_local,grid_v1,1737.3674070000002,1632.0033789999995,0.0,0.0,492.43729000000013,0.0
328,6497aa221ff664094556f96ea658b5c94429713d9b3d118225547cb71899ef50,sha256_new_design,3,P3_current_grid_v1,FULL_CLEAR,user_exit,11,11,1.0,,375.48682018181813,4130.355022,17196.775116612014,0.6675614999985555,cpu,0,0,11,0,0,108,96,f646560a9ee6ee2255038d24f08d28bed39916b903e10ada4d73d4781204966c,160b6d5a26672f3ae829af41e9e8b7da1c451262ffe4a48a886c7f1a69c6b95d,582606f08e9038b9bbbadc596bb4fa861f331ee6bfdb70a5c71433bbcb022860,0,recovered_practice_engine_local,grid_v1,1975.4868390000001,1913.9450140000001,0.0,0.0,240.92316899999946,0.0
329,b74ea5e6f925ad20047d0b7fac97d78b9fba2009a2f6ce255ea859b52a91b83d,sha256_new_design,3,P3_current_grid_v1,FULL_CLEAR,user_exit,12,12,1.0,,284.68690775,3416.242893,13286.214469859777,0.5308602999994037,cpu,0,0,12,0,0,117,114,f646560a9ee6ee2255038d24f08d28bed39916b903e10ada4d73d4781204966c,a7f8cc07b9c7171253f26d3c76c71bc039466ed49d415dbc0460cfebba335ff8,582606f08e9038b9bbbadc596bb4fa861f331ee6bfdb70a5c71433bbcb022860,0,recovered_practice_engine_local,grid_v1,1334.741135,1763.3695610000002,0.0,0.0,318.13219699999996,0.0
330,6a46f19ac7726ada9a0bbf3eaba282bef248e1c8b236c96880d8892ff792eb7f,sha256_new_design,3,P3_current_grid_v1,FULL_CLEAR,user_exit,13,13,1.0,,267.8207826153846,3481.670174,13743.350869321679,0.9603583000007347,cpu,0,0,13,0,0,113,103,f646560a9ee6ee2255038d24f08d28bed39916b903e10ada4d73d4781204966c,164b7a67daceaece46de3372e8e2d3df54a76954eb574c10e46094d90fbddfcf,582606f08e9038b9bbbadc596bb4fa861f331ee6bfdb70a5c71433bbcb022860,0,recovered_practice_engine_local,grid_v1,1645.198519,1695.6844000000008,0.0,0.0,140.78725499999916,0.0
331,fd67681ca04fa90b5cffde02268e5d6121b864050381adac549ba9f2a317d6b5,sha256_new_design,3,P3_current_grid_v1,FULL_CLEAR,user_exit,16,16,1.0,,386.5236908125,6184.379053,26856.895275183535,1.0294219000006706,cpu,1,168,47,32,0,108,100,f646560a9ee6ee2255038d24f08d28bed39916b903e10ada4d73d4781204966c,98be912609cfce88cbc1eaff0d22c647358da4bd3306f7421a22897245f7565a,582606f08e9038b9bbbadc596bb4fa861f331ee6bfdb70a5c71433bbcb022860,0,recovered_practice_engine_local,grid_v1,1658.7994489999996,2373.987407,0.0,1686.2812239999994,465.3109730000006,0.0
332,248357d9586eed85cfe4bb3fcc8faa50bf9a22acb7248e28d640b93ab0204dda,sha256_new_design,3,P3_current_grid_v1,FULL_CLEAR,user_exit,16,16,1.0,,252.9135194375,4046.616311,16043.081549453225,0.9428942000013194,cpu,1,108,22,7,0,124,120,f646560a9ee6ee2255038d24f08d28bed39916b903e10ada4d73d4781204966c,d5d3fd411cbc403b170c91edc36b8489a1d347fab308ab06f2a2588ec40aed01,582606f08e9038b9bbbadc596bb4fa861f331ee6bfdb70a5c71433bbcb022860,0,recovered_practice_engine_local,grid_v1,1517.5607579999999,1659.4240149999998,0.0,227.80331400000023,641.8282240000003,0.0
333,cc1f7c06217528fb8417be78f90a38d47302a23695804090781ab8303d896411,sha256_new_design,3,P3_current_grid_v1,FULL_CLEAR,user_exit,12,12,1.0,,302.92460966666664,3635.095316,14425.476577518855,0.71371949999957,cpu,0,0,12,0,0,116,110,f646560a9ee6ee2255038d24f08d28bed39916b903e10ada4d73d4781204966c,2d9a54e855d0cdb235883a0a8c29b343155c9c9702ead78fc5df62075475afb3,582606f08e9038b9bbbadc596bb4fa861f331ee6bfdb70a5c71433bbcb022860,0,recovered_practice_engine_local,grid_v1,1959.8547079999998,1323.1718500000002,0.0,0.0,352.0687579999999,0.0
334,ce4641b0b19a087cdceb5a98c9d6600e4b76d8aa703ad3d5629cb54d908c43a2,sha256_new_design,3,P3_current_grid_v1,FULL_CLEAR,user_exit,11,11,1.0,,376.6742724545455,4143.416997,17477.08498586729,0.6633512000007613,cpu,0,0,11,0,0,100,93,f646560a9ee6ee2255038d24f08d28bed39916b903e10ada4d73d4781204966c,0a5f58018cc094d22144ff23dffd164b2fec3318352e513a4630f291b7ddbe81,582606f08e9038b9bbbadc596bb4fa861f331ee6bfdb70a5c71433bbcb022860,0,recovered_practice_engine_local,grid_v1,2052.658627,1633.7753109999996,0.0,0.0,456.9830590000007,0.0
335,70720579e9775cfff2d87098c627053697291ebf4eeb2da242fbab41a1006d33,sha256_new_design,3,P3_current_grid_v1,FULL_CLEAR,user_exit,16,16,1.0,,311.80511375,4988.88182,21629.409097624495,1.1231220999998186,cpu,0,0,16,0,0,99,88,f646560a9ee6ee2255038d24f08d28bed39916b903e10ada4d73d4781204966c,1990d2b97ac27b73784b89d02e9bea8d152acbcdd6688e09c04b20f7545d836e,582606f08e9038b9bbbadc596bb4fa861f331ee6bfdb70a5c71433bbcb022860,0,recovered_practice_engine_local,grid_v1,1625.5097880000008,2729.579941999999,0.0,0.0,633.7920900000003,0.0
336,7b1f6f8cec673f9fcfd66ebb3b5a98ca08252f4c39a8a24ec462f46b685823a7,sha256_new_design,3,P3_current_grid_v1,FULL_CLEAR,user_exit,13,13,1.0,,278.5678797692308,3621.382437,14621.912188270986,0.8406729999987874,cpu,0,0,13,0,0,107,97,f646560a9ee6ee2255038d24f08d28bed39916b903e10ada4d73d4781204966c,588c8b384a3fe5624c0ceca268210f26c895ccf0e00dc361ff0d4767b81d62a3,582606f08e9038b9bbbadc596bb4fa861f331ee6bfdb70a5c71433bbcb022860,0,recovered_practice_engine_local,grid_v1,1543.47504,1605.8710570000007,0.0,0.0,472.03633999999954,0.0
337,5c7b2c38e13dcac4bab8609318c66d12df7c787c18fc6afa54930b3f5d65268e,sha256_new_design,3,P3_current_grid_v1,FULL_CLEAR,user_exit,12,12,1.0,,342.5441349166667,4110.529619,17032.64808668546,0.7778564000000188,cpu,0,0,12,0,0,109,99,f646560a9ee6ee2255038d24f08d28bed39916b903e10ada4d73d4781204966c,74e93a5281d95451191ef91cd61492af65d9b6b2fb68b939f08e5ff30d175a52,582606f08e9038b9bbbadc596bb4fa861f331ee6bfdb70a5c71433bbcb022860,0,recovered_practice_engine_local,grid_v1,1800.8693530000005,1815.1106700000005,0.0,0.0,494.5495959999988,0.0
338,d85c1b69cbaa4f12ccfa79f6e699ef5e8d5bd10a8c7bef7d5ea20bb9e0dbd701,sha256_new_design,3,P3_current_grid_v1,FULL_CLEAR,user_exit,13,13,1.0,,325.686283,4233.921679,17679.60839596229,1.0095220000002882,cpu,0,0,13,0,0,107,98,f646560a9ee6ee2255038d24f08d28bed39916b903e10ada4d73d4781204966c,fd0887a2f0126578324b4b1d341c57a3c80fe5c445b8dc05f32f5c4aa0ed9f82,582606f08e9038b9bbbadc596bb4fa861f331ee6bfdb70a5c71433bbcb022860,0,recovered_practice_engine_local,grid_v1,1867.804351,1955.0454879999995,0.0,0.0,411.07184000000046,0.0
339,7ca95c59233254c9d9d90a37827a0432b6a4d62c3596cf239d039a934bcd7647,sha256_new_design,3,P3_current_grid_v1,FULL_CLEAR,user_exit,13,13,1.0,,323.6441852307692,4207.374408,17741.87203177202,0.8673870000002353,cpu,0,0,13,0,0,100,94,f646560a9ee6ee2255038d24f08d28bed39916b903e10ada4d73d4781204966c,9b01d7647fda6fab80542387cd6de19873f305362387297d3105449ec80774a9,582606f08e9038b9bbbadc596bb4fa861f331ee6bfdb70a5c71433bbcb022860,0,recovered_practice_engine_local,grid_v1,2000.4257800000005,1509.0109039999998,0.0,0.0,697.9377239999997,0.0
340,7fd799010a92685394243fcacb6eef69e18699aec953d6c3edc848c2aebef2e4,sha256_new_design,3,P3_current_grid_v1,FULL_CLEAR,user_exit,12,12,1.0,,279.2113176666667,3350.535812,13402.67907105245,0.8187330000000657,cpu,0,0,12,0,0,103,95,f646560a9ee6ee2255038d24f08d28bed39916b903e10ada4d73d4781204966c,c9ccb2e9a67489f6090dc9bfd22122d03aa2f736f8f4bcb1d7a18de8a8d4432f,582606f08e9038b9bbbadc596bb4fa861f331ee6bfdb70a5c71433bbcb022860,0,recovered_practice_engine_local,grid_v1,1715.5479950000001,1291.7524080000005,0.0,0.0,343.2354089999995,0.0
341,c5c1e97fe16d27905960f25967ee4eea67560315830c707a0d11c5bc47b2e7cd,sha256_new_design,3,P3_current_grid_v1,FULL_CLEAR,user_exit,11,11,1.0,,318.8721668181818,3507.593835,13797.969178561762,0.881835799998953,cpu,0,0,11,0,0,117,108,f646560a9ee6ee2255038d24f08d28bed39916b903e10ada4d73d4781204966c,3bb6bead61eb5fdb5a3c8bc3a595a43e3dfe12b2779bad3d1ffa0b442a5e118c,582606f08e9038b9bbbadc596bb4fa861f331ee6bfdb70a5c71433bbcb022860,0,recovered_practice_engine_local,grid_v1,1401.0453970000005,1614.8521069999997,0.0,0.0,491.6963309999999,4.547473508864641e-13
342,4f2b105f432e2c81de6bcb11748644a3781d1423ebabe2231c9c704099697fc3,sha256_new_design,3,P3_current_grid_v1,FULL_CLEAR,user_exit,15,15,1.0,,269.0617718666667,4035.926578,16459.63287957062,1.1186010999990685,cpu,0,0,15,0,0,113,104,f646560a9ee6ee2255038d24f08d28bed39916b903e10ada4d73d4781204966c,e6c3f06dacf30f9a0909f75e55691db83ae9568bac38e15fd9217c1384c6d968,582606f08e9038b9bbbadc596bb4fa861f331ee6bfdb70a5c71433bbcb022860,0,recovered_practice_engine_local,grid_v1,1529.9665869999997,1737.151921,0.0,0.0,768.8080700000005,0.0
343,5126722f4e811cb19ac231e5e3c4fb953c6820cfcf6c287e1927723a64870395,sha256_new_design,3,P3_current_grid_v1,FULL_CLEAR,user_exit,13,13,1.0,,313.2657357692308,4072.454565,16497.27281754639,0.7927525999984937,cpu,0,0,13,0,0,119,113,f646560a9ee6ee2255038d24f08d28bed39916b903e10ada4d73d4781204966c,8809492a169c77ce1318b687e877307e332524aaf7dfd6030b8fb39b6425554f,582606f08e9038b9bbbadc596bb4fa861f331ee6bfdb70a5c71433bbcb022860,0,recovered_practice_engine_local,grid_v1,1880.1629379999995,1476.9690040000007,0.0,0.0,715.3226229999998,0.0
344,82ea8c8d3002b8c2a68c2dc369836ff7162cf15644b2584215cb8ea279a27e94,sha256_new_design,3,P3_current_grid_v1,FULL_CLEAR,user_exit,11,11,1.0,,330.9669783636364,3640.636762,14663.183817604386,0.8164863000001787,cpu,0,0,11,0,0,110,103,f646560a9ee6ee2255038d24f08d28bed39916b903e10ada4d73d4781204966c,29ee71b1652aa3c65b7a88812029c952bcc8088e67555e324beff812ded5f9c6,582606f08e9038b9bbbadc596bb4fa861f331ee6bfdb70a5c71433bbcb022860,0,recovered_practice_engine_local,grid_v1,1875.1262699999995,1459.1775050000003,0.0,0.0,306.33298700000023,0.0
345,49d0f2fc1cf91c1b4ad50f27bf867b583a196a5fdcc9457bb45d6b2f0cb8110a,sha256_new_design,3,P3_current_grid_v1,FULL_CLEAR,user_exit,13,13,1.0,,326.9891178461539,4250.858532,18034.292670605148,1.1005342999997083,cpu,0,0,13,0,0,98,89,f646560a9ee6ee2255038d24f08d28bed39916b903e10ada4d73d4781204966c,02f911a27b6dd48348d39cf6c4882f909ac768e58479f939439a018eea341cc2,582606f08e9038b9bbbadc596bb4fa861f331ee6bfdb70a5c71433bbcb022860,0,recovered_practice_engine_local,grid_v1,1862.4927260000006,1830.1282169999993,0.0,0.0,558.2375890000004,0.0
346,d170a5acd9f40915163c63d9f330219a71c9cd972161475abd386224ac1e3e74,sha256_new_design,3,P3_current_grid_v1,FULL_CLEAR,user_exit,13,13,1.0,,343.30071353846154,4462.909276,18999.54637705571,0.9906237000013789,cpu,0,0,13,0,0,101,93,f646560a9ee6ee2255038d24f08d28bed39916b903e10ada4d73d4781204966c,9d495d4cbde482f94d164c3c1806f5d182b977e808e639184532eac38d04f4b4,582606f08e9038b9bbbadc596bb4fa861f331ee6bfdb70a5c71433bbcb022860,0,recovered_practice_engine_local,grid_v1,1888.0819139999999,2245.705285,0.0,0.0,329.12207700000056,9.094947017729282e-13
347,760d785067110e598867c0c62e2510ec6fd00f23fc9fb5eab39f06c3c8ad7b41,sha256_new_design,3,P3_current_grid_v1,FULL_CLEAR,user_exit,14,14,1.0,,261.181129,3656.535806,15152.679035007975,0.9793943000004219,cpu,0,0,14,0,0,94,86,f646560a9ee6ee2255038d24f08d28bed39916b903e10ada4d73d4781204966c,00ee46914d671193ab36329204f33bad707e87797aff58283cdd214e8949cbef,582606f08e9038b9bbbadc596bb4fa861f331ee6bfdb70a5c71433bbcb022860,0,recovered_practice_engine_local,grid_v1,1342.0099229999996,1912.0849200000002,0.0,0.0,402.44096300000007,0.0
348,f970dc1fa6e82813e7d955be7a2c784895fbe642d9614d3dabb44caf93fb0afd,sha256_new_design,3,P3_current_grid_v1,FULL_CLEAR,user_exit,12,12,1.0,,354.25358666666665,4251.04304,17600.21518935933,0.6621353999998973,cpu,0,0,12,0,0,113,106,f646560a9ee6ee2255038d24f08d28bed39916b903e10ada4d73d4781204966c,edf31a683f54a93521f6fdf6195cc5b2e55de4ef2ee911a3e92815b9ff58b47b,582606f08e9038b9bbbadc596bb4fa861f331ee6bfdb70a5c71433bbcb022860,0,recovered_practice_engine_local,grid_v1,1650.8864119999998,1998.2936219999997,0.0,0.0,601.863006,0.0
349,dabc54bcded2996524af1758384195f2cbec1931d356898d0d687010c49dabdf,sha256_new_design,3,P3_current_grid_v1,FULL_CLEAR,user_exit,15,15,1.0,,265.7976174,3986.964261,16489.82130659018,1.2132041000004392,cpu,0,0,15,0,0,104,94,f646560a9ee6ee2255038d24f08d28bed39916b903e10ada4d73d4781204966c,b47dd22b3f753cc2d273b99f7517100a7a3c1a724af8e1cf9f3891e2cee8f67a,582606f08e9038b9bbbadc596bb4fa861f331ee6bfdb70a5c71433bbcb022860,0,recovered_practice_engine_local,grid_v1,1724.4899349999998,1900.6602520000004,0.0,0.0,361.814074,0.0
350,83f2d2433adf24fca6f32fd42e3d927560fa26b752785b2e1c0e1e0e55dc0be8,sha256_new_design,3,P3_current_grid_v1,FULL_CLEAR,user_exit,13,13,1.0,,335.5454377692308,4362.090691,18685.45345111779,1.1470611000004283,cpu,0,0,13,0,0,95,85,f646560a9ee6ee2255038d24f08d28bed39916b903e10ada4d73d4781204966c,6f594c021bb3659be8e30ef05fdbe33ff16bf8cba86c7902320bf0e07b778ca1,582606f08e9038b9bbbadc596bb4fa861f331ee6bfdb70a5c71433bbcb022860,0,recovered_practice_engine_local,grid_v1,1681.8466780000008,2225.0648730000007,0.0,0.0,455.1791399999988,0.0
351,0a43a4c70fbb7645f951ca49e6bd9ea6b1532e2d1b325ec3dc7b730b65505ea5,sha256_new_design,3,P3_current_grid_v1,FULL_CLEAR,user_exit,15,15,1.0,,1198.4644513333333,17976.96677,83414.83384171734,0.6689781999994011,cpu,1,390,227,213,0,99,88,f646560a9ee6ee2255038d24f08d28bed39916b903e10ada4d73d4781204966c,234d507fe8ab0d98c1f69cded210a1eaaec539ab99d30198d9e88a1037c853b8,582606f08e9038b9bbbadc596bb4fa861f331ee6bfdb70a5c71433bbcb022860,0,recovered_practice_engine_local,grid_v1,1561.537593,2086.3520080000003,0.0,13893.422095,435.6550739999998,0.0
352,10f5f7d7c3462b85bdc6d6d28190b22448f3c41b1176b9706b0c1efec5b7629f,sha256_new_design,3,P3_current_grid_v1,FULL_CLEAR,user_exit,12,12,1.0,,354.1677743333333,4250.013292,18005.066451586852,0.5882677999998123,cpu,0,0,12,0,0,100,89,f646560a9ee6ee2255038d24f08d28bed39916b903e10ada4d73d4781204966c,7cae6ec7763c94858cb506328201d7d3f809581976fa1e21b8bddcb539c6b1d0,582606f08e9038b9bbbadc596bb4fa861f331ee6bfdb70a5c71433bbcb022860,0,recovered_practice_engine_local,grid_v1,1842.576526,1950.2297959999994,0.0,0.0,457.2069700000001,0.0
353,99feab1cd2aaaeb95881d16717ae82c4cc8ec4ea193b484b19cdcc5f47336d1d,sha256_new_design,3,P3_current_grid_v1,FULL_CLEAR,user_exit,13,13,1.0,,379.9110912307693,4938.844186,20449.22095154501,0.8905642000008811,cpu,1,117,79,67,0,99,91,f646560a9ee6ee2255038d24f08d28bed39916b903e10ada4d73d4781204966c,05b21b6c64e4eabc76d95f9dad97d1b20c921ac37f6ccfb3003c4ed9f8d39490,582606f08e9038b9bbbadc596bb4fa861f331ee6bfdb70a5c71433bbcb022860,0,recovered_practice_engine_local,grid_v1,1961.027027,1431.3378249999992,0.0,1235.9836250000003,310.4957090000007,0.0
354,8df8a0ae76a4cd281a0b7a15188ee2a7fd08f5b90969ffcc7ae815f4f5366ebc,sha256_new_design,3,P3_current_grid_v1,FULL_CLEAR,user_exit,10,10,1.0,,384.6797348,3846.797348,15753.986746053535,0.7731485000003886,cpu,0,0,10,0,0,109,101,f646560a9ee6ee2255038d24f08d28bed39916b903e10ada4d73d4781204966c,2c07b3ab574ae3dcd2fdfe0b60d22d7dc21c1a824bc819eb2b14d2637c2b5045,582606f08e9038b9bbbadc596bb4fa861f331ee6bfdb70a5c71433bbcb022860,0,recovered_practice_engine_local,grid_v1,2039.2241489999997,1594.154357,0.0,0.0,213.41884200000044,0.0
355,2d3c049f01c28c5185de768be5e1592845dbb4ac35168feec6156502ec464db0,sha256_new_design,3,P3_current_grid_v1,FULL_CLEAR,user_exit,13,13,1.0,,799.9871042307693,10399.832355,43984.16169926182,1.065473499998916,cpu,1,325,296,284,0,116,109,f646560a9ee6ee2255038d24f08d28bed39916b903e10ada4d73d4781204966c,50015f5a671d569e4eeff4ec2d9524f025aca12cac3023947bb1124c4174d86e,582606f08e9038b9bbbadc596bb4fa861f331ee6bfdb70a5c71433bbcb022860,0,recovered_practice_engine_local,grid_v1,2164.392905,1681.7816229999992,0.0,6028.861533,524.7962940000014,0.0
356,8e8ea987f77f1e5573efa44cb19dca14bad9ffcef0b6d4cb5fbeb701fa0a7af9,sha256_new_design,3,P3_current_grid_v1,FULL_CLEAR,user_exit,11,11,1.0,,331.4808220909091,3646.289043,14511.445220467052,0.8132239000005939,cpu,0,0,11,0,0,116,109,f646560a9ee6ee2255038d24f08d28bed39916b903e10ada4d73d4781204966c,6fe0d6795802bfd7af9f4adaadd0406d8a35b4b0314b5cba81036ff727bef359,582606f08e9038b9bbbadc596bb4fa861f331ee6bfdb70a5c71433bbcb022860,0,recovered_practice_engine_local,grid_v1,1488.2910000000006,1757.5266849999994,0.0,0.0,400.47135800000007,0.0
357,00ccef41aafd9eae66d0ba7df9aee66e87d970e69b351efe3ef1a3f47cc81c92,sha256_new_design,3,P3_current_grid_v1,FULL_CLEAR,user_exit,12,12,1.0,,356.8972840833333,4282.767409,17943.83702590038,0.8019156999998813,cpu,0,0,12,0,0,107,99,f646560a9ee6ee2255038d24f08d28bed39916b903e10ada4d73d4781204966c,f9e59c0ad8fda599d35b9a20a94636bbdc879526140e7dfd671db7fc07b69be3,582606f08e9038b9bbbadc596bb4fa861f331ee6bfdb70a5c71433bbcb022860,0,recovered_practice_engine_local,grid_v1,2175.5042030000004,1711.644048,0.0,0.0,395.6191579999995,0.0
358,2387f7b03bd7094c6c2b8a78608148620bf69183a52017a4300195847e7c8ccd,sha256_new_design,3,P3_current_grid_v1,FULL_CLEAR,user_exit,16,16,1.0,,238.4038505625,3814.461609,15542.308043656287,0.9037757999994938,cpu,1,20,22,7,0,102,98,f646560a9ee6ee2255038d24f08d28bed39916b903e10ada4d73d4781204966c,fbec4f3f890dd16f81840b2e028c8d9f35f73fb5243119c76bb241b8149eecb8,582606f08e9038b9bbbadc596bb4fa861f331ee6bfdb70a5c71433bbcb022860,0,recovered_practice_engine_local,grid_v1,1499.526393,1441.429261,0.0,373.5956120000001,499.91034299999984,4.547473508864641e-13
359,13bf51948b3e3bb226ff9e05230d62f5e0895219f6561188c97fda3ba9511dbc,sha256_new_design,3,P3_current_grid_v1,FULL_CLEAR,user_exit,14,14,1.0,,816.1191952857143,11425.668734,48858.343755519,0.7534798000015144,cpu,1,390,326,313,0,109,103,f646560a9ee6ee2255038d24f08d28bed39916b903e10ada4d73d4781204966c,1df3e1c2c8da2f1fbdfd313345d3dd9b1da5d35cafaf36f4fb3c5a9ab4a247ce,582606f08e9038b9bbbadc596bb4fa861f331ee6bfdb70a5c71433bbcb022860,0,recovered_practice_engine_local,grid_v1,1816.8724499999994,1683.8240859999996,0.0,7420.593905000001,504.37829300000135,0.0
360,d6f2558171a603d648294fa0805c6f4c91104f70676decf9a07de4030717734f,sha256_new_design,3,P3_current_grid_v1,FULL_CLEAR,user_exit,13,13,1.0,,624.991115,8124.884495,32534.422630089735,0.7416678999998112,cpu,1,308,312,300,0,110,106,f646560a9ee6ee2255038d24f08d28bed39916b903e10ada4d73d4781204966c,472e29bf1eedeae624e92769b2e4f57e83764698ea3725ea8b332a7954fdaf94,582606f08e9038b9bbbadc596bb4fa861f331ee6bfdb70a5c71433bbcb022860,0,recovered_practice_engine_local,grid_v1,1837.4660760000002,1560.5509520000003,0.0,4402.719784,324.1476829999995,9.094947017729282e-13
361,fe77bda87be2272c38f8069793066b3321e97b5d00e6215d101db95b7bad3526,sha256_new_design,3,P3_current_grid_v1,FULL_CLEAR,user_exit,13,13,1.0,,304.1244406923077,3953.617729,15963.088639267748,0.9608514000010473,cpu,0,0,13,0,0,117,111,f646560a9ee6ee2255038d24f08d28bed39916b903e10ada4d73d4781204966c,628222992549fb79de55f3b91efdbcc695e4a39d239e851e59acabb39b044d46,582606f08e9038b9bbbadc596bb4fa861f331ee6bfdb70a5c71433bbcb022860,0,recovered_practice_engine_local,grid_v1,1531.8019909999998,1993.8403680000004,0.0,0.0,427.9753699999998,0.0
362,ccbccf4069168576b274eecd340e223adfe39c085ce9c93bb13da8ce606e900d,sha256_new_design,3,P3_current_grid_v1,FULL_CLEAR,user_exit,16,16,1.0,,261.003827375,4176.061238,17555.30619086064,0.9795992999988812,cpu,0,0,16,0,0,99,90,f646560a9ee6ee2255038d24f08d28bed39916b903e10ada4d73d4781204966c,adb0b8aff8245e7cb888d5e937620a3741539fcbcca4af26b541684a2905f7da,582606f08e9038b9bbbadc596bb4fa861f331ee6bfdb70a5c71433bbcb022860,0,recovered_practice_engine_local,grid_v1,1645.609328,1884.1936640000001,0.0,0.0,646.2582459999999,0.0
363,f6d3e037aa23c2a3ae9351cd4cc855074d8b9c0a4a96d52b720e802c7f742889,sha256_new_design,3,P3_current_grid_v1,FULL_CLEAR,user_exit,11,11,1.0,,1747.263183909091,19219.895023,88884.47505448108,0.6556390999994619,cpu,1,390,247,237,0,114,110,f646560a9ee6ee2255038d24f08d28bed39916b903e10ada4d73d4781204966c,064d0483b1113eea7ab39d1e35314fe43f692aa76700110af8b5ed04731bbe51,582606f08e9038b9bbbadc596bb4fa861f331ee6bfdb70a5c71433bbcb022860,0,recovered_practice_engine_local,grid_v1,1607.663083999998,1714.1060399999978,0.0,15506.741042,391.3848570000054,0.0
364,aa917615a3cc5b1e5816146edbea597f00e91cc0dd86555e47a3a432ffb015b5,sha256_new_design,3,P3_current_grid_v1,FULL_CLEAR,user_exit,12,12,1.0,,261.008895,3132.10674,12365.533690137208,0.8197331999999733,cpu,0,0,12,0,0,101,94,f646560a9ee6ee2255038d24f08d28bed39916b903e10ada4d73d4781204966c,6e8f836e043e8185d6d00e58d64baacdb56e1f1b726953a757b890b8c575dd90,582606f08e9038b9bbbadc596bb4fa861f331ee6bfdb70a5c71433bbcb022860,0,recovered_practice_engine_local,grid_v1,1488.8577200000002,1236.643203,0.0,0.0,406.60581700000006,4.547473508864641e-13
365,61fa598ae4d0cd42d7cc939b64db2021c77b7fc0242e24f7470776156d46bbeb,sha256_new_design,3,P3_current_grid_v1,FULL_CLEAR,user_exit,13,13,1.0,,285.554308,3712.206004,15001.030028462272,0.5384285000000091,cpu,0,0,13,0,0,109,102,f646560a9ee6ee2255038d24f08d28bed39916b903e10ada4d73d4781204966c,6f058c93d035c44ff5bf1b10ad14072e6e272611bce04d02189c69753ace6b01,582606f08e9038b9bbbadc596bb4fa861f331ee6bfdb70a5c71433bbcb022860,0,recovered_practice_engine_local,grid_v1,1631.0908549999995,1666.4043200000008,0.0,0.0,414.7108289999999,4.547473508864641e-13
366,f59ab0da552f2688f3af556b17b3b265716e331184fb2d18ec7c83f5904ef598,sha256_new_design,3,P3_current_grid_v1,FULL_CLEAR,user_exit,13,13,1.0,,287.91776484615383,3742.930943,15619.654717358002,0.5997440999999526,cpu,0,0,13,0,0,94,84,f646560a9ee6ee2255038d24f08d28bed39916b903e10ada4d73d4781204966c,dce8abb823c1b6fcddfc67ba6d5754fad775a6c5d66ff818921f91a36c478d38,582606f08e9038b9bbbadc596bb4fa861f331ee6bfdb70a5c71433bbcb022860,0,recovered_practice_engine_local,grid_v1,1608.8088069999994,1843.4884790000006,0.0,0.0,290.63365699999986,0.0
367,2ec51b8dffdd37e925b04db8efa139321c1beff5a316dd30c07b830b5ccfe5cb,sha256_new_design,3,P3_current_grid_v1,FULL_CLEAR,user_exit,11,11,1.0,,413.9423940909091,4553.366335,18056.831675470134,0.4311976999997569,cpu,1,114,83,73,0,113,106,f646560a9ee6ee2255038d24f08d28bed39916b903e10ada4d73d4781204966c,655c4430155228bacc86d42487398835957c85d8d78d794b40daf7cf9e77aeae,582606f08e9038b9bbbadc596bb4fa861f331ee6bfdb70a5c71433bbcb022860,0,recovered_practice_engine_local,grid_v1,1777.1979210000002,1486.5067329999997,0.0,1098.968821,190.69286,0.0
368,a948e316632ba7294ab6b845be8db3bcd0bc2976354d22faa14312dae1f24e92,sha256_new_design,3,P3_current_grid_v1,FULL_CLEAR,user_exit,15,15,1.0,,276.40893066666666,4146.13396,17330.669806936065,0.5627222000002803,cpu,0,0,15,0,0,102,95,f646560a9ee6ee2255038d24f08d28bed39916b903e10ada4d73d4781204966c,62b2355073ab3dff2cc207205aa2eae2d49b5d1e644f3e8a9f12aa27fb39c9a0,582606f08e9038b9bbbadc596bb4fa861f331ee6bfdb70a5c71433bbcb022860,0,recovered_practice_engine_local,grid_v1,2065.334957,1543.7283740000003,0.0,0.0,537.0706289999999,0.0
369,f1dc61bd2cb7a46639ef39b365b8ce424035e77062d536fa6b0a9cfa344eaa72,sha256_new_design,3,P3_current_grid_v1,FULL_CLEAR,user_exit,16,16,1.0,,286.7701875625,4588.323001,19671.61501071819,0.6022984999999608,cpu,0,0,16,0,0,97,89,f646560a9ee6ee2255038d24f08d28bed39916b903e10ada4d73d4781204966c,79e66529eb4afad5c0b1dd1c5b75f4bc1cf69ba18a504b97d3d8679d3177bb71,582606f08e9038b9bbbadc596bb4fa861f331ee6bfdb70a5c71433bbcb022860,0,recovered_practice_engine_local,grid_v1,1737.3011990000005,2257.6141049999997,0.0,0.0,593.4076969999998,0.0
370,0307fc9db5e5d23fbfcd80eb76535fd055895c4f4accecb2f289c682569ff2aa,sha256_new_design,3,P3_current_grid_v1,FULL_CLEAR,user_exit,10,10,1.0,,313.4033906,3134.033906,11870.169520737494,0.36807149999913236,cpu,0,0,10,0,0,119,115,f646560a9ee6ee2255038d24f08d28bed39916b903e10ada4d73d4781204966c,0714e97616fd8fbf24fe6a104ec29de452aede3b140cb6f76c81a774b230ec74,582606f08e9038b9bbbadc596bb4fa861f331ee6bfdb70a5c71433bbcb022860,0,recovered_practice_engine_local,grid_v1,1632.2653210000003,1018.7199229999998,0.0,0.0,483.0486620000001,0.0
371,9d097b9ea887a59ec49e6d688798aba89b993c4967a5ce53318a8d05835d8ba3,sha256_new_design,3,P3_current_grid_v1,FULL_CLEAR,user_exit,16,16,1.0,,269.29162175,4308.665948,17943.329740709763,0.5956926999988355,cpu,1,20,24,9,0,104,96,f646560a9ee6ee2255038d24f08d28bed39916b903e10ada4d73d4781204966c,e185328fdcb540c7a5c5df563e95a037c2e76a9bb244d32677f4bfdc44cd2a1c,582606f08e9038b9bbbadc596bb4fa861f331ee6bfdb70a5c71433bbcb022860,0,recovered_practice_engine_local,grid_v1,1403.6834160000003,1720.197329000001,0.0,442.6341639999996,742.151038999999,0.0
372,b90746144e04c8b3da88845b056839d55e673a696c9bea054537e2619e298b55,sha256_new_design,3,P3_current_grid_v1,FULL_CLEAR,user_exit,11,11,1.0,,329.7245969090909,3626.970566,14129.852820728644,0.3910338999994565,cpu,0,0,11,0,0,125,121,f646560a9ee6ee2255038d24f08d28bed39916b903e10ada4d73d4781204966c,db62349fa73fdcdb6fa5243037db0f4255f8b48dae8c6ea932af2e36a4acdb21,582606f08e9038b9bbbadc596bb4fa861f331ee6bfdb70a5c71433bbcb022860,0,recovered_practice_engine_local,grid_v1,1493.0964579999998,1734.1328210000001,0.0,0.0,399.7412870000001,4.547473508864641e-13
373,2d5f64c33005a23840ddb391e9146f3d7e39fb1058bbace12162c1b7d2e9c72f,sha256_new_design,3,P3_current_grid_v1,FULL_CLEAR,user_exit,12,12,1.0,,330.57504133333333,3966.900496,16329.50246876569,0.4952472000004491,cpu,0,0,12,0,0,108,101,f646560a9ee6ee2255038d24f08d28bed39916b903e10ada4d73d4781204966c,3c1cbee61a90a302af12a17bfd63036d9fcf533efed02cc18a4a5490cce738b5,582606f08e9038b9bbbadc596bb4fa861f331ee6bfdb70a5c71433bbcb022860,0,recovered_practice_engine_local,grid_v1,1690.3800550000005,1660.2891260000004,0.0,0.0,616.2313149999993,0.0
374,449910d30787e3c0d33421b34f7a76c7ec8cae2d40cf96dd094377ca3f89e9c4,sha256_new_design,3,P3_current_grid_v1,FULL_CLEAR,user_exit,12,12,1.0,,349.867942,4198.415304,17467.076510956318,0.5199424999991606,cpu,0,0,12,0,0,109,100,f646560a9ee6ee2255038d24f08d28bed39916b903e10ada4d73d4781204966c,8ca009064eb5fa60041a1bd4248d0fe1ac50ce4104ecd037e311324155d87a37,582606f08e9038b9bbbadc596bb4fa861f331ee6bfdb70a5c71433bbcb022860,0,recovered_practice_engine_local,grid_v1,1829.444315,2026.4914009999998,0.0,0.0,342.47958800000055,0.0
375,1ef48fd15c812478516ee95714bf36435ac36d5c4c799a241c3f861fe160841c,sha256_new_design,3,P3_current_grid_v1,FULL_CLEAR,user_exit,10,10,1.0,,383.2166679,3832.166679,15485.833385508966,0.34646670000074664,cpu,0,0,10,0,0,115,110,f646560a9ee6ee2255038d24f08d28bed39916b903e10ada4d73d4781204966c,f50fa177617ff26f7c0e1b3f4e8b048d7bf5b8aa37636d601cef8e71957dd672,582606f08e9038b9bbbadc596bb4fa861f331ee6bfdb70a5c71433bbcb022860,0,recovered_practice_engine_local,grid_v1,1880.5524019999998,1583.7572639999994,0.0,0.0,367.8570130000007,0.0
376,9a2c872b001931a2180d36c51f9091c7fe941056c682bd50d3d8194e5a2f708b,sha256_new_design,3,P3_current_grid_v1,FULL_CLEAR,user_exit,10,10,1.0,,360.5275491,3605.275491,14516.377458142513,0.37765969999964,cpu,0,0,10,0,0,110,102,f646560a9ee6ee2255038d24f08d28bed39916b903e10ada4d73d4781204966c,167cca80dfa529663fe79fc3ee2ae65a2a4b5e74805c12507d6fcb13ba1c5645,582606f08e9038b9bbbadc596bb4fa861f331ee6bfdb70a5c71433bbcb022860,0,recovered_practice_engine_local,grid_v1,1774.2177620000002,1412.2680370000003,0.0,0.0,418.78969199999926,0.0
377,6def09fc175d43eeaa181e3c65fbc5f1b86ecfb5998f0051eba859e5a35d4655,sha256_new_design,3,P3_current_grid_v1,FULL_CLEAR,user_exit,13,13,1.0,,293.36552707692306,3813.751852,15178.75926611829,0.520031599999129,cpu,0,0,13,0,0,120,113,f646560a9ee6ee2255038d24f08d28bed39916b903e10ada4d73d4781204966c,36b77505e5de12e380a532bb09200f657a03afcffae5e950689b4e35c3783c24,582606f08e9038b9bbbadc596bb4fa861f331ee6bfdb70a5c71433bbcb022860,0,recovered_practice_engine_local,grid_v1,1541.9428460000004,1938.1354529999999,0.0,0.0,333.6735529999995,0.0
378,fdbb8d8266f5a47c3c578640e5e4ffd0a98da717683991aece971d993d198374,sha256_new_design,3,P3_current_grid_v1,FULL_CLEAR,user_exit,16,16,1.0,,292.942102,4687.073632,19125.368147741337,0.4771236999986286,cpu,3,403,42,29,0,118,114,f646560a9ee6ee2255038d24f08d28bed39916b903e10ada4d73d4781204966c,7d6288ebfb991f7afbc8145d11466da69fc7bd7e2e2dac0cbcfdeff57a6dafc1,582606f08e9038b9bbbadc596bb4fa861f331ee6bfdb70a5c71433bbcb022860,0,recovered_practice_engine_local,grid_v1,1490.1256760000006,1380.5171230000008,0.0,1090.7286199999999,725.7022129999984,0.0
379,4016f594b48625513517d4d1bdbe743315db86c0a4839d88c44a5c5347ac1dcb,sha256_new_design,3,P3_current_grid_v1,FULL_CLEAR,user_exit,12,12,1.0,,324.99224083333337,3899.90689,15889.534430706106,0.5586420999989059,cpu,0,0,12,0,0,112,102,f646560a9ee6ee2255038d24f08d28bed39916b903e10ada4d73d4781204966c,675c253a952eff1158115236720974e15abec206583a033fdd9882398658079a,582606f08e9038b9bbbadc596bb4fa861f331ee6bfdb70a5c71433bbcb022860,0,recovered_practice_engine_local,grid_v1,1662.8872769999998,1766.1156150000002,0.0,0.0,470.9039980000003,0.0
380,3225abd9f8aaa88516c65f16aaa8739cdc3a0c21abdee6d1580ef777e3513d10,sha256_new_design,3,P3_current_grid_v1,FULL_CLEAR,user_exit,15,15,1.0,,524.4941556,7867.412334,31452.061692109728,0.5902264000014839,cpu,2,306,278,265,0,120,113,f646560a9ee6ee2255038d24f08d28bed39916b903e10ada4d73d4781204966c,43e9e97698b1f0557c2f1b1ad7e83544d02f5a3381a5744fc51bbeac9dafba8b,582606f08e9038b9bbbadc596bb4fa861f331ee6bfdb70a5c71433bbcb022860,0,recovered_practice_engine_local,grid_v1,1857.238653,1706.866644,0.0,3915.3802079999996,387.9268289999998,0.0
381,455d0d07cfea3adc6075b5329eeb8ed5f0c3ed235e8e0668d20a4f473fd6fe2d,sha256_new_design,3,P3_current_grid_v1,FULL_CLEAR,user_exit,15,15,1.0,,263.0729975333333,3946.094963,15955.474822911403,0.6274336999995285,cpu,0,0,15,0,0,115,105,f646560a9ee6ee2255038d24f08d28bed39916b903e10ada4d73d4781204966c,53ea22a73abf34d1211c1069c4ad8b69349374f5e9b2aafb77d6d287feed3659,582606f08e9038b9bbbadc596bb4fa861f331ee6bfdb70a5c71433bbcb022860,0,recovered_practice_engine_local,grid_v1,1619.9534350000001,1818.4118519999993,0.0,0.0,507.72967600000067,4.547473508864641e-13
382,8b39e7d6898d1210950c6159d1a69f81fc18c73daaa01a449371be6f8c7ef853,sha256_new_design,3,P3_current_grid_v1,FULL_CLEAR,user_exit,12,12,1.0,,349.5546738333333,4194.656086,17823.280432467163,0.4039692999995168,cpu,0,0,12,0,0,96,90,f646560a9ee6ee2255038d24f08d28bed39916b903e10ada4d73d4781204966c,b8cd178eb5d970135fb047f10f2518ca51e47fec75a262fd095f1b0ce3e22ade,582606f08e9038b9bbbadc596bb4fa861f331ee6bfdb70a5c71433bbcb022860,0,recovered_practice_engine_local,grid_v1,2135.5268520000004,1417.9216029999995,0.0,0.0,641.207631,0.0
383,ca55a8b87cef3e5c70488094fa0748992f5fbe0abd066d0b8e01f0a3d739e7b2,sha256_new_design,3,P3_current_grid_v1,FULL_CLEAR,user_exit,13,13,1.0,,313.26300346153846,4072.419045,16692.095233623502,0.52717020000091,cpu,0,0,13,0,0,113,104,f646560a9ee6ee2255038d24f08d28bed39916b903e10ada4d73d4781204966c,5de0fb6969570f1d49b25de3cddc06b5c0331b5acb50a025ac37e26d7b1c0f0a,582606f08e9038b9bbbadc596bb4fa861f331ee6bfdb70a5c71433bbcb022860,0,recovered_practice_engine_local,grid_v1,1926.6075160000003,1564.0743859999995,0.0,0.0,581.7371430000003,0.0
384,9688e602a62469980db9a173df708fd85dd32e87295571c54d5956c015a8d3ed,sha256_new_design,3,P3_current_grid_v1,FULL_CLEAR,user_exit,14,14,1.0,,310.76606957142855,4350.724974,18263.624853135138,0.5796977999998489,cpu,0,0,14,0,0,106,98,f646560a9ee6ee2255038d24f08d28bed39916b903e10ada4d73d4781204966c,c1f1f57b312fed2f18dc149cc39c09e08f413c4b414b8cc6fab06dcf5a19743c,582606f08e9038b9bbbadc596bb4fa861f331ee6bfdb70a5c71433bbcb022860,0,recovered_practice_engine_local,grid_v1,1732.286306999999,2201.9514009999994,0.0,0.0,416.4872660000012,0.0
385,ae49276394f35b5194d96109cc90204e57c792c17d33d7482f68777acbf917e0,sha256_new_design,3,P3_current_grid_v1,FULL_CLEAR,user_exit,10,10,1.0,,348.1204341,3481.204341,14081.021692038274,0.48408050000034564,cpu,0,0,10,0,0,104,95,f646560a9ee6ee2255038d24f08d28bed39916b903e10ada4d73d4781204966c,1fef7124ff2398d4d4d2074f09f2fdb75ea44f5f3176e9457662c763d555d794,582606f08e9038b9bbbadc596bb4fa861f331ee6bfdb70a5c71433bbcb022860,0,recovered_practice_engine_local,grid_v1,1774.3123509999998,1444.2925200000002,0.0,0.0,262.59947000000005,0.0
386,f358373d7a73747f5915fc672f121b4e92aa8ec9f765589057fb8cce0ab062b2,sha256_new_design,3,P3_current_grid_v1,FULL_CLEAR,user_exit,12,12,1.0,,312.15485825,3745.858299,15079.291486174829,0.4567659000003914,cpu,0,0,12,0,0,113,105,f646560a9ee6ee2255038d24f08d28bed39916b903e10ada4d73d4781204966c,1ea55f5098041ea6d6d5712d534d90fcd53eafde4b74eb396376817d45b9131e,582606f08e9038b9bbbadc596bb4fa861f331ee6bfdb70a5c71433bbcb022860,0,recovered_practice_engine_local,grid_v1,1708.7501699999993,1541.402829,0.0,0.0,495.7053000000003,4.547473508864641e-13
387,fb555b7232f7a91d51edceab3d3324a7d9fc4f39ec2a7470412171a4b3a3cc42,sha256_new_design,3,P3_current_grid_v1,FULL_CLEAR,user_exit,16,16,1.0,,266.43604525,4262.976724,17584.883606863095,0.7713420999989467,cpu,0,0,16,0,0,113,101,f646560a9ee6ee2255038d24f08d28bed39916b903e10ada4d73d4781204966c,a06ec86bbb630955b715dde3bf06a0a91e45da7bd7334809bddbd5442d803b2b,582606f08e9038b9bbbadc596bb4fa861f331ee6bfdb70a5c71433bbcb022860,0,recovered_practice_engine_local,grid_v1,1268.0565280000003,2317.276801,0.0,0.0,677.6433949999997,0.0
388,9a139bfacc067cd1b30c705fb9b6953bc0f94f7bd28e30beef35b1e4bab94d2b,sha256_new_design,3,P3_current_grid_v1,FULL_CLEAR,user_exit,13,13,1.0,,307.2984235384616,3994.879506,16359.397531912102,0.5736699999997654,cpu,0,0,13,0,0,111,103,f646560a9ee6ee2255038d24f08d28bed39916b903e10ada4d73d4781204966c,67fd86a40e1a7cf7d2e580d4f24cddfc8f502c230f5717006f95ab2bda4309ab,582606f08e9038b9bbbadc596bb4fa861f331ee6bfdb70a5c71433bbcb022860,0,recovered_practice_engine_local,grid_v1,1493.2038120000002,2200.68696,0.0,0.0,300.988734,0.0
389,f9bd788ff2faa9930504feed1a1fc58d84568da6d61f19e0c486d43f72629146,sha256_new_design,3,P3_current_grid_v1,FULL_CLEAR,user_exit,14,14,1.0,,328.28519142857147,4595.99268,19214.963413655154,0.5350092000007862,cpu,0,0,14,0,0,115,108,f646560a9ee6ee2255038d24f08d28bed39916b903e10ada4d73d4781204966c,e7bad19d2a91c9bbf82297aa4b1c06906ce55c53b5d5a460567010acda7c4264,582606f08e9038b9bbbadc596bb4fa861f331ee6bfdb70a5c71433bbcb022860,0,recovered_practice_engine_local,grid_v1,1805.1053419999998,2100.414100000001,0.0,0.0,690.4732379999996,0.0
390,203900a04f3213c83cfd64fcde62304947dcfa0b0e564a2484b2ca9f30079ac5,sha256_new_design,3,P3_current_grid_v1,FULL_CLEAR,user_exit,15,15,1.0,,1791.9464777333335,26879.197166,126760.98582720716,0.4860074000007444,cpu,1,390,287,273,0,107,101,f646560a9ee6ee2255038d24f08d28bed39916b903e10ada4d73d4781204966c,c08d923ad61c760ddd43733826dca7d51ae66305f830e2457af3cfda067df847,582606f08e9038b9bbbadc596bb4fa861f331ee6bfdb70a5c71433bbcb022860,0,recovered_practice_engine_local,grid_v1,1643.6066439999995,1797.7318099999998,0.0,22790.098513000004,647.7601990000009,3.637978807091713e-12
391,117b39ed166ae0f9673b134b86766dfd9eb8902811f03dea1038e2caf5ba578c,sha256_new_design,3,P3_current_grid_v1,FULL_CLEAR,user_exit,14,14,1.0,,332.5561990714286,4655.786787,18593.933989599413,0.5392621000009967,cpu,1,111,106,93,0,100,91,f646560a9ee6ee2255038d24f08d28bed39916b903e10ada4d73d4781204966c,29f65cabd96de86d8d5703f35b5f026a687ce3e1437cd3387d8a413fa77bb7f4,582606f08e9038b9bbbadc596bb4fa861f331ee6bfdb70a5c71433bbcb022860,0,recovered_practice_engine_local,grid_v1,1705.5771690000001,1380.0224530000005,0.0,1097.365733,472.82143199999933,0.0
392,148a489abbca6f1481db46b2bbc24ddab60e7cb928c40c1ff50b4caa2da54e0d,sha256_new_design,3,P3_current_grid_v1,FULL_CLEAR,user_exit,10,10,1.0,,334.90063810000004,3349.006381,13195.031899658876,0.33510709999973187,cpu,0,0,10,0,0,111,105,f646560a9ee6ee2255038d24f08d28bed39916b903e10ada4d73d4781204966c,a177f188c81e642defa95b710a28ac3edb06d0a03c24f71be1f663d371746efb,582606f08e9038b9bbbadc596bb4fa861f331ee6bfdb70a5c71433bbcb022860,0,recovered_practice_engine_local,grid_v1,1670.4192289999996,1128.7210049999999,0.0,0.0,549.8661470000008,0.0
393,c9446fc2bfd0c1443b7b1b2e1532e593e7ee29537afdc838087a3ec752db9652,sha256_new_design,3,P3_current_grid_v1,FULL_CLEAR,user_exit,12,12,1.0,,325.8676415,3910.411698,16352.058483223567,0.46406199999910314,cpu,0,0,12,0,0,98,90,f646560a9ee6ee2255038d24f08d28bed39916b903e10ada4d73d4781204966c,380da4d8e36af41b50207cc15523e5729e630cede3247bd0a9e7fcea77b389ee,582606f08e9038b9bbbadc596bb4fa861f331ee6bfdb70a5c71433bbcb022860,0,recovered_practice_engine_local,grid_v1,1892.279561,1456.0865209999995,0.0,0.0,562.0456160000003,0.0
394,d53746ac193ee9253d56ffe521b9865235cc9eb04f99d67a839228fb834c7300,sha256_new_design,3,P3_current_grid_v1,FULL_CLEAR,user_exit,12,12,1.0,,396.8461623333333,4762.153948,19895.769721931436,0.519992600000478,cpu,0,0,12,0,0,122,113,f646560a9ee6ee2255038d24f08d28bed39916b903e10ada4d73d4781204966c,1693d7f09e125ccc70ca0862d792078f33d4d15241bd093a6c7cfe25588c5bd9,582606f08e9038b9bbbadc596bb4fa861f331ee6bfdb70a5c71433bbcb022860,0,recovered_practice_engine_local,grid_v1,2298.454825,2142.9927090000006,0.0,0.0,320.7064139999996,0.0
395,45064889ba06b9de8eaf049e5f824bacd670c9636d72a4fe807912aa78667755,sha256_new_design,3,P3_current_grid_v1,FULL_CLEAR,user_exit,11,11,1.0,,293.0507369090909,3223.558106,12267.79053149796,0.4273148000011133,cpu,0,0,11,0,0,120,115,f646560a9ee6ee2255038d24f08d28bed39916b903e10ada4d73d4781204966c,ed70f02380649a986065c6335cc0c0f53b47957c7d40ade6c7493bde91ba6c2f,582606f08e9038b9bbbadc596bb4fa861f331ee6bfdb70a5c71433bbcb022860,0,recovered_practice_engine_local,grid_v1,1423.2282570000004,1266.3883779999996,0.0,0.0,533.9414709999999,4.547473508864641e-13
396,8c9018fdbc851f5eca97c37a399d64c2f8251ee55e80d15eba489fefe150ab1c,sha256_new_design,3,P3_current_grid_v1,FULL_CLEAR,user_exit,13,13,1.0,,390.7559365384616,5079.827175,20739.13593208932,0.4665150000000722,cpu,1,120,90,78,0,107,101,f646560a9ee6ee2255038d24f08d28bed39916b903e10ada4d73d4781204966c,4603d865ff4e585984a4ae293c4cd77c593e6c416f684d82622dcb76f956bf16,582606f08e9038b9bbbadc596bb4fa861f331ee6bfdb70a5c71433bbcb022860,0,recovered_practice_engine_local,grid_v1,1690.9585750000003,1847.5772900000002,0.0,1049.6438360000002,491.64747399999953,0.0
397,6a0bbf0720447d87dfbcb6c7666a9d0ac04fa866190648e3cfd6da479b8cad07,sha256_new_design,3,P3_current_grid_v1,FULL_CLEAR,user_exit,11,11,1.0,,320.3850589090909,3524.235648,13786.178243307766,0.4500380999998015,cpu,0,0,11,0,0,120,112,f646560a9ee6ee2255038d24f08d28bed39916b903e10ada4d73d4781204966c,ae16049452f76e4fb50b0cf8aeb9a7db5621221360fa3b233151aac284f7332a,582606f08e9038b9bbbadc596bb4fa861f331ee6bfdb70a5c71433bbcb022860,0,recovered_practice_engine_local,grid_v1,1800.458106,1483.5205049999997,0.0,0.0,240.25703700000003,4.547473508864641e-13
398,02ebcafa8f1a36f24dbf09c62c5f102bc5c6c180a8d8e32df267b325a1615882,sha256_new_design,3,P3_current_grid_v1,FULL_CLEAR,user_exit,14,14,1.0,,284.7958907142857,3987.14247,16630.712365021656,0.544369999999617,cpu,0,0,14,0,0,100,91,f646560a9ee6ee2255038d24f08d28bed39916b903e10ada4d73d4781204966c,cc10dff21bdc37e36056dbdf18b7b1d4ab740aa7a8d94fda3683b563a57c96fb,582606f08e9038b9bbbadc596bb4fa861f331ee6bfdb70a5c71433bbcb022860,0,recovered_practice_engine_local,grid_v1,1657.084975,1617.077896999999,0.0,0.0,712.9795980000007,0.0
399,bea80a9ae5ced66515ad37517578402efd70dfef53e8c85478a8830b22aa0be3,sha256_new_design,3,P3_current_grid_v1,FULL_CLEAR,user_exit,11,11,1.0,,301.9565240909091,3321.521765,12992.60882593583,0.43002979999982927,cpu,0,0,11,0,0,112,108,f646560a9ee6ee2255038d24f08d28bed39916b903e10ada4d73d4781204966c,794fc9940ac7eb6f996bfb389836d6b3cebb5f5802fa602f4c3978e7c932225a,582606f08e9038b9bbbadc596bb4fa861f331ee6bfdb70a5c71433bbcb022860,0,recovered_practice_engine_local,grid_v1,1429.1195710000002,1588.8671409999995,0.0,0.0,303.5350530000002,0.0
400,db591a29dce20ddb09f3f7b2713c322030235e4df7e13c6d2f5a8e4d004352ff,sha256_new_design,3,P3_current_grid_v1,FULL_CLEAR,user_exit,14,14,1.0,,260.05474442857144,3640.766422,14338.83210769747,0.6739158000000316,cpu,0,0,14,0,0,119,108,f646560a9ee6ee2255038d24f08d28bed39916b903e10ada4d73d4781204966c,7b8cf1b6c74afccbdf401a6d44b5c9945d40b4e71b7c0d12862b1a8090a087b1,582606f08e9038b9bbbadc596bb4fa861f331ee6bfdb70a5c71433bbcb022860,0,recovered_practice_engine_local,grid_v1,1432.1846580000006,2034.221480999999,0.0,0.0,174.36028300000066,4.547473508864641e-13
401,30c1316e2e5add628fa20df2e2ee31458e8cfa09746816bb72481d0b012ec2a5,sha256_new_design,3,P3_current_grid_v1,FULL_CLEAR,user_exit,15,15,1.0,,342.05619033333335,5130.842855,20929.21427865117,0.5913643000003503,cpu,1,114,64,50,0,122,113,f646560a9ee6ee2255038d24f08d28bed39916b903e10ada4d73d4781204966c,e683f328615aeb508631e35830963e5810226b406c0cc9e75c3fb6058408b042,582606f08e9038b9bbbadc596bb4fa861f331ee6bfdb70a5c71433bbcb022860,0,recovered_practice_engine_local,grid_v1,1566.129931,2430.9066919999996,0.0,820.1836990000002,313.62253300000015,9.094947017729282e-13
402,d036688037ab4281d988dd57fe83338d05c8008c5b4b2f8c63accd4c2a9d5598,sha256_new_design,3,P3_current_grid_v1,FULL_CLEAR,user_exit,10,10,1.0,,320.9703854,3209.703854,12503.519271513733,0.36543600000004517,cpu,0,0,10,0,0,111,104,f646560a9ee6ee2255038d24f08d28bed39916b903e10ada4d73d4781204966c,fd00f1c17358df4910d11be19eac593e07a67a3b4a2ff522aeddc9ac4185e591,582606f08e9038b9bbbadc596bb4fa861f331ee6bfdb70a5c71433bbcb022860,0,recovered_practice_engine_local,grid_v1,1709.3650850000001,1216.3429579999997,0.0,0.0,283.995811,4.547473508864641e-13
403,afa57a06ff40c7ac6523273c1b4f65417e73af41a8334522e90ac95e7daf2d1f,sha256_new_design,3,P3_current_grid_v1,FULL_CLEAR,user_exit,11,11,1.0,,366.00832654545457,4026.091592,17065.457963952416,0.506036500000846,cpu,0,0,11,0,0,95,83,f646560a9ee6ee2255038d24f08d28bed39916b903e10ada4d73d4781204966c,dbc7099b52f62171986783ee235345c661565876f886b8d6e324aeb83611d252,582606f08e9038b9bbbadc596bb4fa861f331ee6bfdb70a5c71433bbcb022860,0,recovered_practice_engine_local,grid_v1,1747.5685390000006,1868.4128589999993,0.0,0.0,410.11019400000026,0.0
404,41a2d4b24589cb72238e8365691c4fde242742f1187630e4bd407d42b8521f62,sha256_new_design,3,P3_current_grid_v1,FULL_CLEAR,user_exit,16,16,1.0,,307.7004643125,4923.207429,21756.037147687268,0.7254993000005925,cpu,0,0,16,0,0,84,72,f646560a9ee6ee2255038d24f08d28bed39916b903e10ada4d73d4781204966c,0c780301fd598db13855b41200394b5cd40d4b8c93cf82d9790ed8d93b4d98a2,582606f08e9038b9bbbadc596bb4fa861f331ee6bfdb70a5c71433bbcb022860,0,recovered_practice_engine_local,grid_v1,1447.1858580000003,2967.9920549999993,0.0,0.0,508.0295160000007,0.0
405,c5a31800e9ce0c928ef79faa399ba942b846ffc49cee3728c4ee445b1ed0652b,sha256_new_design,3,P3_current_grid_v1,FULL_CLEAR,user_exit,14,14,1.0,,280.6359177142857,3928.902848,16339.5142400925,0.5822599999992235,cpu,0,0,14,0,0,100,91,f646560a9ee6ee2255038d24f08d28bed39916b903e10ada4d73d4781204966c,0602213ccb8075a2b896ba3d69a644b8923fbb3ef782914626541e10e0c896b1,582606f08e9038b9bbbadc596bb4fa861f331ee6bfdb70a5c71433bbcb022860,0,recovered_practice_engine_local,grid_v1,1564.068218,2058.752431000001,0.0,0.0,306.0821989999994,0.0
406,2e1f39d81332152ee5aa50d5cebdab49e8ff6b402f4837ea1be91f275ce0fd3a,sha256_new_design,3,P3_current_grid_v1,FULL_CLEAR,user_exit,13,13,1.0,,349.23211961538465,4540.017555,19260.087784246094,0.5184117000007973,cpu,0,0,13,0,0,105,98,f646560a9ee6ee2255038d24f08d28bed39916b903e10ada4d73d4781204966c,66ba256ca84d8c73e88527d4abc97e348c718fee8257c0bdb5b6ac0794759e36,582606f08e9038b9bbbadc596bb4fa861f331ee6bfdb70a5c71433bbcb022860,0,recovered_practice_engine_local,grid_v1,1900.143507,2249.4737489999998,0.0,0.0,390.40029900000053,0.0
407,09e25b318f1bc85e1bfd776d229248eed95517e3ecc380afebf11b0b32d5e866,sha256_new_design,3,P3_current_grid_v1,FULL_CLEAR,user_exit,13,13,1.0,,358.6826977692308,4662.875071,19999.375355021304,0.5513732999988861,cpu,0,0,13,0,0,101,93,f646560a9ee6ee2255038d24f08d28bed39916b903e10ada4d73d4781204966c,73f2f7b33b1d971934dcf688c9fece00d8760ca5da63a0c73d04ea339cbdceb8,582606f08e9038b9bbbadc596bb4fa861f331ee6bfdb70a5c71433bbcb022860,0,recovered_practice_engine_local,grid_v1,2107.0989790000003,2258.293430999999,0.0,0.0,297.4826610000011,0.0
408,a6ba2dd1b21b567d9d7e3a352524e055066cefce17e809774129cd8e632d97fe,sha256_new_design,3,P3_current_grid_v1,FULL_CLEAR,user_exit,16,16,1.0,,257.4288715625,4118.861945,16964.309749333333,0.5146325000005163,cpu,2,44,31,17,0,101,96,f646560a9ee6ee2255038d24f08d28bed39916b903e10ada4d73d4781204966c,430b0ea7878ab46dd9f99829e2277995e7604b5da8205384766019d4b44f49d9,582606f08e9038b9bbbadc596bb4fa861f331ee6bfdb70a5c71433bbcb022860,0,recovered_practice_engine_local,grid_v1,1464.1987929999996,1543.6743010000002,0.0,322.11638700000003,788.8724639999998,0.0
409,56df6f57dc1bfbd0701b2381762fbd6610b69f62c282c6f7e3d051b514a01da6,sha256_new_design,3,P3_current_grid_v1,FULL_CLEAR,user_exit,12,12,1.0,,350.8463434166667,4210.156121,17515.780614026793,0.4348513999993884,cpu,0,0,12,0,0,109,102,f646560a9ee6ee2255038d24f08d28bed39916b903e10ada4d73d4781204966c,e4fd42b191bd0d8ff71ce21a9a6b480b83e8753455f0f34585a91011981be6c6,582606f08e9038b9bbbadc596bb4fa861f331ee6bfdb70a5c71433bbcb022860,0,recovered_practice_engine_local,grid_v1,2111.10786,1560.7091259999993,0.0,0.0,538.3391350000006,0.0
410,809f20b3e0479ae3a067c568c357efb34282cffbac57fe0450ee9668f362a2db,sha256_new_design,3,P3_current_grid_v1,FULL_CLEAR,user_exit,11,11,1.0,,339.54148436363636,3734.956328,15134.781631758817,0.4334216999995988,cpu,0,0,11,0,0,110,103,f646560a9ee6ee2255038d24f08d28bed39916b903e10ada4d73d4781204966c,bafb5360a2fcbddbebc6098dbfabd2ee929195dbaf8682b60783794764b0b349,582606f08e9038b9bbbadc596bb4fa861f331ee6bfdb70a5c71433bbcb022860,0,recovered_practice_engine_local,grid_v1,1735.9941990000007,1623.0618639999993,0.0,0.0,375.9002650000002,0.0
411,c52d898b8e38918c84de6ca2e27986e1c7f3c87a7528e842326ce2c70c8f150c,sha256_new_design,3,P3_current_grid_v1,FULL_CLEAR,user_exit,13,13,1.0,,339.52935538461537,4413.88162,18579.408098267206,0.5352155999989918,cpu,0,0,13,0,0,107,98,f646560a9ee6ee2255038d24f08d28bed39916b903e10ada4d73d4781204966c,86707ed5984eae3f38b0fdcbb6bd259da03b3915be7f5c7fcd6402e5e00a89dc,582606f08e9038b9bbbadc596bb4fa861f331ee6bfdb70a5c71433bbcb022860,0,recovered_practice_engine_local,grid_v1,1780.561389,2191.818097,0.0,0.0,441.5021340000001,0.0
412,d7878e44b5abb6a6f1d73ca404ec391076d608782fe2c96aeae6b35651058a09,sha256_new_design,3,P3_current_grid_v1,FULL_CLEAR,user_exit,15,15,1.0,,315.00840413333333,4725.126062,20090.630310492787,0.6235030999996525,cpu,0,0,15,0,0,107,97,f646560a9ee6ee2255038d24f08d28bed39916b903e10ada4d73d4781204966c,c22421c19eba206010c25737743f7bb1f0ea74a531eef6e09aef39f7668df39f,582606f08e9038b9bbbadc596bb4fa861f331ee6bfdb70a5c71433bbcb022860,0,recovered_practice_engine_local,grid_v1,1967.209537,2319.2524200000003,0.0,0.0,438.6641049999999,0.0
413,93a238a679476fff84c2d8a2f22448d76f736988096749ff71585439c2002ad9,sha256_new_design,3,P3_current_grid_v1,FULL_CLEAR,user_exit,12,12,1.0,,292.5107116666667,3510.12854,13795.642700087998,0.47298459999910847,cpu,0,0,12,0,0,116,111,f646560a9ee6ee2255038d24f08d28bed39916b903e10ada4d73d4781204966c,758d61500b6f2ae781f5f50f08a7e680e8ecd17b7f8d7395487b8dea01ac6701,582606f08e9038b9bbbadc596bb4fa861f331ee6bfdb70a5c71433bbcb022860,0,recovered_practice_engine_local,grid_v1,1286.459683,1615.8674330000013,0.0,0.0,607.8014239999991,4.547473508864641e-13
414,94018b9b3219c756621656d79d2b577167a27a0060befd05e569be644dfc0b9c,sha256_new_design,3,P3_current_grid_v1,FULL_CLEAR,user_exit,10,10,1.0,,368.32002339999997,3683.200234,14821.001172108881,0.4409826000010071,cpu,0,0,10,0,0,113,104,f646560a9ee6ee2255038d24f08d28bed39916b903e10ada4d73d4781204966c,0a5fd5ccefbd09a07979b920889d8fb8fdcd1c3ffa334d9b22771b861207751a,582606f08e9038b9bbbadc596bb4fa861f331ee6bfdb70a5c71433bbcb022860,0,recovered_practice_engine_local,grid_v1,2054.895408,1378.438635,0.0,0.0,249.86619099999984,0.0
415,d272a2639d3f9af33cd5320d653eff874bbbec5139c23766f72203d844242a70,sha256_new_design,3,P3_current_grid_v1,FULL_CLEAR,user_exit,11,11,1.0,,375.31551981818177,4128.470718,16862.353598736263,0.4485177999995358,cpu,0,0,11,0,0,118,111,f646560a9ee6ee2255038d24f08d28bed39916b903e10ada4d73d4781204966c,779024aa35f30069ef5da3f76ad5b119c90811da92646582411430d4dcc53e5d,582606f08e9038b9bbbadc596bb4fa861f331ee6bfdb70a5c71433bbcb022860,0,recovered_practice_engine_local,grid_v1,1778.7691269999991,2013.7361629999998,0.0,0.0,335.9654280000008,0.0
416,dc44df77b7cee663720d9bd046fab31dd9d4adc098ec4a60e34b4dcac94e1ceb,sha256_new_design,3,P3_current_grid_v1,FULL_CLEAR,user_exit,15,15,1.0,,300.4488496,4506.732744,19673.663716134917,0.4934192000000621,cpu,0,0,15,0,0,84,77,f646560a9ee6ee2255038d24f08d28bed39916b903e10ada4d73d4781204966c,e481e2a05eb6e07dcd1a42ca7c3e703256f5fed7422d8045dde9c4fe48f20995,582606f08e9038b9bbbadc596bb4fa861f331ee6bfdb70a5c71433bbcb022860,0,recovered_practice_engine_local,grid_v1,2245.7619649999997,1711.3661550000004,0.0,0.0,549.6046239999998,0.0
417,bb96bcb7b7bb534692b4138eea98e38359aa6d32d68c6707bd298649de7959f7,sha256_new_design,3,P3_current_grid_v1,FULL_CLEAR,user_exit,15,15,1.0,,313.6574492666667,4704.861739,19814.30870084273,0.6989527000005182,cpu,0,0,15,0,0,113,102,f646560a9ee6ee2255038d24f08d28bed39916b903e10ada4d73d4781204966c,db327b68b8cd8bd7a43a5bb609c355ff6677233f63c56d321d5b07e7a8fd7f88,582606f08e9038b9bbbadc596bb4fa861f331ee6bfdb70a5c71433bbcb022860,0,recovered_practice_engine_local,grid_v1,1688.894121,2724.7270930000013,0.0,0.0,291.24052499999874,0.0
418,25869a98090694f4294af962c9544e9b61ce695ba6c4517aea6edf3a0bac10a5,sha256_new_design,3,P3_current_grid_v1,FULL_CLEAR,user_exit,15,15,1.0,,323.81234659999996,4857.185199,21155.92599878607,0.5499413999987155,cpu,0,0,15,0,0,93,86,f646560a9ee6ee2255038d24f08d28bed39916b903e10ada4d73d4781204966c,1631b1d7d473b1eeb793cca387ee7dfe1d343f06ab35a72710326fd3a4daed44,582606f08e9038b9bbbadc596bb4fa861f331ee6bfdb70a5c71433bbcb022860,0,recovered_practice_engine_local,grid_v1,2093.2809180000004,2265.924542999999,0.0,0.0,497.97973800000017,0.0
419,7c9dd26fbea7a3504043c9c0c145de350aa6b0535c2c1b2766aec8c5d5d6dd89,sha256_new_design,3,P3_current_grid_v1,FULL_CLEAR,user_exit,15,15,1.0,,294.39840286666663,4415.976043,18899.880222458116,0.5841120999994018,cpu,0,0,15,0,0,95,86,f646560a9ee6ee2255038d24f08d28bed39916b903e10ada4d73d4781204966c,b2e88bf75fdd0b9023c3bd40fa7805db279cd25f58a0e950ad747766f9293161,582606f08e9038b9bbbadc596bb4fa861f331ee6bfdb70a5c71433bbcb022860,0,recovered_practice_engine_local,grid_v1,1664.5113770000007,2116.503126999999,0.0,0.0,634.9615389999997,0.0
420,f5e448db998402da006dd0a63b61cef865dacc9d9d4caa4e8ad34f48feb6ea1e,sha256_new_design,3,P3_current_grid_v1,FULL_CLEAR,user_exit,13,13,1.0,,329.6800227692308,4285.840296,17379.20147308884,0.35661679999975604,cpu,3,143,29,19,0,117,112,f646560a9ee6ee2255038d24f08d28bed39916b903e10ada4d73d4781204966c,c36402b9cdd212a9c22441d1e591b505244e727a087cf466007749226b6bbd56,582606f08e9038b9bbbadc596bb4fa861f331ee6bfdb70a5c71433bbcb022860,0,recovered_practice_engine_local,grid_v1,1728.992409,985.8895340000001,0.0,1082.5801840000004,488.37816899999973,0.0
421,ebe701eed9549d59f85d05a625f4c0f10f394bab9147f52abd9af80a94a5643e,sha256_new_design,3,P3_current_grid_v1,FULL_CLEAR,user_exit,15,15,1.0,,283.70996173333333,4255.649426,17863.247124047935,0.5984200000002602,cpu,0,0,15,0,0,103,93,f646560a9ee6ee2255038d24f08d28bed39916b903e10ada4d73d4781204966c,ba9643778f19cf78b5cdc4740d920fdd5c71604d5b3beadd90a52b3dcf7b6ee5,582606f08e9038b9bbbadc596bb4fa861f331ee6bfdb70a5c71433bbcb022860,0,recovered_practice_engine_local,grid_v1,1876.7296600000002,2008.2260370000004,0.0,0.0,370.69372899999956,0.0
422,f79a1d563aac7d6624f56a70e459dfa8dd7b4059a5a43eca3c8ddd6148259428,sha256_new_design,3,P3_current_grid_v1,FULL_CLEAR,user_exit,13,13,1.0,,283.85505930769233,3690.115771,15045.578850617363,0.49318160000075295,cpu,0,0,13,0,0,104,96,f646560a9ee6ee2255038d24f08d28bed39916b903e10ada4d73d4781204966c,140634a48b9bec76ffca20e446a1815ebe74d3db67b1139f80622f0622eb90a3,582606f08e9038b9bbbadc596bb4fa861f331ee6bfdb70a5c71433bbcb022860,0,recovered_practice_engine_local,grid_v1,1656.3645720000009,1519.0128220000001,0.0,0.0,514.7383769999994,4.547473508864641e-13
423,725a0db4b24366baa8a3d3feb803946a8e85d5a6a9e1b279a86d432425771d58,sha256_new_design,3,P3_current_grid_v1,FULL_CLEAR,user_exit,12,12,1.0,,330.7909696666667,3969.491636,16352.458178742681,0.5414671999988059,cpu,0,0,12,0,0,108,99,f646560a9ee6ee2255038d24f08d28bed39916b903e10ada4d73d4781204966c,ddeaa0778bc859a9f2ec2433f95eae1fa1352460d65e1d318508895d6d0e8af8,582606f08e9038b9bbbadc596bb4fa861f331ee6bfdb70a5c71433bbcb022860,0,recovered_practice_engine_local,grid_v1,1595.9388149999997,1843.6244630000008,0.0,0.0,529.9283579999997,0.0
424,05509781036168b9baa38f0f0b229f417fa8f46b5379dfa97481dfc1372c1a54,sha256_new_design,3,P3_current_grid_v1,FULL_CLEAR,user_exit,12,12,1.0,,343.4900005,4121.880006,17204.400028273423,0.5096618999996281,cpu,0,0,12,0,0,105,96,f646560a9ee6ee2255038d24f08d28bed39916b903e10ada4d73d4781204966c,54837829fa080767892746c94fb886e559bfbc7288bd347c1fe747f81c5975f5,582606f08e9038b9bbbadc596bb4fa861f331ee6bfdb70a5c71433bbcb022860,0,recovered_practice_engine_local,grid_v1,1935.5040949999998,1920.323439,0.0,0.0,266.05247200000065,0.0
425,e609e5e8c0d5468d298a206490ee66c38f61984410b2c6f4d462c93a254f3c13,sha256_new_design,3,P3_current_grid_v1,FULL_CLEAR,user_exit,14,14,1.0,,268.07354757142855,3753.029666,15045.148341541666,0.5430049000005965,cpu,0,0,14,0,0,113,109,f646560a9ee6ee2255038d24f08d28bed39916b903e10ada4d73d4781204966c,0d6db7ac9834ab06227cff5f3a2603b1c4b44058bacbd3c52a1859ae433e2c99,582606f08e9038b9bbbadc596bb4fa861f331ee6bfdb70a5c71433bbcb022860,0,recovered_practice_engine_local,grid_v1,1315.954241,1581.3062919999988,0.0,0.0,855.7691330000011,0.0
426,8127aa1ef27a701b4627f2a9b49c3ccf8a81d85105ebc1e2dbbc65dd1e9cf686,sha256_new_design,3,P3_current_grid_v1,FULL_CLEAR,user_exit,16,16,1.0,,250.42598825,4006.815812,16674.07905947001,0.6335450999995373,cpu,0,0,16,0,0,100,92,f646560a9ee6ee2255038d24f08d28bed39916b903e10ada4d73d4781204966c,0abd89bf84403b4d7a243167f90c0cbe498d505340fa61c7278bf82762661e62,582606f08e9038b9bbbadc596bb4fa861f331ee6bfdb70a5c71433bbcb022860,0,recovered_practice_engine_local,grid_v1,1264.9698250000004,2071.51414,0.0,0.0,670.3318469999991,4.547473508864641e-13
427,86cf9564d63ab980d2eae8d13c4a121c981c372c5697b3da53fd827fadd351a1,sha256_new_design,3,P3_current_grid_v1,FULL_CLEAR,user_exit,13,13,1.0,,343.70176915384616,4468.122999,19090.61500799721,0.5072307999998884,cpu,0,0,13,0,0,99,90,f646560a9ee6ee2255038d24f08d28bed39916b903e10ada4d73d4781204966c,503c1db3a139be662425ed5df818b470506fb98b45d33f7f127e70646e2df77d,582606f08e9038b9bbbadc596bb4fa861f331ee6bfdb70a5c71433bbcb022860,0,recovered_practice_engine_local,grid_v1,2016.7748680000004,1754.738917999999,0.0,0.0,696.6092130000006,0.0
428,99ac8c35329ced46941762120d679ba06432cba50ea375eee0edd1d8ae1ea0df,sha256_new_design,3,P3_current_grid_v1,FULL_CLEAR,user_exit,11,11,1.0,,374.3535094545454,4117.888604,17194.443027827296,0.3910315000011906,cpu,0,0,11,0,0,105,99,f646560a9ee6ee2255038d24f08d28bed39916b903e10ada4d73d4781204966c,a56038736231312057a8e3b608f5be2a168c02bcd421f8b7e2e950dcbd376adb,582606f08e9038b9bbbadc596bb4fa861f331ee6bfdb70a5c71433bbcb022860,0,recovered_practice_engine_local,grid_v1,1904.8820679999994,1827.5384569999997,0.0,0.0,385.4680790000005,0.0
429,fe73ab57bec767f6cf6b21c340971d6c7f8a3ff6aabccd41df2b8a2e6de8f9b3,sha256_new_design,3,P3_current_grid_v1,FULL_CLEAR,user_exit,11,11,1.0,,359.44299518181816,3953.872947,16129.364740520534,0.3917527000012342,cpu,0,0,11,0,0,113,108,f646560a9ee6ee2255038d24f08d28bed39916b903e10ada4d73d4781204966c,69384b294420276f8f86b8f975018979d8fe6885e8682e961923e559359d1a4b,582606f08e9038b9bbbadc596bb4fa861f331ee6bfdb70a5c71433bbcb022860,0,recovered_practice_engine_local,grid_v1,1864.128443,1652.3489290000005,0.0,0.0,437.39557499999944,0.0
430,8a4ad59cadb08efdd80146c0f765d613c033ca78794532b069ff98c29c6c6a9d,sha256_new_design,3,P3_current_grid_v1,FULL_CLEAR,user_exit,14,14,1.0,,275.3546397857143,3854.964957,16044.824764681662,0.6658132000011392,cpu,0,0,14,0,0,98,86,f646560a9ee6ee2255038d24f08d28bed39916b903e10ada4d73d4781204966c,80b7c448480c466a1775287c6f76c6a7bb14678885e0b23bbba9d1be60648da6,582606f08e9038b9bbbadc596bb4fa861f331ee6bfdb70a5c71433bbcb022860,0,recovered_practice_engine_local,grid_v1,1664.920722,1794.1627270000001,0.0,0.0,395.881508,0.0
431,23719cff96e874ee1e145914fa49ab1930ea4908a98cbce30435a860ee6001d5,sha256_new_design,3,P3_current_grid_v1,FULL_CLEAR,user_exit,14,14,1.0,,300.92299264285714,4212.921897,18054.60949401492,0.5678170999999566,cpu,0,0,14,0,0,90,82,f646560a9ee6ee2255038d24f08d28bed39916b903e10ada4d73d4781204966c,0e6fab239de5354daf949c0fbf8d8d25cfa1f11717a24c6b9fc8beebc3ad06c4,582606f08e9038b9bbbadc596bb4fa861f331ee6bfdb70a5c71433bbcb022860,0,recovered_practice_engine_local,grid_v1,2033.9119000000003,1584.0511090000005,0.0,0.0,594.9588879999994,0.0
432,49f8ce17d98b74d4934e7d721b6fbc06e02787155797de9f775ea3e24b4c0c87,sha256_new_design,3,P3_current_grid_v1,FULL_CLEAR,user_exit,13,13,1.0,,291.64831746153845,3791.428127,14807.140626076065,0.59263269999974,cpu,0,0,13,0,0,129,120,f646560a9ee6ee2255038d24f08d28bed39916b903e10ada4d73d4781204966c,040444937f9ed8f2866be56afdff7cdaf133dbf77088508ae87488cef5db0b1b,582606f08e9038b9bbbadc596bb4fa861f331ee6bfdb70a5c71433bbcb022860,0,recovered_practice_engine_local,grid_v1,1536.4532000000004,1744.6147329999994,0.0,0.0,510.36019400000043,0.0
433,11b9ca217ea26f209d9c6e45541c51c74825cb76912b2506c64d4d30d0148d5a,sha256_new_design,3,P3_current_grid_v1,FULL_CLEAR,user_exit,14,14,1.0,,277.97715664285715,3891.680193,15733.400964716653,0.4862857999996777,cpu,1,15,21,8,0,110,104,f646560a9ee6ee2255038d24f08d28bed39916b903e10ada4d73d4781204966c,101ab6a42246dd1439fd23eaa485b666d44f8edab9587cf0167269ae15e3417d,582606f08e9038b9bbbadc596bb4fa861f331ee6bfdb70a5c71433bbcb022860,0,recovered_practice_engine_local,grid_v1,1416.3531000000003,1487.7140259999999,0.0,504.31243600000016,483.3006309999999,0.0
434,7504c1bf873d372c213cc6b5021aff242e1c74b536d83d06ab9bb288fa7de11a,sha256_new_design,3,P3_current_grid_v1,FULL_CLEAR,user_exit,12,12,1.0,,340.79804741666663,4089.576569,17052.882846421624,0.4262006000008114,cpu,0,0,12,0,0,104,99,f646560a9ee6ee2255038d24f08d28bed39916b903e10ada4d73d4781204966c,5a078b2ad295052256754b2bd19436bb934d206323758eceae35109739a10495,582606f08e9038b9bbbadc596bb4fa861f331ee6bfdb70a5c71433bbcb022860,0,recovered_practice_engine_local,grid_v1,2015.5001469999997,1466.4757370000002,0.0,0.0,607.600685,0.0
435,1399a8f3616894903d0461a8ca4c948b215c990044cabe1e0d3dfef4e1939940,sha256_new_design,3,P3_current_grid_v1,FULL_CLEAR,user_exit,14,14,1.0,,295.11501464285715,4131.610205,17428.051035711862,0.513680200001545,cpu,0,0,14,0,0,97,91,f646560a9ee6ee2255038d24f08d28bed39916b903e10ada4d73d4781204966c,311b4681c6464e99df870565594d97bfd0a94e7c6cf6116b0f76dc1271bb589d,582606f08e9038b9bbbadc596bb4fa861f331ee6bfdb70a5c71433bbcb022860,0,recovered_practice_engine_local,grid_v1,1937.1425309999995,1565.6866670000004,0.0,0.0,628.7810070000002,0.0
436,fc268f77e928abe7674b218d57a8fd606aba21d4443b12813c19ea4977b2b31d,sha256_new_design,3,P3_current_grid_v1,FULL_CLEAR,user_exit,12,12,1.0,,320.75954758333336,3849.114571,15705.572850314544,0.4605152000003727,cpu,0,0,12,0,0,109,103,f646560a9ee6ee2255038d24f08d28bed39916b903e10ada4d73d4781204966c,6fb322f73790d41e1d75f3b71b646356da89776b294b0b5df45d2c826dbd3f74,582606f08e9038b9bbbadc596bb4fa861f331ee6bfdb70a5c71433bbcb022860,0,recovered_practice_engine_local,grid_v1,1571.0734489999998,1927.2147519999999,0.0,0.0,350.8263700000004,4.547473508864641e-13
437,ab61672fd0519e435ad699cb5be46e4267711acb7866a4d90f7720bea4dd0e50,sha256_new_design,3,P3_current_grid_v1,FULL_CLEAR,user_exit,15,15,1.0,,320.6517790666667,4809.776686,20648.883447210574,0.5049294000000373,cpu,0,0,15,0,0,102,95,f646560a9ee6ee2255038d24f08d28bed39916b903e10ada4d73d4781204966c,b950ac4f9f8620877d56938a303dd5c18d73b4565dcf86ca9d8267d2b7c907f0,582606f08e9038b9bbbadc596bb4fa861f331ee6bfdb70a5c71433bbcb022860,0,recovered_practice_engine_local,grid_v1,1463.925329000001,2643.3575849999993,0.0,0.0,702.4937719999999,0.0
438,66425253a769bb2c957eca16b1b8a4ac846609f9c9e9fbb8ee3f46a995a03df3,sha256_new_design,3,P3_current_grid_v1,FULL_CLEAR,user_exit,11,11,1.0,,356.759837,3924.358207,16081.79101971939,0.4420169999993959,cpu,0,0,11,0,0,110,103,f646560a9ee6ee2255038d24f08d28bed39916b903e10ada4d73d4781204966c,dd6d6eff83afcc00c331830df06592de98be7860b10885b98af6b20bf6f38e1d,582606f08e9038b9bbbadc596bb4fa861f331ee6bfdb70a5c71433bbcb022860,0,recovered_practice_engine_local,grid_v1,1920.6497269999998,1607.276185,0.0,0.0,396.43229500000047,0.0
439,58c845df44d2a4b5ff884f1b760e3321196badb5c262dea5bb0b3b7ebe0ed268,sha256_new_design,3,P3_current_grid_v1,FULL_CLEAR,user_exit,12,12,1.0,,299.71812925,3596.617551,14518.087763023384,0.5111047000009421,cpu,0,0,12,0,0,107,98,f646560a9ee6ee2255038d24f08d28bed39916b903e10ada4d73d4781204966c,e03476ccbc952da3765c67a3e1ca6fda32cf32eee4e8611f15887d28d571507b,582606f08e9038b9bbbadc596bb4fa861f331ee6bfdb70a5c71433bbcb022860,0,recovered_practice_engine_local,grid_v1,1267.639278,1930.8798229999998,0.0,0.0,398.0984500000001,0.0
440,2883e43866e6dade66b99b912afc8bc1cb6bec5ebe70a195ec0de4c062325e91,sha256_new_design,3,P3_current_grid_v1,FULL_CLEAR,user_exit,16,16,1.0,,283.5939941875,4537.503907,19612.51952642146,0.7336271000003762,cpu,0,0,16,0,0,91,80,f646560a9ee6ee2255038d24f08d28bed39916b903e10ada4d73d4781204966c,c02b3b8b1db3fa9782a371f9907e2aea0b50a8fcf397dc01ee46787feecb6ef5,582606f08e9038b9bbbadc596bb4fa861f331ee6bfdb70a5c71433bbcb022860,0,recovered_practice_engine_local,grid_v1,1776.9946079999993,2340.1001310000006,0.0,0.0,420.4091680000003,0.0
441,95852d6f5ce87dbae32e4428fa926827fd08f959631d265c316cb7b32090401e,sha256_new_design,3,P3_current_grid_v1,FULL_CLEAR,user_exit,14,14,1.0,,241.88739942857143,3386.423592,13427.117963409064,0.4549184999996214,cpu,0,0,14,0,0,106,101,f646560a9ee6ee2255038d24f08d28bed39916b903e10ada4d73d4781204966c,a097e7b7a53291655c4a3afbac2acf7506d47b73c19456032210a95c491bfe37,582606f08e9038b9bbbadc596bb4fa861f331ee6bfdb70a5c71433bbcb022860,0,recovered_practice_engine_local,grid_v1,1320.6786980000002,1301.9000969999997,0.0,0.0,763.8447970000003,0.0
442,5a2449af5e9d4928b55daa8fd9598ef055c037e881a8f388215a70b995b9bdf7,sha256_new_design,3,P3_current_grid_v1,FULL_CLEAR,user_exit,10,10,1.0,,363.8384215,3638.384215,14621.921060417166,0.45850529999916034,cpu,0,0,10,0,0,112,104,f646560a9ee6ee2255038d24f08d28bed39916b903e10ada4d73d4781204966c,4f24e2bb490ad308edf04508236290809123be50ef2c4ac27f822746a46c86b5,582606f08e9038b9bbbadc596bb4fa861f331ee6bfdb70a5c71433bbcb022860,0,recovered_practice_engine_local,grid_v1,1602.5908850000005,1701.9431069999996,0.0,0.0,333.850223,0.0
443,fc08b75c55acbb402e023baed2afb772614deb21a275b614d27e17f18a0cca07,sha256_new_design,3,P3_current_grid_v1,FULL_CLEAR,user_exit,12,12,1.0,,297.8679719166667,3574.415663,14537.078316580402,0.45851179999954184,cpu,0,0,12,0,0,102,97,f646560a9ee6ee2255038d24f08d28bed39916b903e10ada4d73d4781204966c,1604ef645967d6a2d70cb435cf049e6764ac52555044fa6bcc71946e5f6b05ef,582606f08e9038b9bbbadc596bb4fa861f331ee6bfdb70a5c71433bbcb022860,0,recovered_practice_engine_local,grid_v1,1744.9523330000006,1366.517982999999,0.0,0.0,462.94534700000054,4.547473508864641e-13
444,a15bbdfc4c87482262295c719a883d867c503d508db8e94bd8380fddf9345293,sha256_new_design,3,P3_current_grid_v1,FULL_CLEAR,user_exit,13,13,1.0,,419.99426538461535,5459.92545,21994.627288712905,0.37902670000039507,cpu,1,144,131,119,0,108,102,f646560a9ee6ee2255038d24f08d28bed39916b903e10ada4d73d4781204966c,bcaeaf53c33a6aa207ccd9fd65bd62ef9351b20821d97d51cff3068e4ca94cd8,582606f08e9038b9bbbadc596bb4fa861f331ee6bfdb70a5c71433bbcb022860,0,recovered_practice_engine_local,grid_v1,1775.3656970000004,1045.5496079999996,0.0,1921.0332869999997,717.976858,0.0
445,49784c5dd0bab489eba9f4cee3591051c386fba17ae131dc90949550925cabcb,sha256_new_design,3,P3_current_grid_v1,FULL_CLEAR,user_exit,11,11,1.0,,326.01673754545453,3586.184113,14325.92054518779,0.38292790000014065,cpu,0,0,11,0,0,112,106,f646560a9ee6ee2255038d24f08d28bed39916b903e10ada4d73d4781204966c,214ddeae7e678d04f96b4c3f1fd4d6e6cc7d1738814a7ac7092659026db166a0,582606f08e9038b9bbbadc596bb4fa861f331ee6bfdb70a5c71433bbcb022860,0,recovered_practice_engine_local,grid_v1,1777.8111399999993,1292.0721030000004,0.0,0.0,516.30087,0.0
446,cc3ba7cba0293e9588488bb9bfc48612db7e9f85e008210e81c0a182963cfd05,sha256_new_design,3,P3_current_grid_v1,FULL_CLEAR,user_exit,16,16,1.0,,315.33536,5045.36576,22116.828780099106,0.6891702000011719,cpu,0,0,16,0,0,92,82,f646560a9ee6ee2255038d24f08d28bed39916b903e10ada4d73d4781204966c,e442f9687369d385cb201656ba6bbef75610e1179e61420f89ed7233d35dd650,582606f08e9038b9bbbadc596bb4fa861f331ee6bfdb70a5c71433bbcb022860,0,recovered_practice_engine_local,grid_v1,2089.444888,2517.168531,0.0,0.0,438.75234100000034,0.0
447,f317f9645291cf0d279f46de0fc06d9d5980ef392a925fc47371e59d1bdbc3b3,sha256_new_design,3,P3_current_grid_v1,FULL_CLEAR,user_exit,14,14,1.0,,284.2010692142857,3978.814969,16374.074851021527,0.6236305000002176,cpu,0,0,14,0,0,107,99,f646560a9ee6ee2255038d24f08d28bed39916b903e10ada4d73d4781204966c,67f799b8d1887957da6e933502c67a40a428bb208ee2657b953c3b9051c0fc84,582606f08e9038b9bbbadc596bb4fa861f331ee6bfdb70a5c71433bbcb022860,0,recovered_practice_engine_local,grid_v1,1607.7798469999998,2129.3711279999998,0.0,0.0,241.66399400000068,0.0
448,3a0931c103c41332dbaf6c8de3b752d51f2936ca3e02f864efb4a3e72b0c3cba,sha256_new_design,3,P3_current_grid_v1,FULL_CLEAR,user_exit,16,16,1.0,,275.7987951875,4412.780723,18683.90361201867,0.6820535999995627,cpu,0,0,16,0,0,101,91,f646560a9ee6ee2255038d24f08d28bed39916b903e10ada4d73d4781204966c,072951f2ee3c83a4e585edbcef3415223dc3fcc11473300dbf52a96f3a2837a6,582606f08e9038b9bbbadc596bb4fa861f331ee6bfdb70a5c71433bbcb022860,0,recovered_practice_engine_local,grid_v1,1757.9038370000005,2279.336474,0.0,0.0,375.54041199999926,0.0
449,743937cec58b10bbfd2e951ae5097ecd3c611784b7db0eadd636d6b37269a258,sha256_new_design,3,P3_current_grid_v1,FULL_CLEAR,user_exit,14,14,1.0,,297.41140007142855,4163.759601,17013.798014230128,0.5210671000004368,cpu,1,15,18,5,0,114,109,f646560a9ee6ee2255038d24f08d28bed39916b903e10ada4d73d4781204966c,de1c4ef00f63f21131dcb1cc4f44b38c74749bf62f3c47211149f615a9bbedf1,582606f08e9038b9bbbadc596bb4fa861f331ee6bfdb70a5c71433bbcb022860,0,recovered_practice_engine_local,grid_v1,1711.1765950000004,1493.7767969999995,0.0,358.5260209999997,600.2801880000002,0.0
450,20eb4f3904a69054d9761472a73fc2d576f7717320933de3ea5f7d3d73322aa3,sha256_new_design,3,P3_current_grid_v1,FULL_CLEAR,user_exit,12,12,1.0,,330.42199941666667,3965.063993,16080.319956479805,0.514757599999939,cpu,0,0,12,0,0,116,109,f646560a9ee6ee2255038d24f08d28bed39916b903e10ada4d73d4781204966c,f8c5d0e7072e549e5a1c7f8f8e2161e0f4a92b953bd0f5efc87da74ceeccf370,582606f08e9038b9bbbadc596bb4fa861f331ee6bfdb70a5c71433bbcb022860,0,recovered_practice_engine_local,grid_v1,1560.5184990000002,2103.1023099999998,0.0,0.0,301.443184,4.547473508864641e-13
451,dc387c731f4847d378215331af39871234feb63564db7738466c897e4feb28c8,sha256_new_design,3,P3_current_grid_v1,FULL_CLEAR,user_exit,10,10,1.0,,366.8250197,3668.250197,14366.250979642156,0.417286800000511,cpu,0,0,10,0,0,125,120,f646560a9ee6ee2255038d24f08d28bed39916b903e10ada4d73d4781204966c,932916cd780c41c912342f496af94a4ba2b0d19ef9774fbdc00909a54ea90b9b,582606f08e9038b9bbbadc596bb4fa861f331ee6bfdb70a5c71433bbcb022860,0,recovered_practice_engine_local,grid_v1,1782.6968330000004,1527.1138899999996,0.0,0.0,358.43947399999956,4.547473508864641e-13
452,bdb7e587b1725e44c83a9042f8309abcf75e2cc80dc2c3ab3b922ea83750ec7d,sha256_new_design,3,P3_current_grid_v1,FULL_CLEAR,user_exit,10,10,1.0,,350.0005771,3500.005771,13965.028861502504,0.4898374000003969,cpu,0,0,10,0,0,111,102,f646560a9ee6ee2255038d24f08d28bed39916b903e10ada4d73d4781204966c,972712e481328f497d10d824f236b2bda6dc61f3596e361a7db3f63a98e5942a,582606f08e9038b9bbbadc596bb4fa861f331ee6bfdb70a5c71433bbcb022860,0,recovered_practice_engine_local,grid_v1,1449.951105,1750.4961469999996,0.0,0.0,299.5585190000003,0.0
453,d7d7c95ebb015a78f7b5b92c4f730aeac58550955ea6f4975583611c49cf5a25,sha256_new_design,3,P3_current_grid_v1,FULL_CLEAR,user_exit,12,12,1.0,,314.9664568333333,3779.597482,15122.987405286163,0.44997330000114744,cpu,0,0,12,0,0,117,110,f646560a9ee6ee2255038d24f08d28bed39916b903e10ada4d73d4781204966c,88c08363f27eeb869c4ec2fe39c7d68b25e6eb5efd05491f0fb6ddd965550360,582606f08e9038b9bbbadc596bb4fa861f331ee6bfdb70a5c71433bbcb022860,0,recovered_practice_engine_local,grid_v1,1757.546788,1671.8518130000002,0.0,0.0,350.1988809999999,0.0
454,fb1d417b1907ada94bb0f3eab6bc33f5d4c9225330c809b9415581c3912829df,sha256_new_design,3,P3_current_grid_v1,FULL_CLEAR,user_exit,14,14,1.0,,314.44516414285715,4402.232298,18681.161473679946,0.5858939999998256,cpu,0,0,14,0,0,101,91,f646560a9ee6ee2255038d24f08d28bed39916b903e10ada4d73d4781204966c,13acbf83c49497e8100e62cf41b070e7557004ed4d01e7dbfa962215b4d70c24,582606f08e9038b9bbbadc596bb4fa861f331ee6bfdb70a5c71433bbcb022860,0,recovered_practice_engine_local,grid_v1,1730.0735519999998,2155.918909000002,0.0,0.0,516.2398369999985,0.0
455,1080c3e927c1683056c3e816124e72eaffabaa26960f0d3c787ee9f95cf6563f,sha256_new_design,3,P3_current_grid_v1,FULL_CLEAR,user_exit,10,10,1.0,,384.456161,3844.56161,15292.808040499209,0.4464279000003444,cpu,0,0,10,0,0,124,116,f646560a9ee6ee2255038d24f08d28bed39916b903e10ada4d73d4781204966c,5d584231eb02b9f9db96ce872e729b6557d7bea1998c52bd2caff9bdfed96ea7,582606f08e9038b9bbbadc596bb4fa861f331ee6bfdb70a5c71433bbcb022860,0,recovered_practice_engine_local,grid_v1,1748.172876,1694.3055470000004,0.0,0.0,402.0831869999996,0.0
456,fa71271cf39f080ccda04b745523eb06b01a10490c123c1aad8553c6036d9131,sha256_new_design,3,P3_current_grid_v1,FULL_CLEAR,user_exit,16,16,1.0,,291.8609779375,4669.775647,19978.878232911986,0.595867800000633,cpu,0,0,16,0,0,100,94,f646560a9ee6ee2255038d24f08d28bed39916b903e10ada4d73d4781204966c,5a7d15ab7c5ae53c999b66acaddad127aad4cb1f2b4dcc70d738161df1779fcb,582606f08e9038b9bbbadc596bb4fa861f331ee6bfdb70a5c71433bbcb022860,0,recovered_practice_engine_local,grid_v1,2020.7253209999997,2110.194197000001,0.0,0.0,538.8561289999997,0.0
457,5aaf7395227db07afa9dc278a422e16cb21997bd022191fc1e87f1cee8da33c6,sha256_new_design,3,P3_current_grid_v1,FULL_CLEAR,user_exit,10,10,1.0,,390.4256395,3904.256395,16146.281967878298,0.4800359999990178,cpu,0,0,10,0,0,106,95,f646560a9ee6ee2255038d24f08d28bed39916b903e10ada4d73d4781204966c,bf9842b22b338d5171af25dc15961820dda8d8dbf6fc4d56eff1a47bf9d71550,582606f08e9038b9bbbadc596bb4fa861f331ee6bfdb70a5c71433bbcb022860,0,recovered_practice_engine_local,grid_v1,1741.8912380000002,1950.2197250000002,0.0,0.0,212.14543199999952,4.547473508864641e-13
458,6d1c75f0113ff45463441f25258f425416f95ce321539693c02af713d56e4085,sha256_new_design,3,P3_current_grid_v1,FULL_CLEAR,user_exit,15,15,1.0,,255.42862466666665,3831.42937,15872.146846597367,0.43201939999926253,cpu,1,168,23,9,0,94,88,f646560a9ee6ee2255038d24f08d28bed39916b903e10ada4d73d4781204966c,47f6dda28132dabbaae5ea9734a128d2c73e5899001c0d34a46f78a56ce2af16,582606f08e9038b9bbbadc596bb4fa861f331ee6bfdb70a5c71433bbcb022860,0,recovered_practice_engine_local,grid_v1,1657.9312610000002,1361.992097,0.0,118.47505299999966,693.0309589999999,0.0
459,5716ee019f9dd25db91b5f581a30b9d8206e145ec58da8583b1dbfbce1d7bb11,sha256_new_design,3,P3_current_grid_v1,FULL_CLEAR,user_exit,13,13,1.0,,312.3774693076923,4060.907101,16689.53552049528,0.5509552000003168,cpu,0,0,13,0,0,111,103,f646560a9ee6ee2255038d24f08d28bed39916b903e10ada4d73d4781204966c,1deffbd6801964e9c427c25618bbae994f9b40a352160962bea292d0446a9fed,582606f08e9038b9bbbadc596bb4fa861f331ee6bfdb70a5c71433bbcb022860,0,recovered_practice_engine_local,grid_v1,1587.7032530000004,2085.3015570000002,0.0,0.0,387.902290999999,4.547473508864641e-13
460,a72f2a8f148006e69acddd7dee82c955e32051a5f2942949be7239c31808aa77,sha256_new_design,3,P3_current_grid_v1,FULL_CLEAR,user_exit,14,14,1.0,,285.8286482857143,4001.601076,16768.005362204625,0.5672009999998409,cpu,0,0,14,0,0,98,88,f646560a9ee6ee2255038d24f08d28bed39916b903e10ada4d73d4781204966c,691162509755184dd970cdde219b8ad00beb3c728c980156887108fb5017a657,582606f08e9038b9bbbadc596bb4fa861f331ee6bfdb70a5c71433bbcb022860,0,recovered_practice_engine_local,grid_v1,1920.4239799999998,1666.6985719999996,0.0,0.0,414.4785240000004,0.0
461,5dfbb9e838a3a8bf6b6c8edaa208462f38701f3939edafb5c86cdf0e3421107a,sha256_new_design,3,P3_current_grid_v1,FULL_CLEAR,user_exit,11,11,1.0,,368.23845,4050.62295,16513.114757784144,0.5508819999995467,cpu,0,0,11,0,0,117,108,f646560a9ee6ee2255038d24f08d28bed39916b903e10ada4d73d4781204966c,92c5b37ceb946d6627b112a0010404ad30dc28458421479e23ba364946d48629,582606f08e9038b9bbbadc596bb4fa861f331ee6bfdb70a5c71433bbcb022860,0,recovered_practice_engine_local,grid_v1,1705.1521749999997,2007.1264750000007,0.0,0.0,338.34429999999946,4.547473508864641e-13
462,06c348606eb2e414823bd970e2eeb0db811b46dc975606d5c91e6e719d2ea8a9,sha256_new_design,3,P3_current_grid_v1,FULL_CLEAR,user_exit,12,12,1.0,,318.56881741666666,3822.825809,15924.129034075022,0.4219704000006459,cpu,0,0,12,0,0,97,93,f646560a9ee6ee2255038d24f08d28bed39916b903e10ada4d73d4781204966c,40a08cd4dc901025b83e9ce8f62425ad25800cfcb1e31c67553114d4b5421243,582606f08e9038b9bbbadc596bb4fa861f331ee6bfdb70a5c71433bbcb022860,0,recovered_practice_engine_local,grid_v1,1912.6094100000003,1449.7358009999998,0.0,0.0,460.48059799999976,4.547473508864641e-13
463,cac245245b76bcf055017c6db80a8f7f95041d2a1253124e24aec7ae1dabbc88,sha256_new_design,3,P3_current_grid_v1,FULL_CLEAR,user_exit,16,16,1.0,,300.3183405,4805.093448,20645.467236188982,0.48170589999972435,cpu,0,0,16,0,0,100,96,f646560a9ee6ee2255038d24f08d28bed39916b903e10ada4d73d4781204966c,7072f00c84ea973d4856c6d7a27aeeec74c702daba73341eaa63fffa43e457d6,582606f08e9038b9bbbadc596bb4fa861f331ee6bfdb70a5c71433bbcb022860,0,recovered_practice_engine_local,grid_v1,1715.7005389999995,1936.8540829999995,0.0,0.0,1152.5388260000004,0.0
464,9dae7b80ac47abcc872448d464671b7e4e51eadf795d482cf22856b4217a8898,sha256_new_design,3,P3_current_grid_v1,FULL_CLEAR,user_exit,12,12,1.0,,339.248509,4070.982108,16819.91054469367,0.5259077999999135,cpu,0,0,12,0,0,109,102,f646560a9ee6ee2255038d24f08d28bed39916b903e10ada4d73d4781204966c,8d81439ae2b65214eab8c2183a16e99ca50deae58235b18e1bbf203f8617f24f,582606f08e9038b9bbbadc596bb4fa861f331ee6bfdb70a5c71433bbcb022860,0,recovered_practice_engine_local,grid_v1,1837.1093149999997,1733.4826220000002,0.0,0.0,500.3901710000003,4.547473508864641e-13
465,e16b17fde095f8ba240b0654eba387c3f16c02122389aa4a84bd3753bad492cb,sha256_new_design,3,P3_current_grid_v1,FULL_CLEAR,user_exit,11,11,1.0,,345.77811581818185,3803.559274,15127.79636213434,0.47042400000100315,cpu,0,0,11,0,0,122,113,f646560a9ee6ee2255038d24f08d28bed39916b903e10ada4d73d4781204966c,9966c7113a25ff6b6e4cf4aa187eed42e4caf5f0f944e55926707ed6f1950fbd,582606f08e9038b9bbbadc596bb4fa861f331ee6bfdb70a5c71433bbcb022860,0,recovered_practice_engine_local,grid_v1,1530.237677,1941.1697530000015,0.0,0.0,332.15184399999856,0.0
466,56ad01dcdf59416d0ef9c1fa5b7d7c8326041671e8f2aebf6baa00a24c876b3d,sha256_new_design,3,P3_current_grid_v1,FULL_CLEAR,user_exit,12,12,1.0,,365.22879341666663,4382.745521,18298.727613129424,0.5634278999987146,cpu,0,0,12,0,0,112,103,f646560a9ee6ee2255038d24f08d28bed39916b903e10ada4d73d4781204966c,4fb693bcfccb0c89e28bfdf7a5c9370bc86caa5476ed66011773bcdfb7065ff1,582606f08e9038b9bbbadc596bb4fa861f331ee6bfdb70a5c71433bbcb022860,0,recovered_practice_engine_local,grid_v1,2243.5862530000004,1912.7541509999992,0.0,0.0,226.4051170000003,0.0
467,c948b5992ce5556afaf9e05dd8231e848bae25e5c03c60f807bdf5bd1aed9ce3,sha256_new_design,3,P3_current_grid_v1,FULL_CLEAR,user_exit,12,12,1.0,,351.33780516666667,4216.053662,17970.26830650696,0.49627399999917543,cpu,0,0,12,0,0,95,87,f646560a9ee6ee2255038d24f08d28bed39916b903e10ada4d73d4781204966c,566fdc2fd4374ab4b23dbcce4470c387d33a41bbb343c723e21a8dd9372b282d,582606f08e9038b9bbbadc596bb4fa861f331ee6bfdb70a5c71433bbcb022860,0,recovered_practice_engine_local,grid_v1,1950.8763900000004,1644.4657100000002,0.0,0.0,620.7115619999997,0.0
468,eff26fad7c2b82a7f4c6b5d9abd9801c8889be505d185f96594d0ae0483ef080,sha256_new_design,3,P3_current_grid_v1,FULL_CLEAR,user_exit,10,10,1.0,,383.8230246,3838.230246,15466.151236111371,0.43249810000088473,cpu,0,0,10,0,0,117,110,f646560a9ee6ee2255038d24f08d28bed39916b903e10ada4d73d4781204966c,c2f8435abacd55e4b71bc92f59fa888fff2647176cbdc374e071f533bdf96964,582606f08e9038b9bbbadc596bb4fa861f331ee6bfdb70a5c71433bbcb022860,0,recovered_practice_engine_local,grid_v1,2027.6878689999999,1611.9482950000008,0.0,0.0,198.5940819999994,0.0
469,903d1d9c9649ba7d59635ef8a1f6c77fa8f1797e9061b54894ab0dc02d0a3d95,sha256_new_design,3,P3_current_grid_v1,FULL_CLEAR,user_exit,11,11,1.0,,353.5634497272727,3889.197947,15995.989733472914,0.47975619999851915,cpu,0,0,11,0,0,107,100,f646560a9ee6ee2255038d24f08d28bed39916b903e10ada4d73d4781204966c,4f62db6e6faec0b07e63ee6417a971be5d5a64be849f8c0437ff644eec558e3e,582606f08e9038b9bbbadc596bb4fa861f331ee6bfdb70a5c71433bbcb022860,0,recovered_practice_engine_local,grid_v1,1919.781422,1521.261737,0.0,0.0,448.15478800000005,4.547473508864641e-13
470,1da870c61fe7f09a4492d724a1ebaf7f68affce3426467a1b116d69d84b659a0,sha256_new_design,3,P3_current_grid_v1,FULL_CLEAR,user_exit,15,15,1.0,,263.62208746666664,3954.331312,16376.656565880945,0.6061405999989802,cpu,0,0,15,0,0,102,94,f646560a9ee6ee2255038d24f08d28bed39916b903e10ada4d73d4781204966c,8b5817b9f857943f01d611daf7aa9f73485453a08d3c9b167fdbbe96013842a1,582606f08e9038b9bbbadc596bb4fa861f331ee6bfdb70a5c71433bbcb022860,0,recovered_practice_engine_local,grid_v1,1384.8342349999994,2120.945764,0.0,0.0,448.55131300000033,0.0
471,a88b02f956b4965e3d5abe086a74ffc55c88b80986e94d24713caa8990d79e89,sha256_new_design,3,P3_current_grid_v1,FULL_CLEAR,user_exit,10,10,1.0,,410.3434112,4103.434112,16912.170560373404,0.45904479999990144,cpu,0,0,10,0,0,113,106,f646560a9ee6ee2255038d24f08d28bed39916b903e10ada4d73d4781204966c,bb4cd90ba433595527bfafb510b382068119cf47a547b06c20d38df4783593a7,582606f08e9038b9bbbadc596bb4fa861f331ee6bfdb70a5c71433bbcb022860,0,recovered_practice_engine_local,grid_v1,1984.0895260000002,1777.3018909999996,0.0,0.0,342.04269500000004,0.0
472,c3043c60d76724b850fc0566ab859a399737ac67820dabb15dbd4cd2672443a2,sha256_new_design,3,P3_current_grid_v1,FULL_CLEAR,user_exit,16,16,1.0,,282.3087329375,4516.939727,19394.69863504449,0.6900208000006387,cpu,0,0,16,0,0,95,83,f646560a9ee6ee2255038d24f08d28bed39916b903e10ada4d73d4781204966c,1d308b52d243be87fe04ae6e38d4ecf4754343c60b7c89271832e2b9e09cef51,582606f08e9038b9bbbadc596bb4fa861f331ee6bfdb70a5c71433bbcb022860,0,recovered_practice_engine_local,grid_v1,1885.0939630000003,2159.4059700000003,0.0,0.0,472.43979399999944,0.0
473,816bf694321f22a2b45f755961ca0a7b47ca60fed689501c234220cc6f271f3e,sha256_new_design,3,P3_current_grid_v1,FULL_CLEAR,user_exit,10,10,1.0,,370.83812109999997,3708.381211,15016.906071770152,0.3655148999987432,cpu,0,0,10,0,0,110,105,f646560a9ee6ee2255038d24f08d28bed39916b903e10ada4d73d4781204966c,b4faf439b63745d5e06f678ee5ecfaead53f8a695a634afe95b5086cc0da6924,582606f08e9038b9bbbadc596bb4fa861f331ee6bfdb70a5c71433bbcb022860,0,recovered_practice_engine_local,grid_v1,1832.4968589999999,1427.2261879999999,0.0,0.0,448.6581640000001,4.547473508864641e-13
474,acb2933e71c2dc97a7fd0ddf28f59969470787e0be8924d421931294cb3699f9,sha256_new_design,3,P3_current_grid_v1,FULL_CLEAR,user_exit,11,11,1.0,,366.2355358181818,4028.590894,16717.95446799167,0.3635587000007945,cpu,0,0,11,0,0,106,100,f646560a9ee6ee2255038d24f08d28bed39916b903e10ada4d73d4781204966c,7ef90ee6297f0c0846a20e471415c508546846aa5ed6860e84cc28ca44d6bf20,582606f08e9038b9bbbadc596bb4fa861f331ee6bfdb70a5c71433bbcb022860,0,recovered_practice_engine_local,grid_v1,2052.2356950000003,1291.1337549999998,0.0,0.0,685.2214439999996,0.0
475,5c2c3ad09b4cf870459520e9fce4d133fe5672293f83094b2ab888211af337de,sha256_new_design,3,P3_current_grid_v1,FULL_CLEAR,user_exit,16,16,1.0,,271.5834396875,4345.335035,17961.67516822069,0.5674755000000005,cpu,0,0,16,0,0,113,108,f646560a9ee6ee2255038d24f08d28bed39916b903e10ada4d73d4781204966c,f62f03dbefffbca9b5ef93f7e1475819ebb9e0ca1688db822834ff26d85a7e99,582606f08e9038b9bbbadc596bb4fa861f331ee6bfdb70a5c71433bbcb022860,0,recovered_practice_engine_local,grid_v1,1637.0935060000004,1892.1204309999982,0.0,0.0,816.1210980000014,0.0
476,ae81191373034dee462153d3ffd3d000b7613959f5b70fec1e45105d1051fb29,sha256_new_design,3,P3_current_grid_v1,FULL_CLEAR,user_exit,10,10,1.0,,376.0755319,3760.755319,15443.776599741368,0.4184903999994276,cpu,0,0,10,0,0,105,97,f646560a9ee6ee2255038d24f08d28bed39916b903e10ada4d73d4781204966c,882377059e0b8a67f49381f7f95d1ac869aaa3d8ca3e18937d7105d637a80ae3,582606f08e9038b9bbbadc596bb4fa861f331ee6bfdb70a5c71433bbcb022860,0,recovered_practice_engine_local,grid_v1,1923.6907839999997,1509.1633210000002,0.0,0.0,327.90121399999987,0.0
477,0eb917705b90bf859a7a1a5b137136bd9a3887fcabb85d8b215b268153b59dd7,sha256_new_design,3,P3_current_grid_v1,FULL_CLEAR,user_exit,13,13,1.0,,343.7139952307692,4468.281938,18981.40968693597,0.6547805000009248,cpu,0,0,13,0,0,103,92,f646560a9ee6ee2255038d24f08d28bed39916b903e10ada4d73d4781204966c,6af5ef3ec1f3c9666d12d0a7a6ad5de8a630f9be71afb23ecfffc873ee422043,582606f08e9038b9bbbadc596bb4fa861f331ee6bfdb70a5c71433bbcb022860,0,recovered_practice_engine_local,grid_v1,2049.042584,2127.2960430000007,0.0,0.0,291.9433109999998,9.094947017729282e-13
478,fbdcfc47e45f503fb009841cc8312960faf3c482af98aaf053baca73fb94af5b,sha256_new_design,3,P3_current_grid_v1,FULL_CLEAR,user_exit,14,14,1.0,,312.3959837142857,4373.543772,18472.71886468695,0.6281842999997025,cpu,0,0,14,0,0,103,94,f646560a9ee6ee2255038d24f08d28bed39916b903e10ada4d73d4781204966c,ac365df6df2488b7952a8b66d9ae8137838bb45cf0e821b8bbff8810f1ca3a6b,582606f08e9038b9bbbadc596bb4fa861f331ee6bfdb70a5c71433bbcb022860,0,recovered_practice_engine_local,grid_v1,1686.0275230000004,2357.8294459999993,0.0,0.0,329.686803,9.094947017729282e-13
479,1209549650f27effb9eec29ddebe9a2192881f30f6fec73c73c6a66e1e551503,sha256_new_design,3,P3_current_grid_v1,FULL_CLEAR,user_exit,14,14,1.0,,297.2742707142857,4161.83979,17159.198961693866,0.5488746999999421,cpu,0,0,14,0,0,111,105,f646560a9ee6ee2255038d24f08d28bed39916b903e10ada4d73d4781204966c,10cdfb36743d9faabaa80be94d53739e505860d590d3b6bb87fd311264495c68,582606f08e9038b9bbbadc596bb4fa861f331ee6bfdb70a5c71433bbcb022860,0,recovered_practice_engine_local,grid_v1,1841.5734320000001,1846.0118299999997,0.0,0.0,474.2545280000003,0.0
480,f0a5617934203a26bd9dc6340e3cc2778ee398acbe37de02aadc3cfbe5506f28,sha256_new_design,3,P3_current_grid_v1,FULL_CLEAR,user_exit,12,12,1.0,,323.6143113333333,3883.371736,16161.858682778513,0.5119002000010369,cpu,0,0,12,0,0,100,91,f646560a9ee6ee2255038d24f08d28bed39916b903e10ada4d73d4781204966c,ba438b64e98b7714fa206d26ad2dde33c2bb932c82f8a3f880c5c008a9680726,582606f08e9038b9bbbadc596bb4fa861f331ee6bfdb70a5c71433bbcb022860,0,recovered_practice_engine_local,grid_v1,1647.1711350000003,1806.9488499999998,0.0,0.0,429.2517509999999,0.0
481,c531e34a52676a6555ec55bed4c74ca774f97810de411b10e168c772135d67b1,sha256_new_design,3,P3_current_grid_v1,FULL_CLEAR,user_exit,11,11,1.0,,344.7117020909091,3791.828723,15144.14360974594,0.3462851000003866,cpu,0,0,11,0,0,119,113,f646560a9ee6ee2255038d24f08d28bed39916b903e10ada4d73d4781204966c,31f8583e5df7e920bd136032e0f1d1ebf96fb80332a6a6703ac82cd0d48ba7b9,582606f08e9038b9bbbadc596bb4fa861f331ee6bfdb70a5c71433bbcb022860,0,recovered_practice_engine_local,grid_v1,1999.1590770000003,1072.6671589999999,0.0,0.0,720.002487,4.547473508864641e-13
482,7224685a8afc7f58d90151def84cc6a67dd89dde8f91eb23e2f79ec41b20c647,sha256_new_design,3,P3_current_grid_v1,FULL_CLEAR,user_exit,16,16,1.0,,263.5104608125,4216.167373,17970.83685211234,0.646162799999729,cpu,0,0,16,0,0,92,82,f646560a9ee6ee2255038d24f08d28bed39916b903e10ada4d73d4781204966c,a5b1bbdf918bb4eb67c216d56b16ac2be8cef8ebe53945690ef36bce2568675b,582606f08e9038b9bbbadc596bb4fa861f331ee6bfdb70a5c71433bbcb022860,0,recovered_practice_engine_local,grid_v1,1574.3132819999998,2066.540216,0.0,0.0,575.3138750000006,0.0
483,ad8d2b649db9d9ca88982f24afd56e22db2869689cd0d81196cef372a0b4634f,sha256_new_design,3,P3_current_grid_v1,FULL_CLEAR,user_exit,10,10,1.0,,396.9152548,3969.152548,16270.762742445235,0.4171881999991456,cpu,0,0,10,0,0,112,105,f646560a9ee6ee2255038d24f08d28bed39916b903e10ada4d73d4781204966c,bb66d09d43ba3fbfb1e42a8799902515e9c909757d1867b4dcfbec9c3845d205,582606f08e9038b9bbbadc596bb4fa861f331ee6bfdb70a5c71433bbcb022860,0,recovered_practice_engine_local,grid_v1,2093.116312,1497.0586279999998,0.0,0.0,378.9776080000002,0.0
484,25134d1f899c8aef826fc8705c729fdcd016b7fda0a8c66c6ebfb0a39bbe4d36,sha256_new_design,3,P3_current_grid_v1,FULL_CLEAR,user_exit,12,12,1.0,,286.99984666666666,3443.99816,13369.99080364646,0.44552139999905194,cpu,0,0,12,0,0,119,115,f646560a9ee6ee2255038d24f08d28bed39916b903e10ada4d73d4781204966c,71348d55f0a9be4e8674f31b098f1966ce29621c51e6678f006242fb7933368d,582606f08e9038b9bbbadc596bb4fa861f331ee6bfdb70a5c71433bbcb022860,0,recovered_practice_engine_local,grid_v1,1527.581156,1486.3972129999995,0.0,0.0,430.01979100000074,0.0
485,50897c5a483f0b24d1f1de1c8689938a447cc24e49a039515e99006067b66912,sha256_new_design,3,P3_current_grid_v1,FULL_CLEAR,user_exit,16,16,1.0,,266.8318598125,4269.309757,17961.548782988226,0.5913926999983232,cpu,1,16,20,5,0,99,90,f646560a9ee6ee2255038d24f08d28bed39916b903e10ada4d73d4781204966c,86639a68774bcf7f161c078bc081fac94e264f72ee2021ce0a31323b4983531c,582606f08e9038b9bbbadc596bb4fa861f331ee6bfdb70a5c71433bbcb022860,0,recovered_practice_engine_local,grid_v1,1514.5593569999999,1934.136839,0.0,391.81327999999985,428.80028100000027,0.0
486,63e4a6b913522d8aa946071005ef08e4559968653db91fb8c3752165fccbcc21,sha256_new_design,3,P3_current_grid_v1,FULL_CLEAR,user_exit,12,12,1.0,,250.47872983333332,3005.744758,11303.723805382398,0.3910266999992018,cpu,0,0,12,0,0,115,110,f646560a9ee6ee2255038d24f08d28bed39916b903e10ada4d73d4781204966c,32b0e587d5f2213d102ffa3ba9fa11e32c4244ea0c6f5d01c9d410c40b81360d,582606f08e9038b9bbbadc596bb4fa861f331ee6bfdb70a5c71433bbcb022860,0,recovered_practice_engine_local,grid_v1,1350.363915,1228.8690759999993,0.0,0.0,426.51176700000076,0.0
487,6a7d5da9c14f9ee4b60cf366165ba0f1c4fb8e06b34de0a699a5b478db0e623c,sha256_new_design,3,P3_current_grid_v1,FULL_CLEAR,user_exit,14,14,1.0,,271.81135392857146,3805.358955,15991.79476498166,0.565803199999209,cpu,0,0,14,0,0,91,82,f646560a9ee6ee2255038d24f08d28bed39916b903e10ada4d73d4781204966c,f21e544204ac97c587fa92a74b99935eae6fd7bc1030f076ee3e7479f3160138,582606f08e9038b9bbbadc596bb4fa861f331ee6bfdb70a5c71433bbcb022860,0,recovered_practice_engine_local,grid_v1,1412.8603560000006,1929.5084889999998,0.0,0.0,462.9901099999996,0.0
488,d14b43d782c87f21a8e95cb4646738a707e822bf8afc5a0b8db185ae7bad1e80,sha256_new_design,3,P3_current_grid_v1,FULL_CLEAR,user_exit,13,13,1.0,,303.6871607692308,3947.93309,16514.665463498237,0.5422424000007595,cpu,0,0,13,0,0,98,90,f646560a9ee6ee2255038d24f08d28bed39916b903e10ada4d73d4781204966c,c32a41291e1857c228df083be5332a59fd7744029024161d9504b5f1878b57c5,582606f08e9038b9bbbadc596bb4fa861f331ee6bfdb70a5c71433bbcb022860,0,recovered_practice_engine_local,grid_v1,1384.8238670000005,2108.941427999999,0.0,0.0,454.1677950000005,4.547473508864641e-13
489,f2c03b95efefb2e2eed49ba33ef4ce87e44c0a6dc5f31cc787d57065980f4b78,sha256_new_design,3,P3_current_grid_v1,FULL_CLEAR,user_exit,12,12,1.0,,314.23795316666667,3770.855438,14819.277198307298,0.4761789999993198,cpu,0,0,12,0,0,126,117,f646560a9ee6ee2255038d24f08d28bed39916b903e10ada4d73d4781204966c,3c4c2cfb207d3e3c148872f86761e446077504b0fa55c03fb8114694315166be,582606f08e9038b9bbbadc596bb4fa861f331ee6bfdb70a5c71433bbcb022860,0,recovered_practice_engine_local,grid_v1,1522.7169639999995,1668.9017239999994,0.0,0.0,579.2367500000012,4.547473508864641e-13
490,2cee03bbf706a95ec549a442961f3ee3f3169bb4c987e7b700150c58f1543a33,sha256_new_design,3,P3_current_grid_v1,FULL_CLEAR,user_exit,14,14,1.0,,269.56289499999997,3773.88053,15619.402641886203,0.5507456000013917,cpu,0,0,14,0,0,98,90,f646560a9ee6ee2255038d24f08d28bed39916b903e10ada4d73d4781204966c,f1b9c62e7c050ce663cfc455f38996a7bddd6d4f808178843eeacdf116d5cd23,582606f08e9038b9bbbadc596bb4fa861f331ee6bfdb70a5c71433bbcb022860,0,recovered_practice_engine_local,grid_v1,1727.2412310000004,1536.0255589999997,0.0,0.0,510.61373999999984,0.0
491,57f4a9d89897708a424579f28864446380466f9f80e5ab297571d10a31362c21,sha256_new_design,3,P3_current_grid_v1,FULL_CLEAR,user_exit,14,14,1.0,,299.7154157142857,4196.01582,17965.07910337547,0.513324499999726,cpu,0,0,14,0,0,90,83,f646560a9ee6ee2255038d24f08d28bed39916b903e10ada4d73d4781204966c,6824c93427998625026df93c3ca0b8b999537fe6f680d3906b6169c50aa1fe05,582606f08e9038b9bbbadc596bb4fa861f331ee6bfdb70a5c71433bbcb022860,0,recovered_practice_engine_local,grid_v1,1825.197598,1631.0207239999993,0.0,0.0,739.7974980000004,0.0
492,063ac0a96127347f6e233f31b563382033ab6a7477173dd5e3030ce29ee25af2,sha256_new_design,3,P3_current_grid_v1,FULL_CLEAR,user_exit,11,11,1.0,,346.66659763636363,3813.332574,15516.662850174867,0.4123663000009401,cpu,0,0,11,0,0,110,105,f646560a9ee6ee2255038d24f08d28bed39916b903e10ada4d73d4781204966c,0691b74674c27e8661942a614a0004e765620b350821cf672dac8b92bf67321e,582606f08e9038b9bbbadc596bb4fa861f331ee6bfdb70a5c71433bbcb022860,0,recovered_practice_engine_local,grid_v1,1930.4637039999998,1411.808571,0.0,0.0,471.06029900000016,0.0
493,bab46c38c8723e1d824e64bafa273a4d6914d68593d5c6415ede15adec2eb7d1,sha256_new_design,3,P3_current_grid_v1,FULL_CLEAR,user_exit,10,10,1.0,,330.59316,3305.9316,12649.65799039787,0.38904659999934665,cpu,0,0,10,0,0,122,116,f646560a9ee6ee2255038d24f08d28bed39916b903e10ada4d73d4781204966c,c77863a110c011a09bc9256f9e1cf11197b45b174db0a64a7dbb96a653272365,582606f08e9038b9bbbadc596bb4fa861f331ee6bfdb70a5c71433bbcb022860,0,recovered_practice_engine_local,grid_v1,1881.9303059999997,1177.4337500000001,0.0,0.0,246.56754400000005,0.0
494,5298f9a4ac49a6c68b046b91b577a7214a99106e298797a3b7d57b16c40d546a,sha256_new_design,3,P3_current_grid_v1,FULL_CLEAR,user_exit,10,10,1.0,,346.4226112,3464.226112,13596.130567756796,0.40079340000011143,cpu,0,0,10,0,0,117,110,f646560a9ee6ee2255038d24f08d28bed39916b903e10ada4d73d4781204966c,890b5560dd1a1b75d2ad97627d9867070b67cee548a09cd23a75ab20214cb833,582606f08e9038b9bbbadc596bb4fa861f331ee6bfdb70a5c71433bbcb022860,0,recovered_practice_engine_local,grid_v1,1614.8219950000002,1647.7236090000001,0.0,0.0,201.6805079999993,0.0
495,0938a1f5af1b7f582607dcfd8fe84ac189f33db320ae58b1fa7c02aed557972c,sha256_new_design,3,P3_current_grid_v1,FULL_CLEAR,user_exit,16,16,1.0,,235.4141855,3766.626968,15473.134831755302,0.6155789000004006,cpu,0,0,16,0,0,100,92,f646560a9ee6ee2255038d24f08d28bed39916b903e10ada4d73d4781204966c,c9cd816dcf84cdfa089c875b43261801dedc47c0ecb6dd11ef4bcb426535d4d9,582606f08e9038b9bbbadc596bb4fa861f331ee6bfdb70a5c71433bbcb022860,0,recovered_practice_engine_local,grid_v1,1232.9314989999998,1746.2701929999994,0.0,0.0,787.4252760000008,0.0
496,367353ebd685958da4f68c6f13a822a4a5a1b9e72c0eeb0a41e005671a682022,sha256_new_design,3,P3_current_grid_v1,FULL_CLEAR,user_exit,11,11,1.0,,341.3524812727273,3754.877294,15184.38646211805,0.5030667000009998,cpu,0,0,11,0,0,112,103,f646560a9ee6ee2255038d24f08d28bed39916b903e10ada4d73d4781204966c,265837548f216c494c0c80a6d1f12193ecad0eeb4d2c21be21879c650cb6a45e,582606f08e9038b9bbbadc596bb4fa861f331ee6bfdb70a5c71433bbcb022860,0,recovered_practice_engine_local,grid_v1,1586.036335,1710.1024209999998,0.0,0.0,458.7385380000001,0.0
497,5cf0bb213b4e354e74a299efe0d8caace1cfc1c392e06b38315449d6aa1d907b,sha256_new_design,3,P3_current_grid_v1,FULL_CLEAR,user_exit,12,12,1.0,,300.4945415,3605.934498,14339.672490265006,0.3687976000001072,cpu,0,0,12,0,0,114,108,f646560a9ee6ee2255038d24f08d28bed39916b903e10ada4d73d4781204966c,88d29fa049d27cce0a509e011218c20940d6ecfbef4e0e1caf050af9f1f997d7,582606f08e9038b9bbbadc596bb4fa861f331ee6bfdb70a5c71433bbcb022860,0,recovered_practice_engine_local,grid_v1,1772.042908,1183.7791980000002,0.0,0.0,650.112392,0.0
498,7258c523f1f605f0973ee54e5370de9af0979a8255744b4c375567bb8e17c2c6,sha256_new_design,3,P3_current_grid_v1,FULL_CLEAR,user_exit,13,13,1.0,,319.58739146153846,4154.636089,17283.180448694344,0.44400730000052135,cpu,0,0,13,0,0,106,103,f646560a9ee6ee2255038d24f08d28bed39916b903e10ada4d73d4781204966c,f168010bad8ebebbb334af9b68d1effc3a56e7ec19ab9bf4c9f46fc7bafabc1d,582606f08e9038b9bbbadc596bb4fa861f331ee6bfdb70a5c71433bbcb022860,0,recovered_practice_engine_local,grid_v1,1715.458464,1722.6074989999995,0.0,0.0,716.5701260000001,0.0
499,95c328679ec4bdf0daa834c004274753140d435e688489fe64ab699c702b0a40,sha256_new_design,3,P3_current_grid_v1,FULL_CLEAR,user_exit,14,14,1.0,,278.1190775,3893.667085,15718.335414608564,0.6066746000014973,cpu,0,0,14,0,0,115,105,f646560a9ee6ee2255038d24f08d28bed39916b903e10ada4d73d4781204966c,0dea7abbb37c1f2c224018f0443bd82c71627cdd67c38ca41cddb0db2c97ac1c,582606f08e9038b9bbbadc596bb4fa861f331ee6bfdb70a5c71433bbcb022860,0,recovered_practice_engine_local,grid_v1,1584.3588229999998,1819.1964249999996,0.0,0.0,490.1118370000006,0.0
500,5a5cf3acc8074fa60872d3dff9f421279e99ce0cc31c7f9f1106719cb7c5456e,sha256_new_design,3,P3_current_grid_v1,FULL_CLEAR,user_exit,15,15,1.0,,260.09620906666663,3901.443136,16487.215685183448,0.6497871999999916,cpu,0,0,15,0,0,90,79,f646560a9ee6ee2255038d24f08d28bed39916b903e10ada4d73d4781204966c,4365c106a12cf6bd23d98f75da99419682ac4a84b6bf1a5139facf41f0f00965,582606f08e9038b9bbbadc596bb4fa861f331ee6bfdb70a5c71433bbcb022860,0,recovered_practice_engine_local,grid_v1,1316.3916379999998,2178.7599450000007,0.0,0.0,406.2915529999994,4.547473508864641e-13
501,77c3d037e34aad3f1d93ea048d8c5093bb4ffac8601ba1a27a089d84ad08b5bc,sha256_new_design,3,P3_current_grid_v1,FULL_CLEAR,user_exit,12,12,1.0,,288.03579641666664,3456.429557,13827.147790950048,0.4076194999997824,cpu,0,0,12,0,0,106,101,f646560a9ee6ee2255038d24f08d28bed39916b903e10ada4d73d4781204966c,ce997eccab8ba5799578b5f54b868dba27fcf0de45ab79192c409205bb2f6f85,582606f08e9038b9bbbadc596bb4fa861f331ee6bfdb70a5c71433bbcb022860,0,recovered_practice_engine_local,grid_v1,1475.8097739999996,1452.8469530000002,0.0,0.0,527.7728300000002,0.0
502,95d058eaf4a07566c5810a702e7048502046c121d5dca2159ae05700ffcc17d5,sha256_new_design,3,P3_current_grid_v1,FULL_CLEAR,user_exit,13,13,1.0,,333.3306544615385,4333.298508,18261.492539312454,0.6950480000014068,cpu,0,0,13,0,0,105,91,f646560a9ee6ee2255038d24f08d28bed39916b903e10ada4d73d4781204966c,ed0651197df035001c44941cb31271289d3ee66bba5b6017d90b18feb417d27a,582606f08e9038b9bbbadc596bb4fa861f331ee6bfdb70a5c71433bbcb022860,0,recovered_practice_engine_local,grid_v1,1851.7937969999996,2253.206623,0.0,0.0,228.29808800000023,0.0
503,6e188e08ec9a85085df3db33919a877a112ce36ce6debe471ed961e122357ff6,sha256_new_design,3,P3_current_grid_v1,FULL_CLEAR,user_exit,16,16,1.0,,271.5455494375,4344.728791,17883.643957522054,0.6562967000008939,cpu,0,0,16,0,0,116,108,f646560a9ee6ee2255038d24f08d28bed39916b903e10ada4d73d4781204966c,b59c9aca3e02f3cfe1b3fe4d361f03a6451f26c3b4ea257edf048b705e10160e,582606f08e9038b9bbbadc596bb4fa861f331ee6bfdb70a5c71433bbcb022860,0,recovered_practice_engine_local,grid_v1,1514.1258580000003,2028.539992999999,0.0,0.0,802.0629400000001,0.0
504,41568530290f0b6c97acb1ae1e6ee74b892312b4490626f8841b01a6ce0f7403,sha256_new_design,3,P3_current_grid_v1,FULL_CLEAR,user_exit,10,10,1.0,,372.1672603,3721.672603,15188.363013836291,0.4677780000001803,cpu,0,0,10,0,0,107,99,f646560a9ee6ee2255038d24f08d28bed39916b903e10ada4d73d4781204966c,771f23074a1e2524213614597d01ac6bdde13651199d376066199530ae0dd729,582606f08e9038b9bbbadc596bb4fa861f331ee6bfdb70a5c71433bbcb022860,0,recovered_practice_engine_local,grid_v1,1923.8802869999997,1439.232434,0.0,0.0,358.5598820000003,0.0
505,d23abf901faec2d256bbd3c27fe0ae7c8cea7319e7a3747cd39eb6e3aa5532c2,sha256_new_design,3,P3_current_grid_v1,FULL_CLEAR,user_exit,15,15,1.0,,304.0540523333333,4560.810785,19654.0539247049,0.6034104000009393,cpu,0,0,15,0,0,94,85,f646560a9ee6ee2255038d24f08d28bed39916b903e10ada4d73d4781204966c,ea0e03f7672baf82a0778e42e262d1b27e7123464cb78b853342402493dbfcbf,582606f08e9038b9bbbadc596bb4fa861f331ee6bfdb70a5c71433bbcb022860,0,recovered_practice_engine_local,grid_v1,1752.6837379999997,2259.9158020000004,0.0,0.0,548.2112449999994,0.0
506,5fbf7077a82ab670f6d81d5884165679289a68c4d78c970821d141fa259af7d4,sha256_new_design,3,P3_current_grid_v1,FULL_CLEAR,user_exit,10,10,1.0,,364.8833489,3648.833489,14699.16745375271,0.38589109999884386,cpu,0,0,10,0,0,111,104,f646560a9ee6ee2255038d24f08d28bed39916b903e10ada4d73d4781204966c,b3575a85103e3eb137e5e0587bad98a98cf5df0dff7cb6e684ee7dedfe9cf8ee,582606f08e9038b9bbbadc596bb4fa861f331ee6bfdb70a5c71433bbcb022860,0,recovered_practice_engine_local,grid_v1,1817.0447400000005,1475.4929699999998,0.0,0.0,356.29577899999975,0.0
507,630ec286806f30bfd8db09d3e69ed6253437be4492127fdad5c772956d5db1c2,sha256_new_design,3,P3_current_grid_v1,FULL_CLEAR,user_exit,12,12,1.0,,326.9054895,3922.865874,16139.329373532213,0.4451432999994722,cpu,0,0,12,0,0,107,100,f646560a9ee6ee2255038d24f08d28bed39916b903e10ada4d73d4781204966c,2667c769333a5cc3d8f0d6eb380ab1ca9a58642bc5e9b7813cd18299d7d6d1d8,582606f08e9038b9bbbadc596bb4fa861f331ee6bfdb70a5c71433bbcb022860,0,recovered_practice_engine_local,grid_v1,1793.5749520000002,1626.8402589999996,0.0,0.0,502.4506630000004,0.0
508,ef7a8c739b7aa5382a88b372f12ba1d0e595b348744dc51921aeae1c92d6ac3b,sha256_new_design,3,P3_current_grid_v1,FULL_CLEAR,user_exit,16,16,1.0,,281.7761974375,4508.419159,18932.095793175577,0.6383894000009604,cpu,1,20,19,4,0,107,98,f646560a9ee6ee2255038d24f08d28bed39916b903e10ada4d73d4781204966c,c66c5aec5691bf6e1a7834d365de0fe048ef653b95577b49a6ebdd6b27dba8f1,582606f08e9038b9bbbadc596bb4fa861f331ee6bfdb70a5c71433bbcb022860,0,recovered_practice_engine_local,grid_v1,1677.2761469999996,1914.11798,0.0,423.3496719999998,493.67536000000064,0.0
509,134aed5a60d162e0a44cc60ff1902c60748a06da173266ae2373c77d5a566949,sha256_new_design,3,P3_current_grid_v1,FULL_CLEAR,user_exit,16,16,1.0,,293.845699125,4701.531186,19697.65592938328,0.5545782999997755,cpu,1,16,21,6,0,112,107,f646560a9ee6ee2255038d24f08d28bed39916b903e10ada4d73d4781204966c,809707b23934a7a60d16840468790f9079b6395f90ba5449523a0695e4f84dcc,582606f08e9038b9bbbadc596bb4fa861f331ee6bfdb70a5c71433bbcb022860,0,recovered_practice_engine_local,grid_v1,1998.9134330000009,1627.282708999999,0.0,244.09584300000006,831.2392010000003,0.0
510,36595ad7e46dcef50cf82306d706cd1812bd37bda70399ed9ef90e6a771198ed,sha256_new_design,3,P3_current_grid_v1,FULL_CLEAR,user_exit,14,14,1.0,,280.8742295,3932.239213,16356.196064116157,0.5179993000019749,cpu,0,0,14,0,0,100,91,f646560a9ee6ee2255038d24f08d28bed39916b903e10ada4d73d4781204966c,5443d1849ddc7cc86008359a817fe9d6fd821836d4e31c6f27a54b7f0b66de1d,582606f08e9038b9bbbadc596bb4fa861f331ee6bfdb70a5c71433bbcb022860,0,recovered_practice_engine_local,grid_v1,1960.4333319999998,1601.3307360000001,0.0,0.0,370.4751449999998,0.0
511,73e99f885f319b22288e61fcd01c2f9ffc63da417148bec060528a349e8ad970,sha256_new_design,3,P3_current_grid_v1,FULL_CLEAR,user_exit,10,10,1.0,,431.6915112,4316.915112,17944.575556384112,0.3456390999999712,cpu,0,0,10,0,0,114,108,f646560a9ee6ee2255038d24f08d28bed39916b903e10ada4d73d4781204966c,7cd214685a330d973243d562b4b8d21ab09715d4a778867adee07ff241247673,582606f08e9038b9bbbadc596bb4fa861f331ee6bfdb70a5c71433bbcb022860,0,recovered_practice_engine_local,grid_v1,2277.7835729999997,1689.2015340000003,0.0,0.0,349.930005,0.0
512,8af0a42635f78c5274b6dc77aeecef8c5c57916e07bed89355d084df35833266,sha256_new_design,3,P3_current_grid_v1,FULL_CLEAR,user_exit,15,15,1.0,,332.0637109333333,4980.955664,21499.778308852034,0.553637199998775,cpu,1,15,22,8,0,99,90,f646560a9ee6ee2255038d24f08d28bed39916b903e10ada4d73d4781204966c,e6ad63f88ce2c3ae886fa23c17a725f3997ad9675d72ace9e08093fab78fa574,582606f08e9038b9bbbadc596bb4fa861f331ee6bfdb70a5c71433bbcb022860,0,recovered_practice_engine_local,grid_v1,1879.8834299999994,2125.661678,0.0,513.2044880000003,462.20606800000024,0.0
513,d8f918d93ae1d7d819119c9ac29dd44f2c82ba203907c9832ba65e9cc0b20926,sha256_new_design,3,P3_current_grid_v1,FULL_CLEAR,user_exit,15,15,1.0,,269.62960826666665,4044.444124,16872.22062624823,0.4802306999990833,cpu,0,0,15,0,0,100,95,f646560a9ee6ee2255038d24f08d28bed39916b903e10ada4d73d4781204966c,b1baf261c17da3664058d67cc4e54d703e918572c18fe8e9e601e02c0a8df793,582606f08e9038b9bbbadc596bb4fa861f331ee6bfdb70a5c71433bbcb022860,0,recovered_practice_engine_local,grid_v1,1849.380545,1562.3884740000003,0.0,0.0,632.6751049999998,0.0
514,d87dfc4a31a2d6f2574690e862365eff8fe7bcbe0ed7ccfc838e6ec60e3b95c6,sha256_new_design,3,P3_current_grid_v1,FULL_CLEAR,user_exit,11,11,1.0,,359.5948118181818,3955.54293,16007.714650889646,0.29562300000179675,cpu,1,12,14,4,0,116,110,f646560a9ee6ee2255038d24f08d28bed39916b903e10ada4d73d4781204966c,336f98983618ab597f1cd4cb7580bf7c525683c327fdd22fefbfbb5cd5a98f81,582606f08e9038b9bbbadc596bb4fa861f331ee6bfdb70a5c71433bbcb022860,0,recovered_practice_engine_local,grid_v1,1646.605392,1124.3165370000008,0.0,553.4177530000002,631.2032479999992,4.547473508864641e-13
515,2a454cb146a2b115149a5e5ee930db53582656f6ddad0c577133781bd8aa73bc,sha256_new_design,3,P3_current_grid_v1,FULL_CLEAR,user_exit,13,13,1.0,,314.00015576923073,4082.002025,16715.010118999617,0.5576191000000108,cpu,0,0,13,0,0,114,104,f646560a9ee6ee2255038d24f08d28bed39916b903e10ada4d73d4781204966c,ee10ff52976935a3d83d831e54309d05ac5684af168fc9e0455041d8fa095587,582606f08e9038b9bbbadc596bb4fa861f331ee6bfdb70a5c71433bbcb022860,0,recovered_practice_engine_local,grid_v1,1415.9634239999998,2260.1674350000008,0.0,0.0,405.8711659999994,4.547473508864641e-13
516,96fc4ff5fc1f7ce678072fcefaeed5f9b9bed70b0518453734b25932bdebc485,sha256_new_design,3,P3_current_grid_v1,FULL_CLEAR,user_exit,12,12,1.0,,350.3733375833333,4204.480051,17342.400245605895,0.4134025000021211,cpu,0,0,12,0,0,114,106,f646560a9ee6ee2255038d24f08d28bed39916b903e10ada4d73d4781204966c,71ae457c0c780a2aad01bbca65fd56001da28e4241547464e25175b2f549a681,582606f08e9038b9bbbadc596bb4fa861f331ee6bfdb70a5c71433bbcb022860,0,recovered_practice_engine_local,grid_v1,2087.9248629999997,1659.7266280000003,0.0,0.0,456.8285599999997,0.0
517,a9934e06c97aa00044d68f0c29faa2128823610bee177268bb1bf64fd003ae14,sha256_new_design,3,P3_current_grid_v1,FULL_CLEAR,user_exit,15,15,1.0,,283.9520893333333,4259.28134,18226.406698454022,0.5268475999982911,cpu,0,0,15,0,0,91,84,f646560a9ee6ee2255038d24f08d28bed39916b903e10ada4d73d4781204966c,8f7f9d2b9286cc71cb892531a3b1ca5bab7676bbe0d02f8dbbb8b9846d1095f9,582606f08e9038b9bbbadc596bb4fa861f331ee6bfdb70a5c71433bbcb022860,0,recovered_practice_engine_local,grid_v1,1745.1375949999997,2043.4632650000005,0.0,0.0,470.6804799999993,0.0
518,b31d2f6ecf0c7b9f340ec3f739320e8f6e36a50ec3be20b6c5e6f20ca441f1f3,supplied_all_directional_fixture,3,P3_current_grid_v1,FULL_CLEAR,user_exit,13,13,1.0,,302.5591196923077,3933.268556,16391.34278420285,0.37744080000265967,cpu,1,16,17,5,0,97,93,f646560a9ee6ee2255038d24f08d28bed39916b903e10ada4d73d4781204966c,58227c21fd887f5b0540b0fd0a6ad46c1a28a6ed41dd408af165ecdd29e20328,582606f08e9038b9bbbadc596bb4fa861f331ee6bfdb70a5c71433bbcb022860,0,recovered_practice_engine_local,grid_v1,1837.4441930000003,1179.418201,0.0,383.6518930000002,532.7542689999996,0.0
